#include "boot_logo.h"

const uint16_t g_boot_logo_rgb565[BOOT_LOGO_WIDTH * BOOT_LOGO_HEIGHT] = {
    0x0000, 0x0000, 0x0000, 0x0000, 0x0000, 0x0000, 0x0000, 0x0000, 0x0000, 0x0000, 0x0000, 0x0000,
    0x0000, 0x0000, 0x0000, 0x0000, 0x0000, 0x0000, 0x0000, 0x0000, 0x0000, 0x0000, 0x0000, 0x0000,
    0x0000, 0x0000, 0x0000, 0x0000, 0x0000, 0x0000, 0x0000, 0x0000, 0x0000, 0x0000, 0x0000, 0x0000,
    0x0000, 0x0000, 0x0000, 0x0000, 0x0000, 0x0000, 0x0000, 0x0000, 0x0000, 0x0000, 0x0000, 0x0000,
    0x0000, 0x0000, 0x0000, 0x0000, 0x0000, 0x0000, 0x0000, 0x0000, 0x0000, 0x0000, 0x0000, 0x0000,
    0x0000, 0x0000, 0x0000, 0x0000, 0x0000, 0x0000, 0x0000, 0x0000, 0x0000, 0x0000, 0x0000, 0x0000,
    0x0000, 0x0000, 0x0000, 0x0000, 0x0000, 0x0000, 0x0000, 0x0000, 0x0000, 0x0000, 0x0000, 0x0000,
    0x0000, 0x0000, 0x0000, 0x0000, 0x0000, 0x0000, 0x0000, 0x0000, 0x0000, 0x0000, 0x0000, 0x0000,
    0x0000, 0x0000, 0x0000, 0x0000, 0x0000, 0x0000, 0x0000, 0x0000, 0x0000, 0x0000, 0x0000, 0x0000,
    0x0000, 0x0000, 0x0000, 0x0000, 0x0000, 0x0000, 0x0000, 0x0000, 0x0000, 0x0000, 0x0000, 0x0000,
    0x0000, 0x0000, 0x0000, 0x0000, 0x0000, 0x0000, 0x0000, 0x0000, 0x0000, 0x0000, 0x0000, 0x0000,
    0x0000, 0x0000, 0x0000, 0x0000, 0x0000, 0x0000, 0x0000, 0x0000, 0x0000, 0x0000, 0x0000, 0x0000,
    0x0000, 0x0000, 0x0000, 0x0000, 0x0000, 0x0000, 0x0000, 0x0000, 0x0000, 0x0000, 0x0000, 0x0000,
    0x0000, 0x0000, 0x0000, 0x0000, 0x0000, 0x0000, 0x0000, 0x0000, 0x0000, 0x0000, 0x0000, 0x0000,
    0x0000, 0x0000, 0x0000, 0x0000, 0x0000, 0x0000, 0x0000, 0x0000, 0x0000, 0x0000, 0x0000, 0x0000,
    0x0000, 0x0000, 0x0000, 0x0000, 0x0000, 0x0000, 0x0000, 0x0000, 0x0000, 0x0000, 0x0000, 0x0000,
    0x0000, 0x0000, 0x0000, 0x0000, 0x0000, 0x0000, 0x0000, 0x0000, 0x0000, 0x0000, 0x0000, 0x0000,
    0x0000, 0x0000, 0x0000, 0x0000, 0x0000, 0x0000, 0x0000, 0x0000, 0x0000, 0x0000, 0x0000, 0x0000,
    0x0000, 0x0000, 0x0000, 0x0000, 0x0000, 0x0000, 0x0000, 0x0000, 0x0000, 0x0000, 0x0000, 0x0000,
    0x0000, 0x0000, 0x0000, 0x0000, 0x0000, 0x0000, 0x0000, 0x0000, 0x0000, 0x0000, 0x0000, 0x0000,
    0x0000, 0x0000, 0x0000, 0x0000, 0x0000, 0x0000, 0x0000, 0x0000, 0x0000, 0x0000, 0x0000, 0x0000,
    0x0000, 0x0000, 0x0000, 0x0000, 0x0000, 0x0000, 0x0000, 0x0000, 0x0000, 0x0000, 0x0000, 0x0000,
    0x0000, 0x0000, 0x0000, 0x0000, 0x0000, 0x0000, 0x0000, 0x0000, 0x0000, 0x0000, 0x0000, 0x0000,
    0x0000, 0x0000, 0x0000, 0x0000, 0x0000, 0x0000, 0x0000, 0x0000, 0x0000, 0x0000, 0x0000, 0x0000,
    0x0000, 0x0000, 0x0000, 0x0000, 0x0000, 0x0000, 0x0000, 0x0000, 0x0000, 0x0000, 0x0000, 0x0000,
    0x0000, 0x0000, 0x0000, 0x0000, 0x0000, 0x0000, 0x0000, 0x0000, 0x0000, 0x0000, 0x0000, 0x0000,
    0x0000, 0x0000, 0x0000, 0x0000, 0x0000, 0x0000, 0x0000, 0x0000, 0x0000, 0x0000, 0x0000, 0x0000,
    0x0000, 0x0000, 0x0000, 0x0000, 0x0000, 0x0000, 0x0000, 0x0000, 0x0000, 0x0000, 0x0000, 0x0000,
    0x0000, 0x0000, 0x0000, 0x0000, 0x0000, 0x0000, 0x0000, 0x0000, 0x0000, 0x0000, 0x0000, 0x0000,
    0x0000, 0x0000, 0x0000, 0x0000, 0x0000, 0x0000, 0x0000, 0x0000, 0x0000, 0x0000, 0x0000, 0x0000,
    0x0000, 0x0000, 0x0000, 0x0841, 0x1881, 0x20C2, 0x2902, 0x3143, 0x3984, 0x49C4, 0x49E4, 0x51E4,
    0x51E4, 0x51E5, 0x51E5, 0x49C4, 0x4184, 0x3963, 0x3123, 0x20E2, 0x1881, 0x0840, 0x0000, 0x0000,
    0x0000, 0x0000, 0x0000, 0x0000, 0x0000, 0x0000, 0x0000, 0x0000, 0x0000, 0x0000, 0x0000, 0x0000,
    0x0000, 0x0000, 0x0000, 0x0000, 0x0000, 0x0000, 0x0000, 0x0000, 0x0000, 0x0000, 0x0000, 0x0000,
    0x0000, 0x0000, 0x0000, 0x0000, 0x0000, 0x0000, 0x0000, 0x0000, 0x0000, 0x0000, 0x0000, 0x0000,
    0x0000, 0x0000, 0x0000, 0x0000, 0x0000, 0x0000, 0x0000, 0x0000, 0x0000, 0x0000, 0x0000, 0x0000,
    0x0000, 0x0000, 0x0000, 0x0000, 0x0000, 0x0000, 0x0000, 0x0000, 0x0000, 0x0000, 0x0000, 0x0000,
    0x0000, 0x0000, 0x0000, 0x0000, 0x0000, 0x0000, 0x0000, 0x0000, 0x0000, 0x0000, 0x0000, 0x0000,
    0x0000, 0x0000, 0x0000, 0x0000, 0x0000, 0x0000, 0x0000, 0x0000, 0x0000, 0x0000, 0x0000, 0x0000,
    0x0000, 0x0000, 0x0000, 0x0000, 0x0000, 0x0000, 0x0000, 0x0000, 0x0000, 0x0000, 0x0000, 0x0000,
    0x0000, 0x0000, 0x0000, 0x0000, 0x0000, 0x0000, 0x0000, 0x0000, 0x0000, 0x0000, 0x0000, 0x0000,
    0x0000, 0x0000, 0x0000, 0x0000, 0x0000, 0x0000, 0x0000, 0x0000, 0x0000, 0x0000, 0x0000, 0x0000,
    0x0000, 0x0000, 0x0000, 0x0000, 0x0000, 0x0000, 0x0000, 0x0000, 0x0000, 0x0000, 0x0000, 0x0000,
    0x0000, 0x0000, 0x0000, 0x0000, 0x0000, 0x0000, 0x0000, 0x0000, 0x0000, 0x0000, 0x0000, 0x0000,
    0x0000, 0x0000, 0x0000, 0x0000, 0x0000, 0x0000, 0x0000, 0x0000, 0x0000, 0x0000, 0x0000, 0x0000,
    0x0000, 0x0000, 0x0000, 0x0000, 0x0000, 0x0000, 0x0000, 0x0000, 0x0000, 0x0000, 0x0000, 0x0000,
    0x0000, 0x0000, 0x0000, 0x0000, 0x0000, 0x0000, 0x0000, 0x0000, 0x0000, 0x0000, 0x0000, 0x0000,
    0x0000, 0x0000, 0x0000, 0x0000, 0x0000, 0x0000, 0x0000, 0x0000, 0x0000, 0x0000, 0x0000, 0x0000,
    0x0000, 0x0000, 0x0000, 0x0000, 0x0000, 0x0000, 0x0000, 0x0000, 0x0000, 0x0000, 0x0000, 0x0000,
    0x0000, 0x0000, 0x0000, 0x0000, 0x0000, 0x0000, 0x0000, 0x0000, 0x0000, 0x0000, 0x0000, 0x0000,
    0x0000, 0x0000, 0x0000, 0x1081, 0x2923, 0x49E4, 0x6A86, 0x8328, 0xA3C9, 0xBC6B, 0xCCEC, 0xE54D,
    0xED8D, 0xF5AE, 0xFDCE, 0xFE0F, 0xFE2F, 0xFE50, 0xFE50, 0xFE50, 0xFE50, 0xFE50, 0xFE50, 0xFE30,
    0xFE0F, 0xFE0F, 0xFDEF, 0xF5CE, 0xED8E, 0xDD4D, 0xD4EC, 0xBC6B, 0xA3C9, 0x8328, 0x6266, 0x49A4,
    0x28E2, 0x1061, 0x0000, 0x0000, 0x0000, 0x0000, 0x0000, 0x0000, 0x0000, 0x0000, 0x0000, 0x0000,
    0x0000, 0x0000, 0x0000, 0x0000, 0x0000, 0x0000, 0x0000, 0x0000, 0x0000, 0x0000, 0x0000, 0x0000,
    0x0000, 0x0000, 0x0000, 0x0000, 0x0000, 0x0000, 0x0000, 0x0000, 0x0000, 0x0000, 0x0000, 0x0000,
    0x0000, 0x0000, 0x0000, 0x0000, 0x0000, 0x0000, 0x0000, 0x0000, 0x0000, 0x0000, 0x0000, 0x0000,
    0x0000, 0x0000, 0x0000, 0x0000, 0x0000, 0x0000, 0x0000, 0x0000, 0x0000, 0x0000, 0x0000, 0x0000,
    0x0000, 0x0000, 0x0000, 0x0000, 0x0000, 0x0000, 0x0000, 0x0000, 0x0000, 0x0000, 0x0000, 0x0000,
    0x0000, 0x0000, 0x0000, 0x0000, 0x0000, 0x0000, 0x0000, 0x0000, 0x0000, 0x0000, 0x0000, 0x0000,
    0x0000, 0x0000, 0x0000, 0x0000, 0x0000, 0x0000, 0x0000, 0x0000, 0x0000, 0x0000, 0x0000, 0x0000,
    0x0000, 0x0000, 0x0000, 0x0000, 0x0000, 0x0000, 0x0000, 0x0000, 0x0000, 0x0000, 0x0000, 0x0000,
    0x0000, 0x0000, 0x0000, 0x0000, 0x0000, 0x0000, 0x0000, 0x0000, 0x0000, 0x0000, 0x0000, 0x0000,
    0x0000, 0x0000, 0x0000, 0x0000, 0x0000, 0x0000, 0x0000, 0x0000, 0x0000, 0x0000, 0x0000, 0x0000,
    0x0000, 0x0000, 0x0000, 0x0000, 0x0000, 0x0000, 0x0000, 0x0000, 0x0000, 0x0000, 0x0000, 0x0000,
    0x0000, 0x0000, 0x0000, 0x0000, 0x0000, 0x0000, 0x0000, 0x0000, 0x0000, 0x0000, 0x0000, 0x0000,
    0x0000, 0x0000, 0x0000, 0x0000, 0x0000, 0x0000, 0x0000, 0x0000, 0x0000, 0x0000, 0x0000, 0x0000,
    0x0000, 0x0000, 0x0000, 0x0000, 0x0000, 0x0000, 0x0000, 0x0000, 0x0000, 0x0000, 0x0000, 0x0000,
    0x0000, 0x0000, 0x0000, 0x0000, 0x0000, 0x0000, 0x0000, 0x0000, 0x0000, 0x0000, 0x0000, 0x0000,
    0x0000, 0x0000, 0x0000, 0x0000, 0x0000, 0x0000, 0x0000, 0x0000, 0x0000, 0x0000, 0x0000, 0x0000,
    0x0000, 0x0000, 0x0000, 0x0000, 0x0000, 0x1061, 0x3143, 0x5225, 0x8328, 0xAC2A, 0xCCEC, 0xE58E,
    0xFDEE, 0xFE2F, 0xFE50, 0xFE71, 0xFE71, 0xFE71, 0xFE72, 0xFE73, 0xFE73, 0xFE73, 0xFE94, 0xFE94,
    0xFE94, 0xF694, 0xF694, 0xF694, 0xF695, 0xF695, 0xF694, 0xF694, 0xFE94, 0xFE94, 0xFE74, 0xFE73,
    0xFE73, 0xFE93, 0xFE72, 0xFE72, 0xFE71, 0xFE51, 0xFE50, 0xFE0F, 0xF5CF, 0xE54D, 0xCCCC, 0xAC0A,
    0x7AE7, 0x49C4, 0x2902, 0x0840, 0x0000, 0x0000, 0x0000, 0x0000, 0x0000, 0x0000, 0x0000, 0x0000,
    0x0000, 0x0000, 0x0000, 0x0000, 0x0000, 0x0000, 0x0000, 0x0000, 0x0000, 0x0000, 0x0000, 0x0000,
    0x0000, 0x0000, 0x0000, 0x0000, 0x0000, 0x0000, 0x0000, 0x0000, 0x0000, 0x0000, 0x0000, 0x0000,
    0x0000, 0x0000, 0x0000, 0x0000, 0x0000, 0x0000, 0x0000, 0x0000, 0x0000, 0x0000, 0x0000, 0x0000,
    0x0000, 0x0000, 0x0000, 0x0000, 0x0000, 0x0000, 0x0000, 0x0000, 0x0000, 0x0000, 0x0000, 0x0000,
    0x0000, 0x0000, 0x0000, 0x0000, 0x0000, 0x0000, 0x0000, 0x0000, 0x0000, 0x0000, 0x0000, 0x0000,
    0x0000, 0x0000, 0x0000, 0x0000, 0x0000, 0x0000, 0x0000, 0x0000, 0x0000, 0x0000, 0x0000, 0x0000,
    0x0000, 0x0000, 0x0000, 0x0000, 0x0000, 0x0000, 0x0000, 0x0000, 0x0000, 0x0000, 0x0000, 0x0000,
    0x0000, 0x0000, 0x0000, 0x0000, 0x0000, 0x0000, 0x0000, 0x0000, 0x0000, 0x0000, 0x0000, 0x0000,
    0x0000, 0x0000, 0x0000, 0x0000, 0x0000, 0x0000, 0x0000, 0x0000, 0x0000, 0x0000, 0x0000, 0x0000,
    0x0000, 0x0000, 0x0000, 0x0000, 0x0000, 0x0000, 0x0000, 0x0000, 0x0000, 0x0000, 0x0000, 0x0000,
    0x0000, 0x0000, 0x0000, 0x0000, 0x0000, 0x0000, 0x0000, 0x0000, 0x0000, 0x0000, 0x0000, 0x0000,
    0x0000, 0x0000, 0x0000, 0x0000, 0x0000, 0x0000, 0x0000, 0x0000, 0x0000, 0x0000, 0x0000, 0x0000,
    0x0000, 0x0000, 0x0000, 0x0000, 0x0000, 0x0000, 0x0000, 0x0000, 0x0000, 0x0000, 0x0000, 0x0000,
    0x0000, 0x0000, 0x0000, 0x0000, 0x0000, 0x0000, 0x0000, 0x0000, 0x0000, 0x0000, 0x0000, 0x0000,
    0x0000, 0x0000, 0x0000, 0x0000, 0x0000, 0x0000, 0x0000, 0x0000, 0x0000, 0x0000, 0x0000, 0x0000,
    0x0000, 0x0000, 0x0000, 0x0000, 0x0000, 0x0000, 0x0000, 0x0000, 0x0000, 0x18A1, 0x51E5, 0x8B48,
    0xBC8B, 0xE58E, 0xFE0F, 0xFE50, 0xFE71, 0xFE92, 0xFE92, 0xFE93, 0xFE73, 0xF674, 0xF695, 0xF6B6,
    0xF6B6, 0xF6B6, 0xF6D6, 0xF6D6, 0xFEB6, 0xFEB6, 0xFEB6, 0xFEB6, 0xFEB6, 0xFE96, 0xFE96, 0xFE96,
    0xFE96, 0xFE96, 0xFE96, 0xFE96, 0xFEB6, 0xFEB6, 0xFEB6, 0xFEB6, 0xFEB6, 0xFEB6, 0xFEB6, 0xF6B6,
    0xF6B6, 0xF6B6, 0xF695, 0xF674, 0xFE73, 0xFE73, 0xFE72, 0xFE71, 0xFE50, 0xFE2F, 0xF5CE, 0xDD4D,
    0xB44A, 0x8328, 0x49C4, 0x1081, 0x0000, 0x0000, 0x0000, 0x0000, 0x0000, 0x0000, 0x0000, 0x0000,
    0x0000, 0x0000, 0x0000, 0x0000, 0x0000, 0x0000, 0x0000, 0x0000, 0x0000, 0x0000, 0x0000, 0x0000,
    0x0000, 0x0000, 0x0000, 0x0000, 0x0000, 0x0000, 0x0000, 0x0000, 0x0000, 0x0000, 0x0000, 0x0000,
    0x0000, 0x0000, 0x0000, 0x0000, 0x0000, 0x0000, 0x0000, 0x0000, 0x0000, 0x0000, 0x0000, 0x0000,
    0x0000, 0x0000, 0x0000, 0x0000, 0x0000, 0x0000, 0x0000, 0x0000, 0x0000, 0x0000, 0x0000, 0x0000,
    0x0000, 0x0000, 0x0000, 0x0000, 0x0000, 0x0000, 0x0000, 0x0000, 0x0000, 0x0000, 0x0000, 0x0000,
    0x0000, 0x0000, 0x0000, 0x0000, 0x0000, 0x0000, 0x0000, 0x0000, 0x0000, 0x0000, 0x0000, 0x0000,
    0x0000, 0x0000, 0x0000, 0x0000, 0x0000, 0x0000, 0x0000, 0x0000, 0x0000, 0x0000, 0x0000, 0x0000,
    0x0000, 0x0000, 0x0000, 0x0000, 0x0000, 0x0000, 0x0000, 0x0000, 0x0000, 0x0000, 0x0000, 0x0000,
    0x0000, 0x0000, 0x0000, 0x0000, 0x0000, 0x0000, 0x0000, 0x0000, 0x0000, 0x0000, 0x0000, 0x0000,
    0x0000, 0x0000, 0x0000, 0x0000, 0x0000, 0x0000, 0x0000, 0x0000, 0x0000, 0x0000, 0x0000, 0x0000,
    0x0000, 0x0000, 0x0000, 0x0000, 0x0000, 0x0000, 0x0000, 0x0000, 0x0000, 0x0000, 0x0000, 0x0000,
    0x0000, 0x0000, 0x0000, 0x0000, 0x0000, 0x0000, 0x0000, 0x0000, 0x0000, 0x0000, 0x0000, 0x0000,
    0x0000, 0x0000, 0x0000, 0x0000, 0x0000, 0x0000, 0x0000, 0x0000, 0x0000, 0x0000, 0x0000, 0x0000,
    0x0000, 0x0000, 0x0000, 0x0000, 0x0000, 0x0000, 0x0000, 0x0000, 0x0000, 0x0000, 0x0000, 0x0000,
    0x0000, 0x0000, 0x0000, 0x0000, 0x0000, 0x0000, 0x0000, 0x0000, 0x0000, 0x0000, 0x0000, 0x0000,
    0x0000, 0x18C2, 0x51E5, 0x8B68, 0xC4AB, 0xEDAE, 0xFE2F, 0xFE70, 0xFE72, 0xFE93, 0xFE94, 0xF6B5,
    0xF6B6, 0xF6B6, 0xF6D6, 0xFED7, 0xFEB6, 0xFEB6, 0xFEB6, 0xFE95, 0xFE95, 0xFE75, 0xFE75, 0xFE74,
    0xFE75, 0xFE74, 0xFE74, 0xF674, 0xF674, 0xF654, 0xF654, 0xF654, 0xF654, 0xF654, 0xF654, 0xF654,
    0xF654, 0xF654, 0xF654, 0xF654, 0xF674, 0xF675, 0xF675, 0xFE75, 0xFE75, 0xFE95, 0xFE95, 0xFE96,
    0xFEB6, 0xFEB6, 0xF6B6, 0xF6B5, 0xF695, 0xF674, 0xFE53, 0xFE52, 0xFE51, 0xFE50, 0xFE0F, 0xE56D,
    0xBC6B, 0x8328, 0x4184, 0x0841, 0x0000, 0x0000, 0x0000, 0x0000, 0x0000, 0x0000, 0x0000, 0x0000,
    0x0000, 0x0000, 0x0000, 0x0000, 0x0000, 0x0000, 0x0000, 0x0000, 0x0000, 0x0000, 0x0000, 0x0000,
    0x0000, 0x0000, 0x0000, 0x0000, 0x0000, 0x0000, 0x0000, 0x0000, 0x0000, 0x0000, 0x0000, 0x0000,
    0x0000, 0x0000, 0x0000, 0x0000, 0x0000, 0x0000, 0x0000, 0x0000, 0x0000, 0x0000, 0x0000, 0x0000,
    0x0000, 0x0000, 0x0000, 0x0000, 0x0000, 0x0000, 0x0000, 0x0000, 0x0000, 0x0000, 0x0000, 0x0000,
    0x0000, 0x0000, 0x0000, 0x0000, 0x0000, 0x0000, 0x0000, 0x0000, 0x0000, 0x0000, 0x0000, 0x0000,
    0x0000, 0x0000, 0x0000, 0x0000, 0x0000, 0x0000, 0x0000, 0x0000, 0x0000, 0x0000, 0x0000, 0x0000,
    0x0000, 0x0000, 0x0000, 0x0000, 0x0000, 0x0000, 0x0000, 0x0000, 0x0000, 0x0000, 0x0000, 0x0000,
    0x0000, 0x0000, 0x0000, 0x0000, 0x0000, 0x0000, 0x0000, 0x0000, 0x0000, 0x0000, 0x0000, 0x0000,
    0x0000, 0x0000, 0x0000, 0x0000, 0x0000, 0x0000, 0x0000, 0x0000, 0x0000, 0x0000, 0x0000, 0x0000,
    0x0000, 0x0000, 0x0000, 0x0000, 0x0000, 0x0000, 0x0000, 0x0000, 0x0000, 0x0000, 0x0000, 0x0000,
    0x0000, 0x0000, 0x0000, 0x0000, 0x0000, 0x0000, 0x0000, 0x0000, 0x0000, 0x0000, 0x0000, 0x0000,
    0x0000, 0x0000, 0x0000, 0x0000, 0x0000, 0x0000, 0x0000, 0x0000, 0x0000, 0x0000, 0x0000, 0x0000,
    0x0000, 0x0000, 0x0000, 0x0000, 0x0000, 0x0000, 0x0000, 0x0000, 0x0000, 0x0000, 0x0000, 0x0000,
    0x0000, 0x0000, 0x0000, 0x0000, 0x0000, 0x0000, 0x0000, 0x0000, 0x0000, 0x0000, 0x0000, 0x0000,
    0x0000, 0x0000, 0x0000, 0x0000, 0x0000, 0x0020, 0x3963, 0x8328, 0xC4AB, 0xED8E, 0xFE2F, 0xFE71,
    0xFE72, 0xFE73, 0xF694, 0xF6B5, 0xF6D6, 0xFED7, 0xFED6, 0xFEB6, 0xFE95, 0xFE95, 0xFE75, 0xFE75,
    0xFE75, 0xF674, 0xF674, 0xF674, 0xF654, 0xF654, 0xF654, 0xF654, 0xF654, 0xF654, 0xF654, 0xF654,
    0xF633, 0xF633, 0xF633, 0xF634, 0xF634, 0xF633, 0xF633, 0xF634, 0xF634, 0xF634, 0xF634, 0xF634,
    0xF634, 0xF634, 0xF654, 0xF654, 0xF654, 0xF654, 0xF654, 0xF654, 0xF674, 0xF654, 0xF674, 0xFE75,
    0xFE75, 0xFE95, 0xFEB6, 0xFEB6, 0xF6B5, 0xF695, 0xF674, 0xFE52, 0xFE51, 0xFE50, 0xFE0F, 0xDD2D,
    0xAC0A, 0x6A86, 0x28E2, 0x0000, 0x0000, 0x0000, 0x0000, 0x0000, 0x0000, 0x0000, 0x0000, 0x0000,
    0x0000, 0x0000, 0x0000, 0x0000, 0x0000, 0x0000, 0x0000, 0x0000, 0x0000, 0x0000, 0x0000, 0x0000,
    0x0000, 0x0000, 0x0000, 0x0000, 0x0000, 0x0000, 0x0000, 0x0000, 0x0000, 0x0000, 0x0000, 0x0000,
    0x0000, 0x0000, 0x0000, 0x0000, 0x0000, 0x0000, 0x0000, 0x0000, 0x0000, 0x0000, 0x0000, 0x0000,
    0x0000, 0x0000, 0x0000, 0x0000, 0x0000, 0x0000, 0x0000, 0x0000, 0x0000, 0x0000, 0x0000, 0x0000,
    0x0000, 0x0000, 0x0000, 0x0000, 0x0000, 0x0000, 0x0000, 0x0000, 0x0000, 0x0000, 0x0000, 0x0000,
    0x0000, 0x0000, 0x0000, 0x0000, 0x0000, 0x0000, 0x0000, 0x0000, 0x0000, 0x0000, 0x0000, 0x0000,
    0x0000, 0x0000, 0x0000, 0x0000, 0x0000, 0x0000, 0x0000, 0x0000, 0x0000, 0x0000, 0x0000, 0x0000,
    0x0000, 0x0000, 0x0000, 0x0000, 0x0000, 0x0000, 0x0000, 0x0000, 0x0000, 0x0000, 0x0000, 0x0000,
    0x0000, 0x0000, 0x0000, 0x0000, 0x0000, 0x0000, 0x0000, 0x0000, 0x0000, 0x0000, 0x0000, 0x0000,
    0x0000, 0x0000, 0x0000, 0x0000, 0x0000, 0x0000, 0x0000, 0x0000, 0x0000, 0x0000, 0x0000, 0x0000,
    0x0000, 0x0000, 0x0000, 0x0000, 0x0000, 0x0000, 0x0000, 0x0000, 0x0000, 0x0000, 0x0000, 0x0000,
    0x0000, 0x0000, 0x0000, 0x0000, 0x0000, 0x0000, 0x0000, 0x0000, 0x0000, 0x0000, 0x0000, 0x0000,
    0x0000, 0x0000, 0x0000, 0x0000, 0x0000, 0x0000, 0x0000, 0x0000, 0x0000, 0x0000, 0x0000, 0x0000,
    0x0000, 0x0000, 0x0000, 0x0000, 0x0000, 0x0000, 0x0000, 0x0000, 0x0000, 0x0000, 0x0020, 0x3984,
    0x9389, 0xD52D, 0xFE0F, 0xFE50, 0xFE71, 0xFE73, 0xF694, 0xF6B5, 0xF6D6, 0xFED6, 0xFEB6, 0xFEB6,
    0xFE95, 0xFE95, 0xFE74, 0xF674, 0xF674, 0xF674, 0xF654, 0xF654, 0xF654, 0xF654, 0xF633, 0xF633,
    0xF633, 0xF633, 0xF633, 0xF633, 0xF633, 0xF633, 0xF633, 0xF633, 0xF613, 0xF613, 0xF613, 0xF613,
    0xF613, 0xF613, 0xF613, 0xF613, 0xF613, 0xEE13, 0xF613, 0xF613, 0xF613, 0xF613, 0xF613, 0xF613,
    0xF633, 0xF634, 0xF634, 0xF634, 0xF634, 0xF634, 0xF654, 0xF654, 0xF654, 0xF654, 0xF674, 0xFE74,
    0xFE74, 0xFE75, 0xFE95, 0xFE95, 0xF696, 0xF695, 0xF673, 0xFE52, 0xFE51, 0xFE30, 0xF5AE, 0xC48B,
    0x7B08, 0x3143, 0x0000, 0x0000, 0x0000, 0x0000, 0x0000, 0x0000, 0x0000, 0x0000, 0x0000, 0x0000,
    0x0000, 0x0000, 0x0000, 0x0000, 0x0000, 0x0000, 0x0000, 0x0000, 0x0000, 0x0000, 0x0000, 0x0000,
    0x0000, 0x0000, 0x0000, 0x0000, 0x0000, 0x0000, 0x0000, 0x0000, 0x0000, 0x0000, 0x0000, 0x0000,
    0x0000, 0x0000, 0x0000, 0x0000, 0x0000, 0x0000, 0x0000, 0x0000, 0x0000, 0x0000, 0x0000, 0x0000,
    0x0000, 0x0000, 0x0000, 0x0000, 0x0000, 0x0000, 0x0000, 0x0000, 0x0000, 0x0000, 0x0000, 0x0000,
    0x0000, 0x0000, 0x0000, 0x0000, 0x0000, 0x0000, 0x0000, 0x0000, 0x0000, 0x0000, 0x0000, 0x0000,
    0x0000, 0x0000, 0x0000, 0x0000, 0x0000, 0x0000, 0x0000, 0x0000, 0x0000, 0x0000, 0x0000, 0x0000,
    0x0000, 0x0000, 0x0000, 0x0000, 0x0000, 0x0000, 0x0000, 0x0000, 0x0000, 0x0000, 0x0000, 0x0000,
    0x0000, 0x0000, 0x0000, 0x0000, 0x0000, 0x0000, 0x0000, 0x0000, 0x0000, 0x0000, 0x0000, 0x0000,
    0x0000, 0x0000, 0x0000, 0x0000, 0x0000, 0x0000, 0x0000, 0x0000, 0x0000, 0x0000, 0x0000, 0x0000,
    0x0000, 0x0000, 0x0000, 0x0000, 0x0000, 0x0000, 0x0000, 0x0000, 0x0000, 0x0000, 0x0000, 0x0000,
    0x0000, 0x0000, 0x0000, 0x0000, 0x0000, 0x0000, 0x0000, 0x0000, 0x0000, 0x0000, 0x0000, 0x0000,
    0x0000, 0x0000, 0x0000, 0x0000, 0x0000, 0x0000, 0x0000, 0x0000, 0x0000, 0x0000, 0x0000, 0x0000,
    0x0000, 0x0000, 0x0000, 0x0000, 0x0000, 0x0000, 0x0000, 0x0000, 0x0000, 0x0000, 0x0000, 0x0000,
    0x0000, 0x0000, 0x0000, 0x0000, 0x3143, 0x8328, 0xD50C, 0xFE2F, 0xFE71, 0xFE72, 0xFE73, 0xF6B5,
    0xF6D6, 0xFED7, 0xFEB6, 0xFEB5, 0xFE95, 0xFE95, 0xFE75, 0xF675, 0xF674, 0xF654, 0xF654, 0xF634,
    0xF633, 0xF633, 0xF633, 0xF633, 0xF633, 0xF613, 0xF613, 0xF613, 0xF613, 0xEE13, 0xEDF3, 0xEDF3,
    0xEE13, 0xF612, 0xF612, 0xEDF2, 0xEDF2, 0xEDF2, 0xEDF3, 0xEDF3, 0xEDF2, 0xEDF2, 0xEDF2, 0xEDF2,
    0xEDF2, 0xEDF3, 0xEDF3, 0xEDF3, 0xEDF3, 0xEDF3, 0xEDF3, 0xEDF3, 0xEDF3, 0xEDF3, 0xEE13, 0xEE13,
    0xEE13, 0xEE13, 0xEE13, 0xF613, 0xF613, 0xF633, 0xF634, 0xF634, 0xF654, 0xF654, 0xF654, 0xF654,
    0xF654, 0xFE75, 0xFE95, 0xFE96, 0xF696, 0xF675, 0xFE53, 0xFE51, 0xFE50, 0xFDCE, 0xC48B, 0x72C7,
    0x2902, 0x0000, 0x0000, 0x0000, 0x0000, 0x0000, 0x0000, 0x0000, 0x0000, 0x0000, 0x0000, 0x0000,
    0x0000, 0x0000, 0x0000, 0x0000, 0x0000, 0x0000, 0x0000, 0x0000, 0x0000, 0x0000, 0x0000, 0x0000,
    0x0000, 0x0000, 0x0000, 0x0000, 0x0000, 0x0000, 0x0000, 0x0000, 0x0000, 0x0000, 0x0000, 0x0000,
    0x0000, 0x0000, 0x0000, 0x0000, 0x0000, 0x0000, 0x0000, 0x0000, 0x0000, 0x0000, 0x0000, 0x0000,
    0x0000, 0x0000, 0x0000, 0x0000, 0x0000, 0x0000, 0x0000, 0x0000, 0x0000, 0x0000, 0x0000, 0x0000,
    0x0000, 0x0000, 0x0000, 0x0000, 0x0000, 0x0000, 0x0000, 0x0000, 0x0000, 0x0000, 0x0000, 0x0000,
    0x0000, 0x0000, 0x0000, 0x0000, 0x0000, 0x0000, 0x0000, 0x0000, 0x0000, 0x0000, 0x0000, 0x0000,
    0x0000, 0x0000, 0x0000, 0x0000, 0x0000, 0x0000, 0x0000, 0x0000, 0x0000, 0x0000, 0x0000, 0x0000,
    0x0000, 0x0000, 0x0000, 0x0000, 0x0000, 0x0000, 0x0000, 0x0000, 0x0000, 0x0000, 0x0000, 0x0000,
    0x0000, 0x0000, 0x0000, 0x0000, 0x0000, 0x0000, 0x0000, 0x0000, 0x0000, 0x0000, 0x0000, 0x0000,
    0x0000, 0x0000, 0x0000, 0x0000, 0x0000, 0x0000, 0x0000, 0x0000, 0x0000, 0x0000, 0x0000, 0x0000,
    0x0000, 0x0000, 0x0000, 0x0000, 0x0000, 0x0000, 0x0000, 0x0000, 0x0000, 0x0000, 0x0000, 0x0000,
    0x0000, 0x0000, 0x0000, 0x0000, 0x0000, 0x0000, 0x0000, 0x0000, 0x0000, 0x0000, 0x0000, 0x0000,
    0x0000, 0x0000, 0x0000, 0x0000, 0x0000, 0x0000, 0x0000, 0x0000, 0x0000, 0x18C2, 0x6AA6, 0xC4AB,
    0xFDEF, 0xFE50, 0xFE51, 0xFE73, 0xF6B5, 0xFED6, 0xFED6, 0xFEB6, 0xFE95, 0xFE95, 0xFE95, 0xFE74,
    0xF674, 0xF654, 0xF654, 0xF654, 0xF634, 0xF633, 0xF633, 0xF613, 0xF613, 0xF612, 0xF612, 0xF612,
    0xF612, 0xEE12, 0xEDF2, 0xEDF2, 0xEDF2, 0xEDF2, 0xEDF2, 0xEDF2, 0xEDF2, 0xEDF2, 0xEDF2, 0xEDF2,
    0xEDD2, 0xEDF2, 0xEDF2, 0xEDF2, 0xEDF2, 0xEDF2, 0xEDF2, 0xEDF2, 0xEDF2, 0xEDF2, 0xEDF2, 0xEDF2,
    0xEDF2, 0xEDF2, 0xEDD2, 0xEDF2, 0xEDF2, 0xEDF2, 0xEDF2, 0xEDF2, 0xEDF2, 0xEDF2, 0xEDF2, 0xEDF2,
    0xEDF3, 0xEDF3, 0xEE13, 0xEE13, 0xEE13, 0xF613, 0xF613, 0xF634, 0xF634, 0xF654, 0xF654, 0xF654,
    0xF675, 0xFE95, 0xFE96, 0xF695, 0xF674, 0xFE53, 0xFE51, 0xFE50, 0xF5CE, 0xBC6B, 0x6246, 0x1081,
    0x0000, 0x0000, 0x0000, 0x0000, 0x0000, 0x0000, 0x0000, 0x0000, 0x0000, 0x0000, 0x0000, 0x0000,
    0x0000, 0x0000, 0x0000, 0x0000, 0x0000, 0x0000, 0x0000, 0x0000, 0x0000, 0x0000, 0x0000, 0x0000,
    0x0000, 0x0000, 0x0000, 0x0000, 0x0000, 0x0000, 0x0000, 0x0000, 0x0000, 0x0000, 0x0000, 0x0000,
    0x0000, 0x0000, 0x0000, 0x0000, 0x0000, 0x0000, 0x0000, 0x0000, 0x0000, 0x0000, 0x0000, 0x0000,
    0x0000, 0x0000, 0x0000, 0x0000, 0x0000, 0x0000, 0x0000, 0x0000, 0x0000, 0x0000, 0x0000, 0x0000,
    0x0000, 0x0000, 0x0000, 0x0000, 0x0000, 0x0000, 0x0000, 0x0000, 0x0000, 0x0000, 0x0000, 0x0000,
    0x0000, 0x0000, 0x0000, 0x0000, 0x0000, 0x0000, 0x0000, 0x0000, 0x0000, 0x0000, 0x0000, 0x0000,
    0x0000, 0x0000, 0x0000, 0x0000, 0x0000, 0x0000, 0x0000, 0x0000, 0x0000, 0x0000, 0x0000, 0x0000,
    0x0000, 0x0000, 0x0000, 0x0000, 0x0000, 0x0000, 0x0000, 0x0000, 0x0000, 0x0000, 0x0000, 0x0000,
    0x0000, 0x0000, 0x0000, 0x0000, 0x0000, 0x0000, 0x0000, 0x0000, 0x0000, 0x0000, 0x0000, 0x0000,
    0x0000, 0x0000, 0x0000, 0x0000, 0x0000, 0x0000, 0x0000, 0x0000, 0x0000, 0x0000, 0x0000, 0x0000,
    0x0000, 0x0000, 0x0000, 0x0000, 0x0000, 0x0000, 0x0000, 0x0000, 0x0000, 0x0000, 0x0000, 0x0000,
    0x0000, 0x0000, 0x0000, 0x0000, 0x0000, 0x0000, 0x0000, 0x0000, 0x0000, 0x0000, 0x0000, 0x0000,
    0x0000, 0x0000, 0x0000, 0x41A4, 0xA3EA, 0xEDAE, 0xFE50, 0xFE51, 0xFE73, 0xF6B5, 0xF6D6, 0xFED6,
    0xFEB6, 0xFE95, 0xFE95, 0xF674, 0xF674, 0xF674, 0xF654, 0xF654, 0xF633, 0xF633, 0xF633, 0xF633,
    0xF613, 0xF613, 0xF612, 0xEDF2, 0xEDF2, 0xEDF2, 0xEDD2, 0xEDD2, 0xEDF1, 0xEDD2, 0xEDF2, 0xEDF2,
    0xEDF2, 0xEDF2, 0xEDD1, 0xEDD1, 0xEDD1, 0xEDD1, 0xEDD1, 0xEDD1, 0xEDD1, 0xEDD1, 0xEDD2, 0xEDF2,
    0xEDD2, 0xEDD2, 0xEDD2, 0xEDD2, 0xE5D2, 0xE5D2, 0xE5D2, 0xE5D2, 0xE5D2, 0xE5D2, 0xE5D2, 0xE5D2,
    0xE5D2, 0xE5D2, 0xE5D2, 0xE5D2, 0xE5D2, 0xE5D2, 0xEDF2, 0xEDF2, 0xEDF2, 0xEDF2, 0xEDF2, 0xEDF2,
    0xEDF3, 0xEDF3, 0xEDF3, 0xEE13, 0xEE13, 0xF613, 0xF633, 0xF633, 0xF634, 0xF634, 0xF654, 0xF654,
    0xFE74, 0xFE95, 0xF695, 0xF674, 0xFE31, 0xFE30, 0xFE2F, 0xE54D, 0x9B89, 0x3963, 0x0000, 0x0000,
    0x0000, 0x0000, 0x0000, 0x0000, 0x0000, 0x0000, 0x0000, 0x0000, 0x0000, 0x0000, 0x0000, 0x0000,
    0x0000, 0x0000, 0x0000, 0x0000, 0x0000, 0x0000, 0x0000, 0x0000, 0x0000, 0x0000, 0x0000, 0x0000,
    0x0000, 0x0000, 0x0000, 0x0000, 0x0000, 0x0000, 0x0000, 0x0000, 0x0000, 0x0000, 0x0000, 0x0000,
    0x0000, 0x0000, 0x0000, 0x0000, 0x0000, 0x0000, 0x0000, 0x0000, 0x0000, 0x0000, 0x0000, 0x0000,
    0x0000, 0x0000, 0x0000, 0x0000, 0x0000, 0x0000, 0x0000, 0x0000, 0x0000, 0x0000, 0x0000, 0x0000,
    0x0000, 0x0000, 0x0000, 0x0000, 0x0000, 0x0000, 0x0000, 0x0000, 0x0000, 0x0000, 0x0000, 0x0000,
    0x0000, 0x0000, 0x0000, 0x0000, 0x0000, 0x0000, 0x0000, 0x0000, 0x0000, 0x0000, 0x0000, 0x0000,
    0x0000, 0x0000, 0x0000, 0x0000, 0x0000, 0x0000, 0x0000, 0x0000, 0x0000, 0x0000, 0x0000, 0x0000,
    0x0000, 0x0000, 0x0000, 0x0000, 0x0000, 0x0000, 0x0000, 0x0000, 0x0000, 0x0000, 0x0000, 0x0000,
    0x0000, 0x0000, 0x0000, 0x0000, 0x0000, 0x0000, 0x0000, 0x0000, 0x0000, 0x0000, 0x0000, 0x0000,
    0x0000, 0x0000, 0x0000, 0x0000, 0x0000, 0x0000, 0x0000, 0x0000, 0x0000, 0x0000, 0x0000, 0x0000,
    0x0000, 0x0000, 0x0000, 0x0000, 0x0000, 0x0000, 0x0000, 0x0000, 0x0000, 0x0000, 0x0000, 0x0000,
    0x0000, 0x0000, 0x0000, 0x0000, 0x0000, 0x0000, 0x0000, 0x0000, 0x1081, 0x6AC7, 0xCCEC, 0xFE0F,
    0xFE50, 0xFE52, 0xF6B5, 0xF6D7, 0xFED7, 0xFEB6, 0xFE95, 0xFE95, 0xF675, 0xF674, 0xF654, 0xF654,
    0xF654, 0xF633, 0xF633, 0xF633, 0xF613, 0xF613, 0xF613, 0xEDF2, 0xEDF2, 0xEDF2, 0xEDF2, 0xEDF2,
    0xEDF2, 0xEDF2, 0xEDD1, 0xEDD1, 0xEDD1, 0xEDD1, 0xEDD1, 0xEDD1, 0xEDD1, 0xEDB1, 0xE5B1, 0xE5B1,
    0xE5B1, 0xE5B1, 0xE5B1, 0xEDB1, 0xE5B1, 0xE5D1, 0xEDD1, 0xE5D1, 0xEDD2, 0xEDD1, 0xE5D1, 0xE5D1,
    0xE5B1, 0xE5B1, 0xE5B1, 0xE5B1, 0xE5B1, 0xE5B1, 0xE5B1, 0xE5B1, 0xE5B1, 0xE5B1, 0xE5B1, 0xE5B1,
    0xE5B1, 0xE5D2, 0xE5D2, 0xE5D2, 0xE5D2, 0xE5D2, 0xE5D2, 0xE5D2, 0xE5D2, 0xE5D2, 0xEDF2, 0xEDF2,
    0xEDF3, 0xEDF3, 0xEDF3, 0xEDF3, 0xEE13, 0xF613, 0xF613, 0xF633, 0xF633, 0xF634, 0xF654, 0xFE74,
    0xFE75, 0xF675, 0xF653, 0xFE31, 0xFE2F, 0xFDCE, 0xBC8B, 0x6246, 0x0841, 0x0000, 0x0000, 0x0000,
    0x0000, 0x0000, 0x0000, 0x0000, 0x0000, 0x0000, 0x0000, 0x0000, 0x0000, 0x0000, 0x0000, 0x0000,
    0x0000, 0x0000, 0x0000, 0x0000, 0x0000, 0x0000, 0x0000, 0x0000, 0x0000, 0x0000, 0x0000, 0x0000,
    0x0000, 0x0000, 0x0000, 0x0000, 0x0000, 0x0000, 0x0000, 0x0000, 0x0000, 0x0000, 0x0000, 0x0000,
    0x0000, 0x0000, 0x0000, 0x0000, 0x0000, 0x0000, 0x0000, 0x0000, 0x0000, 0x0000, 0x0000, 0x0000,
    0x0000, 0x0000, 0x0000, 0x0000, 0x0000, 0x0000, 0x0000, 0x0000, 0x0000, 0x0000, 0x0000, 0x0000,
    0x0000, 0x0000, 0x0000, 0x0000, 0x0000, 0x0000, 0x0000, 0x0000, 0x0000, 0x0000, 0x0000, 0x0000,
    0x0000, 0x0000, 0x0000, 0x0000, 0x0000, 0x0000, 0x0000, 0x0000, 0x0000, 0x0000, 0x0000, 0x0000,
    0x0000, 0x0000, 0x0000, 0x0000, 0x0000, 0x0000, 0x0000, 0x0000, 0x0000, 0x0000, 0x0000, 0x0000,
    0x0000, 0x0000, 0x0000, 0x0000, 0x0000, 0x0000, 0x0000, 0x0000, 0x0000, 0x0000, 0x0000, 0x0000,
    0x0000, 0x0000, 0x0000, 0x0000, 0x0000, 0x0000, 0x0000, 0x0000, 0x0000, 0x0000, 0x0000, 0x0000,
    0x0000, 0x0000, 0x0000, 0x0000, 0x0000, 0x0000, 0x0000, 0x0000, 0x0000, 0x0000, 0x0000, 0x0000,
    0x0000, 0x0000, 0x0000, 0x0000, 0x0000, 0x0000, 0x0000, 0x0000, 0x0000, 0x0000, 0x0000, 0x0000,
    0x0000, 0x0000, 0x20C2, 0x8328, 0xE56D, 0xFE50, 0xFE51, 0xF673, 0xF6B6, 0xFED7, 0xFED6, 0xFE95,
    0xFE95, 0xFE95, 0xF674, 0xF674, 0xF654, 0xF653, 0xF633, 0xF633, 0xF633, 0xF613, 0xF613, 0xEDF2,
    0xEDF2, 0xEDF2, 0xEDF2, 0xEDF2, 0xEDF2, 0xEDF2, 0xEDF2, 0xEDD1, 0xEDD1, 0xEDD1, 0xE5D1, 0xEDD1,
    0xEDD1, 0xEDB1, 0xEDB1, 0xEDB1, 0xEDB1, 0xE5B1, 0xE5B0, 0xE590, 0xE590, 0xE5B1, 0xE5B1, 0xE590,
    0xE5B1, 0xE5B1, 0xE5B1, 0xE5B1, 0xE5B1, 0xE5B1, 0xE5B1, 0xE5B1, 0xE591, 0xE591, 0xE591, 0xE591,
    0xE591, 0xE5B1, 0xE5B1, 0xE5B1, 0xE591, 0xE591, 0xE591, 0xE591, 0xE5B1, 0xE5B1, 0xE5B1, 0xE5B1,
    0xE5B1, 0xE5B1, 0xE5B1, 0xE5B1, 0xE5B1, 0xE5B1, 0xE5D2, 0xE5D2, 0xE5D2, 0xE5D2, 0xEDF2, 0xEDF2,
    0xEDF2, 0xEDF2, 0xEDF3, 0xEDF3, 0xF613, 0xF613, 0xF633, 0xF633, 0xF654, 0xF654, 0xFE75, 0xFE95,
    0xF674, 0xFE32, 0xFE30, 0xFE2F, 0xDD2D, 0x72C7, 0x18A1, 0x0000, 0x0000, 0x0000, 0x0000, 0x0000,
    0x0000, 0x0000, 0x0000, 0x0000, 0x0000, 0x0000, 0x0000, 0x0000, 0x0000, 0x0000, 0x0000, 0x0000,
    0x0000, 0x0000, 0x0000, 0x0000, 0x0000, 0x0000, 0x0000, 0x0000, 0x0000, 0x0000, 0x0000, 0x0000,
    0x0000, 0x0000, 0x0000, 0x0000, 0x0000, 0x0000, 0x0000, 0x0000, 0x0000, 0x0000, 0x0000, 0x0000,
    0x0000, 0x0000, 0x0000, 0x0000, 0x0000, 0x0000, 0x0000, 0x0000, 0x0000, 0x0000, 0x0000, 0x0000,
    0x0000, 0x0000, 0x0000, 0x0000, 0x0000, 0x0000, 0x0000, 0x0000, 0x0000, 0x0000, 0x0000, 0x0000,
    0x0000, 0x0000, 0x0000, 0x0000, 0x0000, 0x0000, 0x0000, 0x0000, 0x0000, 0x0000, 0x0000, 0x0000,
    0x0000, 0x0000, 0x0000, 0x0000, 0x0000, 0x0000, 0x0000, 0x0000, 0x0000, 0x0000, 0x0000, 0x0000,
    0x0000, 0x0000, 0x0000, 0x0000, 0x0000, 0x0000, 0x0000, 0x0000, 0x0000, 0x0000, 0x0000, 0x0000,
    0x0000, 0x0000, 0x0000, 0x0000, 0x0000, 0x0000, 0x0000, 0x0000, 0x0000, 0x0000, 0x0000, 0x0000,
    0x0000, 0x0000, 0x0000, 0x0000, 0x0000, 0x0000, 0x0000, 0x0000, 0x0000, 0x0000, 0x0000, 0x0000,
    0x0000, 0x0000, 0x0000, 0x0000, 0x0000, 0x0000, 0x0000, 0x0000, 0x0000, 0x0000, 0x0000, 0x0000,
    0x0000, 0x0000, 0x0000, 0x0000, 0x0000, 0x0000, 0x0000, 0x0000, 0x2923, 0x9BC9, 0xEDAE, 0xFE4F,
    0xFE51, 0xF674, 0xF6D6, 0xFED7, 0xFEB6, 0xFE95, 0xFE75, 0xF674, 0xF674, 0xF654, 0xF654, 0xF633,
    0xF633, 0xF633, 0xF612, 0xF612, 0xF612, 0xEDF2, 0xEDF2, 0xEDD1, 0xEDF1, 0xEDF1, 0xEDD1, 0xEDD1,
    0xEDD1, 0xEDD1, 0xEDD1, 0xE5B1, 0xE5B1, 0xE5B1, 0xE5B1, 0xE5B1, 0xE5B1, 0xE5B1, 0xE5B1, 0xE5B1,
    0xE5B0, 0xE590, 0xE590, 0xE590, 0xE590, 0xE5B0, 0xE5B1, 0xE590, 0xE590, 0xE590, 0xE591, 0xE5B1,
    0xE5B1, 0xE5B1, 0xE5B1, 0xE591, 0xE591, 0xE591, 0xE590, 0xE591, 0xE591, 0xE591, 0xE591, 0xE591,
    0xDD91, 0xE591, 0xDD91, 0xE591, 0xE591, 0xDD91, 0xE591, 0xE591, 0xE591, 0xDD91, 0xE591, 0xE591,
    0xE591, 0xE591, 0xE591, 0xE5B1, 0xE5B1, 0xE5B2, 0xE5D2, 0xE5D2, 0xE5D2, 0xE5D2, 0xEDF2, 0xEDF2,
    0xEDF2, 0xEDF2, 0xEDF3, 0xF613, 0xF633, 0xF634, 0xF634, 0xF654, 0xF654, 0xFE95, 0xF695, 0xF653,
    0xFE31, 0xFE30, 0xE56D, 0x8B48, 0x18A2, 0x0000, 0x0000, 0x0000, 0x0000, 0x0000, 0x0000, 0x0000,
    0x0000, 0x0000, 0x0000, 0x0000, 0x0000, 0x0000, 0x0000, 0x0000, 0x0000, 0x0000, 0x0000, 0x0000,
    0x0000, 0x0000, 0x0000, 0x0000, 0x0000, 0x0000, 0x0000, 0x0000, 0x0000, 0x0000, 0x0000, 0x0000,
    0x0000, 0x0000, 0x0000, 0x0000, 0x0000, 0x0000, 0x0000, 0x0000, 0x0000, 0x0000, 0x0000, 0x0000,
    0x0000, 0x0000, 0x0000, 0x0000, 0x0000, 0x0000, 0x0000, 0x0000, 0x0000, 0x0000, 0x0000, 0x0000,
    0x0000, 0x0000, 0x0000, 0x0000, 0x0000, 0x0000, 0x0000, 0x0000, 0x0000, 0x0000, 0x0000, 0x0000,
    0x0000, 0x0000, 0x0000, 0x0000, 0x0000, 0x0000, 0x0000, 0x0000, 0x0000, 0x0000, 0x0000, 0x0000,
    0x0000, 0x0000, 0x0000, 0x0000, 0x0000, 0x0000, 0x0000, 0x0000, 0x0000, 0x0000, 0x0000, 0x0000,
    0x0000, 0x0000, 0x0000, 0x0000, 0x0000, 0x0000, 0x0000, 0x0000, 0x0000, 0x0000, 0x0000, 0x0000,
    0x0000, 0x0000, 0x0000, 0x0000, 0x0000, 0x0000, 0x0000, 0x0000, 0x0000, 0x0000, 0x0000, 0x0000,
    0x0000, 0x0000, 0x0000, 0x0000, 0x0000, 0x0000, 0x0000, 0x0000, 0x0000, 0x0000, 0x0000, 0x0000,
    0x0000, 0x0000, 0x0000, 0x0000, 0x0000, 0x0000, 0x0000, 0x0000, 0x0000, 0x0000, 0x0000, 0x0000,
    0x0000, 0x0000, 0x3123, 0xA40A, 0xF5EF, 0xFE71, 0xFE52, 0xF695, 0xF6D6, 0xFED6, 0xFEB5, 0xFE95,
    0xFE95, 0xFE74, 0xF654, 0xF654, 0xF653, 0xF633, 0xF633, 0xF613, 0xF613, 0xF612, 0xF612, 0xEDF2,
    0xEDF2, 0xEDF2, 0xEDF1, 0xEDD1, 0xEDD1, 0xEDD1, 0xEDD1, 0xE5B1, 0xE5B1, 0xE5B1, 0xE5B1, 0xE5B1,
    0xE5B0, 0xE5B0, 0xE5B0, 0xE5B0, 0xE5B1, 0xE5B1, 0xE5B0, 0xE5B0, 0xE590, 0xE590, 0xE590, 0xE590,
    0xE590, 0xE590, 0xE590, 0xE590, 0xE590, 0xE590, 0xE590, 0xE590, 0xE590, 0xE591, 0xE591, 0xE591,
    0xE591, 0xE590, 0xE590, 0xE591, 0xE591, 0xE591, 0xE590, 0xE590, 0xE590, 0xDD70, 0xDD70, 0xDD70,
    0xDD70, 0xDD90, 0xDD91, 0xDD91, 0xDD91, 0xDD71, 0xDD71, 0xDD91, 0xDD91, 0xDD91, 0xE591, 0xE591,
    0xE591, 0xE5B1, 0xE5B1, 0xE5B1, 0xE5B1, 0xE5B1, 0xE5D1, 0xE5D1, 0xE5D2, 0xEDD2, 0xEDD2, 0xEDF2,
    0xEE13, 0xF613, 0xF613, 0xF633, 0xF634, 0xF654, 0xFE74, 0xFE95, 0xFEB5, 0xF654, 0xFE31, 0xFE30,
    0xED8E, 0x8B48, 0x20C2, 0x0000, 0x0000, 0x0000, 0x0000, 0x0000, 0x0000, 0x0000, 0x0000, 0x0000,
    0x0000, 0x0000, 0x0000, 0x0000, 0x0000, 0x0000, 0x0000, 0x0000, 0x0000, 0x0000, 0x0000, 0x0000,
    0x0000, 0x0000, 0x0000, 0x0000, 0x0000, 0x0000, 0x0000, 0x0000, 0x0000, 0x0000, 0x0000, 0x0000,
    0x0000, 0x0000, 0x0000, 0x0000, 0x0000, 0x0000, 0x0000, 0x0000, 0x0000, 0x0000, 0x0000, 0x0000,
    0x0000, 0x0000, 0x0000, 0x0000, 0x0000, 0x0000, 0x0000, 0x0000, 0x0000, 0x0000, 0x0000, 0x0000,
    0x0000, 0x0000, 0x0000, 0x0000, 0x0000, 0x0000, 0x0000, 0x0000, 0x0000, 0x0000, 0x0000, 0x0000,
    0x0000, 0x0000, 0x0000, 0x0000, 0x0000, 0x0000, 0x0000, 0x0000, 0x0000, 0x0000, 0x0000, 0x0000,
    0x0000, 0x0000, 0x0000, 0x0000, 0x0000, 0x0000, 0x0000, 0x0000, 0x0000, 0x0000, 0x0000, 0x0000,
    0x0000, 0x0000, 0x0000, 0x0000, 0x0000, 0x0000, 0x0000, 0x0000, 0x0000, 0x0000, 0x0000, 0x0000,
    0x0000, 0x0000, 0x0000, 0x0000, 0x0000, 0x0000, 0x0000, 0x0000, 0x0000, 0x0000, 0x0000, 0x0000,
    0x0000, 0x0000, 0x0000, 0x0000, 0x0000, 0x0000, 0x0000, 0x0000, 0x0000, 0x0000, 0x0000, 0x0000,
    0x0000, 0x0000, 0x0000, 0x0000, 0x0000, 0x0000, 0x0000, 0x0000, 0x20E2, 0x9BC9, 0xF5EF, 0xFE70,
    0xFE52, 0xF6B5, 0xFED7, 0xFEB6, 0xFE95, 0xFE95, 0xF675, 0xF674, 0xF654, 0xF654, 0xF633, 0xF633,
    0xF613, 0xF612, 0xEDF2, 0xEDF2, 0xEDF2, 0xEDF2, 0xEDD1, 0xEDF2, 0xEDF2, 0xEDD1, 0xEDB1, 0xEDB1,
    0xEDB1, 0xE5B1, 0xE5B1, 0xE5B0, 0xE5B0, 0xE5B1, 0xE5B1, 0xE590, 0xE590, 0xE590, 0xE590, 0xE590,
    0xE590, 0xE590, 0xE590, 0xE590, 0xE590, 0xE590, 0xE590, 0xE590, 0xE590, 0xE590, 0xE590, 0xE590,
    0xE590, 0xE590, 0xE590, 0xE590, 0xE590, 0xE590, 0xE591, 0xE590, 0xE590, 0xE590, 0xE590, 0xE591,
    0xE591, 0xE590, 0xE570, 0xE590, 0xE590, 0xE570, 0xDD70, 0xDD70, 0xDD70, 0xDD70, 0xDD70, 0xDD70,
    0xDD70, 0xDD70, 0xDD70, 0xDD70, 0xDD70, 0xDD91, 0xDD91, 0xDD91, 0xE591, 0xDD91, 0xDD91, 0xDD91,
    0xE591, 0xE591, 0xE591, 0xE591, 0xE5B1, 0xE5B1, 0xEDD1, 0xEDD2, 0xEDD2, 0xEDF2, 0xEDF3, 0xF613,
    0xF613, 0xF633, 0xF634, 0xF654, 0xFE54, 0xFE95, 0xFE95, 0xF674, 0xFE31, 0xFE30, 0xED8E, 0x8B48,
    0x18A1, 0x0000, 0x0000, 0x0000, 0x0000, 0x0000, 0x0000, 0x0000, 0x0000, 0x0000, 0x0000, 0x0000,
    0x0000, 0x0000, 0x0000, 0x0000, 0x0000, 0x0000, 0x0000, 0x0000, 0x0000, 0x0000, 0x0000, 0x0000,
    0x0000, 0x0000, 0x0000, 0x0000, 0x0000, 0x0000, 0x0000, 0x0000, 0x0000, 0x0000, 0x0000, 0x0000,
    0x0000, 0x0000, 0x0000, 0x0000, 0x0000, 0x0000, 0x0000, 0x0000, 0x0000, 0x0000, 0x0000, 0x0000,
    0x0000, 0x0000, 0x0000, 0x0000, 0x0000, 0x0000, 0x0000, 0x0000, 0x0000, 0x0000, 0x0000, 0x0000,
    0x0000, 0x0000, 0x0000, 0x0000, 0x0000, 0x0000, 0x0000, 0x0000, 0x0000, 0x0000, 0x0000, 0x0000,
    0x0000, 0x0000, 0x0000, 0x0000, 0x0000, 0x0000, 0x0000, 0x0000, 0x0000, 0x0000, 0x0000, 0x0000,
    0x0000, 0x0000, 0x0000, 0x0000, 0x0000, 0x0000, 0x0000, 0x0000, 0x0000, 0x0000, 0x0000, 0x0000,
    0x0000, 0x0000, 0x0000, 0x0000, 0x0000, 0x0000, 0x0000, 0x0000, 0x0000, 0x0000, 0x0000, 0x0000,
    0x0000, 0x0000, 0x0000, 0x0000, 0x0000, 0x0000, 0x0000, 0x0000, 0x0000, 0x0000, 0x0000, 0x0000,
    0x0000, 0x0000, 0x0000, 0x0000, 0x0000, 0x0000, 0x0000, 0x0000, 0x0000, 0x0000, 0x0000, 0x0000,
    0x0000, 0x0000, 0x18C2, 0x8B89, 0xF5CE, 0xFE50, 0xFE52, 0xF6B5, 0xFEF7, 0xFEB6, 0xFE95, 0xFE75,
    0xF674, 0xF654, 0xF654, 0xF633, 0xF633, 0xF633, 0xF612, 0xEDF2, 0xEDF2, 0xEDF2, 0xEDF2, 0xEDF2,
    0xEDD1, 0xEDD1, 0xEDD1, 0xEDD1, 0xEDD1, 0xEDD1, 0xE5B1, 0xE590, 0xE590, 0xE5B0, 0xE590, 0xE590,
    0xE5B0, 0xE5B0, 0xE5B0, 0xE590, 0xE590, 0xE590, 0xE590, 0xE590, 0xE590, 0xE590, 0xE590, 0xE590,
    0xE590, 0xE590, 0xE590, 0xE590, 0xE590, 0xE590, 0xE590, 0xE590, 0xE590, 0xE590, 0xE590, 0xED90,
    0xE590, 0xE590, 0xE591, 0xE591, 0xE591, 0xE591, 0xE590, 0xE591, 0xE590, 0xE590, 0xE590, 0xE570,
    0xE570, 0xE570, 0xE570, 0xDD70, 0xDD70, 0xDD70, 0xDD70, 0xDD70, 0xDD70, 0xDD70, 0xDD70, 0xDD70,
    0xDD70, 0xDD70, 0xDD70, 0xDD71, 0xDD71, 0xDD91, 0xDD71, 0xDD71, 0xDD91, 0xE591, 0xE591, 0xE591,
    0xE591, 0xE591, 0xE5B1, 0xE5B1, 0xEDB1, 0xEDD1, 0xEDD2, 0xEDF2, 0xEDF2, 0xEDF3, 0xF613, 0xF613,
    0xF633, 0xF633, 0xF654, 0xFE75, 0xFE95, 0xF653, 0xFE31, 0xFE30, 0xE56E, 0x7AE8, 0x1061, 0x0000,
    0x0000, 0x0000, 0x0000, 0x0000, 0x0000, 0x0000, 0x0000, 0x0000, 0x0000, 0x0000, 0x0000, 0x0000,
    0x0000, 0x0000, 0x0000, 0x0000, 0x0000, 0x0000, 0x0000, 0x0000, 0x0000, 0x0000, 0x0000, 0x0000,
    0x0000, 0x0000, 0x0000, 0x0000, 0x0000, 0x0000, 0x0000, 0x0000, 0x0000, 0x0000, 0x0000, 0x0000,
    0x0000, 0x0000, 0x0000, 0x0000, 0x0000, 0x0000, 0x0000, 0x0000, 0x0000, 0x0000, 0x0000, 0x0000,
    0x0000, 0x0000, 0x0000, 0x0000, 0x0000, 0x0000, 0x0000, 0x0000, 0x0000, 0x0000, 0x0000, 0x0000,
    0x0000, 0x0000, 0x0000, 0x0000, 0x0000, 0x0000, 0x0000, 0x0000, 0x0000, 0x0000, 0x0000, 0x0000,
    0x0000, 0x0000, 0x0000, 0x0000, 0x0000, 0x0000, 0x0000, 0x0000, 0x0000, 0x0000, 0x0000, 0x0000,
    0x0000, 0x0000, 0x0000, 0x0000, 0x0000, 0x0000, 0x0000, 0x0000, 0x0000, 0x0000, 0x0000, 0x0000,
    0x0000, 0x0000, 0x0000, 0x0000, 0x0000, 0x0000, 0x0000, 0x0000, 0x0000, 0x0000, 0x0000, 0x0000,
    0x0000, 0x0000, 0x0000, 0x0000, 0x0000, 0x0000, 0x0000, 0x0000, 0x0000, 0x0000, 0x0000, 0x0000,
    0x0000, 0x0000, 0x0000, 0x0000, 0x0000, 0x0000, 0x0000, 0x0000, 0x0840, 0x72E7, 0xEDAE, 0xFE50,
    0xFE52, 0xF6B5, 0xFEF7, 0xFEB6, 0xFE95, 0xFE95, 0xF674, 0xF654, 0xF653, 0xF633, 0xF633, 0xF613,
    0xF612, 0xF612, 0xEDF2, 0xEDF1, 0xEDF1, 0xEDD1, 0xEDD1, 0xEDD1, 0xEDD1, 0xEDD1, 0xEDD1, 0xEDD1,
    0xEDB1, 0xE5B1, 0xE5B0, 0xE590, 0xE590, 0xE590, 0xE590, 0xE590, 0xE590, 0xE590, 0xE5B0, 0xE590,
    0xE590, 0xE590, 0xE590, 0xE590, 0xE590, 0xED90, 0xED90, 0xE590, 0xEDB0, 0xEDB0, 0xED90, 0xED90,
    0xED90, 0xED90, 0xED90, 0xEDB0, 0xEDB1, 0xEDB1, 0xEDB1, 0xEDB0, 0xEDB1, 0xEDB1, 0xEDB1, 0xEDB1,
    0xED91, 0xE591, 0xE591, 0xE591, 0xE591, 0xE591, 0xE590, 0xE590, 0xE590, 0xE590, 0xE591, 0xE570,
    0xE571, 0xE570, 0xE570, 0xDD70, 0xDD70, 0xDD70, 0xDD70, 0xDD70, 0xDD70, 0xDD70, 0xDD70, 0xDD70,
    0xDD70, 0xDD70, 0xDD70, 0xDD70, 0xDD70, 0xDD91, 0xDD71, 0xDD70, 0xE570, 0xE591, 0xE591, 0xE591,
    0xE591, 0xE5B1, 0xE5B1, 0xEDD1, 0xEDD2, 0xEDF2, 0xEDF2, 0xEDF2, 0xF5F3, 0xF613, 0xF633, 0xF633,
    0xF654, 0xFE74, 0xFE95, 0xF674, 0xFE31, 0xFE30, 0xDD2D, 0x6266, 0x0000, 0x0000, 0x0000, 0x0000,
    0x0000, 0x0000, 0x0000, 0x0000, 0x0000, 0x0000, 0x0000, 0x0000, 0x0000, 0x0000, 0x0000, 0x0000,
    0x0000, 0x0000, 0x0000, 0x0000, 0x0000, 0x0000, 0x0000, 0x0000, 0x0000, 0x0000, 0x0000, 0x0000,
    0x0000, 0x0000, 0x0000, 0x0000, 0x0000, 0x0000, 0x0000, 0x0000, 0x0000, 0x0000, 0x0000, 0x0000,
    0x0000, 0x0000, 0x0000, 0x0000, 0x0000, 0x0000, 0x0000, 0x0000, 0x0000, 0x0000, 0x0000, 0x0000,
    0x0000, 0x0000, 0x0000, 0x0000, 0x0000, 0x0000, 0x0000, 0x0000, 0x0000, 0x0000, 0x0000, 0x0000,
    0x0000, 0x0000, 0x0000, 0x0000, 0x0000, 0x0000, 0x0000, 0x0000, 0x0000, 0x0000, 0x0000, 0x0000,
    0x0000, 0x0000, 0x0000, 0x0000, 0x0000, 0x0000, 0x0000, 0x0000, 0x0000, 0x0000, 0x0000, 0x0000,
    0x0000, 0x0000, 0x0000, 0x0000, 0x0000, 0x0000, 0x0000, 0x0000, 0x0000, 0x0000, 0x0000, 0x0000,
    0x0000, 0x0000, 0x0000, 0x0000, 0x0000, 0x0000, 0x0000, 0x0000, 0x0000, 0x0000, 0x0000, 0x0000,
    0x0000, 0x0000, 0x0000, 0x0000, 0x0000, 0x0000, 0x0000, 0x0000, 0x0000, 0x0000, 0x0000, 0x0000,
    0x0000, 0x0000, 0x0000, 0x5A46, 0xD52D, 0xFE50, 0xFE52, 0xF695, 0xFEF7, 0xFED6, 0xFE95, 0xFE95,
    0xF674, 0xF654, 0xF653, 0xF633, 0xF633, 0xF613, 0xF612, 0xF5F2, 0xEDF2, 0xEDF2, 0xEDF2, 0xEDD1,
    0xEDB1, 0xEDB1, 0xEDB1, 0xEDB1, 0xEDB1, 0xEDD1, 0xEDB1, 0xEDB1, 0xE5B1, 0xE5B1, 0xE5B0, 0xE590,
    0xE5B0, 0xE590, 0xE590, 0xE5B0, 0xE5B0, 0xEDB0, 0xED90, 0xED90, 0xE590, 0xED90, 0xEDB0, 0xEDB0,
    0xEDB0, 0xEDB0, 0xEDB1, 0xEDB1, 0xEDB1, 0xEDB1, 0xEDB1, 0xEDB1, 0xEDB1, 0xEDB1, 0xEDB1, 0xEDD1,
    0xEDD1, 0xF5D1, 0xF5D1, 0xF5D1, 0xEDD1, 0xEDD1, 0xEDD1, 0xEDD1, 0xEDB1, 0xEDB1, 0xEDB1, 0xEDB1,
    0xEDB1, 0xEDB1, 0xE5B1, 0xE591, 0xE591, 0xE591, 0xE591, 0xE591, 0xE591, 0xE591, 0xE570, 0xE570,
    0xE570, 0xE570, 0xDD70, 0xE570, 0xDD70, 0xDD70, 0xDD70, 0xE570, 0xE570, 0xDD70, 0xDD70, 0xDD70,
    0xDD70, 0xDD70, 0xDD70, 0xDD70, 0xDD70, 0xE570, 0xE570, 0xE590, 0xE591, 0xE591, 0xE591, 0xE591,
    0xE5B1, 0xE5D2, 0xEDD2, 0xEDF2, 0xEDF2, 0xEDF2, 0xEDF3, 0xF613, 0xF633, 0xF633, 0xF654, 0xFE74,
    0xFE95, 0xF653, 0xFE10, 0xFE0F, 0xC4AC, 0x41A4, 0x0000, 0x0000, 0x0000, 0x0000, 0x0000, 0x0000,
    0x0000, 0x0000, 0x0000, 0x0000, 0x0000, 0x0000, 0x0000, 0x0000, 0x0000, 0x0000, 0x0000, 0x0000,
    0x0000, 0x0000, 0x0000, 0x0000, 0x0000, 0x0000, 0x0000, 0x0000, 0x0000, 0x0000, 0x0000, 0x0000,
    0x0000, 0x0000, 0x0000, 0x0000, 0x0000, 0x0000, 0x0000, 0x0000, 0x0000, 0x0000, 0x0000, 0x0000,
    0x0000, 0x0000, 0x0000, 0x0000, 0x0000, 0x0000, 0x0000, 0x0000, 0x0000, 0x0000, 0x0000, 0x0000,
    0x0000, 0x0000, 0x0000, 0x0000, 0x0000, 0x0000, 0x0000, 0x0000, 0x0000, 0x0000, 0x0000, 0x0000,
    0x0000, 0x0000, 0x0000, 0x0000, 0x0000, 0x0000, 0x0000, 0x0000, 0x0000, 0x0000, 0x0000, 0x0000,
    0x0000, 0x0000, 0x0000, 0x0000, 0x0000, 0x0000, 0x0000, 0x0000, 0x0000, 0x0000, 0x0000, 0x0000,
    0x0000, 0x0000, 0x0000, 0x0000, 0x0000, 0x0000, 0x0000, 0x0000, 0x0000, 0x0000, 0x0000, 0x0000,
    0x0000, 0x0000, 0x0000, 0x0000, 0x0000, 0x0000, 0x0000, 0x0000, 0x0000, 0x0000, 0x0000, 0x0000,
    0x0000, 0x0000, 0x0000, 0x0000, 0x0000, 0x0000, 0x0000, 0x0000, 0x0000, 0x3123, 0xBCAC, 0xFE4F,
    0xFE30, 0xF694, 0xFEF7, 0xFED6, 0xFEB5, 0xFE95, 0xF674, 0xF654, 0xF653, 0xF633, 0xF633, 0xF613,
    0xF612, 0xEE12, 0xEDF2, 0xEDF2, 0xEDF1, 0xEDD1, 0xEDD1, 0xEDD1, 0xEDB1, 0xEDB1, 0xEDB1, 0xEDB1,
    0xEDB1, 0xEDB1, 0xEDB1, 0xEDB1, 0xE5B1, 0xE5B0, 0xE5B1, 0xE5B1, 0xE5B0, 0xE590, 0xED90, 0xEDB0,
    0xEDB0, 0xEDB1, 0xEDB0, 0xEDB0, 0xEDB0, 0xEDB1, 0xEDD1, 0xEDD1, 0xEDD1, 0xEDD1, 0xEDD1, 0xF5D1,
    0xF5D1, 0xF5D1, 0xF5D1, 0xF5D1, 0xF5D1, 0xF5D1, 0xF5F2, 0xF5F2, 0xF5F2, 0xF5F2, 0xF5F2, 0xF5F2,
    0xF5F2, 0xF5F2, 0xF5F2, 0xF5F2, 0xF5F2, 0xF5F2, 0xF5F2, 0xF5D2, 0xF5D2, 0xEDD2, 0xEDD2, 0xEDB1,
    0xEDB1, 0xEDB1, 0xEDB1, 0xE5B1, 0xE591, 0xE591, 0xE591, 0xE591, 0xE571, 0xE571, 0xE571, 0xE571,
    0xE570, 0xE570, 0xE570, 0xE570, 0xE570, 0xE570, 0xDD70, 0xDD70, 0xDD70, 0xDD70, 0xDD70, 0xDD70,
    0xDD70, 0xDD70, 0xDD70, 0xDD70, 0xDD71, 0xE571, 0xE591, 0xE591, 0xE591, 0xE5B1, 0xE5B1, 0xE5D1,
    0xEDD2, 0xEDF2, 0xEDF2, 0xEDF2, 0xF5F3, 0xF613, 0xF633, 0xF633, 0xFE54, 0xFE75, 0xF695, 0xF633,
    0xFE30, 0xFE0F, 0xABEA, 0x20C2, 0x0000, 0x0000, 0x0000, 0x0000, 0x0000, 0x0000, 0x0000, 0x0000,
    0x0000, 0x0000, 0x0000, 0x0000, 0x0000, 0x0000, 0x0000, 0x0000, 0x0000, 0x0000, 0x0000, 0x0000,
    0x0000, 0x0000, 0x0000, 0x0000, 0x0000, 0x0000, 0x0000, 0x0000, 0x0000, 0x0000, 0x0000, 0x0000,
    0x0000, 0x0000, 0x0000, 0x0000, 0x0000, 0x0000, 0x0000, 0x0000, 0x0000, 0x0000, 0x0000, 0x0000,
    0x0000, 0x0000, 0x0000, 0x0000, 0x0000, 0x0000, 0x0000, 0x0000, 0x0000, 0x0000, 0x0000, 0x0000,
    0x0000, 0x0000, 0x0000, 0x0000, 0x0000, 0x0000, 0x0000, 0x0000, 0x0000, 0x0000, 0x0000, 0x0000,
    0x0000, 0x0000, 0x0000, 0x0000, 0x0000, 0x0000, 0x0000, 0x0000, 0x0000, 0x0000, 0x0000, 0x0000,
    0x0000, 0x0000, 0x0000, 0x0000, 0x0000, 0x0000, 0x0000, 0x0000, 0x0000, 0x0000, 0x0000, 0x0000,
    0x0000, 0x0000, 0x0000, 0x0000, 0x0000, 0x0000, 0x0000, 0x0000, 0x0000, 0x0000, 0x0000, 0x0000,
    0x0000, 0x0000, 0x0000, 0x0000, 0x0000, 0x0000, 0x0000, 0x0000, 0x0000, 0x0000, 0x0000, 0x0000,
    0x0000, 0x0000, 0x0000, 0x0840, 0x8348, 0xF5EF, 0xFE50, 0xF673, 0xF6F7, 0xFEF7, 0xFEB5, 0xFE95,
    0xF675, 0xF674, 0xF654, 0xF633, 0xF633, 0xF613, 0xF612, 0xEDF2, 0xEDF2, 0xEDF2, 0xEDF2, 0xEDF2,
    0xEDD1, 0xEDD1, 0xE5D1, 0xE5D1, 0xE5D1, 0xE5B1, 0xEDB1, 0xEDB1, 0xEDB1, 0xEDB1, 0xEDB1, 0xEDB1,
    0xEDB1, 0xEDB1, 0xEDB1, 0xEDB1, 0xEDB1, 0xEDB1, 0xEDB1, 0xEDB1, 0xEDB1, 0xEDB1, 0xEDB1, 0xEDB1,
    0xEDD1, 0xF5D1, 0xF5D1, 0xF5F2, 0xF5F2, 0xF5F2, 0xF5F2, 0xF5F3, 0xF613, 0xF613, 0xF5F3, 0xF5F3,
    0xF5F3, 0xF613, 0xF613, 0xF613, 0xFE13, 0xFE14, 0xFE34, 0xFE54, 0xFE54, 0xFE34, 0xFE34, 0xFE34,
    0xFE34, 0xFE34, 0xFE14, 0xFE13, 0xF613, 0xF5F3, 0xF5F2, 0xF5F2, 0xF5D2, 0xEDD2, 0xEDD2, 0xEDD2,
    0xEDB2, 0xEDB2, 0xEDB2, 0xE591, 0xE591, 0xE591, 0xE591, 0xE591, 0xE591, 0xE591, 0xE571, 0xE571,
    0xE591, 0xE570, 0xDD70, 0xDD70, 0xDD50, 0xDD70, 0xDD70, 0xDD70, 0xDD70, 0xDD70, 0xDD70, 0xDD70,
    0xDD70, 0xDD70, 0xDD71, 0xE591, 0xE591, 0xE591, 0xE591, 0xE5B1, 0xE5B1, 0xE5B1, 0xEDD2, 0xEDF2,
    0xEDF2, 0xEDF2, 0xF5F2, 0xF613, 0xF633, 0xF633, 0xFE54, 0xFE95, 0xF674, 0xF632, 0xFE30, 0xED6E,
    0x6A66, 0x0000, 0x0000, 0x0000, 0x0000, 0x0000, 0x0000, 0x0000, 0x0000, 0x0000, 0x0000, 0x0000,
    0x0000, 0x0000, 0x0000, 0x0000, 0x0000, 0x0000, 0x0000, 0x0000, 0x0000, 0x0000, 0x0000, 0x0000,
    0x0000, 0x0000, 0x0000, 0x0000, 0x0000, 0x0000, 0x0000, 0x0000, 0x0000, 0x0000, 0x0000, 0x0000,
    0x0000, 0x0000, 0x0000, 0x0000, 0x0000, 0x0000, 0x0000, 0x0000, 0x0000, 0x0000, 0x0000, 0x0000,
    0x0000, 0x0000, 0x0000, 0x0000, 0x0000, 0x0000, 0x0000, 0x0000, 0x0000, 0x0000, 0x0000, 0x0000,
    0x0000, 0x0000, 0x0000, 0x0000, 0x0000, 0x0000, 0x0000, 0x0000, 0x0000, 0x0000, 0x0000, 0x0000,
    0x0000, 0x0000, 0x0000, 0x0000, 0x0000, 0x0000, 0x0000, 0x0000, 0x0000, 0x0000, 0x0000, 0x0000,
    0x0000, 0x0000, 0x0000, 0x0000, 0x0000, 0x0000, 0x0000, 0x0000, 0x0000, 0x0000, 0x0000, 0x0000,
    0x0000, 0x0000, 0x0000, 0x0000, 0x0000, 0x0000, 0x0000, 0x0000, 0x0000, 0x0000, 0x0000, 0x0000,
    0x0000, 0x0000, 0x0000, 0x0000, 0x0000, 0x0000, 0x0000, 0x0000, 0x0000, 0x0000, 0x51E5, 0xD52D,
    0xFE50, 0xFE52, 0xF6D6, 0xFEF7, 0xFED6, 0xFEB5, 0xF695, 0xF674, 0xF654, 0xF654, 0xF633, 0xF613,
    0xF613, 0xEE12, 0xEDF2, 0xEDF1, 0xEDF1, 0xEDF1, 0xEDF2, 0xEDF2, 0xEDD1, 0xE5B1, 0xE5B1, 0xE5B1,
    0xE5B1, 0xEDB1, 0xEDB1, 0xEDB1, 0xEDB1, 0xEDB1, 0xEDB1, 0xEDB1, 0xEDB1, 0xEDB1, 0xEDB1, 0xEDB1,
    0xEDB1, 0xEDB1, 0xEDD1, 0xEDD1, 0xF5D1, 0xF5D2, 0xF5D2, 0xF5F2, 0xF5F2, 0xF5F3, 0xF613, 0xF613,
    0xF614, 0xFE34, 0xFE55, 0xFE76, 0xFE96, 0xFEB7, 0xFEB7, 0xFEB8, 0xFED8, 0xFED8, 0xFED8, 0xFED8,
    0xFED8, 0xFED8, 0xFED8, 0xFED8, 0xFED8, 0xFED8, 0xFED8, 0xFED8, 0xFED8, 0xFEF8, 0xFEF9, 0xFEF9,
    0xFED8, 0xFED8, 0xFEB8, 0xFE97, 0xFE76, 0xFE35, 0xF614, 0xF5F3, 0xF5F3, 0xF5F3, 0xF5F2, 0xEDD2,
    0xEDD2, 0xEDD2, 0xEDB2, 0xEDB1, 0xED91, 0xE591, 0xE591, 0xE591, 0xE591, 0xE591, 0xE571, 0xE570,
    0xDD70, 0xDD50, 0xDD70, 0xDD50, 0xDD50, 0xDD50, 0xDD50, 0xDD70, 0xDD70, 0xDD70, 0xDD70, 0xDD70,
    0xDD70, 0xDD70, 0xE591, 0xE591, 0xE591, 0xE591, 0xE5B1, 0xE5D1, 0xEDD2, 0xEDD2, 0xEDF2, 0xEDF2,
    0xF5F2, 0xF613, 0xF633, 0xF633, 0xFE54, 0xFE75, 0xF653, 0xFE11, 0xFE0F, 0xBC6B, 0x3963, 0x0000,
    0x0000, 0x0000, 0x0000, 0x0000, 0x0000, 0x0000, 0x0000, 0x0000, 0x0000, 0x0000, 0x0000, 0x0000,
    0x0000, 0x0000, 0x0000, 0x0000, 0x0000, 0x0000, 0x0000, 0x0000, 0x0000, 0x0000, 0x0000, 0x0000,
    0x0000, 0x0000, 0x0000, 0x0000, 0x0000, 0x0000, 0x0000, 0x0000, 0x0000, 0x0000, 0x0000, 0x0000,
    0x0000, 0x0000, 0x0000, 0x0000, 0x0000, 0x0000, 0x0000, 0x0000, 0x0000, 0x0000, 0x0000, 0x0000,
    0x0000, 0x0000, 0x0000, 0x0000, 0x0000, 0x0000, 0x0000, 0x0000, 0x0000, 0x0000, 0x0000, 0x0000,
    0x0000, 0x0000, 0x0000, 0x0000, 0x0000, 0x0000, 0x0000, 0x0000, 0x0000, 0x0000, 0x0000, 0x0000,
    0x0000, 0x0000, 0x0000, 0x0000, 0x0000, 0x0000, 0x0000, 0x0000, 0x0000, 0x0000, 0x0000, 0x0000,
    0x0000, 0x0000, 0x0000, 0x0000, 0x0000, 0x0000, 0x0000, 0x0000, 0x0000, 0x0000, 0x0000, 0x0000,
    0x0000, 0x0000, 0x0000, 0x0000, 0x0000, 0x0000, 0x0000, 0x0000, 0x0000, 0x0000, 0x0000, 0x0000,
    0x0000, 0x0000, 0x0000, 0x0000, 0x18A1, 0xA3EA, 0xFE2F, 0xFE30, 0xF674, 0xFED7, 0xFED6, 0xFEB5,
    0xFE95, 0xF695, 0xF674, 0xF654, 0xF633, 0xF633, 0xF613, 0xF612, 0xEDF2, 0xEDF2, 0xEDF2, 0xEDD1,
    0xEDD1, 0xEDB1, 0xEDD1, 0xEDD1, 0xE5B1, 0xE5B1, 0xE5B1, 0xE5B1, 0xE5B1, 0xEDB1, 0xEDB1, 0xEDD1,
    0xEDD1, 0xEDD1, 0xEDD1, 0xEDB1, 0xEDD1, 0xEDD1, 0xEDD1, 0xEDD1, 0xF5D1, 0xF5F2, 0xF5F2, 0xF5F2,
    0xF5F2, 0xF5F3, 0xFE13, 0xFE14, 0xFE55, 0xFE96, 0xFEB7, 0xFED8, 0xFEF9, 0xFEF9, 0xFEF8, 0xFED7,
    0xFE95, 0xFE74, 0xFE52, 0xFE11, 0xFDEF, 0xFDCD, 0xFDAC, 0xFD8C, 0xFD6B, 0xFD6A, 0xFD6A, 0xFD6A,
    0xFD6A, 0xFD6A, 0xFD4A, 0xFD4A, 0xFD6B, 0xFD6B, 0xFD8C, 0xFDAD, 0xFDCE, 0xFDF0, 0xFE11, 0xFE53,
    0xFE74, 0xFE75, 0xFE97, 0xFEB8, 0xFEB8, 0xFEB7, 0xFE77, 0xFE55, 0xFE34, 0xF5F3, 0xF5D2, 0xF5D2,
    0xEDD2, 0xEDB2, 0xEDB1, 0xEDB1, 0xE591, 0xE591, 0xE591, 0xE591, 0xE571, 0xDD70, 0xDD70, 0xDD50,
    0xDD50, 0xDD70, 0xDD70, 0xDD70, 0xDD70, 0xDD70, 0xDD50, 0xDD70, 0xDD70, 0xDD70, 0xDD70, 0xDD70,
    0xDD71, 0xE591, 0xE591, 0xE5B1, 0xE5B1, 0xE5D1, 0xEDD2, 0xEDF2, 0xEDF2, 0xEDF2, 0xF5F3, 0xF613,
    0xF633, 0xF633, 0xFE54, 0xFE95, 0xF632, 0xFE30, 0xFDEF, 0x7AE7, 0x0000, 0x0000, 0x0000, 0x0000,
    0x0000, 0x0000, 0x0000, 0x0000, 0x0000, 0x0000, 0x0000, 0x0000, 0x0000, 0x0000, 0x0000, 0x0000,
    0x0000, 0x0000, 0x0000, 0x0000, 0x0000, 0x0000, 0x0000, 0x0000, 0x0000, 0x0000, 0x0000, 0x0000,
    0x0000, 0x0000, 0x0000, 0x0000, 0x0000, 0x0000, 0x0000, 0x0000, 0x0000, 0x0000, 0x0000, 0x0000,
    0x0000, 0x0000, 0x0000, 0x0000, 0x0000, 0x0000, 0x0000, 0x0000, 0x0000, 0x0000, 0x0000, 0x0000,
    0x0000, 0x0000, 0x0000, 0x0000, 0x0000, 0x0000, 0x0000, 0x0000, 0x0000, 0x0000, 0x0000, 0x0000,
    0x0000, 0x0000, 0x0000, 0x0000, 0x0000, 0x0000, 0x0000, 0x0000, 0x0000, 0x0000, 0x0000, 0x0000,
    0x0000, 0x0000, 0x0000, 0x0000, 0x0000, 0x0000, 0x0000, 0x0000, 0x0000, 0x0000, 0x0000, 0x0000,
    0x0000, 0x0000, 0x0000, 0x0000, 0x0000, 0x0000, 0x0000, 0x0000, 0x0000, 0x0000, 0x0000, 0x0000,
    0x0000, 0x0000, 0x0000, 0x0000, 0x0000, 0x0000, 0x0000, 0x0000, 0x0000, 0x0000, 0x0000, 0x5A46,
    0xE58E, 0xFE50, 0xF652, 0xF6D6, 0xFED7, 0xFEB5, 0xFE95, 0xF695, 0xF674, 0xF654, 0xF654, 0xF633,
    0xF613, 0xF612, 0xEDF2, 0xEDF2, 0xEDF2, 0xEDF1, 0xEDF1, 0xEDD1, 0xEDD1, 0xEDB1, 0xEDB1, 0xEDB1,
    0xE5B1, 0xE5B1, 0xE5B1, 0xE5B1, 0xE5B1, 0xEDB1, 0xEDD1, 0xEDD1, 0xEDD1, 0xEDD1, 0xEDD1, 0xEDD1,
    0xEDD1, 0xF5F2, 0xF5F2, 0xF5F2, 0xF5F3, 0xF613, 0xF613, 0xFE34, 0xFE55, 0xFE97, 0xFED8, 0xFEF9,
    0xFEF8, 0xFED7, 0xFE95, 0xFE52, 0xFDEF, 0xFDCD, 0xFD8A, 0xFD49, 0xFD08, 0xFD07, 0xFD07, 0xFD07,
    0xFD07, 0xFD08, 0xFD08, 0xFD08, 0xFD08, 0xFD08, 0xFD08, 0xFD08, 0xFD08, 0xFD08, 0xFCE8, 0xFCE8,
    0xFCE8, 0xFCE7, 0xFCE8, 0xFCE8, 0xFCE8, 0xFCC7, 0xFCA7, 0xFCA7, 0xFCC7, 0xFCC8, 0xFCE9, 0xFD2A,
    0xFD8D, 0xFDF0, 0xFE53, 0xFEB6, 0xFED7, 0xFED8, 0xFEB8, 0xFE76, 0xFE34, 0xF5F3, 0xF5D2, 0xF5D2,
    0xEDD2, 0xEDB2, 0xEDB1, 0xE591, 0xE591, 0xE591, 0xE570, 0xE570, 0xE570, 0xE570, 0xDD70, 0xDD70,
    0xDD50, 0xDD50, 0xDD50, 0xDD50, 0xDD50, 0xDD50, 0xDD50, 0xDD50, 0xDD50, 0xDD70, 0xE570, 0xE591,
    0xE591, 0xE5B1, 0xE5B1, 0xE5B1, 0xEDD1, 0xEDF2, 0xEDF2, 0xEDF2, 0xF612, 0xF613, 0xF633, 0xFE53,
    0xFE74, 0xF674, 0xFE11, 0xFE0F, 0xC48C, 0x3963, 0x0000, 0x0000, 0x0000, 0x0000, 0x0000, 0x0000,
    0x0000, 0x0000, 0x0000, 0x0000, 0x0000, 0x0000, 0x0000, 0x0000, 0x0000, 0x0000, 0x0000, 0x0000,
    0x0000, 0x0000, 0x0000, 0x0000, 0x0000, 0x0000, 0x0000, 0x0000, 0x0000, 0x0000, 0x0000, 0x0000,
    0x0000, 0x0000, 0x0000, 0x0000, 0x0000, 0x0000, 0x0000, 0x0000, 0x0000, 0x0000, 0x0000, 0x0000,
    0x0000, 0x0000, 0x0000, 0x0000, 0x0000, 0x0000, 0x0000, 0x0000, 0x0000, 0x0000, 0x0000, 0x0000,
    0x0000, 0x0000, 0x0000, 0x0000, 0x0000, 0x0000, 0x0000, 0x0000, 0x0000, 0x0000, 0x0000, 0x0000,
    0x0000, 0x0000, 0x0000, 0x0000, 0x0000, 0x0000, 0x0000, 0x0000, 0x0000, 0x0000, 0x0000, 0x0000,
    0x0000, 0x0000, 0x0000, 0x0000, 0x0000, 0x0000, 0x0000, 0x0000, 0x0000, 0x0000, 0x0000, 0x0000,
    0x0000, 0x0000, 0x0000, 0x0000, 0x0000, 0x0000, 0x0000, 0x0000, 0x0000, 0x0000, 0x0000, 0x0000,
    0x0000, 0x0000, 0x0000, 0x0000, 0x0000, 0x1081, 0xA3EA, 0xFE70, 0xFE51, 0xF6B5, 0xFEF7, 0xFEB5,
    0xFEB5, 0xFE95, 0xF674, 0xF674, 0xF654, 0xF633, 0xF613, 0xF613, 0xF612, 0xEDF2, 0xEDF2, 0xEDF2,
    0xEDD1, 0xEDD1, 0xEDD1, 0xEDD1, 0xEDD1, 0xE5B1, 0xE5B1, 0xE5B1, 0xE5B1, 0xE5B1, 0xE5B1, 0xEDD1,
    0xEDB1, 0xEDB1, 0xEDD1, 0xEDD1, 0xEDF2, 0xF5F2, 0xF5F2, 0xF5F2, 0xF5F2, 0xF613, 0xFE34, 0xFE34,
    0xFE55, 0xFE97, 0xFED9, 0xFEF9, 0xFEF8, 0xFEB5, 0xFE52, 0xFDEE, 0xFD8B, 0xFD49, 0xFD28, 0xFD28,
    0xFD28, 0xFD28, 0xFD28, 0xFD29, 0xFD2A, 0xFD2A, 0xFD4A, 0xFD6B, 0xFD8B, 0xFD8C, 0xFDAC, 0xFDAD,
    0xFDCD, 0xFDCE, 0xFDCE, 0xFDCE, 0xFDCE, 0xFDCE, 0xFDCE, 0xFDCE, 0xFDAE, 0xFDAD, 0xFDAD, 0xFD8D,
    0xFD6C, 0xFD4B, 0xFD0A, 0xFCEA, 0xFCE9, 0xFCC9, 0xFCC8, 0xFCA8, 0xFC87, 0xFC87, 0xFCA7, 0xFCC8,
    0xFD0A, 0xFD6D, 0xFDF1, 0xFE54, 0xFEB7, 0xFED8, 0xFEB8, 0xFE76, 0xF614, 0xF5F3, 0xF5D2, 0xEDB2,
    0xEDB2, 0xEDB1, 0xE591, 0xE591, 0xE571, 0xE570, 0xE570, 0xDD70, 0xDD50, 0xDD50, 0xDD50, 0xDD50,
    0xDD50, 0xDD50, 0xDD50, 0xDD50, 0xDD50, 0xDD50, 0xDD70, 0xDD70, 0xE570, 0xE591, 0xE591, 0xE591,
    0xE5B1, 0xEDB1, 0xEDD2, 0xEDF2, 0xEDF2, 0xF5F2, 0xF612, 0xF613, 0xF633, 0xFE54, 0xFE75, 0xF632,
    0xFE10, 0xFDCF, 0x7AE7, 0x0000, 0x0000, 0x0000, 0x0000, 0x0000, 0x0000, 0x0000, 0x0000, 0x0000,
    0x0000, 0x0000, 0x0000, 0x0000, 0x0000, 0x0000, 0x0000, 0x0000, 0x0000, 0x0000, 0x0000, 0x0000,
    0x0000, 0x0000, 0x0000, 0x0000, 0x0000, 0x0000, 0x0000, 0x0000, 0x0000, 0x0000, 0x0000, 0x0000,
    0x0000, 0x0000, 0x0000, 0x0000, 0x0000, 0x0000, 0x0000, 0x0000, 0x0000, 0x0000, 0x0000, 0x0000,
    0x0000, 0x0000, 0x0000, 0x0000, 0x0000, 0x0000, 0x0000, 0x0000, 0x0000, 0x0000, 0x0000, 0x0000,
    0x0000, 0x0000, 0x0000, 0x0000, 0x0000, 0x0000, 0x0000, 0x0000, 0x0000, 0x0000, 0x0000, 0x0000,
    0x0000, 0x0000, 0x0000, 0x0000, 0x0000, 0x0000, 0x0000, 0x0000, 0x0000, 0x0000, 0x0000, 0x0000,
    0x0000, 0x0000, 0x0000, 0x0000, 0x0000, 0x0000, 0x0000, 0x0000, 0x0000, 0x0000, 0x0000, 0x0000,
    0x0000, 0x0000, 0x0000, 0x0000, 0x0000, 0x0000, 0x0000, 0x0000, 0x0000, 0x0000, 0x0000, 0x0000,
    0x49E5, 0xDD6E, 0xFE50, 0xF652, 0xF6F7, 0xFEF7, 0xFEB5, 0xFE95, 0xF695, 0xF674, 0xF654, 0xF653,
    0xF633, 0xF613, 0xEDF2, 0xEDF2, 0xEDF2, 0xEDF2, 0xEDF2, 0xEDD1, 0xEDD1, 0xE5D1, 0xEDD1, 0xEDD1,
    0xE5D1, 0xE5B1, 0xE5B1, 0xE5B1, 0xE5B1, 0xEDB1, 0xEDD1, 0xEDD1, 0xEDD1, 0xEDD1, 0xF5F2, 0xF5F2,
    0xF5F2, 0xF613, 0xF613, 0xFE34, 0xFE55, 0xFE96, 0xFED8, 0xFEF9, 0xFEF8, 0xFEB5, 0xFE51, 0xFDCD,
    0xFD6A, 0xFD48, 0xFD28, 0xFD28, 0xFD28, 0xFD29, 0xFD4A, 0xFD6A, 0xFD8B, 0xFDAC, 0xFDCD, 0xFDEE,
    0xFE2F, 0xFE30, 0xFE51, 0xFE51, 0xFE72, 0xFE52, 0xFE52, 0xFE52, 0xFE52, 0xFE52, 0xFE52, 0xFE51,
    0xFE31, 0xFE31, 0xFE31, 0xFE32, 0xFE31, 0xFE11, 0xFE11, 0xFE11, 0xFE11, 0xFE11, 0xFDF1, 0xFDF1,
    0xFDD0, 0xFDAF, 0xFDAE, 0xFD6D, 0xFD2B, 0xFCEA, 0xFCC9, 0xFCA9, 0xFCA8, 0xFC87, 0xFC67, 0xFC67,
    0xFCA9, 0xFD2C, 0xFDD0, 0xFE75, 0xFEB7, 0xFEB8, 0xFE76, 0xF614, 0xF5D3, 0xF5D2, 0xEDB2, 0xEDB1,
    0xED91, 0xE591, 0xE571, 0xE571, 0xE570, 0xE570, 0xDD70, 0xDD50, 0xDD50, 0xDD50, 0xDD50, 0xDD30,
    0xDD50, 0xDD50, 0xDD50, 0xDD50, 0xDD70, 0xE570, 0xE570, 0xE590, 0xE591, 0xE591, 0xE5B1, 0xEDD2,
    0xEDF2, 0xEDF2, 0xEDF2, 0xF5F2, 0xF613, 0xF633, 0xFE33, 0xFE74, 0xF674, 0xFE11, 0xFE2F, 0xB42A,
    0x20C2, 0x0000, 0x0000, 0x0000, 0x0000, 0x0000, 0x0000, 0x0000, 0x0000, 0x0000, 0x0000, 0x0000,
    0x0000, 0x0000, 0x0000, 0x0000, 0x0000, 0x0000, 0x0000, 0x0000, 0x0000, 0x0000, 0x0000, 0x0000,
    0x0000, 0x0000, 0x0000, 0x0000, 0x0000, 0x0000, 0x0000, 0x0000, 0x0000, 0x0000, 0x0000, 0x0000,
    0x0000, 0x0000, 0x0000, 0x0000, 0x0000, 0x0000, 0x0000, 0x0000, 0x0000, 0x0000, 0x0000, 0x0000,
    0x0000, 0x0000, 0x0000, 0x0000, 0x0000, 0x0000, 0x0000, 0x0000, 0x0000, 0x0000, 0x0000, 0x0000,
    0x0000, 0x0000, 0x0000, 0x0000, 0x0000, 0x0000, 0x0000, 0x0000, 0x0000, 0x0000, 0x0000, 0x0000,
    0x0000, 0x0000, 0x0000, 0x0000, 0x0000, 0x0000, 0x0000, 0x0000, 0x0000, 0x0000, 0x0000, 0x0000,
    0x0000, 0x0000, 0x0000, 0x0000, 0x0000, 0x0000, 0x0000, 0x0000, 0x0000, 0x0000, 0x0000, 0x0000,
    0x0000, 0x0000, 0x0000, 0x0000, 0x0000, 0x0000, 0x0020, 0x8B89, 0xFE4F, 0xFE30, 0xF694, 0xFEF7,
    0xFED6, 0xFEB5, 0xFE95, 0xF674, 0xF674, 0xF654, 0xF633, 0xF633, 0xF612, 0xEDF2, 0xEDF2, 0xEDF2,
    0xEDF2, 0xEDD2, 0xEDD1, 0xE5D1, 0xE5D1, 0xE5D1, 0xE5D1, 0xE5D1, 0xE5D1, 0xE5B1, 0xE5B1, 0xEDB1,
    0xEDB1, 0xEDD1, 0xEDD2, 0xEDF2, 0xEDF2, 0xF5F2, 0xF5F3, 0xF613, 0xF613, 0xFE54, 0xFE96, 0xFEF9,
    0xFF19, 0xFEF7, 0xFE93, 0xFE0E, 0xFDAA, 0xFD69, 0xFD28, 0xFD28, 0xFD28, 0xFD49, 0xFD6A, 0xFD8B,
    0xFDCD, 0xFE0F, 0xFE30, 0xFE51, 0xFE72, 0xFE72, 0xFE72, 0xFE72, 0xFE51, 0xFE51, 0xFE30, 0xFE30,
    0xFE10, 0xFE10, 0xFE0F, 0xFE0F, 0xFDEF, 0xFDEF, 0xFDEF, 0xFDEE, 0xFDCE, 0xFDCE, 0xFDCE, 0xFDCF,
    0xFDCE, 0xFDAE, 0xFDAE, 0xFDAE, 0xFDAE, 0xFDAF, 0xFDAF, 0xFDAF, 0xFDB0, 0xFDD0, 0xFDF0, 0xFDF1,
    0xFDF1, 0xFDD1, 0xFDB0, 0xFD8E, 0xFD4D, 0xFD0B, 0xFCC9, 0xF488, 0xFC67, 0xFC47, 0xFC47, 0xFC67,
    0xFCC9, 0xFD4D, 0xFE13, 0xFE96, 0xFEB7, 0xFE76, 0xF614, 0xF5D2, 0xF5B2, 0xEDB2, 0xED91, 0xE591,
    0xE591, 0xE571, 0xE571, 0xE570, 0xE550, 0xDD50, 0xDD50, 0xDD30, 0xDD30, 0xDD50, 0xDD50, 0xDD50,
    0xDD50, 0xDD70, 0xDD70, 0xE570, 0xE570, 0xE590, 0xE591, 0xE5B1, 0xEDD1, 0xEDD1, 0xEDD1, 0xEDF2,
    0xF5F2, 0xF612, 0xF613, 0xF633, 0xFE54, 0xFE95, 0xF632, 0xFE2F, 0xED8D, 0x5A05, 0x0000, 0x0000,
    0x0000, 0x0000, 0x0000, 0x0000, 0x0000, 0x0000, 0x0000, 0x0000, 0x0000, 0x0000, 0x0000, 0x0000,
    0x0000, 0x0000, 0x0000, 0x0000, 0x0000, 0x0000, 0x0000, 0x0000, 0x0000, 0x0000, 0x0000, 0x0000,
    0x0000, 0x0000, 0x0000, 0x0000, 0x0000, 0x0000, 0x0000, 0x0000, 0x0000, 0x0000, 0x0000, 0x0000,
    0x0000, 0x0000, 0x0000, 0x0000, 0x0000, 0x0000, 0x0000, 0x0000, 0x0000, 0x0000, 0x0000, 0x0000,
    0x0000, 0x0000, 0x0000, 0x0000, 0x0000, 0x0000, 0x0000, 0x0000, 0x0000, 0x0000, 0x0000, 0x0000,
    0x0000, 0x0000, 0x0000, 0x0000, 0x0000, 0x0000, 0x0000, 0x0000, 0x0000, 0x0000, 0x0000, 0x0000,
    0x0000, 0x0000, 0x0000, 0x0000, 0x0000, 0x0000, 0x0000, 0x0000, 0x0000, 0x0000, 0x0000, 0x0000,
    0x0000, 0x0000, 0x0000, 0x0000, 0x0000, 0x0000, 0x0000, 0x0000, 0x0000, 0x0000, 0x0000, 0x0000,
    0x0000, 0x18C2, 0xBCAC, 0xFE70, 0xF631, 0xFED6, 0xFED7, 0xFEB5, 0xFE95, 0xFE95, 0xF674, 0xF654,
    0xF633, 0xF633, 0xF612, 0xEDF2, 0xEDF2, 0xEDF2, 0xEDF2, 0xEDF2, 0xEDD1, 0xE5D1, 0xE5D1, 0xE5B1,
    0xE5B1, 0xE5D1, 0xE5D1, 0xE5B1, 0xEDB1, 0xEDD2, 0xEDD2, 0xEDD2, 0xEDD2, 0xEDD2, 0xEDF2, 0xF5F3,
    0xF613, 0xF634, 0xFE34, 0xFE76, 0xFED8, 0xFF19, 0xFED7, 0xFE72, 0xFDED, 0xFDAA, 0xFD68, 0xFD68,
    0xFD49, 0xFD49, 0xFD6A, 0xFD8B, 0xFDEE, 0xFE50, 0xFE92, 0xFE92, 0xFE92, 0xFE92, 0xFE72, 0xFE51,
    0xFE50, 0xFE30, 0xFE0F, 0xFE0F, 0xFE0F, 0xFDEF, 0xFDEF, 0xFDEE, 0xFDEE, 0xFDEE, 0xFDEE, 0xFDCE,
    0xFDCE, 0xFDCD, 0xFDAD, 0xFDAD, 0xFD8D, 0xFD8D, 0xFD8D, 0xFD6D, 0xFD6D, 0xFD6D, 0xFD6C, 0xFD6D,
    0xFD4D, 0xFD4D, 0xFD4D, 0xFD4D, 0xFD4D, 0xFD4D, 0xFD6D, 0xFD6D, 0xFD6E, 0xFD6E, 0xFD6F, 0xFD8F,
    0xFDAF, 0xFDB0, 0xFDB0, 0xFD8F, 0xFD4D, 0xFCEB, 0xFC89, 0xFC68, 0xFC47, 0xFC26, 0xFC26, 0xFC88,
    0xFD4D, 0xFE13, 0xFE97, 0xFE97, 0xFE35, 0xF5F3, 0xF5D2, 0xEDB2, 0xEDB2, 0xED91, 0xE591, 0xE571,
    0xE571, 0xDD70, 0xDD50, 0xDD50, 0xDD50, 0xDD50, 0xDD50, 0xDD50, 0xDD50, 0xDD50, 0xDD50, 0xDD70,
    0xDD70, 0xDD70, 0xE570, 0xE590, 0xE5B1, 0xE5B1, 0xEDB1, 0xEDD1, 0xEDD1, 0xEDF2, 0xF5F2, 0xF612,
    0xF633, 0xFE53, 0xFE95, 0xF654, 0xFE10, 0xFE0F, 0x8308, 0x0000, 0x0000, 0x0000, 0x0000, 0x0000,
    0x0000, 0x0000, 0x0000, 0x0000, 0x0000, 0x0000, 0x0000, 0x0000, 0x0000, 0x0000, 0x0000, 0x0000,
    0x0000, 0x0000, 0x0000, 0x0000, 0x0000, 0x0000, 0x0000, 0x0000, 0x0000, 0x0000, 0x0000, 0x0000,
    0x0000, 0x0000, 0x0000, 0x0000, 0x0000, 0x0000, 0x0000, 0x0000, 0x0000, 0x0000, 0x0000, 0x0000,
    0x0000, 0x0000, 0x0000, 0x0000, 0x0000, 0x0000, 0x0000, 0x0000, 0x0000, 0x0000, 0x0000, 0x0000,
    0x0000, 0x0000, 0x0000, 0x0000, 0x0000, 0x0000, 0x0000, 0x0000, 0x0000, 0x0000, 0x0000, 0x0000,
    0x0000, 0x0000, 0x0000, 0x0000, 0x0000, 0x0000, 0x0000, 0x0000, 0x0000, 0x0000, 0x0000, 0x0000,
    0x0000, 0x0000, 0x0000, 0x0000, 0x0000, 0x0000, 0x0000, 0x0000, 0x0000, 0x0000, 0x0000, 0x0000,
    0x0000, 0x0000, 0x0000, 0x0000, 0x0000, 0x0000, 0x0000, 0x0000, 0x49E5, 0xE5AF, 0xFE50, 0xF673,
    0xFEF7, 0xFED6, 0xFEB5, 0xFE95, 0xF674, 0xF654, 0xF653, 0xF633, 0xF613, 0xF612, 0xEDF2, 0xEDF2,
    0xEDF2, 0xEDF2, 0xEDF2, 0xEDD1, 0xE5D1, 0xE5D1, 0xE5B1, 0xE5B1, 0xE5B1, 0xE5D1, 0xE5D2, 0xEDD2,
    0xEDD2, 0xEDD2, 0xEDD2, 0xEDF2, 0xEDF3, 0xF5F3, 0xF613, 0xF634, 0xFE55, 0xFE97, 0xFF1A, 0xFF19,
    0xFE94, 0xFDCD, 0xFD49, 0xFD48, 0xFD49, 0xFD69, 0xFD6A, 0xFD8B, 0xFDCD, 0xFE30, 0xFE92, 0xFE93,
    0xFE93, 0xFE92, 0xFE71, 0xFE51, 0xFE30, 0xFE0F, 0xFE0F, 0xFE0F, 0xFE0F, 0xFE0F, 0xFDEE, 0xFDEE,
    0xFDEE, 0xFDED, 0xFDCD, 0xFDCD, 0xFDCD, 0xFDAD, 0xFDAD, 0xFD8C, 0xFD8C, 0xFD6C, 0xFD6C, 0xFD6C,
    0xFD6C, 0xFD4C, 0xFD4B, 0xF52B, 0xF52B, 0xF52B, 0xF52B, 0xF52B, 0xF50B, 0xF50B, 0xF50C, 0xF50C,
    0xF50C, 0xF50C, 0xF50C, 0xF50C, 0xF50C, 0xFD0C, 0xFD0C, 0xFD0C, 0xFD2D, 0xFD2D, 0xFD4E, 0xFD6F,
    0xFD90, 0xFD90, 0xFD8F, 0xFD4E, 0xFCEB, 0xF489, 0xFC68, 0xFC47, 0xFC27, 0xFC27, 0xFC88, 0xFD4E,
    0xFE34, 0xFEB7, 0xFE97, 0xF614, 0xF5D3, 0xEDD2, 0xEDB2, 0xE591, 0xE571, 0xE571, 0xE571, 0xE571,
    0xDD50, 0xDD50, 0xDD50, 0xDD50, 0xDD50, 0xDD50, 0xDD50, 0xDD50, 0xDD50, 0xDD70, 0xDD50, 0xDD70,
    0xE590, 0xE590, 0xE591, 0xE5B1, 0xEDB1, 0xEDD1, 0xEDD2, 0xF5F2, 0xF612, 0xF613, 0xF633, 0xFE74,
    0xFE94, 0xF611, 0xFE0F, 0xB42A, 0x18A1, 0x0000, 0x0000, 0x0000, 0x0000, 0x0000, 0x0000, 0x0000,
    0x0000, 0x0000, 0x0000, 0x0000, 0x0000, 0x0000, 0x0000, 0x0000, 0x0000, 0x0000, 0x0000, 0x0000,
    0x0000, 0x0000, 0x0000, 0x0000, 0x0000, 0x0000, 0x0000, 0x0000, 0x0000, 0x0000, 0x0000, 0x0000,
    0x0000, 0x0000, 0x0000, 0x0000, 0x0000, 0x0000, 0x0000, 0x0000, 0x0000, 0x0000, 0x0000, 0x0000,
    0x0000, 0x0000, 0x0000, 0x0000, 0x0000, 0x0000, 0x0000, 0x0000, 0x0000, 0x0000, 0x0000, 0x0000,
    0x0000, 0x0000, 0x0000, 0x0000, 0x0000, 0x0000, 0x0000, 0x0000, 0x0000, 0x0000, 0x0000, 0x0000,
    0x0000, 0x0000, 0x0000, 0x0000, 0x0000, 0x0000, 0x0000, 0x0000, 0x0000, 0x0000, 0x0000, 0x0000,
    0x0000, 0x0000, 0x0000, 0x0000, 0x0000, 0x0000, 0x0000, 0x0000, 0x0000, 0x0000, 0x0000, 0x0000,
    0x0000, 0x0000, 0x0000, 0x8328, 0xFE50, 0xFE31, 0xF6B5, 0xFEF7, 0xFEB5, 0xFE95, 0xFE74, 0xF654,
    0xF653, 0xF633, 0xF633, 0xF612, 0xEE12, 0xEDF2, 0xEDF2, 0xEDF2, 0xEDF2, 0xEDD2, 0xE5D1, 0xE5D1,
    0xE5D1, 0xE5D1, 0xE5D1, 0xE5B1, 0xE5B1, 0xE5D2, 0xE5D2, 0xEDD2, 0xEDD2, 0xEDF2, 0xEDF3, 0xF5F3,
    0xF614, 0xF635, 0xFE76, 0xFED8, 0xFF1A, 0xFED7, 0xFE30, 0xFDAA, 0xFD68, 0xFD48, 0xFD49, 0xFD49,
    0xFD8A, 0xFDED, 0xFE51, 0xFE93, 0xFEB3, 0xFE92, 0xFE72, 0xFE51, 0xFE50, 0xFE30, 0xFE2F, 0xFE0F,
    0xFDEE, 0xFDEE, 0xFDEE, 0xFDEE, 0xFDCE, 0xFDCE, 0xFDAD, 0xFDAD, 0xFDAC, 0xFD8C, 0xFD8C, 0xFD8C,
    0xFD6C, 0xFD8C, 0xFD6B, 0xFD6B, 0xF54B, 0xF54B, 0xF54B, 0xF52B, 0xF52B, 0xF52B, 0xF50B, 0xF50A,
    0xF50A, 0xF50B, 0xF50B, 0xF50B, 0xF4EB, 0xF4EB, 0xF4EB, 0xF4EB, 0xF4EA, 0xF4EB, 0xF4CB, 0xF4CB,
    0xF4CB, 0xF4CB, 0xF4CB, 0xF4EB, 0xF4EC, 0xF4EC, 0xF50C, 0xF50C, 0xF50C, 0xFD0D, 0xFD2D, 0xFD4E,
    0xFD6F, 0xFD6F, 0xFD4E, 0xFCEC, 0xF489, 0xF448, 0xF447, 0xF426, 0xFC27, 0xFCCB, 0xFDD1, 0xFE97,
    0xFE97, 0xF614, 0xF5D2, 0xEDB2, 0xED92, 0xE591, 0xE591, 0xE571, 0xE570, 0xDD50, 0xDD50, 0xDD50,
    0xDD50, 0xDD50, 0xDD50, 0xDD30, 0xDD30, 0xDD50, 0xDD50, 0xDD70, 0xDD70, 0xE570, 0xE590, 0xE590,
    0xE591, 0xEDB1, 0xEDD1, 0xEDF2, 0xF5F2, 0xF5F2, 0xF613, 0xFE33, 0xFE54, 0xFE94, 0xF632, 0xFE0F,
    0xE54D, 0x49C4, 0x0000, 0x0000, 0x0000, 0x0000, 0x0000, 0x0000, 0x0000, 0x0000, 0x0000, 0x0000,
    0x0000, 0x0000, 0x0000, 0x0000, 0x0000, 0x0000, 0x0000, 0x0000, 0x0000, 0x0000, 0x0000, 0x0000,
    0x0000, 0x0000, 0x0000, 0x0000, 0x0000, 0x0000, 0x0000, 0x0000, 0x0000, 0x0000, 0x0000, 0x0000,
    0x0000, 0x0000, 0x0000, 0x0000, 0x0000, 0x0000, 0x0000, 0x0000, 0x0000, 0x0000, 0x0000, 0x0000,
    0x0000, 0x0000, 0x0000, 0x0000, 0x0000, 0x0000, 0x0000, 0x0000, 0x0000, 0x0000, 0x0000, 0x0000,
    0x0000, 0x0000, 0x0000, 0x0000, 0x0000, 0x0000, 0x0000, 0x0000, 0x0000, 0x0000, 0x0000, 0x0000,
    0x0000, 0x0000, 0x0000, 0x0000, 0x0000, 0x0000, 0x0000, 0x0000, 0x0000, 0x0000, 0x0000, 0x0000,
    0x0000, 0x0000, 0x0000, 0x0000, 0x0000, 0x0000, 0x0000, 0x0000, 0x0000, 0x0820, 0x9BEA, 0xFE70,
    0xF631, 0xF6D6, 0xFEF7, 0xFEB5, 0xFE95, 0xFE74, 0xF654, 0xF633, 0xF633, 0xF612, 0xF612, 0xEDF2,
    0xEDF2, 0xEDF2, 0xEDF2, 0xEDD2, 0xE5D1, 0xE5D1, 0xE5D1, 0xE5B1, 0xE5D2, 0xE5D2, 0xE5D2, 0xE5D2,
    0xE5B2, 0xEDD2, 0xEDD2, 0xEDF3, 0xEDF3, 0xEDF4, 0xF614, 0xF634, 0xFE76, 0xFED9, 0xFF1A, 0xFEB5,
    0xFDED, 0xFD69, 0xFD48, 0xFD49, 0xFD49, 0xFD6A, 0xFDED, 0xFE71, 0xFEB3, 0xFEB3, 0xFE93, 0xFE72,
    0xFE71, 0xFE50, 0xFE30, 0xFE2F, 0xFE0F, 0xFE0E, 0xFDEE, 0xFDEE, 0xFDCD, 0xFDCD, 0xFDAD, 0xFDAC,
    0xFDAD, 0xFD8D, 0xFD8C, 0xFD8C, 0xFD6C, 0xFD6C, 0xFD6B, 0xFD4B, 0xFD4B, 0xF54B, 0xF52B, 0xF52A,
    0xF50A, 0xF50A, 0xF50A, 0xF50A, 0xF4EA, 0xF4EA, 0xF4EA, 0xECEA, 0xECEA, 0xECEA, 0xECEA, 0xECCA,
    0xECCA, 0xECCA, 0xECAA, 0xECAA, 0xECAA, 0xECAA, 0xECAA, 0xECAA, 0xEC8A, 0xECAA, 0xECAA, 0xECAA,
    0xECAB, 0xF4CB, 0xF4CB, 0xF4CB, 0xF4CB, 0xF4CB, 0xF4CC, 0xF4EC, 0xF4EC, 0xF50D, 0xF52E, 0xFD4F,
    0xFD4F, 0xFD0D, 0xF4CB, 0xF469, 0xF427, 0xF407, 0xF3E6, 0xF428, 0xFD2E, 0xFE55, 0xFE97, 0xF635,
    0xF5D2, 0xEDB2, 0xEDB2, 0xE591, 0xE571, 0xE571, 0xDD71, 0xDD70, 0xDD50, 0xDD50, 0xDD30, 0xDD30,
    0xDD30, 0xDD50, 0xDD50, 0xDD50, 0xDD50, 0xDD70, 0xDD70, 0xE570, 0xE590, 0xE590, 0xEDB1, 0xEDD1,
    0xEDF2, 0xEDF2, 0xF5F2, 0xF613, 0xF633, 0xFE33, 0xFE74, 0xF653, 0xFE10, 0xFE0F, 0x72A7, 0x0000,
    0x0000, 0x0000, 0x0000, 0x0000, 0x0000, 0x0000, 0x0000, 0x0000, 0x0000, 0x0000, 0x0000, 0x0000,
    0x0000, 0x0000, 0x0000, 0x0000, 0x0000, 0x0000, 0x0000, 0x0000, 0x0000, 0x0000, 0x0000, 0x0000,
    0x0000, 0x0000, 0x0000, 0x0000, 0x0000, 0x0000, 0x0000, 0x0000, 0x0000, 0x0000, 0x0000, 0x0000,
    0x0000, 0x0000, 0x0000, 0x0000, 0x0000, 0x0000, 0x0000, 0x0000, 0x0000, 0x0000, 0x0000, 0x0000,
    0x0000, 0x0000, 0x0000, 0x0000, 0x0000, 0x0000, 0x0000, 0x0000, 0x0000, 0x0000, 0x0000, 0x0000,
    0x0000, 0x0000, 0x0000, 0x0000, 0x0000, 0x0000, 0x0000, 0x0000, 0x0000, 0x0000, 0x0000, 0x0000,
    0x0000, 0x0000, 0x0000, 0x0000, 0x0000, 0x0000, 0x0000, 0x0000, 0x0000, 0x0000, 0x0000, 0x0000,
    0x0000, 0x0000, 0x0000, 0x0000, 0x18A1, 0xC4CC, 0xFE71, 0xF632, 0xFEF7, 0xFED6, 0xFEB5, 0xFE95,
    0xFE74, 0xF654, 0xF633, 0xF633, 0xF612, 0xF612, 0xEDF2, 0xEDF2, 0xEDF1, 0xEDD1, 0xE5D1, 0xE5D1,
    0xE5D1, 0xE5D1, 0xE5B2, 0xE5D2, 0xE5D2, 0xE5D2, 0xE5D2, 0xE5D2, 0xE5D2, 0xEDD3, 0xEDF3, 0xEE14,
    0xF635, 0xF635, 0xFE76, 0xFED9, 0xFEF9, 0xFE72, 0xFDAB, 0xFD48, 0xFD69, 0xFD49, 0xFD49, 0xFDAC,
    0xFE50, 0xFEB3, 0xFED3, 0xFEB3, 0xFE92, 0xFE71, 0xFE50, 0xFE50, 0xFE2F, 0xFE2F, 0xFE0F, 0xFDEE,
    0xFDEE, 0xFDED, 0xFDCD, 0xFDAD, 0xFDAC, 0xFD8C, 0xFD8C, 0xFD8C, 0xFD6C, 0xFD6C, 0xFD6C, 0xF54B,
    0xF54B, 0xF52B, 0xF52B, 0xF52B, 0xF52B, 0xF50A, 0xF4EA, 0xF4EA, 0xF4EA, 0xECEA, 0xECEA, 0xF4CA,
    0xECCA, 0xECCA, 0xECCA, 0xECC9, 0xECC9, 0xECA9, 0xECA9, 0xECA9, 0xECA9, 0xEC89, 0xEC89, 0xEC89,
    0xEC89, 0xEC89, 0xEC89, 0xEC69, 0xEC69, 0xE469, 0xEC69, 0xEC8A, 0xEC8A, 0xEC8A, 0xEC8A, 0xEC6A,
    0xEC6A, 0xEC8A, 0xEC8B, 0xECAB, 0xECAB, 0xECAB, 0xF4CC, 0xF4CC, 0xF4ED, 0xF50E, 0xFD2F, 0xFD2F,
    0xF4ED, 0xF469, 0xF407, 0xF3E7, 0xF3C6, 0xF407, 0xFD0D, 0xFE55, 0xFEB8, 0xF635, 0xF5D3, 0xEDB2,
    0xEDB2, 0xE591, 0xE571, 0xE571, 0xDD50, 0xDD50, 0xDD50, 0xDD30, 0xDD30, 0xDD50, 0xDD50, 0xDD50,
    0xDD50, 0xDD50, 0xDD50, 0xDD70, 0xE570, 0xE590, 0xE590, 0xE5B1, 0xEDB1, 0xEDD1, 0xEDF2, 0xF5F2,
    0xF612, 0xF633, 0xFE33, 0xFE74, 0xF694, 0xFE10, 0xFE2F, 0x8B48, 0x0000, 0x0000, 0x0000, 0x0000,
    0x0000, 0x0000, 0x0000, 0x0000, 0x0000, 0x0000, 0x0000, 0x0000, 0x0000, 0x0000, 0x0000, 0x0000,
    0x0000, 0x0000, 0x0000, 0x0000, 0x0000, 0x0000, 0x0000, 0x0000, 0x0000, 0x0000, 0x0000, 0x0000,
    0x0000, 0x0000, 0x0000, 0x0000, 0x0000, 0x0000, 0x0000, 0x0000, 0x0000, 0x0000, 0x0000, 0x0000,
    0x0000, 0x0000, 0x0000, 0x0000, 0x0000, 0x0000, 0x0000, 0x0000, 0x0000, 0x0000, 0x0000, 0x0000,
    0x0000, 0x0000, 0x0000, 0x0000, 0x0000, 0x0000, 0x0000, 0x0000, 0x0000, 0x0000, 0x0000, 0x0000,
    0x0000, 0x0000, 0x0000, 0x0000, 0x0000, 0x0000, 0x0000, 0x0000, 0x0000, 0x0000, 0x0000, 0x0000,
    0x0000, 0x0000, 0x0000, 0x0000, 0x0000, 0x0000, 0x0000, 0x0000, 0x0000, 0x0000, 0x0000, 0x3963,
    0xDD4E, 0xFE50, 0xF673, 0xFEF7, 0xFEB6, 0xFEB5, 0xFE95, 0xF674, 0xF654, 0xF633, 0xF633, 0xF612,
    0xEE12, 0xEDF2, 0xEDF2, 0xEDF2, 0xEDD1, 0xE5D1, 0xE5D1, 0xE5B1, 0xE5B2, 0xE5B2, 0xE5B2, 0xE5D2,
    0xE5D2, 0xE5D2, 0xE5D2, 0xEDF3, 0xEDF3, 0xEDF4, 0xEE14, 0xF635, 0xF676, 0xFEF9, 0xFF19, 0xFE72,
    0xFDAA, 0xFD68, 0xFD49, 0xFD49, 0xFD6A, 0xFDEE, 0xFE92, 0xFED3, 0xFEB3, 0xFE92, 0xFE71, 0xFE71,
    0xFE50, 0xFE50, 0xFE2F, 0xFE0F, 0xFE0E, 0xFDEE, 0xFDED, 0xFDED, 0xFDCD, 0xFDCC, 0xFDAC, 0xFD8C,
    0xF58B, 0xF56B, 0xF56B, 0xF56B, 0xF54B, 0xF54B, 0xF52B, 0xF52B, 0xF52B, 0xF50A, 0xF50A, 0xF50A,
    0xF4EA, 0xF4EA, 0xECEA, 0xECCA, 0xECCA, 0xECCA, 0xECCA, 0xECAA, 0xECAA, 0xECA9, 0xECA9, 0xECA9,
    0xEC89, 0xEC89, 0xEC89, 0xE489, 0xE489, 0xE469, 0xE469, 0xE469, 0xE469, 0xE469, 0xE469, 0xE469,
    0xE449, 0xE449, 0xE449, 0xE449, 0xE449, 0xE449, 0xE449, 0xE449, 0xE449, 0xE44A, 0xE46A, 0xE46A,
    0xEC6A, 0xEC8B, 0xEC8B, 0xEC8B, 0xEC8C, 0xECAC, 0xF4CC, 0xF4ED, 0xF50E, 0xFD2F, 0xFD0D, 0xF48A,
    0xF428, 0xF407, 0xF3C6, 0xF407, 0xFCEC, 0xFE34, 0xFEB7, 0xF635, 0xF5D3, 0xEDB2, 0xED92, 0xE571,
    0xE571, 0xDD51, 0xDD50, 0xDD50, 0xDD30, 0xDD30, 0xDD30, 0xDD30, 0xDD50, 0xDD30, 0xDD50, 0xDD50,
    0xDD70, 0xE570, 0xE590, 0xE591, 0xED90, 0xEDB1, 0xEDD1, 0xEDF1, 0xF5F2, 0xF612, 0xF633, 0xFE33,
    0xFE74, 0xFE95, 0xF611, 0xFE0F, 0xB44B, 0x1081, 0x0000, 0x0000, 0x0000, 0x0000, 0x0000, 0x0000,
    0x0000, 0x0000, 0x0000, 0x0000, 0x0000, 0x0000, 0x0000, 0x0000, 0x0000, 0x0000, 0x0000, 0x0000,
    0x0000, 0x0000, 0x0000, 0x0000, 0x0000, 0x0000, 0x0000, 0x0000, 0x0000, 0x0000, 0x0000, 0x0000,
    0x0000, 0x0000, 0x0000, 0x0000, 0x0000, 0x0000, 0x0000, 0x0000, 0x0000, 0x0000, 0x0000, 0x0000,
    0x0000, 0x0000, 0x0000, 0x0000, 0x0000, 0x0000, 0x0000, 0x0000, 0x0000, 0x0000, 0x0000, 0x0000,
    0x0000, 0x0000, 0x0000, 0x0000, 0x0000, 0x0000, 0x0000, 0x0000, 0x0000, 0x0000, 0x0000, 0x0000,
    0x0000, 0x0000, 0x0000, 0x0000, 0x0000, 0x0000, 0x0000, 0x0000, 0x0000, 0x0000, 0x0000, 0x0000,
    0x0000, 0x0000, 0x0000, 0x0000, 0x0000, 0x0000, 0x5205, 0xF5EF, 0xFE30, 0xF694, 0xFEF7, 0xFEB5,
    0xFE95, 0xF695, 0xF674, 0xF653, 0xF633, 0xF633, 0xF612, 0xEDF2, 0xEDF2, 0xEDF2, 0xEDF2, 0xEDD2,
    0xE5D2, 0xE5D1, 0xE5B1, 0xE5B2, 0xE5B2, 0xE5B2, 0xE5B2, 0xE5D2, 0xE5D2, 0xEDF3, 0xEDF3, 0xEDF4,
    0xEE14, 0xF635, 0xF656, 0xFED9, 0xFEF9, 0xFE52, 0xFD8A, 0xFD69, 0xFD69, 0xFD49, 0xFD6A, 0xFE0E,
    0xFEB3, 0xFED4, 0xFED3, 0xFE92, 0xFE71, 0xFE71, 0xFE50, 0xFE4F, 0xFE2F, 0xFE2F, 0xFE0E, 0xFDED,
    0xFDED, 0xFDCC, 0xFDCC, 0xFDAC, 0xFDAC, 0xFD8B, 0xF56B, 0xF56B, 0xF54B, 0xF54B, 0xF54B, 0xF54B,
    0xF52B, 0xF50A, 0xF50A, 0xF50A, 0xF4EA, 0xF4EA, 0xF4EA, 0xECCA, 0xECCA, 0xECCA, 0xECCA, 0xECC9,
    0xECC9, 0xECA9, 0xECA9, 0xECA9, 0xEC89, 0xEC89, 0xEC89, 0xEC89, 0xE469, 0xE469, 0xE468, 0xE468,
    0xE468, 0xE468, 0xE448, 0xE448, 0xE448, 0xE448, 0xE449, 0xE449, 0xE428, 0xE429, 0xE429, 0xE429,
    0xE429, 0xE449, 0xE429, 0xE429, 0xE429, 0xE449, 0xE429, 0xE449, 0xE44A, 0xE46A, 0xE44A, 0xE46A,
    0xE46B, 0xEC8B, 0xEC8B, 0xEC8B, 0xEC8C, 0xF4AC, 0xF4ED, 0xFD2F, 0xFD0E, 0xF48B, 0xF428, 0xF407,
    0xF3E6, 0xF3C6, 0xF4CC, 0xFE55, 0xFEB8, 0xF615, 0xF5D3, 0xEDB2, 0xE591, 0xE571, 0xE571, 0xDD50,
    0xDD50, 0xDD30, 0xDD30, 0xDD30, 0xDD50, 0xDD30, 0xDD2F, 0xDD50, 0xDD50, 0xDD70, 0xE570, 0xE590,
    0xE590, 0xE590, 0xEDB1, 0xEDD1, 0xEDF1, 0xF5F2, 0xF5F2, 0xF633, 0xFE33, 0xFE53, 0xFE95, 0xF632,
    0xFE2F, 0xD4EC, 0x20C1, 0x0000, 0x0000, 0x0000, 0x0000, 0x0000, 0x0000, 0x0000, 0x0000, 0x0000,
    0x0000, 0x0000, 0x0000, 0x0000, 0x0000, 0x0000, 0x0000, 0x0000, 0x0000, 0x0000, 0x0000, 0x0000,
    0x0000, 0x0000, 0x0000, 0x0000, 0x0000, 0x0000, 0x0000, 0x0000, 0x0000, 0x0000, 0x0000, 0x0000,
    0x0000, 0x0000, 0x0000, 0x0000, 0x0000, 0x0000, 0x0000, 0x0000, 0x0000, 0x0000, 0x0000, 0x0000,
    0x0000, 0x0000, 0x0000, 0x0000, 0x0000, 0x0000, 0x0000, 0x0000, 0x0000, 0x0000, 0x0000, 0x0000,
    0x0000, 0x0000, 0x0000, 0x0000, 0x0000, 0x0000, 0x0000, 0x0000, 0x0000, 0x0000, 0x0000, 0x0000,
    0x0000, 0x0000, 0x0000, 0x0000, 0x0000, 0x0000, 0x0000, 0x0000, 0x0000, 0x0000, 0x0000, 0x0000,
    0x0000, 0x6AA7, 0xFE30, 0xFE10, 0xF6B5, 0xFEF7, 0xFEB5, 0xFE95, 0xF674, 0xF654, 0xF653, 0xF633,
    0xF613, 0xF5F2, 0xEDF2, 0xEDF2, 0xEDD1, 0xEDD1, 0xEDD1, 0xE5D1, 0xE5D1, 0xE5B1, 0xE5B1, 0xE5B2,
    0xE5B2, 0xE5B2, 0xE5B2, 0xE5D2, 0xEDF3, 0xEDF4, 0xEE14, 0xF635, 0xF655, 0xFEB8, 0xFF1A, 0xFE93,
    0xFD8A, 0xFD68, 0xFD69, 0xFD49, 0xFD8A, 0xFE2F, 0xFED3, 0xFEF4, 0xFEB3, 0xFE92, 0xFE71, 0xFE71,
    0xFE50, 0xFE4F, 0xFE2F, 0xFE0F, 0xFE0E, 0xFDEE, 0xFDCD, 0xFDCC, 0xFDCC, 0xFDAC, 0xF58B, 0xF58B,
    0xF56B, 0xF56B, 0xF54B, 0xF54A, 0xF52A, 0xF52A, 0xF52A, 0xF50A, 0xED0A, 0xED0A, 0xECEA, 0xECEA,
    0xECCA, 0xECC9, 0xECC9, 0xECC9, 0xECA9, 0xECA9, 0xECA9, 0xECA9, 0xECA9, 0xEC89, 0xEC89, 0xE489,
    0xE489, 0xE469, 0xE469, 0xE468, 0xE448, 0xE448, 0xE448, 0xE448, 0xE448, 0xE448, 0xE448, 0xDC28,
    0xDC28, 0xDC28, 0xDC28, 0xDC28, 0xDC28, 0xDC08, 0xDC08, 0xDC28, 0xDC28, 0xDC28, 0xDC28, 0xDC08,
    0xDC29, 0xDC09, 0xDC09, 0xDC09, 0xE429, 0xE429, 0xE429, 0xE42A, 0xE42A, 0xE44A, 0xE44A, 0xE44A,
    0xE44B, 0xEC6B, 0xEC6B, 0xEC8C, 0xF4CD, 0xF50E, 0xF50E, 0xF4AB, 0xEC08, 0xEBC7, 0xEB86, 0xF3A7,
    0xF52E, 0xFE97, 0xFE77, 0xF5F3, 0xEDB2, 0xEDB2, 0xE591, 0xE571, 0xDD50, 0xDD50, 0xDD30, 0xDD30,
    0xDD30, 0xDD30, 0xDD2F, 0xDD2F, 0xDD50, 0xDD50, 0xDD50, 0xE570, 0xE570, 0xE570, 0xE590, 0xED90,
    0xEDB1, 0xEDD1, 0xF5F2, 0xF5F2, 0xF612, 0xFE53, 0xFE53, 0xFE95, 0xF632, 0xFE0F, 0xDD2D, 0x2902,
    0x0000, 0x0000, 0x0000, 0x0000, 0x0000, 0x0000, 0x0000, 0x0000, 0x0000, 0x0000, 0x0000, 0x0000,
    0x0000, 0x0000, 0x0000, 0x0000, 0x0000, 0x0000, 0x0000, 0x0000, 0x0000, 0x0000, 0x0000, 0x0000,
    0x0000, 0x0000, 0x0000, 0x0000, 0x0000, 0x0000, 0x0000, 0x0000, 0x0000, 0x0000, 0x0000, 0x0000,
    0x0000, 0x0000, 0x0000, 0x0000, 0x0000, 0x0000, 0x0000, 0x0000, 0x0000, 0x0000, 0x0000, 0x0000,
    0x0000, 0x0000, 0x0000, 0x0000, 0x0000, 0x0000, 0x0000, 0x0000, 0x0000, 0x0000, 0x0000, 0x0000,
    0x0000, 0x0000, 0x0000, 0x0000, 0x0000, 0x0000, 0x0000, 0x0000, 0x0000, 0x0000, 0x0000, 0x0000,
    0x0000, 0x0000, 0x0000, 0x0000, 0x0000, 0x0000, 0x0000, 0x0000, 0x7B28, 0xFE50, 0xF631, 0xFED6,
    0xFED6, 0xFEB5, 0xFE95, 0xF674, 0xF654, 0xF633, 0xF633, 0xF612, 0xEDF2, 0xEDF2, 0xEDF2, 0xEDD1,
    0xEDD1, 0xEDD1, 0xE5D1, 0xE5D1, 0xE5B1, 0xE5B1, 0xE5B1, 0xE5B2, 0xE5B2, 0xE5B2, 0xE5D2, 0xE5F3,
    0xEDF4, 0xEE15, 0xF655, 0xF697, 0xFF1A, 0xFEB5, 0xFDCC, 0xFD68, 0xFD6A, 0xFD49, 0xFD8A, 0xFE2F,
    0xFED3, 0xFEF4, 0xFED3, 0xFE92, 0xFE91, 0xFE71, 0xFE50, 0xFE50, 0xFE2F, 0xFE0E, 0xFE0E, 0xFDED,
    0xFDCD, 0xFDCD, 0xFDAC, 0xFDAB, 0xF58B, 0xF58B, 0xF56B, 0xF56B, 0xF54B, 0xF54A, 0xF52A, 0xED2A,
    0xED0A, 0xED0A, 0xECEA, 0xECEA, 0xECE9, 0xECE9, 0xECE9, 0xECC9, 0xECA9, 0xECA9, 0xECA9, 0xECA9,
    0xECA9, 0xE4A8, 0xE4A8, 0xE4A8, 0xE488, 0xE488, 0xE488, 0xE488, 0xE468, 0xE468, 0xE448, 0xE448,
    0xE448, 0xE428, 0xE428, 0xDC28, 0xDC28, 0xDC28, 0xDC28, 0xDC28, 0xDC28, 0xDC28, 0xDC08, 0xDC08,
    0xDC08, 0xDC08, 0xDC08, 0xDC08, 0xDC08, 0xDC08, 0xDC08, 0xDBE8, 0xDBE8, 0xDBE8, 0xDBE8, 0xDBE8,
    0xDBE8, 0xDC09, 0xDC09, 0xDC09, 0xDC09, 0xDC09, 0xE429, 0xE42A, 0xE42A, 0xE42A, 0xE42A, 0xE44B,
    0xEC6B, 0xEC8C, 0xECAD, 0xF4EE, 0xF4EE, 0xEC6B, 0xEBC8, 0xEBA7, 0xEBA6, 0xF408, 0xFD70, 0xFE97,
    0xF655, 0xF5D3, 0xEDB2, 0xED92, 0xE571, 0xDD50, 0xDD50, 0xDD30, 0xDD30, 0xDD30, 0xDD2F, 0xDD2F,
    0xDD2F, 0xDD2F, 0xDD50, 0xDD50, 0xDD70, 0xE570, 0xE570, 0xE570, 0xE590, 0xEDB1, 0xEDD1, 0xEDF1,
    0xF5F2, 0xF612, 0xF633, 0xFE33, 0xFE74, 0xF653, 0xFE10, 0xED8E, 0x4184, 0x0000, 0x0000, 0x0000,
    0x0000, 0x0000, 0x0000, 0x0000, 0x0000, 0x0000, 0x0000, 0x0000, 0x0000, 0x0000, 0x0000, 0x0000,
    0x0000, 0x0000, 0x0000, 0x0000, 0x0000, 0x0000, 0x0000, 0x0000, 0x0000, 0x0000, 0x0000, 0x0000,
    0x0000, 0x0000, 0x0000, 0x0000, 0x0000, 0x0000, 0x0000, 0x0000, 0x0000, 0x0000, 0x0000, 0x0000,
    0x0000, 0x0000, 0x0000, 0x0000, 0x0000, 0x0000, 0x0000, 0x0000, 0x0000, 0x0000, 0x0000, 0x0000,
    0x0000, 0x0000, 0x0000, 0x0000, 0x0000, 0x0000, 0x0000, 0x0000, 0x0000, 0x0000, 0x0000, 0x0000,
    0x0000, 0x0000, 0x0000, 0x0000, 0x0000, 0x0000, 0x0000, 0x0000, 0x0000, 0x0000, 0x0000, 0x0000,
    0x0000, 0x0000, 0x0000, 0x9389, 0xFE50, 0xF611, 0xFED6, 0xFED6, 0xFE95, 0xF695, 0xF674, 0xF654,
    0xF633, 0xF633, 0xF612, 0xEDF2, 0xEDF2, 0xEDF2, 0xEDF1, 0xEDD1, 0xEDD1, 0xE5B1, 0xE5D1, 0xE5B2,
    0xE5B2, 0xE5B2, 0xE5B2, 0xE5B2, 0xE5D3, 0xE5D3, 0xE5F3, 0xEDF4, 0xF635, 0xF676, 0xFEF9, 0xFEF8,
    0xFDEE, 0xFD48, 0xFD69, 0xFD49, 0xFD6A, 0xFE2F, 0xFEF4, 0xFEF4, 0xFED3, 0xFE92, 0xFE91, 0xFE70,
    0xFE50, 0xFE2F, 0xFE2F, 0xFE0E, 0xFE0E, 0xFDEE, 0xFDCD, 0xFDCC, 0xFDAC, 0xFDAB, 0xF58B, 0xF58B,
    0xF56B, 0xF56B, 0xF54B, 0xF52B, 0xF52A, 0xED2A, 0xED2A, 0xED0A, 0xED09, 0xECE9, 0xECE9, 0xECE9,
    0xECC9, 0xECC9, 0xECC9, 0xECA9, 0xECA9, 0xEC89, 0xE4A8, 0xE4A8, 0xE4A8, 0xE488, 0xE488, 0xE488,
    0xE488, 0xE488, 0xE488, 0xE468, 0xE468, 0xE468, 0xE448, 0xE448, 0xE428, 0xDC28, 0xDC28, 0xDC27,
    0xDC27, 0xDC07, 0xDC08, 0xDC08, 0xDC07, 0xDC07, 0xDBE7, 0xDBE7, 0xDBE7, 0xDBE7, 0xDBE7, 0xDBE7,
    0xDBE7, 0xDBC7, 0xDBC8, 0xDBE8, 0xDBE8, 0xDBC8, 0xDBC8, 0xDBC8, 0xDBC8, 0xDBC8, 0xDBC8, 0xDBC8,
    0xDBE8, 0xDBE9, 0xDBE9, 0xDBE9, 0xDC09, 0xDC09, 0xDC09, 0xDC0A, 0xE42A, 0xE44B, 0xE44B, 0xEC6B,
    0xECAC, 0xF4EE, 0xF4EE, 0xF46A, 0xEBC7, 0xEBA7, 0xEB65, 0xF429, 0xFE14, 0xFEB8, 0xF5F4, 0xF5D3,
    0xEDB2, 0xE571, 0xE550, 0xDD50, 0xDD30, 0xDD30, 0xDD30, 0xDD2F, 0xDD2F, 0xDD2F, 0xDD2F, 0xDD2F,
    0xDD4F, 0xE54F, 0xE570, 0xE570, 0xE570, 0xED90, 0xEDB1, 0xEDD1, 0xEDF1, 0xF5F2, 0xF612, 0xF613,
    0xFE33, 0xFE74, 0xF653, 0xFDEF, 0xF5CE, 0x51C4, 0x0000, 0x0000, 0x0000, 0x0000, 0x0000, 0x0000,
    0x0000, 0x0000, 0x0000, 0x0000, 0x0000, 0x0000, 0x0000, 0x0000, 0x0000, 0x0000, 0x0000, 0x0000,
    0x0000, 0x0000, 0x0000, 0x0000, 0x0000, 0x0000, 0x0000, 0x0000, 0x0000, 0x0000, 0x0000, 0x0000,
    0x0000, 0x0000, 0x0000, 0x0000, 0x0000, 0x0000, 0x0000, 0x0000, 0x0000, 0x0000, 0x0000, 0x0000,
    0x0000, 0x0000, 0x0000, 0x0000, 0x0000, 0x0000, 0x0000, 0x0000, 0x0000, 0x0000, 0x0000, 0x0000,
    0x0000, 0x0000, 0x0000, 0x0000, 0x0000, 0x0000, 0x0000, 0x0000, 0x0000, 0x0000, 0x0000, 0x0000,
    0x0000, 0x0000, 0x0000, 0x0000, 0x0000, 0x0000, 0x0000, 0x0000, 0x0000, 0x0000, 0xA40B, 0xFE70,
    0xF611, 0xFED7, 0xFEB6, 0xFE95, 0xF694, 0xF674, 0xF653, 0xF633, 0xF613, 0xF612, 0xEDF2, 0xEDF2,
    0xEDF1, 0xEDD1, 0xEDD1, 0xEDB1, 0xE5B1, 0xE5B1, 0xE5D2, 0xE5D2, 0xE5D2, 0xE5D2, 0xE5D2, 0xE5D3,
    0xE5D3, 0xEDF4, 0xEE15, 0xF635, 0xF6B8, 0xFF1A, 0xFE52, 0xFD69, 0xFD48, 0xFD29, 0xFD28, 0xFDEE,
    0xFED3, 0xFEF4, 0xFED3, 0xFEB2, 0xFE91, 0xFE91, 0xFE70, 0xFE4F, 0xFE2E, 0xFE0E, 0xFE0E, 0xFDED,
    0xFDED, 0xFDCD, 0xFDAC, 0xFD8B, 0xF58B, 0xF56B, 0xF56B, 0xF54A, 0xF54A, 0xF54A, 0xF52A, 0xED0A,
    0xED0A, 0xED0A, 0xECE9, 0xECE9, 0xECE9, 0xECC9, 0xECC9, 0xECC9, 0xE4C9, 0xE4C9, 0xE4A8, 0xE4A8,
    0xEC88, 0xE488, 0xE488, 0xE488, 0xE488, 0xE488, 0xE468, 0xE468, 0xE468, 0xE468, 0xE468, 0xE468,
    0xE448, 0xDC47, 0xDC27, 0xDC27, 0xDC07, 0xDC07, 0xDC07, 0xDC07, 0xDC07, 0xDC07, 0xDC07, 0xDBE7,
    0xDBE7, 0xDBE7, 0xD3C7, 0xD3C7, 0xD3C7, 0xD3C7, 0xD3C7, 0xD3C7, 0xD3C7, 0xD3C7, 0xD3C7, 0xD3C7,
    0xD3C7, 0xD3C8, 0xD3A7, 0xD3A7, 0xDBA7, 0xD3A8, 0xDBA8, 0xDBC8, 0xDBC8, 0xD3A8, 0xDBC8, 0xDBC8,
    0xDBC8, 0xDBC9, 0xDBC9, 0xDBE9, 0xDBE9, 0xDC0A, 0xDC2A, 0xE42A, 0xE44B, 0xEC6B, 0xECAD, 0xF4EE,
    0xF4CD, 0xEC09, 0xE3A7, 0xE386, 0xEB66, 0xF4CD, 0xFE97, 0xFE76, 0xF5D3, 0xEDB2, 0xE571, 0xE571,
    0xE550, 0xDD30, 0xDD30, 0xDD30, 0xDD2F, 0xDD2F, 0xDD2F, 0xDD2F, 0xDD2F, 0xDD4F, 0xDD4F, 0xE550,
    0xE570, 0xE570, 0xE590, 0xEDB1, 0xEDD1, 0xEDD1, 0xF5F1, 0xF5F2, 0xF612, 0xFE32, 0xFE73, 0xF673,
    0xFDEF, 0xFDEE, 0x5205, 0x0000, 0x0000, 0x0000, 0x0000, 0x0000, 0x0000, 0x0000, 0x0000, 0x0000,
    0x0000, 0x0000, 0x0000, 0x0000, 0x0000, 0x0000, 0x0000, 0x0000, 0x0000, 0x0000, 0x0000, 0x0000,
    0x0000, 0x0000, 0x0000, 0x0000, 0x0000, 0x0000, 0x0000, 0x0000, 0x0000, 0x0000, 0x0000, 0x0000,
    0x0000, 0x0000, 0x0000, 0x0000, 0x0000, 0x0000, 0x0000, 0x0000, 0x0000, 0x0000, 0x0000, 0x0000,
    0x0000, 0x0000, 0x0000, 0x0000, 0x0000, 0x0000, 0x0000, 0x0000, 0x0000, 0x0000, 0x0000, 0x0000,
    0x0000, 0x0000, 0x0000, 0x0000, 0x0000, 0x0000, 0x0000, 0x0000, 0x0000, 0x0000, 0x0000, 0x0000,
    0x0000, 0x0000, 0x0000, 0x0000, 0x0000, 0xA40A, 0xFE70, 0xF632, 0xFED7, 0xFEB6, 0xFE95, 0xF694,
    0xF674, 0xF653, 0xF633, 0xF612, 0xF5F2, 0xEDF2, 0xEDF2, 0xEDD1, 0xEDD1, 0xEDD1, 0xE5D1, 0xE5B1,
    0xE5B1, 0xE5D2, 0xE5D2, 0xE5D2, 0xE5D2, 0xE5D2, 0xE5D3, 0xE5F3, 0xEDF4, 0xEE15, 0xF656, 0xFEFA,
    0xFEF7, 0xFDCC, 0xFD68, 0xFD69, 0xFD29, 0xFDAC, 0xFEB2, 0xFF15, 0xFEF3, 0xFEB2, 0xFEB2, 0xFE91,
    0xFE70, 0xFE4F, 0xFE2E, 0xFE0E, 0xFDED, 0xFDED, 0xFDEC, 0xFDCC, 0xFDCC, 0xF5AB, 0xF58B, 0xF56B,
    0xF56A, 0xF54A, 0xF54A, 0xF54A, 0xED2A, 0xED09, 0xED0A, 0xED0A, 0xECEA, 0xECE9, 0xECE9, 0xE4C9,
    0xE4C9, 0xE4A8, 0xE4A8, 0xE4A8, 0xE4A8, 0xE4A8, 0xE488, 0xE488, 0xE468, 0xE468, 0xE467, 0xE468,
    0xE468, 0xE467, 0xE467, 0xE467, 0xDC47, 0xDC47, 0xDC47, 0xDC47, 0xDC27, 0xDC27, 0xDC27, 0xDC07,
    0xDC07, 0xDC07, 0xDC07, 0xDC07, 0xDBE7, 0xDBC7, 0xDBC7, 0xD3C7, 0xD3C7, 0xD3C7, 0xD3A7, 0xD3A7,
    0xD3A7, 0xD3A7, 0xD3A7, 0xD3A7, 0xD3A7, 0xD3A7, 0xD3A7, 0xD3A7, 0xD3A7, 0xD3A7, 0xD3A7, 0xD3A7,
    0xD3A7, 0xD3A7, 0xD3A8, 0xD3A8, 0xD3A8, 0xD3A7, 0xD3A8, 0xD3A8, 0xD3A8, 0xD3A8, 0xD3A8, 0xD3A8,
    0xD3A8, 0xD3C9, 0xDBC9, 0xDBE9, 0xDC0A, 0xE42A, 0xE44B, 0xEC6C, 0xECAD, 0xF4EE, 0xEC8C, 0xE3C8,
    0xE386, 0xEB45, 0xEBC8, 0xFDD3, 0xFEB8, 0xF614, 0xEDB2, 0xED92, 0xE571, 0xDD50, 0xDD30, 0xDD30,
    0xDD2F, 0xDD2F, 0xDD2F, 0xDD2F, 0xDD2F, 0xDD2F, 0xDD2F, 0xDD4F, 0xE550, 0xE570, 0xE570, 0xE590,
    0xEDB0, 0xEDB1, 0xEDD1, 0xF5F1, 0xF5F2, 0xFE32, 0xFE32, 0xFE74, 0xFE94, 0xFE0F, 0xFDEE, 0x5A05,
    0x0000, 0x0000, 0x0000, 0x0000, 0x0000, 0x0000, 0x0000, 0x0000, 0x0000, 0x0000, 0x0000, 0x0000,
    0x0000, 0x0000, 0x0000, 0x0000, 0x0000, 0x0000, 0x0000, 0x0000, 0x0000, 0x0000, 0x0000, 0x0000,
    0x0000, 0x0000, 0x0000, 0x0000, 0x0000, 0x0000, 0x0000, 0x0000, 0x0000, 0x0000, 0x0000, 0x0000,
    0x0000, 0x0000, 0x0000, 0x0000, 0x0000, 0x0000, 0x0000, 0x0000, 0x0000, 0x0000, 0x0000, 0x0000,
    0x0000, 0x0000, 0x0000, 0x0000, 0x0000, 0x0000, 0x0000, 0x0000, 0x0000, 0x0000, 0x0000, 0x0000,
    0x0000, 0x0000, 0x0000, 0x0000, 0x0000, 0x0000, 0x0000, 0x0000, 0x0000, 0x0000, 0x0000, 0x0000,
    0xA40A, 0xFE50, 0xF632, 0xFEF7, 0xFEB5, 0xFE95, 0xF674, 0xF674, 0xF653, 0xF633, 0xF612, 0xEDF2,
    0xEDF2, 0xEDF2, 0xEDD1, 0xEDD1, 0xE5D1, 0xE5D1, 0xE5D1, 0xE5D2, 0xE5D2, 0xE5D2, 0xE5D2, 0xE5D2,
    0xE5D2, 0xE5D3, 0xE5F3, 0xEDF4, 0xF635, 0xFE97, 0xFF1A, 0xFE72, 0xFD89, 0xFD89, 0xFD49, 0xFD6A,
    0xFE50, 0xFEF4, 0xFEF4, 0xFED2, 0xFEB2, 0xFE91, 0xFE70, 0xFE70, 0xFE4F, 0xFE2E, 0xFE0D, 0xFDED,
    0xFDEC, 0xFDCC, 0xF5AB, 0xF5AB, 0xF58B, 0xF58A, 0xF56A, 0xF54A, 0xF54A, 0xF52A, 0xED2A, 0xED29,
    0xED09, 0xECE9, 0xECE9, 0xECE9, 0xECC9, 0xE4C9, 0xE4C9, 0xE4A8, 0xE4A8, 0xE488, 0xE488, 0xE488,
    0xE488, 0xE488, 0xE488, 0xE468, 0xE468, 0xE467, 0xE467, 0xE447, 0xE447, 0xDC47, 0xDC47, 0xDC47,
    0xDC47, 0xDC27, 0xDC27, 0xDC27, 0xDC27, 0xDC07, 0xDC07, 0xDBE7, 0xDBE7, 0xD3C7, 0xDBC7, 0xDBE7,
    0xDBC7, 0xD3C7, 0xD3C7, 0xD3A7, 0xD3A7, 0xD3A7, 0xD3A7, 0xD3A7, 0xD387, 0xD386, 0xD3A7, 0xD387,
    0xD387, 0xD387, 0xD387, 0xD387, 0xD387, 0xD387, 0xD387, 0xD387, 0xD387, 0xD387, 0xD387, 0xD387,
    0xD387, 0xD387, 0xD387, 0xD387, 0xD387, 0xD387, 0xD388, 0xD388, 0xD388, 0xD388, 0xD3A8, 0xD3A9,
    0xDBC9, 0xDBE9, 0xDC0A, 0xE42A, 0xE42B, 0xE46C, 0xECAD, 0xF4CD, 0xEC2A, 0xE387, 0xE366, 0xEB66,
    0xF4CD, 0xFE97, 0xFE56, 0xF5B3, 0xED92, 0xE571, 0xE550, 0xDD30, 0xDD30, 0xDD30, 0xDD30, 0xDD2F,
    0xDD2F, 0xDD2F, 0xDD2F, 0xDD2F, 0xDD4F, 0xDD50, 0xE570, 0xE570, 0xE590, 0xEDB0, 0xEDB1, 0xEDD1,
    0xF5F1, 0xF612, 0xF632, 0xFE33, 0xFE74, 0xFE94, 0xFDEF, 0xFDEE, 0x5205, 0x0000, 0x0000, 0x0000,
    0x0000, 0x0000, 0x0000, 0x0000, 0x0000, 0x0000, 0x0000, 0x0000, 0x0000, 0x0000, 0x0000, 0x0000,
    0x0000, 0x0000, 0x0000, 0x0000, 0x0000, 0x0000, 0x0000, 0x0000, 0x0000, 0x0000, 0x0000, 0x0000,
    0x0000, 0x0000, 0x0000, 0x0000, 0x0000, 0x0000, 0x0000, 0x0000, 0x0000, 0x0000, 0x0000, 0x0000,
    0x0000, 0x0000, 0x0000, 0x0000, 0x0000, 0x0000, 0x0000, 0x0000, 0x0000, 0x0000, 0x0000, 0x0000,
    0x0000, 0x0000, 0x0000, 0x0000, 0x0000, 0x0000, 0x0000, 0x0000, 0x0000, 0x0000, 0x0000, 0x0000,
    0x0000, 0x0000, 0x0000, 0x0000, 0x0000, 0x0000, 0x0000, 0xA3EA, 0xFE50, 0xF632, 0xFEF7, 0xFEB5,
    0xFE95, 0xF674, 0xF654, 0xF653, 0xF633, 0xF612, 0xF5F2, 0xEDF2, 0xEDF2, 0xEDD1, 0xEDD1, 0xE5D1,
    0xE5B1, 0xE5B1, 0xE5B2, 0xE5B2, 0xE5D2, 0xE5D2, 0xE5D3, 0xE5D3, 0xE5D3, 0xEDF4, 0xEE15, 0xF635,
    0xFEF9, 0xFEF7, 0xFDCC, 0xFD69, 0xFD6A, 0xF528, 0xFDCC, 0xFED3, 0xFF14, 0xFED3, 0xFEB2, 0xFE91,
    0xFE70, 0xFE4F, 0xFE4F, 0xFE4F, 0xFE2E, 0xFE0D, 0xFDED, 0xFDCC, 0xFDCB, 0xF5AB, 0xF58B, 0xF58A,
    0xF56A, 0xF56A, 0xF54A, 0xF529, 0xED29, 0xED09, 0xED09, 0xED09, 0xECE9, 0xECE9, 0xECE9, 0xECC9,
    0xECC9, 0xE4C8, 0xE4A8, 0xE4A8, 0xE488, 0xE488, 0xE488, 0xE488, 0xE488, 0xE468, 0xE448, 0xE447,
    0xE447, 0xE447, 0xE447, 0xDC47, 0xDC27, 0xDC27, 0xDC27, 0xDC27, 0xDC27, 0xDC27, 0xDC07, 0xDC07,
    0xDC07, 0xDBE7, 0xD3E7, 0xD3C6, 0xD3C6, 0xD3C6, 0xD3C6, 0xD3C7, 0xD3C7, 0xD3A6, 0xD3A6, 0xD3A6,
    0xD3A6, 0xD3A6, 0xD3A6, 0xD386, 0xD386, 0xD386, 0xD386, 0xD386, 0xD386, 0xD366, 0xD366, 0xD366,
    0xD386, 0xD386, 0xD387, 0xD387, 0xD387, 0xD367, 0xD367, 0xD367, 0xD367, 0xD367, 0xD367, 0xD367,
    0xD367, 0xD367, 0xD367, 0xD367, 0xD367, 0xD367, 0xD388, 0xD388, 0xD3A8, 0xD3A9, 0xDBC9, 0xDBC9,
    0xDBEA, 0xDC0A, 0xE44B, 0xEC8C, 0xF4EE, 0xECAD, 0xE3C8, 0xE387, 0xE366, 0xEBC7, 0xFE14, 0xFEB7,
    0xF5D3, 0xED92, 0xE571, 0xE551, 0xE550, 0xDD30, 0xDD30, 0xDD30, 0xDD30, 0xDD2F, 0xDD2F, 0xDD2F,
    0xDD2F, 0xDD50, 0xDD50, 0xE570, 0xE570, 0xE590, 0xEDB0, 0xEDD1, 0xEDF1, 0xF5F1, 0xF612, 0xF633,
    0xFE33, 0xFE74, 0xFE74, 0xFDEF, 0xFDEF, 0x5205, 0x0000, 0x0000, 0x0000, 0x0000, 0x0000, 0x0000,
    0x0000, 0x0000, 0x0000, 0x0000, 0x0000, 0x0000, 0x0000, 0x0000, 0x0000, 0x0000, 0x0000, 0x0000,
    0x0000, 0x0000, 0x0000, 0x0000, 0x0000, 0x0000, 0x0000, 0x0000, 0x0000, 0x0000, 0x0000, 0x0000,
    0x0000, 0x0000, 0x0000, 0x0000, 0x0000, 0x0000, 0x0000, 0x0000, 0x0000, 0x0000, 0x0000, 0x0000,
    0x0000, 0x0000, 0x0000, 0x0000, 0x0000, 0x0000, 0x0000, 0x0000, 0x0000, 0x0000, 0x0000, 0x0000,
    0x0000, 0x0000, 0x0000, 0x0000, 0x0000, 0x0000, 0x0000, 0x0000, 0x0000, 0x0000, 0x0000, 0x0000,
    0x0000, 0x0000, 0x9BCA, 0xFE50, 0xF611, 0xFED7, 0xFEB5, 0xFE95, 0xF674, 0xF653, 0xF633, 0xF633,
    0xF612, 0xEDF2, 0xEDF2, 0xEDD1, 0xEDD1, 0xE5D1, 0xE5B1, 0xE5B1, 0xE5D2, 0xE5D2, 0xE5B2, 0xE5D2,
    0xE5D2, 0xE5D3, 0xE5D3, 0xE5F4, 0xEDF4, 0xEE15, 0xF656, 0xFF1A, 0xFEB4, 0xFD89, 0xFD69, 0xFD49,
    0xFD6A, 0xFE50, 0xFEF4, 0xFEF4, 0xFED2, 0xFEB1, 0xFE91, 0xFE70, 0xFE4F, 0xFE2E, 0xFE2E, 0xFE0D,
    0xFDED, 0xFDEC, 0xFDCC, 0xFDAB, 0xF58B, 0xF58A, 0xF56A, 0xF56A, 0xF54A, 0xF549, 0xED29, 0xED09,
    0xED09, 0xECE9, 0xECE9, 0xECE9, 0xECE8, 0xE4C8, 0xE4C8, 0xECA8, 0xE4A8, 0xE488, 0xE488, 0xE488,
    0xE488, 0xE467, 0xE467, 0xE467, 0xE467, 0xE447, 0xE447, 0xE427, 0xDC27, 0xDC47, 0xDC47, 0xDC27,
    0xDC27, 0xDC27, 0xDC27, 0xDC27, 0xDC07, 0xDC07, 0xDC07, 0xDBE6, 0xDBE6, 0xD3C6, 0xD3C6, 0xD3C6,
    0xD3A6, 0xD3A6, 0xD3A6, 0xD3A6, 0xD3A6, 0xD3A6, 0xD3A6, 0xD386, 0xD3A6, 0xD3A6, 0xD3A6, 0xD386,
    0xD366, 0xD386, 0xD366, 0xCB66, 0xCB66, 0xCB66, 0xCB66, 0xCB66, 0xD366, 0xD366, 0xCB66, 0xCB66,
    0xCB46, 0xCB46, 0xCB46, 0xCB46, 0xCB46, 0xCB46, 0xCB47, 0xCB47, 0xD347, 0xCB47, 0xCB47, 0xCB47,
    0xCB67, 0xCB47, 0xCB47, 0xCB67, 0xD388, 0xD388, 0xD3A8, 0xD3A8, 0xD3A9, 0xD3C9, 0xDC0A, 0xE42B,
    0xE44B, 0xEC8D, 0xF4CE, 0xEC2A, 0xE387, 0xE366, 0xEB66, 0xFD2F, 0xFE97, 0xF5F4, 0xED92, 0xED91,
    0xE571, 0xE550, 0xDD30, 0xDD30, 0xDD30, 0xDD30, 0xDD2F, 0xDD2F, 0xDD2F, 0xDD2F, 0xDD4F, 0xDD50,
    0xE570, 0xE570, 0xE590, 0xEDB1, 0xEDD1, 0xEDD1, 0xF5F1, 0xF5F2, 0xF612, 0xFE33, 0xFE53, 0xFE74,
    0xFE0F, 0xFDEF, 0x49A4, 0x0000, 0x0000, 0x0000, 0x0000, 0x0000, 0x0000, 0x0000, 0x0000, 0x0000,
    0x0000, 0x0000, 0x0000, 0x0000, 0x0000, 0x0000, 0x0000, 0x0000, 0x0000, 0x0000, 0x0000, 0x0000,
    0x0000, 0x0000, 0x0000, 0x0000, 0x0000, 0x0000, 0x0000, 0x0000, 0x0000, 0x0000, 0x0000, 0x0000,
    0x0000, 0x0000, 0x0000, 0x0000, 0x0000, 0x0000, 0x0000, 0x0000, 0x0000, 0x0000, 0x0000, 0x0000,
    0x0000, 0x0000, 0x0000, 0x0000, 0x0000, 0x0000, 0x0000, 0x0000, 0x0000, 0x0000, 0x0000, 0x0000,
    0x0000, 0x0000, 0x0000, 0x0000, 0x0000, 0x0000, 0x0000, 0x0000, 0x0000, 0x8B69, 0xFE50, 0xF611,
    0xFED6, 0xFEB5, 0xFE95, 0xF674, 0xF654, 0xF653, 0xF632, 0xF612, 0xEDF2, 0xEDF2, 0xEDF1, 0xEDF2,
    0xEDD1, 0xE5B1, 0xE5B1, 0xE5B1, 0xE5B2, 0xE5D2, 0xE5D2, 0xE5D3, 0xE5D3, 0xE5D3, 0xE5F4, 0xEDF4,
    0xEDF5, 0xF677, 0xFEF9, 0xFE0F, 0xFD68, 0xFD8A, 0xFD49, 0xFDCC, 0xFEB3, 0xFF14, 0xFED3, 0xFEB2,
    0xFE91, 0xFE70, 0xFE4F, 0xFE2E, 0xFE2E, 0xFE0D, 0xFDEC, 0xFDEC, 0xFDCC, 0xFDAB, 0xF5AB, 0xF5AB,
    0xF58A, 0xF56A, 0xF54A, 0xF549, 0xF549, 0xED29, 0xED09, 0xED09, 0xECE9, 0xECE8, 0xECC8, 0xECC8,
    0xE4C8, 0xE4A8, 0xE4A8, 0xE4A8, 0xE488, 0xE488, 0xE468, 0xE468, 0xE467, 0xE467, 0xDC67, 0xE447,
    0xE427, 0xE427, 0xDC27, 0xDC27, 0xE427, 0xDC27, 0xDC27, 0xDC27, 0xDC06, 0xDC06, 0xDC06, 0xDC06,
    0xDC06, 0xDBE6, 0xDBE6, 0xDBE6, 0xD3C6, 0xD3C6, 0xD3C6, 0xD3A6, 0xD3A6, 0xD3A6, 0xD3A6, 0xD3A6,
    0xD3A6, 0xD3A6, 0xD386, 0xD386, 0xD386, 0xD386, 0xD386, 0xD386, 0xD386, 0xCB66, 0xCB66, 0xCB66,
    0xCB66, 0xCB46, 0xCB46, 0xCB46, 0xCB46, 0xCB46, 0xCB46, 0xCB46, 0xCB46, 0xCB46, 0xCB26, 0xCB26,
    0xCB26, 0xCB26, 0xCB26, 0xCB26, 0xCB26, 0xCB27, 0xCB27, 0xCB27, 0xCB27, 0xCB47, 0xCB47, 0xCB47,
    0xCB67, 0xCB67, 0xD368, 0xD388, 0xD388, 0xD3A9, 0xD3A9, 0xDBC9, 0xDC0A, 0xDC2B, 0xE44C, 0xECCE,
    0xEC8C, 0xE3A7, 0xE387, 0xEB65, 0xF46B, 0xFE56, 0xF635, 0xEDB2, 0xED92, 0xE571, 0xE550, 0xDD50,
    0xDD30, 0xDD30, 0xDD30, 0xDD2F, 0xDD2F, 0xDD2F, 0xDD2F, 0xDD2F, 0xDD4F, 0xE570, 0xE570, 0xE590,
    0xE5B0, 0xEDB0, 0xEDD1, 0xF5F1, 0xF5F2, 0xF612, 0xFE33, 0xFE74, 0xF674, 0xFDEF, 0xF58E, 0x3963,
    0x0000, 0x0000, 0x0000, 0x0000, 0x0000, 0x0000, 0x0000, 0x0000, 0x0000, 0x0000, 0x0000, 0x0000,
    0x0000, 0x0000, 0x0000, 0x0000, 0x0000, 0x0000, 0x0000, 0x0000, 0x0000, 0x0000, 0x0000, 0x0000,
    0x0000, 0x0000, 0x0000, 0x0000, 0x0000, 0x0000, 0x0000, 0x0000, 0x0000, 0x0000, 0x0000, 0x0000,
    0x0000, 0x0000, 0x0000, 0x0000, 0x0000, 0x0000, 0x0000, 0x0000, 0x0000, 0x0000, 0x0000, 0x0000,
    0x0000, 0x0000, 0x0000, 0x0000, 0x0000, 0x0000, 0x0000, 0x0000, 0x0000, 0x0000, 0x0000, 0x0000,
    0x0000, 0x0000, 0x0000, 0x0000, 0x8328, 0xFE50, 0xF5F1, 0xFED6, 0xFEB5, 0xFE94, 0xF674, 0xF653,
    0xF633, 0xF632, 0xF612, 0xEDF2, 0xEDF2, 0xEDF1, 0xEDD1, 0xEDD1, 0xE5D1, 0xE5B1, 0xE5B1, 0xE5B1,
    0xE5B2, 0xE5B2, 0xE5D2, 0xE5D3, 0xE5D3, 0xEDF4, 0xEE15, 0xF615, 0xF6B8, 0xFED7, 0xFD8B, 0xFD68,
    0xFD49, 0xF528, 0xFE2F, 0xFEF4, 0xFEF4, 0xFED2, 0xFEB2, 0xFE91, 0xFE70, 0xFE4F, 0xFE2E, 0xFE0D,
    0xFDED, 0xFDEC, 0xFDEC, 0xFDCB, 0xFDAB, 0xF5AB, 0xF58A, 0xF58A, 0xF56A, 0xF549, 0xF549, 0xF529,
    0xF529, 0xED09, 0xED08, 0xECE8, 0xECE8, 0xECC8, 0xE4C8, 0xE4A8, 0xE4A7, 0xE4A7, 0xE487, 0xE487,
    0xE487, 0xE468, 0xE468, 0xE467, 0xE447, 0xDC47, 0xDC47, 0xDC27, 0xDC27, 0xDC27, 0xDC27, 0xDC27,
    0xDC27, 0xDC26, 0xDC26, 0xDC06, 0xDC06, 0xDBE6, 0xDBE6, 0xDBE6, 0xDBE6, 0xDBC6, 0xD3C6, 0xD3C6,
    0xD3C6, 0xD3A6, 0xD3A6, 0xD3A6, 0xD3A6, 0xD386, 0xD386, 0xD386, 0xD385, 0xD386, 0xD386, 0xD366,
    0xD365, 0xD365, 0xCB65, 0xD385, 0xCB65, 0xCB65, 0xCB46, 0xCB46, 0xCB45, 0xCB45, 0xCB46, 0xCB46,
    0xCB45, 0xCB26, 0xCB26, 0xCB25, 0xCB26, 0xCB26, 0xCB26, 0xCB26, 0xCB06, 0xCB06, 0xCB06, 0xCB06,
    0xCB26, 0xCB26, 0xCB26, 0xCB26, 0xCB26, 0xCB26, 0xCB27, 0xCB27, 0xCB47, 0xCB47, 0xCB67, 0xCB67,
    0xCB68, 0xCB68, 0xD388, 0xD388, 0xD3C9, 0xDBEA, 0xDC2B, 0xE44C, 0xECAD, 0xECEE, 0xE409, 0xE3A7,
    0xE386, 0xEBC7, 0xFDF3, 0xFE77, 0xF5B2, 0xED92, 0xE571, 0xE551, 0xDD50, 0xDD50, 0xDD30, 0xDD30,
    0xDD2F, 0xDD2F, 0xDD2F, 0xDD2F, 0xDD2F, 0xDD4F, 0xE570, 0xE570, 0xE590, 0xE5B0, 0xEDB1, 0xEDD1,
    0xF5F2, 0xF5F2, 0xF612, 0xFE33, 0xFE74, 0xF674, 0xFDEF, 0xED8E, 0x3123, 0x0000, 0x0000, 0x0000,
    0x0000, 0x0000, 0x0000, 0x0000, 0x0000, 0x0000, 0x0000, 0x0000, 0x0000, 0x0000, 0x0000, 0x0000,
    0x0000, 0x0000, 0x0000, 0x0000, 0x0000, 0x0000, 0x0000, 0x0000, 0x0000, 0x0000, 0x0000, 0x0000,
    0x0000, 0x0000, 0x0000, 0x0000, 0x0000, 0x0000, 0x0000, 0x0000, 0x0000, 0x0000, 0x0000, 0x0000,
    0x0000, 0x0000, 0x0000, 0x0000, 0x0000, 0x0000, 0x0000, 0x0000, 0x0000, 0x0000, 0x0000, 0x0000,
    0x0000, 0x0000, 0x0000, 0x0000, 0x0000, 0x0000, 0x0000, 0x0000, 0x0000, 0x0000, 0x0000, 0x6AA7,
    0xFE70, 0xF611, 0xFED6, 0xFEB5, 0xF694, 0xF674, 0xF653, 0xF633, 0xF613, 0xF612, 0xEDF2, 0xEDF2,
    0xEDF2, 0xEDD1, 0xE5D1, 0xE5D1, 0xE5D2, 0xE5B2, 0xE5B2, 0xE5B2, 0xE5B2, 0xE5B2, 0xE5D3, 0xE5D3,
    0xEDF4, 0xEE15, 0xF636, 0xF6DA, 0xFEB5, 0xFD68, 0xFD69, 0xFD28, 0xF549, 0xFE71, 0xFEF4, 0xFED3,
    0xFEB2, 0xFEB1, 0xFE90, 0xFE6F, 0xFE4E, 0xFE2D, 0xFE0D, 0xFDEC, 0xFDEC, 0xFDCB, 0xF5CB, 0xF5AA,
    0xF58A, 0xF58A, 0xF56A, 0xF549, 0xF549, 0xF529, 0xF529, 0xED09, 0xED08, 0xED08, 0xECE8, 0xECE8,
    0xECC8, 0xE4A8, 0xE4A7, 0xE4A7, 0xE487, 0xE487, 0xE487, 0xE467, 0xE467, 0xE467, 0xE467, 0xE467,
    0xDC47, 0xDC47, 0xDC26, 0xDC06, 0xDC26, 0xDC26, 0xDC06, 0xDC06, 0xDC06, 0xDC06, 0xDC06, 0xDC06,
    0xDC06, 0xDBE6, 0xDBC6, 0xDBC6, 0xDBC6, 0xDBC6, 0xD3C6, 0xD3A5, 0xD3A5, 0xD3A6, 0xD3A6, 0xD3A5,
    0xD3A5, 0xD385, 0xD385, 0xD365, 0xD365, 0xD365, 0xD365, 0xCB65, 0xCB65, 0xCB65, 0xCB45, 0xCB65,
    0xCB65, 0xCB45, 0xCB45, 0xCB45, 0xCB45, 0xCB45, 0xCB45, 0xCB25, 0xCB25, 0xCB25, 0xCB25, 0xCB25,
    0xCB05, 0xCB05, 0xCB05, 0xCB05, 0xC305, 0xC305, 0xC305, 0xC306, 0xCB26, 0xCB06, 0xC306, 0xCB06,
    0xCB06, 0xCB06, 0xCB26, 0xCB26, 0xCB27, 0xCB47, 0xCB47, 0xCB47, 0xCB47, 0xCB67, 0xCB68, 0xCB68,
    0xD388, 0xD3A9, 0xDBEA, 0xDC2B, 0xDC4B, 0xE48D, 0xF4EE, 0xEC6B, 0xE387, 0xE386, 0xE366, 0xF550,
    0xFE77, 0xEDB3, 0xED92, 0xE571, 0xE551, 0xDD50, 0xDD50, 0xDD30, 0xDD30, 0xDD2F, 0xDD2F, 0xDD2F,
    0xDD2F, 0xDD2F, 0xDD4F, 0xE570, 0xE570, 0xE590, 0xE5B0, 0xEDD1, 0xEDF1, 0xF5F2, 0xF5F2, 0xF612,
    0xFE33, 0xFE74, 0xF653, 0xFE0F, 0xE56E, 0x20E2, 0x0000, 0x0000, 0x0000, 0x0000, 0x0000, 0x0000,
    0x0000, 0x0000, 0x0000, 0x0000, 0x0000, 0x0000, 0x0000, 0x0000, 0x0000, 0x0000, 0x0000, 0x0000,
    0x0000, 0x0000, 0x0000, 0x0000, 0x0000, 0x0000, 0x0000, 0x0000, 0x0000, 0x0000, 0x0000, 0x0000,
    0x0000, 0x0000, 0x0000, 0x0000, 0x0000, 0x0000, 0x0000, 0x0000, 0x0000, 0x0000, 0x0000, 0x0000,
    0x0000, 0x0000, 0x0000, 0x0000, 0x0000, 0x0000, 0x0000, 0x0000, 0x0000, 0x0000, 0x0000, 0x0000,
    0x0000, 0x0000, 0x0000, 0x0000, 0x0000, 0x0000, 0x5205, 0xFE30, 0xF610, 0xFED6, 0xFEB5, 0xFE94,
    0xF674, 0xF653, 0xF633, 0xF612, 0xEDF2, 0xEDF2, 0xEDF1, 0xEDD1, 0xEDD1, 0xE5D1, 0xE5B1, 0xE5B1,
    0xE5D2, 0xE5D2, 0xE5B2, 0xE5B2, 0xE5B2, 0xE5B3, 0xE5D3, 0xE5F4, 0xEE15, 0xF636, 0xFEFA, 0xFE52,
    0xFD47, 0xFD69, 0xFD08, 0xFDAC, 0xFED3, 0xFF14, 0xFED3, 0xFEB2, 0xFEB1, 0xFE90, 0xFE6F, 0xFE4E,
    0xFE2D, 0xFE0D, 0xFDEC, 0xFDEB, 0xFDCB, 0xF5AA, 0xF5AA, 0xF58A, 0xF569, 0xF569, 0xF549, 0xF549,
    0xF528, 0xED28, 0xED08, 0xED08, 0xECE8, 0xECE8, 0xECC8, 0xE4C7, 0xE4A7, 0xE4A7, 0xE4A7, 0xE487,
    0xE487, 0xE487, 0xE467, 0xE467, 0xE467, 0xE447, 0xDC47, 0xDC47, 0xDC26, 0xDC26, 0xDC26, 0xDC06,
    0xDC06, 0xDC06, 0xDC06, 0xDC06, 0xDBE6, 0xDBE6, 0xDBE6, 0xDBE6, 0xDBE6, 0xDBC6, 0xDBC6, 0xDBC5,
    0xD3C5, 0xD3C5, 0xD3A5, 0xD3A5, 0xD385, 0xD385, 0xD3A5, 0xD385, 0xD385, 0xD385, 0xCB65, 0xCB65,
    0xCB65, 0xCB65, 0xCB65, 0xCB45, 0xCB45, 0xCB45, 0xCB45, 0xCB45, 0xCB45, 0xCB45, 0xCB45, 0xCB45,
    0xCB45, 0xCB25, 0xCB25, 0xCB25, 0xCB25, 0xCB05, 0xCB05, 0xCB05, 0xC305, 0xC305, 0xC305, 0xC2E5,
    0xC2E5, 0xC2E5, 0xC2E5, 0xC2E5, 0xC305, 0xC2E5, 0xC305, 0xC306, 0xC306, 0xC306, 0xC306, 0xC306,
    0xC326, 0xC327, 0xC327, 0xCB27, 0xCB27, 0xCB27, 0xCB47, 0xCB47, 0xCB68, 0xCB88, 0xD3A9, 0xD3C9,
    0xD3EA, 0xDC0B, 0xE44C, 0xECCE, 0xEC8C, 0xE387, 0xDB87, 0xE345, 0xF4CD, 0xFE77, 0xF5D3, 0xED92,
    0xE571, 0xE551, 0xDD50, 0xDD30, 0xDD30, 0xDD30, 0xDD2F, 0xDD2F, 0xDD2F, 0xDD2F, 0xDD2F, 0xDD4F,
    0xE570, 0xE570, 0xE590, 0xE5B0, 0xEDD1, 0xEDD1, 0xF5F1, 0xF5F2, 0xF612, 0xFE33, 0xFE74, 0xF652,
    0xFE0F, 0xD4EC, 0x0840, 0x0000, 0x0000, 0x0000, 0x0000, 0x0000, 0x0000, 0x0000, 0x0000, 0x0000,
    0x0000, 0x0000, 0x0000, 0x0000, 0x0000, 0x0000, 0x0000, 0x0000, 0x0000, 0x0000, 0x0000, 0x0000,
    0x0000, 0x0000, 0x0000, 0x0000, 0x0000, 0x0000, 0x0000, 0x0000, 0x0000, 0x0000, 0x0000, 0x0000,
    0x0000, 0x0000, 0x0000, 0x0000, 0x0000, 0x0000, 0x0000, 0x0000, 0x0000, 0x0000, 0x0000, 0x0000,
    0x0000, 0x0000, 0x0000, 0x0000, 0x0000, 0x0000, 0x0000, 0x0000, 0x0000, 0x0000, 0x0000, 0x0000,
    0x0000, 0x3143, 0xF5EF, 0xFE10, 0xF6B5, 0xFEB6, 0xFE74, 0xF674, 0xF653, 0xF633, 0xF612, 0xEDF2,
    0xEDF2, 0xEDF2, 0xEDD1, 0xE5D1, 0xE5B1, 0xE5B1, 0xE5B1, 0xE5B2, 0xE5B2, 0xE5B2, 0xE5B2, 0xE5B2,
    0xE5D3, 0xE5D3, 0xE5F4, 0xEDF5, 0xF656, 0xFEF9, 0xFE10, 0xFD47, 0xFD49, 0xFCE7, 0xFDEE, 0xFF14,
    0xFF14, 0xFEF3, 0xFEB2, 0xFEB1, 0xFE90, 0xFE6F, 0xFE4E, 0xFE2D, 0xFE0D, 0xFDEC, 0xFDCB, 0xFDCB,
    0xFDAA, 0xF58A, 0xF589, 0xF569, 0xF569, 0xF549, 0xF549, 0xF528, 0xED08, 0xED08, 0xED08, 0xECE8,
    0xECC8, 0xE4C7, 0xE4A7, 0xE4A7, 0xE4A7, 0xE487, 0xE487, 0xE487, 0xE467, 0xE467, 0xE467, 0xE447,
    0xDC47, 0xDC46, 0xDC46, 0xDC26, 0xDC26, 0xDC26, 0xDC26, 0xDC26, 0xDC06, 0xDC06, 0xDBE5, 0xDBC5,
    0xD3C5, 0xDBC5, 0xD3C5, 0xDBC5, 0xDBC5, 0xDBC5, 0xDBC5, 0xD3A5, 0xD3A5, 0xD3A5, 0xD3A5, 0xD385,
    0xD385, 0xD385, 0xD385, 0xD385, 0xD365, 0xCB65, 0xCB65, 0xCB65, 0xCB45, 0xCB45, 0xCB45, 0xCB45,
    0xCB45, 0xCB45, 0xCB44, 0xCB44, 0xCB44, 0xCB25, 0xCB25, 0xCB25, 0xCB25, 0xCB25, 0xCB25, 0xCB05,
    0xCB05, 0xC305, 0xC305, 0xC2E5, 0xC2E5, 0xC2E5, 0xC2E5, 0xC2E5, 0xC2E5, 0xC2E5, 0xC2E5, 0xC2E5,
    0xC2E5, 0xC2E5, 0xC2E5, 0xC2E5, 0xC2E5, 0xC2E6, 0xC2E6, 0xC306, 0xC306, 0xC306, 0xC306, 0xC306,
    0xC306, 0xC307, 0xC327, 0xC327, 0xCB47, 0xCB47, 0xCB68, 0xCB68, 0xCB89, 0xD3A9, 0xDC0A, 0xE44C,
    0xECAD, 0xECAD, 0xE3C8, 0xDB87, 0xE345, 0xF46B, 0xFE77, 0xF5F4, 0xED92, 0xE571, 0xE551, 0xDD50,
    0xDD30, 0xDD30, 0xDD2F, 0xDD2F, 0xDD2F, 0xDD2F, 0xDD2F, 0xDD2F, 0xDD4F, 0xDD6F, 0xE570, 0xE590,
    0xEDB0, 0xEDB1, 0xEDD1, 0xF5F1, 0xF5F2, 0xF612, 0xFE33, 0xFE74, 0xF632, 0xFE2F, 0xABEA, 0x0000,
    0x0000, 0x0000, 0x0000, 0x0000, 0x0000, 0x0000, 0x0000, 0x0000, 0x0000, 0x0000, 0x0000, 0x0000,
    0x0000, 0x0000, 0x0000, 0x0000, 0x0000, 0x0000, 0x0000, 0x0000, 0x0000, 0x0000, 0x0000, 0x0000,
    0x0000, 0x0000, 0x0000, 0x0000, 0x0000, 0x0000, 0x0000, 0x0000, 0x0000, 0x0000, 0x0000, 0x0000,
    0x0000, 0x0000, 0x0000, 0x0000, 0x0000, 0x0000, 0x0000, 0x0000, 0x0000, 0x0000, 0x0000, 0x0000,
    0x0000, 0x0000, 0x0000, 0x0000, 0x0000, 0x0000, 0x0000, 0x0000, 0x18A2, 0xE58E, 0xFE30, 0xF6B5,
    0xFED6, 0xFE94, 0xF674, 0xF653, 0xF633, 0xF613, 0xEDF2, 0xEDF2, 0xEDF2, 0xEDD1, 0xE5B1, 0xE5B1,
    0xE5B1, 0xE5B1, 0xE5B1, 0xE5B1, 0xE5B2, 0xE5B2, 0xE5B2, 0xE5D3, 0xE5D3, 0xE5F4, 0xEE15, 0xF657,
    0xFEF9, 0xFE0D, 0xFD89, 0xFD69, 0xFD08, 0xFE2F, 0xFF14, 0xFEF3, 0xFED3, 0xFED1, 0xFEB0, 0xFE8F,
    0xFE6F, 0xFE4E, 0xFE2D, 0xFE0C, 0xFDEC, 0xFDCB, 0xFDAB, 0xFDAA, 0xF58A, 0xF56A, 0xF569, 0xF549,
    0xF549, 0xF528, 0xF528, 0xED08, 0xED08, 0xECE8, 0xECE7, 0xECC7, 0xE4C7, 0xE4A7, 0xE487, 0xE487,
    0xE487, 0xE487, 0xE487, 0xE467, 0xE466, 0xE446, 0xDC46, 0xDC46, 0xDC46, 0xDC26, 0xDC26, 0xDC26,
    0xDC06, 0xDC06, 0xDC06, 0xDC06, 0xDC05, 0xDBE5, 0xD3C5, 0xD3C5, 0xD3C5, 0xD3C5, 0xD3C5, 0xDBC5,
    0xDBC5, 0xD3C5, 0xD3A5, 0xD3A5, 0xD385, 0xD385, 0xD385, 0xD365, 0xD364, 0xD365, 0xD365, 0xD365,
    0xCB64, 0xCB64, 0xCB44, 0xCB44, 0xCB44, 0xCB44, 0xCB44, 0xCB44, 0xCB24, 0xCB24, 0xCB24, 0xCB44,
    0xCB44, 0xCB24, 0xCB25, 0xCB24, 0xCB24, 0xC304, 0xC304, 0xC304, 0xC2E4, 0xC2E4, 0xC2E4, 0xC2E4,
    0xC2E4, 0xC2E5, 0xC2E5, 0xC2E5, 0xC2E5, 0xC2E5, 0xC2E5, 0xC2E5, 0xC2C5, 0xC2C5, 0xC2C5, 0xC2C5,
    0xC2C5, 0xC2C5, 0xC2E5, 0xC2E5, 0xC2E6, 0xC2E6, 0xC2E6, 0xC2E6, 0xC2E6, 0xC2E6, 0xC306, 0xC307,
    0xC327, 0xC327, 0xC327, 0xCB47, 0xCB48, 0xCB88, 0xD3C9, 0xDC0A, 0xDC2B, 0xE48D, 0xECAD, 0xE3C8,
    0xDB66, 0xE345, 0xEC09, 0xFE56, 0xF615, 0xED92, 0xE571, 0xE551, 0xDD50, 0xDD30, 0xDD2F, 0xDD2F,
    0xDD2F, 0xDD2F, 0xD50F, 0xDD2F, 0xDD4F, 0xDD4F, 0xDD4F, 0xE570, 0xE590, 0xEDB0, 0xEDB1, 0xEDD1,
    0xF5F1, 0xF5F2, 0xF612, 0xFE33, 0xFE95, 0xF612, 0xFE0F, 0x8B48, 0x0000, 0x0000, 0x0000, 0x0000,
    0x0000, 0x0000, 0x0000, 0x0000, 0x0000, 0x0000, 0x0000, 0x0000, 0x0000, 0x0000, 0x0000, 0x0000,
    0x0000, 0x0000, 0x0000, 0x0000, 0x0000, 0x0000, 0x0000, 0x0000, 0x0000, 0x0000, 0x0000, 0x0000,
    0x0000, 0x0000, 0x0000, 0x0000, 0x0000, 0x0000, 0x0000, 0x0000, 0x0000, 0x0000, 0x0000, 0x0000,
    0x0000, 0x0000, 0x0000, 0x0000, 0x0000, 0x0000, 0x0000, 0x0000, 0x0000, 0x0000, 0x0000, 0x0000,
    0x0000, 0x0000, 0x0000, 0x0020, 0xC4AC, 0xFE50, 0xF694, 0xFED6, 0xFE95, 0xF694, 0xF654, 0xF633,
    0xF613, 0xF612, 0xEDF2, 0xEDF1, 0xEDD1, 0xE5D1, 0xE5B1, 0xE5B1, 0xE5B1, 0xE5B1, 0xE5B1, 0xE5B2,
    0xE5B2, 0xE5B2, 0xE5D3, 0xE5D3, 0xEDF4, 0xEE15, 0xF677, 0xFEF9, 0xFDEC, 0xFD89, 0xFD69, 0xFD49,
    0xFE71, 0xFF14, 0xFED3, 0xFED2, 0xFEB1, 0xFE90, 0xFE6F, 0xFE4E, 0xFE4E, 0xFE2D, 0xFE0C, 0xFDEC,
    0xFDCB, 0xFDAA, 0xFD8A, 0xF58A, 0xF569, 0xF549, 0xF549, 0xF528, 0xF528, 0xED28, 0xED08, 0xED08,
    0xECE7, 0xECE7, 0xECC7, 0xECC7, 0xE4A7, 0xE4A7, 0xE487, 0xE487, 0xE487, 0xE467, 0xE466, 0xE466,
    0xE446, 0xDC46, 0xDC46, 0xDC26, 0xDC26, 0xDC26, 0xDC06, 0xDC05, 0xDC05, 0xDC05, 0xDC05, 0xDBE5,
    0xDBE5, 0xD3C5, 0xD3A5, 0xD3A5, 0xD3A5, 0xD3A5, 0xD3A5, 0xD3A5, 0xD3A5, 0xD3A5, 0xD3A5, 0xD385,
    0xD384, 0xD364, 0xD364, 0xD364, 0xD364, 0xD364, 0xCB64, 0xCB64, 0xCB44, 0xCB44, 0xCB44, 0xCB44,
    0xCB44, 0xCB24, 0xCB24, 0xCB24, 0xCB24, 0xCB04, 0xCB04, 0xCB24, 0xCB24, 0xCB04, 0xCB04, 0xC304,
    0xC304, 0xC304, 0xC304, 0xC304, 0xC2E4, 0xC2E4, 0xC2E4, 0xC2E4, 0xC2E4, 0xC2E4, 0xC2E4, 0xC2C4,
    0xC2E4, 0xC2E4, 0xC2E5, 0xC2E5, 0xBAC5, 0xBAC4, 0xBAC4, 0xBAC5, 0xC2C5, 0xC2C5, 0xC2C5, 0xC2E5,
    0xC2E5, 0xC2E5, 0xC2E5, 0xBAE6, 0xC2E6, 0xC2E6, 0xC2E6, 0xC2E6, 0xC306, 0xC307, 0xC327, 0xC327,
    0xC327, 0xCB68, 0xCB88, 0xD3C9, 0xD3EA, 0xDC0B, 0xE44C, 0xECAD, 0xE409, 0xDB66, 0xDB45, 0xEBA8,
    0xF615, 0xF614, 0xED92, 0xE571, 0xE551, 0xDD30, 0xDD30, 0xDD2F, 0xDD0F, 0xD50F, 0xDD0F, 0xDD2F,
    0xDD2F, 0xDD4F, 0xDD4F, 0xE56F, 0xE570, 0xE590, 0xEDB0, 0xEDD1, 0xEDF1, 0xF5F1, 0xF612, 0xF632,
    0xFE53, 0xFE95, 0xF5F0, 0xFE2F, 0x6A66, 0x0000, 0x0000, 0x0000, 0x0000, 0x0000, 0x0000, 0x0000,
    0x0000, 0x0000, 0x0000, 0x0000, 0x0000, 0x0000, 0x0000, 0x0000, 0x0000, 0x0000, 0x0000, 0x0000,
    0x0000, 0x0000, 0x0000, 0x0000, 0x0000, 0x0000, 0x0000, 0x0000, 0x0000, 0x0000, 0x0000, 0x0000,
    0x0000, 0x0000, 0x0000, 0x0000, 0x0000, 0x0000, 0x0000, 0x0000, 0x0000, 0x0000, 0x0000, 0x0000,
    0x0000, 0x0000, 0x0000, 0x0000, 0x0000, 0x0000, 0x0000, 0x0000, 0x0000, 0x0000, 0x0000, 0x9BAA,
    0xFE50, 0xF653, 0xFED6, 0xFE95, 0xFE94, 0xF674, 0xF633, 0xF613, 0xF612, 0xEDF2, 0xEDF1, 0xEDD1,
    0xE5D1, 0xE5B1, 0xE5B1, 0xE591, 0xE5B1, 0xE5B1, 0xE592, 0xE5B2, 0xE5B2, 0xE5B3, 0xE5D4, 0xE5F4,
    0xEDF5, 0xF677, 0xFED8, 0xFD8B, 0xFD69, 0xFD29, 0xFD49, 0xFE91, 0xFF14, 0xFED3, 0xFEB2, 0xFEB1,
    0xFE90, 0xFE6F, 0xFE4E, 0xFE2D, 0xFE0C, 0xFDEC, 0xFDCB, 0xFDCB, 0xFDAA, 0xFD8A, 0xF569, 0xF549,
    0xF549, 0xF549, 0xF528, 0xF528, 0xED08, 0xED07, 0xECE7, 0xECE7, 0xECE7, 0xECC7, 0xECC7, 0xECA7,
    0xE4A7, 0xE487, 0xE486, 0xE466, 0xE466, 0xE466, 0xE446, 0xE446, 0xDC26, 0xDC26, 0xDC25, 0xDC25,
    0xDC05, 0xDC05, 0xDC05, 0xDC05, 0xDC05, 0xDBE5, 0xDBE5, 0xDBE5, 0xD3C5, 0xD3A5, 0xD3A4, 0xD3A4,
    0xD3A4, 0xD3A5, 0xD3A5, 0xD3A5, 0xD3A4, 0xD3A4, 0xD384, 0xD384, 0xD384, 0xD364, 0xD364, 0xD364,
    0xD364, 0xCB44, 0xCB44, 0xCB44, 0xCB44, 0xCB24, 0xCB24, 0xCB24, 0xCB24, 0xCB24, 0xCB24, 0xCB24,
    0xC304, 0xC304, 0xC304, 0xC304, 0xCB04, 0xC304, 0xC304, 0xC2E4, 0xC2E4, 0xC2E4, 0xC2E4, 0xC2E4,
    0xC2C4, 0xC2E4, 0xC2C4, 0xC2C4, 0xC2C4, 0xC2C4, 0xC2C4, 0xC2C4, 0xC2E4, 0xC2E4, 0xC2C4, 0xBAC4,
    0xBAC4, 0xBAC4, 0xBAC4, 0xBAC4, 0xBAA4, 0xBAC5, 0xBAC5, 0xBAC5, 0xBAC5, 0xBAC5, 0xBAE5, 0xBAE5,
    0xBAE5, 0xBAC5, 0xBAE6, 0xBAE6, 0xC2E6, 0xC2E6, 0xC306, 0xC307, 0xC327, 0xCB47, 0xCB68, 0xCB88,
    0xD3A9, 0xD3CA, 0xDC0B, 0xE44C, 0xECAE, 0xE40A, 0xDB46, 0xDB45, 0xE387, 0xF615, 0xF615, 0xED92,
    0xE571, 0xE551, 0xDD30, 0xDD30, 0xDD0F, 0xDD0F, 0xD50F, 0xDD0F, 0xDD2F, 0xDD2F, 0xDD4F, 0xDD4F,
    0xE570, 0xE570, 0xE590, 0xEDB0, 0xEDB0, 0xEDD1, 0xF5F1, 0xF5F2, 0xF612, 0xFE53, 0xFE74, 0xFDEF,
    0xF5CE, 0x3123, 0x0000, 0x0000, 0x0000, 0x0000, 0x0000, 0x0000, 0x0000, 0x0000, 0x0000, 0x0000,
    0x0000, 0x0000, 0x0000, 0x0000, 0x0000, 0x0000, 0x0000, 0x0000, 0x0000, 0x0000, 0x0000, 0x0000,
    0x0000, 0x0000, 0x0000, 0x0000, 0x0000, 0x0000, 0x0000, 0x0000, 0x0000, 0x0000, 0x0000, 0x0000,
    0x0000, 0x0000, 0x0000, 0x0000, 0x0000, 0x0000, 0x0000, 0x0000, 0x0000, 0x0000, 0x0000, 0x0000,
    0x0000, 0x0000, 0x0000, 0x0000, 0x0000, 0x0000, 0x6A87, 0xFE50, 0xF632, 0xFED7, 0xFE95, 0xFE95,
    0xF674, 0xF653, 0xF633, 0xF612, 0xEDF2, 0xEDF2, 0xEDD1, 0xE5D1, 0xE5B1, 0xE5B1, 0xE5B1, 0xE591,
    0xE591, 0xE591, 0xE5B2, 0xE5B2, 0xE5B2, 0xE5D3, 0xE5F4, 0xEE15, 0xF677, 0xFED7, 0xFD8A, 0xFD49,
    0xF508, 0xFD4A, 0xFE92, 0xFEF4, 0xFED3, 0xFEB2, 0xFE91, 0xFE90, 0xFE6F, 0xFE4E, 0xFE2D, 0xFE0C,
    0xFDEC, 0xFDCB, 0xFDAA, 0xFD8A, 0xF58A, 0xF569, 0xF549, 0xF549, 0xF528, 0xF528, 0xED28, 0xED07,
    0xECE7, 0xECE7, 0xECC7, 0xECC7, 0xECC7, 0xECC7, 0xE4A7, 0xE486, 0xE486, 0xE486, 0xE466, 0xE466,
    0xE446, 0xE446, 0xDC26, 0xDC25, 0xDC25, 0xDC25, 0xDC05, 0xDC05, 0xDC05, 0xDC05, 0xDBE5, 0xDBE5,
    0xDBC5, 0xDBC5, 0xDBC5, 0xDBC5, 0xD3C5, 0xD3A4, 0xD3A4, 0xD384, 0xD3A4, 0xD3A4, 0xD3A4, 0xD3A4,
    0xD384, 0xD384, 0xD384, 0xD364, 0xD364, 0xD364, 0xD344, 0xD344, 0xCB44, 0xCB44, 0xCB44, 0xCB44,
    0xCB24, 0xCB24, 0xCB24, 0xCB24, 0xCB24, 0xCB23, 0xCB03, 0xCB04, 0xC304, 0xC303, 0xC2E3, 0xC303,
    0xC303, 0xC304, 0xC2E4, 0xC2E4, 0xC2E4, 0xC2E4, 0xC2C3, 0xC2C4, 0xC2C4, 0xC2C4, 0xC2C4, 0xC2A3,
    0xC2C4, 0xC2C4, 0xC2C4, 0xC2C4, 0xC2C4, 0xC2C4, 0xBAC4, 0xBAA4, 0xBAC4, 0xBAC4, 0xBAC4, 0xBAA4,
    0xBAA4, 0xBAC4, 0xBAC4, 0xBAC4, 0xBAC4, 0xBAC5, 0xBAC5, 0xBAC5, 0xBAC5, 0xBAC5, 0xBAC5, 0xBAC5,
    0xBAC6, 0xBAE6, 0xC2E6, 0xC2E6, 0xC306, 0xC327, 0xC347, 0xCB68, 0xCB88, 0xCBA9, 0xD3C9, 0xDC0B,
    0xDC4B, 0xECAD, 0xE40A, 0xDB66, 0xDB65, 0xE387, 0xFE15, 0xF635, 0xED92, 0xE572, 0xE551, 0xDD30,
    0xDD10, 0xDD0F, 0xDD0F, 0xD50F, 0xDD0F, 0xDD2F, 0xDD2F, 0xDD4F, 0xDD4F, 0xE56F, 0xE570, 0xE590,
    0xEDB0, 0xEDD1, 0xEDD1, 0xF5F1, 0xF5F2, 0xF612, 0xFE53, 0xF673, 0xFE0F, 0xD4EC, 0x0841, 0x0000,
    0x0000, 0x0000, 0x0000, 0x0000, 0x0000, 0x0000, 0x0000, 0x0000, 0x0000, 0x0000, 0x0000, 0x0000,
    0x0000, 0x0000, 0x0000, 0x0000, 0x0000, 0x0000, 0x0000, 0x0000, 0x0000, 0x0000, 0x0000, 0x0000,
    0x0000, 0x0000, 0x0000, 0x0000, 0x0000, 0x0000, 0x0000, 0x0000, 0x0000, 0x0000, 0x0000, 0x0000,
    0x0000, 0x0000, 0x0000, 0x0000, 0x0000, 0x0000, 0x0000, 0x0000, 0x0000, 0x0000, 0x0000, 0x0000,
    0x0000, 0x49C5, 0xFE10, 0xF611, 0xFEF6, 0xFEB5, 0xFE95, 0xF674, 0xF653, 0xF633, 0xF612, 0xEDF2,
    0xEDF2, 0xEDD1, 0xE5D1, 0xE5B1, 0xE5B1, 0xE5B1, 0xE591, 0xDD91, 0xDD91, 0xDD92, 0xE5B2, 0xE5B3,
    0xE5D3, 0xE5D4, 0xEDF4, 0xF677, 0xFED8, 0xFD69, 0xFD49, 0xF4E7, 0xF54A, 0xFEB2, 0xFEF3, 0xFEB2,
    0xFEB1, 0xFE90, 0xFE6F, 0xFE4E, 0xFE2E, 0xFE0D, 0xFDEC, 0xFDCB, 0xFDAB, 0xFDAA, 0xFD8A, 0xF569,
    0xF569, 0xF549, 0xF549, 0xF528, 0xF528, 0xED07, 0xED07, 0xECE7, 0xECE7, 0xECC7, 0xECC7, 0xECC7,
    0xECA7, 0xECA7, 0xE486, 0xE486, 0xE486, 0xE466, 0xE466, 0xE446, 0xE446, 0xDC45, 0xE425, 0xDC25,
    0xDC25, 0xDC05, 0xDBE5, 0xDC05, 0xDBE5, 0xDBE5, 0xDBE5, 0xDBC5, 0xDBC5, 0xDBC5, 0xDBC4, 0xDBC4,
    0xD3A4, 0xD3A4, 0xD384, 0xD384, 0xD384, 0xD384, 0xD384, 0xD384, 0xD384, 0xD384, 0xD364, 0xD364,
    0xD364, 0xD343, 0xCB43, 0xCB43, 0xCB43, 0xCB43, 0xCB44, 0xCB23, 0xCB23, 0xCB23, 0xCB23, 0xCB23,
    0xCB03, 0xCB03, 0xCB03, 0xC2E3, 0xC2E3, 0xC2E3, 0xC2E3, 0xC2E3, 0xC303, 0xC303, 0xC2E3, 0xC2E3,
    0xC2E3, 0xC2C3, 0xC2C3, 0xC2C3, 0xC2C3, 0xC2C3, 0xC2C3, 0xC2A3, 0xC2A3, 0xC2A3, 0xC2C3, 0xBAC3,
    0xBAC4, 0xBAA3, 0xBAA4, 0xBAA4, 0xBAA4, 0xBAA4, 0xBAA4, 0xBA84, 0xBAA4, 0xBAA4, 0xBAA4, 0xBAA4,
    0xBAA4, 0xBAA4, 0xBAC5, 0xBAC5, 0xBAA5, 0xBAA5, 0xBAA5, 0xBAC5, 0xBAC5, 0xBAC5, 0xBAC5, 0xBAE6,
    0xC2E6, 0xC326, 0xC327, 0xC327, 0xCB47, 0xCB68, 0xCB88, 0xD3C9, 0xDC0A, 0xDC2B, 0xECAD, 0xE42B,
    0xDB46, 0xDB45, 0xE366, 0xFE15, 0xF615, 0xED92, 0xE571, 0xDD50, 0xDD30, 0xDD0F, 0xDD0F, 0xD50F,
    0xDD0F, 0xDD0F, 0xDD2F, 0xDD2F, 0xDD4F, 0xDD4F, 0xE56F, 0xE570, 0xE590, 0xEDB0, 0xEDD1, 0xF5F1,
    0xF5F1, 0xF612, 0xFE32, 0xFE74, 0xF652, 0xFE0F, 0xB42A, 0x0000, 0x0000, 0x0000, 0x0000, 0x0000,
    0x0000, 0x0000, 0x0000, 0x0000, 0x0000, 0x0000, 0x0000, 0x0000, 0x0000, 0x0000, 0x0000, 0x0000,
    0x0000, 0x0000, 0x0000, 0x0000, 0x0000, 0x0000, 0x0000, 0x0000, 0x0000, 0x0000, 0x0000, 0x0000,
    0x0000, 0x0000, 0x0000, 0x0000, 0x0000, 0x0000, 0x0000, 0x0000, 0x0000, 0x0000, 0x0000, 0x0000,
    0x0000, 0x0000, 0x0000, 0x0000, 0x0000, 0x0000, 0x0000, 0x0000, 0x18A1, 0xEDAE, 0xFE10, 0xF6B6,
    0xFEB6, 0xFE95, 0xF674, 0xF654, 0xF633, 0xF613, 0xEDF2, 0xEDF2, 0xEDF2, 0xEDD1, 0xE5B1, 0xE5B1,
    0xE591, 0xE591, 0xDD91, 0xDD91, 0xDD92, 0xE592, 0xE592, 0xE5B3, 0xE5D4, 0xEDF4, 0xF657, 0xFEF8,
    0xFD8A, 0xFD28, 0xF4E7, 0xF56A, 0xFEB3, 0xFED3, 0xFEB2, 0xFE91, 0xFE90, 0xFE6F, 0xFE4E, 0xFE2D,
    0xFE0D, 0xFDEC, 0xFDCB, 0xFDAA, 0xFD8A, 0xF569, 0xF569, 0xF549, 0xF548, 0xF528, 0xF528, 0xF528,
    0xF507, 0xED07, 0xECE7, 0xECE7, 0xECC7, 0xECC7, 0xECA7, 0xECA6, 0xE4A6, 0xE486, 0xE486, 0xE466,
    0xE466, 0xE465, 0xE445, 0xE445, 0xE445, 0xDC25, 0xDC25, 0xDC05, 0xDC05, 0xDC05, 0xDBE5, 0xDBE5,
    0xDBE5, 0xDBC4, 0xDBC4, 0xDBC4, 0xDBC4, 0xDBC4, 0xDBA4, 0xDBA4, 0xD3A4, 0xD3A4, 0xD384, 0xD384,
    0xD384, 0xD384, 0xD363, 0xD364, 0xD364, 0xD363, 0xD363, 0xD363, 0xD343, 0xCB43, 0xCB43, 0xCB43,
    0xCB43, 0xCB43, 0xCB23, 0xCB23, 0xCB23, 0xCB23, 0xCB23, 0xCB23, 0xCB03, 0xCB03, 0xCB03, 0xC2E3,
    0xC2E3, 0xC2E3, 0xC2E3, 0xC2E3, 0xC2E3, 0xC2E3, 0xC2E3, 0xC2C3, 0xC2C3, 0xC2C3, 0xC2C3, 0xC2C3,
    0xC2C3, 0xC2A3, 0xBAA3, 0xBAA3, 0xBAA3, 0xBAA3, 0xBAA3, 0xBAA3, 0xBAA3, 0xBAA3, 0xBAA3, 0xBAA3,
    0xBAA3, 0xBA83, 0xBA84, 0xBA84, 0xBAA4, 0xBAA4, 0xBAA4, 0xBAA4, 0xBAA4, 0xBAA4, 0xBAA4, 0xBAA4,
    0xBAA4, 0xBA85, 0xBAA5, 0xBAA5, 0xBAA5, 0xBAA5, 0xBAC5, 0xBAC5, 0xBAE6, 0xC306, 0xC306, 0xC307,
    0xC327, 0xC347, 0xCB68, 0xCB88, 0xD3A9, 0xD3CA, 0xDC0B, 0xEC8D, 0xE42B, 0xDB46, 0xDB45, 0xE387,
    0xF615, 0xF615, 0xED92, 0xE571, 0xDD51, 0xDD30, 0xDD0F, 0xDD0F, 0xDD0F, 0xDD0F, 0xDD0F, 0xDD2F,
    0xDD2F, 0xDD4F, 0xDD4F, 0xE56F, 0xE590, 0xED90, 0xEDB0, 0xF5D1, 0xF5F1, 0xF5F1, 0xFE12, 0xFE32,
    0xFE74, 0xF611, 0xFE2F, 0x7AE7, 0x0000, 0x0000, 0x0000, 0x0000, 0x0000, 0x0000, 0x0000, 0x0000,
    0x0000, 0x0000, 0x0000, 0x0000, 0x0000, 0x0000, 0x0000, 0x0000, 0x0000, 0x0000, 0x0000, 0x0000,
    0x0000, 0x0000, 0x0000, 0x0000, 0x0000, 0x0000, 0x0000, 0x0000, 0x0000, 0x0000, 0x0000, 0x0000,
    0x0000, 0x0000, 0x0000, 0x0000, 0x0000, 0x0000, 0x0000, 0x0000, 0x0000, 0x0000, 0x0000, 0x0000,
    0x0000, 0x0000, 0x0000, 0x0000, 0xB44B, 0xFE50, 0xF674, 0xFED6, 0xFE95, 0xF674, 0xF654, 0xF633,
    0xF613, 0xEDF2, 0xEDF2, 0xEDF1, 0xEDD1, 0xE5B1, 0xE5B1, 0xE5B1, 0xE591, 0xDD91, 0xDD91, 0xDD92,
    0xDD92, 0xE592, 0xE5B2, 0xE5D3, 0xEDF4, 0xF656, 0xFEF8, 0xFDAB, 0xFD69, 0xFCE8, 0xF54A, 0xFEB3,
    0xFEF3, 0xFEB2, 0xFE91, 0xFE70, 0xFE4E, 0xFE2E, 0xFE0D, 0xFE0C, 0xFDEB, 0xFDEB, 0xFDCA, 0xF589,
    0xF569, 0xF549, 0xF548, 0xF528, 0xF528, 0xF508, 0xF508, 0xF508, 0xF507, 0xECE7, 0xECC7, 0xECC7,
    0xECA6, 0xECA6, 0xECA6, 0xECA6, 0xE486, 0xE486, 0xE486, 0xE466, 0xE465, 0xE445, 0xE445, 0xE445,
    0xE425, 0xDC25, 0xDC25, 0xDC05, 0xDC05, 0xDC04, 0xDBE4, 0xDBE4, 0xDBC4, 0xDBC4, 0xDBC4, 0xDBC4,
    0xDBC4, 0xDBC4, 0xDBA4, 0xDBA4, 0xDBA4, 0xD3A4, 0xD384, 0xD384, 0xD383, 0xD363, 0xD363, 0xD363,
    0xD363, 0xD363, 0xD363, 0xD343, 0xD343, 0xCB43, 0xCB23, 0xCB23, 0xCB23, 0xCB23, 0xCB23, 0xCB03,
    0xCB23, 0xCB23, 0xCB23, 0xCB23, 0xCB03, 0xCB03, 0xC303, 0xC2E3, 0xC2E3, 0xC2C3, 0xC2C3, 0xC2C3,
    0xC2C3, 0xC2C3, 0xC2C3, 0xC2A3, 0xC2C3, 0xC2C3, 0xC2A3, 0xC2A3, 0xC2A3, 0xBAA3, 0xBAA3, 0xBAA3,
    0xBA83, 0xBA83, 0xBAA3, 0xBAA3, 0xBAA3, 0xBAA3, 0xBAA3, 0xBA83, 0xBA83, 0xBA83, 0xBA83, 0xBA83,
    0xBA83, 0xBAA4, 0xBA84, 0xBA84, 0xBAA4, 0xBAA4, 0xBAA4, 0xBAA4, 0xBAA4, 0xBA84, 0xBA84, 0xBAA5,
    0xBAA5, 0xBAA5, 0xBAA5, 0xBAC5, 0xBAE5, 0xBAC6, 0xBAE6, 0xBAE6, 0xC306, 0xC307, 0xC327, 0xCB47,
    0xCB68, 0xCB89, 0xD3CA, 0xDC0B, 0xE48D, 0xE42A, 0xDB46, 0xDB66, 0xE3A7, 0xF615, 0xF5F4, 0xED92,
    0xE551, 0xDD30, 0xDD30, 0xDD10, 0xDD0F, 0xDD0F, 0xD50F, 0xDD2F, 0xDD2F, 0xDD2F, 0xDD4F, 0xDD4F,
    0xE56F, 0xE570, 0xED90, 0xEDB0, 0xF5D1, 0xF5F1, 0xF612, 0xFE32, 0xFE53, 0xFE74, 0xF5EF, 0xFDEF,
    0x3943, 0x0000, 0x0000, 0x0000, 0x0000, 0x0000, 0x0000, 0x0000, 0x0000, 0x0000, 0x0000, 0x0000,
    0x0000, 0x0000, 0x0000, 0x0000, 0x0000, 0x0000, 0x0000, 0x0000, 0x0000, 0x0000, 0x0000, 0x0000,
    0x0000, 0x0000, 0x0000, 0x0000, 0x0000, 0x0000, 0x0000, 0x0000, 0x0000, 0x0000, 0x0000, 0x0000,
    0x0000, 0x0000, 0x0000, 0x0000, 0x0000, 0x0000, 0x0000, 0x0000, 0x0000, 0x0000, 0x0000, 0x72C7,
    0xFE50, 0xF632, 0xFED6, 0xFE95, 0xF694, 0xF653, 0xF633, 0xF613, 0xEDF2, 0xEDF2, 0xEDF1, 0xE5D1,
    0xE5D1, 0xE5B1, 0xE5B1, 0xE591, 0xDD91, 0xDD91, 0xDDB2, 0xE5B2, 0xE5B2, 0xE5B3, 0xE5D3, 0xEDF4,
    0xF636, 0xFEF9, 0xFDCC, 0xFD48, 0xFCE8, 0xFD6B, 0xFED3, 0xFEF3, 0xFEB2, 0xFE91, 0xFE70, 0xFE4E,
    0xFE2D, 0xFE0C, 0xFDEC, 0xFDEB, 0xFDCA, 0xFDCA, 0xF589, 0xF569, 0xF568, 0xF548, 0xF528, 0xF508,
    0xF527, 0xF507, 0xF507, 0xF4E7, 0xF4E7, 0xECC7, 0xECC7, 0xECA6, 0xECA6, 0xEC86, 0xEC86, 0xE486,
    0xE486, 0xE465, 0xE465, 0xE465, 0xE445, 0xE445, 0xE425, 0xE425, 0xDC25, 0xDC04, 0xDC04, 0xDC04,
    0xDC04, 0xDBE4, 0xDBC4, 0xDBC4, 0xDBC4, 0xDBC4, 0xDBC4, 0xDBC4, 0xDBC4, 0xDBC4, 0xDBA4, 0xDBA4,
    0xD3A4, 0xD384, 0xD384, 0xD383, 0xD363, 0xD363, 0xD363, 0xD363, 0xD343, 0xD343, 0xD343, 0xD343,
    0xD343, 0xCB23, 0xCB23, 0xCB23, 0xCB23, 0xCB23, 0xCB03, 0xCB03, 0xCB03, 0xCB23, 0xCB23, 0xCB23,
    0xCB03, 0xCB03, 0xC2E3, 0xC2E3, 0xC2C3, 0xC2C3, 0xC2C3, 0xC2C3, 0xC2C3, 0xC2A3, 0xC2A3, 0xBAA2,
    0xBAA3, 0xC2A3, 0xBAA3, 0xBAA3, 0xBAA3, 0xBAA3, 0xBA83, 0xBA83, 0xBA83, 0xBA83, 0xBA83, 0xBA83,
    0xBA83, 0xBA83, 0xBA83, 0xBA83, 0xBA83, 0xBA83, 0xBA83, 0xBA83, 0xBA83, 0xBA83, 0xBA83, 0xBA83,
    0xBA83, 0xBA84, 0xBA84, 0xBA84, 0xBA84, 0xBA84, 0xBA84, 0xBA84, 0xBA84, 0xBA84, 0xBAA5, 0xBAC5,
    0xBAA5, 0xBAC5, 0xBAC5, 0xBAC6, 0xBAE6, 0xBAE6, 0xC307, 0xC327, 0xC327, 0xCB48, 0xCB88, 0xD3CA,
    0xDC0B, 0xE48D, 0xE42A, 0xDB46, 0xDB45, 0xE3A8, 0xFE36, 0xF5F4, 0xE572, 0xE551, 0xDD30, 0xDD30,
    0xDD0F, 0xDD0F, 0xDD0F, 0xDD0F, 0xDD2F, 0xDD2F, 0xDD2F, 0xDD4F, 0xE54F, 0xE570, 0xE590, 0xEDB0,
    0xEDD0, 0xF5F1, 0xF5F1, 0xF612, 0xF632, 0xFE53, 0xF653, 0xFE10, 0xD50D, 0x0840, 0x0000, 0x0000,
    0x0000, 0x0000, 0x0000, 0x0000, 0x0000, 0x0000, 0x0000, 0x0000, 0x0000, 0x0000, 0x0000, 0x0000,
    0x0000, 0x0000, 0x0000, 0x0000, 0x0000, 0x0000, 0x0000, 0x0000, 0x0000, 0x0000, 0x0000, 0x0000,
    0x0000, 0x0000, 0x0000, 0x0000, 0x0000, 0x0000, 0x0000, 0x0000, 0x0000, 0x0000, 0x0000, 0x0000,
    0x0000, 0x0000, 0x0000, 0x0000, 0x0000, 0x0000, 0x3163, 0xFE30, 0xF611, 0xFEB6, 0xFE95, 0xF674,
    0xF654, 0xF633, 0xF613, 0xF5F2, 0xEDF2, 0xEDF2, 0xEDD1, 0xE5D1, 0xE5D1, 0xE5B1, 0xE5B1, 0xDD91,
    0xDD91, 0xE5B2, 0xE5B2, 0xE5B2, 0xE5D3, 0xE5D3, 0xEDF4, 0xEE15, 0xFED9, 0xFDCD, 0xFD28, 0xFCC7,
    0xFD29, 0xFED3, 0xFEF4, 0xFEB2, 0xFE91, 0xFE70, 0xFE4E, 0xFE2D, 0xFE0C, 0xFDEB, 0xFDEB, 0xFDCA,
    0xFDCA, 0xF5A9, 0xF589, 0xF568, 0xF548, 0xF528, 0xF508, 0xF507, 0xF507, 0xF507, 0xECE7, 0xECE7,
    0xECC7, 0xECC6, 0xECA6, 0xEC86, 0xEC86, 0xE485, 0xE485, 0xE485, 0xE465, 0xE465, 0xE445, 0xE445,
    0xE425, 0xE425, 0xE425, 0xE424, 0xDC04, 0xDC04, 0xDC04, 0xDC04, 0xDBE4, 0xDBE4, 0xDBC4, 0xDBC4,
    0xDBC4, 0xDBC4, 0xDBA4, 0xDBA4, 0xDBA4, 0xDBA3, 0xDBA4, 0xD3A3, 0xD383, 0xD383, 0xD383, 0xD383,
    0xD383, 0xD363, 0xD363, 0xD363, 0xD343, 0xD343, 0xD343, 0xD343, 0xD343, 0xD323, 0xCB23, 0xCB23,
    0xCB23, 0xCB43, 0xCB23, 0xCB02, 0xCB02, 0xCB22, 0xCB03, 0xCB03, 0xCB02, 0xC303, 0xC2E3, 0xC2C2,
    0xC2C2, 0xC2C2, 0xC2C2, 0xC2C2, 0xC2A2, 0xC2A2, 0xBAA2, 0xBAA2, 0xBAA2, 0xBAA2, 0xBAA2, 0xBAA3,
    0xBA83, 0xBA83, 0xBA82, 0xBA82, 0xBA82, 0xBA62, 0xBA63, 0xBA63, 0xBA63, 0xBA83, 0xBA83, 0xBA83,
    0xBA83, 0xBA63, 0xBA83, 0xBA83, 0xB283, 0xB283, 0xBA83, 0xBA83, 0xBA83, 0xBA83, 0xBA83, 0xBA83,
    0xBA64, 0xBA84, 0xBA84, 0xBA84, 0xBA84, 0xBA84, 0xBAA4, 0xBAA5, 0xBAA5, 0xBAA5, 0xBAA5, 0xBAC5,
    0xBAC5, 0xBAE6, 0xBAE6, 0xC307, 0xC307, 0xC327, 0xCB68, 0xCB88, 0xD3CA, 0xDC0B, 0xECAD, 0xE42A,
    0xDB46, 0xDB25, 0xEBC9, 0xF636, 0xEDB3, 0xE572, 0xDD51, 0xDD30, 0xDD30, 0xDD0F, 0xDD0F, 0xDD0F,
    0xDD2F, 0xDD2F, 0xDD2F, 0xDD4F, 0xDD4F, 0xE56F, 0xE570, 0xE590, 0xEDB0, 0xEDD1, 0xF5F1, 0xF5F1,
    0xF612, 0xFE32, 0xFE54, 0xF632, 0xFE2F, 0xA3C9, 0x0000, 0x0000, 0x0000, 0x0000, 0x0000, 0x0000,
    0x0000, 0x0000, 0x0000, 0x0000, 0x0000, 0x0000, 0x0000, 0x0000, 0x0000, 0x0000, 0x0000, 0x0000,
    0x0000, 0x0000, 0x0000, 0x0000, 0x0000, 0x0000, 0x0000, 0x0000, 0x0000, 0x0000, 0x0000, 0x0000,
    0x0000, 0x0000, 0x0000, 0x0000, 0x0000, 0x0000, 0x0000, 0x0000, 0x0000, 0x0000, 0x0000, 0x0000,
    0x0000, 0x0840, 0xD52D, 0xFE51, 0xF6B5, 0xFEB5, 0xFE94, 0xF674, 0xF633, 0xF633, 0xF612, 0xEDF2,
    0xEDF1, 0xEDD1, 0xE5D1, 0xE5B1, 0xE5B1, 0xE5B1, 0xDD91, 0xDD91, 0xDD92, 0xE5B2, 0xE5B2, 0xE5B3,
    0xE5D3, 0xEDF4, 0xEE15, 0xF6D9, 0xFDEE, 0xFD28, 0xFCE8, 0xF4E8, 0xFEB2, 0xFF14, 0xFEB2, 0xFE91,
    0xFE70, 0xFE4E, 0xFE2D, 0xFE0D, 0xFDCB, 0xFDCB, 0xFDAA, 0xFDAA, 0xF589, 0xF569, 0xF548, 0xF548,
    0xF527, 0xF507, 0xF507, 0xF4E7, 0xECE7, 0xF4E7, 0xECE7, 0xECE6, 0xECC6, 0xECA6, 0xECA6, 0xEC86,
    0xEC66, 0xE465, 0xE465, 0xE465, 0xE465, 0xE445, 0xE445, 0xE425, 0xE425, 0xE424, 0xE404, 0xDC04,
    0xDC04, 0xDC04, 0xDC04, 0xDBE4, 0xDBE4, 0xDBC4, 0xDBC4, 0xDBC4, 0xDBC4, 0xDBA3, 0xDBA3, 0xDBA3,
    0xDBA3, 0xD383, 0xD383, 0xD383, 0xD383, 0xD383, 0xD383, 0xD383, 0xD383, 0xD363, 0xD363, 0xD343,
    0xD343, 0xD343, 0xD343, 0xD343, 0xD323, 0xD323, 0xCB23, 0xCB23, 0xCB23, 0xCB23, 0xCB22, 0xCB02,
    0xCB02, 0xCB02, 0xCB02, 0xCB02, 0xCB02, 0xC2E2, 0xC2C2, 0xC2C2, 0xC2C2, 0xC2C2, 0xC2C2, 0xC2C2,
    0xC2A2, 0xC2A2, 0xBAA2, 0xBAA2, 0xBAA2, 0xBA82, 0xBA82, 0xBA82, 0xBA82, 0xBA82, 0xBA82, 0xBA82,
    0xBA62, 0xBA62, 0xBA62, 0xBA62, 0xBA62, 0xBA62, 0xBA62, 0xBA62, 0xBA63, 0xBA63, 0xB263, 0xB263,
    0xB263, 0xB263, 0xB283, 0xB283, 0xB263, 0xBA63, 0xBA63, 0xBA63, 0xBA63, 0xBA63, 0xBA64, 0xBA64,
    0xBA64, 0xBA84, 0xBAA4, 0xBAA4, 0xBAA5, 0xBAA5, 0xBAA5, 0xBAA5, 0xBAA5, 0xBAC6, 0xBAE6, 0xBAE6,
    0xBB07, 0xC327, 0xC347, 0xCB68, 0xCB89, 0xD3CA, 0xDC0B, 0xEC8D, 0xE3E9, 0xD325, 0xDB04, 0xEC4A,
    0xF657, 0xEDB3, 0xE572, 0xDD51, 0xDD30, 0xDD30, 0xDD0F, 0xDD0F, 0xD50F, 0xDD0F, 0xDD2F, 0xDD2F,
    0xDD4F, 0xDD4F, 0xE56F, 0xE590, 0xEDB0, 0xEDB0, 0xEDD1, 0xF5F1, 0xF5F1, 0xF612, 0xFE32, 0xFE74,
    0xF611, 0xFE2F, 0x5205, 0x0000, 0x0000, 0x0000, 0x0000, 0x0000, 0x0000, 0x0000, 0x0000, 0x0000,
    0x0000, 0x0000, 0x0000, 0x0000, 0x0000, 0x0000, 0x0000, 0x0000, 0x0000, 0x0000, 0x0000, 0x0000,
    0x0000, 0x0000, 0x0000, 0x0000, 0x0000, 0x0000, 0x0000, 0x0000, 0x0000, 0x0000, 0x0000, 0x0000,
    0x0000, 0x0000, 0x0000, 0x0000, 0x0000, 0x0000, 0x0000, 0x0000, 0x0000, 0x938A, 0xFE71, 0xF653,
    0xFED6, 0xFE95, 0xF674, 0xF653, 0xF633, 0xF612, 0xEDF2, 0xEDF2, 0xEDD1, 0xE5D1, 0xE5B1, 0xE5B1,
    0xDD91, 0xDD91, 0xDD91, 0xDD91, 0xDD92, 0xE5B2, 0xE5B3, 0xE5D3, 0xEDF4, 0xEDF4, 0xF6B8, 0xFE31,
    0xFD07, 0xFD08, 0xFCE8, 0xFE50, 0xFEF4, 0xFEB2, 0xFE91, 0xFE70, 0xFE4E, 0xFE2D, 0xFE0C, 0xFDEC,
    0xFDCB, 0xFDAA, 0xFD8A, 0xFD69, 0xF568, 0xF548, 0xF528, 0xF527, 0xF507, 0xF507, 0xF4E7, 0xF4E7,
    0xF4E7, 0xECE6, 0xECC6, 0xECC6, 0xECA6, 0xECA6, 0xEC86, 0xEC86, 0xEC65, 0xE465, 0xE465, 0xE465,
    0xE445, 0xE424, 0xE424, 0xE424, 0xE424, 0xE404, 0xDC04, 0xDC04, 0xDBE4, 0xDBE4, 0xDBE4, 0xDBE4,
    0xDBC4, 0xDBC4, 0xDBC4, 0xDBC3, 0xDBC3, 0xDBA3, 0xDBA3, 0xDBA3, 0xDBA3, 0xD383, 0xD383, 0xD383,
    0xD383, 0xD363, 0xD383, 0xD383, 0xD383, 0xD363, 0xD343, 0xD343, 0xD343, 0xD343, 0xD343, 0xD322,
    0xD323, 0xD323, 0xCB22, 0xCB22, 0xCB22, 0xCB22, 0xCB22, 0xCB02, 0xCB02, 0xCAE2, 0xCAE2, 0xCAE2,
    0xC2E2, 0xC2E2, 0xC2C2, 0xC2C2, 0xC2C2, 0xC2C2, 0xC2C2, 0xC2A2, 0xC2A2, 0xBAA2, 0xBAA2, 0xBAA2,
    0xBA82, 0xBA82, 0xBA82, 0xBA82, 0xBA82, 0xBA82, 0xBA62, 0xBA62, 0xBA62, 0xBA62, 0xBA62, 0xBA62,
    0xBA62, 0xBA42, 0xBA42, 0xBA42, 0xBA43, 0xBA43, 0xB263, 0xB263, 0xB263, 0xB263, 0xB263, 0xB243,
    0xB243, 0xBA43, 0xBA43, 0xBA43, 0xBA63, 0xBA63, 0xBA63, 0xBA64, 0xBA64, 0xB284, 0xB284, 0xBA84,
    0xBA84, 0xBA84, 0xBA84, 0xBAA5, 0xBAA5, 0xBAC5, 0xBAC6, 0xBAE6, 0xBAE6, 0xC307, 0xC327, 0xC327,
    0xCB68, 0xCB89, 0xD3CA, 0xDC0B, 0xE48D, 0xDB88, 0xD325, 0xDB24, 0xECAD, 0xF657, 0xED92, 0xE572,
    0xDD51, 0xDD30, 0xDD10, 0xDD0F, 0xD50F, 0xD50F, 0xDD2F, 0xDD2F, 0xDD2F, 0xDD4F, 0xE54F, 0xE56F,
    0xE590, 0xEDB0, 0xEDB0, 0xF5D1, 0xF5F1, 0xF5F1, 0xFE32, 0xFE53, 0xF674, 0xFDEF, 0xED6D, 0x18A1,
    0x0000, 0x0000, 0x0000, 0x0000, 0x0000, 0x0000, 0x0000, 0x0000, 0x0000, 0x0000, 0x0000, 0x0000,
    0x0000, 0x0000, 0x0000, 0x0000, 0x0000, 0x0000, 0x0000, 0x0000, 0x0000, 0x0000, 0x0000, 0x0000,
    0x0000, 0x0000, 0x0000, 0x0000, 0x0000, 0x0000, 0x0000, 0x0000, 0x0000, 0x0000, 0x0000, 0x0000,
    0x0000, 0x0000, 0x0000, 0x0000, 0x41A4, 0xFE30, 0xF631, 0xFED6, 0xFE94, 0xF674, 0xF654, 0xF633,
    0xF612, 0xEDF2, 0xEDF2, 0xEDD1, 0xE5D1, 0xE5B1, 0xE591, 0xDD91, 0xDD91, 0xDD91, 0xDD91, 0xDD92,
    0xDDB2, 0xE5B2, 0xE5D3, 0xE5F4, 0xEDF4, 0xF678, 0xFE53, 0xFD28, 0xFD08, 0xF4E8, 0xFE4F, 0xFEF3,
    0xFEB2, 0xFE91, 0xFE6F, 0xFE4E, 0xFE2D, 0xFE0C, 0xFDEB, 0xFDAB, 0xFDAA, 0xFD89, 0xFD69, 0xF548,
    0xF548, 0xF528, 0xF528, 0xF527, 0xF507, 0xF507, 0xF4E7, 0xECE6, 0xECC6, 0xECC6, 0xECC6, 0xECA6,
    0xECA6, 0xEC86, 0xEC86, 0xEC65, 0xEC65, 0xE445, 0xE445, 0xE445, 0xE424, 0xE424, 0xE424, 0xE424,
    0xE424, 0xE404, 0xDC04, 0xDC04, 0xDBE3, 0xDBE3, 0xDBE4, 0xDBC3, 0xDBC4, 0xDBC3, 0xDBC3, 0xDBA3,
    0xDBA3, 0xDBA3, 0xDBA3, 0xDBA3, 0xDB83, 0xD383, 0xD383, 0xD363, 0xD363, 0xD363, 0xD363, 0xD383,
    0xD363, 0xD343, 0xD343, 0xD343, 0xD343, 0xD343, 0xD343, 0xD323, 0xCB22, 0xCB22, 0xCB22, 0xCB02,
    0xCB22, 0xCB22, 0xCB02, 0xCB02, 0xCB02, 0xCAE2, 0xC2E2, 0xC2E2, 0xC2E2, 0xC2C2, 0xC2C2, 0xC2C2,
    0xC2C2, 0xC2A2, 0xC2A2, 0xC2A2, 0xC2A2, 0xBAA2, 0xBA82, 0xBA82, 0xBA82, 0xBA82, 0xBA82, 0xBA82,
    0xBA82, 0xBA82, 0xBA62, 0xBA62, 0xBA62, 0xBA62, 0xBA62, 0xBA62, 0xBA42, 0xBA42, 0xBA42, 0xBA42,
    0xBA42, 0xBA42, 0xB242, 0xB242, 0xB242, 0xB243, 0xB243, 0xB243, 0xB243, 0xB243, 0xBA43, 0xBA43,
    0xBA43, 0xBA63, 0xB263, 0xBA63, 0xBA63, 0xB284, 0xB284, 0xBA84, 0xBA84, 0xBA84, 0xBA84, 0xBA84,
    0xBAA5, 0xBAA5, 0xBAA5, 0xBAC6, 0xBAE6, 0xBAE6, 0xC306, 0xC327, 0xC347, 0xCB68, 0xCB89, 0xD3C9,
    0xDC0B, 0xE48C, 0xDB87, 0xD326, 0xDB25, 0xF530, 0xF636, 0xE572, 0xE572, 0xDD51, 0xDD30, 0xD50F,
    0xD50F, 0xD50F, 0xD50F, 0xDD2F, 0xDD2F, 0xDD2F, 0xDD4F, 0xE56F, 0xE590, 0xED90, 0xEDB0, 0xEDD0,
    0xF5F1, 0xF5F1, 0xF612, 0xFE32, 0xFE74, 0xF652, 0xFE2F, 0xAC0A, 0x0000, 0x0000, 0x0000, 0x0000,
    0x0000, 0x0000, 0x0000, 0x0000, 0x0000, 0x0000, 0x0000, 0x0000, 0x0000, 0x0000, 0x0000, 0x0000,
    0x0000, 0x0000, 0x0000, 0x0000, 0x0000, 0x0000, 0x0000, 0x0000, 0x0000, 0x0000, 0x0000, 0x0000,
    0x0000, 0x0000, 0x0000, 0x0000, 0x0000, 0x0000, 0x0000, 0x0000, 0x0000, 0x0000, 0x0000, 0x0861,
    0xDD6E, 0xFE31, 0xF6B5, 0xFEB5, 0xFE74, 0xF653, 0xF633, 0xF633, 0xEDF2, 0xEDF2, 0xEDF1, 0xE5D1,
    0xE5B1, 0xE5B1, 0xDD91, 0xDD91, 0xDD91, 0xDD91, 0xDD91, 0xDD92, 0xE5B2, 0xE5B3, 0xE5D4, 0xEDF4,
    0xF677, 0xFE75, 0xFD07, 0xFD08, 0xFCC7, 0xFE0E, 0xFEF3, 0xFEB2, 0xFE90, 0xFE4F, 0xFE2E, 0xFE0D,
    0xFDEC, 0xFDEB, 0xFDAB, 0xFD8A, 0xFD69, 0xFD69, 0xF548, 0xF548, 0xF527, 0xF527, 0xF507, 0xF507,
    0xF507, 0xF4E7, 0xF4E6, 0xECC6, 0xECC6, 0xECA6, 0xECA6, 0xEC85, 0xEC85, 0xEC85, 0xEC65, 0xEC65,
    0xE445, 0xE444, 0xE444, 0xE444, 0xE424, 0xE424, 0xE424, 0xE404, 0xE424, 0xE404, 0xDC04, 0xDBE4,
    0xDBE3, 0xDBE3, 0xDBC3, 0xDBC3, 0xDBC3, 0xDBC3, 0xDBC3, 0xDBA3, 0xDBA3, 0xDBA3, 0xDBA3, 0xDB83,
    0xD383, 0xD383, 0xD383, 0xD383, 0xD363, 0xD363, 0xD363, 0xD363, 0xD363, 0xD342, 0xD342, 0xD342,
    0xD322, 0xD322, 0xD322, 0xD322, 0xCB22, 0xCB22, 0xCB22, 0xCB22, 0xCB02, 0xCB02, 0xCB02, 0xCB02,
    0xCAE2, 0xCAE2, 0xCAE2, 0xC2E2, 0xC2C2, 0xC2C2, 0xC2C2, 0xC2C2, 0xC2C2, 0xC2A2, 0xC2A2, 0xC2A2,
    0xC2A2, 0xC282, 0xBA82, 0xBA82, 0xBA82, 0xBA82, 0xBA82, 0xBA82, 0xBA82, 0xBA62, 0xBA62, 0xBA62,
    0xBA62, 0xBA42, 0xBA62, 0xBA62, 0xBA62, 0xBA42, 0xBA62, 0xBA42, 0xBA42, 0xB242, 0xB242, 0xB242,
    0xB242, 0xB242, 0xB243, 0xB243, 0xBA43, 0xB243, 0xBA43, 0xB243, 0xB243, 0xB243, 0xB243, 0xB243,
    0xBA63, 0xBA63, 0xBA63, 0xBA64, 0xBA64, 0xBA64, 0xBA64, 0xBA84, 0xBA84, 0xBAA5, 0xBAA5, 0xBAC5,
    0xBAC5, 0xBAC6, 0xBAE6, 0xC306, 0xC327, 0xC347, 0xCB48, 0xCB88, 0xD3C9, 0xDC2B, 0xE48C, 0xD326,
    0xD326, 0xE345, 0xF5B2, 0xEE15, 0xE592, 0xE572, 0xDD30, 0xDD10, 0xDD0F, 0xD50F, 0xD50F, 0xDD0F,
    0xDD0F, 0xDD2F, 0xDD4F, 0xE54F, 0xE570, 0xE590, 0xED90, 0xEDB0, 0xF5D1, 0xF5F1, 0xF5F1, 0xFE12,
    0xFE32, 0xFE74, 0xF611, 0xFE2F, 0x5A25, 0x0000, 0x0000, 0x0000, 0x0000, 0x0000, 0x0000, 0x0000,
    0x0000, 0x0000, 0x0000, 0x0000, 0x0000, 0x0000, 0x0000, 0x0000, 0x0000, 0x0000, 0x0000, 0x0000,
    0x0000, 0x0000, 0x0000, 0x0000, 0x0000, 0x0000, 0x0000, 0x0000, 0x0000, 0x0000, 0x0000, 0x0000,
    0x0000, 0x0000, 0x0000, 0x0000, 0x0000, 0x0000, 0x0000, 0x9389, 0xFE50, 0xF674, 0xFED6, 0xFE74,
    0xF654, 0xF633, 0xF612, 0xF612, 0xEDF2, 0xEDF1, 0xE5D1, 0xE5B1, 0xE5B1, 0xE591, 0xDD91, 0xDD91,
    0xDD91, 0xDD91, 0xDD91, 0xDD92, 0xE5B3, 0xE5D3, 0xE5F4, 0xF636, 0xF6D8, 0xFD49, 0xFCE7, 0xFCC7,
    0xFDCD, 0xFED3, 0xFEB2, 0xFE90, 0xFE4F, 0xFE2E, 0xFE0D, 0xFDEC, 0xFDEB, 0xFDCA, 0xFD8A, 0xFD69,
    0xF568, 0xF548, 0xF548, 0xF527, 0xF527, 0xF507, 0xF507, 0xF507, 0xF507, 0xF4E6, 0xECC6, 0xECC6,
    0xECA6, 0xECA6, 0xEC85, 0xEC85, 0xEC85, 0xEC65, 0xEC45, 0xE445, 0xE445, 0xE444, 0xE444, 0xE424,
    0xE424, 0xE424, 0xE404, 0xE404, 0xE404, 0xE404, 0xDC03, 0xDBE3, 0xDBE3, 0xDBE3, 0xDBC3, 0xDBC3,
    0xDBC3, 0xDBC3, 0xDBA3, 0xDBA3, 0xDBA3, 0xDBA3, 0xDBA3, 0xDB83, 0xDB83, 0xDB83, 0xDB83, 0xD363,
    0xD363, 0xD362, 0xD363, 0xD342, 0xD343, 0xD342, 0xD342, 0xD342, 0xD322, 0xD322, 0xD322, 0xD322,
    0xCB22, 0xCB22, 0xCB22, 0xCB22, 0xCB02, 0xCB02, 0xCB02, 0xCAE2, 0xCAE2, 0xCAE2, 0xCAE2, 0xCAE2,
    0xC2C2, 0xC2C2, 0xC2C2, 0xC2C2, 0xC2A2, 0xC2A2, 0xC2A2, 0xC2A2, 0xC2A2, 0xC2A2, 0xBA82, 0xBA82,
    0xBA82, 0xBA82, 0xBA82, 0xBA62, 0xBA62, 0xBA62, 0xBA62, 0xBA62, 0xBA62, 0xBA42, 0xB262, 0xB262,
    0xBA62, 0xBA62, 0xBA42, 0xBA42, 0xB242, 0xB242, 0xB242, 0xB242, 0xB222, 0xB222, 0xB242, 0xB243,
    0xB242, 0xB242, 0xB243, 0xB243, 0xB243, 0xB243, 0xB243, 0xB243, 0xB243, 0xBA43, 0xBA43, 0xBA63,
    0xBA63, 0xBA64, 0xB264, 0xB264, 0xBA84, 0xBA84, 0xBAA5, 0xBAA5, 0xBAA5, 0xBAC5, 0xBAC6, 0xBAE6,
    0xC306, 0xC307, 0xC327, 0xCB48, 0xCB89, 0xD3CA, 0xE44C, 0xE44B, 0xD326, 0xDB46, 0xE387, 0xF615,
    0xEDD4, 0xE572, 0xDD51, 0xDD31, 0xDD30, 0xD50F, 0xD50F, 0xD50F, 0xDD0F, 0xDD2F, 0xDD2F, 0xDD4F,
    0xE56F, 0xE56F, 0xED90, 0xEDB0, 0xEDD0, 0xF5D1, 0xF5F1, 0xF5F1, 0xFE12, 0xFE53, 0xF674, 0xFE0F,
    0xE52D, 0x0861, 0x0000, 0x0000, 0x0000, 0x0000, 0x0000, 0x0000, 0x0000, 0x0000, 0x0000, 0x0000,
    0x0000, 0x0000, 0x0000, 0x0000, 0x0000, 0x0000, 0x0000, 0x0000, 0x0000, 0x0000, 0x0000, 0x0000,
    0x0000, 0x0000, 0x0000, 0x0000, 0x0000, 0x0000, 0x0000, 0x0000, 0x0000, 0x0000, 0x0000, 0x0000,
    0x0000, 0x0000, 0x3963, 0xFE30, 0xF611, 0xFED6, 0xFE95, 0xF674, 0xF653, 0xF633, 0xF612, 0xEDF2,
    0xEDF2, 0xEDD1, 0xE5B1, 0xE5B1, 0xE591, 0xE591, 0xDD91, 0xDD91, 0xDD91, 0xDD91, 0xDD92, 0xDD92,
    0xE5D3, 0xE5F4, 0xEDF5, 0xF6B8, 0xFDAC, 0xFCE7, 0xFCA7, 0xFD8A, 0xFEB3, 0xFEB2, 0xFE70, 0xFE4F,
    0xFE2E, 0xFE0D, 0xFDEC, 0xFDCB, 0xFDCA, 0xF5A9, 0xFD69, 0xF568, 0xF548, 0xF547, 0xF527, 0xF527,
    0xF507, 0xF4E7, 0xF4E6, 0xF4E6, 0xF4E6, 0xECC6, 0xECC6, 0xECC6, 0xECA6, 0xEC85, 0xEC85, 0xEC85,
    0xEC65, 0xEC45, 0xE445, 0xE444, 0xE444, 0xE444, 0xE444, 0xE424, 0xE424, 0xE404, 0xE404, 0xE404,
    0xE404, 0xE3E3, 0xE3E3, 0xDBE3, 0xDBE3, 0xDBC3, 0xDBC3, 0xDBC3, 0xDBC3, 0xDBC3, 0xDBA3, 0xDBA3,
    0xDBA3, 0xDBA3, 0xDB83, 0xDB83, 0xDB83, 0xDB83, 0xDB83, 0xDB83, 0xD362, 0xD362, 0xD342, 0xD362,
    0xD342, 0xD342, 0xD342, 0xD342, 0xD342, 0xD322, 0xD322, 0xCB22, 0xD322, 0xCB22, 0xCB22, 0xCB22,
    0xCB22, 0xCB02, 0xCAE2, 0xCAE2, 0xCAE2, 0xCAE2, 0xCAE2, 0xCAE2, 0xC2C2, 0xC2C2, 0xC2A2, 0xC2A2,
    0xC2A2, 0xC2A2, 0xC2A2, 0xC2A2, 0xBAA2, 0xBAA2, 0xBA82, 0xBA82, 0xBA82, 0xBA82, 0xBA62, 0xBA62,
    0xBA62, 0xBA62, 0xBA62, 0xBA42, 0xBA42, 0xBA42, 0xB262, 0xB262, 0xBA62, 0xB262, 0xBA42, 0xBA42,
    0xB242, 0xB222, 0xB222, 0xB222, 0xB222, 0xB222, 0xB222, 0xB222, 0xB242, 0xB222, 0xB222, 0xB222,
    0xB223, 0xB222, 0xB243, 0xB243, 0xB243, 0xB243, 0xB243, 0xB243, 0xB243, 0xB263, 0xB264, 0xB264,
    0xB264, 0xB284, 0xBA84, 0xBA84, 0xBAA5, 0xBAA5, 0xBAC5, 0xBAC6, 0xBAE6, 0xC306, 0xC307, 0xC327,
    0xCB68, 0xD3A9, 0xD3EA, 0xE46C, 0xE40A, 0xD305, 0xDB25, 0xEC2A, 0xF637, 0xE593, 0xE572, 0xDD51,
    0xDD31, 0xD510, 0xD50F, 0xD50F, 0xDD0F, 0xDD0F, 0xDD2F, 0xDD2F, 0xDD4F, 0xE54F, 0xE56F, 0xED90,
    0xEDB0, 0xF5D0, 0xF5F1, 0xF5F1, 0xF612, 0xFE32, 0xFE74, 0xF632, 0xFE2F, 0x8B48, 0x0000, 0x0000,
    0x0000, 0x0000, 0x0000, 0x0000, 0x0000, 0x0000, 0x0000, 0x0000, 0x0000, 0x0000, 0x0000, 0x0000,
    0x0000, 0x0000, 0x0000, 0x0000, 0x0000, 0x0000, 0x0000, 0x0000, 0x0000, 0x0000, 0x0000, 0x0000,
    0x0000, 0x0000, 0x0000, 0x0000, 0x0000, 0x0000, 0x0000, 0x0000, 0x0000, 0x0020, 0xCCED, 0xFE51,
    0xF6B5, 0xFEB5, 0xF674, 0xF654, 0xF633, 0xF612, 0xEDF2, 0xEDF2, 0xEDF1, 0xE5D1, 0xE5B1, 0xE591,
    0xE591, 0xDD91, 0xDD71, 0xDD71, 0xDD91, 0xDD92, 0xDD92, 0xE5B3, 0xE5D4, 0xEDF5, 0xF698, 0xFE11,
    0xFD07, 0xFCC7, 0xFD29, 0xFE91, 0xFEB2, 0xFE91, 0xFE4F, 0xFE2E, 0xFDED, 0xFDEC, 0xFDCB, 0xFDAA,
    0xFD89, 0xF589, 0xF568, 0xF547, 0xF527, 0xF527, 0xF507, 0xF507, 0xF507, 0xF4E6, 0xF4C6, 0xF4E6,
    0xECC6, 0xECC6, 0xECC6, 0xECA6, 0xECA5, 0xEC85, 0xEC85, 0xEC65, 0xEC65, 0xEC45, 0xEC44, 0xE444,
    0xE444, 0xE424, 0xE424, 0xE424, 0xE404, 0xE404, 0xE404, 0xE403, 0xE403, 0xE3E3, 0xE3E3, 0xDBC3,
    0xDBC3, 0xDBC3, 0xDBC3, 0xDBC3, 0xDBC3, 0xDBA3, 0xDBA3, 0xDBA3, 0xDBA3, 0xDBA3, 0xDB83, 0xDB83,
    0xDB83, 0xDB83, 0xDB63, 0xDB62, 0xD362, 0xD342, 0xD342, 0xD362, 0xD342, 0xD342, 0xD342, 0xD342,
    0xD342, 0xD322, 0xD322, 0xD322, 0xD322, 0xD342, 0xCB22, 0xCB02, 0xCB02, 0xCB02, 0xCAE2, 0xCAE2,
    0xCAE2, 0xCAE2, 0xCAE2, 0xCAE2, 0xC2C1, 0xC2C1, 0xC2A1, 0xC2A1, 0xC2A1, 0xC2A1, 0xC2A1, 0xC2A1,
    0xBA81, 0xBA81, 0xBA81, 0xBA81, 0xBA62, 0xBA62, 0xBA62, 0xBA62, 0xBA62, 0xBA62, 0xBA62, 0xBA42,
    0xBA42, 0xBA42, 0xB262, 0xB262, 0xB262, 0xB262, 0xB262, 0xB242, 0xB222, 0xB222, 0xB222, 0xB222,
    0xB222, 0xB222, 0xB222, 0xB222, 0xB222, 0xB222, 0xB222, 0xB222, 0xB242, 0xB222, 0xB243, 0xB243,
    0xB243, 0xB243, 0xB243, 0xB243, 0xB243, 0xB243, 0xB243, 0xB263, 0xB264, 0xB284, 0xB284, 0xB284,
    0xBA84, 0xBAA5, 0xBAA5, 0xBAC5, 0xBAC5, 0xBAE6, 0xBAE6, 0xC307, 0xC347, 0xCB68, 0xD3A9, 0xDBEA,
    0xE46D, 0xDBA8, 0xD325, 0xDB04, 0xECAE, 0xF636, 0xE572, 0xDD52, 0xDD51, 0xDD30, 0xD510, 0xD50F,
    0xD50F, 0xD50F, 0xDD0F, 0xDD2F, 0xDD2F, 0xE54F, 0xE54F, 0xE58F, 0xED90, 0xEDB0, 0xF5D0, 0xF5F1,
    0xF5F1, 0xFE12, 0xFE33, 0xFE94, 0xF5F0, 0xFDCE, 0x3963, 0x0000, 0x0000, 0x0000, 0x0000, 0x0000,
    0x0000, 0x0000, 0x0000, 0x0000, 0x0000, 0x0000, 0x0000, 0x0000, 0x0000, 0x0000, 0x0000, 0x0000,
    0x0000, 0x0000, 0x0000, 0x0000, 0x0000, 0x0000, 0x0000, 0x0000, 0x0000, 0x0000, 0x0000, 0x0000,
    0x0000, 0x0000, 0x0000, 0x0000, 0x0000, 0x6AC7, 0xFE70, 0xF653, 0xFED6, 0xF694, 0xF674, 0xF633,
    0xF633, 0xF612, 0xEDF2, 0xEDF2, 0xE5D1, 0xE5B1, 0xE5B1, 0xE591, 0xE571, 0xDD71, 0xDD71, 0xDD91,
    0xDD92, 0xDD92, 0xE5B3, 0xE5D4, 0xEDF4, 0xF677, 0xFE95, 0xFD27, 0xFCC7, 0xFCE8, 0xFE50, 0xFEB2,
    0xFE70, 0xFE4F, 0xFE2E, 0xFE0D, 0xFDEC, 0xFDCB, 0xF5AA, 0xF589, 0xF569, 0xF548, 0xF547, 0xF527,
    0xF527, 0xF507, 0xF507, 0xF4E7, 0xF4E6, 0xECC6, 0xF4C6, 0xECC6, 0xECA6, 0xECA6, 0xECA6, 0xECA5,
    0xEC85, 0xEC85, 0xEC65, 0xEC65, 0xEC45, 0xEC44, 0xE444, 0xE424, 0xE424, 0xE424, 0xE424, 0xE424,
    0xE404, 0xE404, 0xE403, 0xE403, 0xE3E3, 0xE3E3, 0xE3E3, 0xDBC3, 0xDBC3, 0xDBC3, 0xDBC3, 0xDBC3,
    0xDBC3, 0xDBA3, 0xDBA3, 0xDBA3, 0xDBA3, 0xDBA3, 0xDBA3, 0xDB83, 0xDB83, 0xDB62, 0xDB62, 0xD362,
    0xD362, 0xD342, 0xD342, 0xD342, 0xD342, 0xD342, 0xD342, 0xD342, 0xD342, 0xD322, 0xD322, 0xD322,
    0xD322, 0xD322, 0xD322, 0xCB22, 0xCB02, 0xCB02, 0xCAE2, 0xCAE2, 0xCAE2, 0xCAE1, 0xCAC2, 0xC2C1,
    0xC2C1, 0xC2A1, 0xC2A1, 0xC2A1, 0xC2A1, 0xC2A1, 0xC281, 0xC281, 0xBA81, 0xBA61, 0xBA61, 0xBA61,
    0xBA61, 0xBA62, 0xBA62, 0xBA62, 0xBA62, 0xBA62, 0xBA62, 0xBA42, 0xBA42, 0xB242, 0xB242, 0xB262,
    0xB262, 0xB262, 0xB262, 0xB242, 0xB242, 0xB222, 0xB222, 0xB222, 0xB222, 0xB222, 0xB222, 0xB222,
    0xB222, 0xB222, 0xB222, 0xB222, 0xB222, 0xB222, 0xB222, 0xB243, 0xB243, 0xB243, 0xB243, 0xB223,
    0xB243, 0xB243, 0xB243, 0xB243, 0xB243, 0xB284, 0xB284, 0xB284, 0xB284, 0xBA84, 0xBAA5, 0xBAA5,
    0xBAC5, 0xBAC5, 0xBAE6, 0xC306, 0xC327, 0xC347, 0xCB68, 0xD3A9, 0xDBEB, 0xE46C, 0xD366, 0xD325,
    0xDB25, 0xF593, 0xEDF5, 0xE572, 0xDD52, 0xDD31, 0xDD30, 0xD510, 0xD50F, 0xD50F, 0xDD0F, 0xDD0F,
    0xDD0F, 0xE52F, 0xE54F, 0xE56F, 0xED8F, 0xEDB0, 0xEDB0, 0xF5D0, 0xF5F1, 0xF612, 0xFE32, 0xFE53,
    0xF653, 0xFDEF, 0xCCAC, 0x0020, 0x0000, 0x0000, 0x0000, 0x0000, 0x0000, 0x0000, 0x0000, 0x0000,
    0x0000, 0x0000, 0x0000, 0x0000, 0x0000, 0x0000, 0x0000, 0x0000, 0x0000, 0x0000, 0x0000, 0x0000,
    0x0000, 0x0000, 0x0000, 0x0000, 0x0000, 0x0000, 0x0000, 0x0000, 0x0000, 0x0000, 0x0000, 0x0000,
    0x18A1, 0xEDAF, 0xFE30, 0xF6B5, 0xFE95, 0xF674, 0xF653, 0xF633, 0xF612, 0xEDF2, 0xEDF1, 0xEDD1,
    0xE5B1, 0xE591, 0xE591, 0xDD91, 0xDD91, 0xDD71, 0xDD71, 0xDD91, 0xDD92, 0xDD92, 0xE5B3, 0xE5D4,
    0xEE16, 0xF6B8, 0xFD6A, 0xFCE7, 0xF486, 0xFDCD, 0xFEB3, 0xFE91, 0xFE4F, 0xFE0D, 0xFDEC, 0xFDEC,
    0xFDCB, 0xFDAA, 0xF569, 0xF568, 0xF528, 0xF528, 0xF507, 0xF507, 0xF507, 0xF507, 0xF4E7, 0xF4E6,
    0xECC6, 0xECC6, 0xECC6, 0xECA5, 0xECA5, 0xECA5, 0xECA5, 0xEC85, 0xEC85, 0xEC65, 0xEC65, 0xEC65,
    0xE444, 0xE444, 0xE444, 0xE424, 0xE424, 0xE424, 0xE424, 0xE404, 0xE403, 0xE403, 0xE403, 0xE403,
    0xE3E3, 0xE3E3, 0xE3E3, 0xE3C3, 0xE3C3, 0xE3C3, 0xE3C3, 0xDBC3, 0xDBC3, 0xDBA3, 0xDBA3, 0xDBA3,
    0xDBA3, 0xDBA3, 0xDB82, 0xDB82, 0xDB82, 0xDB62, 0xDB62, 0xDB62, 0xD362, 0xD362, 0xD362, 0xD342,
    0xD342, 0xD342, 0xD342, 0xD342, 0xD342, 0xD322, 0xD322, 0xD322, 0xD322, 0xD322, 0xD322, 0xD322,
    0xCB22, 0xCAE1, 0xCAE2, 0xCAE1, 0xCAE1, 0xCAC1, 0xCAC1, 0xC2C1, 0xC2C1, 0xC2C1, 0xC2A1, 0xC2A1,
    0xC2A1, 0xC281, 0xC281, 0xC281, 0xBA61, 0xBA81, 0xBA81, 0xBA61, 0xBA61, 0xBA61, 0xBA61, 0xBA61,
    0xBA62, 0xBA62, 0xBA61, 0xBA41, 0xB241, 0xBA41, 0xB242, 0xB242, 0xB262, 0xB262, 0xB242, 0xB242,
    0xB242, 0xB222, 0xB222, 0xB222, 0xB222, 0xB222, 0xB222, 0xB202, 0xB202, 0xB222, 0xB222, 0xB222,
    0xB222, 0xB222, 0xB222, 0xB222, 0xB222, 0xB223, 0xB223, 0xB223, 0xB223, 0xB243, 0xB243, 0xB243,
    0xB243, 0xB263, 0xB284, 0xB264, 0xB264, 0xB284, 0xBA84, 0xBA84, 0xBAA5, 0xBAA5, 0xBAC5, 0xBAE6,
    0xC306, 0xC327, 0xCB47, 0xCB68, 0xD3A9, 0xDC2B, 0xE44B, 0xD325, 0xDB25, 0xE387, 0xF616, 0xEDB4,
    0xE572, 0xDD31, 0xDD30, 0xD510, 0xD50F, 0xD50F, 0xDD0F, 0xDD0F, 0xDD0F, 0xDD2F, 0xE52F, 0xE54F,
    0xE56F, 0xED8F, 0xEDB0, 0xF5D0, 0xF5F1, 0xF5F1, 0xFE12, 0xFE32, 0xFE74, 0xF611, 0xFE2F, 0x6246,
    0x0000, 0x0000, 0x0000, 0x0000, 0x0000, 0x0000, 0x0000, 0x0000, 0x0000, 0x0000, 0x0000, 0x0000,
    0x0000, 0x0000, 0x0000, 0x0000, 0x0000, 0x0000, 0x0000, 0x0000, 0x0000, 0x0000, 0x0000, 0x0000,
    0x0000, 0x0000, 0x0000, 0x0000, 0x0000, 0x0000, 0x0000, 0x0000, 0x93AA, 0xFE50, 0xF653, 0xFEB5,
    0xFE74, 0xF653, 0xF633, 0xF613, 0xEDF2, 0xEDF1, 0xEDD1, 0xE5B1, 0xE590, 0xE590, 0xDD91, 0xDD91,
    0xDD71, 0xDD71, 0xDD71, 0xDD92, 0xDD92, 0xE5B3, 0xE5D4, 0xEDF5, 0xF6B8, 0xFDCE, 0xFCE7, 0xF486,
    0xFD4A, 0xFE92, 0xFE91, 0xFE50, 0xFE2E, 0xFDEC, 0xFDCB, 0xFDCA, 0xF58A, 0xF569, 0xF548, 0xF548,
    0xF528, 0xF507, 0xF507, 0xF507, 0xF4E7, 0xF4E6, 0xF4E6, 0xECC6, 0xECA6, 0xECA5, 0xECA5, 0xECA5,
    0xEC85, 0xEC85, 0xEC85, 0xEC85, 0xEC65, 0xEC65, 0xEC64, 0xEC64, 0xE444, 0xE444, 0xE424, 0xE424,
    0xE424, 0xE424, 0xE424, 0xE403, 0xE403, 0xE403, 0xE3E3, 0xE3E3, 0xE3E3, 0xE3E3, 0xE3E3, 0xE3C3,
    0xE3C3, 0xE3C3, 0xE3C3, 0xE3C3, 0xE3C3, 0xDBA3, 0xDBA3, 0xDBA3, 0xDBA3, 0xDBA3, 0xDB82, 0xDB82,
    0xDB82, 0xDB62, 0xDB62, 0xDB62, 0xDB62, 0xDB62, 0xD362, 0xDB62, 0xD342, 0xD342, 0xD342, 0xD342,
    0xD342, 0xD342, 0xD322, 0xD322, 0xD322, 0xD322, 0xD302, 0xD322, 0xCB02, 0xCB01, 0xCAE1, 0xCAE1,
    0xCAE1, 0xCAC1, 0xCAC1, 0xC2C1, 0xC2C1, 0xC2A1, 0xC2A1, 0xC2A1, 0xC2A1, 0xC281, 0xC281, 0xC281,
    0xBA61, 0xBA81, 0xBA81, 0xBA61, 0xBA61, 0xBA61, 0xBA61, 0xBA61, 0xBA41, 0xBA61, 0xBA41, 0xBA41,
    0xBA41, 0xB241, 0xB221, 0xB241, 0xB262, 0xB242, 0xB242, 0xB242, 0xB221, 0xB221, 0xB222, 0xB222,
    0xB222, 0xB202, 0xB222, 0xB202, 0xB202, 0xB202, 0xB222, 0xB222, 0xB222, 0xB222, 0xB222, 0xB222,
    0xB222, 0xB222, 0xB222, 0xB223, 0xB223, 0xB223, 0xB243, 0xB243, 0xB243, 0xB243, 0xB263, 0xB263,
    0xB264, 0xB264, 0xB284, 0xBA84, 0xBA84, 0xBAA5, 0xBAA5, 0xBAC5, 0xBAE6, 0xC306, 0xC327, 0xCB47,
    0xCB88, 0xD3A9, 0xE44C, 0xE40A, 0xD325, 0xDB25, 0xEC4B, 0xF636, 0xE572, 0xDD52, 0xDD31, 0xDD10,
    0xD510, 0xD50F, 0xD50F, 0xDD0F, 0xDD0F, 0xDD0F, 0xE52F, 0xE54F, 0xE56F, 0xED8F, 0xEDB0, 0xEDB0,
    0xF5D0, 0xF5F1, 0xFE11, 0xFE32, 0xFE53, 0xFE74, 0xFE10, 0xDD4D, 0x0861, 0x0000, 0x0000, 0x0000,
    0x0000, 0x0000, 0x0000, 0x0000, 0x0000, 0x0000, 0x0000, 0x0000, 0x0000, 0x0000, 0x0000, 0x0000,
    0x0000, 0x0000, 0x0000, 0x0000, 0x0000, 0x0000, 0x0000, 0x0000, 0x0000, 0x0000, 0x0000, 0x0000,
    0x0000, 0x0000, 0x0000, 0x3143, 0xF610, 0xF631, 0xFEB6, 0xFE74, 0xF654, 0xF633, 0xF632, 0xF612,
    0xEDF2, 0xEDD1, 0xEDB1, 0xE5B1, 0xE591, 0xE590, 0xDD70, 0xDD91, 0xDD71, 0xDD71, 0xDD72, 0xDD92,
    0xDDB3, 0xE5D4, 0xE5D4, 0xF677, 0xF653, 0xFCE7, 0xF4A7, 0xFCE8, 0xFE50, 0xFE71, 0xFE4F, 0xFE2E,
    0xFDED, 0xFDCB, 0xFDAB, 0xF58A, 0xF569, 0xF548, 0xF528, 0xF527, 0xF507, 0xF507, 0xF4E7, 0xF4E6,
    0xF4E6, 0xF4C6, 0xECC6, 0xECA6, 0xECA6, 0xECA5, 0xECA5, 0xEC85, 0xEC85, 0xEC85, 0xEC85, 0xEC65,
    0xEC64, 0xE444, 0xE444, 0xE444, 0xE444, 0xE424, 0xE424, 0xE424, 0xE424, 0xE423, 0xE423, 0xE403,
    0xE403, 0xE403, 0xE3E3, 0xE3E3, 0xE3E3, 0xE3E3, 0xE3E3, 0xE3E3, 0xE3C3, 0xE3C3, 0xE3C3, 0xE3C3,
    0xE3C3, 0xE3C3, 0xDBA3, 0xDBA3, 0xDBA3, 0xDBA3, 0xDBA2, 0xDB82, 0xDB82, 0xDB82, 0xDB62, 0xDB62,
    0xDB62, 0xDB62, 0xDB62, 0xDB62, 0xDB62, 0xDB42, 0xD342, 0xD342, 0xD342, 0xD342, 0xD322, 0xD322,
    0xD322, 0xD322, 0xD302, 0xD301, 0xCB01, 0xCB01, 0xCAE1, 0xCAE1, 0xCAE1, 0xCAC1, 0xCAC1, 0xCAC1,
    0xC2A1, 0xC2A1, 0xC2A1, 0xC2A1, 0xC2A1, 0xC281, 0xC281, 0xBA81, 0xBA81, 0xBA81, 0xBA61, 0xBA61,
    0xBA61, 0xBA61, 0xBA61, 0xBA41, 0xBA41, 0xBA41, 0xBA41, 0xBA41, 0xB221, 0xB221, 0xB221, 0xB221,
    0xB241, 0xB241, 0xB241, 0xB221, 0xB221, 0xB221, 0xB221, 0xB222, 0xB202, 0xB202, 0xB202, 0xB202,
    0xB202, 0xB202, 0xB202, 0xB222, 0xB222, 0xB222, 0xB202, 0xB202, 0xB222, 0xB242, 0xB242, 0xB242,
    0xB222, 0xB222, 0xB223, 0xB223, 0xB243, 0xB243, 0xB243, 0xB243, 0xB263, 0xB263, 0xB264, 0xBA84,
    0xBA84, 0xBA84, 0xBAA5, 0xBAA5, 0xBAC5, 0xBAE6, 0xC306, 0xC327, 0xCB47, 0xD389, 0xDBEA, 0xE48C,
    0xDB88, 0xD325, 0xE345, 0xF551, 0xEDF5, 0xE552, 0xDD31, 0xDD10, 0xD510, 0xD50F, 0xD50F, 0xDD0F,
    0xDD0F, 0xDD2F, 0xDD2F, 0xE54F, 0xE56F, 0xE56F, 0xED8F, 0xEDB0, 0xF5D0, 0xF5F1, 0xF5F1, 0xFE32,
    0xFE32, 0xFE74, 0xF632, 0xFE2F, 0x8B48, 0x0000, 0x0000, 0x0000, 0x0000, 0x0000, 0x0000, 0x0000,
    0x0000, 0x0000, 0x0000, 0x0000, 0x0000, 0x0000, 0x0000, 0x0000, 0x0000, 0x0000, 0x0000, 0x0000,
    0x0000, 0x0000, 0x0000, 0x0000, 0x0000, 0x0000, 0x0000, 0x0000, 0x0000, 0x0000, 0x0000, 0xBC8C,
    0xFE51, 0xF694, 0xFE95, 0xF674, 0xF653, 0xF633, 0xF612, 0xEDF2, 0xEDF1, 0xEDD1, 0xE5B1, 0xE591,
    0xE590, 0xDD70, 0xDD71, 0xDD71, 0xDD71, 0xDD71, 0xDD92, 0xDD92, 0xDDB3, 0xE5D4, 0xEE16, 0xF697,
    0xFD49, 0xFCC7, 0xFC87, 0xFE0E, 0xFE92, 0xFE2F, 0xFE0E, 0xFDED, 0xFDEC, 0xFDAB, 0xF58A, 0xF569,
    0xF548, 0xF528, 0xF527, 0xF507, 0xF507, 0xF4E7, 0xF4C6, 0xF4C6, 0xECC6, 0xECC6, 0xECA6, 0xECA5,
    0xECA5, 0xEC85, 0xEC85, 0xEC85, 0xEC65, 0xEC65, 0xEC65, 0xEC64, 0xEC44, 0xEC44, 0xE444, 0xE444,
    0xE444, 0xE424, 0xE424, 0xE424, 0xE424, 0xE423, 0xE403, 0xE403, 0xE403, 0xE403, 0xE3E3, 0xE3E3,
    0xE403, 0xE3E3, 0xE3E3, 0xE3E3, 0xE3C3, 0xE3C3, 0xE3C3, 0xE3C3, 0xE3C3, 0xE3C3, 0xE3C3, 0xE3A3,
    0xDBA3, 0xDBA3, 0xDBA2, 0xDBA2, 0xDB82, 0xDB82, 0xDB82, 0xDB82, 0xDB62, 0xDB62, 0xDB82, 0xDB82,
    0xDB62, 0xDB62, 0xDB42, 0xD342, 0xD342, 0xD342, 0xD322, 0xD322, 0xD322, 0xD322, 0xD322, 0xD302,
    0xD301, 0xCB01, 0xCAE1, 0xCAE1, 0xCAE1, 0xCAC1, 0xCAC1, 0xCAC1, 0xC2A1, 0xC2A1, 0xC2A1, 0xC2A1,
    0xC2A1, 0xC2A1, 0xC281, 0xBA81, 0xBA81, 0xBA81, 0xBA81, 0xBA81, 0xBA61, 0xBA61, 0xBA61, 0xBA41,
    0xBA41, 0xBA41, 0xBA41, 0xBA41, 0xB221, 0xB221, 0xB221, 0xB221, 0xB221, 0xB221, 0xB221, 0xB221,
    0xB221, 0xB221, 0xB221, 0xB222, 0xB202, 0xB201, 0xB201, 0xB202, 0xB202, 0xB202, 0xB202, 0xB202,
    0xB202, 0xB202, 0xB202, 0xB202, 0xB222, 0xB222, 0xB222, 0xB242, 0xB222, 0xB222, 0xB222, 0xB223,
    0xB243, 0xB243, 0xB243, 0xB243, 0xB243, 0xB263, 0xB263, 0xB264, 0xB264, 0xBA84, 0xBA84, 0xBAA5,
    0xBAC5, 0xBAC5, 0xBAE6, 0xC306, 0xC327, 0xCB68, 0xD3A9, 0xDC0B, 0xE46C, 0xD326, 0xDB45, 0xE3A7,
    0xF5F5, 0xE593, 0xE552, 0xDD31, 0xDD30, 0xD510, 0xD50F, 0xDD0F, 0xDD0F, 0xDD2F, 0xDD2E, 0xDD2F,
    0xE54F, 0xE56F, 0xED8F, 0xEDB0, 0xEDB0, 0xF5D0, 0xF5F1, 0xFE12, 0xFE32, 0xFE53, 0xFE94, 0xFE10,
    0xF5CE, 0x20C2, 0x0000, 0x0000, 0x0000, 0x0000, 0x0000, 0x0000, 0x0000, 0x0000, 0x0000, 0x0000,
    0x0000, 0x0000, 0x0000, 0x0000, 0x0000, 0x0000, 0x0000, 0x0000, 0x0000, 0x0000, 0x0000, 0x0000,
    0x0000, 0x0000, 0x0000, 0x0000, 0x0000, 0x0000, 0x49C5, 0xFE51, 0xF632, 0xFEB6, 0xFE94, 0xF674,
    0xF633, 0xF612, 0xEDF2, 0xEDF1, 0xEDD1, 0xE5D1, 0xE5B1, 0xE590, 0xDD70, 0xDD70, 0xDD71, 0xDD91,
    0xDD71, 0xDD71, 0xDD92, 0xDD93, 0xE5B4, 0xE5D4, 0xF698, 0xFDCE, 0xFCC6, 0xFC87, 0xFD6B, 0xFE92,
    0xFE50, 0xFE0E, 0xFDED, 0xFDCC, 0xFDAB, 0xFD8A, 0xF569, 0xF548, 0xF528, 0xF527, 0xF507, 0xF507,
    0xF4E7, 0xF4E6, 0xF4C6, 0xF4C6, 0xECA6, 0xECA6, 0xECA5, 0xEC85, 0xEC85, 0xEC85, 0xEC85, 0xEC84,
    0xEC64, 0xEC64, 0xEC64, 0xEC64, 0xEC44, 0xEC44, 0xE444, 0xE444, 0xE424, 0xE424, 0xE424, 0xE424,
    0xE423, 0xE403, 0xE403, 0xE403, 0xE403, 0xE403, 0xE403, 0xE403, 0xE403, 0xE403, 0xE3E3, 0xE3E3,
    0xE3C3, 0xE3C3, 0xE3C2, 0xE3C3, 0xE3C3, 0xE3C3, 0xE3C3, 0xE3C3, 0xE3A3, 0xE3A3, 0xE3A2, 0xE3A2,
    0xDB82, 0xDB82, 0xDB82, 0xDB82, 0xDB82, 0xDB82, 0xDB62, 0xDB62, 0xDB62, 0xDB42, 0xDB42, 0xD342,
    0xD342, 0xD342, 0xD342, 0xD322, 0xD322, 0xD322, 0xD321, 0xD302, 0xD301, 0xCB01, 0xCAE1, 0xCAE1,
    0xCAE1, 0xCAC1, 0xCAC1, 0xCAC1, 0xC2C1, 0xC2A1, 0xC2A1, 0xC2A1, 0xC2A1, 0xC2A1, 0xC281, 0xC281,
    0xBA81, 0xBA81, 0xBA81, 0xBA81, 0xBA61, 0xBA61, 0xBA61, 0xBA41, 0xBA41, 0xBA41, 0xBA41, 0xB221,
    0xB221, 0xB221, 0xB221, 0xB221, 0xB221, 0xB221, 0xB221, 0xB221, 0xB221, 0xB221, 0xB221, 0xB201,
    0xB202, 0xB201, 0xB201, 0xB201, 0xB201, 0xB202, 0xB201, 0xB202, 0xB202, 0xB202, 0xB202, 0xB202,
    0xB202, 0xB202, 0xB222, 0xB222, 0xB222, 0xB222, 0xB222, 0xB222, 0xB222, 0xB223, 0xB223, 0xB243,
    0xB243, 0xB243, 0xB263, 0xB264, 0xB264, 0xB264, 0xBA84, 0xBAA4, 0xBAA5, 0xBAC5, 0xBAC5, 0xBAE6,
    0xC327, 0xCB47, 0xCB88, 0xD3A9, 0xDC4B, 0xDC0A, 0xD325, 0xDB45, 0xEC8C, 0xF656, 0xE572, 0xDD52,
    0xDD31, 0xD510, 0xD50F, 0xD50F, 0xDD0F, 0xDD0F, 0xDD2E, 0xDD2E, 0xE54E, 0xE54F, 0xE56F, 0xED8F,
    0xEDB0, 0xF5D0, 0xF5F1, 0xF5F1, 0xFE32, 0xFE53, 0xFE74, 0xF653, 0xFE2F, 0x9BA9, 0x0000, 0x0000,
    0x0000, 0x0000, 0x0000, 0x0000, 0x0000, 0x0000, 0x0000, 0x0000, 0x0000, 0x0000, 0x0000, 0x0000,
    0x0000, 0x0000, 0x0000, 0x0000, 0x0000, 0x0000, 0x0000, 0x0000, 0x0000, 0x0000, 0x0000, 0x0000,
    0x0000, 0x0000, 0xC4CD, 0xFE51, 0xF6B5, 0xFE95, 0xFE74, 0xF653, 0xF633, 0xF612, 0xEDF2, 0xEDF1,
    0xEDD1, 0xE5B1, 0xE5B1, 0xE591, 0xDD70, 0xDD70, 0xDD71, 0xDD71, 0xDD71, 0xDD72, 0xDD92, 0xE5B3,
    0xE5D4, 0xEE37, 0xFE53, 0xFD07, 0xFCA7, 0xFCE7, 0xFE50, 0xFE71, 0xFE0E, 0xFDED, 0xF5CC, 0xFDAB,
    0xFD8A, 0xFD6A, 0xF549, 0xF528, 0xF527, 0xF507, 0xF4E7, 0xECE7, 0xF4C6, 0xF4C6, 0xECC6, 0xECA6,
    0xECA5, 0xECA5, 0xEC85, 0xEC85, 0xEC85, 0xEC65, 0xEC64, 0xEC64, 0xEC64, 0xEC64, 0xEC64, 0xEC64,
    0xEC44, 0xEC44, 0xEC44, 0xE444, 0xE424, 0xE424, 0xE423, 0xE423, 0xE423, 0xE403, 0xE403, 0xE403,
    0xE403, 0xE403, 0xE403, 0xE403, 0xE403, 0xE403, 0xE403, 0xE3E3, 0xE3E3, 0xE3C2, 0xE3C2, 0xE3C2,
    0xE3C2, 0xE3C2, 0xE3C2, 0xE3C2, 0xE3C3, 0xE3C2, 0xE3C2, 0xE3A2, 0xE3A2, 0xE3A2, 0xE3A2, 0xE382,
    0xDB82, 0xDB82, 0xDB82, 0xDB62, 0xDB62, 0xDB62, 0xDB42, 0xDB42, 0xDB42, 0xDB42, 0xD341, 0xD341,
    0xD322, 0xD321, 0xD321, 0xD301, 0xD301, 0xD301, 0xCAE1, 0xCAE1, 0xCAE1, 0xCAC1, 0xCAC1, 0xCAC1,
    0xC2A1, 0xC2A1, 0xC2A1, 0xC2A1, 0xC2A1, 0xC2A1, 0xC281, 0xC281, 0xC281, 0xC281, 0xBA81, 0xBA61,
    0xBA61, 0xBA61, 0xBA41, 0xBA41, 0xBA41, 0xBA41, 0xBA21, 0xB221, 0xB221, 0xB221, 0xB221, 0xB221,
    0xB221, 0xB221, 0xB221, 0xB221, 0xB221, 0xB221, 0xB221, 0xB201, 0xB201, 0xB201, 0xB201, 0xB201,
    0xB201, 0xB201, 0xB201, 0xB202, 0xB202, 0xB202, 0xB202, 0xB202, 0xB202, 0xB202, 0xB202, 0xB202,
    0xB222, 0xB222, 0xB242, 0xB222, 0xB222, 0xB222, 0xB222, 0xB243, 0xB243, 0xB243, 0xB243, 0xB263,
    0xB263, 0xB264, 0xBA84, 0xBA84, 0xBAA4, 0xBAA5, 0xBAC5, 0xBAE6, 0xC306, 0xC327, 0xCB47, 0xCB88,
    0xDBCA, 0xE46C, 0xDB88, 0xD326, 0xE345, 0xF592, 0xEDF5, 0xDD72, 0xDD31, 0xDD30, 0xD510, 0xD50F,
    0xDD0F, 0xDD0F, 0xDD2E, 0xDD2E, 0xDD2E, 0xE52F, 0xE56F, 0xED8F, 0xEDB0, 0xEDB0, 0xF5D0, 0xF5F1,
    0xF612, 0xFE32, 0xFE53, 0xFE94, 0xF610, 0xFDCE, 0x3123, 0x0000, 0x0000, 0x0000, 0x0000, 0x0000,
    0x0000, 0x0000, 0x0000, 0x0000, 0x0000, 0x0000, 0x0000, 0x0000, 0x0000, 0x0000, 0x0000, 0x0000,
    0x0000, 0x0000, 0x0000, 0x0000, 0x0000, 0x0000, 0x0000, 0x0000, 0x0000, 0x5226, 0xFE51, 0xF653,
    0xFEB5, 0xFE74, 0xF673, 0xF633, 0xF612, 0xEDF2, 0xEDF2, 0xEDD1, 0xE5B1, 0xE5B1, 0xE591, 0xE591,
    0xDD70, 0xDD50, 0xDD71, 0xDD71, 0xDD72, 0xDD92, 0xDDB3, 0xE5D4, 0xEE16, 0xF6B8, 0xFD4A, 0xFCC7,
    0xFC86, 0xFDCD, 0xFE71, 0xFE2F, 0xFDED, 0xFDCC, 0xFDAB, 0xFD8A, 0xFD6A, 0xFD49, 0xF528, 0xF527,
    0xF507, 0xF4E7, 0xECC6, 0xECC6, 0xECC6, 0xECC6, 0xECA6, 0xECA5, 0xEC85, 0xEC85, 0xEC85, 0xEC85,
    0xEC65, 0xEC64, 0xEC64, 0xEC64, 0xEC44, 0xEC44, 0xEC44, 0xEC44, 0xEC44, 0xEC44, 0xE444, 0xE423,
    0xE423, 0xE423, 0xE423, 0xE423, 0xE423, 0xE403, 0xE403, 0xE403, 0xE403, 0xE403, 0xE403, 0xE403,
    0xE403, 0xE403, 0xE403, 0xE3E3, 0xE3E3, 0xE3E2, 0xE3C2, 0xE3E2, 0xE3E2, 0xE3E2, 0xE3C2, 0xE3C2,
    0xE3C2, 0xE3C2, 0xE3C2, 0xE3C2, 0xE3A2, 0xE3A2, 0xE3A2, 0xE3A2, 0xE3A2, 0xE382, 0xDB82, 0xDB62,
    0xDB62, 0xDB62, 0xDB62, 0xDB42, 0xDB62, 0xDB42, 0xDB42, 0xDB42, 0xD342, 0xD321, 0xD321, 0xD301,
    0xD301, 0xD301, 0xCAE1, 0xCAE1, 0xCAE1, 0xCAE1, 0xCAC1, 0xCAC1, 0xCAC1, 0xC2A1, 0xC2A1, 0xC2A1,
    0xC2A1, 0xC281, 0xC281, 0xC281, 0xC281, 0xC281, 0xC281, 0xBA61, 0xBA61, 0xBA61, 0xBA41, 0xBA41,
    0xBA41, 0xBA21, 0xBA21, 0xB221, 0xB221, 0xB221, 0xB221, 0xB201, 0xB221, 0xB221, 0xB221, 0xB221,
    0xB221, 0xB221, 0xB221, 0xB201, 0xB201, 0xB201, 0xB201, 0xB201, 0xB201, 0xB201, 0xB201, 0xB201,
    0xB201, 0xB201, 0xB201, 0xB202, 0xB202, 0xB202, 0xB202, 0xB202, 0xB222, 0xB222, 0xB242, 0xB222,
    0xB222, 0xB222, 0xB242, 0xB222, 0xB223, 0xB243, 0xB243, 0xB243, 0xB263, 0xB263, 0xB264, 0xB284,
    0xBA84, 0xBAA4, 0xBAA5, 0xBAC5, 0xBAE6, 0xC306, 0xC327, 0xCB68, 0xD3A9, 0xDC0B, 0xE44B, 0xD326,
    0xDB45, 0xEBC8, 0xF616, 0xE593, 0xDD52, 0xDD31, 0xDD30, 0xDD10, 0xDD0F, 0xDD2F, 0xDD2E, 0xDD2E,
    0xDD2E, 0xE54E, 0xE54F, 0xED8F, 0xED8F, 0xEDB0, 0xF5D0, 0xF5F1, 0xF611, 0xFE32, 0xFE32, 0xFE73,
    0xF653, 0xFE0F, 0xB40A, 0x0000, 0x0000, 0x0000, 0x0000, 0x0000, 0x0000, 0x0000, 0x0000, 0x0000,
    0x0000, 0x0000, 0x0000, 0x0000, 0x0000, 0x0000, 0x0000, 0x0000, 0x0000, 0x0000, 0x0000, 0x0000,
    0x0000, 0x0000, 0x0000, 0x0000, 0x0000, 0xC4CD, 0xFE51, 0xF6B5, 0xFE95, 0xFE74, 0xF653, 0xF633,
    0xF5F2, 0xEDF2, 0xEDF1, 0xEDB1, 0xE5B1, 0xE5B1, 0xE591, 0xDD71, 0xDD71, 0xDD51, 0xDD51, 0xDD71,
    0xDD72, 0xDD92, 0xE5B3, 0xE5D4, 0xF678, 0xFDF0, 0xFCA6, 0xFC86, 0xFD2A, 0xFE71, 0xFE2F, 0xFE0E,
    0xFDEC, 0xFDAB, 0xFD8A, 0xFD6A, 0xFD49, 0xF528, 0xF507, 0xF4E7, 0xF4E7, 0xF4E6, 0xECC6, 0xECA6,
    0xECA6, 0xECA5, 0xEC85, 0xEC85, 0xEC85, 0xEC85, 0xEC65, 0xEC85, 0xEC65, 0xEC64, 0xEC64, 0xEC44,
    0xEC44, 0xEC44, 0xEC24, 0xEC24, 0xEC24, 0xE444, 0xEC44, 0xEC23, 0xE423, 0xE423, 0xE423, 0xE423,
    0xE403, 0xE403, 0xE403, 0xE403, 0xE403, 0xE403, 0xE403, 0xEC03, 0xE403, 0xEC03, 0xE403, 0xEC03,
    0xEBE3, 0xEBE3, 0xEC03, 0xEC03, 0xEC03, 0xEC03, 0xEC03, 0xEC03, 0xEBE3, 0xEBE2, 0xEC02, 0xEBE3,
    0xEBE2, 0xEBE2, 0xEBE2, 0xEBC2, 0xE3C2, 0xE3A2, 0xE3A2, 0xE382, 0xE382, 0xE382, 0xDB62, 0xDB62,
    0xDB62, 0xDB42, 0xDB41, 0xDB41, 0xDB41, 0xD321, 0xD321, 0xD321, 0xD301, 0xD301, 0xD2E1, 0xCAE1,
    0xCAE1, 0xCAE1, 0xCAC1, 0xCAC1, 0xCAC1, 0xC2A1, 0xC2A1, 0xC2A1, 0xC281, 0xC281, 0xC281, 0xC281,
    0xC281, 0xC261, 0xBA61, 0xBA61, 0xBA61, 0xBA41, 0xBA41, 0xBA41, 0xBA41, 0xBA41, 0xBA41, 0xBA41,
    0xBA41, 0xB221, 0xB221, 0xB221, 0xB221, 0xB221, 0xB201, 0xB201, 0xB201, 0xB201, 0xB201, 0xB201,
    0xB201, 0xB201, 0xB201, 0xB201, 0xB201, 0xB201, 0xB201, 0xB201, 0xB201, 0xB201, 0xB201, 0xB202,
    0xB202, 0xB202, 0xB202, 0xB202, 0xB222, 0xB222, 0xB242, 0xB222, 0xB222, 0xB222, 0xB222, 0xB222,
    0xB222, 0xB243, 0xB243, 0xB243, 0xB243, 0xB263, 0xB264, 0xB264, 0xBA84, 0xBA84, 0xBAA5, 0xBAC5,
    0xBAC5, 0xBAE6, 0xC306, 0xC347, 0xCB88, 0xD3A9, 0xDC2B, 0xDBC9, 0xD325, 0xDB24, 0xF4EE, 0xEE16,
    0xE572, 0xDD52, 0xDD31, 0xDD30, 0xDD30, 0xDD0F, 0xDD0F, 0xDD2E, 0xDD2E, 0xE54E, 0xE54F, 0xE56F,
    0xED8F, 0xEDB0, 0xF5D0, 0xF5F0, 0xF5F1, 0xFE12, 0xFE32, 0xFE53, 0xFE74, 0xF611, 0xFDCF, 0x3123,
    0x0000, 0x0000, 0x0000, 0x0000, 0x0000, 0x0000, 0x0000, 0x0000, 0x0000, 0x0000, 0x0000, 0x0000,
    0x0000, 0x0000, 0x0000, 0x0000, 0x0000, 0x0000, 0x0000, 0x0000, 0x0000, 0x0000, 0x0000, 0x0000,
    0x49E5, 0xFE50, 0xF653, 0xFEB6, 0xFE74, 0xF653, 0xF633, 0xF612, 0xEDF2, 0xEDF1, 0xEDD1, 0xE5B1,
    0xE5B1, 0xE591, 0xE591, 0xDD71, 0xDD71, 0xDD51, 0xDD71, 0xDD71, 0xDD72, 0xDD93, 0xE5B4, 0xEE16,
    0xF655, 0xFCC7, 0xFC86, 0xFC87, 0xFE2F, 0xFE50, 0xFE0E, 0xFDED, 0xFDCB, 0xFD8A, 0xFD6A, 0xFD49,
    0xF528, 0xF507, 0xF4E7, 0xECC7, 0xECC6, 0xECC6, 0xECC6, 0xECA6, 0xEC85, 0xEC85, 0xEC85, 0xEC65,
    0xEC65, 0xEC65, 0xEC64, 0xEC64, 0xEC64, 0xEC64, 0xEC64, 0xEC44, 0xEC44, 0xEC24, 0xEC24, 0xEC24,
    0xEC44, 0xEC44, 0xEC44, 0xEC23, 0xEC23, 0xE423, 0xE423, 0xEC03, 0xEC03, 0xEC03, 0xE403, 0xE403,
    0xEC23, 0xEC03, 0xEC03, 0xEC03, 0xEC03, 0xEC03, 0xEC03, 0xEC03, 0xEC02, 0xEC02, 0xEBE1, 0xEBE1,
    0xEBC1, 0xF3C1, 0xF3E1, 0xF3E1, 0xF402, 0xF422, 0xF422, 0xF402, 0xF402, 0xEBE1, 0xEBC0, 0xEBA0,
    0xEB80, 0xEB80, 0xE381, 0xE3A2, 0xE3A2, 0xE3A2, 0xE382, 0xE362, 0xE362, 0xDB62, 0xDB41, 0xDB41,
    0xDB21, 0xDB21, 0xDB21, 0xD321, 0xD301, 0xD301, 0xD301, 0xD2E1, 0xCAE1, 0xCAE1, 0xCAE1, 0xCAC1,
    0xCAC1, 0xC2A1, 0xC2A1, 0xC2A1, 0xC281, 0xC281, 0xC281, 0xC281, 0xC281, 0xC261, 0xBA61, 0xBA61,
    0xBA61, 0xBA41, 0xBA41, 0xBA41, 0xBA41, 0xBA41, 0xBA21, 0xBA41, 0xBA41, 0xBA21, 0xB221, 0xB221,
    0xB221, 0xB201, 0xB201, 0xB201, 0xB201, 0xB201, 0xB201, 0xB201, 0xB201, 0xB201, 0xB201, 0xB201,
    0xB201, 0xB201, 0xB201, 0xB1E1, 0xB201, 0xB201, 0xB201, 0xB202, 0xB201, 0xB202, 0xB202, 0xB202,
    0xB202, 0xB222, 0xB222, 0xB222, 0xB222, 0xB222, 0xB222, 0xB222, 0xB222, 0xB222, 0xB243, 0xB243,
    0xB243, 0xB243, 0xB263, 0xB264, 0xBA84, 0xBA84, 0xBAA4, 0xBAA5, 0xBAC5, 0xBAC5, 0xC2E6, 0xC327,
    0xCB47, 0xCB88, 0xD3C9, 0xE44B, 0xD346, 0xDB45, 0xEB86, 0xF5F5, 0xE5B4, 0xDD72, 0xDD51, 0xDD30,
    0xD510, 0xD50F, 0xDD0F, 0xDD2F, 0xDD2E, 0xE54E, 0xE54F, 0xE56F, 0xED8F, 0xED8F, 0xEDB0, 0xF5D0,
    0xF5F1, 0xF5F1, 0xFE32, 0xFE32, 0xFE73, 0xF653, 0xFE50, 0x9BC9, 0x0000, 0x0000, 0x0000, 0x0000,
    0x0000, 0x0000, 0x0000, 0x0000, 0x0000, 0x0000, 0x0000, 0x0000, 0x0000, 0x0000, 0x0000, 0x0000,
    0x0000, 0x0000, 0x0000, 0x0000, 0x0000, 0x0000, 0x0000, 0x0000, 0xC4CD, 0xFE51, 0xF6B5, 0xFE95,
    0xF674, 0xF653, 0xF633, 0xF612, 0xEDF2, 0xEDF1, 0xEDD1, 0xE5B1, 0xE591, 0xE590, 0xDD70, 0xDD71,
    0xDD71, 0xDD71, 0xDD51, 0xDD71, 0xDD92, 0xE5B3, 0xE5D4, 0xF698, 0xFD8C, 0xFC85, 0xF445, 0xFD6B,
    0xFE50, 0xFE0E, 0xFDED, 0xFDCC, 0xFD8B, 0xF56A, 0xF549, 0xF528, 0xF508, 0xF4E7, 0xECC7, 0xECC7,
    0xECC6, 0xECC6, 0xECA6, 0xECA6, 0xEC85, 0xEC85, 0xEC65, 0xEC65, 0xEC65, 0xEC65, 0xEC64, 0xEC64,
    0xEC64, 0xEC64, 0xEC44, 0xEC44, 0xEC44, 0xEC24, 0xEC23, 0xEC24, 0xEC44, 0xEC44, 0xEC43, 0xEC23,
    0xEC23, 0xEC23, 0xEC23, 0xEC23, 0xEC23, 0xEC23, 0xEC23, 0xEC23, 0xEC23, 0xEC23, 0xEC23, 0xEC23,
    0xEC03, 0xEC02, 0xEBE1, 0xF401, 0xF442, 0xF4A5, 0xF4E7, 0xF549, 0xFD8C, 0xFDEE, 0xFE30, 0xFE31,
    0xFE51, 0xFE52, 0xFE52, 0xFE52, 0xFE31, 0xFE31, 0xFE10, 0xFDAD, 0xF54B, 0xF4C8, 0xF465, 0xF403,
    0xF3C1, 0xEB80, 0xEB60, 0xE381, 0xE382, 0xE382, 0xE361, 0xE361, 0xDB41, 0xDB41, 0xDB21, 0xDB21,
    0xDB21, 0xD301, 0xD301, 0xD2E1, 0xD2E1, 0xD2E1, 0xCAE1, 0xCAC1, 0xCAC1, 0xCAA1, 0xCAA1, 0xC2A1,
    0xC2A1, 0xC281, 0xC281, 0xC281, 0xC281, 0xC261, 0xBA61, 0xBA61, 0xBA61, 0xBA41, 0xBA41, 0xBA41,
    0xBA41, 0xBA41, 0xBA21, 0xBA21, 0xBA21, 0xBA21, 0xB221, 0xB221, 0xB201, 0xB201, 0xB201, 0xB201,
    0xB201, 0xB201, 0xB201, 0xB201, 0xB201, 0xB201, 0xB201, 0xB201, 0xB201, 0xB201, 0xB201, 0xB201,
    0xB1E1, 0xB201, 0xB201, 0xB201, 0xB201, 0xB201, 0xB202, 0xB202, 0xB222, 0xB222, 0xB222, 0xB222,
    0xB222, 0xB222, 0xB222, 0xB222, 0xB222, 0xB222, 0xB243, 0xB243, 0xB243, 0xB243, 0xB263, 0xB263,
    0xBA64, 0xBA84, 0xBA84, 0xBAA4, 0xBAA5, 0xBAC5, 0xBAE5, 0xC306, 0xC327, 0xCB68, 0xD388, 0xDC0B,
    0xE40A, 0xD325, 0xDB45, 0xEC6C, 0xEE36, 0xE573, 0xDD52, 0xDD31, 0xDD10, 0xDD0F, 0xDD0F, 0xDD2F,
    0xDD2F, 0xDD4F, 0xE54F, 0xE56F, 0xE56F, 0xED8F, 0xEDB0, 0xF5B0, 0xF5F0, 0xF5F1, 0xFE11, 0xFE32,
    0xFE53, 0xFE94, 0xFE31, 0xF5CE, 0x20E2, 0x0000, 0x0000, 0x0000, 0x0000, 0x0000, 0x0000, 0x0000,
    0x0000, 0x0000, 0x0000, 0x0000, 0x0000, 0x0000, 0x0000, 0x0000, 0x0000, 0x0000, 0x0000, 0x0000,
    0x0000, 0x0000, 0x0000, 0x49C5, 0xFE50, 0xF653, 0xFEB6, 0xFE74, 0xF674, 0xF633, 0xF612, 0xF5F2,
    0xEDF2, 0xEDD1, 0xE5D1, 0xE5B1, 0xE591, 0xDD70, 0xDD71, 0xDD71, 0xDD71, 0xDD71, 0xDD71, 0xDD72,
    0xDD93, 0xE5D4, 0xEE37, 0xF675, 0xFCA6, 0xF445, 0xF4A7, 0xFE2F, 0xFE0F, 0xFDED, 0xFDCC, 0xFD8B,
    0xFD6A, 0xF549, 0xF528, 0xF508, 0xF4E7, 0xF4E7, 0xECC6, 0xECC6, 0xECA6, 0xECA6, 0xEC85, 0xEC85,
    0xEC85, 0xEC85, 0xEC65, 0xEC65, 0xEC65, 0xEC64, 0xEC64, 0xEC64, 0xEC64, 0xEC44, 0xEC44, 0xEC44,
    0xEC44, 0xEC24, 0xEC23, 0xEC24, 0xEC44, 0xEC44, 0xEC43, 0xEC23, 0xEC23, 0xEC23, 0xEC23, 0xEC23,
    0xEC23, 0xEC23, 0xEC23, 0xEC43, 0xEC43, 0xEC23, 0xF401, 0xF401, 0xF463, 0xF4E7, 0xF58C, 0xFE31,
    0xFE94, 0xFED6, 0xFED6, 0xFEB5, 0xFE95, 0xFE94, 0xFE74, 0xFE53, 0xFE53, 0xFE53, 0xFE32, 0xFE32,
    0xFE32, 0xFE53, 0xFE73, 0xFE74, 0xFE94, 0xFEB5, 0xFE95, 0xFE74, 0xFE32, 0xFDAD, 0xFCE8, 0xF424,
    0xF380, 0xEB40, 0xEB60, 0xE381, 0xE361, 0xE361, 0xDB41, 0xDB21, 0xDB21, 0xDB21, 0xD301, 0xD301,
    0xD2E1, 0xD2E1, 0xD2E1, 0xCAE1, 0xCAC1, 0xCAC1, 0xCAA1, 0xCAA1, 0xC2A1, 0xC281, 0xC281, 0xC280,
    0xC280, 0xC260, 0xBA61, 0xBA61, 0xBA61, 0xBA41, 0xBA41, 0xBA41, 0xBA41, 0xBA40, 0xBA21, 0xBA21,
    0xBA21, 0xBA21, 0xBA21, 0xBA21, 0xB221, 0xBA21, 0xB201, 0xB201, 0xB201, 0xB201, 0xB201, 0xB201,
    0xB201, 0xB201, 0xB201, 0xB201, 0xB201, 0xB201, 0xB201, 0xB201, 0xB201, 0xB201, 0xB201, 0xB201,
    0xB201, 0xB201, 0xB201, 0xB202, 0xB202, 0xB202, 0xB222, 0xB222, 0xB222, 0xB222, 0xB222, 0xB222,
    0xB222, 0xB242, 0xB242, 0xB243, 0xB243, 0xB243, 0xB263, 0xB263, 0xB263, 0xBA64, 0xBA84, 0xBA84,
    0xBAA4, 0xBAA5, 0xBAC5, 0xBAE6, 0xC307, 0xC347, 0xCB68, 0xD3A9, 0xE42B, 0xDB87, 0xD325, 0xE345,
    0xED93, 0xE5D4, 0xDD52, 0xDD31, 0xDD30, 0xDD10, 0xDD0F, 0xDD2F, 0xDD2F, 0xDD2F, 0xE54F, 0xE54F,
    0xE56F, 0xED6F, 0xED8F, 0xEDB0, 0xF5D0, 0xF5F0, 0xF5F1, 0xFE12, 0xFE32, 0xFE74, 0xF673, 0xFE50,
    0x8B68, 0x0000, 0x0000, 0x0000, 0x0000, 0x0000, 0x0000, 0x0000, 0x0000, 0x0000, 0x0000, 0x0000,
    0x0000, 0x0000, 0x0000, 0x0000, 0x0000, 0x0000, 0x0000, 0x0000, 0x0000, 0x0000, 0x0000, 0xBC8C,
    0xFE51, 0xF695, 0xFE95, 0xFE74, 0xF653, 0xF633, 0xF612, 0xEDF2, 0xEDF1, 0xE5D1, 0xE5B1, 0xE5B1,
    0xE591, 0xDD70, 0xDD71, 0xDD71, 0xDD71, 0xDD71, 0xDD72, 0xDD72, 0xDDB3, 0xE5F4, 0xF698, 0xFD4B,
    0xF465, 0xF445, 0xFDAD, 0xFE50, 0xFDEE, 0xFDCC, 0xFDAB, 0xF56A, 0xF549, 0xF528, 0xF508, 0xF4E7,
    0xF4C7, 0xECC7, 0xECC6, 0xECA6, 0xEC85, 0xEC85, 0xEC85, 0xEC65, 0xEC65, 0xEC65, 0xEC65, 0xEC64,
    0xEC64, 0xEC64, 0xEC64, 0xEC44, 0xEC44, 0xEC44, 0xEC44, 0xEC44, 0xEC44, 0xEC23, 0xEC23, 0xEC43,
    0xEC44, 0xEC43, 0xEC23, 0xEC23, 0xEC23, 0xEC23, 0xEC23, 0xEC23, 0xEC23, 0xEC43, 0xEC23, 0xF402,
    0xF421, 0xF4A5, 0xFD6B, 0xFE31, 0xFEB5, 0xFED7, 0xFEB6, 0xFE75, 0xFE53, 0xF612, 0xF5F1, 0xF5F1,
    0xF5F1, 0xFDF1, 0xFDF0, 0xFDF0, 0xF5F1, 0xFDF0, 0xFDF0, 0xFDF0, 0xF5F0, 0xFDF0, 0xFDF0, 0xFDF0,
    0xFDF0, 0xFDF0, 0xFDF0, 0xFE11, 0xFE32, 0xFE73, 0xFE94, 0xFE74, 0xFE11, 0xFD4B, 0xF445, 0xF380,
    0xEB40, 0xE361, 0xE361, 0xDB41, 0xDB21, 0xDB21, 0xDB21, 0xD301, 0xD301, 0xD2E1, 0xD2E1, 0xD2E1,
    0xCAC1, 0xCAC1, 0xCAA1, 0xCAA1, 0xCAA1, 0xC2A1, 0xC281, 0xC280, 0xC280, 0xC280, 0xC260, 0xC261,
    0xBA61, 0xBA61, 0xBA41, 0xBA41, 0xBA40, 0xBA41, 0xBA41, 0xBA41, 0xBA21, 0xBA21, 0xBA21, 0xBA21,
    0xBA21, 0xB221, 0xB201, 0xB201, 0xB201, 0xB201, 0xB201, 0xB201, 0xB201, 0xB201, 0xB201, 0xB201,
    0xB201, 0xB201, 0xB201, 0xB201, 0xB201, 0xB201, 0xB201, 0xB201, 0xB201, 0xB201, 0xB201, 0xB202,
    0xB202, 0xB202, 0xB202, 0xB222, 0xB222, 0xB222, 0xB222, 0xB242, 0xB242, 0xB242, 0xB242, 0xB243,
    0xB243, 0xB243, 0xB263, 0xBA63, 0xBA84, 0xBA84, 0xBA84, 0xBA84, 0xBA84, 0xBAA5, 0xBAC5, 0xBAE5,
    0xC306, 0xC327, 0xCB47, 0xCB88, 0xDBEA, 0xDC2A, 0xD305, 0xD325, 0xEC0A, 0xEE16, 0xE573, 0xDD52,
    0xDD31, 0xDD10, 0xDD0F, 0xDD0F, 0xDD2F, 0xDD2F, 0xDD2E, 0xE54F, 0xE54F, 0xE56F, 0xED8F, 0xED8F,
    0xF5B0, 0xF5D0, 0xF5F1, 0xF611, 0xFE32, 0xFE53, 0xFE94, 0xFE10, 0xE56D, 0x1081, 0x0000, 0x0000,
    0x0000, 0x0000, 0x0000, 0x0000, 0x0000, 0x0000, 0x0000, 0x0000, 0x0000, 0x0000, 0x0000, 0x0000,
    0x0000, 0x0000, 0x0000, 0x0000, 0x0000, 0x0000, 0x3143, 0xFE10, 0xFE52, 0xFED6, 0xFE94, 0xF674,
    0xF653, 0xF612, 0xF5F2, 0xEDF1, 0xEDD1, 0xE5B1, 0xE5B1, 0xE591, 0xDD91, 0xDD71, 0xDD71, 0xDD71,
    0xDD71, 0xDD71, 0xDD72, 0xE593, 0xE5B4, 0xEE37, 0xF612, 0xFCA5, 0xF445, 0xFCC8, 0xFE30, 0xFE0E,
    0xFDCD, 0xFDAB, 0xFD6A, 0xF549, 0xF528, 0xF508, 0xF4E7, 0xECC7, 0xECC7, 0xECC6, 0xECA6, 0xECA6,
    0xEC85, 0xEC85, 0xEC65, 0xEC65, 0xEC65, 0xEC64, 0xEC64, 0xEC64, 0xEC64, 0xEC64, 0xEC44, 0xEC44,
    0xEC44, 0xEC44, 0xEC44, 0xEC44, 0xEC43, 0xEC43, 0xEC43, 0xEC43, 0xEC43, 0xEC43, 0xEC23, 0xEC23,
    0xEC23, 0xEC23, 0xEC43, 0xEC44, 0xF423, 0xF421, 0xF463, 0xFD49, 0xFE51, 0xFED6, 0xFEF7, 0xFEB6,
    0xFE53, 0xFE12, 0xFE11, 0xFE11, 0xF5F1, 0xF5F1, 0xF5F1, 0xF5F1, 0xF5F0, 0xF5F0, 0xF5F0, 0xF5F0,
    0xF5F0, 0xF5EF, 0xF5EF, 0xF5EF, 0xF5EF, 0xFDEF, 0xF5EF, 0xFDEF, 0xF5EF, 0xF5EF, 0xF5F0, 0xFDF0,
    0xF5CF, 0xFDD0, 0xFDF0, 0xFDF1, 0xFE32, 0xFE74, 0xFE74, 0xFE11, 0xFD2B, 0xF403, 0xEB40, 0xE320,
    0xE341, 0xDB41, 0xDB21, 0xDB21, 0xDB01, 0xD301, 0xD2E1, 0xD2E1, 0xD2E1, 0xCAC1, 0xCAC1, 0xCAA1,
    0xCAA1, 0xCAA1, 0xC281, 0xC280, 0xC280, 0xC280, 0xC261, 0xC261, 0xC261, 0xBA61, 0xBA40, 0xBA40,
    0xBA40, 0xBA40, 0xBA40, 0xBA41, 0xBA21, 0xBA21, 0xBA21, 0xBA21, 0xBA21, 0xBA21, 0xB201, 0xB201,
    0xB201, 0xB201, 0xB201, 0xB201, 0xB201, 0xB201, 0xB201, 0xB201, 0xB201, 0xB201, 0xB201, 0xB201,
    0xB201, 0xB201, 0xB201, 0xB201, 0xB201, 0xB201, 0xB201, 0xB201, 0xB202, 0xB202, 0xB201, 0xB202,
    0xB222, 0xB222, 0xB222, 0xB222, 0xB242, 0xB242, 0xB242, 0xBA42, 0xBA43, 0xBA63, 0xBA63, 0xBA63,
    0xBA01, 0xBA43, 0xBA63, 0xBA84, 0xBA84, 0xBAA4, 0xBAA5, 0xBAC5, 0xC2E6, 0xC306, 0xC327, 0xCB68,
    0xD3A9, 0xDC4B, 0xDB87, 0xD304, 0xDB24, 0xF572, 0xEDF5, 0xDD72, 0xDD51, 0xDD30, 0xD50F, 0xDD0F,
    0xDD0F, 0xDD2E, 0xDD2E, 0xE54E, 0xE54E, 0xE56F, 0xED6F, 0xED8F, 0xF5AF, 0xF5D0, 0xF5D0, 0xF5F1,
    0xFE12, 0xFE32, 0xFE73, 0xF632, 0xFE2F, 0x72C7, 0x0000, 0x0000, 0x0000, 0x0000, 0x0000, 0x0000,
    0x0000, 0x0000, 0x0000, 0x0000, 0x0000, 0x0000, 0x0000, 0x0000, 0x0000, 0x0000, 0x0000, 0x0000,
    0x0000, 0x0000, 0x9BEA, 0xFE50, 0xF695, 0xFEB5, 0xFE74, 0xF653, 0xF633, 0xF612, 0xEDF1, 0xEDD1,
    0xEDB1, 0xE5B1, 0xE5B1, 0xDD91, 0xDD71, 0xDD71, 0xDD71, 0xDD71, 0xDD71, 0xDD72, 0xDD92, 0xE5B3,
    0xE5D4, 0xF678, 0xFD4A, 0xFC86, 0xF446, 0xFDAC, 0xFE2F, 0xFDCD, 0xF5AC, 0xFD8B, 0xFD6A, 0xF529,
    0xF508, 0xF4E7, 0xECC7, 0xECA6, 0xECA6, 0xECA6, 0xECA6, 0xEC85, 0xEC85, 0xEC65, 0xEC65, 0xE465,
    0xEC64, 0xEC44, 0xE444, 0xE444, 0xE444, 0xEC44, 0xEC44, 0xEC24, 0xEC24, 0xEC44, 0xEC44, 0xEC44,
    0xEC43, 0xEC43, 0xEC43, 0xEC44, 0xEC43, 0xEC23, 0xEC23, 0xEC23, 0xEC43, 0xEC44, 0xF422, 0xF422,
    0xF4C6, 0xFDEE, 0xFEB5, 0xFEF7, 0xFE95, 0xFE53, 0xFE12, 0xFE12, 0xF612, 0xF611, 0xF611, 0xF5F1,
    0xF5F0, 0xF5D0, 0xF5CF, 0xF5EF, 0xF5CF, 0xF5CE, 0xF5AE, 0xF5AE, 0xF5AE, 0xF5AE, 0xF5AE, 0xF5AE,
    0xF5AE, 0xF5AE, 0xF5AE, 0xF5AD, 0xF5AD, 0xF5AE, 0xF5CE, 0xF5CF, 0xF5CF, 0xF5CF, 0xF5F0, 0xFDF0,
    0xFDF0, 0xFDF0, 0xFDF0, 0xFE11, 0xFE74, 0xFE53, 0xFDAE, 0xF466, 0xEB60, 0xE340, 0xE341, 0xDB41,
    0xDB21, 0xDB01, 0xDB01, 0xD2E1, 0xD2E1, 0xD2C1, 0xCAC1, 0xCAC1, 0xCAA1, 0xCAA1, 0xCAA1, 0xC280,
    0xC280, 0xC280, 0xC260, 0xC260, 0xC260, 0xC260, 0xBA40, 0xBA40, 0xBA40, 0xBA40, 0xBA40, 0xBA40,
    0xBA20, 0xBA21, 0xBA20, 0xBA21, 0xBA21, 0xBA21, 0xB201, 0xB201, 0xB201, 0xB221, 0xB221, 0xB201,
    0xB201, 0xB201, 0xB201, 0xB201, 0xB201, 0xB201, 0xB201, 0xB201, 0xB201, 0xB201, 0xB201, 0xB201,
    0xB201, 0xB201, 0xB201, 0xB201, 0xB201, 0xB201, 0xB222, 0xB201, 0xB222, 0xB222, 0xBA22, 0xB222,
    0xB242, 0xBA42, 0xBA42, 0xBA42, 0xBA63, 0xBA83, 0xBA42, 0xCA83, 0xE550, 0xCB27, 0xBA22, 0xBA83,
    0xBA84, 0xBA84, 0xBAA4, 0xBAC5, 0xBAE5, 0xC306, 0xC327, 0xCB47, 0xCB88, 0xDBEA, 0xE42B, 0xD325,
    0xDB24, 0xEC09, 0xEE36, 0xE593, 0xDD52, 0xDD31, 0xD510, 0xDD0F, 0xDD0F, 0xDD2E, 0xDD2E, 0xE54E,
    0xE54E, 0xE54E, 0xE56F, 0xED8F, 0xED8F, 0xF5B0, 0xF5D0, 0xF5F1, 0xFE11, 0xFE32, 0xFE53, 0xFE74,
    0xFE10, 0xDD2D, 0x0840, 0x0000, 0x0000, 0x0000, 0x0000, 0x0000, 0x0000, 0x0000, 0x0000, 0x0000,
    0x0000, 0x0000, 0x0000, 0x0000, 0x0000, 0x0000, 0x0000, 0x0000, 0x0000, 0x18C2, 0xEDCE, 0xFE31,
    0xFEB6, 0xFE94, 0xF674, 0xF633, 0xF612, 0xEDF2, 0xEDF1, 0xEDD1, 0xE5B0, 0xE5B1, 0xE591, 0xDD90,
    0xDD70, 0xDD71, 0xDD71, 0xDD71, 0xDD72, 0xDD72, 0xE593, 0xE5D3, 0xEE37, 0xF612, 0xFCA6, 0xFC66,
    0xFCE9, 0xFE0F, 0xFDED, 0xFDAC, 0xF56B, 0xF54A, 0xF529, 0xF508, 0xF4E7, 0xECC7, 0xECA6, 0xECA6,
    0xECA6, 0xEC85, 0xEC85, 0xEC85, 0xEC65, 0xE465, 0xE444, 0xE444, 0xE444, 0xE444, 0xE444, 0xE444,
    0xEC44, 0xEC44, 0xEC24, 0xEC24, 0xEC23, 0xEC24, 0xEC43, 0xEC43, 0xEC43, 0xEC43, 0xEC43, 0xEC43,
    0xEC43, 0xEC43, 0xF443, 0xF443, 0xF422, 0xF421, 0xFD07, 0xFE52, 0xFEF7, 0xFEB7, 0xFE54, 0xF612,
    0xF612, 0xF612, 0xF612, 0xF612, 0xF5F1, 0xF5F0, 0xF5F0, 0xF5CF, 0xF5CF, 0xF5AF, 0xF5AE, 0xF5CE,
    0xF5AE, 0xF58D, 0xF58D, 0xF58D, 0xF58D, 0xF58D, 0xF58C, 0xF58C, 0xF58C, 0xF58C, 0xF58C, 0xF58C,
    0xF58C, 0xF58C, 0xF58D, 0xF5AD, 0xF5AD, 0xF5AD, 0xF5AE, 0xF5AE, 0xF5CF, 0xFDCF, 0xFDEF, 0xFDCF,
    0xFDCF, 0xFDD0, 0xFE32, 0xFE74, 0xFDF0, 0xF4A8, 0xF380, 0xE320, 0xE321, 0xDB21, 0xDB01, 0xDB01,
    0xD2E1, 0xD2E1, 0xD2C1, 0xCAC1, 0xCAC1, 0xCAA1, 0xCAA1, 0xC280, 0xC280, 0xC280, 0xC280, 0xC260,
    0xC260, 0xC260, 0xBA60, 0xBA40, 0xBA40, 0xBA40, 0xBA40, 0xBA40, 0xBA20, 0xBA20, 0xBA20, 0xBA20,
    0xBA21, 0xBA21, 0xB201, 0xBA21, 0xBA21, 0xB221, 0xB221, 0xB201, 0xB201, 0xB201, 0xB201, 0xB221,
    0xB201, 0xB201, 0xB201, 0xB201, 0xB201, 0xB201, 0xB201, 0xB201, 0xB201, 0xB201, 0xB201, 0xB201,
    0xB221, 0xB201, 0xB221, 0xB222, 0xB222, 0xBA22, 0xBA22, 0xBA42, 0xBA42, 0xBA42, 0xBA42, 0xBA42,
    0xBA83, 0xBA42, 0xCAA3, 0xF615, 0xFF5A, 0xDC0A, 0xB201, 0xBA83, 0xBA83, 0xBA84, 0xBAA4, 0xBAA4,
    0xBAC5, 0xBAE5, 0xC306, 0xC327, 0xCB68, 0xD3A9, 0xDC4B, 0xDBA8, 0xD325, 0xE344, 0xF572, 0xE5D5,
    0xDD52, 0xDD31, 0xDD30, 0xDD10, 0xDD0F, 0xDD0E, 0xDD2E, 0xDD2E, 0xE54E, 0xE54E, 0xE56F, 0xED8F,
    0xED8F, 0xF5AF, 0xF5D0, 0xF5F1, 0xF5F1, 0xFE32, 0xFE32, 0xFE94, 0xF652, 0xFE2F, 0x5A25, 0x0000,
    0x0000, 0x0000, 0x0000, 0x0000, 0x0000, 0x0000, 0x0000, 0x0000, 0x0000, 0x0000, 0x0000, 0x0000,
    0x0000, 0x0000, 0x0000, 0x0000, 0x0000, 0x7AE8, 0xFE50, 0xF653, 0xFE95, 0xF674, 0xF653, 0xF632,
    0xF612, 0xEDF1, 0xEDD1, 0xEDD1, 0xE5B1, 0xE590, 0xE590, 0xDD70, 0xDD70, 0xDD70, 0xDD51, 0xDD71,
    0xDD72, 0xDD92, 0xE5B3, 0xE5D4, 0xF677, 0xFD2A, 0xFC66, 0xF446, 0xFDAD, 0xFE0F, 0xFDAC, 0xFD8B,
    0xF54A, 0xF529, 0xF508, 0xF4E7, 0xECC7, 0xECA6, 0xECA6, 0xEC86, 0xEC85, 0xEC85, 0xE465, 0xE465,
    0xE465, 0xE444, 0xE444, 0xE444, 0xE444, 0xE444, 0xE444, 0xE444, 0xEC44, 0xEC24, 0xEC24, 0xEC24,
    0xEC24, 0xEC23, 0xEC43, 0xEC23, 0xEC43, 0xEC43, 0xEC43, 0xEC43, 0xEC43, 0xF444, 0xF443, 0xF421,
    0xFCE6, 0xFE32, 0xFEF8, 0xFEB7, 0xF634, 0xF612, 0xF612, 0xF612, 0xF5F1, 0xF5F1, 0xF5F0, 0xF5D0,
    0xF5CF, 0xF5CF, 0xF5AE, 0xF5AE, 0xF5AD, 0xF58D, 0xF58D, 0xF58D, 0xF58C, 0xF56C, 0xF56C, 0xF56C,
    0xF56C, 0xF56B, 0xF56B, 0xF56B, 0xF56B, 0xF56B, 0xF56B, 0xF56B, 0xF54B, 0xF54B, 0xF56B, 0xF56C,
    0xF56C, 0xF56C, 0xF56C, 0xF56D, 0xF58D, 0xF58D, 0xF5AE, 0xF5AE, 0xFDAE, 0xFDCF, 0xFDCF, 0xFDCF,
    0xFE11, 0xFE53, 0xFDF1, 0xF488, 0xEB40, 0xE300, 0xDB21, 0xDB01, 0xD2E1, 0xD2E1, 0xD2E1, 0xD2C1,
    0xCAC1, 0xCAA1, 0xCAA1, 0xCAA1, 0xCA80, 0xC280, 0xC280, 0xC260, 0xC260, 0xC260, 0xC240, 0xBA40,
    0xBA40, 0xBA60, 0xBA40, 0xBA40, 0xBA20, 0xBA20, 0xBA20, 0xBA20, 0xBA21, 0xBA21, 0xBA21, 0xBA21,
    0xBA21, 0xB201, 0xB201, 0xB201, 0xB201, 0xB201, 0xB201, 0xB201, 0xB201, 0xB201, 0xB201, 0xB201,
    0xB201, 0xB201, 0xB201, 0xB201, 0xB201, 0xB201, 0xB201, 0xB201, 0xB201, 0xBA21, 0xBA22, 0xBA22,
    0xBA22, 0xBA22, 0xBA42, 0xBA42, 0xBA42, 0xBA42, 0xBA42, 0xBA63, 0xBA21, 0xD2E4, 0xF676, 0xFE97,
    0xFE34, 0xD346, 0xBA22, 0xBA63, 0xBA63, 0xBA84, 0xBA84, 0xBAA4, 0xBAA5, 0xBAC5, 0xC2E6, 0xC326,
    0xCB67, 0xD388, 0xDBEA, 0xE44B, 0xDB25, 0xDB25, 0xEC29, 0xEE16, 0xDD72, 0xDD52, 0xDD31, 0xDD10,
    0xDD0F, 0xDD0E, 0xDD0E, 0xDD2E, 0xE54E, 0xE54F, 0xE56F, 0xE56F, 0xED8F, 0xEDAF, 0xF5D0, 0xF5F0,
    0xF5F1, 0xFE11, 0xFE32, 0xFE73, 0xF694, 0xFE2F, 0xC48B, 0x0000, 0x0000, 0x0000, 0x0000, 0x0000,
    0x0000, 0x0000, 0x0000, 0x0000, 0x0000, 0x0000, 0x0000, 0x0000, 0x0000, 0x0000, 0x0000, 0x0000,
    0x0820, 0xD52D, 0xFE51, 0xF6B5, 0xFE74, 0xF653, 0xF633, 0xF612, 0xF5F2, 0xEDF1, 0xEDD1, 0xEDD1,
    0xE5B1, 0xE591, 0xDD70, 0xDD70, 0xDD50, 0xDD50, 0xDD71, 0xDD71, 0xDD72, 0xDD92, 0xE5B3, 0xEE37,
    0xF633, 0xFCA6, 0xF446, 0xF4C8, 0xFE0F, 0xFDCD, 0xFD8B, 0xFD6A, 0xF529, 0xF508, 0xF4E8, 0xECC7,
    0xECA7, 0xECA6, 0xEC86, 0xEC86, 0xEC65, 0xE465, 0xE465, 0xE465, 0xE444, 0xE444, 0xE444, 0xE444,
    0xE444, 0xE444, 0xE444, 0xE444, 0xEC44, 0xEC24, 0xEC24, 0xEC23, 0xEC23, 0xEC23, 0xEC43, 0xEC43,
    0xEC43, 0xEC43, 0xEC43, 0xF443, 0xF443, 0xF421, 0xF4A4, 0xFE30, 0xFF18, 0xFE96, 0xFE13, 0xF613,
    0xF613, 0xF5F2, 0xF5F1, 0xF5F1, 0xF5D0, 0xF5D0, 0xF5CF, 0xF5AE, 0xF5AE, 0xF58D, 0xF58D, 0xF58C,
    0xF58C, 0xF58C, 0xF58C, 0xF56B, 0xF56B, 0xF56B, 0xF56B, 0xF54B, 0xF54A, 0xF54A, 0xF54A, 0xF52A,
    0xF52A, 0xF52A, 0xF52A, 0xF54A, 0xF52A, 0xF52A, 0xF52A, 0xF52A, 0xF52A, 0xF54B, 0xF54B, 0xF54B,
    0xF54C, 0xF54C, 0xF56C, 0xF56C, 0xF56D, 0xF58E, 0xF5AE, 0xF5AF, 0xF5AF, 0xF58E, 0xFDD0, 0xFE53,
    0xFDF1, 0xF467, 0xEB00, 0xE2E0, 0xDB01, 0xDAE1, 0xD2E0, 0xD2E0, 0xD2C0, 0xCAC1, 0xCAA1, 0xCAA1,
    0xCAA0, 0xCA80, 0xCA80, 0xC280, 0xC260, 0xC260, 0xC260, 0xC240, 0xBA60, 0xBA40, 0xBA40, 0xBA40,
    0xBA40, 0xBA40, 0xBA20, 0xBA20, 0xBA20, 0xBA21, 0xBA20, 0xBA00, 0xBA21, 0xBA21, 0xB201, 0xB201,
    0xB201, 0xB201, 0xB201, 0xB201, 0xB201, 0xB201, 0xB201, 0xB201, 0xB201, 0xB201, 0xB201, 0xB201,
    0xB201, 0xB201, 0xB201, 0xBA01, 0xBA21, 0xBA21, 0xBA21, 0xBA21, 0xBA22, 0xBA22, 0xBA42, 0xBA42,
    0xBA42, 0xBA42, 0xBA63, 0xBA00, 0xCAE5, 0xF676, 0xFEB7, 0xFE35, 0xF614, 0xCA83, 0xBA63, 0xBA63,
    0xBA63, 0xBA83, 0xBA84, 0xBAA4, 0xBAA4, 0xBAC5, 0xC2E5, 0xC306, 0xCB47, 0xCB68, 0xD3A8, 0xE44B,
    0xDBA8, 0xD325, 0xE345, 0xED51, 0xE5B4, 0xDD52, 0xDD31, 0xDD10, 0xDD0F, 0xDD0E, 0xDD0E, 0xDD0F,
    0xDD2E, 0xE54E, 0xE54E, 0xE56F, 0xED8F, 0xEDAF, 0xF5D0, 0xF5F0, 0xF5F1, 0xFE11, 0xFE32, 0xFE53,
    0xFE94, 0xFE11, 0xFDCE, 0x2923, 0x0000, 0x0000, 0x0000, 0x0000, 0x0000, 0x0000, 0x0000, 0x0000,
    0x0000, 0x0000, 0x0000, 0x0000, 0x0000, 0x0000, 0x0000, 0x0000, 0x5205, 0xFE50, 0xF673, 0xFEB5,
    0xFE74, 0xF653, 0xF612, 0xF612, 0xEDF2, 0xEDF1, 0xEDD1, 0xE5B1, 0xE5B1, 0xE591, 0xDD70, 0xDD50,
    0xDD50, 0xDD50, 0xDD51, 0xDD71, 0xDD72, 0xDD93, 0xE5B4, 0xF698, 0xFD8C, 0xFC86, 0xF446, 0xFD8C,
    0xFDEE, 0xFDAC, 0xFD6B, 0xFD4A, 0xF529, 0xF4E8, 0xF4C7, 0xECA7, 0xEC86, 0xEC86, 0xEC86, 0xE465,
    0xE465, 0xE465, 0xE465, 0xE444, 0xE444, 0xE424, 0xE424, 0xE424, 0xE444, 0xE444, 0xE444, 0xE444,
    0xE444, 0xEC24, 0xEC23, 0xEC23, 0xEC23, 0xEC23, 0xEC23, 0xEC43, 0xEC43, 0xEC43, 0xF464, 0xF442,
    0xF442, 0xFD6B, 0xFED7, 0xFEB7, 0xF634, 0xF5F2, 0xF613, 0xF5F2, 0xF5F1, 0xF5D1, 0xF5D0, 0xF5D0,
    0xF5AF, 0xF5AE, 0xF58E, 0xF58D, 0xF56C, 0xF56C, 0xF56C, 0xF56B, 0xF56B, 0xF56B, 0xF56B, 0xF54B,
    0xF54A, 0xF54A, 0xF54A, 0xF52A, 0xF52A, 0xF50A, 0xF529, 0xF529, 0xF529, 0xF529, 0xF529, 0xF529,
    0xF529, 0xF509, 0xF509, 0xF509, 0xF52A, 0xF52A, 0xF52A, 0xF52A, 0xED2B, 0xED2B, 0xED2B, 0xF52C,
    0xF52C, 0xF54D, 0xF56D, 0xF56D, 0xF56E, 0xF58E, 0xF58E, 0xFD8E, 0xFDF0, 0xFE53, 0xFDB0, 0xF405,
    0xE300, 0xDB00, 0xDB01, 0xD2E0, 0xD2C0, 0xD2C0, 0xD2C0, 0xCAA0, 0xCAA0, 0xCA80, 0xCA80, 0xCA80,
    0xC260, 0xC260, 0xC260, 0xC240, 0xC260, 0xC240, 0xBA40, 0xBA40, 0xBA40, 0xBA40, 0xBA40, 0xBA20,
    0xBA20, 0xBA20, 0xBA20, 0xBA20, 0xBA21, 0xBA01, 0xB200, 0xB201, 0xBA01, 0xBA01, 0xB201, 0xB201,
    0xB201, 0xB201, 0xB201, 0xB201, 0xB201, 0xB201, 0xB201, 0xB201, 0xB201, 0xB201, 0xBA01, 0xBA21,
    0xBA21, 0xBA21, 0xBA21, 0xBA22, 0xBA22, 0xBA42, 0xBA42, 0xBA42, 0xBA62, 0xC283, 0xC220, 0xD388,
    0xFE56, 0xFE35, 0xFDD3, 0xFE76, 0xED2F, 0xBA21, 0xBA83, 0xBA63, 0xBA63, 0xBA63, 0xBA83, 0xBA84,
    0xBAA4, 0xBAA5, 0xBAC5, 0xC306, 0xC327, 0xCB47, 0xCB88, 0xDBC9, 0xE42B, 0xD305, 0xD304, 0xEC0A,
    0xEDF6, 0xDD72, 0xDD52, 0xDD30, 0xD50F, 0xDD0F, 0xDD0E, 0xDD2E, 0xDD2E, 0xE54E, 0xE54E, 0xE56F,
    0xED8F, 0xED8F, 0xEDB0, 0xF5D0, 0xF5F0, 0xFDF1, 0xFE11, 0xFE32, 0xFE73, 0xF653, 0xFE2F, 0x8348,
    0x0000, 0x0000, 0x0000, 0x0000, 0x0000, 0x0000, 0x0000, 0x0000, 0x0000, 0x0000, 0x0000, 0x0000,
    0x0000, 0x0000, 0x0000, 0x0000, 0xAC4B, 0xFE51, 0xF695, 0xFE94, 0xF653, 0xF633, 0xF612, 0xF5F1,
    0xEDF1, 0xEDD1, 0xE5B1, 0xE5B1, 0xE591, 0xDD90, 0xDD70, 0xDD50, 0xD550, 0xD550, 0xDD51, 0xDD71,
    0xDD72, 0xE593, 0xEE16, 0xF654, 0xFCA6, 0xFC45, 0xF4C8, 0xFDEE, 0xFDCD, 0xFD8B, 0xFD6A, 0xFD29,
    0xF508, 0xF4E7, 0xECA7, 0xECA6, 0xEC86, 0xEC86, 0xE486, 0xE465, 0xE465, 0xE445, 0xE444, 0xE444,
    0xE424, 0xE424, 0xE424, 0xE424, 0xE424, 0xE444, 0xEC44, 0xEC44, 0xEC24, 0xEC24, 0xEC23, 0xEC24,
    0xEC23, 0xEC23, 0xEC23, 0xEC43, 0xEC43, 0xF443, 0xF421, 0xFD06, 0xFEB4, 0xFEF8, 0xF634, 0xF613,
    0xF613, 0xF613, 0xF5F2, 0xEDD1, 0xEDB0, 0xF5AF, 0xF5AF, 0xF5AE, 0xF58E, 0xF58D, 0xF56C, 0xF56C,
    0xF56C, 0xF56B, 0xF54B, 0xF54B, 0xF54A, 0xF54A, 0xF54A, 0xF54A, 0xF54A, 0xF54A, 0xF52A, 0xF52A,
    0xF509, 0xF509, 0xF509, 0xF509, 0xF508, 0xF508, 0xF508, 0xF508, 0xF508, 0xF508, 0xF509, 0xF509,
    0xF509, 0xF509, 0xED09, 0xED0A, 0xED0A, 0xED0A, 0xED0A, 0xED0B, 0xF50B, 0xF50B, 0xF52C, 0xED2C,
    0xF54C, 0xF54D, 0xF56D, 0xF58E, 0xF58E, 0xFD8E, 0xFDF0, 0xFE53, 0xFD6E, 0xEBA4, 0xE2C0, 0xDAE0,
    0xDB01, 0xD2E0, 0xD2C0, 0xD2A0, 0xCAA0, 0xCAA0, 0xCAA0, 0xCA80, 0xC280, 0xC260, 0xC260, 0xC260,
    0xC260, 0xC260, 0xC240, 0xBA40, 0xBA40, 0xBA40, 0xBA40, 0xBA40, 0xBA20, 0xBA20, 0xBA20, 0xBA20,
    0xBA20, 0xBA20, 0xBA00, 0xBA01, 0xBA01, 0xBA01, 0xBA01, 0xBA01, 0xB201, 0xB201, 0xB201, 0xB201,
    0xB201, 0xB201, 0xB201, 0xB201, 0xBA01, 0xB201, 0xBA01, 0xBA21, 0xBA21, 0xBA21, 0xBA22, 0xBA42,
    0xBA42, 0xBA42, 0xBA42, 0xC262, 0xC262, 0xCA41, 0xECCD, 0xFEF9, 0xFE14, 0xF5D3, 0xF5D2, 0xFE55,
    0xDB87, 0xBA21, 0xBA63, 0xBA63, 0xBA63, 0xBA63, 0xBA63, 0xBA84, 0xBAA4, 0xBAA4, 0xBAC5, 0xC2E5,
    0xC306, 0xCB27, 0xCB67, 0xD3A8, 0xE44B, 0xDB87, 0xD304, 0xE325, 0xED92, 0xE5B4, 0xDD52, 0xDD31,
    0xDD10, 0xDD0F, 0xDD0F, 0xDD2F, 0xDD2E, 0xE52E, 0xE54E, 0xE56F, 0xED6F, 0xED8F, 0xEDAF, 0xF5D0,
    0xF5F0, 0xF5F1, 0xFE11, 0xFE32, 0xFE52, 0xFE94, 0xFE30, 0xDD2D, 0x0840, 0x0000, 0x0000, 0x0000,
    0x0000, 0x0000, 0x0000, 0x0000, 0x0000, 0x0000, 0x0000, 0x0000, 0x0000, 0x0000, 0x0000, 0x20E2,
    0xF5CF, 0xFE31, 0xFEB5, 0xFE74, 0xF653, 0xF632, 0xF612, 0xEDF1, 0xEDD1, 0xEDD1, 0xE5B0, 0xE590,
    0xE590, 0xDD70, 0xDD70, 0xDD70, 0xDD51, 0xD551, 0xDD71, 0xDD72, 0xDD93, 0xE5B4, 0xF678, 0xFD8C,
    0xFC65, 0xF425, 0xFD6C, 0xFE0E, 0xFDAC, 0xFD6B, 0xF549, 0xF509, 0xF4E8, 0xF4C7, 0xECA7, 0xEC86,
    0xEC86, 0xE466, 0xE465, 0xE465, 0xE445, 0xE445, 0xE424, 0xE424, 0xE424, 0xE424, 0xE404, 0xE403,
    0xE423, 0xE424, 0xE424, 0xEC44, 0xEC24, 0xEC23, 0xEC23, 0xEC23, 0xEC23, 0xEC23, 0xEC23, 0xEC43,
    0xF443, 0xF421, 0xFD8C, 0xFF19, 0xFEB7, 0xF613, 0xF613, 0xF5F3, 0xF5F2, 0xEDD2, 0xEDD1, 0xEDB0,
    0xED8F, 0xED8E, 0xF58E, 0xF58D, 0xF58D, 0xF56C, 0xF56C, 0xF56B, 0xF54B, 0xF54B, 0xF54A, 0xF54A,
    0xF54A, 0xF54A, 0xF54A, 0xF54A, 0xF529, 0xF549, 0xF529, 0xF509, 0xF509, 0xF529, 0xF529, 0xF508,
    0xF508, 0xF508, 0xF508, 0xF4E8, 0xF4E8, 0xF4E8, 0xF508, 0xF508, 0xF509, 0xED09, 0xECE9, 0xECE9,
    0xECE9, 0xECE9, 0xECE9, 0xECEA, 0xECEA, 0xECEB, 0xED0A, 0xED0B, 0xED2B, 0xF52C, 0xF54C, 0xF54D,
    0xF56D, 0xF56E, 0xF56E, 0xF58E, 0xFDF1, 0xFE33, 0xFD2C, 0xEB62, 0xE2C0, 0xDAE0, 0xDAE1, 0xD2C0,
    0xD2A0, 0xCAA0, 0xCAA0, 0xCA80, 0xCA80, 0xC280, 0xC260, 0xC260, 0xC260, 0xC260, 0xC240, 0xC240,
    0xBA40, 0xBA40, 0xBA40, 0xBA40, 0xBA40, 0xBA20, 0xBA20, 0xBA20, 0xBA20, 0xBA20, 0xBA00, 0xBA21,
    0xBA21, 0xBA01, 0xBA01, 0xBA01, 0xBA01, 0xB201, 0xB201, 0xB201, 0xB201, 0xBA01, 0xBA01, 0xBA01,
    0xBA01, 0xBA01, 0xBA21, 0xBA21, 0xBA21, 0xBA21, 0xBA42, 0xBA42, 0xBA42, 0xC262, 0xC282, 0xC220,
    0xD2A3, 0xF591, 0xFEF9, 0xF615, 0xF5F4, 0xF5D3, 0xFDD2, 0xF5B1, 0xC242, 0xBA42, 0xBA42, 0xBA62,
    0xBA43, 0xB263, 0xBA63, 0xBA83, 0xBA84, 0xBAA4, 0xBAC5, 0xBAE5, 0xC306, 0xC326, 0xCB47, 0xD388,
    0xDC0A, 0xE42A, 0xD304, 0xDB04, 0xEC6B, 0xEDF6, 0xDD52, 0xDD31, 0xDD30, 0xDD0F, 0xDD0F, 0xDD2F,
    0xDD2F, 0xDD2E, 0xE52F, 0xE54F, 0xED6F, 0xED8F, 0xEDAF, 0xF5AF, 0xF5D0, 0xF5F0, 0xFE11, 0xFE32,
    0xFE32, 0xFE94, 0xF652, 0xFE2F, 0x49C4, 0x0000, 0x0000, 0x0000, 0x0000, 0x0000, 0x0000, 0x0000,
    0x0000, 0x0000, 0x0000, 0x0000, 0x0000, 0x0000, 0x0000, 0x7B08, 0xFE50, 0xF653, 0xFE95, 0xFE53,
    0xF633, 0xF612, 0xF5F1, 0xEDD1, 0xEDD1, 0xE5B1, 0xE590, 0xE590, 0xDD70, 0xDD70, 0xDD70, 0xDD71,
    0xDD71, 0xDD71, 0xDD71, 0xDD72, 0xE593, 0xEDF5, 0xF655, 0xFCE7, 0xF445, 0xFC87, 0xFDEE, 0xFDCD,
    0xFD8B, 0xF54A, 0xF529, 0xF508, 0xF4C7, 0xECA7, 0xEC86, 0xEC86, 0xE466, 0xE465, 0xE445, 0xE445,
    0xE445, 0xE424, 0xE424, 0xE404, 0xE404, 0xE403, 0xE403, 0xE403, 0xE403, 0xE423, 0xE423, 0xEC23,
    0xEC23, 0xEC23, 0xEC23, 0xEC23, 0xEC23, 0xEC43, 0xEC44, 0xF422, 0xF484, 0xFE52, 0xFEF8, 0xF634,
    0xF614, 0xF613, 0xF5F3, 0xF5D2, 0xEDB1, 0xEDB0, 0xED8F, 0xED8E, 0xED6E, 0xED6D, 0xF56D, 0xF56C,
    0xF56C, 0xF56C, 0xF56B, 0xF56B, 0xF54B, 0xF54A, 0xF54A, 0xF54A, 0xF54A, 0xF54A, 0xF54A, 0xF54A,
    0xF54A, 0xF549, 0xF52A, 0xF52A, 0xF529, 0xF529, 0xF529, 0xF529, 0xF508, 0xF508, 0xF4E8, 0xF4E8,
    0xF4E8, 0xF4E8, 0xF508, 0xF508, 0xF508, 0xF4E8, 0xECE8, 0xECE9, 0xECE9, 0xECE9, 0xECE9, 0xECE9,
    0xECE9, 0xECE9, 0xECE9, 0xECEA, 0xECEA, 0xED0B, 0xED0B, 0xED2C, 0xED2C, 0xED2C, 0xF54D, 0xF58E,
    0xF56E, 0xF56E, 0xFE12, 0xFE12, 0xF489, 0xEB00, 0xDAC0, 0xDAE1, 0xD2C1, 0xD2C0, 0xCAA0, 0xCA80,
    0xCA80, 0xCA80, 0xC280, 0xC260, 0xC260, 0xC260, 0xC240, 0xC240, 0xC240, 0xC240, 0xBA40, 0xBA40,
    0xBA40, 0xBA20, 0xBA20, 0xBA20, 0xBA20, 0xBA20, 0xBA20, 0xBA20, 0xBA20, 0xBA01, 0xBA01, 0xBA01,
    0xBA01, 0xBA01, 0xB201, 0xB201, 0xB201, 0xBA21, 0xBA21, 0xBA21, 0xBA21, 0xBA21, 0xBA21, 0xBA21,
    0xBA21, 0xBA41, 0xBA42, 0xBA62, 0xC262, 0xC261, 0xC200, 0xDBA7, 0xFE55, 0xFE76, 0xF5D4, 0xF5F4,
    0xF5F4, 0xF5B2, 0xFE34, 0xDC4B, 0xB9E0, 0xBA62, 0xBA42, 0xBA42, 0xBA43, 0xBA63, 0xBA63, 0xBA83,
    0xBA84, 0xBAA4, 0xBAC5, 0xBAC5, 0xC2E5, 0xC326, 0xCB47, 0xCB67, 0xD3C9, 0xE44B, 0xD367, 0xD304,
    0xE386, 0xEDD4, 0xE593, 0xDD52, 0xDD31, 0xDD30, 0xDD0F, 0xDD2F, 0xDD2F, 0xDD2E, 0xE54E, 0xE54F,
    0xE56E, 0xED8F, 0xED8F, 0xF5AF, 0xF5D0, 0xF5F0, 0xFDF1, 0xFE11, 0xFE32, 0xFE73, 0xF673, 0xFE30,
    0xA3CA, 0x0000, 0x0000, 0x0000, 0x0000, 0x0000, 0x0000, 0x0000, 0x0000, 0x0000, 0x0000, 0x0000,
    0x0000, 0x0000, 0x0020, 0xD52D, 0xFE31, 0xF695, 0xFE74, 0xF653, 0xF633, 0xF612, 0xF5F1, 0xEDD1,
    0xEDB0, 0xE590, 0xE590, 0xE590, 0xDD70, 0xDD70, 0xDD70, 0xDD51, 0xDD71, 0xDD71, 0xDD72, 0xDD92,
    0xE5B3, 0xEE37, 0xFDCF, 0xFC85, 0xFC46, 0xFD4B, 0xFDEE, 0xFDAC, 0xF56A, 0xF529, 0xF509, 0xF4E8,
    0xECC7, 0xECA7, 0xEC86, 0xEC66, 0xE465, 0xE445, 0xE445, 0xE445, 0xE444, 0xE424, 0xE424, 0xE404,
    0xE403, 0xE403, 0xE403, 0xE403, 0xE403, 0xE423, 0xE423, 0xEC23, 0xEC23, 0xEC23, 0xEC23, 0xEC23,
    0xEC43, 0xF444, 0xF421, 0xFCE7, 0xFEF7, 0xFE97, 0xF5F3, 0xF613, 0xF5F3, 0xF5F2, 0xEDD1, 0xEDB0,
    0xED8F, 0xED8F, 0xED6E, 0xED6D, 0xED6D, 0xF56D, 0xF56C, 0xF56C, 0xF56C, 0xF56C, 0xF56C, 0xF56B,
    0xF56B, 0xF56B, 0xF56B, 0xF56B, 0xF56B, 0xFD6B, 0xF56A, 0xF56A, 0xFD6A, 0xFD4A, 0xF54A, 0xFD4A,
    0xFD4A, 0xFD4A, 0xFD49, 0xF529, 0xF529, 0xF508, 0xF508, 0xF508, 0xF508, 0xF508, 0xF508, 0xF508,
    0xF508, 0xF4E8, 0xECE8, 0xECE8, 0xECE8, 0xECC8, 0xECC8, 0xECC8, 0xECC8, 0xECC9, 0xECC9, 0xECC9,
    0xECE9, 0xECEA, 0xECEA, 0xECEB, 0xECEB, 0xED0C, 0xED2C, 0xF54D, 0xF54D, 0xF56E, 0xF54D, 0xF56E,
    0xFE12, 0xFDF2, 0xF448, 0xE2E0, 0xDAA0, 0xD2C0, 0xD2C0, 0xCAA0, 0xCAA0, 0xCA80, 0xCA80, 0xC280,
    0xC260, 0xC260, 0xC260, 0xC260, 0xC240, 0xC240, 0xC240, 0xBA40, 0xBA40, 0xBA20, 0xBA20, 0xBA20,
    0xBA20, 0xBA20, 0xBA20, 0xBA20, 0xBA21, 0xBA21, 0xBA21, 0xBA01, 0xBA01, 0xBA01, 0xBA01, 0xBA01,
    0xBA01, 0xBA21, 0xBA21, 0xBA21, 0xBA21, 0xBA21, 0xBA21, 0xBA21, 0xBA41, 0xBA41, 0xC262, 0xC282,
    0xC220, 0xD2A2, 0xED30, 0xFED7, 0xFDF4, 0xF5B2, 0xF5F4, 0xF5D3, 0xF5D3, 0xFDF3, 0xFE54, 0xCAC4,
    0xBA21, 0xBA42, 0xBA42, 0xBA42, 0xBA43, 0xBA63, 0xBA63, 0xBA63, 0xBA84, 0xBAA4, 0xBAA4, 0xBAC5,
    0xC2E5, 0xC306, 0xC326, 0xCB67, 0xD3A8, 0xDC0A, 0xDBE9, 0xD305, 0xDB24, 0xECEE, 0xE5F5, 0xDD72,
    0xDD52, 0xDD30, 0xDD0F, 0xDD2F, 0xDD2F, 0xDD2E, 0xE52E, 0xE54E, 0xE54E, 0xE56E, 0xED8F, 0xF5AF,
    0xF5D0, 0xF5D0, 0xF5F0, 0xFE11, 0xFE32, 0xFE53, 0xFE93, 0xFE10, 0xE56D, 0x1081, 0x0000, 0x0000,
    0x0000, 0x0000, 0x0000, 0x0000, 0x0000, 0x0000, 0x0000, 0x0000, 0x0000, 0x0000, 0x3964, 0xFE10,
    0xF632, 0xFE95, 0xFE74, 0xF653, 0xF632, 0xF612, 0xEDF1, 0xEDD1, 0xEDB0, 0xE590, 0xE590, 0xDD70,
    0xDD70, 0xDD70, 0xDD70, 0xDD51, 0xDD51, 0xDD71, 0xDD72, 0xE5B3, 0xE5D4, 0xF656, 0xFD08, 0xFC66,
    0xFC67, 0xFDCD, 0xFDCD, 0xFD6B, 0xF52A, 0xF509, 0xF4E8, 0xECC7, 0xECA7, 0xEC86, 0xE486, 0xE465,
    0xE445, 0xE445, 0xE425, 0xE424, 0xE424, 0xE424, 0xE424, 0xE404, 0xE403, 0xE403, 0xE403, 0xE403,
    0xE403, 0xE403, 0xE423, 0xEC23, 0xEC23, 0xEC23, 0xEC23, 0xEC43, 0xF444, 0xF421, 0xFD6A, 0xFF19,
    0xFE76, 0xF613, 0xF613, 0xF5F2, 0xF5D2, 0xEDD1, 0xEDB0, 0xED8F, 0xED6E, 0xED6E, 0xED6D, 0xED6D,
    0xF56D, 0xF56C, 0xF56C, 0xF58C, 0xF58C, 0xFD8C, 0xFD8C, 0xFD8C, 0xFD8C, 0xF58C, 0xFD8C, 0xFDAC,
    0xFDAC, 0xFDAC, 0xFD8C, 0xFD8B, 0xFD8B, 0xFD8B, 0xFD8B, 0xFD6B, 0xFD6B, 0xFD6B, 0xFD6A, 0xFD4A,
    0xF529, 0xF529, 0xF529, 0xF529, 0xF508, 0xF508, 0xF508, 0xF508, 0xF508, 0xF508, 0xECE8, 0xECC8,
    0xECC8, 0xECC8, 0xECC8, 0xECC8, 0xECA8, 0xECA8, 0xECA8, 0xECC8, 0xECC9, 0xECC9, 0xECC9, 0xE4CA,
    0xECCA, 0xECEB, 0xED0B, 0xED0C, 0xED0C, 0xED2D, 0xF54D, 0xF54E, 0xF54D, 0xFDB0, 0xFE33, 0xFDB0,
    0xF3E7, 0xE2A0, 0xD280, 0xD2A0, 0xD2C1, 0xCAA0, 0xCA80, 0xCA80, 0xC260, 0xC260, 0xC260, 0xC260,
    0xC240, 0xC240, 0xC240, 0xC240, 0xBA40, 0xBA20, 0xBA20, 0xBA20, 0xBA20, 0xBA20, 0xBA20, 0xBA20,
    0xBA20, 0xBA21, 0xBA21, 0xBA01, 0xBA01, 0xBA01, 0xBA01, 0xBA21, 0xBA21, 0xBA21, 0xBA21, 0xBA21,
    0xBA41, 0xBA41, 0xBA41, 0xBA41, 0xC242, 0xC262, 0xC240, 0xCA61, 0xE42A, 0xFE76, 0xFE97, 0xF5B2,
    0xF5B3, 0xF5D3, 0xF5B2, 0xF5B2, 0xF5B2, 0xFE75, 0xED2F, 0xC200, 0xBA62, 0xBA42, 0xB242, 0xBA42,
    0xBA42, 0xBA63, 0xBA63, 0xBA63, 0xBA83, 0xBA84, 0xBAA4, 0xBAC4, 0xBAE5, 0xC2E5, 0xC306, 0xCB47,
    0xD387, 0xD3C9, 0xE42A, 0xD345, 0xDB24, 0xEBE8, 0xEDF6, 0xE573, 0xDD52, 0xDD31, 0xDD30, 0xDD2F,
    0xDD2F, 0xDD2E, 0xDD2E, 0xE54E, 0xE54E, 0xE56F, 0xED8F, 0xEDAF, 0xF5D0, 0xF5D0, 0xF5F0, 0xFE11,
    0xFE32, 0xFE32, 0xFE73, 0xF632, 0xFE2F, 0x5A25, 0x0000, 0x0000, 0x0000, 0x0000, 0x0000, 0x0000,
    0x0000, 0x0000, 0x0000, 0x0000, 0x0000, 0x0000, 0x8B49, 0xFE50, 0xF674, 0xFE94, 0xFE53, 0xF633,
    0xF612, 0xF5F2, 0xEDF1, 0xEDD1, 0xE5B0, 0xE590, 0xE570, 0xDD70, 0xDD70, 0xDD70, 0xDD70, 0xDD51,
    0xDD51, 0xDD71, 0xDD92, 0xE5B3, 0xEE16, 0xF5F2, 0xFC85, 0xFC46, 0xFCE9, 0xFDCD, 0xFD8C, 0xFD4A,
    0xF529, 0xF4E8, 0xECC8, 0xECA7, 0xEC87, 0xEC86, 0xE466, 0xE445, 0xE425, 0xE424, 0xE424, 0xE424,
    0xE424, 0xE404, 0xE404, 0xE404, 0xE403, 0xE403, 0xE403, 0xE403, 0xE403, 0xE403, 0xE403, 0xEC03,
    0xEC23, 0xEC23, 0xEC43, 0xF443, 0xF421, 0xFDCD, 0xFEF9, 0xFE34, 0xF613, 0xF613, 0xF5F2, 0xF5D1,
    0xEDB1, 0xEDB0, 0xED8F, 0xED6E, 0xED6E, 0xED6D, 0xF56D, 0xF56D, 0xF58D, 0xF58D, 0xF5AD, 0xFDAD,
    0xFDAD, 0xFDCD, 0xFDCD, 0xFDCE, 0xFDCE, 0xFDCE, 0xFDCE, 0xFDEE, 0xFDEE, 0xFDEE, 0xFDCE, 0xFDCD,
    0xFDCD, 0xFDCD, 0xFDCD, 0xFDAC, 0xFDAC, 0xFD8C, 0xFD8C, 0xFD8B, 0xFD6B, 0xFD4A, 0xFD4A, 0xFD49,
    0xF529, 0xF529, 0xF529, 0xF529, 0xF509, 0xF508, 0xF4E8, 0xECE8, 0xECC8, 0xECC8, 0xECC8, 0xECA8,
    0xECA8, 0xECA8, 0xECA8, 0xECA8, 0xE4A8, 0xE4A8, 0xE4A9, 0xE4A9, 0xE4A9, 0xECCA, 0xECEA, 0xECEB,
    0xECEB, 0xED0C, 0xED0C, 0xED2D, 0xF54D, 0xF52D, 0xF52D, 0xF590, 0xFE13, 0xFD6F, 0xEBE7, 0xE2C0,
    0xD280, 0xD2A0, 0xD2A1, 0xCA80, 0xCA80, 0xCA80, 0xCA60, 0xCA60, 0xC260, 0xC240, 0xC240, 0xC240,
    0xC240, 0xC240, 0xBA20, 0xBA20, 0xBA20, 0xBA20, 0xBA20, 0xBA20, 0xBA20, 0xBA20, 0xBA21, 0xBA21,
    0xBA21, 0xBA21, 0xBA21, 0xBA21, 0xBA21, 0xBA21, 0xBA41, 0xBA41, 0xBA41, 0xC241, 0xC262, 0xC262,
    0xC220, 0xCA20, 0xDBA7, 0xF5F3, 0xFEB7, 0xFE14, 0xF5B2, 0xF5D3, 0xF5D3, 0xED92, 0xF591, 0xF591,
    0xF5B1, 0xFE75, 0xDB45, 0xC241, 0xBA42, 0xBA42, 0xBA42, 0xB242, 0xBA42, 0xBA43, 0xBA63, 0xBA63,
    0xBA63, 0xBA83, 0xBA84, 0xBAA4, 0xBAC5, 0xC2E5, 0xC306, 0xC326, 0xCB67, 0xD3A8, 0xDC2A, 0xDBA7,
    0xD324, 0xE344, 0xF592, 0xE5D5, 0xDD52, 0xDD31, 0xDD30, 0xDD0F, 0xDD0F, 0xDD2E, 0xDD2E, 0xE54E,
    0xE54F, 0xED4F, 0xED6F, 0xED8F, 0xF5AF, 0xF5D0, 0xF5F0, 0xF5F1, 0xFE11, 0xFE32, 0xFE53, 0xF674,
    0xFE50, 0xAC2A, 0x0000, 0x0000, 0x0000, 0x0000, 0x0000, 0x0000, 0x0000, 0x0000, 0x0000, 0x0000,
    0x0000, 0x0020, 0xD50D, 0xFE51, 0xF6B5, 0xFE74, 0xF653, 0xF632, 0xF612, 0xF5F1, 0xEDF1, 0xEDD1,
    0xE5B0, 0xE590, 0xDD70, 0xDD70, 0xDD70, 0xDD50, 0xDD50, 0xD551, 0xDD71, 0xDD72, 0xDD93, 0xE5B4,
    0xF677, 0xFD6C, 0xFC45, 0xF446, 0xFD4B, 0xFDAC, 0xFD6B, 0xF54A, 0xF509, 0xF4C8, 0xECA7, 0xEC87,
    0xEC86, 0xE466, 0xE445, 0xE425, 0xE425, 0xE424, 0xE404, 0xE424, 0xE424, 0xE404, 0xE404, 0xE404,
    0xE403, 0xE403, 0xE403, 0xE403, 0xE403, 0xE403, 0xE403, 0xEC03, 0xEC23, 0xEC43, 0xF443, 0xF401,
    0xFDEF, 0xFEF8, 0xF613, 0xF613, 0xF5F2, 0xF5D2, 0xF5D1, 0xEDB0, 0xEDB0, 0xED8F, 0xED8E, 0xED6E,
    0xF56E, 0xF58E, 0xF58E, 0xF5AE, 0xF5AE, 0xFDCE, 0xFDEF, 0xFDEF, 0xFE10, 0xFDF0, 0xFDEF, 0xFDEF,
    0xFE0F, 0xFE0F, 0xFDEF, 0xFE10, 0xFDEF, 0xFDEF, 0xFDEF, 0xFDEF, 0xFDEF, 0xFDEF, 0xFDEE, 0xFDEE,
    0xFDEE, 0xFDEE, 0xFDCD, 0xFDCD, 0xFDAC, 0xFDAC, 0xFD8B, 0xFD8B, 0xFD6A, 0xFD4A, 0xF54A, 0xF549,
    0xF529, 0xF529, 0xF509, 0xF4E8, 0xECE8, 0xECC8, 0xECC8, 0xECC8, 0xECA8, 0xECA8, 0xECA8, 0xECA8,
    0xE4A8, 0xE488, 0xE488, 0xE488, 0xE4A9, 0xE4A9, 0xE4A9, 0xE4CA, 0xECCA, 0xECEB, 0xECEB, 0xECEC,
    0xED0C, 0xED0D, 0xED2D, 0xED2D, 0xF52D, 0xF590, 0xFE13, 0xFDB0, 0xEC28, 0xE2E1, 0xD260, 0xD280,
    0xD2A0, 0xCAA1, 0xCA80, 0xCA80, 0xCA60, 0xCA60, 0xC240, 0xC240, 0xC240, 0xC240, 0xC240, 0xC240,
    0xC220, 0xBA20, 0xBA20, 0xBA20, 0xBA20, 0xBA20, 0xBA21, 0xBA21, 0xBA21, 0xBA21, 0xBA21, 0xBA21,
    0xBA41, 0xC241, 0xC241, 0xC262, 0xC262, 0xC241, 0xC200, 0xCA61, 0xDBA7, 0xF5B2, 0xFEB7, 0xFE35,
    0xF5B2, 0xF5B3, 0xF5D3, 0xEDB3, 0xED92, 0xED71, 0xF571, 0xF570, 0xFE13, 0xED0E, 0xCA20, 0xC262,
    0xBA42, 0xBA42, 0xBA42, 0xB242, 0xB242, 0xBA42, 0xBA63, 0xBA63, 0xBA63, 0xBA83, 0xBA84, 0xBAA4,
    0xBAC4, 0xC2E5, 0xC305, 0xC326, 0xCB47, 0xD388, 0xDBE9, 0xE42A, 0xD325, 0xDB24, 0xEC8C, 0xEE16,
    0xDD72, 0xDD51, 0xDD30, 0xDD0F, 0xDD0F, 0xDD0E, 0xDD2E, 0xDD4E, 0xE54F, 0xE54F, 0xED6F, 0xED8F,
    0xEDAF, 0xF5D0, 0xF5F0, 0xF5F1, 0xFE11, 0xFE32, 0xFE52, 0xFE94, 0xFE31, 0xED8E, 0x18A1, 0x0000,
    0x0000, 0x0000, 0x0000, 0x0000, 0x0000, 0x0000, 0x0000, 0x0000, 0x0000, 0x3143, 0xFE10, 0xFE52,
    0xFEB5, 0xFE73, 0xF653, 0xF632, 0xF611, 0xF5F1, 0xEDF1, 0xEDD1, 0xE5B0, 0xE590, 0xDD70, 0xDD70,
    0xDD50, 0xDD50, 0xD550, 0xD551, 0xDD71, 0xDD72, 0xDD93, 0xE5D5, 0xF655, 0xFCE7, 0xFC25, 0xFCA7,
    0xFD8C, 0xFD8B, 0xF54A, 0xF52A, 0xF4E8, 0xECC7, 0xEC87, 0xEC86, 0xE466, 0xE466, 0xE445, 0xE425,
    0xDC04, 0xDC04, 0xE404, 0xE404, 0xE404, 0xDC04, 0xE404, 0xE403, 0xE403, 0xE403, 0xE403, 0xE403,
    0xE403, 0xE403, 0xE403, 0xEC03, 0xEC23, 0xF443, 0xF421, 0xFE10, 0xFED8, 0xF5F3, 0xF5F3, 0xF5F2,
    0xF5D1, 0xEDB1, 0xEDB0, 0xF5B0, 0xF5AF, 0xF5AF, 0xF58E, 0xF58E, 0xF5AE, 0xF5CF, 0xFDCF, 0xFDEF,
    0xFDEF, 0xFDF0, 0xFE10, 0xFE31, 0xFE31, 0xFE52, 0xFE72, 0xFE73, 0xFE93, 0xFEB4, 0xFED4, 0xFED4,
    0xFED4, 0xFEB4, 0xFEB4, 0xFEB4, 0xFEB4, 0xFEB3, 0xFE92, 0xFE71, 0xFE50, 0xFE0F, 0xFDEF, 0xFDEE,
    0xFDEE, 0xFDCE, 0xFDCD, 0xFDCD, 0xFDAC, 0xFD8B, 0xFD8B, 0xFD6A, 0xFD4A, 0xF52A, 0xF529, 0xF509,
    0xF508, 0xF4E8, 0xECC8, 0xECC8, 0xECC7, 0xECC7, 0xECA8, 0xECA8, 0xECA8, 0xE488, 0xE488, 0xE488,
    0xE488, 0xE4A9, 0xE4A9, 0xE4A9, 0xE4AA, 0xE4CA, 0xE4CA, 0xE4CB, 0xE4CB, 0xECCC, 0xECEC, 0xED0C,
    0xED0D, 0xED2D, 0xF52D, 0xF56F, 0xFDF2, 0xFDF2, 0xF4CC, 0xE364, 0xDA80, 0xD260, 0xD260, 0xCA80,
    0xCA80, 0xCA80, 0xCA60, 0xCA60, 0xCA40, 0xC240, 0xC240, 0xC240, 0xC240, 0xC220, 0xC220, 0xBA20,
    0xBA20, 0xBA41, 0xBA41, 0xC241, 0xC241, 0xC241, 0xC241, 0xC241, 0xC261, 0xC261, 0xC261, 0xC220,
    0xCA20, 0xD2C3, 0xE44A, 0xF5F3, 0xFE96, 0xFE35, 0xF5B2, 0xF5B2, 0xEDD3, 0xEDB3, 0xED92, 0xED92,
    0xED71, 0xED71, 0xF571, 0xF5B1, 0xFE13, 0xD2E4, 0xC241, 0xBA62, 0xBA42, 0xBA42, 0xBA42, 0xB242,
    0xB242, 0xB242, 0xBA63, 0xBA63, 0xBA63, 0xBA83, 0xBA83, 0xBAA4, 0xBAC4, 0xBAC5, 0xC2E5, 0xC306,
    0xCB46, 0xCB87, 0xD3C8, 0xE44B, 0xDB86, 0xDB24, 0xEBA6, 0xEDF5, 0xE593, 0xDD52, 0xDD31, 0xDD30,
    0xDD0F, 0xDD0F, 0xDD2E, 0xDD2E, 0xE54E, 0xE54F, 0xED6F, 0xED6F, 0xEDAF, 0xF5D0, 0xF5F0, 0xF5F0,
    0xFDF1, 0xFE11, 0xFE52, 0xFE74, 0xF652, 0xFE2F, 0x5A25, 0x0000, 0x0000, 0x0000, 0x0000, 0x0000,
    0x0000, 0x0000, 0x0000, 0x0000, 0x0000, 0x7AE8, 0xFE51, 0xF674, 0xFE94, 0xF653, 0xF633, 0xF632,
    0xF611, 0xEDF1, 0xEDD1, 0xEDB0, 0xE590, 0xE590, 0xDD70, 0xDD70, 0xDD70, 0xDD50, 0xD550, 0xD551,
    0xDD72, 0xDD93, 0xE5B3, 0xE616, 0xF5B0, 0xFC65, 0xFC25, 0xFD2A, 0xFDAC, 0xFD6B, 0xF54A, 0xF509,
    0xF4C8, 0xECA7, 0xEC87, 0xE466, 0xE466, 0xE445, 0xE425, 0xDC25, 0xDC04, 0xDBE4, 0xDBE4, 0xDBE4,
    0xDBE4, 0xDBE3, 0xDBE3, 0xDBE3, 0xE3E3, 0xE403, 0xE403, 0xE403, 0xE403, 0xE403, 0xEC03, 0xEC23,
    0xEC23, 0xF401, 0xFDF0, 0xFEB7, 0xF5F2, 0xF5F3, 0xF5F2, 0xF5D1, 0xEDB0, 0xEDB0, 0xED8F, 0xF5AF,
    0xF5AF, 0xF5AF, 0xF5CF, 0xF5CF, 0xFDF0, 0xFDF0, 0xFDF0, 0xFE11, 0xFE52, 0xFE93, 0xFEB4, 0xFED5,
    0xFEB5, 0xFEB4, 0xFE72, 0xFE31, 0xFDEE, 0xFDAD, 0xFD8C, 0xFD4A, 0xFD2A, 0xFD2A, 0xFD4A, 0xF54B,
    0xFD8C, 0xFD8C, 0xFDCE, 0xFE10, 0xFE72, 0xFED4, 0xFED4, 0xFEB4, 0xFE72, 0xFE30, 0xFE0F, 0xFDEE,
    0xFDCE, 0xFDCD, 0xFDCD, 0xFDAC, 0xFD8B, 0xFD6B, 0xF54A, 0xF54A, 0xF529, 0xF509, 0xF4E8, 0xF4E8,
    0xECC8, 0xECC8, 0xECC8, 0xECA8, 0xECA8, 0xE488, 0xE488, 0xE488, 0xE488, 0xE488, 0xE489, 0xE489,
    0xE489, 0xE4A9, 0xE4AA, 0xE4AA, 0xE4AA, 0xE4AB, 0xE4CB, 0xECEC, 0xECEC, 0xED0D, 0xED0D, 0xED0D,
    0xF50D, 0xF56F, 0xFDF1, 0xFDF2, 0xF590, 0xF48B, 0xE365, 0xDAA0, 0xD240, 0xD240, 0xD260, 0xCA60,
    0xCA80, 0xCA80, 0xCA61, 0xC261, 0xC261, 0xC241, 0xC241, 0xC241, 0xC241, 0xC241, 0xC241, 0xC261,
    0xC261, 0xC241, 0xC240, 0xC220, 0xC200, 0xCA40, 0xD2C3, 0xE409, 0xF570, 0xFE55, 0xFE55, 0xF5D3,
    0xF571, 0xED92, 0xEDB3, 0xEDB3, 0xED92, 0xED72, 0xED71, 0xED71, 0xED71, 0xF571, 0xF570, 0xFE54,
    0xE46B, 0xC200, 0xBA62, 0xBA42, 0xBA42, 0xBA42, 0xBA42, 0xB242, 0xB242, 0xB242, 0xBA42, 0xBA63,
    0xBA63, 0xBA83, 0xBA83, 0xBAA4, 0xBAA4, 0xBAC4, 0xC2E5, 0xC305, 0xCB26, 0xCB67, 0xD3A8, 0xDC2A,
    0xDBE8, 0xD324, 0xE344, 0xED30, 0xE5D5, 0xDD52, 0xDD51, 0xDD30, 0xDD0F, 0xDD0F, 0xDD0E, 0xDD2E,
    0xE52E, 0xE54E, 0xED6F, 0xED6F, 0xED8F, 0xF5AF, 0xF5D0, 0xF5F0, 0xFDF1, 0xFE11, 0xFE32, 0xFE53,
    0xF673, 0xFE50, 0xA3C9, 0x0000, 0x0000, 0x0000, 0x0000, 0x0000, 0x0000, 0x0000, 0x0000, 0x0000,
    0x0000, 0xBC8C, 0xFE51, 0xF695, 0xFE74, 0xFE53, 0xF632, 0xF612, 0xF5F1, 0xEDF1, 0xEDD1, 0xE5B0,
    0xE590, 0xE570, 0xDD70, 0xDD70, 0xDD50, 0xD550, 0xD551, 0xD551, 0xDD72, 0xDDB3, 0xE5D4, 0xEE36,
    0xFD0A, 0xFC25, 0xF446, 0xFD8C, 0xFD8C, 0xFD4A, 0xF52A, 0xF4E8, 0xECC8, 0xECA7, 0xE487, 0xE466,
    0xE446, 0xE425, 0xDC25, 0xDC04, 0xDC04, 0xDBE4, 0xDBE4, 0xDBE4, 0xDBE3, 0xDBE3, 0xDBE3, 0xDBC3,
    0xE3E3, 0xE403, 0xE403, 0xE3E3, 0xE403, 0xE403, 0xEC03, 0xEC23, 0xF3E1, 0xFDEF, 0xFED8, 0xF5F2,
    0xF5F2, 0xF5D2, 0xF5D1, 0xF5B1, 0xF5B0, 0xF5AF, 0xF5AF, 0xF5AF, 0xF5CF, 0xFDD0, 0xFDF0, 0xFDF0,
    0xFE31, 0xFE73, 0xFEB5, 0xFED5, 0xFEB4, 0xFE30, 0xFDAC, 0xFD08, 0xFCA5, 0xF443, 0xF401, 0xF3E0,
    0xF3C0, 0xF3A0, 0xF3A0, 0xF380, 0xF380, 0xF380, 0xF3A0, 0xF380, 0xF380, 0xF380, 0xF380, 0xF380,
    0xF3C1, 0xF443, 0xFCA6, 0xFD29, 0xFDAC, 0xFE30, 0xFE93, 0xFEB3, 0xFE92, 0xFE30, 0xFDEE, 0xFDCD,
    0xFDCD, 0xFDAD, 0xFD8C, 0xFD6B, 0xFD4A, 0xF54A, 0xF529, 0xF509, 0xF4E8, 0xF4E8, 0xECC8, 0xECC8,
    0xECA8, 0xECA8, 0xE488, 0xE488, 0xE488, 0xE488, 0xE488, 0xE488, 0xE488, 0xE489, 0xE489, 0xE489,
    0xE489, 0xE48A, 0xE4AB, 0xE4AB, 0xE4CB, 0xE4CC, 0xECEC, 0xECEC, 0xED0D, 0xED2E, 0xF50D, 0xF52D,
    0xF56F, 0xFDF2, 0xFE13, 0xFDD1, 0xF50D, 0xEC49, 0xE365, 0xDAC2, 0xDA60, 0xD240, 0xCA20, 0xCA20,
    0xCA20, 0xC220, 0xC220, 0xC220, 0xCA20, 0xC220, 0xCA00, 0xCA00, 0xCA20, 0xD261, 0xDAE3, 0xDBA7,
    0xE48B, 0xF591, 0xFE34, 0xFE76, 0xFE14, 0xF592, 0xED71, 0xED72, 0xED92, 0xED92, 0xED72, 0xED72,
    0xE571, 0xED51, 0xED50, 0xED50, 0xED70, 0xF570, 0xFDF3, 0xF5D2, 0xCA41, 0xBA41, 0xBA41, 0xBA22,
    0xBA22, 0xBA22, 0xB222, 0xB222, 0xB242, 0xB242, 0xBA42, 0xBA62, 0xBA63, 0xBA83, 0xBA83, 0xBAA3,
    0xBAA4, 0xBAC4, 0xC2E5, 0xC305, 0xC326, 0xCB47, 0xD388, 0xDBE9, 0xE42A, 0xD345, 0xDB44, 0xEC6B,
    0xEDF6, 0xDD72, 0xDD51, 0xDD30, 0xDD0F, 0xDD0F, 0xDD0E, 0xDD2E, 0xDD2E, 0xE54E, 0xED6E, 0xED6F,
    0xED8F, 0xF5AF, 0xF5D0, 0xF5F0, 0xF5F0, 0xFE11, 0xFE32, 0xFE52, 0xFE94, 0xFE51, 0xDD4D, 0x0840,
    0x0000, 0x0000, 0x0000, 0x0000, 0x0000, 0x0000, 0x0000, 0x0000, 0x20E2, 0xF5CF, 0xFE32, 0xFE95,
    0xFE74, 0xF653, 0xF612, 0xF5F2, 0xF5F1, 0xEDF1, 0xEDB0, 0xE590, 0xE590, 0xDD70, 0xDD70, 0xDD50,
    0xDD50, 0xD550, 0xD551, 0xD551, 0xDD72, 0xE5B3, 0xE5F6, 0xF635, 0xFCA6, 0xF425, 0xFC87, 0xFDAD,
    0xFD6B, 0xF52A, 0xF509, 0xF4C8, 0xECA7, 0xE487, 0xE466, 0xE446, 0xE445, 0xE425, 0xDC04, 0xDBE4,
    0xDBE4, 0xDBE4, 0xDBE4, 0xDBE3, 0xDBE3, 0xDBC3, 0xDBC3, 0xDBC3, 0xDBE3, 0xE3E3, 0xE3E3, 0xE3E3,
    0xE403, 0xEC03, 0xEC23, 0xF3E1, 0xFDAE, 0xFED8, 0xF5F2, 0xF5F2, 0xF5D1, 0xF5B1, 0xF5B0, 0xF5B0,
    0xF5B0, 0xF5D0, 0xF5D0, 0xFDF0, 0xFDF0, 0xFE11, 0xFE53, 0xFEB5, 0xFEB4, 0xFE31, 0xFD8C, 0xF4A6,
    0xF423, 0xF3E1, 0xF3C0, 0xF3C0, 0xEBC0, 0xEBC1, 0xEBC1, 0xEBC1, 0xEBC1, 0xEBC1, 0xEBA1, 0xEBA1,
    0xEBA1, 0xEBA1, 0xEBA1, 0xEBA1, 0xEBA1, 0xEBA1, 0xEBA1, 0xEBA1, 0xEBA0, 0xEB80, 0xEB80, 0xEB80,
    0xF380, 0xF3A0, 0xF403, 0xFCC8, 0xFDCE, 0xFE72, 0xFE93, 0xFE71, 0xFE0F, 0xFDCD, 0xFDCD, 0xFDCD,
    0xFDAC, 0xFD8B, 0xFD6A, 0xF54A, 0xF529, 0xF509, 0xF4E8, 0xECC8, 0xECC8, 0xECA8, 0xECA8, 0xEC87,
    0xE488, 0xE488, 0xE488, 0xE468, 0xE488, 0xE468, 0xE468, 0xE468, 0xE469, 0xE469, 0xE46A, 0xE48A,
    0xE48B, 0xE4AB, 0xE4AB, 0xE4AC, 0xE4CC, 0xECED, 0xECED, 0xED0E, 0xED0E, 0xF4EE, 0xF50E, 0xF56F,
    0xFDD1, 0xFE13, 0xFE13, 0xFDF2, 0xF5B1, 0xF54E, 0xECCC, 0xEC6A, 0xE429, 0xE3E8, 0xE3C7, 0xE3E8,
    0xE409, 0xE44A, 0xECAC, 0xECED, 0xF570, 0xF5D2, 0xFE34, 0xFE55, 0xFE35, 0xF5F3, 0xF591, 0xED50,
    0xED51, 0xED71, 0xED72, 0xED72, 0xE571, 0xE571, 0xE551, 0xE530, 0xE530, 0xE530, 0xED50, 0xED50,
    0xF570, 0xFDB1, 0xFE95, 0xDB46, 0xC220, 0xBA42, 0xBA41, 0xBA22, 0xBA22, 0xB222, 0xB222, 0xB222,
    0xB242, 0xBA42, 0xBA42, 0xBA42, 0xBA63, 0xBA63, 0xBA83, 0xBAA3, 0xBAA4, 0xBAC4, 0xBAC4, 0xC305,
    0xC326, 0xCB47, 0xCB67, 0xD3C8, 0xE44A, 0xDBA7, 0xDB44, 0xEBC6, 0xEDD4, 0xE593, 0xDD52, 0xDD31,
    0xDD10, 0xDD0F, 0xDD0F, 0xDD2E, 0xDD2E, 0xE52E, 0xE54E, 0xE56E, 0xED8F, 0xEDAF, 0xF5CF, 0xF5D0,
    0xF5F0, 0xFDF1, 0xFE11, 0xFE32, 0xFE73, 0xFE52, 0xFE0F, 0x3963, 0x0000, 0x0000, 0x0000, 0x0000,
    0x0000, 0x0000, 0x0000, 0x0000, 0x6266, 0xFE50, 0xF673, 0xFEB5, 0xFE74, 0xF653, 0xF612, 0xF5F1,
    0xF5F1, 0xEDD1, 0xEDB0, 0xE590, 0xE570, 0xDD70, 0xDD70, 0xDD50, 0xD550, 0xD550, 0xD551, 0xDD51,
    0xDD72, 0xE5B3, 0xEE37, 0xF5D0, 0xFC65, 0xF425, 0xFD09, 0xFD8C, 0xFD4A, 0xF509, 0xF4C8, 0xECA7,
    0xEC87, 0xE466, 0xE446, 0xE425, 0xE425, 0xDC05, 0xDC04, 0xDBE4, 0xDBE4, 0xDBE4, 0xDBE3, 0xDBC3,
    0xDBC3, 0xDBC3, 0xDBC3, 0xDBC3, 0xDBC3, 0xE3C3, 0xE3C3, 0xE3E3, 0xE403, 0xEC03, 0xEBC0, 0xF54B,
    0xFEF8, 0xF5F2, 0xF5F2, 0xF5D1, 0xF5B0, 0xF5B0, 0xF5B0, 0xF5D0, 0xF5D0, 0xF5F0, 0xFDF1, 0xFE32,
    0xFEB5, 0xFED5, 0xFE31, 0xFD4A, 0xF464, 0xF3E1, 0xF3C0, 0xEBC0, 0xEBC1, 0xEBC2, 0xEBC2, 0xEBC2,
    0xEBA1, 0xEBA1, 0xE3A1, 0xE381, 0xE381, 0xE381, 0xE381, 0xE381, 0xE361, 0xE361, 0xE361, 0xE361,
    0xE361, 0xE361, 0xE361, 0xE361, 0xE360, 0xE381, 0xE381, 0xE381, 0xEBA1, 0xEB81, 0xEB80, 0xEB60,
    0xF360, 0xF3C1, 0xF486, 0xFD8D, 0xFE51, 0xFE92, 0xFE51, 0xFDEE, 0xFDCD, 0xFDCD, 0xFDAC, 0xFD8B,
    0xFD4A, 0xF52A, 0xF509, 0xF4E8, 0xECE8, 0xECC8, 0xECA8, 0xECA8, 0xE487, 0xE488, 0xE488, 0xE468,
    0xE468, 0xE468, 0xE468, 0xE468, 0xE468, 0xE469, 0xE469, 0xE46A, 0xE46A, 0xE48A, 0xE48B, 0xE48B,
    0xE4AB, 0xE4AC, 0xE4CC, 0xE4CD, 0xECCD, 0xECED, 0xECED, 0xED0D, 0xED0D, 0xED0D, 0xF50E, 0xF54E,
    0xF570, 0xF5B1, 0xF5F2, 0xFDF3, 0xFE13, 0xFE13, 0xFE13, 0xFE14, 0xFE34, 0xFE34, 0xFE14, 0xFDF3,
    0xF5B2, 0xF591, 0xED70, 0xED50, 0xED50, 0xED51, 0xED71, 0xED71, 0xE551, 0xE551, 0xE551, 0xE551,
    0xE531, 0xE530, 0xE530, 0xE530, 0xE52F, 0xED2F, 0xED50, 0xF570, 0xF590, 0xFE75, 0xEC8B, 0xC200,
    0xBA61, 0xBA41, 0xBA21, 0xB221, 0xB221, 0xB221, 0xB222, 0xB222, 0xB222, 0xBA42, 0xBA42, 0xBA42,
    0xBA63, 0xBA63, 0xBA83, 0xBA83, 0xBAA4, 0xBAA4, 0xC2C4, 0xC2E5, 0xC305, 0xCB46, 0xCB67, 0xD3A8,
    0xDC0A, 0xDBE9, 0xDB44, 0xE384, 0xF550, 0xE5D5, 0xDD52, 0xDD31, 0xDD30, 0xDD0F, 0xDD0F, 0xDD0E,
    0xDD2E, 0xE52E, 0xE54E, 0xE56E, 0xED8F, 0xED8F, 0xF5AF, 0xF5D0, 0xF5F0, 0xFDF1, 0xFE11, 0xFE32,
    0xFE73, 0xF653, 0xFE50, 0x7AE7, 0x0000, 0x0000, 0x0000, 0x0000, 0x0000, 0x0000, 0x0000, 0x0000,
    0xA40A, 0xFE71, 0xF6B5, 0xFE95, 0xFE53, 0xF632, 0xF612, 0xF5F1, 0xF5F1, 0xEDD1, 0xEDB0, 0xE590,
    0xE590, 0xDD70, 0xDD70, 0xDD50, 0xD550, 0xD550, 0xD551, 0xDD72, 0xDD93, 0xE5B3, 0xEE57, 0xFD4B,
    0xFC45, 0xF425, 0xFD6B, 0xFD6C, 0xF52A, 0xF4E9, 0xECA8, 0xEC87, 0xE466, 0xE446, 0xE425, 0xDC25,
    0xDC05, 0xDC04, 0xDBE4, 0xDBC4, 0xDBC4, 0xDBC4, 0xDBC3, 0xDBC3, 0xDBC3, 0xDBC3, 0xDBC3, 0xDBC3,
    0xDBC3, 0xDBC3, 0xE3C3, 0xE3E3, 0xE3E3, 0xEBA1, 0xF4A8, 0xFED8, 0xFE13, 0xF5F2, 0xF5D1, 0xF5B0,
    0xF590, 0xF5B0, 0xF5D0, 0xF5D0, 0xFDF1, 0xFE53, 0xFEB5, 0xFE94, 0xFDAD, 0xFC85, 0xF3C0, 0xF3A0,
    0xF3C1, 0xEBC1, 0xEBC2, 0xEBC2, 0xE3A1, 0xE3A1, 0xE381, 0xE381, 0xE381, 0xE381, 0xE361, 0xE361,
    0xE361, 0xE361, 0xE361, 0xE361, 0xE361, 0xDB41, 0xE341, 0xDB41, 0xDB40, 0xDB41, 0xDB41, 0xDB41,
    0xDB41, 0xE361, 0xE361, 0xE361, 0xE361, 0xE361, 0xE361, 0xE381, 0xE381, 0xE380, 0xEB60, 0xEB60,
    0xF3C2, 0xF4A8, 0xFDEF, 0xFE93, 0xFE71, 0xFDEE, 0xFDCD, 0xFDCD, 0xFD8C, 0xFD6B, 0xF54A, 0xF529,
    0xF509, 0xF4E9, 0xECC8, 0xECA8, 0xECA8, 0xE487, 0xE488, 0xE488, 0xE468, 0xE468, 0xE468, 0xE468,
    0xE468, 0xE468, 0xE469, 0xE469, 0xE469, 0xE469, 0xE46A, 0xE48A, 0xE48A, 0xE4AB, 0xE4AB, 0xE4AB,
    0xE4AC, 0xE4CC, 0xE4CC, 0xE4CC, 0xE4ED, 0xE4ED, 0xECED, 0xED0E, 0xED0E, 0xECEE, 0xECEE, 0xED0E,
    0xED0E, 0xED0E, 0xED0F, 0xED0F, 0xED0E, 0xED0F, 0xED0F, 0xED30, 0xE530, 0xE530, 0xE530, 0xE551,
    0xED51, 0xE551, 0xE551, 0xE551, 0xE531, 0xE530, 0xE530, 0xE510, 0xE50F, 0xE50F, 0xE50F, 0xE50F,
    0xE52F, 0xED2F, 0xF570, 0xF590, 0xFE33, 0xF54F, 0xCA20, 0xC261, 0xBA41, 0xBA21, 0xBA21, 0xB221,
    0xB221, 0xB221, 0xB221, 0xB222, 0xB222, 0xB242, 0xB242, 0xBA42, 0xBA62, 0xBA63, 0xBA83, 0xBA83,
    0xBAA3, 0xBAA4, 0xBAC4, 0xC2E5, 0xC305, 0xCB26, 0xCB47, 0xD387, 0xDBC9, 0xE42A, 0xDB65, 0xE364,
    0xF4AC, 0xEDF6, 0xDD52, 0xDD51, 0xDD30, 0xDD0F, 0xDD0F, 0xDD0E, 0xDD2E, 0xE52E, 0xE54E, 0xE56E,
    0xED6E, 0xED8F, 0xF5AF, 0xF5D0, 0xF5F0, 0xFDF0, 0xFE11, 0xFE32, 0xFE53, 0xF694, 0xFE51, 0xB44B,
    0x0000, 0x0000, 0x0000, 0x0000, 0x0000, 0x0000, 0x0000, 0x0840, 0xDD4E, 0xFE52, 0xFEB5, 0xFE74,
    0xF653, 0xF632, 0xF612, 0xF5F1, 0xEDF1, 0xEDD1, 0xEDB1, 0xE590, 0xE570, 0xDD70, 0xDD50, 0xDD50,
    0xD550, 0xD550, 0xD551, 0xDD72, 0xDD93, 0xE5D5, 0xF636, 0xFCC7, 0xF425, 0xF467, 0xFD8C, 0xFD4B,
    0xF509, 0xF4C8, 0xECA7, 0xEC67, 0xE446, 0xE425, 0xE405, 0xDC05, 0xDC04, 0xDBE4, 0xDBC4, 0xDBC4,
    0xDBC4, 0xDBC3, 0xDBA3, 0xDBA3, 0xDBA3, 0xDBC3, 0xDBC3, 0xDBC3, 0xDBC3, 0xDBA3, 0xE3C2, 0xE3E3,
    0xEBC2, 0xF425, 0xFED7, 0xFE34, 0xF5F2, 0xF5D1, 0xF5B0, 0xF5B0, 0xF5D0, 0xF5D1, 0xFDF1, 0xFE53,
    0xFED6, 0xFE72, 0xFD29, 0xF422, 0xF3C0, 0xEBC1, 0xEBC2, 0xEBC2, 0xEBA2, 0xE3A1, 0xE3A1, 0xE381,
    0xE381, 0xE381, 0xDB61, 0xDB61, 0xDB61, 0xDB61, 0xDB61, 0xDB61, 0xDB61, 0xDB61, 0xDB41, 0xDB41,
    0xDB41, 0xDB41, 0xDB41, 0xDB41, 0xDB20, 0xDB21, 0xDB41, 0xDB41, 0xDB41, 0xDB41, 0xDB41, 0xDB41,
    0xDB41, 0xDB41, 0xDB40, 0xDB40, 0xE341, 0xE341, 0xE361, 0xE361, 0xE360, 0xEB40, 0xEB40, 0xF425,
    0xFD8D, 0xFE93, 0xFE71, 0xFDEE, 0xFDCD, 0xFDAD, 0xFD8C, 0xFD6B, 0xF54A, 0xF529, 0xF4E9, 0xECE8,
    0xECC8, 0xECA8, 0xECA8, 0xECA8, 0xE488, 0xE488, 0xE488, 0xE468, 0xE468, 0xE468, 0xE468, 0xDC68,
    0xDC49, 0xDC49, 0xDC49, 0xDC69, 0xDC6A, 0xE46A, 0xDC8A, 0xDC8B, 0xDC8B, 0xDC8B, 0xDC8B, 0xE4AC,
    0xE4AC, 0xE4AC, 0xE4CC, 0xE4CD, 0xE4ED, 0xE4EE, 0xE4EE, 0xE4EE, 0xE50E, 0xE50F, 0xE50F, 0xE50F,
    0xE50F, 0xE50F, 0xE52F, 0xE530, 0xE530, 0xE510, 0xE510, 0xE510, 0xE510, 0xE510, 0xE510, 0xE510,
    0xDD10, 0xDD0F, 0xDCEF, 0xDCEF, 0xE4EE, 0xE4EE, 0xE50E, 0xE50E, 0xED2F, 0xED4F, 0xF590, 0xFE13,
    0xF5F2, 0xD282, 0xC240, 0xBA41, 0xBA21, 0xBA21, 0xB221, 0xB221, 0xB221, 0xB221, 0xB221, 0xB222,
    0xB222, 0xB242, 0xB242, 0xBA42, 0xBA62, 0xBA62, 0xBA63, 0xBA83, 0xBAA3, 0xBAA4, 0xBAC4, 0xC2E5,
    0xC305, 0xC326, 0xCB46, 0xD387, 0xD3A8, 0xE42A, 0xDB66, 0xDB24, 0xEBE7, 0xEDD5, 0xDD73, 0xDD52,
    0xDD31, 0xDD10, 0xDD0F, 0xDD0E, 0xDD0E, 0xDD2E, 0xE54E, 0xE56E, 0xED6E, 0xED8F, 0xEDAF, 0xF5D0,
    0xF5F0, 0xFDF0, 0xFE11, 0xFE32, 0xFE52, 0xFE93, 0xFE51, 0xE56D, 0x1061, 0x0000, 0x0000, 0x0000,
    0x0000, 0x0000, 0x0000, 0x3143, 0xFE10, 0xF652, 0xFEB5, 0xFE73, 0xF653, 0xF632, 0xF5F2, 0xF5F1,
    0xEDF1, 0xEDD1, 0xEDB0, 0xE590, 0xE570, 0xDD50, 0xDD50, 0xDD50, 0xD530, 0xD550, 0xD551, 0xDD72,
    0xDDB3, 0xEE17, 0xF612, 0xFC45, 0xF405, 0xFCC9, 0xFD6C, 0xF52A, 0xF4E9, 0xECA8, 0xEC87, 0xE467,
    0xE426, 0xE405, 0xDBE5, 0xDBE4, 0xDBE4, 0xDBC4, 0xDBC4, 0xDBC4, 0xDBC3, 0xDBA3, 0xDBA3, 0xDBA3,
    0xDBA3, 0xDBA3, 0xDBA3, 0xDBC3, 0xDBA3, 0xE3A2, 0xE3C2, 0xE3E2, 0xF3C2, 0xFE54, 0xFE75, 0xF5F2,
    0xF5F2, 0xF5B1, 0xF5D1, 0xF5F1, 0xFDD1, 0xFE33, 0xFEB6, 0xFE53, 0xFD09, 0xF3E1, 0xEBA0, 0xEBC1,
    0xEBC2, 0xE3C2, 0xE3A1, 0xE3A1, 0xE381, 0xE381, 0xE381, 0xE381, 0xDB61, 0xDB61, 0xDB61, 0xDB61,
    0xDB61, 0xDB41, 0xDB41, 0xDB41, 0xDB41, 0xDB41, 0xDB41, 0xDB41, 0xDB41, 0xDB41, 0xDB21, 0xDB21,
    0xDB21, 0xDB21, 0xDB21, 0xDB21, 0xDB21, 0xDB21, 0xDB21, 0xDB41, 0xDB41, 0xDB21, 0xDB20, 0xDB21,
    0xDB21, 0xDB21, 0xDB40, 0xDB40, 0xE340, 0xE341, 0xE360, 0xE340, 0xEB20, 0xF404, 0xFD8D, 0xFE93,
    0xFE71, 0xFDEE, 0xFDCD, 0xFDAD, 0xFD8C, 0xF54B, 0xF52A, 0xF50A, 0xF4E9, 0xECC8, 0xECC8, 0xECA8,
    0xECA8, 0xECA8, 0xEC88, 0xE488, 0xE468, 0xE468, 0xE468, 0xDC48, 0xDC48, 0xDC49, 0xDC49, 0xE449,
    0xE449, 0xDC4A, 0xDC6A, 0xDC6A, 0xDC6A, 0xDC6A, 0xDC6B, 0xDC8B, 0xDC8B, 0xDC8B, 0xE4AC, 0xE4AC,
    0xE4AD, 0xE4AD, 0xDCAD, 0xE4CD, 0xE4AE, 0xE4CE, 0xE4CE, 0xE4CE, 0xE4CE, 0xE4CF, 0xE4EF, 0xE4EF,
    0xE4EF, 0xDCEF, 0xDCEF, 0xDCEF, 0xDCEF, 0xDCEF, 0xDCEF, 0xDCCE, 0xDCCE, 0xDCCE, 0xDCCE, 0xDCEE,
    0xE4EE, 0xE4EE, 0xE50E, 0xED2E, 0xF54F, 0xF590, 0xFDF2, 0xFE33, 0xDAE4, 0xC220, 0xBA41, 0xBA21,
    0xBA21, 0xB221, 0xB201, 0xB201, 0xB221, 0xB221, 0xB221, 0xB222, 0xB222, 0xB242, 0xB242, 0xBA42,
    0xBA42, 0xBA62, 0xBA63, 0xBA83, 0xBAA3, 0xBAA4, 0xBAC4, 0xC2E4, 0xC2E5, 0xC305, 0xCB46, 0xCB67,
    0xD3A7, 0xDBE9, 0xDBA7, 0xDB24, 0xEB84, 0xED72, 0xE5B4, 0xDD52, 0xDD31, 0xDD10, 0xDD0F, 0xDD0E,
    0xDD0E, 0xDD2E, 0xE54E, 0xE54E, 0xED6E, 0xED8F, 0xEDAF, 0xF5D0, 0xF5F0, 0xFDF0, 0xFE11, 0xFE31,
    0xFE52, 0xFE73, 0xF652, 0xFE0F, 0x49C4, 0x0000, 0x0000, 0x0000, 0x0000, 0x0000, 0x0000, 0x6AA7,
    0xFE70, 0xF673, 0xFE94, 0xF653, 0xF633, 0xF612, 0xF5F2, 0xF5F1, 0xEDD1, 0xEDD0, 0xE5B0, 0xE590,
    0xE570, 0xDD50, 0xDD50, 0xDD50, 0xD550, 0xD551, 0xD551, 0xDD92, 0xE5B3, 0xEE57, 0xFD6D, 0xF404,
    0xF405, 0xFD2A, 0xFD6B, 0xF509, 0xF4C8, 0xEC87, 0xE467, 0xE446, 0xE425, 0xE405, 0xE405, 0xDBE4,
    0xDBC4, 0xDBC4, 0xDBC4, 0xDBC3, 0xDBA3, 0xDBA3, 0xDBA3, 0xDBA3, 0xDBA3, 0xDBA3, 0xDBA3, 0xDBA3,
    0xDBA3, 0xE3A2, 0xE3C3, 0xEB80, 0xF5AF, 0xFE96, 0xF5F2, 0xF5F2, 0xF5D1, 0xF5D1, 0xF5D1, 0xFDF2,
    0xFEB6, 0xFEB5, 0xFD4A, 0xF3E1, 0xF3A0, 0xEBC2, 0xE3C2, 0xE3A2, 0xE3A2, 0xE382, 0xE381, 0xE361,
    0xDB61, 0xDB61, 0xDB61, 0xDB61, 0xDB61, 0xDB61, 0xDB61, 0xDB41, 0xDB41, 0xDB41, 0xDB41, 0xDB41,
    0xDB41, 0xDB21, 0xDB21, 0xDB21, 0xDB21, 0xDB21, 0xDB21, 0xDB21, 0xDB21, 0xDB21, 0xDB21, 0xDB21,
    0xDB21, 0xD321, 0xDB21, 0xDB21, 0xDB21, 0xDB01, 0xD301, 0xDB00, 0xDB21, 0xDB21, 0xDB21, 0xDB20,
    0xDB00, 0xDB20, 0xDB20, 0xDB40, 0xE361, 0xE340, 0xEB40, 0xF404, 0xFD8D, 0xFE92, 0xFE50, 0xFDEE,
    0xFDCD, 0xFD8C, 0xFD6B, 0xF54A, 0xF52A, 0xF4E9, 0xF4E9, 0xECC9, 0xECC8, 0xECC8, 0xECA8, 0xEC88,
    0xE488, 0xE468, 0xE468, 0xE448, 0xE448, 0xDC48, 0xDC49, 0xE449, 0xDC49, 0xDC49, 0xDC4A, 0xDC6A,
    0xDC6A, 0xDC6A, 0xDC6A, 0xDC6A, 0xDC6A, 0xDC6A, 0xDC6B, 0xDC8B, 0xDC8C, 0xDC8C, 0xDC8C, 0xDCAC,
    0xDC8D, 0xDC8D, 0xDCAD, 0xDCAD, 0xDCAE, 0xDCAE, 0xDCAE, 0xDCCE, 0xDCCE, 0xDCCE, 0xDCCE, 0xDCCE,
    0xDCCE, 0xDCCE, 0xDCCE, 0xDCCE, 0xDCCE, 0xDCCD, 0xDCCE, 0xE4EE, 0xE4EE, 0xE4EE, 0xED2E, 0xF54F,
    0xF570, 0xFDF1, 0xFE74, 0xE345, 0xCA20, 0xC261, 0xBA21, 0xBA21, 0xBA21, 0xB221, 0xB201, 0xB201,
    0xB201, 0xB221, 0xB221, 0xB221, 0xB222, 0xB222, 0xB242, 0xBA42, 0xBA62, 0xBA62, 0xBA63, 0xBA83,
    0xBA83, 0xBAA4, 0xBAC4, 0xC2C4, 0xC2E5, 0xC305, 0xCB26, 0xCB46, 0xD387, 0xDBC8, 0xE3E8, 0xDB24,
    0xE364, 0xF4EE, 0xE5D5, 0xDD52, 0xDD31, 0xDD10, 0xDD0F, 0xDD0F, 0xDD2E, 0xDD2E, 0xE52E, 0xE54E,
    0xE56E, 0xED8F, 0xED8F, 0xF5AF, 0xF5D0, 0xF5F0, 0xFE11, 0xFE11, 0xFE32, 0xFE53, 0xF653, 0xFE50,
    0x7B07, 0x0000, 0x0000, 0x0000, 0x0000, 0x0000, 0x0000, 0xA40A, 0xFE71, 0xF695, 0xFE74, 0xFE53,
    0xF633, 0xF612, 0xF5F1, 0xF5F1, 0xEDD0, 0xEDB0, 0xE590, 0xE590, 0xDD70, 0xDD50, 0xDD50, 0xD550,
    0xD550, 0xD551, 0xDD51, 0xDD92, 0xE5B4, 0xEE56, 0xFCE8, 0xF404, 0xF425, 0xFD4B, 0xFD2B, 0xF4E9,
    0xECA8, 0xEC67, 0xE446, 0xE426, 0xE425, 0xDC05, 0xDC05, 0xDBE4, 0xDBC4, 0xDBC4, 0xDBC4, 0xDBA3,
    0xDBA3, 0xDBA3, 0xDBA3, 0xDB83, 0xDBA3, 0xDBA3, 0xDBA3, 0xDBA3, 0xDBA3, 0xE3C3, 0xE381, 0xF488,
    0xFEB7, 0xF5D2, 0xF5F2, 0xF5D1, 0xF5D1, 0xFDD1, 0xFE53, 0xFEB5, 0xFDAD, 0xF422, 0xF3A0, 0xEBC2,
    0xEBC2, 0xE3A1, 0xE381, 0xE382, 0xE381, 0xDB61, 0xDB61, 0xDB61, 0xDB41, 0xDB41, 0xDB41, 0xDB41,
    0xDB41, 0xDB41, 0xDB41, 0xDB41, 0xDB41, 0xDB21, 0xDB21, 0xDB21, 0xD321, 0xD321, 0xD321, 0xD321,
    0xD321, 0xDB21, 0xDB21, 0xD321, 0xD321, 0xD321, 0xD301, 0xD301, 0xD301, 0xD301, 0xD301, 0xD301,
    0xD301, 0xD301, 0xD300, 0xD300, 0xD301, 0xD300, 0xD301, 0xD300, 0xD300, 0xD300, 0xDB00, 0xDB20,
    0xDB40, 0xE341, 0xE361, 0xE340, 0xEB20, 0xF405, 0xFDCE, 0xFE92, 0xFE2F, 0xFDCD, 0xFDAD, 0xFD8C,
    0xF54B, 0xF52A, 0xF509, 0xF509, 0xF4E9, 0xECC9, 0xECC8, 0xECA8, 0xEC88, 0xE488, 0xE468, 0xE468,
    0xE468, 0xE448, 0xE468, 0xE449, 0xDC49, 0xDC49, 0xDC49, 0xDC69, 0xDC69, 0xDC69, 0xDC6A, 0xDC6A,
    0xDC4A, 0xDC4A, 0xDC6A, 0xDC6B, 0xDC6B, 0xDC6B, 0xDC6B, 0xDC8C, 0xDC8C, 0xDC8C, 0xDC8C, 0xDC8C,
    0xDC8D, 0xDC8D, 0xDC8D, 0xDC8D, 0xDCAD, 0xDCAD, 0xDCAD, 0xDCAD, 0xDCAD, 0xDCAD, 0xDCAD, 0xDCAD,
    0xDCAD, 0xDCCD, 0xE4ED, 0xE4EE, 0xED0E, 0xED0E, 0xF54F, 0xF590, 0xFDF2, 0xFE74, 0xE386, 0xCA40,
    0xC261, 0xBA41, 0xBA21, 0xBA21, 0xBA21, 0xB201, 0xB201, 0xB201, 0xB201, 0xB221, 0xB221, 0xB221,
    0xB222, 0xB222, 0xB222, 0xBA42, 0xBA62, 0xBA62, 0xBA62, 0xBA83, 0xBA83, 0xBAA3, 0xBAC4, 0xC2C4,
    0xC2E4, 0xC305, 0xC325, 0xCB46, 0xD367, 0xD3A8, 0xE409, 0xDB65, 0xE344, 0xF449, 0xEDF5, 0xDD52,
    0xDD31, 0xDD30, 0xDD0F, 0xDD0F, 0xDD2F, 0xDD2E, 0xDD2E, 0xE54E, 0xE54E, 0xED6E, 0xED8F, 0xF5AF,
    0xF5D0, 0xF5F0, 0xFDF0, 0xFE11, 0xFE32, 0xFE53, 0xF673, 0xFE50, 0xB42A, 0x0000, 0x0000, 0x0000,
    0x0000, 0x0000, 0x0020, 0xD52D, 0xFE51, 0xF695, 0xFE73, 0xF653, 0xF632, 0xF612, 0xF5F1, 0xEDD1,
    0xEDD0, 0xEDB0, 0xE590, 0xE590, 0xDD70, 0xDD50, 0xDD50, 0xD550, 0xD551, 0xD551, 0xDD72, 0xDD93,
    0xE5F5, 0xF635, 0xFC86, 0xF3E4, 0xF467, 0xFD4B, 0xFD0A, 0xF4E9, 0xECA7, 0xEC67, 0xE446, 0xE426,
    0xE425, 0xDC05, 0xDBE4, 0xDBC4, 0xDBC4, 0xDBA4, 0xD3A3, 0xD3A3, 0xD3A3, 0xD3A3, 0xD383, 0xDB83,
    0xDB83, 0xDB82, 0xDB83, 0xDBA2, 0xDBA3, 0xE3A2, 0xEBC3, 0xFE96, 0xFE13, 0xF5D1, 0xF5D1, 0xF5D1,
    0xFDF1, 0xFEB6, 0xFE52, 0xF465, 0xF3A0, 0xEBA1, 0xE3A2, 0xE381, 0xE381, 0xE381, 0xDB61, 0xDB61,
    0xDB61, 0xDB41, 0xDB41, 0xDB41, 0xDB41, 0xDB41, 0xDB21, 0xD321, 0xDB41, 0xDB41, 0xDB41, 0xD321,
    0xD321, 0xD321, 0xD321, 0xD321, 0xD321, 0xD321, 0xD321, 0xD321, 0xD321, 0xD321, 0xD321, 0xD321,
    0xD321, 0xD301, 0xD301, 0xD301, 0xD301, 0xD301, 0xD301, 0xD301, 0xD301, 0xD2E1, 0xD2E1, 0xD301,
    0xD301, 0xD301, 0xD301, 0xD301, 0xD2E0, 0xD2E0, 0xD300, 0xD300, 0xDB01, 0xDB20, 0xDB20, 0xDB40,
    0xE340, 0xE320, 0xEB20, 0xF467, 0xFE31, 0xFE92, 0xFDEF, 0xFDAD, 0xFDAD, 0xFD8C, 0xFD6B, 0xFD4A,
    0xF52A, 0xF509, 0xF4E9, 0xECC9, 0xECA8, 0xECA8, 0xEC88, 0xE488, 0xE468, 0xE468, 0xE468, 0xE468,
    0xE449, 0xE468, 0xE469, 0xDC49, 0xDC49, 0xDC49, 0xDC49, 0xDC49, 0xDC49, 0xDC49, 0xDC4A, 0xDC6A,
    0xDC6A, 0xDC6A, 0xDC6B, 0xDC6B, 0xDC6B, 0xDC6B, 0xDC6B, 0xDC8C, 0xDC8C, 0xDC6C, 0xDC6C, 0xDC8C,
    0xDC8C, 0xDC8C, 0xDC8C, 0xDC8C, 0xDCAD, 0xDCAD, 0xDCAD, 0xDCCD, 0xDCCD, 0xE4CD, 0xE4ED, 0xED0E,
    0xED2E, 0xF54F, 0xFD90, 0xFE12, 0xFE54, 0xE365, 0xCA20, 0xC261, 0xBA41, 0xBA21, 0xBA21, 0xBA21,
    0xB221, 0xB201, 0xB201, 0xB201, 0xB201, 0xB201, 0xB201, 0xB221, 0xB221, 0xB222, 0xBA22, 0xBA42,
    0xBA42, 0xBA62, 0xBA62, 0xBA83, 0xBA83, 0xBAA3, 0xBAC4, 0xC2C4, 0xC2E4, 0xC2E5, 0xC305, 0xCB46,
    0xCB67, 0xD387, 0xDC09, 0xDBA6, 0xDB44, 0xEBC6, 0xEDB4, 0xE573, 0xDD51, 0xD510, 0xDD10, 0xDD0F,
    0xDD2F, 0xDD2E, 0xDD2E, 0xE54E, 0xE54E, 0xED6E, 0xED8E, 0xF5AF, 0xF5CF, 0xF5F0, 0xFDF0, 0xFE11,
    0xFE32, 0xFE52, 0xFE93, 0xFE31, 0xDD2C, 0x0840, 0x0000, 0x0000, 0x0000, 0x0000, 0x20E2, 0xF5EF,
    0xFE32, 0xFE94, 0xFE53, 0xF653, 0xF632, 0xF5F2, 0xF5F1, 0xEDD0, 0xEDB0, 0xE5B0, 0xE590, 0xE570,
    0xDD70, 0xDD50, 0xDD50, 0xD550, 0xD551, 0xD551, 0xDD72, 0xDD93, 0xEE16, 0xF5F2, 0xFC65, 0xF3E5,
    0xFCC8, 0xFD4B, 0xF509, 0xF4C8, 0xEC87, 0xE467, 0xE446, 0xE426, 0xDC25, 0xDBE5, 0xDBC4, 0xDBC4,
    0xD3A4, 0xD3A4, 0xD3A3, 0xD3A3, 0xD383, 0xD383, 0xD383, 0xD383, 0xDB83, 0xDB82, 0xDB82, 0xDB82,
    0xDBA3, 0xE361, 0xF5B0, 0xFE96, 0xF5D1, 0xF5F1, 0xFDD1, 0xFE33, 0xFED6, 0xFD8D, 0xF3C1, 0xEBA1,
    0xEBC2, 0xE3A1, 0xE381, 0xDB61, 0xDB61, 0xDB61, 0xDB61, 0xDB41, 0xDB41, 0xDB41, 0xDB41, 0xDB41,
    0xD341, 0xD341, 0xD321, 0xD321, 0xD321, 0xDB41, 0xD321, 0xD321, 0xD321, 0xD321, 0xD321, 0xD321,
    0xD321, 0xD321, 0xD301, 0xD301, 0xD301, 0xD321, 0xD321, 0xD321, 0xD301, 0xD301, 0xD301, 0xD301,
    0xD301, 0xD301, 0xD301, 0xD301, 0xD301, 0xD2E1, 0xD2E1, 0xD301, 0xD301, 0xD301, 0xD301, 0xD2E1,
    0xD2E1, 0xD2E1, 0xD301, 0xD300, 0xD300, 0xD301, 0xDB00, 0xDB00, 0xDB20, 0xDB20, 0xE340, 0xE300,
    0xF361, 0xFD0A, 0xFE72, 0xFE71, 0xFDEE, 0xFDAD, 0xFDAD, 0xFD8C, 0xFD6B, 0xF54A, 0xF50A, 0xF4E9,
    0xECC9, 0xECC9, 0xECA9, 0xECA8, 0xE488, 0xE488, 0xE468, 0xE468, 0xE468, 0xE468, 0xE468, 0xE449,
    0xDC49, 0xDC49, 0xDC49, 0xDC49, 0xDC49, 0xDC49, 0xDC49, 0xDC49, 0xDC4A, 0xDC4A, 0xDC6A, 0xDC6A,
    0xDC6A, 0xDC6B, 0xDC6B, 0xDC6B, 0xDC6B, 0xDC6C, 0xDC6C, 0xDC6B, 0xDC8B, 0xDC8C, 0xDC8C, 0xDC8C,
    0xDCAC, 0xDCAD, 0xE4CD, 0xE4CD, 0xE4ED, 0xE50D, 0xED2E, 0xF54E, 0xF56F, 0xFD8F, 0xFE33, 0xFE33,
    0xE324, 0xCA20, 0xC261, 0xBA41, 0xBA21, 0xBA21, 0xB201, 0xB201, 0xB201, 0xB201, 0xB201, 0xB201,
    0xB201, 0xB201, 0xB201, 0xB221, 0xB221, 0xBA22, 0xBA22, 0xBA42, 0xBA42, 0xBA62, 0xBA62, 0xBA63,
    0xBA83, 0xBAA3, 0xBAA3, 0xC2C4, 0xC2E4, 0xC2E5, 0xC305, 0xCB46, 0xD367, 0xD387, 0xDC09, 0xE3C7,
    0xDB44, 0xE364, 0xED51, 0xE5B4, 0xDD32, 0xDD31, 0xDD10, 0xDD0F, 0xDD2F, 0xDD2E, 0xDD2E, 0xE54E,
    0xE54E, 0xED6E, 0xED8F, 0xF5AF, 0xF5CF, 0xF5F0, 0xFDF0, 0xFE11, 0xFE31, 0xFE52, 0xFE93, 0xF631,
    0xFDCE, 0x3123, 0x0000, 0x0000, 0x0000, 0x0000, 0x5225, 0xFE50, 0xF653, 0xFE94, 0xF653, 0xF633,
    0xF612, 0xF5F2, 0xF5F1, 0xEDD0, 0xEDB0, 0xE590, 0xE590, 0xDD6F, 0xDD50, 0xDD50, 0xD550, 0xD550,
    0xD551, 0xD551, 0xDD72, 0xDD93, 0xEE37, 0xFD8D, 0xFC24, 0xF425, 0xFD0A, 0xFD2A, 0xF509, 0xF4A8,
    0xEC87, 0xE446, 0xE426, 0xE405, 0xDC05, 0xDBE5, 0xD3A4, 0xD3A4, 0xD3A4, 0xD3A3, 0xD3A3, 0xD383,
    0xD383, 0xD383, 0xD383, 0xD383, 0xDB83, 0xDB83, 0xDB82, 0xDBA3, 0xE381, 0xEC88, 0xFEF8, 0xFDF2,
    0xF5F2, 0xFDF1, 0xFE74, 0xFE94, 0xFCC7, 0xF380, 0xEBA1, 0xE3A2, 0xE382, 0xE381, 0xDB61, 0xDB61,
    0xDB41, 0xDB41, 0xDB41, 0xDB41, 0xDB41, 0xD341, 0xD341, 0xD341, 0xD341, 0xD341, 0xD321, 0xD321,
    0xD341, 0xD341, 0xD321, 0xD321, 0xD321, 0xD321, 0xD321, 0xD321, 0xD321, 0xD321, 0xD321, 0xD301,
    0xD301, 0xD321, 0xD321, 0xD321, 0xD301, 0xD301, 0xD301, 0xD301, 0xD301, 0xD301, 0xD301, 0xD301,
    0xD301, 0xD301, 0xD2E1, 0xD301, 0xD301, 0xD301, 0xD2E1, 0xD2E1, 0xD2E1, 0xD2E1, 0xD301, 0xD301,
    0xD2E1, 0xD2E1, 0xD300, 0xD300, 0xD300, 0xDB00, 0xDB00, 0xDB20, 0xE320, 0xEB00, 0xF3A3, 0xFD6D,
    0xFE92, 0xFE51, 0xFDCE, 0xFDCD, 0xFDAD, 0xFD6B, 0xF54B, 0xF52A, 0xF50A, 0xF4EA, 0xECE9, 0xECC9,
    0xECA9, 0xECA8, 0xE488, 0xE488, 0xE488, 0xE468, 0xE468, 0xE468, 0xE468, 0xE469, 0xE469, 0xDC49,
    0xDC49, 0xDC49, 0xDC49, 0xDC49, 0xDC49, 0xDC6A, 0xDC6A, 0xDC6A, 0xDC6A, 0xDC6A, 0xDC6B, 0xDC6B,
    0xDC6B, 0xDC6B, 0xDC6B, 0xDC6B, 0xDC8B, 0xDC8C, 0xDC8C, 0xDC8C, 0xDCAC, 0xE4CD, 0xE4ED, 0xE4ED,
    0xED0D, 0xED2E, 0xF54F, 0xF56F, 0xFDB0, 0xFE74, 0xF5B1, 0xDAC2, 0xCA40, 0xC261, 0xBA41, 0xBA21,
    0xBA21, 0xBA21, 0xB201, 0xB201, 0xB201, 0xB201, 0xB201, 0xB201, 0xB201, 0xB201, 0xB201, 0xB201,
    0xB221, 0xBA21, 0xBA22, 0xB222, 0xBA42, 0xBA42, 0xBA62, 0xBA63, 0xBA83, 0xBA83, 0xBAA3, 0xC2C4,
    0xC2C4, 0xC2E4, 0xC305, 0xCB26, 0xCB67, 0xD387, 0xDBE8, 0xE408, 0xDB44, 0xE363, 0xF4ED, 0xE5D5,
    0xDD52, 0xDD31, 0xDD10, 0xDD0F, 0xDD2F, 0xDD2E, 0xDD2E, 0xE54E, 0xE54E, 0xED6E, 0xED8F, 0xEDAF,
    0xF5CF, 0xF5F0, 0xF5F0, 0xFDF1, 0xFE11, 0xFE52, 0xFE73, 0xF652, 0xFE2F, 0x5A25, 0x0000, 0x0000,
    0x0000, 0x0000, 0x8349, 0xFE71, 0xF673, 0xFE94, 0xFE53, 0xF633, 0xF612, 0xF5F1, 0xF5F1, 0xEDD0,
    0xEDB0, 0xE590, 0xE590, 0xDD70, 0xDD50, 0xDD50, 0xD530, 0xD550, 0xD551, 0xD551, 0xDD72, 0xDD93,
    0xEE36, 0xFD09, 0xF404, 0xF446, 0xFD4B, 0xFD2A, 0xF4E9, 0xECA7, 0xEC67, 0xE446, 0xE426, 0xDC05,
    0xDBE5, 0xDBC4, 0xD3A4, 0xD3A4, 0xD3A3, 0xD383, 0xD383, 0xD383, 0xD383, 0xD383, 0xD383, 0xD383,
    0xD382, 0xDB82, 0xDB82, 0xDB82, 0xE361, 0xFE54, 0xFE75, 0xF5F2, 0xFDF1, 0xFEB6, 0xFE11, 0xF403,
    0xEB80, 0xEBA2, 0xE381, 0xE381, 0xDB61, 0xDB61, 0xDB61, 0xDB41, 0xDB41, 0xDB41, 0xDB41, 0xD341,
    0xD341, 0xD321, 0xD321, 0xD321, 0xD321, 0xD321, 0xD321, 0xD321, 0xD321, 0xD321, 0xD321, 0xD321,
    0xD321, 0xD321, 0xD321, 0xD301, 0xD321, 0xD301, 0xD301, 0xD301, 0xD301, 0xD321, 0xD301, 0xD321,
    0xD301, 0xD301, 0xD301, 0xD301, 0xD301, 0xD301, 0xD301, 0xD301, 0xD301, 0xD301, 0xD301, 0xD301,
    0xD301, 0xD301, 0xD2E1, 0xD2E1, 0xD2E1, 0xD2E1, 0xD301, 0xD2E1, 0xD2E1, 0xD2E1, 0xD300, 0xD300,
    0xD300, 0xD2E0, 0xD2E0, 0xDAE0, 0xDB00, 0xDB20, 0xE300, 0xEB00, 0xF3E4, 0xFDAE, 0xFE72, 0xFE30,
    0xFDCD, 0xFDAD, 0xFD8C, 0xFD6C, 0xF54B, 0xF52B, 0xF52A, 0xF50A, 0xECE9, 0xECC9, 0xECC9, 0xECA9,
    0xECA9, 0xE489, 0xE488, 0xE488, 0xE489, 0xE489, 0xE489, 0xE469, 0xE469, 0xDC69, 0xDC69, 0xDC69,
    0xDC69, 0xDC6A, 0xDC6A, 0xDC6A, 0xDC6A, 0xDC6A, 0xDC6A, 0xDC6B, 0xDC8B, 0xDC8B, 0xDC8B, 0xDC8B,
    0xDC8B, 0xDCAC, 0xE4AC, 0xE4CC, 0xE4CC, 0xE4ED, 0xED0D, 0xED2E, 0xF54E, 0xF56F, 0xF58F, 0xFDF1,
    0xFE95, 0xECCC, 0xD280, 0xCA60, 0xC261, 0xBA41, 0xBA21, 0xBA21, 0xBA01, 0xB201, 0xB201, 0xB201,
    0xB201, 0xB201, 0xB201, 0xB201, 0xB201, 0xB201, 0xB201, 0xB201, 0xB221, 0xBA21, 0xBA22, 0xBA42,
    0xBA42, 0xBA42, 0xBA62, 0xBA62, 0xBA83, 0xBA83, 0xBAA3, 0xBAC4, 0xBAC4, 0xC2C4, 0xC2E5, 0xCB25,
    0xCB66, 0xD387, 0xDBC8, 0xE409, 0xDB45, 0xE344, 0xF48A, 0xEDF6, 0xDD72, 0xDD51, 0xDD30, 0xDD30,
    0xDD2F, 0xDD2E, 0xE54F, 0xE54E, 0xE54E, 0xE56E, 0xED8F, 0xEDAF, 0xF5AF, 0xF5D0, 0xF5F0, 0xFDF1,
    0xFE11, 0xFE32, 0xFE73, 0xF673, 0xFE50, 0x8B48, 0x0000, 0x0000, 0x0000, 0x0000, 0xB46B, 0xFE51,
    0xF694, 0xFE93, 0xFE53, 0xF632, 0xF612, 0xF5F1, 0xEDF1, 0xEDB0, 0xEDB0, 0xE590, 0xE590, 0xDD70,
    0xDD50, 0xDD50, 0xD530, 0xD550, 0xD551, 0xD552, 0xDD73, 0xE5D5, 0xF656, 0xFCA7, 0xF3E4, 0xFC87,
    0xFD4B, 0xFD09, 0xF4C8, 0xEC87, 0xEC47, 0xE426, 0xE425, 0xDC05, 0xDBE5, 0xDBC4, 0xD3A4, 0xD3A3,
    0xD383, 0xD383, 0xD383, 0xD363, 0xD363, 0xD363, 0xD383, 0xD383, 0xD382, 0xDB62, 0xDB82, 0xDB20,
    0xECAA, 0xFED7, 0xFDF2, 0xFE33, 0xFED6, 0xFD6D, 0xF3A0, 0xEBA1, 0xE3A2, 0xE381, 0xDB61, 0xDB61,
    0xDB61, 0xDB41, 0xDB41, 0xD341, 0xD321, 0xD321, 0xD321, 0xD321, 0xD321, 0xD321, 0xD321, 0xD321,
    0xD321, 0xD321, 0xD321, 0xD321, 0xD321, 0xD321, 0xD321, 0xD321, 0xD321, 0xD321, 0xD321, 0xD321,
    0xD321, 0xD321, 0xD321, 0xD321, 0xD301, 0xD301, 0xD321, 0xD321, 0xD321, 0xD321, 0xDB21, 0xD301,
    0xD301, 0xD301, 0xD301, 0xD301, 0xD301, 0xD301, 0xD301, 0xD301, 0xD301, 0xD301, 0xD2E1, 0xD2E1,
    0xD2E1, 0xD301, 0xD301, 0xD301, 0xD301, 0xD2E1, 0xD2E1, 0xD2E1, 0xD2E1, 0xD2E0, 0xD2E0, 0xD2E0,
    0xD2E0, 0xDAE0, 0xDB00, 0xDB20, 0xE300, 0xEB00, 0xF426, 0xFDF0, 0xFE92, 0xFE0F, 0xFDCE, 0xFDAD,
    0xFD8D, 0xFD6C, 0xFD6C, 0xF54B, 0xF52A, 0xF50A, 0xF4EA, 0xECC9, 0xECC9, 0xECA9, 0xECA9, 0xEC89,
    0xECA9, 0xECA9, 0xE489, 0xE469, 0xE469, 0xE469, 0xE469, 0xE46A, 0xE46A, 0xE469, 0xDC6A, 0xDC6A,
    0xDC6A, 0xDC6A, 0xE48A, 0xE48B, 0xE48B, 0xE48B, 0xE4AB, 0xE4AB, 0xE4AC, 0xE4CC, 0xE4CC, 0xECED,
    0xED0D, 0xED2D, 0xF52E, 0xF56F, 0xF58F, 0xFDD0, 0xFE54, 0xF612, 0xE3A6, 0xD240, 0xCA80, 0xC261,
    0xBA41, 0xBA21, 0xBA21, 0xBA21, 0xB201, 0xB201, 0xB201, 0xB201, 0xB201, 0xB201, 0xB201, 0xB201,
    0xB201, 0xB201, 0xB201, 0xB221, 0xB221, 0xB221, 0xBA21, 0xBA42, 0xBA42, 0xBA62, 0xBA62, 0xBA62,
    0xBA62, 0xBA83, 0xBAA3, 0xBAC3, 0xC2C4, 0xC2C4, 0xC2E4, 0xCB25, 0xCB66, 0xD387, 0xDBA8, 0xE409,
    0xDB66, 0xDB44, 0xEC07, 0xEDD5, 0xDD93, 0xDD52, 0xDD31, 0xDD30, 0xDD2F, 0xDD2F, 0xDD2F, 0xE54E,
    0xE54E, 0xE56E, 0xED8E, 0xED8F, 0xF5AF, 0xF5D0, 0xF5F0, 0xFDF1, 0xFE11, 0xFE32, 0xFE53, 0xF694,
    0xFE50, 0xBC8B, 0x0000, 0x0000, 0x0000, 0x0020, 0xD52D, 0xFE52, 0xF694, 0xFE73, 0xFE53, 0xF632,
    0xF612, 0xF5F1, 0xEDD1, 0xEDB0, 0xED90, 0xE590, 0xE570, 0xDD70, 0xDD50, 0xDD50, 0xD530, 0xD551,
    0xD551, 0xD552, 0xDD93, 0xE5F6, 0xF613, 0xFC45, 0xF3E4, 0xFCC8, 0xFD4B, 0xF4E9, 0xF4A8, 0xEC87,
    0xE446, 0xE426, 0xDC05, 0xDBE5, 0xDBC4, 0xDBA4, 0xD3A3, 0xD383, 0xD383, 0xD383, 0xD363, 0xD363,
    0xD363, 0xD363, 0xD383, 0xD382, 0xDB82, 0xDB62, 0xDB62, 0xDB42, 0xF655, 0xFE33, 0xFE33, 0xFEF8,
    0xF4EA, 0xEB40, 0xE382, 0xE382, 0xDB61, 0xDB41, 0xDB41, 0xDB41, 0xDB41, 0xD341, 0xD321, 0xD321,
    0xD321, 0xD321, 0xD321, 0xD321, 0xD321, 0xD321, 0xD321, 0xD321, 0xD321, 0xD321, 0xD321, 0xD321,
    0xD321, 0xD321, 0xD321, 0xD321, 0xD321, 0xD321, 0xD321, 0xD321, 0xD321, 0xD321, 0xD321, 0xD321,
    0xDB21, 0xDB21, 0xDB21, 0xDB21, 0xDB21, 0xDB21, 0xDB21, 0xDB21, 0xDB21, 0xDB01, 0xD301, 0xD301,
    0xDB01, 0xDB01, 0xD301, 0xD301, 0xD301, 0xD301, 0xD301, 0xD301, 0xD301, 0xD301, 0xD301, 0xD301,
    0xD2E1, 0xD2E1, 0xD2E1, 0xD2E1, 0xD2E1, 0xD2E1, 0xD2E1, 0xD2E0, 0xD2E0, 0xD2E0, 0xD2E0, 0xDAE0,
    0xDB00, 0xDB20, 0xE2E0, 0xEB00, 0xF467, 0xFDF0, 0xFE93, 0xFE30, 0xFDCE, 0xFDAD, 0xFDAD, 0xFD8C,
    0xFD6C, 0xF54B, 0xF52B, 0xF50A, 0xF4EA, 0xECEA, 0xECC9, 0xECC9, 0xECC9, 0xECCA, 0xECA9, 0xE489,
    0xE489, 0xE489, 0xE48A, 0xE48A, 0xE48A, 0xE48A, 0xE48A, 0xE48A, 0xE48A, 0xE48A, 0xE4AB, 0xE4AB,
    0xE4AB, 0xE4CB, 0xE4CC, 0xECEC, 0xECEC, 0xECED, 0xED0D, 0xED2D, 0xF54E, 0xF56E, 0xF56F, 0xFD8F,
    0xFE33, 0xFE74, 0xECEC, 0xDAA1, 0xCA60, 0xCA81, 0xC261, 0xBA41, 0xBA21, 0xBA21, 0xBA21, 0xBA21,
    0xB201, 0xB201, 0xB201, 0xB201, 0xB201, 0xB201, 0xB201, 0xB201, 0xB201, 0xB201, 0xB201, 0xB221,
    0xB221, 0xB221, 0xBA21, 0xBA42, 0xBA42, 0xBA42, 0xBA62, 0xBA62, 0xBA82, 0xBA83, 0xBAA3, 0xBAC3,
    0xC2C4, 0xC2E4, 0xC2E4, 0xCB25, 0xCB46, 0xD366, 0xD3A7, 0xDC09, 0xDBA7, 0xDB44, 0xEBC5, 0xED92,
    0xDD94, 0xDD52, 0xDD31, 0xDD30, 0xDD2F, 0xDD2F, 0xDD2F, 0xE54E, 0xE54E, 0xE56E, 0xED6E, 0xED8F,
    0xF5AF, 0xF5CF, 0xF5F0, 0xF5F0, 0xFE11, 0xFE32, 0xFE52, 0xF694, 0xFE31, 0xE54D, 0x0840, 0x0000,
    0x0000, 0x18A2, 0xEDAF, 0xFE52, 0xF6B4, 0xFE73, 0xFE33, 0xF612, 0xF5F2, 0xF5F1, 0xEDD1, 0xEDB0,
    0xED90, 0xE590, 0xE570, 0xDD4F, 0xDD50, 0xD550, 0xD530, 0xD551, 0xD551, 0xD552, 0xDD73, 0xE617,
    0xF5D0, 0xF404, 0xF3C4, 0xFCE9, 0xFD2A, 0xF4E9, 0xECA8, 0xEC67, 0xE446, 0xE425, 0xDC05, 0xDBE4,
    0xDBC4, 0xD3A4, 0xD3A4, 0xD383, 0xD383, 0xD363, 0xD363, 0xD363, 0xD363, 0xD363, 0xD362, 0xD362,
    0xD362, 0xDB82, 0xDB20, 0xEC8B, 0xFE95, 0xFE33, 0xFEF7, 0xF488, 0xEB40, 0xE382, 0xE361, 0xDB61,
    0xDB41, 0xDB41, 0xD341, 0xD321, 0xD321, 0xD321, 0xD321, 0xD321, 0xD321, 0xD321, 0xD321, 0xD321,
    0xD321, 0xD321, 0xD321, 0xD321, 0xD321, 0xD321, 0xD321, 0xD321, 0xD321, 0xD321, 0xD321, 0xD321,
    0xD321, 0xD321, 0xD321, 0xD321, 0xDB21, 0xDB21, 0xDB21, 0xDB21, 0xDB21, 0xDB21, 0xDB21, 0xDB21,
    0xDB41, 0xDB21, 0xDB21, 0xDB21, 0xDB21, 0xDB21, 0xDB21, 0xDB21, 0xDB21, 0xDB21, 0xDB00, 0xDB01,
    0xDB01, 0xDB01, 0xDB01, 0xD301, 0xD301, 0xD301, 0xD301, 0xD301, 0xD2E1, 0xD2E1, 0xD2E1, 0xD2E1,
    0xD2E1, 0xD2E1, 0xD2E0, 0xD2E1, 0xD2E0, 0xD2E0, 0xD2C0, 0xD2E0, 0xD2E0, 0xDAE0, 0xDB00, 0xDB20,
    0xE2E0, 0xEB00, 0xF468, 0xFDF0, 0xFEB3, 0xFE51, 0xFDCE, 0xFDAD, 0xFD8D, 0xFD8D, 0xFD6C, 0xF54C,
    0xF54B, 0xF52B, 0xF50B, 0xF50A, 0xF50A, 0xF4EA, 0xECEA, 0xECCA, 0xECCA, 0xECCA, 0xECAA, 0xECAA,
    0xECAB, 0xECAB, 0xECCA, 0xE4AB, 0xE4AB, 0xE4CB, 0xE4CB, 0xECCB, 0xECCC, 0xECEC, 0xED0C, 0xED0D,
    0xF52D, 0xF52D, 0xF54E, 0xF56E, 0xF58F, 0xFDB0, 0xFE12, 0xFE95, 0xF5B0, 0xE345, 0xD240, 0xCA80,
    0xC281, 0xC261, 0xBA41, 0xBA21, 0xBA21, 0xBA21, 0xBA01, 0xB201, 0xB201, 0xB201, 0xB201, 0xB201,
    0xB201, 0xB201, 0xB201, 0xB201, 0xB201, 0xB201, 0xB201, 0xB201, 0xB221, 0xB221, 0xB221, 0xBA42,
    0xBA42, 0xBA42, 0xBA62, 0xBA62, 0xBA62, 0xBA83, 0xBAA3, 0xBAA3, 0xC2C4, 0xC2E4, 0xC2E4, 0xCB05,
    0xCB25, 0xCB66, 0xD387, 0xDBE8, 0xE3E7, 0xDB64, 0xEB84, 0xF530, 0xE5B5, 0xDD52, 0xDD51, 0xDD30,
    0xDD0F, 0xDD2F, 0xDD2F, 0xE52E, 0xE54E, 0xE54E, 0xED6E, 0xED8F, 0xF5AF, 0xF5CF, 0xF5F0, 0xF5F0,
    0xFE11, 0xFE31, 0xFE52, 0xFE93, 0xFE31, 0xF5CE, 0x20E2, 0x0000, 0x0000, 0x3984, 0xFE10, 0xF653,
    0xFE94, 0xFE53, 0xF632, 0xF612, 0xF5F1, 0xF5F1, 0xEDD1, 0xEDB0, 0xED90, 0xE570, 0xE570, 0xDD4F,
    0xDD50, 0xD530, 0xD530, 0xD530, 0xD531, 0xD552, 0xDD73, 0xE637, 0xFD6D, 0xF404, 0xF3E5, 0xFCE9,
    0xFD0A, 0xF4C8, 0xEC87, 0xE447, 0xE426, 0xDC05, 0xDBE5, 0xDBE4, 0xD3A4, 0xD3A4, 0xD383, 0xD383,
    0xD363, 0xD363, 0xD363, 0xD363, 0xD362, 0xD342, 0xD342, 0xD362, 0xD362, 0xD362, 0xE322, 0xF5F3,
    0xFE54, 0xFEB6, 0xF466, 0xEB20, 0xE382, 0xDB61, 0xDB41, 0xDB41, 0xD321, 0xD321, 0xD321, 0xD321,
    0xD321, 0xD321, 0xD321, 0xD321, 0xD321, 0xD321, 0xD321, 0xD321, 0xD321, 0xD321, 0xD321, 0xD321,
    0xD321, 0xD321, 0xD321, 0xDB21, 0xDB21, 0xD321, 0xDB21, 0xDB21, 0xDB21, 0xDB21, 0xDB21, 0xDB21,
    0xDB41, 0xDB41, 0xDB41, 0xDB41, 0xDB41, 0xDB41, 0xE341, 0xE361, 0xE361, 0xE341, 0xE361, 0xE341,
    0xE341, 0xE341, 0xE341, 0xE341, 0xDB41, 0xDB41, 0xDB21, 0xDB21, 0xDB21, 0xDB21, 0xDB21, 0xDB21,
    0xDB01, 0xDB01, 0xD301, 0xD2E0, 0xD2E0, 0xD2E0, 0xD2E0, 0xD2E1, 0xD2E1, 0xD2E1, 0xD2E1, 0xD2E1,
    0xD2E1, 0xD2E1, 0xD2E0, 0xD2E0, 0xD2E0, 0xD2E0, 0xD2E0, 0xD300, 0xDB00, 0xDB00, 0xE2E0, 0xEB00,
    0xF426, 0xF58D, 0xFE52, 0xFE72, 0xFE0F, 0xFDCE, 0xFDAD, 0xFDAD, 0xFD8D, 0xFD6C, 0xF54C, 0xF54C,
    0xF52B, 0xF52B, 0xF52B, 0xF50B, 0xF50B, 0xF50B, 0xECEB, 0xECEB, 0xECEB, 0xED0B, 0xED0B, 0xECEB,
    0xECEC, 0xED0C, 0xED0C, 0xED0C, 0xF52D, 0xF52D, 0xF54D, 0xF56E, 0xF56E, 0xF56E, 0xFD8F, 0xFDD0,
    0xFE33, 0xFE74, 0xF58F, 0xE3C6, 0xDA60, 0xCA60, 0xCA81, 0xC261, 0xC241, 0xBA41, 0xBA21, 0xBA21,
    0xBA21, 0xBA01, 0xB201, 0xB201, 0xB201, 0xB201, 0xB201, 0xB201, 0xB201, 0xB201, 0xB201, 0xB201,
    0xB201, 0xB201, 0xB201, 0xB201, 0xB221, 0xB221, 0xB221, 0xBA42, 0xBA42, 0xBA42, 0xBA42, 0xBA62,
    0xBA62, 0xBA83, 0xBA83, 0xBAA3, 0xC2C4, 0xC2E4, 0xC2E4, 0xC305, 0xCB25, 0xCB46, 0xD387, 0xDBE8,
    0xE428, 0xDB65, 0xE363, 0xF4CC, 0xE5D5, 0xDD72, 0xDD51, 0xDD30, 0xDD2F, 0xDD2F, 0xDD2E, 0xDD2E,
    0xE54E, 0xE54E, 0xED6E, 0xED8E, 0xEDAF, 0xF5CF, 0xF5D0, 0xF5F0, 0xFDF1, 0xFE31, 0xFE52, 0xFE73,
    0xF652, 0xFE0F, 0x41A4, 0x0000, 0x0000, 0x6A86, 0xFE50, 0xF673, 0xFE94, 0xFE53, 0xF632, 0xF612,
    0xF5F1, 0xF5F1, 0xEDD0, 0xED90, 0xE590, 0xE570, 0xE570, 0xDD50, 0xDD30, 0xD530, 0xD530, 0xD530,
    0xD551, 0xD552, 0xDD93, 0xEE36, 0xFD0A, 0xF3E4, 0xF405, 0xFD0A, 0xF4E9, 0xF4A8, 0xEC87, 0xE446,
    0xE405, 0xDBE5, 0xDBE5, 0xDBC4, 0xD3C4, 0xD3A4, 0xD383, 0xD383, 0xD363, 0xD363, 0xD363, 0xD342,
    0xD342, 0xD342, 0xD342, 0xD342, 0xD362, 0xD320, 0xEC48, 0xFEB7, 0xFE74, 0xF425, 0xE320, 0xDB62,
    0xDB41, 0xDB41, 0xD341, 0xD321, 0xD321, 0xD321, 0xD321, 0xD321, 0xD301, 0xD321, 0xD321, 0xD321,
    0xD321, 0xD321, 0xD321, 0xD321, 0xD321, 0xD321, 0xD321, 0xD321, 0xD321, 0xDB21, 0xDB21, 0xDB21,
    0xDB21, 0xDB21, 0xDB21, 0xDB21, 0xDB21, 0xDB41, 0xDB41, 0xDB41, 0xE361, 0xE362, 0xE361, 0xE361,
    0xE340, 0xE340, 0xE340, 0xE340, 0xEB40, 0xEB20, 0xEB20, 0xEB40, 0xEB40, 0xEB40, 0xEB40, 0xEB20,
    0xE320, 0xE320, 0xE320, 0xE320, 0xE320, 0xE340, 0xE341, 0xE341, 0xDB21, 0xDB00, 0xDB00, 0xDB00,
    0xD300, 0xD2E0, 0xD2E0, 0xD2E0, 0xD2E0, 0xD2E1, 0xD2E1, 0xD2E1, 0xD2E1, 0xD2E1, 0xD2E1, 0xD2E0,
    0xD2E0, 0xD2E0, 0xD2E0, 0xD2E0, 0xD2E0, 0xD300, 0xDB20, 0xDB20, 0xDAE0, 0xE2E0, 0xF3A3, 0xF4EA,
    0xFDF0, 0xFE93, 0xFE72, 0xFE30, 0xFDCE, 0xFDAD, 0xFD8D, 0xFD8D, 0xFD8D, 0xFD6D, 0xFD6D, 0xFD6D,
    0xF54C, 0xF54C, 0xF52C, 0xF52C, 0xF52C, 0xF54C, 0xF54C, 0xF54D, 0xF54D, 0xF54D, 0xF54D, 0xF56E,
    0xF56E, 0xFD6E, 0xFD8E, 0xFDAF, 0xFDD0, 0xFE32, 0xFE74, 0xFE32, 0xF52D, 0xE385, 0xDA80, 0xD260,
    0xCA81, 0xC261, 0xC240, 0xBA41, 0xBA41, 0xBA21, 0xBA21, 0xBA21, 0xB201, 0xB201, 0xB201, 0xB201,
    0xB201, 0xB201, 0xB201, 0xB201, 0xB201, 0xB201, 0xB201, 0xB201, 0xB201, 0xB201, 0xB201, 0xB201,
    0xB221, 0xB221, 0xB221, 0xBA22, 0xBA42, 0xBA42, 0xBA42, 0xBA62, 0xBA62, 0xBA83, 0xBA83, 0xBAA3,
    0xC2C3, 0xC2E4, 0xC2E4, 0xC305, 0xCB25, 0xCB46, 0xD366, 0xDBE8, 0xE449, 0xDB85, 0xE363, 0xF469,
    0xE5F5, 0xDD72, 0xDD51, 0xDD30, 0xDD2F, 0xDD2F, 0xDD2E, 0xDD2E, 0xE52E, 0xE54E, 0xED6E, 0xED8E,
    0xED8F, 0xF5AF, 0xF5CF, 0xF5F0, 0xFDF0, 0xFE11, 0xFE52, 0xFE73, 0xF652, 0xFE50, 0x6A86, 0x0000,
    0x0000, 0x8B69, 0xFE71, 0xF674, 0xFE74, 0xFE53, 0xF632, 0xF611, 0xF5F1, 0xEDF1, 0xEDB0, 0xED90,
    0xE590, 0xE56F, 0xE54F, 0xDD50, 0xDD30, 0xD530, 0xD530, 0xD531, 0xD552, 0xDD73, 0xDDB4, 0xEE35,
    0xFCA7, 0xF3E4, 0xF426, 0xFD0A, 0xF4C9, 0xECA8, 0xEC67, 0xE426, 0xE405, 0xDBE5, 0xDBC4, 0xD3C4,
    0xD3A4, 0xD3A4, 0xD383, 0xD383, 0xD363, 0xD363, 0xD343, 0xD342, 0xD342, 0xD342, 0xD342, 0xD342,
    0xD362, 0xD300, 0xF58F, 0xFEB6, 0xEBC4, 0xE300, 0xDB62, 0xDB41, 0xD341, 0xD321, 0xD321, 0xD321,
    0xD321, 0xD321, 0xD301, 0xD301, 0xD301, 0xD301, 0xD321, 0xD321, 0xD321, 0xD321, 0xD321, 0xD321,
    0xD321, 0xD321, 0xD321, 0xD321, 0xDB21, 0xDB21, 0xDB21, 0xDB21, 0xDB21, 0xDB41, 0xDB41, 0xDB41,
    0xDB41, 0xE361, 0xE361, 0xE340, 0xE340, 0xE340, 0xEB60, 0xEBA1, 0xF404, 0xF466, 0xF4C9, 0xF52B,
    0xF56D, 0xF58E, 0xFDCF, 0xFDF0, 0xFDF0, 0xFDCF, 0xFDAF, 0xF58E, 0xF54C, 0xF50A, 0xF488, 0xF425,
    0xF3C3, 0xEB40, 0xEB20, 0xE300, 0xE300, 0xDB20, 0xDB21, 0xDB01, 0xDB00, 0xDB00, 0xD300, 0xD2E0,
    0xD2E0, 0xD2E1, 0xD2E0, 0xD2E1, 0xD2E1, 0xD2E1, 0xD2E1, 0xD2C0, 0xD2C0, 0xD2C0, 0xD2C0, 0xD2C0,
    0xD2E0, 0xD2E0, 0xD2E0, 0xD2E0, 0xDB00, 0xDB00, 0xDAE0, 0xE2E0, 0xEB20, 0xF406, 0xF52C, 0xFE11,
    0xFE73, 0xFE92, 0xFE51, 0xFE10, 0xFDCF, 0xFDAE, 0xFDAE, 0xFD8E, 0xFD8D, 0xFD6D, 0xFD6D, 0xFD6D,
    0xFD8E, 0xFD8E, 0xFD8E, 0xFD8E, 0xFD8E, 0xFD8E, 0xFD8E, 0xFDAF, 0xFDD0, 0xFDF1, 0xFE32, 0xFE53,
    0xFE33, 0xF58F, 0xEC48, 0xE302, 0xD260, 0xCA60, 0xCA80, 0xCA81, 0xC260, 0xC240, 0xBA41, 0xBA21,
    0xBA21, 0xBA21, 0xBA01, 0xB200, 0xB200, 0xB201, 0xB201, 0xB1E1, 0xB1E1, 0xB201, 0xB201, 0xB201,
    0xB201, 0xB201, 0xB201, 0xB201, 0xB201, 0xB201, 0xB201, 0xB201, 0xB201, 0xB221, 0xB221, 0xBA21,
    0xBA42, 0xBA42, 0xBA42, 0xBA62, 0xBA62, 0xBA82, 0xBA83, 0xBAA3, 0xBAC3, 0xC2C4, 0xC2E4, 0xC304,
    0xCB25, 0xCB45, 0xD366, 0xDBC7, 0xE449, 0xE3A6, 0xE343, 0xF427, 0xEDD5, 0xDD73, 0xDD51, 0xDD30,
    0xDD30, 0xDD2F, 0xDD2E, 0xDD2E, 0xE52E, 0xE54E, 0xE56E, 0xED6E, 0xED8F, 0xF5AF, 0xF5CF, 0xF5F0,
    0xFDF0, 0xFE11, 0xFE32, 0xFE72, 0xF673, 0xFE70, 0x8328, 0x0000, 0x0000, 0xAC2B, 0xFE71, 0xF694,
    0xFE74, 0xFE53, 0xF612, 0xF5F1, 0xF5F1, 0xEDD1, 0xEDD0, 0xED90, 0xE570, 0xE56F, 0xDD4F, 0xDD50,
    0xDD50, 0xD530, 0xD530, 0xD531, 0xD552, 0xDD93, 0xE5D5, 0xEE14, 0xFC65, 0xF3C4, 0xF446, 0xFCE9,
    0xF4A8, 0xEC87, 0xE447, 0xE426, 0xDC05, 0xDBE5, 0xDBC4, 0xD3A4, 0xD3A4, 0xD383, 0xD383, 0xD363,
    0xD363, 0xD363, 0xCB42, 0xCB42, 0xCB42, 0xCB42, 0xCB42, 0xCB42, 0xD342, 0xD321, 0xDBA4, 0xE3A4,
    0xDB20, 0xD342, 0xD321, 0xD321, 0xD321, 0xD321, 0xD321, 0xD321, 0xD321, 0xD321, 0xD301, 0xD301,
    0xD301, 0xD301, 0xD301, 0xD321, 0xD321, 0xD321, 0xD321, 0xD321, 0xD321, 0xD321, 0xD321, 0xDB21,
    0xDB21, 0xDB21, 0xDB21, 0xDB21, 0xDB41, 0xDB41, 0xE361, 0xE361, 0xE340, 0xE320, 0xEB40, 0xEBC2,
    0xF487, 0xF56C, 0xFE31, 0xFE94, 0xFEB5, 0xFED6, 0xFEB6, 0xFE95, 0xFE95, 0xFE95, 0xFE74, 0xFE74,
    0xFE54, 0xFE53, 0xFE54, 0xFE74, 0xFE74, 0xFE74, 0xFE95, 0xFE95, 0xFE94, 0xFE32, 0xFD8F, 0xF4CA,
    0xF405, 0xEB41, 0xE2E0, 0xE2E0, 0xDB00, 0xDB01, 0xDB21, 0xDB00, 0xD300, 0xD2E0, 0xD2E0, 0xD2E0,
    0xD2E0, 0xD2E0, 0xD2E1, 0xD2E1, 0xD2C1, 0xD2C0, 0xD2C0, 0xD2C0, 0xD2C0, 0xD2C0, 0xD2E0, 0xD2E0,
    0xD2E0, 0xD2E0, 0xD2E0, 0xDB00, 0xDB00, 0xE2E0, 0xE2C0, 0xEB00, 0xEBA4, 0xF489, 0xF56D, 0xFDF0,
    0xFE52, 0xFE93, 0xFE93, 0xFE52, 0xFE31, 0xFE11, 0xFE10, 0xFE10, 0xFE11, 0xFE31, 0xFE31, 0xFE31,
    0xFE52, 0xFE52, 0xFE73, 0xFE53, 0xFE32, 0xF5D0, 0xF50C, 0xEC07, 0xE322, 0xDAA0, 0xD260, 0xD280,
    0xCAA0, 0xC260, 0xC240, 0xC240, 0xBA40, 0xBA20, 0xBA21, 0xBA21, 0xBA21, 0xBA01, 0xB201, 0xB201,
    0xB200, 0xB1E0, 0xB1E1, 0xB1E1, 0xB201, 0xB201, 0xB201, 0xB201, 0xB201, 0xB201, 0xB201, 0xB201,
    0xB201, 0xB201, 0xB201, 0xB201, 0xB221, 0xB221, 0xB221, 0xBA21, 0xB222, 0xBA42, 0xBA42, 0xBA62,
    0xBA62, 0xBA62, 0xBA83, 0xBA83, 0xBAA3, 0xC2C3, 0xC2E4, 0xC304, 0xCB25, 0xCB45, 0xD366, 0xDBA7,
    0xE428, 0xE3C6, 0xE364, 0xF3E6, 0xEDD4, 0xDD93, 0xDD51, 0xDD30, 0xDD30, 0xDD0F, 0xDD2E, 0xDD2E,
    0xE52E, 0xE54E, 0xE54E, 0xED6E, 0xED8E, 0xF5AF, 0xF5CF, 0xF5F0, 0xFDF0, 0xFE11, 0xFE31, 0xFE72,
    0xF693, 0xFE71, 0xA3EA, 0x0000, 0x0000, 0xCCCC, 0xFE72, 0xF694, 0xFE73, 0xFE53, 0xF612, 0xF5F1,
    0xF5F1, 0xEDD1, 0xEDD0, 0xEDB0, 0xE590, 0xE56F, 0xDD4F, 0xDD50, 0xDD50, 0xD530, 0xD530, 0xD551,
    0xD572, 0xDD93, 0xE5F6, 0xF5F3, 0xFC45, 0xF3E4, 0xF467, 0xFCE9, 0xF4A8, 0xEC67, 0xE446, 0xE406,
    0xDBE5, 0xDBC4, 0xDBC4, 0xD3A4, 0xD383, 0xD383, 0xD363, 0xD363, 0xD363, 0xCB43, 0xCB42, 0xCB42,
    0xCB42, 0xCB22, 0xCB22, 0xD322, 0xD322, 0xD322, 0xD321, 0xD321, 0xD342, 0xD321, 0xD321, 0xD301,
    0xD301, 0xD301, 0xD321, 0xD321, 0xD321, 0xD321, 0xD321, 0xD301, 0xD301, 0xD301, 0xD301, 0xD321,
    0xD321, 0xD321, 0xD321, 0xD321, 0xD321, 0xDB21, 0xDB21, 0xDB21, 0xDB21, 0xDB41, 0xDB41, 0xE341,
    0xE361, 0xE341, 0xE320, 0xEB60, 0xF424, 0xF52B, 0xFE11, 0xFE95, 0xFED6, 0xFEB6, 0xFE74, 0xFE33,
    0xFE12, 0xFDF1, 0xFDF1, 0xF5F1, 0xF5F1, 0xFDF1, 0xFDF1, 0xFDF1, 0xFDF1, 0xFDF0, 0xF5F0, 0xF5F0,
    0xFDD0, 0xFDF0, 0xFDF0, 0xFDF0, 0xFDF1, 0xFE32, 0xFE53, 0xFE74, 0xFE95, 0xFE33, 0xFD6E, 0xF488,
    0xEB82, 0xEB00, 0xE2E0, 0xDB00, 0xDB01, 0xDAE0, 0xD2E0, 0xD2E0, 0xD2E0, 0xD2E0, 0xD2E1, 0xD2E1,
    0xD2C1, 0xD2C1, 0xD2C1, 0xD2C0, 0xD2C0, 0xD2C0, 0xD2C0, 0xD2C0, 0xD2C0, 0xD2C0, 0xD2C0, 0xD2E0,
    0xD2E0, 0xD2E0, 0xDAE0, 0xDAE0, 0xDAC0, 0xDAC0, 0xE2C0, 0xE300, 0xEB63, 0xEBE5, 0xF468, 0xF4EA,
    0xF52C, 0xF56D, 0xF5AE, 0xF5CF, 0xF5D0, 0xF5CF, 0xF58E, 0xF56D, 0xF52C, 0xF4CA, 0xEC47, 0xE3A4,
    0xE322, 0xDAC0, 0xDA80, 0xD280, 0xD2A0, 0xCAA0, 0xCAA1, 0xCA80, 0xC260, 0xC240, 0xBA40, 0xBA40,
    0xBA20, 0xBA20, 0xBA21, 0xBA21, 0xBA01, 0xBA01, 0xB201, 0xB200, 0xB200, 0xB1E0, 0xB1E1, 0xB1E1,
    0xB201, 0xB201, 0xB201, 0xB201, 0xB201, 0xB201, 0xB201, 0xB201, 0xB201, 0xB201, 0xB201, 0xB201,
    0xB201, 0xBA21, 0xBA21, 0xBA21, 0xBA21, 0xBA42, 0xBA42, 0xBA42, 0xBA62, 0xBA62, 0xBA82, 0xBA83,
    0xBAA3, 0xC2C3, 0xC2E4, 0xC304, 0xCB24, 0xCB45, 0xD366, 0xDBA7, 0xE408, 0xE3E7, 0xDB64, 0xEBC4,
    0xEDB2, 0xDDB4, 0xDD52, 0xDD31, 0xDD30, 0xDD2F, 0xDD2F, 0xDD2E, 0xE52E, 0xE54E, 0xE54F, 0xED6E,
    0xED8E, 0xF5AF, 0xF5D0, 0xF5F0, 0xFDF0, 0xFE11, 0xFE31, 0xFE52, 0xF694, 0xFE71, 0xC4AB, 0x0000,
    0x0861, 0xDD4E, 0xFE72, 0xF694, 0xFE53, 0xFE53, 0xF612, 0xF5F1, 0xF5F1, 0xEDD0, 0xEDB0, 0xEDB0,
    0xE590, 0xE570, 0xDD70, 0xDD50, 0xDD50, 0xD550, 0xD551, 0xD551, 0xDD72, 0xDD93, 0xE617, 0xF5D1,
    0xFC25, 0xF3E5, 0xF487, 0xFCC9, 0xF488, 0xEC67, 0xE426, 0xDBE5, 0xDBC5, 0xDBA4, 0xD3A4, 0xD384,
    0xD363, 0xD363, 0xCB63, 0xCB63, 0xCB43, 0xCB42, 0xCB22, 0xCB22, 0xCB22, 0xCB22, 0xCB22, 0xCB22,
    0xD322, 0xD322, 0xD322, 0xD322, 0xD321, 0xD321, 0xD301, 0xD301, 0xD301, 0xD301, 0xD301, 0xD321,
    0xD321, 0xD301, 0xD301, 0xD301, 0xD301, 0xD301, 0xD301, 0xD321, 0xD321, 0xD321, 0xD321, 0xD321,
    0xD321, 0xDB21, 0xDB21, 0xDB41, 0xDB41, 0xDB41, 0xE361, 0xE340, 0xEB40, 0xEC03, 0xF54B, 0xFE53,
    0xFEB6, 0xFE96, 0xFE54, 0xFE12, 0xF5F1, 0xF5F1, 0xF5F1, 0xF5F1, 0xF5F1, 0xFDF1, 0xFDF1, 0xF5F1,
    0xF5F1, 0xF5F0, 0xF5F0, 0xF5D0, 0xF5D0, 0xF5CF, 0xF5CF, 0xF5D0, 0xF5D0, 0xFDF0, 0xF5F0, 0xF5F0,
    0xF5F0, 0xF5F0, 0xF5D0, 0xFDD0, 0xFDF0, 0xFE11, 0xFE53, 0xFE95, 0xFE74, 0xFD8F, 0xF467, 0xEB41,
    0xE2C0, 0xDAE0, 0xDB01, 0xDAE0, 0xDAE0, 0xD2E0, 0xD2E1, 0xD2E1, 0xD2E1, 0xD2C1, 0xD2C1, 0xD2C0,
    0xD2C0, 0xD2C0, 0xD2C0, 0xCAC0, 0xD2C0, 0xD2C0, 0xD2C0, 0xD2C0, 0xD2C0, 0xD2C0, 0xD2C0, 0xD2C0,
    0xD2C0, 0xD2E0, 0xD2E0, 0xDAE0, 0xDAC0, 0xDAA0, 0xDAA0, 0xDAA0, 0xDAA0, 0xDAA0, 0xDAA0, 0xDAA0,
    0xDAA0, 0xDAA0, 0xDAA0, 0xDAA0, 0xDAA0, 0xDAA0, 0xD280, 0xD280, 0xD280, 0xD2A0, 0xCAA0, 0xCAA0,
    0xCA80, 0xC260, 0xC260, 0xC240, 0xBA40, 0xBA40, 0xBA40, 0xBA20, 0xBA20, 0xBA20, 0xBA00, 0xBA01,
    0xBA01, 0xB201, 0xB201, 0xB200, 0xB1E0, 0xB201, 0xB201, 0xB201, 0xB201, 0xB201, 0xB201, 0xB201,
    0xB201, 0xB201, 0xB201, 0xB201, 0xB201, 0xB201, 0xB201, 0xB221, 0xBA21, 0xBA21, 0xBA21, 0xBA21,
    0xBA21, 0xBA41, 0xBA42, 0xBA42, 0xBA62, 0xBA62, 0xBA62, 0xBA83, 0xBAA3, 0xC2C3, 0xC2E4, 0xC304,
    0xCB24, 0xCB25, 0xD366, 0xDBA7, 0xE408, 0xE3E7, 0xDB64, 0xEB83, 0xF570, 0xE5D5, 0xDD52, 0xDD31,
    0xDD30, 0xDD0F, 0xDD2F, 0xDD2E, 0xE52E, 0xE52F, 0xED4F, 0xED6F, 0xED8F, 0xF5AF, 0xF5D0, 0xF5F0,
    0xFDF0, 0xFE11, 0xFE31, 0xFE52, 0xFE94, 0xFE71, 0xDD2D, 0x0840, 0x20E2, 0xEDAE, 0xFE72, 0xFE94,
    0xFE53, 0xFE32, 0xF612, 0xF5F1, 0xF5F1, 0xEDD0, 0xEDB0, 0xE590, 0xE590, 0xE570, 0xDD50, 0xDD50,
    0xDD50, 0xD550, 0xD551, 0xD551, 0xDD72, 0xDD93, 0xE617, 0xF58E, 0xF425, 0xF3E5, 0xF4A8, 0xF4C9,
    0xEC87, 0xEC47, 0xE406, 0xDBC5, 0xDBC5, 0xDBA4, 0xD384, 0xD383, 0xD363, 0xD363, 0xCB43, 0xCB43,
    0xCB43, 0xCB42, 0xCB22, 0xCB22, 0xCB22, 0xCB22, 0xCB22, 0xCB22, 0xD322, 0xCB22, 0xCB02, 0xCB22,
    0xCB02, 0xD321, 0xD301, 0xCB01, 0xCB01, 0xCB01, 0xCB01, 0xD301, 0xD301, 0xD301, 0xD301, 0xD301,
    0xD301, 0xD301, 0xD301, 0xD321, 0xD321, 0xD321, 0xD321, 0xD321, 0xDB21, 0xDB41, 0xDB41, 0xE341,
    0xE361, 0xE320, 0xEB60, 0xF467, 0xFDD0, 0xFEB6, 0xFEB7, 0xFE54, 0xF5F2, 0xF5D1, 0xF5F1, 0xF5F2,
    0xF5F1, 0xF5F1, 0xF5F1, 0xF5F0, 0xF5F0, 0xF5D0, 0xF5CF, 0xF5CF, 0xF5AF, 0xF5AF, 0xF58F, 0xF58F,
    0xF58F, 0xF58E, 0xF5AE, 0xF5AE, 0xF5AE, 0xF5AE, 0xF5AF, 0xF5AF, 0xF5AF, 0xF5AF, 0xF5AF, 0xF5CF,
    0xF5D0, 0xFDD0, 0xFDD0, 0xF5CF, 0xFDF0, 0xFE32, 0xFE74, 0xFE12, 0xF4EB, 0xF383, 0xE2C0, 0xE2E0,
    0xDB01, 0xDB00, 0xD2E0, 0xD2E1, 0xD2E1, 0xD2C1, 0xD2C0, 0xD2C0, 0xD2C0, 0xCAC0, 0xCAA1, 0xCAA1,
    0xCAA0, 0xCAA0, 0xCAA0, 0xD2C0, 0xD2A0, 0xD2A0, 0xD2A0, 0xCAA0, 0xCA80, 0xCAA0, 0xD2A0, 0xD2A0,
    0xD2A0, 0xD2A0, 0xD2A0, 0xD2A0, 0xD2A0, 0xD2A0, 0xD2A0, 0xD2A0, 0xD2A0, 0xD2A0, 0xD2A0, 0xD2A0,
    0xCAA0, 0xCAA0, 0xCA80, 0xCA80, 0xCA80, 0xCA60, 0xCA60, 0xC260, 0xC260, 0xC240, 0xBA40, 0xBA20,
    0xBA20, 0xBA20, 0xBA20, 0xBA20, 0xBA20, 0xBA00, 0xBA00, 0xBA01, 0xBA01, 0xBA01, 0xB200, 0xB200,
    0xB201, 0xB201, 0xB201, 0xB201, 0xB201, 0xB201, 0xB201, 0xB201, 0xBA01, 0xBA21, 0xBA21, 0xBA21,
    0xBA21, 0xBA21, 0xBA01, 0xBA21, 0xBA21, 0xBA21, 0xB221, 0xBA21, 0xBA21, 0xBA41, 0xBA42, 0xBA42,
    0xBA42, 0xBA62, 0xBA62, 0xBA82, 0xBAA3, 0xC2A3, 0xC2C3, 0xC2E4, 0xCB04, 0xCB25, 0xD365, 0xDBA7,
    0xE408, 0xE408, 0xE364, 0xEB63, 0xF52E, 0xE5D5, 0xDD72, 0xDD51, 0xDD30, 0xDD2F, 0xDD2F, 0xDD2E,
    0xE52E, 0xE54F, 0xE54F, 0xED6F, 0xED8F, 0xF5AF, 0xF5CF, 0xF5F0, 0xF5F0, 0xFE11, 0xFE31, 0xFE52,
    0xFE93, 0xFE51, 0xE56D, 0x18A1, 0x3963, 0xFDEF, 0xFE73, 0xFE94, 0xFE53, 0xFE32, 0xF612, 0xF5F1,
    0xF5F1, 0xEDD0, 0xEDB0, 0xE590, 0xE570, 0xE56F, 0xDD50, 0xDD50, 0xDD50, 0xD550, 0xD551, 0xD551,
    0xDD73, 0xDD93, 0xE637, 0xFD4C, 0xF404, 0xF405, 0xF4A8, 0xF4A8, 0xEC67, 0xE447, 0xE406, 0xDBC5,
    0xDBA5, 0xD3A4, 0xD384, 0xD363, 0xCB63, 0xCB43, 0xCB43, 0xCB43, 0xCB43, 0xCB22, 0xCB22, 0xCB22,
    0xCB22, 0xCB22, 0xCB22, 0xCB22, 0xCB22, 0xCB22, 0xCB22, 0xCB01, 0xCB02, 0xCB01, 0xCB01, 0xCB01,
    0xCB01, 0xCB01, 0xCB01, 0xD301, 0xCB01, 0xD301, 0xD301, 0xD301, 0xD301, 0xD301, 0xD301, 0xD321,
    0xD301, 0xD321, 0xDB21, 0xDB41, 0xDB41, 0xDB41, 0xE341, 0xE320, 0xEB60, 0xF4C9, 0xFE53, 0xFED8,
    0xFE76, 0xF5F3, 0xF5F2, 0xF5F2, 0xF5F2, 0xF5F1, 0xF5F1, 0xF5D1, 0xF5D0, 0xF5D0, 0xF5D0, 0xF5CF,
    0xF5AF, 0xF5AE, 0xF5AE, 0xF58E, 0xF58E, 0xF58D, 0xF56D, 0xF56D, 0xF56D, 0xF56D, 0xF56D, 0xF56D,
    0xF58D, 0xF56D, 0xF56D, 0xF56D, 0xF56D, 0xF56D, 0xF58E, 0xF58E, 0xF58E, 0xF5AE, 0xF5AF, 0xF5AF,
    0xF5AF, 0xF5AF, 0xFDAF, 0xFDF0, 0xFE53, 0xFE74, 0xFD6E, 0xF3C5, 0xE2E0, 0xDAE0, 0xDB01, 0xD2E1,
    0xD2E0, 0xD2C0, 0xD2C0, 0xD2C0, 0xD2A0, 0xCAA0, 0xCAA1, 0xCAA1, 0xCAA1, 0xCAA0, 0xCAA0, 0xCAA0,
    0xCAA0, 0xCAA0, 0xCA80, 0xCA80, 0xCA80, 0xCA80, 0xCA80, 0xCA80, 0xCA80, 0xCA80, 0xCA80, 0xCA80,
    0xCA80, 0xCA80, 0xCA80, 0xCA80, 0xCA80, 0xCA80, 0xCA80, 0xCA60, 0xCA60, 0xC260, 0xC260, 0xC260,
    0xC260, 0xC260, 0xC240, 0xC240, 0xC240, 0xBA20, 0xBA20, 0xBA20, 0xBA20, 0xBA00, 0xBA00, 0xBA00,
    0xBA00, 0xBA00, 0xBA01, 0xBA01, 0xBA01, 0xBA00, 0xB200, 0xB200, 0xB200, 0xB200, 0xB201, 0xB201,
    0xB201, 0xB201, 0xB201, 0xBA01, 0xBA01, 0xBA21, 0xBA21, 0xBA41, 0xBA41, 0xBA00, 0xC241, 0xBA21,
    0xBA21, 0xBA21, 0xBA21, 0xBA21, 0xBA21, 0xBA41, 0xBA42, 0xBA42, 0xBA42, 0xBA62, 0xBA62, 0xBA82,
    0xBAA3, 0xC2A3, 0xC2C3, 0xC2E4, 0xCB04, 0xCB25, 0xD365, 0xDBA6, 0xE3E7, 0xE408, 0xE364, 0xEB63,
    0xF4CC, 0xE5D5, 0xDD72, 0xDD51, 0xDD30, 0xDD2F, 0xDD2F, 0xDD2E, 0xE54E, 0xE54F, 0xE54F, 0xED6F,
    0xED6F, 0xF58F, 0xF5CF, 0xF5F0, 0xF5F0, 0xFE11, 0xFE31, 0xFE52, 0xFE73, 0xFE51, 0xF5CE, 0x3123,
    0x5226, 0xFE30, 0xFE73, 0xFE94, 0xFE53, 0xF632, 0xF612, 0xF5F1, 0xF5F1, 0xEDD0, 0xEDB0, 0xE590,
    0xE570, 0xDD6F, 0xDD4F, 0xDD50, 0xD550, 0xD530, 0xD530, 0xD551, 0xDD73, 0xDD94, 0xE657, 0xFD2B,
    0xF3E4, 0xF3E5, 0xF4A8, 0xF488, 0xEC67, 0xE426, 0xE406, 0xDBC5, 0xDBA5, 0xD384, 0xD364, 0xD363,
    0xCB43, 0xCB43, 0xCB43, 0xCB43, 0xCB22, 0xCB22, 0xCB22, 0xCB22, 0xCB22, 0xCB02, 0xCB22, 0xCB02,
    0xCB22, 0xCB22, 0xCB22, 0xCB02, 0xCB02, 0xCB01, 0xCB01, 0xCB01, 0xCB01, 0xCB01, 0xCB01, 0xCB01,
    0xD301, 0xD301, 0xD301, 0xD301, 0xD301, 0xD301, 0xD301, 0xD321, 0xD321, 0xD321, 0xDB21, 0xDB41,
    0xE362, 0xE340, 0xEB40, 0xF488, 0xFE53, 0xFED8, 0xFE75, 0xF613, 0xF5F2, 0xF5F2, 0xF5F2, 0xF5D1,
    0xF5D1, 0xF5D0, 0xF5D0, 0xF5AF, 0xF5AF, 0xF5AF, 0xF58E, 0xF58E, 0xF58D, 0xF56D, 0xF56D, 0xF56D,
    0xF56D, 0xF56C, 0xF54C, 0xED4C, 0xED4C, 0xED4C, 0xF54C, 0xF54C, 0xED4C, 0xED4C, 0xED4C, 0xED4C,
    0xED4C, 0xED4C, 0xED4C, 0xF56D, 0xF56D, 0xF56D, 0xF56D, 0xF56D, 0xF58E, 0xF58E, 0xF5AF, 0xF5AF,
    0xFDAE, 0xFDCF, 0xFE32, 0xFE53, 0xFD6E, 0xF3C5, 0xE2C0, 0xDAE0, 0xDB01, 0xD2E0, 0xD2C0, 0xD2C0,
    0xD2A0, 0xCAA0, 0xCAA0, 0xCAA0, 0xCAA0, 0xCAA0, 0xCAA0, 0xCA80, 0xCA80, 0xCA80, 0xCA80, 0xCA80,
    0xCA80, 0xCA80, 0xCA80, 0xCA80, 0xCA80, 0xCA60, 0xCA60, 0xCA60, 0xCA60, 0xCA60, 0xCA60, 0xC260,
    0xC260, 0xC260, 0xC260, 0xC240, 0xC240, 0xC240, 0xC240, 0xC240, 0xC240, 0xC240, 0xC240, 0xBA20,
    0xBA20, 0xBA20, 0xBA20, 0xBA20, 0xBA00, 0xBA00, 0xBA00, 0xBA00, 0xBA00, 0xBA00, 0xBA01, 0xBA01,
    0xBA00, 0xB200, 0xB200, 0xB200, 0xB201, 0xB201, 0xB201, 0xB201, 0xB201, 0xB201, 0xBA01, 0xBA21,
    0xBA21, 0xBA21, 0xBA21, 0xBA61, 0xC200, 0xE46C, 0xF655, 0xC283, 0xBA00, 0xBA21, 0xBA21, 0xBA41,
    0xBA21, 0xBA41, 0xBA41, 0xBA42, 0xBA42, 0xBA62, 0xBA62, 0xBA82, 0xBAA3, 0xC2A3, 0xC2C3, 0xC2E4,
    0xCB04, 0xCB24, 0xD365, 0xDB86, 0xDBC7, 0xE408, 0xE364, 0xEB63, 0xF4AA, 0xE5F6, 0xDD72, 0xDD51,
    0xDD30, 0xDD2F, 0xDD2F, 0xDD2F, 0xE54F, 0xE54F, 0xE54F, 0xED6F, 0xED6F, 0xF58F, 0xF5AF, 0xF5CF,
    0xF5F0, 0xFDF0, 0xFE11, 0xFE32, 0xFE73, 0xFE52, 0xFDEE, 0x41A4, 0x72C7, 0xFE50, 0xF673, 0xFE94,
    0xFE53, 0xF632, 0xF611, 0xF5F1, 0xF5D0, 0xEDD0, 0xEDB0, 0xE590, 0xE570, 0xDD6F, 0xDD50, 0xDD50,
    0xD530, 0xD530, 0xD530, 0xD551, 0xDD72, 0xDDB4, 0xEE57, 0xFCE9, 0xF3E4, 0xF3E5, 0xF4A8, 0xF488,
    0xEC47, 0xE426, 0xDBE5, 0xDBC5, 0xDBA4, 0xD384, 0xD364, 0xCB43, 0xCB43, 0xCB23, 0xCB22, 0xCB22,
    0xCB22, 0xCB22, 0xCB22, 0xCB02, 0xCB02, 0xCB02, 0xCB02, 0xCB02, 0xCB02, 0xCB22, 0xCB22, 0xCB02,
    0xCB02, 0xCB01, 0xCB01, 0xCB01, 0xCB01, 0xCB01, 0xCB01, 0xCB01, 0xD301, 0xD301, 0xD301, 0xD301,
    0xD301, 0xD301, 0xD321, 0xD321, 0xDB21, 0xDB21, 0xDB41, 0xE341, 0xEB40, 0xF466, 0xFE32, 0xFED7,
    0xF654, 0xF5F2, 0xF5F3, 0xF613, 0xF5F2, 0xF5D1, 0xF5B1, 0xEDB0, 0xF58F, 0xF5AF, 0xF58F, 0xED8E,
    0xF58E, 0xF56D, 0xF56D, 0xF56D, 0xF56D, 0xF56C, 0xF54C, 0xF54C, 0xF54C, 0xED4B, 0xED2B, 0xED2B,
    0xED2B, 0xED2B, 0xED2B, 0xED2B, 0xED2B, 0xED2B, 0xED2B, 0xED2B, 0xED2B, 0xED2B, 0xED2B, 0xED2C,
    0xED4C, 0xED4C, 0xED4C, 0xED4C, 0xF54C, 0xF54D, 0xF56D, 0xF58E, 0xF58E, 0xF5AF, 0xF5AF, 0xFDAF,
    0xFDF1, 0xFE53, 0xFD6E, 0xEBA4, 0xE2A0, 0xDAE0, 0xD2E1, 0xD2C0, 0xD2C0, 0xD2C0, 0xD2A0, 0xCAA0,
    0xCAA1, 0xCAA1, 0xCA80, 0xCA80, 0xCA80, 0xCA80, 0xCA80, 0xC280, 0xC260, 0xC260, 0xC260, 0xC260,
    0xC260, 0xC260, 0xC260, 0xC260, 0xC260, 0xC260, 0xC260, 0xC240, 0xC240, 0xC240, 0xC240, 0xC240,
    0xC240, 0xC240, 0xC240, 0xC240, 0xBA20, 0xBA20, 0xBA20, 0xBA20, 0xBA20, 0xBA00, 0xBA00, 0xBA20,
    0xBA00, 0xBA00, 0xBA00, 0xBA00, 0xBA00, 0xBA00, 0xBA00, 0xBA00, 0xBA00, 0xB201, 0xB201, 0xBA01,
    0xB201, 0xBA01, 0xBA01, 0xBA01, 0xBA21, 0xBA21, 0xBA21, 0xBA21, 0xBA21, 0xBA41, 0xBA21, 0xC200,
    0xECEE, 0xFEF9, 0xFE35, 0xC2A3, 0xBA00, 0xBA21, 0xBA21, 0xBA21, 0xBA21, 0xBA21, 0xBA41, 0xBA42,
    0xBA42, 0xBA62, 0xBA62, 0xBA82, 0xBA83, 0xC2A3, 0xC2C3, 0xC2E4, 0xCB04, 0xCB24, 0xD345, 0xD386,
    0xDBA7, 0xE408, 0xE385, 0xEB63, 0xF469, 0xE5F6, 0xDD72, 0xDD51, 0xDD30, 0xDD30, 0xDD2F, 0xDD2F,
    0xE52F, 0xE54F, 0xE54F, 0xED6F, 0xED6F, 0xF58F, 0xF5AF, 0xF5CF, 0xF5F0, 0xFDF0, 0xFE11, 0xFE31,
    0xFE53, 0xF672, 0xFE0F, 0x5A25, 0x8349, 0xFE51, 0xF673, 0xFE74, 0xFE53, 0xF632, 0xF611, 0xF5F1,
    0xF5D0, 0xEDD0, 0xEDB0, 0xE590, 0xE570, 0xDD6F, 0xDD4F, 0xD530, 0xD530, 0xD530, 0xD530, 0xD551,
    0xDD72, 0xDD94, 0xEE36, 0xFCA8, 0xF3C4, 0xF405, 0xF4A9, 0xF488, 0xEC47, 0xE406, 0xDBC5, 0xDBA5,
    0xD3A4, 0xD384, 0xD383, 0xD363, 0xCB43, 0xCB23, 0xCB22, 0xCB22, 0xCB02, 0xCB02, 0xCB02, 0xCB02,
    0xCB02, 0xCB02, 0xCB02, 0xCB02, 0xCB22, 0xCB22, 0xCB01, 0xCB01, 0xCB01, 0xCB01, 0xCB01, 0xCB01,
    0xCB01, 0xCB01, 0xCB01, 0xCB01, 0xCB01, 0xCB01, 0xD301, 0xD301, 0xD301, 0xD321, 0xDB21, 0xDB21,
    0xDB41, 0xDB41, 0xE320, 0xEBA2, 0xFDAF, 0xFED7, 0xFE76, 0xFE12, 0xF5F2, 0xF5F2, 0xF5F2, 0xF5D1,
    0xF5D1, 0xEDB0, 0xED8F, 0xED8F, 0xED8E, 0xED6E, 0xED6E, 0xF56D, 0xED4D, 0xED4C, 0xED4C, 0xF54C,
    0xF54C, 0xF54C, 0xF54B, 0xF54B, 0xED2B, 0xED2B, 0xED0A, 0xED0A, 0xED0A, 0xED0A, 0xED0A, 0xED0A,
    0xED0A, 0xED0A, 0xED0A, 0xED0A, 0xED0A, 0xED0A, 0xED0B, 0xED0B, 0xED0B, 0xED0B, 0xED2B, 0xED2B,
    0xED2B, 0xED2C, 0xED4C, 0xF56D, 0xF56D, 0xF56D, 0xF58E, 0xF5AE, 0xF58E, 0xFD8E, 0xFDF1, 0xFE53,
    0xFD4D, 0xEB43, 0xDA80, 0xD2C0, 0xD2E1, 0xD2C0, 0xD2C0, 0xD2A0, 0xCAA0, 0xCA80, 0xCA81, 0xCA80,
    0xCA80, 0xCA80, 0xCA80, 0xCA60, 0xCA60, 0xCA60, 0xC260, 0xC260, 0xC260, 0xC260, 0xC240, 0xC240,
    0xC240, 0xC240, 0xC240, 0xC240, 0xC240, 0xC220, 0xBA20, 0xBA20, 0xBA20, 0xBA20, 0xBA20, 0xBA20,
    0xBA20, 0xBA20, 0xBA20, 0xBA20, 0xBA00, 0xBA00, 0xBA00, 0xBA00, 0xBA00, 0xBA00, 0xBA00, 0xBA00,
    0xBA01, 0xBA00, 0xBA00, 0xBA00, 0xBA00, 0xBA00, 0xBA01, 0xBA01, 0xBA01, 0xBA21, 0xBA21, 0xBA21,
    0xBA21, 0xBA21, 0xBA41, 0xBA41, 0xC262, 0xC221, 0xCA20, 0xED30, 0xFE97, 0xFDF3, 0xED4F, 0xC220,
    0xBA41, 0xBA21, 0xBA21, 0xBA21, 0xBA21, 0xBA21, 0xBA41, 0xBA41, 0xBA42, 0xBA62, 0xBA62, 0xBA82,
    0xBA83, 0xC2A3, 0xC2C3, 0xC2E4, 0xCB04, 0xCB24, 0xD345, 0xD385, 0xDBA6, 0xE408, 0xE385, 0xEB63,
    0xF448, 0xEDF6, 0xDD73, 0xDD51, 0xDD30, 0xDD2F, 0xDD2F, 0xDD2F, 0xE52F, 0xE54F, 0xED4F, 0xED6F,
    0xED6F, 0xF58F, 0xF5AF, 0xF5AF, 0xF5F0, 0xF5F0, 0xFE11, 0xFE31, 0xFE53, 0xF673, 0xFE50, 0x6AA6,
    0x9BCA, 0xFE51, 0xF694, 0xFE73, 0xFE33, 0xF632, 0xF5F1, 0xF5F0, 0xF5D0, 0xEDD0, 0xEDB0, 0xE590,
    0xE56F, 0xDD4F, 0xDD4F, 0xDD30, 0xD530, 0xD530, 0xD551, 0xD552, 0xDD72, 0xDDB4, 0xEE16, 0xFC87,
    0xF3C4, 0xF426, 0xF4C9, 0xF488, 0xEC47, 0xE406, 0xDBC5, 0xD3A4, 0xD3A4, 0xD384, 0xD383, 0xD363,
    0xCB43, 0xCB22, 0xCB22, 0xCB02, 0xC302, 0xCB02, 0xCB02, 0xCB02, 0xCB02, 0xCB02, 0xCB02, 0xCB02,
    0xCB02, 0xCB01, 0xCAE1, 0xCAE1, 0xCB01, 0xCB01, 0xCB01, 0xCB01, 0xCB01, 0xCAE1, 0xCAE1, 0xCB01,
    0xCB01, 0xD301, 0xD301, 0xD301, 0xD321, 0xDB21, 0xDB21, 0xDB41, 0xE341, 0xE320, 0xF4A8, 0xFEB6,
    0xFEB7, 0xF5F3, 0xF5F2, 0xF5F2, 0xF5D2, 0xF5B1, 0xF590, 0xED90, 0xED8F, 0xED8F, 0xED6E, 0xED6E,
    0xED6D, 0xED4D, 0xED4C, 0xF54C, 0xED4C, 0xED2B, 0xF52B, 0xF54B, 0xF54B, 0xF54B, 0xF52B, 0xF52A,
    0xED2A, 0xED0A, 0xED0A, 0xED0A, 0xED0A, 0xED0A, 0xED0A, 0xED0A, 0xED0A, 0xECEA, 0xECEA, 0xED0A,
    0xED0A, 0xECEA, 0xECEA, 0xECEA, 0xECEA, 0xECEA, 0xED0A, 0xED0B, 0xED0B, 0xED0B, 0xED0B, 0xED2B,
    0xED4C, 0xED4C, 0xF54D, 0xF54D, 0xF56E, 0xF58E, 0xF58E, 0xFD8E, 0xFE32, 0xFE32, 0xF4AB, 0xE2C1,
    0xDA80, 0xD2E0, 0xD2E1, 0xD2C0, 0xCAA0, 0xCA80, 0xCA80, 0xCA80, 0xCA80, 0xCA80, 0xCA60, 0xCA60,
    0xC260, 0xC260, 0xC260, 0xC260, 0xC260, 0xC240, 0xC240, 0xC240, 0xC240, 0xC240, 0xC240, 0xC240,
    0xC240, 0xBA20, 0xBA20, 0xBA20, 0xBA20, 0xBA20, 0xBA20, 0xBA20, 0xBA20, 0xBA00, 0xBA00, 0xBA00,
    0xBA00, 0xBA00, 0xBA00, 0xBA00, 0xBA00, 0xBA00, 0xBA00, 0xBA00, 0xBA00, 0xBA00, 0xBA01, 0xBA00,
    0xBA00, 0xBA00, 0xBA01, 0xBA01, 0xBA21, 0xBA21, 0xBA21, 0xBA21, 0xBA21, 0xBA41, 0xBA41, 0xC262,
    0xC220, 0xD2C3, 0xF614, 0xFED8, 0xF591, 0xFE33, 0xDBE8, 0xC200, 0xBA41, 0xBA21, 0xBA21, 0xBA21,
    0xBA21, 0xBA21, 0xBA41, 0xBA42, 0xBA42, 0xBA62, 0xBA62, 0xBA82, 0xBA82, 0xC2A3, 0xC2C3, 0xC2E4,
    0xCB04, 0xCB24, 0xD345, 0xD385, 0xDBA6, 0xE408, 0xE3A5, 0xEB63, 0xF427, 0xEDD5, 0xDD73, 0xDD51,
    0xDD30, 0xDD2F, 0xDD2F, 0xDD2F, 0xE52F, 0xE54F, 0xE54F, 0xED6F, 0xED6F, 0xF58F, 0xF5AF, 0xF5AF,
    0xF5F0, 0xFDF0, 0xFE11, 0xFE31, 0xFE53, 0xF673, 0xFE50, 0x7B07, 0xAC0A, 0xFE51, 0xF694, 0xFE73,
    0xFE33, 0xF612, 0xF5F1, 0xF5F1, 0xF5F0, 0xEDD0, 0xEDB0, 0xE590, 0xE56F, 0xDD4F, 0xDD4F, 0xDD50,
    0xDD50, 0xD550, 0xD551, 0xD552, 0xDD73, 0xDDB5, 0xEE15, 0xFC66, 0xF3C4, 0xF426, 0xF4C9, 0xEC68,
    0xE447, 0xE406, 0xDBC5, 0xD384, 0xD384, 0xD384, 0xD363, 0xCB63, 0xCB23, 0xCB22, 0xCB22, 0xCB02,
    0xC302, 0xC302, 0xC302, 0xC302, 0xC302, 0xC302, 0xCB02, 0xCB02, 0xCAE2, 0xCAE2, 0xCAE1, 0xCAE1,
    0xCAE1, 0xCAE1, 0xCB01, 0xCB01, 0xCAE1, 0xCAE1, 0xCAE1, 0xCAE1, 0xD301, 0xD301, 0xD301, 0xD301,
    0xDB21, 0xDB21, 0xDB41, 0xE300, 0xEB61, 0xF5AF, 0xFED8, 0xF634, 0xF5F2, 0xF5F3, 0xF5D2, 0xF5B1,
    0xED90, 0xED90, 0xED6F, 0xED4F, 0xED4E, 0xED4E, 0xED4D, 0xED4D, 0xED4C, 0xED4C, 0xED4C, 0xF52B,
    0xF52B, 0xF52B, 0xF52B, 0xF52B, 0xF52B, 0xF52A, 0xF52A, 0xF52A, 0xF52A, 0xF52A, 0xF50A, 0xF50A,
    0xED0A, 0xED0A, 0xED09, 0xED09, 0xECE9, 0xECE9, 0xECE9, 0xECE9, 0xECE9, 0xECE9, 0xECE9, 0xECE9,
    0xECC9, 0xE4C9, 0xECEA, 0xECEA, 0xECEA, 0xECEA, 0xECEA, 0xED0B, 0xED0B, 0xED0B, 0xED2B, 0xED2C,
    0xED2C, 0xF54D, 0xF56D, 0xF58E, 0xF56E, 0xFD8E, 0xFE12, 0xFDF1, 0xF428, 0xE2C0, 0xDAA0, 0xD2C0,
    0xD2A0, 0xD2A0, 0xCA80, 0xCA80, 0xCA80, 0xCA60, 0xCA60, 0xCA60, 0xC260, 0xC260, 0xC260, 0xC260,
    0xC240, 0xC240, 0xC240, 0xC240, 0xBA40, 0xC240, 0xC240, 0xC240, 0xC220, 0xBA20, 0xBA20, 0xBA20,
    0xBA20, 0xBA00, 0xBA00, 0xBA00, 0xBA00, 0xBA00, 0xBA00, 0xBA00, 0xBA00, 0xBA00, 0xBA00, 0xBA00,
    0xBA00, 0xBA00, 0xBA00, 0xBA00, 0xBA00, 0xBA00, 0xBA00, 0xBA01, 0xBA00, 0xBA01, 0xBA01, 0xBA21,
    0xBA21, 0xBA21, 0xBA21, 0xBA41, 0xBA41, 0xC261, 0xC261, 0xC200, 0xDB46, 0xFE75, 0xFE97, 0xF5D3,
    0xFDF3, 0xF5F3, 0xCA82, 0xBA20, 0xBA21, 0xBA21, 0xBA21, 0xB221, 0xBA21, 0xBA21, 0xBA41, 0xBA42,
    0xBA62, 0xBA62, 0xBA62, 0xBA82, 0xBA82, 0xC2A3, 0xC2C3, 0xC2E3, 0xCB04, 0xCB24, 0xD344, 0xD385,
    0xDBA6, 0xE407, 0xE3A5, 0xE363, 0xF406, 0xEDB4, 0xDD93, 0xDD51, 0xDD30, 0xDD10, 0xDD2F, 0xDD2F,
    0xE52F, 0xE54F, 0xE54F, 0xED4F, 0xED6F, 0xF58F, 0xF5AF, 0xF5CF, 0xF5F0, 0xF5F0, 0xFE11, 0xFE31,
    0xFE52, 0xF673, 0xFE50, 0x93A9, 0xB46B, 0xFE51, 0xF694, 0xFE73, 0xF633, 0xF612, 0xF5F1, 0xF5F1,
    0xF5D0, 0xEDD0, 0xEDB0, 0xE590, 0xE56F, 0xDD4F, 0xDD4F, 0xDD50, 0xD550, 0xD550, 0xD551, 0xD551,
    0xDD72, 0xDDB4, 0xEE14, 0xFC66, 0xF3C4, 0xF447, 0xF4A9, 0xEC67, 0xE426, 0xDBE6, 0xDBA5, 0xD384,
    0xD384, 0xD384, 0xD363, 0xCB63, 0xCB23, 0xCB23, 0xCB22, 0xCB02, 0xC302, 0xC302, 0xC302, 0xC302,
    0xC2E2, 0xC2E2, 0xC2E1, 0xC2E1, 0xC2E2, 0xCAE1, 0xCAE1, 0xCAE1, 0xCAE1, 0xCAE1, 0xCAE1, 0xCAE1,
    0xCAE1, 0xCAE1, 0xCAE1, 0xCAE1, 0xD301, 0xD301, 0xD301, 0xD301, 0xDB21, 0xDB21, 0xE2E0, 0xF405,
    0xFE96, 0xFEB7, 0xF5F2, 0xF5F2, 0xF5F2, 0xF5D2, 0xEDB1, 0xED90, 0xED70, 0xED6F, 0xED4F, 0xED4E,
    0xED4D, 0xED4D, 0xED4D, 0xED4C, 0xED4C, 0xF54C, 0xF54B, 0xF52B, 0xF54B, 0xF54B, 0xF54B, 0xF54B,
    0xF54B, 0xF54A, 0xF52A, 0xF52A, 0xF52A, 0xF52A, 0xF52A, 0xF50A, 0xF50A, 0xF509, 0xED09, 0xED09,
    0xED09, 0xED09, 0xED09, 0xECE9, 0xECE9, 0xECE9, 0xECE9, 0xECE9, 0xECC9, 0xECC9, 0xECE9, 0xECE9,
    0xECCA, 0xECCA, 0xECCA, 0xECEA, 0xECEA, 0xECEA, 0xECEB, 0xED0B, 0xED0B, 0xED2C, 0xED2C, 0xF54D,
    0xF54D, 0xF56E, 0xF56D, 0xFDAF, 0xFE33, 0xFD90, 0xEBA6, 0xDA80, 0xD280, 0xD2A0, 0xD2A0, 0xCA80,
    0xCA80, 0xCA60, 0xCA60, 0xCA60, 0xC260, 0xC260, 0xC260, 0xC260, 0xC240, 0xC240, 0xC240, 0xC240,
    0xBA20, 0xBA20, 0xBA40, 0xC240, 0xC220, 0xBA20, 0xBA20, 0xBA20, 0xBA00, 0xBA00, 0xBA00, 0xBA00,
    0xBA00, 0xBA00, 0xBA00, 0xBA00, 0xBA00, 0xBA00, 0xBA00, 0xBA00, 0xBA00, 0xBA00, 0xBA00, 0xBA00,
    0xBA00, 0xBA00, 0xBA01, 0xBA01, 0xBA01, 0xBA01, 0xBA01, 0xBA21, 0xBA21, 0xBA21, 0xBA41, 0xC241,
    0xC262, 0xC241, 0xCA20, 0xE46B, 0xFEB7, 0xFE13, 0xF5B2, 0xF5D2, 0xFE55, 0xED0E, 0xC200, 0xBA41,
    0xBA21, 0xBA21, 0xBA21, 0xBA21, 0xBA21, 0xBA21, 0xBA41, 0xBA42, 0xBA62, 0xBA62, 0xBA82, 0xBA82,
    0xBA82, 0xC2A3, 0xC2C3, 0xC2E3, 0xCB04, 0xCB24, 0xD344, 0xDB85, 0xDBA6, 0xE407, 0xEBC6, 0xE363,
    0xF405, 0xEDB3, 0xDD93, 0xDD52, 0xDD30, 0xDD30, 0xDD2F, 0xDD2F, 0xE52F, 0xE52F, 0xE54F, 0xED4F,
    0xED6F, 0xF58F, 0xF5AF, 0xF5CF, 0xF5F0, 0xF5F0, 0xFE11, 0xFE31, 0xFE52, 0xF673, 0xFE50, 0xA3E9,
    0xC4AC, 0xFE51, 0xF694, 0xFE53, 0xF632, 0xF612, 0xF5F1, 0xF5F1, 0xF5D0, 0xEDB0, 0xEDB0, 0xE58F,
    0xE56F, 0xDD4F, 0xDD4F, 0xDD50, 0xD530, 0xD550, 0xD551, 0xD551, 0xD552, 0xDDB4, 0xF5F3, 0xFC65,
    0xF3C4, 0xF447, 0xF488, 0xEC47, 0xE406, 0xDBC5, 0xDBA5, 0xD384, 0xD384, 0xD384, 0xD363, 0xCB43,
    0xCB23, 0xCB22, 0xCB22, 0xC302, 0xC302, 0xC302, 0xC2E2, 0xC2E2, 0xC2E2, 0xC2E1, 0xC2E1, 0xC2E1,
    0xC2E1, 0xCAE2, 0xCAE1, 0xCAE1, 0xCAE1, 0xCAE1, 0xCAE1, 0xCAE1, 0xCAE1, 0xCAE1, 0xCAE1, 0xD2E1,
    0xD301, 0xD301, 0xD301, 0xDB21, 0xDB21, 0xE2C0, 0xF48A, 0xFEF8, 0xFE75, 0xF5F2, 0xF5F2, 0xF5D2,
    0xEDB1, 0xED90, 0xED70, 0xED6F, 0xED6F, 0xED4E, 0xED4E, 0xED4D, 0xED4D, 0xED4D, 0xED4C, 0xF54C,
    0xF54C, 0xF54C, 0xF54B, 0xF54B, 0xF54B, 0xF54B, 0xF54B, 0xF54B, 0xF54B, 0xF54B, 0xF54B, 0xF54A,
    0xF54A, 0xF54A, 0xF54A, 0xF52A, 0xF52A, 0xF52A, 0xF529, 0xF509, 0xF509, 0xF509, 0xED09, 0xED09,
    0xED09, 0xECE9, 0xECE9, 0xECE9, 0xECE9, 0xECE9, 0xECE9, 0xECC9, 0xECC9, 0xECCA, 0xECCA, 0xECCA,
    0xE4C9, 0xECC9, 0xECEA, 0xECEA, 0xECEB, 0xED0B, 0xED0B, 0xED0C, 0xED2C, 0xF52D, 0xF56E, 0xF56E,
    0xF56E, 0xFDB0, 0xFE33, 0xF52E, 0xE343, 0xDA60, 0xD280, 0xD2A1, 0xCA80, 0xCA80, 0xCA80, 0xCA60,
    0xCA60, 0xC260, 0xC260, 0xC240, 0xC240, 0xC240, 0xC240, 0xC240, 0xBA40, 0xC240, 0xC240, 0xC240,
    0xBA20, 0xBA20, 0xBA20, 0xBA20, 0xBA00, 0xBA00, 0xBA00, 0xBA00, 0xBA00, 0xBA00, 0xBA00, 0xBA00,
    0xBA00, 0xBA00, 0xBA00, 0xBA00, 0xBA00, 0xBA00, 0xBA00, 0xBA00, 0xBA00, 0xBA21, 0xBA21, 0xBA01,
    0xBA01, 0xBA21, 0xBA21, 0xBA21, 0xBA41, 0xBA41, 0xC261, 0xC261, 0xC220, 0xD2E3, 0xF5B2, 0xFED8,
    0xF5F3, 0xF5B2, 0xF5B2, 0xF591, 0xFE54, 0xDB65, 0xC220, 0xBA41, 0xBA21, 0xBA21, 0xBA21, 0xBA21,
    0xBA21, 0xBA21, 0xBA41, 0xBA41, 0xBA62, 0xBA62, 0xBA62, 0xBA82, 0xBA82, 0xC2A3, 0xC2C3, 0xC2E3,
    0xCB04, 0xCB24, 0xD344, 0xDB85, 0xDBA6, 0xE407, 0xEBC6, 0xE363, 0xF404, 0xEDB3, 0xDD94, 0xDD52,
    0xDD31, 0xDD30, 0xDD2F, 0xDD2F, 0xE52F, 0xE52E, 0xE54E, 0xED4E, 0xED6F, 0xED8F, 0xF5AF, 0xF5CF,
    0xF5F0, 0xF5F0, 0xFE11, 0xFE31, 0xFE52, 0xFE93, 0xFE50, 0xAC0A, 0xCCED, 0xFE51, 0xF694, 0xFE53,
    0xF632, 0xF612, 0xF5F1, 0xF5F1, 0xF5D0, 0xEDB0, 0xEDB0, 0xE58F, 0xE56F, 0xDD4F, 0xDD4F, 0xDD50,
    0xD550, 0xD530, 0xD551, 0xD551, 0xDD72, 0xDDB5, 0xF5F3, 0xFC45, 0xF3C4, 0xF447, 0xF488, 0xEC27,
    0xE3E6, 0xDBC5, 0xDB85, 0xD384, 0xD364, 0xD363, 0xCB43, 0xCB43, 0xCB23, 0xCB22, 0xCB22, 0xC302,
    0xC302, 0xC2E2, 0xC2E2, 0xC2E2, 0xC2E1, 0xC2E1, 0xC2E1, 0xC2E1, 0xC2E1, 0xC2E1, 0xCAE1, 0xCAE1,
    0xCAE1, 0xCAE1, 0xCAE1, 0xCAE1, 0xCAE1, 0xCAE1, 0xD2E1, 0xD301, 0xD301, 0xD301, 0xDB21, 0xDB01,
    0xE300, 0xF54E, 0xFED8, 0xF613, 0xF5F3, 0xF5F3, 0xEDD2, 0xEDB1, 0xED90, 0xED6F, 0xED6E, 0xED4E,
    0xED4E, 0xED4D, 0xED4D, 0xF56D, 0xF56D, 0xF56D, 0xF56C, 0xF56C, 0xF56C, 0xF56C, 0xFD8C, 0xFD8C,
    0xFD8C, 0xFD8C, 0xFD8C, 0xFD8C, 0xFD8C, 0xFD8C, 0xFD8C, 0xFD6B, 0xFD6B, 0xF56B, 0xFD6B, 0xF56B,
    0xF54A, 0xF54A, 0xF54A, 0xF52A, 0xF52A, 0xF52A, 0xF509, 0xF509, 0xF509, 0xECE9, 0xECE9, 0xECE9,
    0xECE9, 0xECE9, 0xECE9, 0xECE9, 0xECC9, 0xECC9, 0xECA9, 0xECA9, 0xECA9, 0xE4C9, 0xE4C9, 0xECCA,
    0xECCA, 0xE4EA, 0xE4EA, 0xE4EB, 0xECEB, 0xED0C, 0xED2C, 0xF54D, 0xF54E, 0xF54D, 0xF54E, 0xFDF1,
    0xFE13, 0xF4CC, 0xE302, 0xDA60, 0xD2A0, 0xD2A1, 0xCA80, 0xCA60, 0xCA60, 0xCA60, 0xCA60, 0xCA60,
    0xC240, 0xC240, 0xC240, 0xC240, 0xC240, 0xC240, 0xC240, 0xC240, 0xBA20, 0xBA20, 0xBA20, 0xBA20,
    0xBA20, 0xBA00, 0xBA00, 0xBA00, 0xBA00, 0xBA20, 0xBA20, 0xBA00, 0xBA00, 0xBA00, 0xBA00, 0xBA00,
    0xBA20, 0xBA20, 0xBA20, 0xBA20, 0xBA21, 0xBA21, 0xBA21, 0xBA21, 0xBA21, 0xBA21, 0xBA41, 0xC241,
    0xC241, 0xC261, 0xC240, 0xCA40, 0xE44A, 0xFE96, 0xFE76, 0xF5D3, 0xF5F4, 0xF5D3, 0xF591, 0xFE13,
    0xED2E, 0xCA20, 0xC261, 0xBA21, 0xBA21, 0xBA21, 0xBA21, 0xBA21, 0xBA21, 0xBA41, 0xBA41, 0xBA41,
    0xBA62, 0xBA62, 0xBA62, 0xBA82, 0xBA82, 0xC2A2, 0xC2C3, 0xC2E3, 0xCB03, 0xCB24, 0xD344, 0xDB85,
    0xDBA6, 0xE407, 0xEBC6, 0xEB83, 0xF404, 0xF5B3, 0xDDB4, 0xDD52, 0xDD31, 0xDD30, 0xDD2F, 0xDD2F,
    0xDD2E, 0xE54E, 0xE54E, 0xED6E, 0xED8E, 0xED8E, 0xF5AF, 0xF5CF, 0xF5F0, 0xF5F0, 0xFE11, 0xFE31,
    0xFE52, 0xF693, 0xFE50, 0xB42A, 0xDD2D, 0xFE51, 0xF694, 0xF653, 0xF632, 0xF612, 0xF5F1, 0xF5F1,
    0xEDD0, 0xEDD0, 0xEDB0, 0xE590, 0xE56F, 0xDD4F, 0xDD4F, 0xDD2F, 0xD530, 0xD530, 0xD531, 0xD551,
    0xDD72, 0xDDD5, 0xF5F3, 0xFC25, 0xF3C4, 0xF447, 0xF488, 0xE427, 0xE3E6, 0xDBA5, 0xD385, 0xD364,
    0xD364, 0xCB43, 0xCB43, 0xCB23, 0xCB23, 0xCB22, 0xCB02, 0xC302, 0xC302, 0xC302, 0xC2E2, 0xC2E2,
    0xC2E2, 0xC2C1, 0xC2C1, 0xC2E1, 0xC2E1, 0xC2E1, 0xC2E1, 0xCAE1, 0xCAE1, 0xCAE1, 0xCAE1, 0xCAE1,
    0xCAE1, 0xCAE1, 0xD301, 0xD301, 0xD301, 0xDB21, 0xDB00, 0xE301, 0xFDF2, 0xFED8, 0xF5F2, 0xF5F2,
    0xF5D2, 0xEDB1, 0xED91, 0xED70, 0xED6F, 0xED6E, 0xED4E, 0xED4D, 0xED4D, 0xED6D, 0xF56D, 0xF58D,
    0xF58D, 0xF58D, 0xF58D, 0xF58D, 0xF58D, 0xFDAD, 0xFDCE, 0xFDCE, 0xFDCE, 0xFDCE, 0xFDCE, 0xFDCE,
    0xFDCE, 0xFDCD, 0xFDCD, 0xFDCD, 0xFDCD, 0xFDCD, 0xFDAD, 0xFDAC, 0xFD8C, 0xFD8C, 0xFD8B, 0xFD6B,
    0xF56B, 0xF54A, 0xF54A, 0xF52A, 0xF529, 0xF509, 0xF509, 0xF509, 0xF4E9, 0xECE9, 0xECE9, 0xECE9,
    0xECC9, 0xECC9, 0xECA9, 0xECA9, 0xECA9, 0xE4A9, 0xE4C9, 0xECC9, 0xECC9, 0xE4CA, 0xE4CA, 0xE4CA,
    0xE4CA, 0xECEB, 0xECEB, 0xED0C, 0xED0C, 0xED2D, 0xF54E, 0xF54E, 0xF56E, 0xFE12, 0xFE13, 0xF4CB,
    0xE302, 0xDA60, 0xD280, 0xCA80, 0xCA80, 0xCA60, 0xCA60, 0xCA60, 0xC260, 0xC240, 0xC240, 0xC240,
    0xC240, 0xC240, 0xC240, 0xC240, 0xC240, 0xC240, 0xBA20, 0xBA20, 0xBA20, 0xBA20, 0xBA00, 0xBA00,
    0xBA00, 0xBA20, 0xBA20, 0xBA20, 0xBA00, 0xBA00, 0xBA20, 0xBA21, 0xBA21, 0xBA21, 0xBA21, 0xBA21,
    0xBA21, 0xBA21, 0xBA21, 0xC221, 0xBA21, 0xC241, 0xC241, 0xC261, 0xC240, 0xCA20, 0xDB86, 0xF5F3,
    0xFE97, 0xF5F3, 0xF5B2, 0xF5D3, 0xF5D3, 0xF5B2, 0xF5B1, 0xFE54, 0xD305, 0xC220, 0xBA41, 0xBA21,
    0xBA21, 0xBA21, 0xBA21, 0xBA21, 0xBA21, 0xBA41, 0xBA41, 0xBA41, 0xBA62, 0xBA62, 0xBA82, 0xBA82,
    0xC282, 0xC2A2, 0xC2C3, 0xCAE3, 0xCB03, 0xD324, 0xD344, 0xDB85, 0xDBA6, 0xE3E7, 0xEBC6, 0xEB83,
    0xF404, 0xF5D3, 0xE5B4, 0xDD52, 0xDD51, 0xDD30, 0xDD2F, 0xDD2F, 0xDD2E, 0xE54E, 0xE54E, 0xED6E,
    0xED6E, 0xED8E, 0xF5AF, 0xF5CF, 0xF5F0, 0xFDF0, 0xFE11, 0xFE31, 0xFE52, 0xF693, 0xFE50, 0xBC6B,
    0xDD4E, 0xFE31, 0xFE94, 0xFE53, 0xF632, 0xF612, 0xF5F1, 0xF5F1, 0xEDD0, 0xEDB0, 0xEDB0, 0xE590,
    0xE570, 0xDD6F, 0xDD4F, 0xDD50, 0xD530, 0xD530, 0xD531, 0xD551, 0xDD72, 0xDDD5, 0xF5F2, 0xFC24,
    0xF3A4, 0xF427, 0xEC68, 0xE407, 0xE3C6, 0xDBA5, 0xD384, 0xD364, 0xD364, 0xCB43, 0xCB23, 0xCB23,
    0xCB23, 0xCB22, 0xC302, 0xC2E2, 0xC2E2, 0xC302, 0xC302, 0xC2E2, 0xC2E2, 0xC2C1, 0xC2E1, 0xC2E1,
    0xC2E1, 0xC2E1, 0xCAE1, 0xCAE1, 0xCAE1, 0xCAE1, 0xCAE1, 0xCAE1, 0xCAE1, 0xCAE1, 0xD301, 0xD301,
    0xD301, 0xDAE0, 0xE301, 0xF613, 0xFEB7, 0xF5D2, 0xF5F2, 0xF5D2, 0xEDB1, 0xED90, 0xED6F, 0xED6F,
    0xED6E, 0xED6E, 0xED6E, 0xED6E, 0xF56E, 0xF58E, 0xF58E, 0xFDCE, 0xFDCF, 0xFDCF, 0xF5CF, 0xF5CF,
    0xF5CF, 0xFDCF, 0xFDEF, 0xFDEF, 0xFDEF, 0xFDEF, 0xFDEF, 0xFDEF, 0xFDEF, 0xFDEF, 0xFDEF, 0xFDEF,
    0xFDEE, 0xFDEE, 0xFDCE, 0xFDCE, 0xFDCD, 0xFDCD, 0xFDCD, 0xFDAC, 0xFDAC, 0xFD8C, 0xFD6B, 0xF54B,
    0xF54A, 0xF52A, 0xF52A, 0xF52A, 0xF50A, 0xF4E9, 0xECE9, 0xECE9, 0xECC9, 0xECC9, 0xECC9, 0xECC9,
    0xECC8, 0xECC9, 0xE4C9, 0xE4C9, 0xE4C9, 0xE4A9, 0xE4A9, 0xE4A9, 0xE4AA, 0xE4AA, 0xE4CA, 0xE4CB,
    0xECEB, 0xED0C, 0xED2D, 0xED2D, 0xF54E, 0xF54D, 0xF56E, 0xFDF2, 0xFDD1, 0xF4AB, 0xE303, 0xD240,
    0xCA60, 0xCA80, 0xCA80, 0xCA60, 0xCA60, 0xC240, 0xC240, 0xC240, 0xC240, 0xC240, 0xC240, 0xC240,
    0xC240, 0xC240, 0xC220, 0xBA20, 0xBA20, 0xBA20, 0xBA20, 0xBA20, 0xBA20, 0xBA20, 0xBA20, 0xBA20,
    0xBA21, 0xBA20, 0xBA21, 0xBA21, 0xBA21, 0xBA21, 0xBA21, 0xBA21, 0xBA41, 0xBA41, 0xC241, 0xC241,
    0xC261, 0xC261, 0xC240, 0xCA20, 0xDB25, 0xF570, 0xFEB7, 0xFE35, 0xF592, 0xF5B2, 0xF5B3, 0xF5B2,
    0xF5B2, 0xF591, 0xFE54, 0xED0E, 0xC9E0, 0xBA41, 0xBA21, 0xBA21, 0xBA21, 0xBA21, 0xBA21, 0xBA21,
    0xBA21, 0xBA41, 0xBA41, 0xBA41, 0xBA42, 0xBA62, 0xBA82, 0xBA82, 0xC2A2, 0xC2A3, 0xC2C3, 0xCAE3,
    0xCB03, 0xD324, 0xD344, 0xDB65, 0xDBA5, 0xE3E7, 0xEBE6, 0xEB83, 0xF404, 0xF5B2, 0xE5B5, 0xDD72,
    0xDD51, 0xDD30, 0xDD2F, 0xDD2E, 0xE52E, 0xE54E, 0xE54E, 0xED6E, 0xED8E, 0xED8E, 0xF5AF, 0xF5CF,
    0xF5F0, 0xFDF0, 0xFE11, 0xFE31, 0xFE52, 0xF673, 0xFE50, 0xC4AC, 0xE56E, 0xFE31, 0xFE94, 0xFE53,
    0xFE32, 0xF611, 0xF5F1, 0xF5F1, 0xEDD0, 0xEDB0, 0xED90, 0xE590, 0xE570, 0xDD70, 0xDD4F, 0xD530,
    0xD530, 0xD530, 0xD531, 0xD551, 0xDD72, 0xDDD5, 0xF5F2, 0xFC24, 0xF3A4, 0xF426, 0xEC68, 0xE407,
    0xE3C6, 0xDBA5, 0xD384, 0xD364, 0xCB43, 0xCB43, 0xCB23, 0xCB23, 0xCB23, 0xC302, 0xC2E2, 0xC2E2,
    0xC2E2, 0xC2E2, 0xC2E2, 0xC2E2, 0xC2C2, 0xC2E1, 0xC2E1, 0xC2E1, 0xC2E1, 0xCAE1, 0xCAE1, 0xCAE1,
    0xCAE1, 0xCAE1, 0xCAE1, 0xCAE1, 0xCAE1, 0xCAE1, 0xD301, 0xD301, 0xD2E0, 0xE301, 0xFE34, 0xFE97,
    0xF5F2, 0xF5F2, 0xF5B1, 0xEDB1, 0xED90, 0xED6F, 0xED6E, 0xED6E, 0xF58E, 0xF58E, 0xF58E, 0xF5AE,
    0xF5AF, 0xF5CF, 0xFDCF, 0xFDF0, 0xFDF0, 0xFDF0, 0xFE10, 0xFE31, 0xFE52, 0xFE73, 0xFE93, 0xFE94,
    0xFEB4, 0xFEB4, 0xFE94, 0xFEB4, 0xFEB4, 0xFED4, 0xFED4, 0xFEB4, 0xFEB3, 0xFE92, 0xFE72, 0xFE51,
    0xFE30, 0xFDEF, 0xFDEE, 0xFDCE, 0xFDCE, 0xFDCD, 0xFDAD, 0xFDAC, 0xFD8B, 0xFD6B, 0xF54B, 0xF54A,
    0xF52A, 0xF52A, 0xF509, 0xECE9, 0xECE9, 0xECC9, 0xECC8, 0xECC9, 0xECC9, 0xECC9, 0xECC9, 0xE4A9,
    0xE4A9, 0xE4A9, 0xE4A9, 0xE4A9, 0xE4A9, 0xE4A9, 0xE4A9, 0xE4AA, 0xE4AA, 0xE4CB, 0xECEB, 0xED0C,
    0xED0D, 0xED2D, 0xF52D, 0xF52D, 0xF54E, 0xFDF2, 0xFE12, 0xF4ED, 0xE344, 0xD240, 0xCA40, 0xCA60,
    0xCA81, 0xCA61, 0xCA60, 0xC240, 0xC240, 0xC240, 0xC240, 0xC240, 0xC240, 0xC240, 0xC240, 0xC220,
    0xBA20, 0xBA20, 0xBA20, 0xBA20, 0xBA20, 0xBA20, 0xBA20, 0xBA20, 0xBA20, 0xBA20, 0xBA20, 0xBA21,
    0xBA41, 0xC241, 0xC241, 0xC241, 0xC241, 0xC261, 0xC261, 0xC241, 0xC220, 0xCA40, 0xDB65, 0xF550,
    0xFE96, 0xFE55, 0xF5B2, 0xF5B2, 0xF5D3, 0xEDB2, 0xED92, 0xED71, 0xF591, 0xFDD1, 0xFE54, 0xD2E3,
    0xC220, 0xBA41, 0xBA21, 0xBA21, 0xBA21, 0xBA21, 0xBA21, 0xBA21, 0xBA21, 0xBA21, 0xBA41, 0xBA41,
    0xBA41, 0xBA62, 0xBA82, 0xBA82, 0xC2A2, 0xC2C3, 0xC2C3, 0xCAE3, 0xCB03, 0xD324, 0xD344, 0xDB65,
    0xDBA5, 0xE3E7, 0xEBE6, 0xEB83, 0xF404, 0xF5B2, 0xE5D5, 0xDD72, 0xDD31, 0xDD30, 0xDD0F, 0xDD2E,
    0xE52E, 0xE54E, 0xE54E, 0xED6E, 0xED8E, 0xED8E, 0xF5AF, 0xF5CF, 0xF5CF, 0xFDF0, 0xFE11, 0xFE31,
    0xFE52, 0xF673, 0xFE30, 0xC4CC, 0xE58E, 0xFE31, 0xFE94, 0xFE53, 0xFE32, 0xF612, 0xF5F1, 0xF5F1,
    0xEDD0, 0xEDB0, 0xED90, 0xE590, 0xE570, 0xDD4F, 0xDD4F, 0xDD30, 0xD530, 0xD530, 0xD531, 0xD551,
    0xDD52, 0xDDD5, 0xF5F2, 0xFC24, 0xEBA4, 0xF426, 0xF468, 0xE407, 0xDBC6, 0xDBA5, 0xD384, 0xD364,
    0xCB43, 0xCB43, 0xCB43, 0xCB23, 0xCB23, 0xC302, 0xC2E2, 0xC2E2, 0xC2E2, 0xC2E2, 0xC2C2, 0xC2E2,
    0xC2E2, 0xC2E1, 0xC2E1, 0xC2C1, 0xC2C1, 0xC2E1, 0xCAC1, 0xCAC1, 0xCAE1, 0xCAE1, 0xCAE1, 0xCAE1,
    0xCAE1, 0xD2E1, 0xD301, 0xD301, 0xE301, 0xF634, 0xFE96, 0xF5D2, 0xF5F2, 0xF5B1, 0xED90, 0xED90,
    0xED6F, 0xED6F, 0xF56E, 0xF58E, 0xF5AF, 0xF5CF, 0xFDD0, 0xFDD0, 0xFDF0, 0xFDF1, 0xFE32, 0xFE73,
    0xFE94, 0xFE94, 0xFE73, 0xFE31, 0xFDEF, 0xFDAD, 0xFD6B, 0xFD2A, 0xF4C8, 0xF4A7, 0xF486, 0xF486,
    0xF486, 0xF487, 0xF4A7, 0xF4E9, 0xF50A, 0xF54B, 0xFDAE, 0xFE10, 0xFE72, 0xFEB4, 0xFEB3, 0xFE92,
    0xFE51, 0xFE0F, 0xFDEE, 0xFDCE, 0xFDCD, 0xFDAD, 0xFD8C, 0xFD8B, 0xFD6B, 0xFD4A, 0xF54A, 0xF509,
    0xF509, 0xECE9, 0xECE9, 0xECC9, 0xECC8, 0xECC8, 0xECC8, 0xECA8, 0xE4A8, 0xE4A9, 0xE4A9, 0xE4A9,
    0xE4A9, 0xE4A9, 0xE489, 0xE489, 0xE4A9, 0xE4AA, 0xE4CA, 0xE4CB, 0xECEC, 0xED0C, 0xED0D, 0xED2D,
    0xF52D, 0xF52D, 0xF54E, 0xFDF1, 0xFE13, 0xF54F, 0xEBE7, 0xDAC1, 0xD240, 0xCA40, 0xCA60, 0xCA60,
    0xCA61, 0xCA61, 0xCA60, 0xC260, 0xC240, 0xC240, 0xC240, 0xC240, 0xC240, 0xC220, 0xC220, 0xC220,
    0xBA20, 0xBA20, 0xBA20, 0xBA20, 0xBA20, 0xBA20, 0xC241, 0xC241, 0xC241, 0xC261, 0xC261, 0xC261,
    0xC260, 0xCA40, 0xCA20, 0xD2A1, 0xE3E8, 0xF591, 0xFE96, 0xFE35, 0xF5B2, 0xF592, 0xEDB2, 0xEDB2,
    0xEDB2, 0xED91, 0xED71, 0xED70, 0xF570, 0xFE54, 0xEC4A, 0xCA00, 0xBA41, 0xBA21, 0xBA21, 0xBA21,
    0xBA21, 0xBA21, 0xBA21, 0xBA21, 0xBA21, 0xBA41, 0xBA41, 0xBA41, 0xBA41, 0xBA62, 0xBA82, 0xC282,
    0xC2A2, 0xC2C2, 0xCAE3, 0xCAE3, 0xCB03, 0xD324, 0xD344, 0xDB84, 0xDBA5, 0xEC06, 0xEBE6, 0xEB83,
    0xF404, 0xF5B2, 0xE5B4, 0xDD72, 0xDD31, 0xDD30, 0xDD0F, 0xDD2E, 0xDD2E, 0xE54E, 0xE54E, 0xED6E,
    0xED8E, 0xED8F, 0xF5AF, 0xF5AF, 0xF5CF, 0xFDF0, 0xFE11, 0xFE31, 0xFE52, 0xF693, 0xFE30, 0xCCEC,
    0xE5AE, 0xFE31, 0xFE94, 0xFE53, 0xFE32, 0xF612, 0xF5F1, 0xF5F1, 0xEDD0, 0xEDB0, 0xED90, 0xE56F,
    0xE56F, 0xDD4F, 0xDD4F, 0xDD30, 0xD530, 0xD530, 0xD531, 0xD551, 0xDD72, 0xDDD5, 0xF5F3, 0xFC25,
    0xEBC5, 0xF426, 0xF468, 0xE407, 0xDBC6, 0xD385, 0xD364, 0xD344, 0xCB43, 0xCB43, 0xCB23, 0xCB23,
    0xCB22, 0xC302, 0xC2E2, 0xC2E2, 0xC2E2, 0xC2E2, 0xC2C2, 0xC2E2, 0xC2E1, 0xC2E1, 0xC2E1, 0xC2C1,
    0xC2C1, 0xC2C1, 0xC2C1, 0xCAC1, 0xCAC1, 0xCAC1, 0xCAE1, 0xCAE1, 0xCAE1, 0xD2E1, 0xD2E1, 0xE301,
    0xF613, 0xFE96, 0xF5D1, 0xF5D2, 0xF5B1, 0xED90, 0xED8F, 0xED6F, 0xF56F, 0xF58F, 0xF5AF, 0xF5D0,
    0xFDD0, 0xFDF0, 0xFE11, 0xFE74, 0xFEB5, 0xFEB4, 0xFE31, 0xFD8D, 0xF4C8, 0xF445, 0xF3C2, 0xF381,
    0xEB60, 0xEB40, 0xEB40, 0xEB40, 0xEB40, 0xEB40, 0xEB40, 0xEB40, 0xEB40, 0xEB40, 0xEB20, 0xEB20,
    0xEB20, 0xEB20, 0xEB20, 0xEB40, 0xF381, 0xF404, 0xF4A7, 0xF54C, 0xFDEF, 0xFE72, 0xFEB3, 0xFE92,
    0xFE30, 0xFDEE, 0xFDCD, 0xFDCD, 0xFDAC, 0xFD8C, 0xFD6B, 0xF54A, 0xF52A, 0xF529, 0xF509, 0xECE9,
    0xECE9, 0xECE9, 0xECC8, 0xECC8, 0xE4A8, 0xE4A8, 0xE4A8, 0xE4A8, 0xE488, 0xE488, 0xE488, 0xE489,
    0xE489, 0xE489, 0xE4AA, 0xE4AA, 0xE4AA, 0xE4CB, 0xECEC, 0xECEC, 0xECEC, 0xED0D, 0xED2D, 0xF52D,
    0xF52E, 0xF5B0, 0xFE12, 0xFDD1, 0xF4EC, 0xEBA7, 0xDAC1, 0xD240, 0xCA20, 0xCA40, 0xCA60, 0xCA60,
    0xCA61, 0xCA61, 0xC261, 0xC261, 0xC240, 0xC240, 0xC240, 0xC240, 0xC220, 0xC220, 0xC220, 0xC241,
    0xC241, 0xC261, 0xC261, 0xC261, 0xC261, 0xC240, 0xCA20, 0xCA20, 0xD2A1, 0xE3A6, 0xED0E, 0xFE34,
    0xFE76, 0xFDF4, 0xF591, 0xED92, 0xEDB2, 0xEDB2, 0xED92, 0xED92, 0xED91, 0xED71, 0xED70, 0xF570,
    0xFDF2, 0xF590, 0xD240, 0xC241, 0xBA21, 0xBA21, 0xBA21, 0xB221, 0xB221, 0xB221, 0xBA21, 0xBA21,
    0xBA21, 0xBA41, 0xBA41, 0xBA41, 0xBA61, 0xBA62, 0xBA82, 0xC282, 0xC2A2, 0xC2C2, 0xCAC3, 0xCAE3,
    0xCB03, 0xD344, 0xD364, 0xDB84, 0xE3A5, 0xEC06, 0xEC05, 0xEB83, 0xF404, 0xF5B2, 0xDDB4, 0xDD52,
    0xDD31, 0xDD30, 0xDD2F, 0xDD2E, 0xE52E, 0xE54E, 0xE54E, 0xED6E, 0xED8E, 0xF5AF, 0xF5AF, 0xF5AF,
    0xF5CF, 0xFDF0, 0xFE11, 0xFE31, 0xFE52, 0xF693, 0xFE30, 0xCCEC, 0xE5AF, 0xFE51, 0xFE94, 0xFE53,
    0xFE32, 0xF612, 0xF5F1, 0xF5F1, 0xEDD0, 0xEDB0, 0xE58F, 0xE56F, 0xE56F, 0xDD4F, 0xDD4F, 0xDD30,
    0xD530, 0xD530, 0xD531, 0xD551, 0xDD72, 0xDDD5, 0xEDF3, 0xFC25, 0xF3C4, 0xF427, 0xEC48, 0xE407,
    0xDBC6, 0xD385, 0xD364, 0xD344, 0xCB43, 0xCB23, 0xCB23, 0xCB23, 0xC302, 0xC302, 0xC2E2, 0xC2E2,
    0xC2C2, 0xC2C2, 0xC2C2, 0xC2C2, 0xC2E1, 0xC2E1, 0xC2E1, 0xC2C1, 0xC2C1, 0xC2C1, 0xC2C1, 0xC2C1,
    0xCAC1, 0xCAC1, 0xCAC1, 0xCAE1, 0xCAE1, 0xD2E1, 0xDAA0, 0xF5B2, 0xFEB7, 0xF5D2, 0xF5B1, 0xED90,
    0xED90, 0xF590, 0xF56F, 0xF58F, 0xF5AF, 0xF5D0, 0xF5D0, 0xFDF1, 0xFE53, 0xFEB5, 0xFE74, 0xFDCF,
    0xF4E9, 0xF404, 0xF380, 0xEB40, 0xEB20, 0xE320, 0xE340, 0xE340, 0xE361, 0xE361, 0xE341, 0xE341,
    0xE341, 0xE341, 0xE341, 0xE341, 0xE341, 0xE341, 0xE341, 0xE341, 0xE341, 0xE340, 0xE340, 0xE340,
    0xE340, 0xE320, 0xE320, 0xEB20, 0xEB60, 0xF3C2, 0xF467, 0xFD6C, 0xFE31, 0xFEB3, 0xFE92, 0xFE0F,
    0xFDCD, 0xFDAC, 0xFDAC, 0xFD8C, 0xFD6B, 0xF54A, 0xF52A, 0xF52A, 0xF509, 0xF4E9, 0xECE9, 0xECC8,
    0xECC8, 0xECA8, 0xECA8, 0xE4A8, 0xE488, 0xE488, 0xE488, 0xE488, 0xE489, 0xE489, 0xE489, 0xE489,
    0xE48A, 0xE4AA, 0xE4CB, 0xE4CB, 0xE4CB, 0xECCC, 0xECEC, 0xED0D, 0xED0D, 0xED0D, 0xF50D, 0xF54E,
    0xFDD1, 0xFE13, 0xFDF2, 0xF54E, 0xEC6A, 0xE365, 0xD2C1, 0xD260, 0xD240, 0xCA40, 0xCA20, 0xCA40,
    0xCA40, 0xCA40, 0xCA40, 0xC240, 0xC240, 0xC220, 0xC220, 0xC220, 0xC200, 0xCA20, 0xCA20, 0xD260,
    0xD2A1, 0xDB24, 0xE409, 0xED0E, 0xF613, 0xFE75, 0xFE34, 0xF5B2, 0xF571, 0xED71, 0xED92, 0xED92,
    0xED92, 0xED72, 0xED71, 0xED71, 0xED50, 0xED70, 0xF570, 0xF5B1, 0xFE33, 0xDB04, 0xC220, 0xC241,
    0xBA21, 0xBA21, 0xBA21, 0xB221, 0xB221, 0xB221, 0xBA21, 0xBA21, 0xBA21, 0xBA41, 0xBA41, 0xBA41,
    0xBA61, 0xBA62, 0xBA82, 0xC282, 0xC2A2, 0xC2C2, 0xCAC3, 0xCAE3, 0xCB03, 0xD323, 0xD364, 0xDB84,
    0xE3C5, 0xEC26, 0xF405, 0xEBA3, 0xFC24, 0xF5D3, 0xDDB4, 0xDD52, 0xDD31, 0xDD30, 0xDD2F, 0xDD2F,
    0xDD2E, 0xE54E, 0xE54E, 0xED6E, 0xED8E, 0xF5AF, 0xF5AF, 0xF5CF, 0xF5F0, 0xFDF0, 0xFE11, 0xFE31,
    0xFE52, 0xF693, 0xFE30, 0xCCCC, 0xE58E, 0xFE51, 0xFE94, 0xFE53, 0xFE32, 0xF612, 0xF5F1, 0xF5F1,
    0xEDD0, 0xEDB0, 0xED8F, 0xE56F, 0xE56F, 0xDD4F, 0xDD4F, 0xDD2F, 0xD530, 0xD530, 0xD531, 0xD552,
    0xDD72, 0xDDD5, 0xF614, 0xFC45, 0xF3C4, 0xF426, 0xEC48, 0xE3E6, 0xDBA6, 0xD385, 0xD364, 0xD364,
    0xCB43, 0xCB23, 0xCB23, 0xCB23, 0xC302, 0xC302, 0xC2E2, 0xC2C2, 0xC2C2, 0xC2C2, 0xC2C1, 0xC2C1,
    0xC2C1, 0xC2E1, 0xC2E1, 0xC2C1, 0xC2A1, 0xC2A1, 0xC2A1, 0xC2A1, 0xC2A1, 0xCAC1, 0xCAC1, 0xCAE1,
    0xD301, 0xD2A0, 0xF50E, 0xFEB7, 0xF5D2, 0xF5D2, 0xED90, 0xED70, 0xF56F, 0xF58F, 0xF5B0, 0xF5B0,
    0xFDD0, 0xFE11, 0xFE94, 0xFE94, 0xFDEF, 0xF4C8, 0xF3C2, 0xEB40, 0xEB40, 0xEB40, 0xE340, 0xE341,
    0xE341, 0xE320, 0xDB20, 0xDB20, 0xDB20, 0xDB20, 0xDB20, 0xDB20, 0xDB20, 0xDB20, 0xDB20, 0xDB20,
    0xDB20, 0xDB20, 0xDB20, 0xDB20, 0xDB20, 0xDB00, 0xDB00, 0xDB20, 0xDB20, 0xDB20, 0xDB20, 0xE341,
    0xE340, 0xE340, 0xE320, 0xEB00, 0xF360, 0xF446, 0xF54B, 0xFE30, 0xFE92, 0xFE50, 0xFDEE, 0xFDCD,
    0xFDAD, 0xFD8C, 0xFD6B, 0xFD6B, 0xF54A, 0xF509, 0xF4E9, 0xECE9, 0xECC9, 0xECC9, 0xECA8, 0xECA8,
    0xE488, 0xE488, 0xE488, 0xE488, 0xE468, 0xE468, 0xE469, 0xE469, 0xE469, 0xE48A, 0xE48A, 0xE4AA,
    0xE4AB, 0xE4AB, 0xE4CB, 0xE4CC, 0xE4EC, 0xE4ED, 0xED0D, 0xED0D, 0xED0D, 0xF52E, 0xF54F, 0xF5B0,
    0xFDF2, 0xFE13, 0xFDD2, 0xF56F, 0xF4EC, 0xEC6A, 0xE3C7, 0xDB65, 0xDB24, 0xDAE3, 0xDAC2, 0xD2C2,
    0xD2C2, 0xDAC2, 0xDAE3, 0xDB45, 0xE3A6, 0xE409, 0xECAC, 0xF590, 0xFDF3, 0xFE55, 0xFE55, 0xFDF3,
    0xF5B2, 0xF571, 0xED51, 0xED71, 0xED92, 0xED72, 0xED71, 0xED51, 0xED71, 0xED51, 0xED50, 0xED50,
    0xED50, 0xF570, 0xF590, 0xFE75, 0xE408, 0xCA00, 0xC261, 0xBA21, 0xBA21, 0xBA21, 0xB221, 0xB221,
    0xB221, 0xB221, 0xBA21, 0xBA21, 0xBA21, 0xBA41, 0xBA41, 0xBA41, 0xBA61, 0xBA62, 0xBA82, 0xC282,
    0xC2A2, 0xC2C2, 0xCAC2, 0xCAE3, 0xCB03, 0xD323, 0xD344, 0xDB84, 0xE3C5, 0xEC06, 0xEBE5, 0xEBA3,
    0xFC24, 0xEDB2, 0xDDB4, 0xDD52, 0xDD51, 0xDD30, 0xDD2F, 0xDD2F, 0xDD2E, 0xE54E, 0xE54E, 0xED6E,
    0xED8E, 0xF5AF, 0xF5AF, 0xF5CF, 0xF5F0, 0xFDF0, 0xFE11, 0xFE31, 0xFE52, 0xF693, 0xFE30, 0xC48B,
    0xE58E, 0xFE31, 0xFE94, 0xFE53, 0xFE32, 0xF612, 0xF5F1, 0xF5F1, 0xEDD0, 0xEDB0, 0xED8F, 0xE56F,
    0xE56F, 0xE54F, 0xDD2F, 0xDD2F, 0xD530, 0xD530, 0xD530, 0xD551, 0xDD73, 0xDDD5, 0xF635, 0xFC45,
    0xEBC4, 0xF406, 0xEC48, 0xE3E6, 0xDBA6, 0xDB85, 0xD364, 0xD364, 0xCB43, 0xCB43, 0xCB03, 0xCB03,
    0xC302, 0xC302, 0xC2E2, 0xC2C2, 0xC2C2, 0xC2C1, 0xC2C1, 0xC2C1, 0xC2C1, 0xC2C1, 0xC2C1, 0xC2A1,
    0xC2A1, 0xC2A1, 0xC2A1, 0xC2A1, 0xC2C1, 0xCAC1, 0xCAC1, 0xCB01, 0xD2A0, 0xEC6A, 0xFEB7, 0xF5D1,
    0xF5D1, 0xF590, 0xF590, 0xF56F, 0xF58F, 0xF5B0, 0xF5D0, 0xFE32, 0xFEB5, 0xFE74, 0xFD4C, 0xF404,
    0xEB40, 0xEB20, 0xE340, 0xE361, 0xE361, 0xE341, 0xDB20, 0xDB20, 0xDB00, 0xDB00, 0xDB20, 0xDB21,
    0xDB20, 0xDB20, 0xDB20, 0xDB00, 0xDB00, 0xDB00, 0xDB00, 0xDB00, 0xDB20, 0xDB20, 0xDB20, 0xDB00,
    0xDB00, 0xDAE0, 0xDAE0, 0xDB00, 0xDB00, 0xDB00, 0xDB00, 0xDB00, 0xDB00, 0xDB20, 0xDB20, 0xDB20,
    0xE340, 0xE320, 0xE300, 0xEB61, 0xF487, 0xFDCE, 0xFE72, 0xFE71, 0xFDEE, 0xFDCD, 0xFDCD, 0xFDAC,
    0xF56B, 0xF54A, 0xF52A, 0xF509, 0xF4E9, 0xECE9, 0xECC9, 0xECA8, 0xECA8, 0xE4A8, 0xE488, 0xE488,
    0xE488, 0xE468, 0xE469, 0xE469, 0xE469, 0xE469, 0xE469, 0xE48A, 0xE48A, 0xE48B, 0xE4AB, 0xE4AB,
    0xE4AB, 0xE4CC, 0xE4CC, 0xE4CD, 0xE4ED, 0xED0D, 0xED0D, 0xED0D, 0xED0D, 0xED0E, 0xF54F, 0xF590,
    0xF5D1, 0xFDF2, 0xFE13, 0xFE13, 0xFDF2, 0xFDF2, 0xFDF2, 0xFDF2, 0xFDF2, 0xFE13, 0xFE13, 0xFE34,
    0xFE34, 0xFE13, 0xF5F3, 0xF5D2, 0xF5B1, 0xF570, 0xED50, 0xED51, 0xED71, 0xED71, 0xED71, 0xED71,
    0xE571, 0xE551, 0xE550, 0xE550, 0xE550, 0xE550, 0xED2F, 0xED2F, 0xF56F, 0xF570, 0xFE74, 0xED0E,
    0xCA20, 0xC261, 0xBA21, 0xBA21, 0xBA21, 0xBA21, 0xB221, 0xB221, 0xB221, 0xBA21, 0xBA21, 0xBA21,
    0xBA41, 0xBA41, 0xBA41, 0xBA61, 0xBA61, 0xBA61, 0xBA82, 0xC2A2, 0xC2A2, 0xC2C2, 0xCAC2, 0xCAE2,
    0xCB03, 0xD323, 0xDB64, 0xDB84, 0xE3C5, 0xEC06, 0xEBC4, 0xEB83, 0xFC24, 0xEDB3, 0xDDB4, 0xDD52,
    0xDD51, 0xDD30, 0xDD2F, 0xDD2F, 0xDD2E, 0xE54E, 0xE54E, 0xED6E, 0xED6E, 0xF58F, 0xF5AF, 0xF5CF,
    0xF5F0, 0xFDF0, 0xFE11, 0xFE31, 0xFE52, 0xF673, 0xFE30, 0xBC4A, 0xDD6E, 0xFE51, 0xFE94, 0xFE73,
    0xFE32, 0xFE12, 0xF5F1, 0xF5F0, 0xEDD0, 0xEDB0, 0xED90, 0xE56F, 0xE54F, 0xDD4F, 0xDD2F, 0xDD2F,
    0xD530, 0xD530, 0xD530, 0xD551, 0xDD73, 0xDDD5, 0xEE35, 0xFC46, 0xEBA4, 0xF406, 0xEC48, 0xE3E7,
    0xDBA6, 0xDB85, 0xD364, 0xD344, 0xCB43, 0xCB43, 0xCB03, 0xC303, 0xC302, 0xC302, 0xC2C2, 0xC2C2,
    0xC2C2, 0xC2C1, 0xC2A1, 0xC2A1, 0xC2C1, 0xC2C1, 0xC2C1, 0xC2C1, 0xC2A1, 0xC2A1, 0xC2A1, 0xC2A1,
    0xCAC1, 0xCAC1, 0xCAE1, 0xD2A0, 0xE3A6, 0xFEB8, 0xF5F3, 0xF5B1, 0xF590, 0xF590, 0xF590, 0xF5B0,
    0xF5B0, 0xFE12, 0xFEB5, 0xFE53, 0xF4EA, 0xF382, 0xEB20, 0xE320, 0xE341, 0xE341, 0xDB21, 0xDB21,
    0xDB21, 0xDB00, 0xDB00, 0xDB00, 0xDB00, 0xDB00, 0xDB01, 0xDB00, 0xDB00, 0xDB00, 0xDB01, 0xDB01,
    0xD300, 0xD301, 0xD300, 0xD2E0, 0xD300, 0xD300, 0xD300, 0xD300, 0xD2E0, 0xD2E0, 0xD2E0, 0xD300,
    0xD300, 0xD300, 0xDB00, 0xD2E0, 0xD2E0, 0xD2E0, 0xDAE0, 0xDB00, 0xDB00, 0xDB00, 0xDB20, 0xE320,
    0xE300, 0xEB20, 0xF3E4, 0xFD4C, 0xFE52, 0xFE72, 0xFE0F, 0xFDCD, 0xFDAD, 0xFD8C, 0xF56B, 0xF54A,
    0xF52A, 0xF4EA, 0xECC9, 0xECC9, 0xECC8, 0xECA8, 0xECA8, 0xE488, 0xE488, 0xE488, 0xE468, 0xE468,
    0xE449, 0xE469, 0xE469, 0xE469, 0xE489, 0xE46A, 0xE48A, 0xDC8A, 0xE48A, 0xE48B, 0xE4AB, 0xE4AB,
    0xE4CC, 0xE4CC, 0xE4CD, 0xE4ED, 0xE4ED, 0xED0E, 0xED0E, 0xED0E, 0xED0E, 0xECEE, 0xED0E, 0xED0E,
    0xED0E, 0xED2E, 0xED2F, 0xED2F, 0xED2F, 0xED4F, 0xED4F, 0xED2F, 0xED2F, 0xED2F, 0xED2F, 0xED30,
    0xED50, 0xED71, 0xED71, 0xED51, 0xED51, 0xE551, 0xE530, 0xE530, 0xE530, 0xE530, 0xE52F, 0xE52F,
    0xE52F, 0xE52F, 0xED2F, 0xED4F, 0xF56F, 0xFE33, 0xF5B1, 0xD280, 0xCA61, 0xC241, 0xBA21, 0xBA21,
    0xBA21, 0xBA21, 0xB221, 0xB221, 0xB221, 0xBA21, 0xBA21, 0xBA21, 0xBA41, 0xBA41, 0xBA41, 0xBA61,
    0xBA61, 0xBA61, 0xBA82, 0xC2A2, 0xC2A2, 0xCAC2, 0xCAE2, 0xCAE2, 0xD303, 0xD323, 0xDB64, 0xDB84,
    0xE3C5, 0xEC06, 0xEBC4, 0xEB83, 0xFC25, 0xEDD4, 0xDDB4, 0xDD72, 0xDD51, 0xDD30, 0xDD2F, 0xDD2F,
    0xE52E, 0xE54E, 0xE54E, 0xED4F, 0xED8E, 0xED8E, 0xF5AF, 0xF5CF, 0xF5F0, 0xFDF0, 0xFE11, 0xFE31,
    0xFE52, 0xF673, 0xFE50, 0xB42A, 0xD54D, 0xFE51, 0xFE94, 0xFE53, 0xFE32, 0xFE12, 0xF5F1, 0xF5F0,
    0xEDD0, 0xEDB0, 0xED8F, 0xE56F, 0xE54F, 0xDD2F, 0xDD2F, 0xDD2F, 0xD52F, 0xD530, 0xD531, 0xD551,
    0xDD73, 0xDDB5, 0xEE15, 0xFC66, 0xF3C4, 0xEBE6, 0xEC28, 0xE3E7, 0xDBA6, 0xDB85, 0xD364, 0xD344,
    0xCB24, 0xCB23, 0xC303, 0xC303, 0xC2E2, 0xC2E2, 0xC2C2, 0xC2C2, 0xC2C2, 0xC2C1, 0xC2A1, 0xC2A1,
    0xC2A1, 0xC2C1, 0xC2C1, 0xC2A1, 0xC2C1, 0xC2A1, 0xC2A1, 0xCAC1, 0xCAC1, 0xCAC1, 0xCAC1, 0xDAE1,
    0xFE56, 0xFE34, 0xF5D2, 0xF5B1, 0xF590, 0xF5B0, 0xF5B0, 0xFDF1, 0xFE94, 0xFE53, 0xF4A9, 0xEB21,
    0xE2E0, 0xE320, 0xDB21, 0xDB21, 0xDB20, 0xDB01, 0xDB01, 0xDB01, 0xDB01, 0xDB00, 0xD2E1, 0xD2E1,
    0xD2E0, 0xDAE0, 0xD301, 0xDB01, 0xD301, 0xD2E1, 0xD2E0, 0xD2E0, 0xD2E0, 0xD2E0, 0xD2E0, 0xD2E0,
    0xD2E0, 0xD2E1, 0xD2E0, 0xD2E0, 0xD2E0, 0xD2E0, 0xD2E0, 0xD2E0, 0xD2E0, 0xD2E0, 0xD2E0, 0xD2E0,
    0xD2E0, 0xD2E0, 0xD2E0, 0xD2E0, 0xD2E0, 0xD2E0, 0xDAE0, 0xDB00, 0xDB00, 0xDB20, 0xE300, 0xEAE0,
    0xF383, 0xF50B, 0xFE51, 0xFE51, 0xFDEE, 0xFDAD, 0xFDAD, 0xFD8C, 0xF54B, 0xF52A, 0xF50A, 0xF4EA,
    0xECC9, 0xECC9, 0xECA8, 0xE488, 0xE488, 0xE488, 0xE488, 0xE468, 0xE468, 0xE468, 0xE469, 0xE469,
    0xDC69, 0xDC69, 0xDC69, 0xDC6A, 0xDC6A, 0xDC6A, 0xDC6A, 0xDC6A, 0xDC8B, 0xE48B, 0xE4AC, 0xE4AC,
    0xE4CC, 0xE4CD, 0xE4CD, 0xE4ED, 0xE4ED, 0xE4ED, 0xE4EE, 0xE4EE, 0xE4EE, 0xE50E, 0xE50E, 0xE50E,
    0xE50F, 0xE52F, 0xE52F, 0xE52F, 0xE530, 0xE530, 0xE530, 0xE530, 0xE530, 0xE530, 0xE530, 0xE530,
    0xE530, 0xE510, 0xE50F, 0xE50F, 0xE50F, 0xE50F, 0xE50F, 0xE50F, 0xE52F, 0xED2F, 0xED6F, 0xF590,
    0xFE12, 0xF5F2, 0xDAA2, 0xCA60, 0xC261, 0xBA41, 0xBA21, 0xBA21, 0xBA21, 0xBA21, 0xBA21, 0xBA21,
    0xBA21, 0xBA21, 0xBA21, 0xBA21, 0xBA21, 0xBA41, 0xBA41, 0xBA61, 0xBA61, 0xBA81, 0xC282, 0xC2A2,
    0xC2C2, 0xCAC2, 0xCAE2, 0xCB02, 0xD303, 0xD323, 0xDB63, 0xE384, 0xE3C4, 0xEC05, 0xEBC4, 0xEB82,
    0xFC46, 0xEDF5, 0xE594, 0xDD72, 0xDD51, 0xDD30, 0xDD2F, 0xDD2F, 0xE52E, 0xE54E, 0xE54E, 0xED6F,
    0xED6F, 0xED8E, 0xF5AF, 0xF5CF, 0xF5F0, 0xFDF0, 0xFE11, 0xFE31, 0xFE52, 0xF673, 0xFE50, 0xAC2A,
    0xCCED, 0xFE51, 0xFE94, 0xFE53, 0xF632, 0xF612, 0xF5F1, 0xF5F1, 0xF5D0, 0xEDB0, 0xED8F, 0xE56F,
    0xE54F, 0xDD4F, 0xDD2F, 0xDD2F, 0xD50F, 0xD530, 0xD531, 0xD551, 0xDD72, 0xDDB4, 0xEE36, 0xFC87,
    0xF3C4, 0xF3E6, 0xEC48, 0xE3E7, 0xDBA6, 0xDB85, 0xD364, 0xD344, 0xCB23, 0xCB03, 0xC303, 0xC2E2,
    0xC2E2, 0xC2E2, 0xC2C2, 0xC2C2, 0xC2A2, 0xC2A1, 0xBAA1, 0xC2A1, 0xC2A1, 0xC2A1, 0xC2A1, 0xC2A1,
    0xC2A1, 0xC2A1, 0xC2A1, 0xCAC1, 0xCAC1, 0xCAE1, 0xD280, 0xED50, 0xFE96, 0xF5D1, 0xF5B1, 0xF590,
    0xF5B0, 0xFDD0, 0xFE53, 0xFE94, 0xF54C, 0xEB62, 0xE2E0, 0xE320, 0xDB21, 0xDB01, 0xDB01, 0xDB01,
    0xDB01, 0xDB01, 0xDB01, 0xD301, 0xD2E1, 0xD2E1, 0xD2E1, 0xD2E0, 0xD2E0, 0xD2E0, 0xD2E1, 0xD2E0,
    0xD2E0, 0xD2E0, 0xD2E0, 0xD2E0, 0xD2E0, 0xD2E0, 0xD2E0, 0xD2E0, 0xD2E0, 0xD2E0, 0xD2E1, 0xD2E1,
    0xD2E1, 0xD2E0, 0xD2E0, 0xD2E0, 0xD2E1, 0xD2E0, 0xD2E0, 0xD2E1, 0xD2E0, 0xD2C0, 0xD2C0, 0xD2C0,
    0xD2E0, 0xD2E0, 0xD2E0, 0xD2E0, 0xD2E0, 0xDAE0, 0xDB00, 0xDB20, 0xDB00, 0xE2E0, 0xEB82, 0xF50A,
    0xFE52, 0xFE51, 0xFDCE, 0xFDAD, 0xF58C, 0xF56B, 0xF54B, 0xF52A, 0xF50A, 0xF4E9, 0xECC9, 0xECA8,
    0xECA8, 0xEC88, 0xE488, 0xE488, 0xE488, 0xE488, 0xE468, 0xE469, 0xE469, 0xDC69, 0xDC49, 0xDC69,
    0xDC69, 0xDC49, 0xDC49, 0xDC4A, 0xDC6A, 0xDC6A, 0xDC8B, 0xDC8B, 0xE48C, 0xE48C, 0xE4AC, 0xE4AC,
    0xE4AC, 0xE4CD, 0xE4CD, 0xE4CD, 0xE4CD, 0xE4ED, 0xE4EE, 0xE4EE, 0xE4EE, 0xE50E, 0xE50E, 0xE50F,
    0xE50F, 0xE50F, 0xE50F, 0xE50F, 0xE50F, 0xE50F, 0xE50F, 0xE50F, 0xE4EF, 0xE4EE, 0xE4EE, 0xDCEE,
    0xE4EE, 0xE50E, 0xE50E, 0xED2E, 0xED2F, 0xED4F, 0xF590, 0xFE32, 0xFE13, 0xDAE3, 0xCA40, 0xC261,
    0xC241, 0xBA41, 0xBA21, 0xBA21, 0xBA21, 0xB221, 0xB221, 0xB221, 0xB221, 0xBA21, 0xBA21, 0xBA21,
    0xBA41, 0xBA41, 0xBA41, 0xBA61, 0xBA61, 0xBA81, 0xC282, 0xC2A2, 0xCAC2, 0xCAE2, 0xCAE2, 0xCB02,
    0xD323, 0xD343, 0xDB63, 0xE384, 0xE3C4, 0xEC05, 0xEBC4, 0xEB82, 0xFC67, 0xEE16, 0xE593, 0xDD52,
    0xDD31, 0xDD30, 0xDD2F, 0xDD2E, 0xE52E, 0xE54E, 0xE54F, 0xED6F, 0xED6F, 0xED8E, 0xF5AF, 0xF5CF,
    0xF5EF, 0xFDF0, 0xFE11, 0xFE31, 0xFE52, 0xF673, 0xFE50, 0xA3C9, 0xBC8C, 0xFE51, 0xF694, 0xFE53,
    0xF632, 0xF612, 0xF5F1, 0xF5F1, 0xF5D0, 0xEDB0, 0xED8F, 0xE56F, 0xE54F, 0xDD4F, 0xDD4F, 0xDD2F,
    0xDD0F, 0xD530, 0xD531, 0xD551, 0xDD72, 0xDD94, 0xEE37, 0xFCA8, 0xF3C4, 0xF3E5, 0xF448, 0xE407,
    0xDBA6, 0xDB85, 0xD365, 0xCB44, 0xCB23, 0xCB03, 0xC303, 0xC2E2, 0xC2E2, 0xC2C2, 0xC2C2, 0xC2C2,
    0xC2A2, 0xC2A1, 0xBAA1, 0xBAA1, 0xC2A1, 0xC2A1, 0xC2A1, 0xC2A1, 0xC2A1, 0xC2A1, 0xC2A1, 0xCAC1,
    0xCAE1, 0xD2A0, 0xE408, 0xFEB7, 0xF5B1, 0xF5B1, 0xF5B1, 0xF5B0, 0xFDF2, 0xFE95, 0xFDAF, 0xF3C4,
    0xE300, 0xDB20, 0xDB21, 0xDB01, 0xDB01, 0xDB01, 0xD301, 0xD301, 0xD301, 0xD2E1, 0xD2E1, 0xD2E1,
    0xD2E1, 0xD2E1, 0xD2E1, 0xD2E1, 0xD2E1, 0xD2E1, 0xD2E1, 0xD2E1, 0xD2E0, 0xD2C0, 0xD2C0, 0xD2C0,
    0xD2C0, 0xD2E1, 0xD2E1, 0xD2E0, 0xD2E0, 0xD2E1, 0xD2E1, 0xD2E1, 0xD2E1, 0xD2E1, 0xD2E0, 0xD2E0,
    0xD2E1, 0xD2E1, 0xD2E1, 0xD2E1, 0xD2C1, 0xD2C0, 0xD2C0, 0xD2C0, 0xD2C0, 0xD2C0, 0xD2E0, 0xD2E0,
    0xD2E0, 0xD2E0, 0xD2E0, 0xD300, 0xDB00, 0xDB00, 0xDB00, 0xE2E0, 0xEB83, 0xF56D, 0xFE72, 0xFE30,
    0xFDAD, 0xFDAD, 0xFD8C, 0xFD6B, 0xF54B, 0xF52A, 0xF4E9, 0xECC9, 0xECC9, 0xECA9, 0xECA8, 0xECA8,
    0xE488, 0xE488, 0xE488, 0xE468, 0xE468, 0xDC68, 0xDC48, 0xDC48, 0xDC49, 0xDC49, 0xDC49, 0xDC49,
    0xDC6A, 0xDC6A, 0xDC6A, 0xDC6B, 0xDC6B, 0xDC6B, 0xDC8B, 0xDCAB, 0xDCAC, 0xDCAC, 0xDCAC, 0xDCAC,
    0xDCAD, 0xE4AD, 0xE4CD, 0xE4CD, 0xE4CD, 0xE4CD, 0xDCCE, 0xDCCE, 0xDCCE, 0xDCCE, 0xDCEE, 0xDCEE,
    0xE4EE, 0xE4EE, 0xE4EE, 0xDCCE, 0xDCCE, 0xE4EE, 0xE4CE, 0xE4EE, 0xE4EE, 0xE50E, 0xED2E, 0xED2F,
    0xF56F, 0xF56F, 0xFE32, 0xFE33, 0xDAE3, 0xCA40, 0xC261, 0xC241, 0xBA41, 0xBA21, 0xBA21, 0xBA21,
    0xB221, 0xB221, 0xB221, 0xB221, 0xB221, 0xBA21, 0xBA41, 0xBA41, 0xBA41, 0xBA41, 0xBA41, 0xBA61,
    0xBA61, 0xC281, 0xC2A2, 0xC2A2, 0xCAC2, 0xCAE2, 0xCAE2, 0xD302, 0xD323, 0xDB43, 0xDB63, 0xE3A4,
    0xEBC4, 0xF405, 0xEBC4, 0xF3C3, 0xFCA8, 0xEE16, 0xDD93, 0xDD52, 0xDD31, 0xDD30, 0xDD2F, 0xDD2E,
    0xDD2E, 0xE54E, 0xED6F, 0xED6F, 0xED6F, 0xF58F, 0xF5AF, 0xF5CF, 0xF5EF, 0xFDF0, 0xFE11, 0xFE31,
    0xFE72, 0xF673, 0xFE2F, 0x8B68, 0xB44B, 0xFE51, 0xF694, 0xFE73, 0xFE32, 0xF612, 0xF5F1, 0xF5F1,
    0xF5D0, 0xEDB0, 0xED8F, 0xE56F, 0xE56F, 0xDD4F, 0xDD2F, 0xDD2F, 0xD530, 0xD530, 0xD530, 0xD551,
    0xD552, 0xDD73, 0xE617, 0xFCEA, 0xF3E4, 0xF3E5, 0xF447, 0xEC07, 0xDBC6, 0xD385, 0xD344, 0xCB24,
    0xCB03, 0xCB03, 0xC2E3, 0xC2E3, 0xC2E2, 0xC2C2, 0xC2C2, 0xC2C2, 0xC2C2, 0xBAA2, 0xBAA1, 0xBAA1,
    0xC2A1, 0xC2A1, 0xC2A1, 0xC2A1, 0xC2A1, 0xC2A1, 0xC2C1, 0xCAC1, 0xCAC1, 0xDB03, 0xF676, 0xFDF3,
    0xF5B1, 0xF5B1, 0xF5B1, 0xFE54, 0xFE95, 0xF4A9, 0xEB00, 0xE300, 0xDB21, 0xDB01, 0xDAE1, 0xD2E1,
    0xD2E1, 0xD2E1, 0xD2E1, 0xD2E1, 0xD2E1, 0xD2E1, 0xD2E1, 0xD2E1, 0xD2E1, 0xD2E1, 0xD2E1, 0xD2E1,
    0xD2E1, 0xD2E1, 0xD2C0, 0xD2C1, 0xD2C0, 0xD2C0, 0xD2C0, 0xD2C0, 0xD2C1, 0xD2E1, 0xD2E1, 0xD2E0,
    0xD2E0, 0xD2E1, 0xD2E1, 0xD2E1, 0xD2E1, 0xD2E1, 0xD2E1, 0xD2C0, 0xD2C1, 0xD2C1, 0xD2E1, 0xD2C1,
    0xD2C1, 0xD2C1, 0xD2C0, 0xD2C0, 0xD2C0, 0xD2C0, 0xD2C0, 0xD2C0, 0xD2C0, 0xD2C0, 0xD2E0, 0xD2E0,
    0xD2E0, 0xD2E0, 0xDB00, 0xDB01, 0xE300, 0xEAE0, 0xF3E5, 0xFDAE, 0xFE72, 0xFE0F, 0xFDAD, 0xFDAD,
    0xFD8C, 0xF54B, 0xF52A, 0xF50A, 0xF4E9, 0xECE9, 0xECC9, 0xECC9, 0xECA9, 0xE4A9, 0xE488, 0xE488,
    0xE468, 0xE468, 0xE468, 0xDC48, 0xDC49, 0xDC49, 0xDC49, 0xDC49, 0xDC49, 0xDC49, 0xDC4A, 0xDC4A,
    0xDC6A, 0xDC6B, 0xDC8B, 0xDC8B, 0xDC8B, 0xDC8B, 0xDC8B, 0xDC8B, 0xDC8C, 0xDCAC, 0xDCAC, 0xDCAC,
    0xDCAC, 0xDCAC, 0xDCAD, 0xDCAD, 0xDCAD, 0xDCAD, 0xDCCD, 0xDCCD, 0xDCCD, 0xDCCD, 0xDCCD, 0xDCCD,
    0xE4CD, 0xE4CD, 0xE4ED, 0xE4ED, 0xE50E, 0xED0E, 0xED2E, 0xF56F, 0xF590, 0xFE32, 0xF5F2, 0xDAE3,
    0xCA40, 0xC281, 0xC241, 0xBA21, 0xBA21, 0xBA21, 0xBA21, 0xBA21, 0xB221, 0xB221, 0xB221, 0xBA21,
    0xBA21, 0xBA21, 0xBA41, 0xBA41, 0xBA41, 0xBA41, 0xBA61, 0xBA61, 0xC261, 0xC281, 0xC2A2, 0xC2A2,
    0xCAC2, 0xCAE2, 0xCAE2, 0xD302, 0xD323, 0xDB43, 0xDB63, 0xE3A4, 0xEBE4, 0xF425, 0xEBC4, 0xF3C3,
    0xFCCA, 0xE616, 0xDD73, 0xDD52, 0xDD30, 0xDD2F, 0xDD2F, 0xDD2E, 0xE52E, 0xE54E, 0xE56E, 0xED6E,
    0xED8E, 0xF58E, 0xF5AF, 0xF5CF, 0xF5F0, 0xFDF0, 0xFE11, 0xFE31, 0xFE73, 0xF673, 0xFE2F, 0x7AE7,
    0x9BCA, 0xFE51, 0xF674, 0xFE73, 0xFE52, 0xFE32, 0xF611, 0xF5F1, 0xF5D0, 0xEDB0, 0xED8F, 0xE56F,
    0xE56F, 0xDD4F, 0xDD2F, 0xDD2F, 0xD52F, 0xD530, 0xD530, 0xD531, 0xD552, 0xDD73, 0xE617, 0xFD2B,
    0xF3E4, 0xEBC5, 0xF447, 0xEC07, 0xDBA6, 0xD365, 0xD344, 0xCB24, 0xCB03, 0xCB03, 0xC2E3, 0xC2E3,
    0xC2E2, 0xC2C2, 0xC2C2, 0xC2C2, 0xC2A2, 0xC2A2, 0xC2A1, 0xBAA1, 0xC2A1, 0xC2A1, 0xC2A1, 0xC2A1,
    0xC2A1, 0xC2A1, 0xCAA1, 0xCAC1, 0xD280, 0xF550, 0xFE96, 0xF5B1, 0xF5D1, 0xFDD1, 0xFE75, 0xFDF1,
    0xF3A3, 0xE2E0, 0xDB01, 0xDB01, 0xD2E1, 0xD2E1, 0xD2E1, 0xD2E1, 0xD2E1, 0xD2E1, 0xD2E1, 0xD2E1,
    0xD2E1, 0xD2E1, 0xD2E1, 0xD2E1, 0xD2E1, 0xD2E1, 0xD2E1, 0xD2E1, 0xD2E1, 0xD2C1, 0xD2C0, 0xD2C0,
    0xD2C0, 0xD2C0, 0xD2C0, 0xD2C1, 0xD2E1, 0xD2E1, 0xD2E1, 0xD2E1, 0xD2E1, 0xD2E1, 0xD2E1, 0xD2E1,
    0xD2E1, 0xD2C1, 0xD2E1, 0xD2C1, 0xD2C1, 0xD2C1, 0xD2C1, 0xD2C1, 0xD2C1, 0xD2C1, 0xD2C1, 0xD2C1,
    0xD2C1, 0xD2C1, 0xD2C1, 0xD2C0, 0xD2C0, 0xD2C0, 0xD2C0, 0xD2C0, 0xD2C0, 0xD2C0, 0xD2E0, 0xD2E0,
    0xDAE0, 0xDB00, 0xE2E0, 0xEAE0, 0xF467, 0xFE31, 0xFE92, 0xFDEF, 0xFDAD, 0xFD8C, 0xFD6C, 0xF54B,
    0xF52A, 0xF50A, 0xF50A, 0xF4E9, 0xECC9, 0xECA9, 0xECA9, 0xE489, 0xE488, 0xE468, 0xE468, 0xE468,
    0xE469, 0xDC49, 0xDC69, 0xDC49, 0xDC49, 0xDC49, 0xDC49, 0xDC4A, 0xDC4A, 0xDC6A, 0xDC6A, 0xDC6A,
    0xDC6A, 0xDC6A, 0xDC6B, 0xDC6B, 0xDC8B, 0xDC8B, 0xDC8C, 0xDC8C, 0xDC8B, 0xDC8C, 0xDC8C, 0xDC8C,
    0xDC8C, 0xDCAC, 0xDCAC, 0xDCAD, 0xDCAD, 0xDCAC, 0xDCAC, 0xDCAD, 0xE4CD, 0xE4ED, 0xE4ED, 0xED0E,
    0xED2E, 0xED4E, 0xF56F, 0xFD90, 0xFE54, 0xF5B0, 0xDAA2, 0xCA40, 0xC281, 0xC241, 0xBA21, 0xBA21,
    0xBA21, 0xBA21, 0xBA21, 0xB221, 0xB221, 0xB221, 0xB221, 0xBA21, 0xBA21, 0xBA41, 0xBA41, 0xBA41,
    0xBA41, 0xBA41, 0xBA61, 0xBA61, 0xC281, 0xC281, 0xC2A1, 0xCAA2, 0xCAC2, 0xCAE2, 0xCAE2, 0xD302,
    0xD323, 0xDB43, 0xE383, 0xE3A4, 0xEC04, 0xF425, 0xEBA3, 0xF3C2, 0xFD0B, 0xE5F6, 0xDD72, 0xDD51,
    0xDD30, 0xDD30, 0xDD2F, 0xDD2E, 0xE52E, 0xE54E, 0xED6E, 0xED6E, 0xED8E, 0xF58E, 0xF5CF, 0xF5CF,
    0xFDF0, 0xFDF0, 0xFE11, 0xFE31, 0xFE73, 0xF673, 0xFE2F, 0x6A86, 0x8328, 0xFE51, 0xF673, 0xFE73,
    0xFE52, 0xFE32, 0xF611, 0xF5F1, 0xF5D0, 0xEDB0, 0xED8F, 0xE56F, 0xE54F, 0xE54F, 0xDD4F, 0xDD2F,
    0xD530, 0xD530, 0xD510, 0xD531, 0xD552, 0xDD53, 0xE617, 0xF56D, 0xF404, 0xEBC5, 0xF447, 0xEC07,
    0xDBA6, 0xD365, 0xD344, 0xCB24, 0xCB03, 0xCB03, 0xC2E3, 0xC2E2, 0xC2C2, 0xC2C2, 0xC2C2, 0xC2C2,
    0xC2A2, 0xC2A2, 0xC2A1, 0xBAA1, 0xC2A1, 0xC2A1, 0xC2A1, 0xC2A1, 0xC2A1, 0xC2A1, 0xCAC1, 0xCAA0,
    0xE386, 0xFEB7, 0xF5D2, 0xF5D1, 0xFDF2, 0xFEB6, 0xF50C, 0xE300, 0xDAE0, 0xDB01, 0xD2E1, 0xD2E1,
    0xD2C1, 0xD2C1, 0xD2C1, 0xD2C1, 0xD2C1, 0xD2C1, 0xD2C1, 0xD2C1, 0xD2C1, 0xD2C1, 0xD2C1, 0xD2C1,
    0xD2C1, 0xD2C1, 0xD2C1, 0xD2C1, 0xD2C1, 0xD2C1, 0xD2C1, 0xD2C0, 0xD2C0, 0xD2C0, 0xD2C0, 0xD2E1,
    0xD2E1, 0xD2E1, 0xD2E1, 0xD2E1, 0xD2E1, 0xD2E1, 0xD2E1, 0xD2E1, 0xD2E1, 0xD2E1, 0xD2E1, 0xD2E1,
    0xD2C1, 0xD2C0, 0xD2C1, 0xD2C1, 0xD2C1, 0xD2C1, 0xD2C1, 0xD2C1, 0xD2C1, 0xD2C1, 0xD2C1, 0xD2C0,
    0xD2C0, 0xD2C0, 0xD2C0, 0xD2C1, 0xD2C0, 0xD2C0, 0xD2C0, 0xD2C0, 0xD2E0, 0xD2E0, 0xD2E0, 0xDAE0,
    0xE2C0, 0xEB41, 0xF50B, 0xFE72, 0xFE51, 0xFDCE, 0xFDAD, 0xFD8C, 0xFD6C, 0xF54B, 0xF52B, 0xF50A,
    0xF4EA, 0xECC9, 0xECC9, 0xECA9, 0xECA9, 0xE489, 0xE489, 0xE489, 0xE469, 0xE469, 0xE469, 0xDC69,
    0xDC69, 0xDC69, 0xDC69, 0xDC69, 0xDC6A, 0xDC6A, 0xDC6A, 0xDC4A, 0xDC4A, 0xDC4A, 0xDC4A, 0xDC6A,
    0xDC6B, 0xDC6B, 0xDC8B, 0xDC8B, 0xDC8B, 0xDC8B, 0xDC8B, 0xDC8B, 0xDC8C, 0xDC8C, 0xDCAC, 0xDCAC,
    0xDCAC, 0xDCAC, 0xE4AC, 0xE4CC, 0xE4CD, 0xE4ED, 0xED0E, 0xED2E, 0xF54F, 0xF56F, 0xFDB0, 0xFE74,
    0xF52E, 0xDA81, 0xCA60, 0xC261, 0xC241, 0xC241, 0xBA41, 0xBA21, 0xBA21, 0xBA21, 0xBA21, 0xB221,
    0xBA21, 0xBA21, 0xBA21, 0xBA21, 0xBA41, 0xBA41, 0xBA41, 0xBA41, 0xBA41, 0xBA61, 0xBA61, 0xC261,
    0xC281, 0xC2A1, 0xC2A1, 0xCAC2, 0xCAC2, 0xCAE2, 0xD302, 0xD302, 0xD323, 0xDB63, 0xE383, 0xE3A4,
    0xEC04, 0xF425, 0xEBA3, 0xF3E2, 0xF54D, 0xE5F6, 0xDD72, 0xDD51, 0xDD30, 0xDD2F, 0xDD2F, 0xDD2E,
    0xE54E, 0xE54E, 0xED6E, 0xED6E, 0xED8E, 0xF5AE, 0xF5CF, 0xF5CF, 0xF5F0, 0xFDF0, 0xFE11, 0xFE31,
    0xFE73, 0xF652, 0xFE0F, 0x5A25, 0x72A7, 0xFE50, 0xF673, 0xFE74, 0xFE53, 0xF632, 0xF611, 0xF5F1,
    0xF5D0, 0xEDAF, 0xED8F, 0xED6F, 0xE56F, 0xE54F, 0xDD4F, 0xDD2F, 0xD52F, 0xD530, 0xD530, 0xD531,
    0xD532, 0xDD52, 0xE5F6, 0xF5B0, 0xFC04, 0xEBC5, 0xF427, 0xEC07, 0xDBA6, 0xD365, 0xD344, 0xD324,
    0xCB23, 0xCB03, 0xC2E3, 0xC2E2, 0xC2C2, 0xC2C2, 0xC2C2, 0xC2A2, 0xC2A2, 0xBAA1, 0xBAA1, 0xBA81,
    0xC2A1, 0xC2A1, 0xC2A1, 0xC2A1, 0xC2A1, 0xC2A1, 0xCAC1, 0xD280, 0xF5D3, 0xFE76, 0xF5D1, 0xFE33,
    0xFE75, 0xF448, 0xE2C0, 0xDB01, 0xD2E1, 0xD2C1, 0xD2C1, 0xD2C1, 0xD2C1, 0xCAC1, 0xD2C1, 0xD2C1,
    0xD2C1, 0xD2C1, 0xD2C1, 0xD2C1, 0xD2C1, 0xCAC1, 0xCAC1, 0xD2C1, 0xD2C1, 0xD2C1, 0xD2C1, 0xD2C1,
    0xD2E1, 0xD2E0, 0xD2E1, 0xD2E1, 0xD2E0, 0xD2E1, 0xD2E1, 0xD2E1, 0xD2E1, 0xD2E1, 0xD2E1, 0xD2E1,
    0xD2E1, 0xD2E1, 0xD2E1, 0xD2E1, 0xD2E1, 0xD2E1, 0xD2E1, 0xD2E1, 0xD2E1, 0xD2E1, 0xD2C1, 0xD2C0,
    0xD2C1, 0xD2C1, 0xD2C0, 0xD2C1, 0xD2C1, 0xD2C1, 0xD2C1, 0xD2C0, 0xD2C1, 0xCAC1, 0xD2C1, 0xD2C1,
    0xD2C1, 0xD2C0, 0xD2C0, 0xD2C1, 0xD2C0, 0xD2C0, 0xD2C0, 0xD2E0, 0xD2E0, 0xDAE0, 0xE2C0, 0xEB83,
    0xFD4D, 0xFE72, 0xFE30, 0xFDAD, 0xFDAD, 0xFD8C, 0xFD6C, 0xF54B, 0xF52B, 0xF50A, 0xECEA, 0xECC9,
    0xECC9, 0xECA9, 0xECA9, 0xE4A9, 0xE489, 0xE489, 0xE489, 0xE489, 0xE469, 0xE469, 0xE469, 0xDC69,
    0xDC6A, 0xDC6A, 0xDC4A, 0xDC4A, 0xDC4A, 0xDC49, 0xDC6A, 0xDC6A, 0xDC6A, 0xDC6B, 0xDC8B, 0xDC8B,
    0xDC8B, 0xDC8B, 0xDC8B, 0xDC8B, 0xDC8B, 0xDC8C, 0xE4AC, 0xE4AC, 0xE4CC, 0xE4CC, 0xE4CC, 0xE4ED,
    0xECED, 0xED0E, 0xF54E, 0xF56F, 0xF58F, 0xFE12, 0xFE74, 0xEC49, 0xD240, 0xCA60, 0xC261, 0xC241,
    0xC241, 0xBA41, 0xBA41, 0xBA21, 0xBA21, 0xBA21, 0xBA21, 0xBA21, 0xBA21, 0xBA21, 0xBA21, 0xBA21,
    0xBA41, 0xBA41, 0xBA41, 0xBA41, 0xBA61, 0xBA61, 0xBA61, 0xC281, 0xC281, 0xC2A1, 0xC2A1, 0xCAC2,
    0xCAC2, 0xCAE2, 0xD302, 0xD322, 0xDB22, 0xDB63, 0xE383, 0xEBC4, 0xF425, 0xF425, 0xEBA3, 0xF403,
    0xF590, 0xE5D6, 0xDD72, 0xDD51, 0xDD30, 0xDD2F, 0xDD2F, 0xDD2E, 0xE54E, 0xE54E, 0xED6E, 0xED6E,
    0xED8E, 0xF5AE, 0xF5CF, 0xF5CF, 0xF5F0, 0xFDF0, 0xFE11, 0xFE31, 0xFE73, 0xFE52, 0xFDEE, 0x41A4,
    0x5A25, 0xFE30, 0xF673, 0xFE94, 0xFE53, 0xFE32, 0xF611, 0xF5F1, 0xF5D0, 0xEDB0, 0xED8F, 0xED8F,
    0xE56F, 0xE56F, 0xDD4F, 0xDD2F, 0xD52F, 0xD530, 0xD530, 0xD531, 0xD552, 0xDD73, 0xE5F6, 0xF5D2,
    0xFC25, 0xEBC4, 0xF427, 0xEC07, 0xDBA6, 0xD365, 0xD345, 0xCB24, 0xCB23, 0xCB03, 0xC2E3, 0xC2E3,
    0xC2C2, 0xC2C2, 0xC2A2, 0xC2A2, 0xC2A1, 0xBAA1, 0xBA81, 0xBA81, 0xBA81, 0xC2A1, 0xC2A1, 0xC2A1,
    0xC2A1, 0xC2A1, 0xC260, 0xDB87, 0xFEB7, 0xFDF2, 0xFE75, 0xFE54, 0xEBA4, 0xDAC0, 0xDB01, 0xD2E1,
    0xD2C1, 0xD2C1, 0xCAC1, 0xCAC1, 0xCAC1, 0xCAC1, 0xCAC1, 0xCAC1, 0xCAC1, 0xCAC1, 0xCAC1, 0xCAC1,
    0xCAC1, 0xCAC1, 0xCAC1, 0xCAC1, 0xCAC1, 0xD2C0, 0xD2C1, 0xCAC1, 0xD2C1, 0xD2E1, 0xD2E1, 0xD2E1,
    0xD2E1, 0xD2E1, 0xD2E1, 0xD2E1, 0xD2E1, 0xD2E1, 0xD2E1, 0xD2E1, 0xD2E1, 0xD2E1, 0xD2E1, 0xD2E1,
    0xD2E0, 0xD2E1, 0xD2E1, 0xD2E0, 0xD2E1, 0xD2E1, 0xD2E0, 0xD2E0, 0xD2E0, 0xD2E0, 0xD2C1, 0xD2C0,
    0xD2C0, 0xD2C0, 0xD2C0, 0xD2C1, 0xCAA0, 0xD2C1, 0xD2C1, 0xCAC1, 0xCAC1, 0xCAC0, 0xD2C0, 0xD2C1,
    0xD2C1, 0xD2C0, 0xD2C0, 0xD2C0, 0xD2C0, 0xD2C0, 0xD2E0, 0xDAC0, 0xE2A0, 0xEBC5, 0xFDD0, 0xFEB3,
    0xFE30, 0xFDAD, 0xFD8D, 0xFD8C, 0xFD6C, 0xF54B, 0xF52B, 0xF50A, 0xF4EA, 0xF4EA, 0xECCA, 0xECC9,
    0xECA9, 0xECA9, 0xE489, 0xE489, 0xE489, 0xE489, 0xE489, 0xE46A, 0xE46A, 0xE46A, 0xE46A, 0xE44A,
    0xE44A, 0xDC6A, 0xDC6A, 0xDC6A, 0xDC8A, 0xDC8A, 0xDC8B, 0xDC8B, 0xDC8B, 0xDC8B, 0xE48B, 0xDCAB,
    0xDCAB, 0xE4AC, 0xE4AC, 0xE4CC, 0xE4CC, 0xE4ED, 0xED0D, 0xED0D, 0xF52E, 0xF56E, 0xF56F, 0xFDB0,
    0xFE53, 0xF5D1, 0xE365, 0xD240, 0xCA81, 0xC261, 0xC241, 0xC241, 0xBA41, 0xBA21, 0xBA21, 0xBA21,
    0xBA21, 0xBA21, 0xBA21, 0xBA21, 0xBA21, 0xBA21, 0xBA41, 0xBA41, 0xBA41, 0xBA41, 0xBA41, 0xBA61,
    0xBA61, 0xBA61, 0xC261, 0xC281, 0xC2A1, 0xC2A1, 0xCAA1, 0xCAC1, 0xCAE2, 0xCAE2, 0xD302, 0xD322,
    0xDB42, 0xDB63, 0xE383, 0xEBC4, 0xF425, 0xF425, 0xEBA3, 0xFC23, 0xF5B2, 0xE5B5, 0xDD72, 0xDD51,
    0xDD30, 0xDD2F, 0xDD2F, 0xE52E, 0xE54E, 0xE54E, 0xED6E, 0xED8E, 0xED8E, 0xF5AE, 0xF5AF, 0xF5CF,
    0xF5F0, 0xFDF0, 0xFE11, 0xFE31, 0xFE73, 0xFE52, 0xF5AE, 0x2902, 0x4184, 0xFE0F, 0xFE73, 0xFE94,
    0xFE53, 0xFE32, 0xF611, 0xF5F1, 0xF5D0, 0xEDB0, 0xED8F, 0xE58F, 0xE56F, 0xE56F, 0xDD4F, 0xDD2F,
    0xDD2F, 0xD530, 0xD530, 0xD531, 0xD552, 0xDD73, 0xDDD5, 0xF5F4, 0xFC45, 0xEBA4, 0xEC06, 0xEC28,
    0xE3A6, 0xDB65, 0xD345, 0xCB24, 0xCB04, 0xCB03, 0xC2E3, 0xC2E3, 0xC2C2, 0xC2C2, 0xC2A2, 0xC2A2,
    0xC2A1, 0xBAA1, 0xBA81, 0xBA81, 0xBA81, 0xC2A1, 0xC2A1, 0xC2A1, 0xC2A1, 0xC2A1, 0xCA40, 0xED71,
    0xFE12, 0xFE75, 0xFE12, 0xEB42, 0xDAC0, 0xD301, 0xD2C0, 0xD2C1, 0xD2C1, 0xCAC1, 0xCAA1, 0xCAC1,
    0xCAC1, 0xCAA1, 0xCAA1, 0xCAC1, 0xCAC1, 0xCAC1, 0xCAC1, 0xCAC1, 0xCAC1, 0xCAC1, 0xCAC1, 0xD2C1,
    0xCAC1, 0xCAC0, 0xCAC1, 0xD2C1, 0xD2C1, 0xD2C1, 0xD2E1, 0xD2E1, 0xD2E1, 0xD2E1, 0xD2E1, 0xD2E1,
    0xD2E0, 0xD2E0, 0xD2E1, 0xD301, 0xD301, 0xDB01, 0xDB01, 0xDB01, 0xDB01, 0xD301, 0xD301, 0xD301,
    0xD301, 0xD301, 0xDB01, 0xD2E1, 0xD2E0, 0xD2E0, 0xD2E0, 0xD2C0, 0xD2C0, 0xD2C0, 0xD2C0, 0xD2C0,
    0xD2A0, 0xD2C1, 0xD2A1, 0xD2A0, 0xD2C1, 0xCAA1, 0xCAA0, 0xCAA0, 0xCAA1, 0xD2A1, 0xD2C0, 0xD2C0,
    0xD2A0, 0xD2C0, 0xD2C0, 0xD2C0, 0xD2C0, 0xDAC0, 0xEAE0, 0xF448, 0xFE11, 0xFE72, 0xFE0F, 0xFDAD,
    0xFD8D, 0xFD8D, 0xFD6C, 0xF54C, 0xF52B, 0xF52B, 0xF50B, 0xF4EA, 0xECCA, 0xECCA, 0xECA9, 0xECA9,
    0xECA9, 0xECA9, 0xE4A9, 0xE48A, 0xE48A, 0xE48A, 0xE48A, 0xE48A, 0xE46A, 0xE48A, 0xE48A, 0xE48A,
    0xE48A, 0xE48B, 0xE48B, 0xE48B, 0xE4AB, 0xE4AB, 0xE4AB, 0xE4CC, 0xE4CC, 0xE4CC, 0xE4CC, 0xECEC,
    0xED0D, 0xED2D, 0xF54E, 0xF56F, 0xF58F, 0xFDB0, 0xFE32, 0xFE53, 0xEC8B, 0xDA80, 0xCA60, 0xCA81,
    0xC261, 0xC241, 0xBA41, 0xBA21, 0xBA21, 0xBA21, 0xBA21, 0xBA21, 0xBA21, 0xBA21, 0xBA21, 0xBA21,
    0xBA21, 0xBA21, 0xBA41, 0xBA41, 0xBA41, 0xBA41, 0xBA41, 0xBA61, 0xBA61, 0xBA61, 0xC281, 0xC281,
    0xC2A1, 0xCAA1, 0xCAA1, 0xCAC1, 0xCAE2, 0xCAE2, 0xD302, 0xD322, 0xDB42, 0xDB63, 0xE3A3, 0xEBC4,
    0xF445, 0xF404, 0xEBA3, 0xFC44, 0xEDF4, 0xE5B4, 0xDD72, 0xDD51, 0xDD30, 0xDD2F, 0xDD2F, 0xDD2E,
    0xE54E, 0xE54E, 0xED6E, 0xED8E, 0xED8E, 0xF5AE, 0xF5CF, 0xF5EF, 0xFDF0, 0xFE10, 0xFE31, 0xFE31,
    0xFE73, 0xFE51, 0xE56D, 0x1081, 0x2902, 0xF5CF, 0xFE72, 0xFE95, 0xFE53, 0xFE32, 0xF611, 0xF5F1,
    0xF5D0, 0xEDB0, 0xED8F, 0xED8F, 0xE56F, 0xE54F, 0xDD4F, 0xDD2F, 0xDD2F, 0xD52F, 0xD530, 0xD531,
    0xD552, 0xDD73, 0xDDB5, 0xEE15, 0xFC46, 0xEBA4, 0xEBE5, 0xEC28, 0xE3C7, 0xDB85, 0xD345, 0xCB24,
    0xCB04, 0xCB03, 0xC2E3, 0xC2C2, 0xC2C2, 0xC2A2, 0xC2A2, 0xC2A2, 0xC2A2, 0xC2A1, 0xBA81, 0xBA81,
    0xBA81, 0xBA81, 0xC281, 0xC281, 0xC2A1, 0xCA80, 0xDBA7, 0xFE54, 0xFE33, 0xF590, 0xE2E1, 0xDAC0,
    0xD2E1, 0xD2C1, 0xCAC1, 0xCAA1, 0xCAA1, 0xCAA1, 0xCAA1, 0xCAA1, 0xCAA1, 0xCAA1, 0xCAC1, 0xCAC1,
    0xCAC1, 0xCAC1, 0xCAC1, 0xCAC1, 0xCAC1, 0xD2C1, 0xD2C1, 0xD2C1, 0xD2C1, 0xD2C0, 0xD2C1, 0xD2C1,
    0xD2C1, 0xD2E1, 0xD2E1, 0xD2E1, 0xD2C0, 0xD2E0, 0xD2E1, 0xDAE1, 0xDB01, 0xDB01, 0xDB01, 0xDB01,
    0xDB00, 0xDB00, 0xDB00, 0xDAE0, 0xDAE0, 0xDAE0, 0xDAE0, 0xDAC0, 0xDAC0, 0xDAC0, 0xDAC0, 0xDAE0,
    0xDAE0, 0xDAE0, 0xDAE0, 0xDAE1, 0xD2E1, 0xD2C0, 0xD2C0, 0xD2C0, 0xD2C0, 0xD2A0, 0xD2C0, 0xD2C0,
    0xD2C0, 0xD2C0, 0xD2A0, 0xCAA0, 0xCAA1, 0xD2A1, 0xCAA0, 0xD2A0, 0xD2A0, 0xD2A0, 0xD2A0, 0xD2C0,
    0xD2A0, 0xD2C0, 0xDAE0, 0xDAA0, 0xEAE0, 0xF447, 0xFDCF, 0xFE51, 0xFE0F, 0xFDAE, 0xFDAD, 0xFD8D,
    0xFD8D, 0xFD6C, 0xFD4C, 0xF52B, 0xF50B, 0xF50A, 0xF4EA, 0xECEA, 0xECEA, 0xECCA, 0xECCA, 0xECAA,
    0xECAA, 0xECAA, 0xE4AA, 0xE4AA, 0xE4AA, 0xE4AA, 0xE4AA, 0xE4AA, 0xE4AB, 0xE4AB, 0xE4AB, 0xE4CB,
    0xE4CB, 0xE4CC, 0xECEC, 0xECEC, 0xED0C, 0xED0D, 0xED0D, 0xF52D, 0xF54D, 0xF56E, 0xF58F, 0xFDB0,
    0xFE12, 0xFE74, 0xF56F, 0xE344, 0xD240, 0xCA60, 0xC261, 0xC240, 0xC241, 0xBA41, 0xBA21, 0xBA21,
    0xBA21, 0xBA21, 0xBA21, 0xBA21, 0xBA21, 0xBA21, 0xBA21, 0xBA21, 0xBA41, 0xBA41, 0xBA41, 0xBA41,
    0xBA41, 0xBA41, 0xBA61, 0xBA61, 0xBA61, 0xC261, 0xC281, 0xC2A1, 0xC2A1, 0xCAA1, 0xCAC1, 0xCAC1,
    0xCAE2, 0xD302, 0xD302, 0xD322, 0xDB42, 0xE383, 0xE3A3, 0xEBE4, 0xF465, 0xF404, 0xF3C3, 0xFC86,
    0xEDF5, 0xE594, 0xDD72, 0xDD51, 0xDD30, 0xDD2F, 0xDD2E, 0xE52E, 0xE54E, 0xE54E, 0xED6E, 0xED6E,
    0xF5AE, 0xF5AF, 0xF5CF, 0xF5EF, 0xFDF0, 0xFE10, 0xFE31, 0xFE52, 0xF673, 0xFE51, 0xD50C, 0x0020,
    0x1061, 0xE56E, 0xFE72, 0xFE94, 0xFE53, 0xFE32, 0xF611, 0xF5F1, 0xF5D0, 0xEDB0, 0xED8F, 0xED8F,
    0xE56F, 0xE54F, 0xDD4F, 0xDD2F, 0xDD2F, 0xD50F, 0xD510, 0xD530, 0xD551, 0xD573, 0xDDB4, 0xEE16,
    0xFCA8, 0xEBA4, 0xEBC5, 0xEC28, 0xE3C7, 0xDB86, 0xD345, 0xD324, 0xCB04, 0xCAE3, 0xC2E3, 0xC2C2,
    0xC2C2, 0xC2C2, 0xC2A2, 0xC2A2, 0xC2C1, 0xC2A1, 0xC2A1, 0xBA81, 0xBA81, 0xC281, 0xC281, 0xC281,
    0xC2A1, 0xCA80, 0xED91, 0xFEF7, 0xF54E, 0xDA80, 0xD2A0, 0xD2C1, 0xCAA1, 0xCAA1, 0xCAA1, 0xCAA1,
    0xCAA1, 0xCAA1, 0xCAA1, 0xCAA1, 0xCAA1, 0xCAA1, 0xCAA1, 0xCAC1, 0xCAC1, 0xCAC1, 0xD2C1, 0xD2C1,
    0xD2C1, 0xD2C1, 0xD2C1, 0xD2C1, 0xD2C1, 0xD2C1, 0xD2C1, 0xD2C1, 0xD2E1, 0xD2E1, 0xD2E1, 0xDAE1,
    0xDAE1, 0xDB01, 0xDB01, 0xDB00, 0xDAE0, 0xE2E0, 0xE2E0, 0xE300, 0xEB41, 0xEBA3, 0xEBE5, 0xF426,
    0xEC67, 0xF488, 0xF488, 0xEC88, 0xEC68, 0xEC47, 0xEC26, 0xEBC4, 0xEB62, 0xE301, 0xE2C0, 0xE2A0,
    0xDAC0, 0xDAC0, 0xDAE0, 0xDAE1, 0xD2E1, 0xD2C0, 0xD2C0, 0xD2C0, 0xD2C0, 0xD2C0, 0xD2C1, 0xD2A0,
    0xD2A0, 0xD2A0, 0xCAA1, 0xCAA0, 0xCAA0, 0xCAA0, 0xCAA0, 0xD2A0, 0xD2A0, 0xD2C0, 0xD2A0, 0xD2C0,
    0xDAC0, 0xDAA0, 0xE2E0, 0xF427, 0xFDAE, 0xFE72, 0xFE51, 0xFDEF, 0xFDAE, 0xFDAE, 0xFD8D, 0xFD6D,
    0xF56C, 0xF54C, 0xF52B, 0xF52B, 0xF52B, 0xF50B, 0xF4EB, 0xF4EB, 0xECEB, 0xECEB, 0xECEB, 0xECCB,
    0xECCB, 0xECCB, 0xECCB, 0xECCB, 0xECCB, 0xECCB, 0xECEB, 0xECEC, 0xECEC, 0xED0C, 0xED0D, 0xED2D,
    0xF52D, 0xF54E, 0xF56E, 0xF56E, 0xFD6E, 0xFDAF, 0xFE12, 0xFE74, 0xF58F, 0xE3A6, 0xD280, 0xCA60,
    0xCA81, 0xC260, 0xC240, 0xC241, 0xBA21, 0xBA21, 0xBA21, 0xBA21, 0xBA21, 0xBA21, 0xBA21, 0xBA21,
    0xBA21, 0xBA21, 0xBA21, 0xBA41, 0xBA41, 0xBA41, 0xBA41, 0xBA41, 0xBA41, 0xBA41, 0xBA61, 0xC261,
    0xC261, 0xC261, 0xC281, 0xC2A1, 0xC2A1, 0xCAA1, 0xCAC1, 0xCAC1, 0xCAE1, 0xD302, 0xD302, 0xDB22,
    0xDB62, 0xE383, 0xE3A3, 0xEC04, 0xF445, 0xF3E4, 0xF3E3, 0xFCC8, 0xE5F6, 0xE593, 0xDD72, 0xDD51,
    0xDD50, 0xDD2F, 0xDD2E, 0xE54E, 0xE54E, 0xE54E, 0xED4E, 0xED6E, 0xF5AE, 0xF5AF, 0xF5CF, 0xF5EF,
    0xFDF0, 0xFE10, 0xFE31, 0xFE52, 0xF693, 0xFE70, 0xBC6A, 0x0000, 0x0020, 0xD50D, 0xFE51, 0xFE94,
    0xFE53, 0xFE32, 0xFE12, 0xF5F1, 0xF5F0, 0xF5D0, 0xEDAF, 0xED8F, 0xE56F, 0xE54F, 0xDD4F, 0xDD2F,
    0xDD2F, 0xD50F, 0xD510, 0xD530, 0xD531, 0xD552, 0xDD73, 0xE637, 0xFD0B, 0xF3C4, 0xEBA5, 0xEC07,
    0xE3C7, 0xDB86, 0xD365, 0xD324, 0xCB04, 0xCAE3, 0xC2E3, 0xC2C2, 0xC2C2, 0xC2C2, 0xC2A2, 0xC2C2,
    0xC2C2, 0xC2A2, 0xC2A1, 0xBA81, 0xBA81, 0xC281, 0xC281, 0xC281, 0xC281, 0xCAA2, 0xF676, 0xF58F,
    0xDAA0, 0xD2A0, 0xCAA1, 0xCA80, 0xCAA1, 0xCAA1, 0xCAA1, 0xCAA1, 0xCAA1, 0xCAA1, 0xCAA1, 0xCAA1,
    0xCAA1, 0xCAA1, 0xCAA1, 0xD2C1, 0xD2C1, 0xD2C1, 0xD2C1, 0xD2C1, 0xD2C1, 0xD2C1, 0xD2C1, 0xD2C1,
    0xD2E0, 0xD2E1, 0xD2C1, 0xD2C0, 0xD2E1, 0xD2E1, 0xDB01, 0xDB01, 0xDAE0, 0xE2E0, 0xE300, 0xEB62,
    0xEC26, 0xF4EA, 0xFDAF, 0xFE32, 0xFE74, 0xFE95, 0xFE95, 0xFE95, 0xFE95, 0xFE95, 0xFE95, 0xFE75,
    0xFE74, 0xFE74, 0xFE74, 0xFE74, 0xFE54, 0xFE12, 0xFDB0, 0xF50C, 0xF468, 0xEBA4, 0xEB21, 0xE2C0,
    0xDAA0, 0xDAC0, 0xD2E1, 0xD2E1, 0xD2E0, 0xD2C0, 0xD2C0, 0xD2C0, 0xD2C0, 0xD2A1, 0xD2A1, 0xCAA1,
    0xCAA1, 0xCAA0, 0xCA80, 0xCA80, 0xCAA0, 0xD2A0, 0xCAA0, 0xD2A0, 0xD2A0, 0xD2C0, 0xDAC0, 0xDAA0,
    0xE2C0, 0xEBC5, 0xF54D, 0xFE52, 0xFE93, 0xFE31, 0xFDCF, 0xFDAE, 0xFD8D, 0xFD8D, 0xFD8D, 0xFD6D,
    0xFD6D, 0xFD4D, 0xF52C, 0xF52C, 0xF52C, 0xF52C, 0xF52C, 0xF52C, 0xF50B, 0xF50B, 0xED0C, 0xED0C,
    0xED0C, 0xF50C, 0xF50C, 0xF52D, 0xF52D, 0xF54D, 0xF54D, 0xF56E, 0xF56E, 0xF58E, 0xFDAF, 0xFDF1,
    0xFE53, 0xFE53, 0xF56E, 0xE386, 0xDA80, 0xD260, 0xCA81, 0xC281, 0xC260, 0xC241, 0xC241, 0xBA41,
    0xBA21, 0xBA21, 0xBA21, 0xBA21, 0xBA21, 0xBA21, 0xBA21, 0xBA21, 0xBA21, 0xBA21, 0xBA21, 0xBA41,
    0xBA41, 0xBA41, 0xBA41, 0xBA41, 0xBA41, 0xBA61, 0xBA61, 0xC261, 0xC261, 0xC281, 0xC281, 0xC2A1,
    0xC2A1, 0xCAA1, 0xCAC1, 0xCAC1, 0xD2E1, 0xD302, 0xD322, 0xDB42, 0xE362, 0xE383, 0xEBA3, 0xF404,
    0xF445, 0xF3E3, 0xFC03, 0xFD4C, 0xE5F6, 0xE593, 0xDD72, 0xDD51, 0xDD30, 0xDD2F, 0xE52F, 0xE54E,
    0xE54E, 0xE54E, 0xED6E, 0xED8F, 0xF5AE, 0xF5AE, 0xF5CF, 0xF5EF, 0xFDF0, 0xFE11, 0xFE31, 0xFE52,
    0xF673, 0xFE70, 0xA3C9, 0x0000, 0x0000, 0xB44B, 0xFE71, 0xF674, 0xFE53, 0xFE32, 0xFE12, 0xF5F1,
    0xF5F0, 0xF5D0, 0xEDAF, 0xED8F, 0xE56F, 0xE54F, 0xDD2F, 0xDD2F, 0xDD2F, 0xD50F, 0xD510, 0xD510,
    0xD531, 0xD552, 0xDD73, 0xE617, 0xF58E, 0xF3E4, 0xEBA5, 0xEC07, 0xE3C7, 0xDB86, 0xD365, 0xD324,
    0xCB04, 0xCB03, 0xCAE3, 0xC2C3, 0xC2C2, 0xC2A2, 0xC2A2, 0xC2C2, 0xC2C2, 0xC2A2, 0xBAA1, 0xBA81,
    0xBA81, 0xC2A1, 0xC2A1, 0xC2A1, 0xC2A1, 0xCAA1, 0xD303, 0xD2A0, 0xCAA1, 0xCAA1, 0xCA81, 0xCA81,
    0xCA81, 0xCA81, 0xCAA1, 0xCAA1, 0xCAA1, 0xCAA1, 0xCAA1, 0xCAA1, 0xCAA1, 0xCAA1, 0xCAA1, 0xCAC1,
    0xD2C1, 0xD2C1, 0xD2E1, 0xD2E1, 0xD2E1, 0xD2C1, 0xD2C1, 0xD2C1, 0xD2C1, 0xD2E1, 0xDAE1, 0xDB01,
    0xDB01, 0xDAC0, 0xDAC0, 0xE320, 0xEC05, 0xF50B, 0xFDF1, 0xFE75, 0xFEB6, 0xFE96, 0xFE75, 0xFE33,
    0xFE12, 0xFDF1, 0xF5D1, 0xF5D1, 0xF5D0, 0xF5D0, 0xFDD0, 0xF5D0, 0xF5D0, 0xF5B0, 0xF5D0, 0xFDD0,
    0xFDD0, 0xFDF1, 0xFE12, 0xFE53, 0xFE74, 0xFE74, 0xFE12, 0xFD6E, 0xF468, 0xEB62, 0xE2C0, 0xDAA0,
    0xDAE0, 0xDAE1, 0xD2C0, 0xD2C0, 0xD2C0, 0xD2A0, 0xD2A1, 0xCAA1, 0xCAA1, 0xCAA1, 0xCA80, 0xCA80,
    0xCA80, 0xCA80, 0xCA80, 0xCA80, 0xCAA0, 0xD2A0, 0xD2A0, 0xD2C0, 0xDAC0, 0xDAA0, 0xE2A0, 0xEB63,
    0xF4A9, 0xFDAF, 0xFE72, 0xFE72, 0xFE31, 0xFDEF, 0xFDCE, 0xFDAE, 0xFD8E, 0xFD8E, 0xFD8D, 0xFD8D,
    0xFD6D, 0xFD6D, 0xFD6D, 0xF56D, 0xF54D, 0xF54D, 0xF54D, 0xF54D, 0xF54D, 0xF56E, 0xF56E, 0xF56E,
    0xFD6E, 0xFD8E, 0xFD8F, 0xFDB0, 0xFDF1, 0xFE53, 0xFE53, 0xF5F1, 0xECCB, 0xE364, 0xDA60, 0xCA60,
    0xCA80, 0xC261, 0xC260, 0xC241, 0xC241, 0xC241, 0xBA41, 0xBA21, 0xBA21, 0xBA21, 0xBA21, 0xBA21,
    0xBA21, 0xBA21, 0xBA21, 0xBA21, 0xBA21, 0xBA21, 0xBA41, 0xBA41, 0xBA41, 0xBA41, 0xC241, 0xBA41,
    0xBA41, 0xC261, 0xC261, 0xC261, 0xC281, 0xC281, 0xC281, 0xC2A1, 0xCAA1, 0xCAC1, 0xCAC1, 0xCAE1,
    0xD301, 0xD302, 0xDB22, 0xDB42, 0xE362, 0xE383, 0xEBC3, 0xF424, 0xF444, 0xF3C3, 0xFC23, 0xF58F,
    0xE5F6, 0xE572, 0xDD52, 0xDD50, 0xDD2F, 0xDD2F, 0xE54E, 0xE54E, 0xE54E, 0xE54E, 0xED6E, 0xED8E,
    0xF5AE, 0xF5CF, 0xF5CF, 0xF5EF, 0xFDF0, 0xFE31, 0xFE51, 0xFE73, 0xF673, 0xFE50, 0x8327, 0x0000,
    0x0000, 0x9369, 0xFE71, 0xF673, 0xFE73, 0xFE32, 0xFE12, 0xF5F1, 0xF5F0, 0xF5B0, 0xEDAF, 0xED8F,
    0xE56F, 0xE54F, 0xE52F, 0xDD2F, 0xDD0F, 0xD50F, 0xD50F, 0xD510, 0xD531, 0xD531, 0xDD52, 0xDDD6,
    0xF5F2, 0xFC24, 0xF3A5, 0xF407, 0xEBE7, 0xDB86, 0xD365, 0xD324, 0xCB24, 0xCB03, 0xCB03, 0xC2E3,
    0xC2C2, 0xC2C2, 0xC2C2, 0xC2C2, 0xC2C2, 0xC2A2, 0xBA81, 0xBA81, 0xBA81, 0xC2A1, 0xC2A1, 0xC2A1,
    0xC2A1, 0xC2A1, 0xC281, 0xCAA1, 0xCAA1, 0xCA81, 0xCAA1, 0xCAA1, 0xCA81, 0xCA81, 0xCA81, 0xCAA1,
    0xCAA1, 0xCAA1, 0xCAA1, 0xCAA1, 0xCAA1, 0xCAA1, 0xCAA1, 0xCAA1, 0xCAC1, 0xD2C1, 0xD2C1, 0xD2E1,
    0xD2E1, 0xD2C1, 0xD2C1, 0xD2E1, 0xD2E1, 0xDB01, 0xDAE0, 0xDAC0, 0xE300, 0xEBE5, 0xF52D, 0xFE34,
    0xFE95, 0xFE75, 0xF634, 0xF5F2, 0xF5F1, 0xF5D1, 0xF5D1, 0xF5D1, 0xF5D1, 0xF5F1, 0xF5D1, 0xF5D0,
    0xF5D0, 0xF5D0, 0xF5D0, 0xF5B0, 0xF5D0, 0xF5B0, 0xF5B0, 0xF5B0, 0xF5AF, 0xF5AF, 0xF5AF, 0xFDAF,
    0xFDAF, 0xFDD0, 0xFDF1, 0xFE33, 0xFE74, 0xFE53, 0xF58F, 0xF468, 0xEB41, 0xE2C0, 0xDAC0, 0xDAE1,
    0xD2C0, 0xD2C0, 0xD2A0, 0xD2A1, 0xD2A1, 0xCAA1, 0xCAA1, 0xCA80, 0xCA80, 0xCA80, 0xCA80, 0xCA80,
    0xCA80, 0xCAA0, 0xD2A0, 0xD2A0, 0xD2A0, 0xD2C0, 0xD2E0, 0xDAE0, 0xDAC0, 0xE2E0, 0xEB83, 0xF489,
    0xF58E, 0xFE31, 0xFE73, 0xFE72, 0xFE31, 0xFE10, 0xFDEF, 0xFDCF, 0xFDAE, 0xFDAE, 0xFD8E, 0xFD8E,
    0xFD8E, 0xFD8E, 0xFD8E, 0xFDAE, 0xFDAF, 0xFDD0, 0xFDD0, 0xFDF1, 0xFE32, 0xFE53, 0xFE74, 0xFE53,
    0xF5B0, 0xECAB, 0xE3A5, 0xDAC1, 0xD260, 0xD280, 0xCA81, 0xCA80, 0xC260, 0xC241, 0xC241, 0xC241,
    0xC241, 0xBA41, 0xBA41, 0xBA21, 0xBA21, 0xBA21, 0xBA21, 0xBA21, 0xBA21, 0xBA21, 0xBA21, 0xBA41,
    0xBA41, 0xBA41, 0xBA41, 0xBA41, 0xC241, 0xC241, 0xC241, 0xBA41, 0xC261, 0xC261, 0xC261, 0xC281,
    0xC281, 0xC281, 0xC281, 0xC2A1, 0xCAA1, 0xCAC1, 0xCAC1, 0xD2E1, 0xD301, 0xD322, 0xDB22, 0xDB42,
    0xE382, 0xE3A3, 0xEBE3, 0xF444, 0xF424, 0xF3E3, 0xFC44, 0xF5D2, 0xE5D5, 0xE572, 0xDD51, 0xDD50,
    0xDD2F, 0xDD2F, 0xE54E, 0xE54E, 0xE54E, 0xE56E, 0xED6E, 0xED8E, 0xF5AE, 0xF5CF, 0xF5EF, 0xF5F0,
    0xFE10, 0xFE31, 0xFE52, 0xFE73, 0xF652, 0xFE4F, 0x6266, 0x0000, 0x0000, 0x72A7, 0xFE50, 0xF653,
    0xFE74, 0xFE33, 0xFE12, 0xF5F1, 0xF5F0, 0xF5D0, 0xEDAF, 0xED8F, 0xE56F, 0xE54F, 0xE52F, 0xDD2F,
    0xDD2F, 0xD50F, 0xD50F, 0xD510, 0xD531, 0xD551, 0xD572, 0xDDB5, 0xEE14, 0xFC66, 0xF3A5, 0xF3E6,
    0xEC07, 0xE3A6, 0xDB65, 0xD345, 0xD324, 0xCB03, 0xCAE3, 0xC2E3, 0xC2C2, 0xC2C2, 0xC2C2, 0xC2C2,
    0xC2C2, 0xC2A2, 0xC282, 0xBA81, 0xBA81, 0xC2A1, 0xC2A1, 0xC2A1, 0xC2A1, 0xC2A1, 0xC2A1, 0xC2A1,
    0xC281, 0xC281, 0xCAA1, 0xC2A1, 0xC2A1, 0xC2A1, 0xCA81, 0xCA81, 0xCAA1, 0xCAA1, 0xCAA1, 0xCAA1,
    0xCAA1, 0xCAA1, 0xCAA1, 0xCAA1, 0xD2C1, 0xD2C1, 0xD2C1, 0xD2C1, 0xD2C1, 0xD2E1, 0xD2E1, 0xDB01,
    0xDAE0, 0xDAA0, 0xE342, 0xF4CA, 0xFE33, 0xFED7, 0xFE96, 0xF613, 0xF5D1, 0xF5D1, 0xF5D1, 0xF5F1,
    0xF5F1, 0xF5D1, 0xF5D1, 0xF5D0, 0xF5D0, 0xF5AF, 0xF5AF, 0xF58F, 0xF58F, 0xF58F, 0xF58F, 0xF58F,
    0xF58E, 0xF58E, 0xF58E, 0xF58E, 0xF58E, 0xF58E, 0xF58F, 0xF58F, 0xF5AF, 0xF5AF, 0xF5AF, 0xFDAF,
    0xFDAF, 0xFDD0, 0xFE12, 0xFE74, 0xFE32, 0xF52C, 0xEBA4, 0xE2A0, 0xDAA0, 0xD2E0, 0xD2C0, 0xD2C0,
    0xD2A0, 0xD2A1, 0xCA80, 0xCA80, 0xCA80, 0xCA80, 0xCA80, 0xCA81, 0xCA80, 0xCA80, 0xCA80, 0xCA80,
    0xCAA0, 0xD2A0, 0xD2A0, 0xD2A0, 0xD2C0, 0xD2C0, 0xDAA0, 0xDAA0, 0xE2A0, 0xE301, 0xEBC5, 0xF489,
    0xF52D, 0xFDCF, 0xFE32, 0xFE52, 0xFE52, 0xFE73, 0xFE72, 0xFE72, 0xFE72, 0xFE73, 0xFE73, 0xFE73,
    0xFE53, 0xFE53, 0xFE32, 0xF5F1, 0xF58E, 0xF4CB, 0xEC07, 0xE343, 0xDAA0, 0xD260, 0xCA60, 0xCA80,
    0xCA81, 0xCA61, 0xC260, 0xC240, 0xC241, 0xC241, 0xC241, 0xC241, 0xC241, 0xBA41, 0xBA41, 0xBA21,
    0xBA21, 0xBA21, 0xBA21, 0xBA41, 0xBA41, 0xBA41, 0xBA41, 0xBA41, 0xBA41, 0xBA41, 0xC241, 0xC241,
    0xC261, 0xC261, 0xC261, 0xC261, 0xC261, 0xC261, 0xC281, 0xC281, 0xC281, 0xC281, 0xC2A1, 0xCAA1,
    0xCAA1, 0xCAC1, 0xCAE1, 0xD2E1, 0xD301, 0xD322, 0xDB42, 0xDB62, 0xE382, 0xEBA3, 0xEC03, 0xF465,
    0xF424, 0xF3E3, 0xFC86, 0xEDF5, 0xE594, 0xDD72, 0xDD51, 0xDD50, 0xDD2F, 0xDD2F, 0xE52F, 0xE52E,
    0xE54E, 0xE56E, 0xED6E, 0xED8E, 0xF5AE, 0xF5CF, 0xF5EF, 0xFDF0, 0xFE10, 0xFE31, 0xFE52, 0xFE93,
    0xF651, 0xFE0F, 0x4184, 0x0000, 0x0000, 0x49C4, 0xFE30, 0xF652, 0xFE74, 0xFE53, 0xFE12, 0xF5F1,
    0xF5F0, 0xF5D0, 0xEDAF, 0xED8F, 0xE56F, 0xE54F, 0xE54E, 0xDD2E, 0xDD2F, 0xD52F, 0xD50F, 0xD510,
    0xD530, 0xD551, 0xD572, 0xDD94, 0xE616, 0xFCA8, 0xF3A4, 0xF3C5, 0xEC28, 0xE3C7, 0xDB86, 0xD345,
    0xD324, 0xCB03, 0xCAE3, 0xC2C3, 0xC2E2, 0xC2C2, 0xC2C2, 0xC2C2, 0xC2A2, 0xBAA2, 0xC2A2, 0xC281,
    0xC281, 0xC2A1, 0xC2A1, 0xC2A1, 0xC281, 0xC2A1, 0xC281, 0xC281, 0xC281, 0xC281, 0xC281, 0xC281,
    0xC281, 0xC281, 0xC281, 0xCA81, 0xCAA1, 0xCAA1, 0xCAA1, 0xCAA1, 0xCAA1, 0xCAA1, 0xCAA1, 0xCAA1,
    0xD2C1, 0xD2A1, 0xD2C1, 0xD2C1, 0xD2C1, 0xDAE1, 0xDAE0, 0xDAC0, 0xEB63, 0xF52D, 0xFE75, 0xFEB7,
    0xFE34, 0xF5F2, 0xF5D1, 0xF5D1, 0xF5D1, 0xF5D1, 0xF5D1, 0xF5D1, 0xF5B0, 0xF5B0, 0xF5AF, 0xF58F,
    0xF58E, 0xF56E, 0xF56E, 0xF56E, 0xF56E, 0xF56E, 0xF56D, 0xF56D, 0xF56D, 0xF54D, 0xF54D, 0xF54D,
    0xF56D, 0xF56D, 0xF56D, 0xF56D, 0xF56E, 0xF56E, 0xF58E, 0xF58E, 0xF5AF, 0xF5AF, 0xF5AF, 0xF58E,
    0xFDD0, 0xFE32, 0xFE53, 0xFD4E, 0xEBA5, 0xE2A0, 0xDAA0, 0xD2C0, 0xD2C0, 0xD2A0, 0xD2A0, 0xCA80,
    0xCA80, 0xCA80, 0xCA80, 0xCA81, 0xCA80, 0xCA80, 0xCA80, 0xCA80, 0xCA80, 0xCA80, 0xCA80, 0xCA80,
    0xCA80, 0xD2A0, 0xD2A0, 0xD2C1, 0xD2C0, 0xD2A0, 0xD2A0, 0xD280, 0xDA80, 0xDAC0, 0xE322, 0xE363,
    0xEBA5, 0xEC06, 0xEC27, 0xEC48, 0xEC69, 0xEC69, 0xEC48, 0xEC06, 0xE3A5, 0xE364, 0xE302, 0xDAC0,
    0xDA80, 0xD260, 0xD260, 0xD280, 0xCAA0, 0xCA80, 0xCA80, 0xC261, 0xC260, 0xC240, 0xC240, 0xC241,
    0xC241, 0xC241, 0xC241, 0xC241, 0xC241, 0xBA41, 0xBA21, 0xBA21, 0xBA21, 0xBA21, 0xBA21, 0xBA41,
    0xBA41, 0xC241, 0xC241, 0xC241, 0xC241, 0xC241, 0xC261, 0xC261, 0xC281, 0xC281, 0xC220, 0xC220,
    0xC261, 0xC281, 0xC281, 0xC281, 0xC281, 0xC2A1, 0xCAA1, 0xCAA1, 0xCAC1, 0xCAC1, 0xCAE1, 0xD2E1,
    0xD301, 0xD322, 0xDB42, 0xE362, 0xE3A2, 0xEBC3, 0xF404, 0xFC65, 0xF404, 0xF3E2, 0xFCE9, 0xEE17,
    0xE593, 0xDD72, 0xDD51, 0xDD50, 0xDD2F, 0xDD2E, 0xE52F, 0xE52E, 0xE54E, 0xED6E, 0xED6E, 0xED8E,
    0xF5AF, 0xF5CF, 0xF5EF, 0xFDF0, 0xFE11, 0xFE31, 0xFE52, 0xFE93, 0xFE51, 0xF5AE, 0x18C2, 0x0000,
    0x0000, 0x20E2, 0xF5EF, 0xFE52, 0xFE94, 0xFE53, 0xFE12, 0xF5F1, 0xF5F0, 0xF5D0, 0xEDAF, 0xED8F,
    0xE56F, 0xE54E, 0xE54E, 0xDD2E, 0xDD2F, 0xDD2F, 0xD50F, 0xD510, 0xD510, 0xD531, 0xD572, 0xDD93,
    0xE617, 0xFD0B, 0xF3A3, 0xEBA4, 0xF427, 0xE3C7, 0xDB86, 0xD345, 0xD324, 0xCB03, 0xCAE3, 0xC2C3,
    0xC2E2, 0xC2C2, 0xC2C2, 0xC2A2, 0xC282, 0xBA81, 0xC282, 0xBA81, 0xBAA1, 0xC2A1, 0xC2A1, 0xC281,
    0xC281, 0xC281, 0xC281, 0xC281, 0xC281, 0xC281, 0xC281, 0xC281, 0xC281, 0xC281, 0xC281, 0xC281,
    0xCAA1, 0xCAA1, 0xCAA1, 0xCAA1, 0xCAA1, 0xCAA1, 0xCAA1, 0xD2C1, 0xCAA1, 0xD2C1, 0xD2C1, 0xD2E1,
    0xD2E1, 0xDAA0, 0xE363, 0xF56E, 0xFEB7, 0xFEB6, 0xF613, 0xF5D1, 0xF5D1, 0xF5D1, 0xF5D1, 0xF5D1,
    0xF5B0, 0xF5B0, 0xF5B0, 0xF5AF, 0xF58F, 0xF58E, 0xF56E, 0xF56E, 0xF56D, 0xED4D, 0xF54D, 0xF54D,
    0xF54D, 0xED4C, 0xED4C, 0xF54C, 0xED4C, 0xED2C, 0xED2C, 0xED2C, 0xED2C, 0xF54C, 0xF52C, 0xF52D,
    0xF54C, 0xF54D, 0xF54D, 0xF56D, 0xF56E, 0xF58E, 0xF58E, 0xF58F, 0xF58F, 0xFD8E, 0xFD8E, 0xFE11,
    0xFE53, 0xF58F, 0xEBC6, 0xDAA0, 0xDAA0, 0xD2C1, 0xD2A0, 0xCA80, 0xCA80, 0xCA80, 0xCA80, 0xCA80,
    0xCA80, 0xCA60, 0xCA60, 0xCA60, 0xCA60, 0xCA60, 0xCA60, 0xCA80, 0xCA80, 0xCA80, 0xCA80, 0xCA80,
    0xCA80, 0xCAA0, 0xD2A0, 0xD2A0, 0xD2C0, 0xD2C0, 0xD2C0, 0xD2A0, 0xD280, 0xD280, 0xD280, 0xD280,
    0xD280, 0xD260, 0xD260, 0xD260, 0xD280, 0xD280, 0xD280, 0xCAA0, 0xCAA0, 0xCA80, 0xCA80, 0xCA80,
    0xCA60, 0xC260, 0xC260, 0xC240, 0xC241, 0xBA40, 0xBA21, 0xBA21, 0xBA21, 0xBA21, 0xBA41, 0xBA41,
    0xC241, 0xBA41, 0xBA21, 0xBA21, 0xBA21, 0xBA21, 0xBA21, 0xBA41, 0xC241, 0xC241, 0xC241, 0xC241,
    0xC241, 0xC261, 0xC261, 0xC281, 0xC281, 0xD240, 0xECED, 0xED2E, 0xCA40, 0xC281, 0xC281, 0xC281,
    0xC2A1, 0xC2A1, 0xCAA1, 0xCAC1, 0xCAC1, 0xCAE1, 0xD2E1, 0xD301, 0xD302, 0xDB22, 0xDB62, 0xE382,
    0xEBA3, 0xEBE3, 0xF424, 0xF465, 0xF3E3, 0xFC23, 0xF56E, 0xE5F7, 0xE593, 0xDD52, 0xDD51, 0xDD30,
    0xDD2F, 0xDD2E, 0xE52E, 0xE52E, 0xE54E, 0xED6E, 0xED6E, 0xF58F, 0xF5AF, 0xF5CF, 0xF5EF, 0xFDF0,
    0xFE11, 0xFE31, 0xFE52, 0xF693, 0xFE50, 0xD4EC, 0x0020, 0x0000, 0x0000, 0x0820, 0xDD4E, 0xFE51,
    0xFE94, 0xFE53, 0xFE32, 0xF5F1, 0xF5F0, 0xF5D0, 0xEDAF, 0xED8F, 0xE56F, 0xE54E, 0xE54E, 0xDD2E,
    0xDD2F, 0xDD2F, 0xD52F, 0xD50F, 0xD510, 0xD531, 0xD552, 0xDD73, 0xDDF6, 0xF570, 0xF3C3, 0xEBA4,
    0xF407, 0xEBE7, 0xDB86, 0xDB45, 0xD324, 0xCB04, 0xCAE3, 0xCAC3, 0xC2E3, 0xC2C2, 0xC2C2, 0xC2A2,
    0xC2A2, 0xC282, 0xC281, 0xBA81, 0xBAA1, 0xC281, 0xC281, 0xC281, 0xC281, 0xC281, 0xC281, 0xC281,
    0xC281, 0xC281, 0xC281, 0xC281, 0xC281, 0xC281, 0xC281, 0xC281, 0xCA81, 0xCA81, 0xCA81, 0xCAA1,
    0xCAA1, 0xCAA1, 0xD2A1, 0xD2C1, 0xD2A1, 0xD2C1, 0xD2E1, 0xD2A0, 0xE2E1, 0xECCC, 0xFE96, 0xFEB7,
    0xF5F3, 0xF5D2, 0xF5F2, 0xF5D2, 0xF5B1, 0xF5B0, 0xF5B0, 0xF590, 0xF58F, 0xF58F, 0xF58E, 0xF56E,
    0xF56E, 0xED6D, 0xF56D, 0xF54D, 0xED4C, 0xED2C, 0xED2C, 0xED2C, 0xED2C, 0xED2B, 0xED0B, 0xED0B,
    0xED0B, 0xED0B, 0xED0B, 0xED0B, 0xED0B, 0xED0B, 0xED0B, 0xED0C, 0xED0C, 0xED2C, 0xED2C, 0xF54C,
    0xF54D, 0xF54D, 0xF54D, 0xF56D, 0xF56E, 0xF56E, 0xF58E, 0xFD8E, 0xFD8F, 0xFDF1, 0xFE53, 0xF56E,
    0xEB84, 0xE2A0, 0xD2A0, 0xD2A1, 0xCA80, 0xCA80, 0xCA80, 0xCA80, 0xCA80, 0xCA60, 0xCA60, 0xCA60,
    0xCA61, 0xCA60, 0xCA60, 0xCA60, 0xCA60, 0xCA60, 0xCA60, 0xCA60, 0xCA80, 0xCA80, 0xCA80, 0xCA60,
    0xCA80, 0xCAA0, 0xCAA0, 0xCAA0, 0xCAA0, 0xCAA0, 0xCAA0, 0xCAA0, 0xCA80, 0xCA80, 0xCA80, 0xCA80,
    0xCA80, 0xCA80, 0xCA80, 0xCA60, 0xCA60, 0xC260, 0xC260, 0xC260, 0xC240, 0xC240, 0xC241, 0xC241,
    0xBA41, 0xBA21, 0xBA21, 0xBA21, 0xBA21, 0xBA21, 0xBA21, 0xBA41, 0xBA41, 0xBA41, 0xBA41, 0xBA21,
    0xBA21, 0xBA21, 0xBA41, 0xBA41, 0xC241, 0xC241, 0xC261, 0xC261, 0xC261, 0xC261, 0xC281, 0xC281,
    0xCA40, 0xF52F, 0xFF7B, 0xF5B1, 0xCA40, 0xC281, 0xC281, 0xC281, 0xC2A1, 0xCAA1, 0xCAA1, 0xCAC1,
    0xCAC1, 0xD2E1, 0xD301, 0xD301, 0xDB21, 0xDB42, 0xE362, 0xE382, 0xEBC3, 0xF403, 0xF444, 0xF444,
    0xF3E3, 0xFC64, 0xF5D2, 0xE5D5, 0xDD73, 0xDD51, 0xDD30, 0xDD2F, 0xDD2F, 0xDD2E, 0xE52E, 0xE52E,
    0xE54E, 0xED6E, 0xED6E, 0xF58F, 0xF5AF, 0xF5CF, 0xF5EF, 0xFDF0, 0xFE11, 0xFE31, 0xFE52, 0xF673,
    0xFE50, 0xA3EA, 0x0000, 0x0000, 0x0000, 0x0000, 0xB46B, 0xFE71, 0xF674, 0xFE53, 0xFE32, 0xF611,
    0xF5F1, 0xF5D0, 0xEDAF, 0xED8F, 0xE56F, 0xE54E, 0xE54E, 0xDD2E, 0xDD2E, 0xDD2F, 0xD50F, 0xD50F,
    0xD510, 0xD530, 0xD551, 0xDD73, 0xDDD5, 0xEDD4, 0xFC25, 0xF3A4, 0xF3E6, 0xEC07, 0xE3A6, 0xDB65,
    0xD324, 0xCB04, 0xCAE3, 0xCAE3, 0xCAE3, 0xC2C2, 0xC2C2, 0xC2A2, 0xC2A2, 0xC2A2, 0xC282, 0xBA81,
    0xBA81, 0xC281, 0xC2A1, 0xC281, 0xC281, 0xC281, 0xC281, 0xC281, 0xC281, 0xC281, 0xC281, 0xC281,
    0xC281, 0xC281, 0xC281, 0xC281, 0xCAA1, 0xCAA1, 0xCAA1, 0xCAA1, 0xCAA1, 0xCAA1, 0xD2C1, 0xD2A1,
    0xD2C1, 0xD2C1, 0xDA80, 0xEC07, 0xFE55, 0xFEB7, 0xF5F3, 0xF5B1, 0xF5D2, 0xF5D2, 0xF5D1, 0xF5B1,
    0xF590, 0xF58F, 0xF56F, 0xF56E, 0xF56E, 0xED4D, 0xED4D, 0xED4D, 0xED4D, 0xED4C, 0xED4C, 0xED2C,
    0xED2B, 0xED0B, 0xED0B, 0xED2B, 0xED0B, 0xED0A, 0xED0A, 0xED0B, 0xED0B, 0xED0B, 0xED0B, 0xECEB,
    0xECEA, 0xECEA, 0xECEA, 0xECEB, 0xECEB, 0xED0B, 0xED0B, 0xED0B, 0xED2C, 0xED2C, 0xED2C, 0xF52C,
    0xF52C, 0xF54D, 0xF54D, 0xF56E, 0xF58E, 0xFD8E, 0xFD6E, 0xFDF0, 0xFE33, 0xFD2E, 0xEB23, 0xDA60,
    0xD2A0, 0xD2A1, 0xD2A0, 0xCA80, 0xCA80, 0xCA80, 0xCA60, 0xCA60, 0xCA61, 0xCA61, 0xCA60, 0xCA60,
    0xCA60, 0xCA60, 0xC260, 0xC260, 0xC260, 0xCA60, 0xCA60, 0xCA60, 0xCA60, 0xCA60, 0xCA60, 0xCA60,
    0xCA60, 0xCA60, 0xCA60, 0xC260, 0xC260, 0xC260, 0xCA60, 0xCA60, 0xCA60, 0xC260, 0xC240, 0xC240,
    0xC240, 0xC240, 0xC240, 0xC241, 0xC241, 0xC241, 0xC221, 0xBA21, 0xBA21, 0xBA21, 0xBA21, 0xBA21,
    0xBA21, 0xBA21, 0xBA21, 0xBA21, 0xBA41, 0xBA21, 0xBA21, 0xC241, 0xBA41, 0xC241, 0xC241, 0xC241,
    0xC241, 0xC241, 0xC261, 0xC261, 0xC281, 0xCA81, 0xC260, 0xCA40, 0xF550, 0xFEB7, 0xFE34, 0xE46A,
    0xCA40, 0xCA81, 0xC281, 0xC281, 0xCAA1, 0xCAA1, 0xCAC1, 0xCAC1, 0xCAE1, 0xD2E1, 0xD301, 0xD321,
    0xDB22, 0xDB42, 0xE382, 0xE3A2, 0xEBE3, 0xF403, 0xFC64, 0xF424, 0xF403, 0xFCA6, 0xEDF5, 0xE5B4,
    0xDD72, 0xDD51, 0xDD30, 0xDD2F, 0xDD2E, 0xE52E, 0xE54E, 0xE54E, 0xED4E, 0xED6E, 0xED6E, 0xF58F,
    0xF5AF, 0xF5CF, 0xF5F0, 0xFE10, 0xFE11, 0xFE51, 0xFE72, 0xF652, 0xFE50, 0x72C7, 0x0000, 0x0000,
    0x0000, 0x0000, 0x8B69, 0xFE71, 0xF673, 0xFE73, 0xFE32, 0xFE12, 0xF5F1, 0xF5D0, 0xF5B0, 0xED8F,
    0xED6F, 0xE56E, 0xE54E, 0xDD2E, 0xDD2E, 0xDD2F, 0xD50F, 0xD50F, 0xD50F, 0xD510, 0xD531, 0xDD72,
    0xDD94, 0xE616, 0xFC88, 0xF3C4, 0xF3C5, 0xEC07, 0xE3A6, 0xDB65, 0xD345, 0xD304, 0xCAE4, 0xCAE3,
    0xCAC3, 0xC2C2, 0xC2A2, 0xC2A2, 0xC2A2, 0xC282, 0xC282, 0xC281, 0xC281, 0xC281, 0xC281, 0xC281,
    0xC281, 0xC281, 0xC281, 0xC281, 0xC281, 0xC281, 0xC281, 0xC281, 0xC281, 0xC281, 0xC281, 0xCA81,
    0xCA81, 0xCAA1, 0xCAA1, 0xCAA1, 0xCAA1, 0xCAA1, 0xCAA1, 0xD2C1, 0xD2A0, 0xE2E1, 0xF54E, 0xFEF8,
    0xFE55, 0xF5D2, 0xF5D2, 0xF5B1, 0xF5B1, 0xF590, 0xF590, 0xF58F, 0xED6F, 0xED6E, 0xED4E, 0xED4D,
    0xED4D, 0xED2D, 0xED2C, 0xED2C, 0xED2C, 0xF52C, 0xED2B, 0xED0B, 0xED0B, 0xED0B, 0xF50B, 0xED0B,
    0xED0A, 0xECEA, 0xECEA, 0xECEA, 0xECEA, 0xECEA, 0xECEA, 0xECEA, 0xECEA, 0xECCA, 0xECCA, 0xECCA,
    0xECEA, 0xECEA, 0xECEA, 0xED0B, 0xED0B, 0xED0B, 0xED0B, 0xED0B, 0xED0B, 0xF52C, 0xF52C, 0xF52C,
    0xF54D, 0xF54D, 0xF56E, 0xF56E, 0xFD6E, 0xFDF1, 0xFE12, 0xF46A, 0xE2C1, 0xD280, 0xD2A1, 0xD2A1,
    0xCA80, 0xCA80, 0xCA60, 0xCA60, 0xCA60, 0xCA61, 0xC260, 0xC260, 0xC260, 0xC260, 0xC260, 0xC260,
    0xC260, 0xC240, 0xC240, 0xC240, 0xC240, 0xC240, 0xC260, 0xC260, 0xC260, 0xC260, 0xC260, 0xC260,
    0xC240, 0xC240, 0xC240, 0xC240, 0xC240, 0xC240, 0xC240, 0xC240, 0xC240, 0xC241, 0xC241, 0xC241,
    0xC241, 0xC221, 0xBA21, 0xBA21, 0xBA21, 0xBA21, 0xBA21, 0xBA21, 0xBA21, 0xBA21, 0xBA21, 0xBA21,
    0xBA41, 0xBA41, 0xBA41, 0xC241, 0xC241, 0xC241, 0xC241, 0xC241, 0xC241, 0xC261, 0xC261, 0xCA81,
    0xCAA2, 0xCA60, 0xDAC2, 0xF5F3, 0xFE96, 0xF590, 0xF634, 0xDB44, 0xCA80, 0xCA81, 0xC281, 0xCAA1,
    0xCAA1, 0xCAC1, 0xCAC1, 0xCAC1, 0xD2E1, 0xD301, 0xD301, 0xDB21, 0xDB42, 0xE362, 0xE382, 0xEBC3,
    0xEC03, 0xF424, 0xFC64, 0xF403, 0xFC23, 0xFD0A, 0xEE17, 0xE593, 0xDD72, 0xDD51, 0xDD30, 0xDD2F,
    0xDD2E, 0xE54E, 0xE54E, 0xE54E, 0xED4E, 0xED6E, 0xED8E, 0xF58F, 0xF5AF, 0xF5EF, 0xF5F0, 0xFE10,
    0xFE31, 0xFE51, 0xFE93, 0xF652, 0xFE2F, 0x41A4, 0x0000, 0x0000, 0x0000, 0x0000, 0x5A46, 0xFE51,
    0xF653, 0xFE74, 0xFE33, 0xFE12, 0xF5F1, 0xF5D0, 0xF5D0, 0xEDAF, 0xED8F, 0xE56F, 0xE54E, 0xDD4E,
    0xDD2E, 0xDD0E, 0xD50F, 0xD50F, 0xD50F, 0xD510, 0xD531, 0xD552, 0xDD73, 0xE617, 0xF54D, 0xF3C4,
    0xF3A4, 0xEBE7, 0xE3C7, 0xDB86, 0xD345, 0xD324, 0xCB04, 0xCAE3, 0xCAC3, 0xC2C3, 0xC2A2, 0xC2A2,
    0xC2A2, 0xC282, 0xC281, 0xC281, 0xC281, 0xC282, 0xC282, 0xC281, 0xC281, 0xC281, 0xC281, 0xC281,
    0xC281, 0xC281, 0xC281, 0xC281, 0xC281, 0xC281, 0xC281, 0xCA81, 0xCA81, 0xCAA1, 0xCAA1, 0xCAA1,
    0xCAA1, 0xD2A1, 0xD2C1, 0xD280, 0xEBC6, 0xFE55, 0xFE97, 0xF5F3, 0xF5D2, 0xF5D2, 0xEDB1, 0xED90,
    0xED90, 0xED6F, 0xED6F, 0xED6E, 0xED4E, 0xED4D, 0xED4D, 0xED4D, 0xED2C, 0xED2C, 0xED2C, 0xED2C,
    0xF52B, 0xF52B, 0xF50B, 0xF50B, 0xF50A, 0xF50A, 0xF50A, 0xF50A, 0xED0A, 0xED0A, 0xECEA, 0xECEA,
    0xECEA, 0xECEA, 0xECEA, 0xECCA, 0xECCA, 0xECC9, 0xECC9, 0xECC9, 0xECC9, 0xECEA, 0xECEA, 0xECEA,
    0xECEA, 0xECEA, 0xECCB, 0xECEA, 0xECEA, 0xECEB, 0xED0B, 0xED0B, 0xED0C, 0xF52C, 0xF52D, 0xF54D,
    0xF56E, 0xF54D, 0xFD6E, 0xFE12, 0xFDD1, 0xEBE7, 0xDA80, 0xD280, 0xD2A1, 0xCA80, 0xCA80, 0xCA60,
    0xCA60, 0xCA60, 0xCA60, 0xC260, 0xC240, 0xC260, 0xC260, 0xC241, 0xC240, 0xC240, 0xC240, 0xC240,
    0xC240, 0xC240, 0xC240, 0xC240, 0xC241, 0xC240, 0xC241, 0xC240, 0xC240, 0xC240, 0xC240, 0xC240,
    0xC240, 0xC240, 0xC240, 0xC240, 0xC241, 0xC241, 0xBA41, 0xBA41, 0xC241, 0xBA41, 0xBA21, 0xBA21,
    0xBA21, 0xBA21, 0xBA21, 0xBA21, 0xBA21, 0xBA21, 0xBA21, 0xBA41, 0xBA41, 0xBA41, 0xC241, 0xC241,
    0xC241, 0xC241, 0xC241, 0xC261, 0xC261, 0xC261, 0xC281, 0xCAA2, 0xD260, 0xDB45, 0xFE76, 0xFE97,
    0xF590, 0xFDF2, 0xF54F, 0xD280, 0xCAA1, 0xCA81, 0xCAA1, 0xCAA1, 0xCAA1, 0xCAC1, 0xCAC1, 0xCAE1,
    0xD2E1, 0xD301, 0xD321, 0xDB21, 0xDB42, 0xE362, 0xE3A2, 0xEBC3, 0xF423, 0xF444, 0xFC64, 0xF403,
    0xFC43, 0xF58E, 0xE5F6, 0xE593, 0xDD52, 0xDD30, 0xDD2F, 0xDD2F, 0xDD2E, 0xE54E, 0xE54E, 0xED4E,
    0xED6F, 0xED6E, 0xF58F, 0xF5AF, 0xF5CF, 0xF5CF, 0xFDF0, 0xF610, 0xFE31, 0xFE52, 0xFE93, 0xFE51,
    0xED8E, 0x1881, 0x0000, 0x0000, 0x0000, 0x0000, 0x3123, 0xFE10, 0xFE32, 0xFE94, 0xFE53, 0xFE32,
    0xF5F1, 0xF5F0, 0xF5D0, 0xEDAF, 0xED8F, 0xE56F, 0xE54E, 0xE54E, 0xDD2E, 0xDD0E, 0xD50F, 0xD50F,
    0xD50F, 0xD510, 0xD531, 0xD552, 0xDD73, 0xDDD6, 0xF5D2, 0xFC04, 0xEB84, 0xEBE6, 0xEBE7, 0xE386,
    0xDB65, 0xD324, 0xCB04, 0xCAE3, 0xCAC3, 0xC2C3, 0xC2A2, 0xC2A2, 0xC2A2, 0xC282, 0xC282, 0xC281,
    0xC281, 0xC282, 0xC281, 0xC281, 0xC281, 0xC281, 0xC281, 0xC281, 0xC281, 0xC281, 0xC281, 0xC281,
    0xC281, 0xC281, 0xC281, 0xCA81, 0xCAA1, 0xCAA1, 0xCAA1, 0xCAA1, 0xD2C1, 0xD2C1, 0xD280, 0xECAB,
    0xFED8, 0xF635, 0xF5D2, 0xF5F2, 0xF5D2, 0xED91, 0xED90, 0xED6F, 0xED6F, 0xED4E, 0xED4E, 0xED4D,
    0xED4D, 0xF54D, 0xED4D, 0xF52C, 0xF52C, 0xF52C, 0xF52C, 0xF52C, 0xF52B, 0xF52B, 0xF52B, 0xF52B,
    0xF52B, 0xF52B, 0xF52B, 0xF50A, 0xF50A, 0xF50A, 0xF50A, 0xF4EA, 0xF4EA, 0xECEA, 0xECEA, 0xECEA,
    0xECC9, 0xECC9, 0xECC9, 0xECC9, 0xECC9, 0xECC9, 0xECCA, 0xECCA, 0xECC9, 0xECCA, 0xECCA, 0xECCA,
    0xECCA, 0xECCA, 0xECEA, 0xECEB, 0xECEB, 0xECEB, 0xED0C, 0xF52C, 0xF52D, 0xF54D, 0xF54D, 0xF54D,
    0xFD8F, 0xFE33, 0xFD6F, 0xEB64, 0xDA60, 0xD280, 0xD281, 0xD280, 0xCA80, 0xCA60, 0xCA61, 0xCA60,
    0xC260, 0xC260, 0xC260, 0xC241, 0xC241, 0xC241, 0xC240, 0xC240, 0xC240, 0xC240, 0xC240, 0xC240,
    0xC241, 0xC241, 0xC241, 0xC240, 0xC240, 0xC241, 0xC240, 0xC240, 0xC241, 0xC220, 0xC220, 0xC221,
    0xC221, 0xC241, 0xBA41, 0xBA41, 0xC241, 0xBA41, 0xBA21, 0xBA21, 0xBA21, 0xBA21, 0xBA21, 0xBA21,
    0xBA21, 0xBA21, 0xBA21, 0xC241, 0xC241, 0xC241, 0xC241, 0xC241, 0xC261, 0xC261, 0xC261, 0xC261,
    0xC261, 0xCA81, 0xCA81, 0xD260, 0xEC6A, 0xFED8, 0xFE56, 0xF5D2, 0xF591, 0xFE34, 0xE3C7, 0xD280,
    0xCAA1, 0xCAA1, 0xCAA1, 0xCAA1, 0xCAA1, 0xCAC1, 0xCAE1, 0xD2E1, 0xD301, 0xD301, 0xD321, 0xDB42,
    0xE362, 0xE382, 0xEBC2, 0xEC03, 0xF423, 0xFC84, 0xF444, 0xF403, 0xFC64, 0xEDD3, 0xE5D5, 0xDD72,
    0xDD51, 0xDD30, 0xDD2F, 0xDD2F, 0xDD2E, 0xE54E, 0xE54E, 0xED4F, 0xED6F, 0xED8F, 0xF58F, 0xF5AF,
    0xF5CF, 0xF5EF, 0xFDF0, 0xFE10, 0xFE31, 0xFE52, 0xF693, 0xFE50, 0xC4AB, 0x0000, 0x0000, 0x0000,
    0x0000, 0x0000, 0x0840, 0xDD4E, 0xFE51, 0xFE94, 0xFE53, 0xFE32, 0xF5F1, 0xF5F1, 0xF5D0, 0xEDB0,
    0xED8F, 0xED6F, 0xE54E, 0xE54E, 0xDD2E, 0xDD2E, 0xDD0F, 0xD50F, 0xD50F, 0xD510, 0xD510, 0xD531,
    0xD553, 0xDDB5, 0xEE15, 0xFC66, 0xF384, 0xEBC5, 0xEC07, 0xE3A7, 0xDB66, 0xD325, 0xCB04, 0xCAE3,
    0xCAC3, 0xCAC3, 0xC2C2, 0xC2A2, 0xC2A2, 0xC2A2, 0xC282, 0xC282, 0xC282, 0xC281, 0xC281, 0xC281,
    0xC281, 0xC281, 0xC281, 0xC281, 0xC281, 0xC281, 0xC281, 0xC281, 0xC281, 0xC281, 0xC281, 0xCA81,
    0xCAA1, 0xCAA1, 0xCAA1, 0xD2C1, 0xD2A0, 0xDAA0, 0xF550, 0xFEF9, 0xF5F3, 0xF5D2, 0xF5D2, 0xF5B1,
    0xED91, 0xED70, 0xED4F, 0xED4E, 0xED4E, 0xED2D, 0xED2D, 0xED4D, 0xF54D, 0xF54D, 0xF54C, 0xF54C,
    0xF54C, 0xF54C, 0xF54C, 0xF54C, 0xF54C, 0xF54C, 0xF54B, 0xF54B, 0xF54B, 0xF54B, 0xF52B, 0xF52B,
    0xF52A, 0xF50A, 0xF50A, 0xF50A, 0xF50A, 0xF50A, 0xF4EA, 0xF4EA, 0xECEA, 0xECEA, 0xECC9, 0xECC9,
    0xECC9, 0xECC9, 0xECC9, 0xECC9, 0xECC9, 0xECC9, 0xECA9, 0xECC9, 0xECC9, 0xECCA, 0xECCA, 0xECCA,
    0xECCA, 0xECCA, 0xECEB, 0xED0B, 0xF50C, 0xF52C, 0xF52C, 0xF54D, 0xF54D, 0xF54D, 0xFDB0, 0xFE33,
    0xF4EC, 0xE2E2, 0xD240, 0xD280, 0xD2A1, 0xCA80, 0xCA60, 0xCA60, 0xCA60, 0xC260, 0xC260, 0xC261,
    0xC241, 0xC240, 0xC240, 0xC240, 0xC240, 0xC240, 0xC240, 0xC240, 0xC240, 0xC240, 0xC240, 0xBA20,
    0xC220, 0xC220, 0xC221, 0xC220, 0xC220, 0xBA21, 0xC220, 0xBA21, 0xC221, 0xC221, 0xC241, 0xC241,
    0xC241, 0xBA21, 0xBA21, 0xBA21, 0xBA21, 0xBA21, 0xBA21, 0xBA21, 0xBA21, 0xBA21, 0xC241, 0xC241,
    0xC241, 0xC241, 0xC241, 0xC241, 0xC261, 0xC261, 0xC261, 0xCA81, 0xCAA1, 0xCA60, 0xDAE2, 0xF570,
    0xFED7, 0xF614, 0xF5D3, 0xF5D2, 0xFE13, 0xF5D1, 0xDAA0, 0xCAA1, 0xCAA1, 0xCAA1, 0xCAA1, 0xCAA1,
    0xCAC1, 0xCAC1, 0xD2E1, 0xD2E1, 0xD301, 0xD321, 0xDB21, 0xDB41, 0xE382, 0xE3A2, 0xEBE3, 0xF403,
    0xF444, 0xFC85, 0xF424, 0xFC03, 0xFCE8, 0xEE16, 0xE5B4, 0xDD72, 0xDD51, 0xDD30, 0xDD2F, 0xDD2E,
    0xE52E, 0xE52E, 0xE54E, 0xED4F, 0xED6F, 0xED8F, 0xF58F, 0xF5AF, 0xF5CF, 0xF5EF, 0xFDF0, 0xFE10,
    0xFE31, 0xFE72, 0xF672, 0xFE50, 0x9388, 0x0000, 0x0000, 0x0000, 0x0000, 0x0000, 0x0000, 0xAC2B,
    0xFE51, 0xF694, 0xFE73, 0xFE32, 0xFE11, 0xF5F1, 0xF5D0, 0xF5B0, 0xED8F, 0xED8F, 0xE56F, 0xE54E,
    0xDD2E, 0xDD2E, 0xDD2F, 0xD50F, 0xD50F, 0xD50F, 0xD510, 0xD531, 0xD552, 0xDD94, 0xE637, 0xFD0B,
    0xF3A4, 0xEBA5, 0xEC07, 0xEBC7, 0xDB86, 0xD345, 0xD304, 0xCAE4, 0xCAC3, 0xCAE3, 0xCAC3, 0xC2C2,
    0xC2A2, 0xC2A2, 0xC282, 0xC282, 0xC281, 0xC281, 0xC281, 0xC281, 0xC281, 0xC281, 0xC281, 0xC281,
    0xC281, 0xC281, 0xC281, 0xC281, 0xC281, 0xC281, 0xC281, 0xCA81, 0xCAA1, 0xCAA1, 0xCAA1, 0xD280,
    0xDAE2, 0xF5F3, 0xFEB7, 0xF5D2, 0xF5F2, 0xF5B1, 0xED91, 0xED90, 0xED6F, 0xED4F, 0xED4E, 0xED4E,
    0xED4D, 0xF54D, 0xF54D, 0xF54D, 0xF56D, 0xF56D, 0xF56D, 0xF56D, 0xF56D, 0xFD8D, 0xFD8D, 0xFD8D,
    0xFD8D, 0xFD8D, 0xFD8D, 0xFD8D, 0xFD8D, 0xFD8C, 0xFD6C, 0xF56C, 0xF54B, 0xF54B, 0xF54B, 0xF52B,
    0xF52A, 0xF52A, 0xF50A, 0xF50A, 0xF50A, 0xF50A, 0xECE9, 0xECC9, 0xECC9, 0xECC9, 0xECC9, 0xECC9,
    0xECC9, 0xECC9, 0xECA9, 0xECA9, 0xECC9, 0xECA9, 0xECA9, 0xECA9, 0xECC9, 0xECCA, 0xECCA, 0xECEA,
    0xECEB, 0xED0B, 0xED0B, 0xED0C, 0xF52C, 0xF54D, 0xF54D, 0xFD6E, 0xFE12, 0xFE12, 0xEC29, 0xDA80,
    0xD260, 0xCAA0, 0xCA81, 0xCA60, 0xCA60, 0xCA60, 0xCA60, 0xC260, 0xC241, 0xC241, 0xC240, 0xC240,
    0xC240, 0xC240, 0xC240, 0xC240, 0xC240, 0xC240, 0xC220, 0xBA20, 0xBA20, 0xC220, 0xC221, 0xBA21,
    0xBA20, 0xBA20, 0xBA21, 0xBA21, 0xBA21, 0xC221, 0xC221, 0xC241, 0xBA21, 0xBA21, 0xBA21, 0xBA21,
    0xBA21, 0xBA21, 0xBA21, 0xBA21, 0xBA41, 0xC241, 0xC241, 0xC241, 0xC261, 0xC261, 0xC261, 0xC261,
    0xC261, 0xCA61, 0xCAA2, 0xCA61, 0xD260, 0xE408, 0xFE76, 0xFE76, 0xF5B2, 0xF5D3, 0xF5D2, 0xF5B2,
    0xFE75, 0xEC07, 0xD280, 0xCAC1, 0xCAA1, 0xCAA1, 0xCAA1, 0xCAC1, 0xCAC1, 0xCAC1, 0xD2E1, 0xD301,
    0xD301, 0xD321, 0xDB41, 0xDB62, 0xE382, 0xEBA2, 0xEBE3, 0xF423, 0xFC64, 0xFC85, 0xF403, 0xFC42,
    0xF58E, 0xEE17, 0xE593, 0xDD72, 0xDD51, 0xDD30, 0xDD2F, 0xDD2E, 0xE52E, 0xE54E, 0xE54E, 0xED6E,
    0xED8E, 0xED8E, 0xF5AE, 0xF5CF, 0xF5CF, 0xF5EF, 0xFDF0, 0xFE10, 0xFE31, 0xFE72, 0xF652, 0xFE2F,
    0x5A25, 0x0000, 0x0000, 0x0000, 0x0000, 0x0000, 0x0000, 0x6A86, 0xFE50, 0xF653, 0xFE94, 0xFE32,
    0xF612, 0xF5F1, 0xF5D0, 0xF5B0, 0xEDAF, 0xED8F, 0xE56F, 0xE54E, 0xE52E, 0xDD2E, 0xDD2E, 0xDD0F,
    0xD50F, 0xD510, 0xD530, 0xD531, 0xD552, 0xDD73, 0xE5F7, 0xF5B1, 0xFC04, 0xEBA5, 0xF3E7, 0xEBE7,
    0xE3A6, 0xDB45, 0xD325, 0xCAE4, 0xCAE3, 0xCAC3, 0xCAE3, 0xC2C2, 0xC2A2, 0xC2A2, 0xC2A2, 0xC2A2,
    0xC282, 0xC281, 0xC281, 0xC281, 0xC281, 0xC281, 0xC281, 0xC281, 0xC281, 0xC281, 0xC281, 0xC281,
    0xC281, 0xC281, 0xCA81, 0xCA81, 0xCAA1, 0xCAC1, 0xD280, 0xDB02, 0xF655, 0xFE96, 0xF5B2, 0xF5D2,
    0xF591, 0xED70, 0xED50, 0xED4F, 0xED4F, 0xED4E, 0xED4E, 0xF54E, 0xF54D, 0xF56D, 0xF56D, 0xF56E,
    0xF58E, 0xFDAE, 0xFDAE, 0xFDAE, 0xFDAE, 0xFDAF, 0xFDAF, 0xFDCF, 0xFDCF, 0xFDCE, 0xFDAE, 0xFDAE,
    0xFDAE, 0xFDAE, 0xFDAE, 0xFDAD, 0xFDAD, 0xFD8D, 0xFD8C, 0xFD6C, 0xFD6C, 0xFD4B, 0xF54B, 0xF52B,
    0xF52A, 0xF52A, 0xF50A, 0xF4EA, 0xECE9, 0xECC9, 0xECC9, 0xECC9, 0xECC9, 0xECC9, 0xECA9, 0xECA9,
    0xECA9, 0xECA9, 0xECA9, 0xE4A9, 0xE4A9, 0xECA9, 0xECA9, 0xECCA, 0xECCA, 0xECCA, 0xECCB, 0xECEB,
    0xED0C, 0xF52C, 0xF52D, 0xF54D, 0xF54E, 0xFD8F, 0xFE12, 0xFDB0, 0xEBE7, 0xDA80, 0xD260, 0xCA81,
    0xCA81, 0xCA61, 0xCA60, 0xCA60, 0xC240, 0xC240, 0xC240, 0xC240, 0xC241, 0xC240, 0xC240, 0xC240,
    0xC240, 0xC241, 0xC240, 0xC240, 0xC220, 0xC220, 0xC221, 0xC221, 0xBA21, 0xBA21, 0xBA41, 0xC221,
    0xBA21, 0xC221, 0xC221, 0xC221, 0xBA21, 0xBA21, 0xBA21, 0xBA21, 0xBA21, 0xBA21, 0xC221, 0xC241,
    0xC241, 0xC241, 0xC241, 0xC261, 0xC261, 0xC261, 0xC261, 0xC261, 0xCA81, 0xCA81, 0xD240, 0xDB23,
    0xF570, 0xFEB7, 0xFE14, 0xF5B2, 0xF5D3, 0xF5B2, 0xF591, 0xFE14, 0xF5D1, 0xDAA0, 0xD2C1, 0xCAA1,
    0xCAA1, 0xCAA1, 0xCAA1, 0xCAC1, 0xCAC1, 0xD2E1, 0xD301, 0xD301, 0xD321, 0xDB21, 0xDB41, 0xE362,
    0xE3A2, 0xEBC2, 0xF403, 0xF444, 0xFC85, 0xF464, 0xF403, 0xFC84, 0xF5F3, 0xE5D5, 0xE593, 0xDD51,
    0xDD50, 0xDD2F, 0xDD2F, 0xDD2E, 0xE52E, 0xE54E, 0xE54E, 0xED6E, 0xED6E, 0xED8E, 0xF5AE, 0xF5CF,
    0xF5EF, 0xF5F0, 0xFE10, 0xFE11, 0xFE31, 0xFE93, 0xFE51, 0xF5CE, 0x18C2, 0x0000, 0x0000, 0x0000,
    0x0000, 0x0000, 0x0000, 0x3123, 0xFE0F, 0xFE52, 0xFE94, 0xFE52, 0xFE12, 0xF5F1, 0xF5D0, 0xF5B0,
    0xEDAF, 0xED8F, 0xE56E, 0xE54E, 0xE54E, 0xDD2E, 0xDD2E, 0xDD2F, 0xD50F, 0xD50F, 0xD530, 0xD531,
    0xD532, 0xDD73, 0xDDB5, 0xEE15, 0xFC66, 0xF3A4, 0xEBC5, 0xEC07, 0xE3A6, 0xDB66, 0xD325, 0xD304,
    0xCAE4, 0xCAE3, 0xC2C3, 0xC2A3, 0xC2A2, 0xC2A2, 0xC2A2, 0xC2A2, 0xC2A2, 0xC282, 0xC281, 0xC281,
    0xC281, 0xC281, 0xC281, 0xC281, 0xC281, 0xC281, 0xC281, 0xC281, 0xC281, 0xC281, 0xCA81, 0xCA81,
    0xCAA1, 0xCA80, 0xDB03, 0xF655, 0xFE76, 0xF5B1, 0xF5B2, 0xF591, 0xED70, 0xED4F, 0xED4F, 0xED4F,
    0xED4E, 0xF54E, 0xF56E, 0xF58E, 0xF58E, 0xF5AE, 0xFDAF, 0xFDAF, 0xFDAF, 0xFDCF, 0xFDD0, 0xFDF0,
    0xFE11, 0xFE31, 0xFE52, 0xFE52, 0xFE52, 0xFE52, 0xFE52, 0xFE51, 0xFE31, 0xFE11, 0xFDF0, 0xFDEF,
    0xFDCF, 0xFDCE, 0xFDAE, 0xFDAD, 0xFDAD, 0xFD8D, 0xFD8C, 0xFD6C, 0xFD6C, 0xFD4B, 0xF52B, 0xF50A,
    0xF50A, 0xF4E9, 0xF4E9, 0xECE9, 0xECE9, 0xECC9, 0xECC9, 0xECC9, 0xECA9, 0xECA9, 0xECA9, 0xE4A9,
    0xE4A9, 0xE4A9, 0xE4A9, 0xECA9, 0xECAA, 0xECAA, 0xECAA, 0xECAB, 0xECCB, 0xECEB, 0xED0C, 0xF50C,
    0xF52D, 0xF54E, 0xF54D, 0xFD8E, 0xFE12, 0xFD6F, 0xEBA6, 0xDA60, 0xCA40, 0xCA80, 0xCA81, 0xCA61,
    0xCA60, 0xCA61, 0xC240, 0xC240, 0xC241, 0xC240, 0xC240, 0xC241, 0xC240, 0xC240, 0xC240, 0xC240,
    0xC241, 0xC220, 0xC221, 0xC221, 0xC221, 0xC221, 0xBA41, 0xC221, 0xC221, 0xC221, 0xC221, 0xC221,
    0xC221, 0xC241, 0xC241, 0xC241, 0xC241, 0xC241, 0xC241, 0xC241, 0xC241, 0xC241, 0xC261, 0xCA61,
    0xCA61, 0xCA81, 0xCA81, 0xCA61, 0xCA20, 0xDAC2, 0xF50D, 0xFEB7, 0xFE55, 0xF5B2, 0xF5D3, 0xF5D3,
    0xF5B2, 0xF591, 0xF5B1, 0xFE75, 0xEBA5, 0xD2A0, 0xCAC1, 0xCAA1, 0xCAA1, 0xCAA1, 0xCAC1, 0xCAC1,
    0xD2E1, 0xD2E1, 0xD301, 0xD321, 0xDB21, 0xDB42, 0xDB62, 0xE382, 0xEBA2, 0xEBE2, 0xF423, 0xF444,
    0xFCA5, 0xF424, 0xFC23, 0xFCE8, 0xEE16, 0xE5B4, 0xDD72, 0xDD51, 0xDD50, 0xDD2F, 0xDD2E, 0xE52E,
    0xE54E, 0xE54E, 0xE54E, 0xED6E, 0xED8E, 0xED8E, 0xF5AE, 0xF5CF, 0xF5EF, 0xF5F0, 0xFE10, 0xFE31,
    0xFE52, 0xF693, 0xFE50, 0xC4AB, 0x0000, 0x0000, 0x0000, 0x0000, 0x0000, 0x0000, 0x0000, 0x0820,
    0xDD2D, 0xFE31, 0xFE94, 0xFE52, 0xFE12, 0xF5F1, 0xF5F0, 0xF5D0, 0xEDAF, 0xED8F, 0xE56E, 0xE54E,
    0xE54E, 0xDD2E, 0xDD2E, 0xDD2F, 0xDD2F, 0xD50F, 0xD530, 0xD530, 0xD531, 0xD552, 0xDD74, 0xE617,
    0xFD0B, 0xF3C4, 0xEB85, 0xF407, 0xE3C7, 0xDB86, 0xDB45, 0xD304, 0xCAE4, 0xCAE3, 0xC2C3, 0xC2A3,
    0xC2A2, 0xC2A2, 0xC2A2, 0xC2A2, 0xC2A2, 0xC2A2, 0xC281, 0xC281, 0xC281, 0xC281, 0xC281, 0xC281,
    0xC281, 0xC261, 0xC261, 0xC261, 0xC281, 0xCA81, 0xCA81, 0xCAA1, 0xCA80, 0xDAE2, 0xF635, 0xFE55,
    0xF5B2, 0xF5B1, 0xF570, 0xED70, 0xED6F, 0xED4F, 0xF54F, 0xF54E, 0xF56E, 0xF58F, 0xF5AF, 0xF5AF,
    0xFDAF, 0xFDF0, 0xFE11, 0xFE52, 0xFE73, 0xFE73, 0xFE73, 0xFE73, 0xFE32, 0xFDF1, 0xFDD0, 0xFDAF,
    0xF5AF, 0xF5AE, 0xF5AE, 0xF5CF, 0xFDF0, 0xFE11, 0xFE52, 0xFE93, 0xFEB4, 0xFE72, 0xFE31, 0xFE10,
    0xFDEF, 0xFDCE, 0xFDAD, 0xFDAD, 0xFD8D, 0xFD8C, 0xFD6C, 0xF54B, 0xF52B, 0xF52A, 0xF50A, 0xF50A,
    0xF4E9, 0xF4E9, 0xECE9, 0xECC9, 0xECC9, 0xECA9, 0xECA9, 0xEC88, 0xE488, 0xE488, 0xE489, 0xE489,
    0xE4A9, 0xE4A9, 0xE48A, 0xECAA, 0xECAA, 0xECCB, 0xECCB, 0xECEB, 0xED0C, 0xED0C, 0xF52D, 0xF52D,
    0xF50D, 0xFD8F, 0xFE13, 0xFD90, 0xEBC7, 0xDA60, 0xD240, 0xCA80, 0xCA81, 0xCA61, 0xCA61, 0xCA40,
    0xCA40, 0xC240, 0xC241, 0xC240, 0xC240, 0xC241, 0xC241, 0xC241, 0xC241, 0xC221, 0xC241, 0xC221,
    0xC221, 0xC221, 0xC241, 0xC241, 0xC241, 0xC221, 0xC241, 0xC241, 0xC241, 0xC241, 0xC241, 0xC241,
    0xC241, 0xC241, 0xC241, 0xC241, 0xC261, 0xC261, 0xCA61, 0xCA81, 0xCAA1, 0xCA60, 0xD240, 0xDAA2,
    0xEC8B, 0xFE55, 0xFE97, 0xF5D3, 0xF5B2, 0xF5D3, 0xF5D3, 0xEDB2, 0xF591, 0xF570, 0xFE33, 0xF50D,
    0xDA60, 0xCAC1, 0xCAA1, 0xCAA1, 0xCAA1, 0xCAC1, 0xCAC1, 0xD2E1, 0xD2E1, 0xD301, 0xD301, 0xD321,
    0xDB42, 0xDB62, 0xE382, 0xE3A2, 0xEBC2, 0xF403, 0xF423, 0xFC64, 0xF485, 0xF403, 0xFC43, 0xF58E,
    0xEE17, 0xE593, 0xDD52, 0xDD51, 0xDD50, 0xDD2F, 0xDD2E, 0xE52E, 0xE54E, 0xE54E, 0xED6E, 0xED6E,
    0xED8E, 0xF5AE, 0xF5CF, 0xF5CF, 0xF5EF, 0xF5F0, 0xFE10, 0xFE31, 0xFE72, 0xF652, 0xFE4F, 0x9368,
    0x0000, 0x0000, 0x0000, 0x0000, 0x0000, 0x0000, 0x0000, 0x0000, 0x9BCA, 0xFE50, 0xF653, 0xFE53,
    0xFE32, 0xF5F1, 0xF5F1, 0xF5D0, 0xF5B0, 0xED8F, 0xED6F, 0xE56E, 0xE54E, 0xE52E, 0xDD2E, 0xDD2E,
    0xDD2F, 0xD52F, 0xD510, 0xD510, 0xD531, 0xD552, 0xDD73, 0xE5F6, 0xF5D2, 0xF3E4, 0xEB84, 0xEBC6,
    0xEBE7, 0xE386, 0xDB45, 0xD325, 0xD304, 0xCB03, 0xCAE3, 0xC2C3, 0xC2C2, 0xC2C2, 0xC2A2, 0xC2A2,
    0xC2A2, 0xC2A2, 0xC2A1, 0xC281, 0xC281, 0xC281, 0xC281, 0xC261, 0xC261, 0xC261, 0xC261, 0xC261,
    0xC281, 0xCA81, 0xCAA1, 0xCA81, 0xDAA1, 0xF614, 0xFE55, 0xF5B1, 0xF5B2, 0xF591, 0xED70, 0xED6F,
    0xF56F, 0xF56F, 0xF56F, 0xF58F, 0xF58F, 0xFDD0, 0xFDF1, 0xFE52, 0xFE74, 0xFE73, 0xFE12, 0xF58E,
    0xF4CA, 0xEC27, 0xEBC4, 0xEB63, 0xEB21, 0xE300, 0xE2E0, 0xE2E0, 0xE2C0, 0xE2C0, 0xE2E0, 0xE2E0,
    0xE2E0, 0xE300, 0xE322, 0xEBA4, 0xEC06, 0xEC68, 0xF50C, 0xFDCF, 0xFE52, 0xFE72, 0xFE51, 0xFE0F,
    0xFDCE, 0xFDAE, 0xFDAD, 0xFD8D, 0xFD6C, 0xFD6C, 0xFD4B, 0xF52B, 0xF50A, 0xF50A, 0xF4E9, 0xECE9,
    0xECC9, 0xECA9, 0xECA9, 0xECA8, 0xEC88, 0xE488, 0xE488, 0xE489, 0xE489, 0xE489, 0xE489, 0xEC8A,
    0xECAA, 0xECAA, 0xECAB, 0xECAB, 0xECCB, 0xECEB, 0xECEC, 0xED0C, 0xF50D, 0xF52D, 0xF52D, 0xFDB0,
    0xFE12, 0xFD90, 0xEC08, 0xDAC1, 0xD240, 0xCA60, 0xCA81, 0xCA81, 0xCA61, 0xCA60, 0xCA40, 0xC240,
    0xC240, 0xC240, 0xC240, 0xC241, 0xC240, 0xC240, 0xC240, 0xC240, 0xC241, 0xC241, 0xC241, 0xC241,
    0xC241, 0xC241, 0xC241, 0xC241, 0xC241, 0xC241, 0xC241, 0xC241, 0xC241, 0xC241, 0xC261, 0xCA61,
    0xCA81, 0xCAA1, 0xCA81, 0xCA60, 0xD260, 0xE323, 0xECCC, 0xFE35, 0xFE76, 0xF5D3, 0xF5B2, 0xF5B3,
    0xEDB2, 0xEDB2, 0xED92, 0xED91, 0xF590, 0xFDD1, 0xFDF2, 0xDAC1, 0xD2A0, 0xCAA1, 0xCAA1, 0xCAA1,
    0xCAC1, 0xCAC1, 0xCAC1, 0xD2E1, 0xD2E1, 0xD301, 0xD301, 0xDB21, 0xDB62, 0xE382, 0xE3A2, 0xEBC2,
    0xEBE2, 0xF423, 0xF443, 0xFC85, 0xF444, 0xFC23, 0xFCA5, 0xF614, 0xE5D5, 0xDD73, 0xDD51, 0xDD50,
    0xDD30, 0xDD2F, 0xDD2E, 0xE52E, 0xE54E, 0xE54E, 0xED6E, 0xED6E, 0xED6F, 0xF5AF, 0xF5CF, 0xF5CF,
    0xF5EF, 0xF5F0, 0xFE11, 0xFE31, 0xFE73, 0xF651, 0xFE2F, 0x49E4, 0x0000, 0x0000, 0x0000, 0x0000,
    0x0000, 0x0000, 0x0000, 0x0000, 0x5A25, 0xFE30, 0xF632, 0xFE73, 0xFE32, 0xF611, 0xF5F1, 0xF5F0,
    0xF5D0, 0xEDAF, 0xED8F, 0xE56E, 0xE54E, 0xE52E, 0xDD2E, 0xDD2E, 0xDD0E, 0xD50F, 0xD50F, 0xD510,
    0xD510, 0xD531, 0xD573, 0xDDB5, 0xEE36, 0xFC67, 0xEB84, 0xEBA5, 0xEC08, 0xE3A7, 0xDB66, 0xD325,
    0xD304, 0xCB04, 0xCAE3, 0xCAC3, 0xCAC3, 0xC2C2, 0xC2A2, 0xC2A2, 0xC2A2, 0xC2A2, 0xC2A2, 0xC2A1,
    0xC281, 0xC281, 0xC281, 0xC261, 0xC261, 0xC261, 0xC261, 0xC261, 0xC281, 0xCA81, 0xCAA1, 0xD280,
    0xF5B2, 0xFE76, 0xF5B1, 0xF5B1, 0xF590, 0xF590, 0xF56F, 0xF56F, 0xF58F, 0xF58F, 0xFDAF, 0xFDF1,
    0xFE53, 0xFE74, 0xFE32, 0xF54D, 0xEC48, 0xEB64, 0xE301, 0xDAC0, 0xDAA0, 0xDAA0, 0xDAC0, 0xDAC0,
    0xDAE0, 0xDAE0, 0xD2E0, 0xD2E0, 0xD2E0, 0xD2E0, 0xD2E0, 0xD2E0, 0xD2E0, 0xD2C0, 0xD2C0, 0xDAC0,
    0xDAA0, 0xDA80, 0xDAA0, 0xE2C0, 0xEB42, 0xEC07, 0xF4EB, 0xFDD0, 0xFE52, 0xFE51, 0xFE0F, 0xFDCE,
    0xFDAD, 0xFDAD, 0xFD8C, 0xFD6C, 0xF54B, 0xF52A, 0xF50A, 0xF4EA, 0xECE9, 0xECC9, 0xECA9, 0xECA9,
    0xECA8, 0xECA8, 0xEC88, 0xE489, 0xE489, 0xE489, 0xE489, 0xE489, 0xE489, 0xE48A, 0xE48A, 0xECAA,
    0xE4AA, 0xE4AA, 0xECAB, 0xECCB, 0xECEC, 0xED0C, 0xF52D, 0xF52D, 0xF52D, 0xF58F, 0xFDF1, 0xFDF1,
    0xF4CC, 0xE365, 0xD280, 0xCA20, 0xCA40, 0xCA60, 0xCA81, 0xCA61, 0xCA61, 0xCA60, 0xCA61, 0xC241,
    0xCA41, 0xC241, 0xC240, 0xC241, 0xC241, 0xC241, 0xC241, 0xC241, 0xC241, 0xC241, 0xC241, 0xC241,
    0xC261, 0xC261, 0xC261, 0xC261, 0xC261, 0xC281, 0xCA81, 0xCA81, 0xCA60, 0xD260, 0xDAC1, 0xE3C7,
    0xF56F, 0xFE76, 0xFE56, 0xF5D2, 0xF591, 0xF5B2, 0xEDB3, 0xEDB2, 0xED91, 0xED71, 0xED70, 0xF590,
    0xF590, 0xFE54, 0xEBA6, 0xD280, 0xCAC1, 0xCAA1, 0xCAA1, 0xCAC1, 0xCAC1, 0xCAC1, 0xD2E1, 0xD301,
    0xD301, 0xD301, 0xDB21, 0xDB41, 0xE362, 0xE382, 0xE3A2, 0xEBC2, 0xF403, 0xF443, 0xFC64, 0xFCA5,
    0xF423, 0xFC43, 0xFD4A, 0xEE17, 0xE594, 0xDD72, 0xDD51, 0xDD50, 0xDD2F, 0xDD2F, 0xE52E, 0xE54E,
    0xE54E, 0xED4E, 0xED6E, 0xED8E, 0xED8E, 0xF5AF, 0xF5CF, 0xF5EF, 0xF5F0, 0xF610, 0xFE31, 0xFE52,
    0xFE93, 0xFE30, 0xED8D, 0x1081, 0x0000, 0x0000, 0x0000, 0x0000, 0x0000, 0x0000, 0x0000, 0x0000,
    0x18A1, 0xEDAE, 0xFE31, 0xFE94, 0xFE32, 0xFE12, 0xF5F1, 0xF5F0, 0xF5D0, 0xEDAF, 0xED8F, 0xE56E,
    0xE54E, 0xE54E, 0xDD2E, 0xDD2E, 0xDD2E, 0xD50F, 0xD50F, 0xD510, 0xD510, 0xD531, 0xD552, 0xDD94,
    0xE637, 0xF52D, 0xF3A4, 0xEB85, 0xEC07, 0xEBE7, 0xE386, 0xDB66, 0xD325, 0xCB24, 0xCB04, 0xCAE3,
    0xCAC3, 0xC2C2, 0xC2A2, 0xC2A2, 0xC2A2, 0xC282, 0xC282, 0xC281, 0xC281, 0xC281, 0xC261, 0xC261,
    0xC261, 0xC261, 0xC261, 0xC281, 0xC281, 0xCAA1, 0xCA40, 0xED0F, 0xFE97, 0xF5B1, 0xF591, 0xF570,
    0xF570, 0xF590, 0xF58F, 0xF58F, 0xFDB0, 0xFE12, 0xFE74, 0xFE33, 0xF54D, 0xEC06, 0xE321, 0xE2C0,
    0xDAA0, 0xD2C0, 0xD2C0, 0xD2C1, 0xD2C1, 0xD2C1, 0xD2C1, 0xD2C1, 0xD2C0, 0xD2A0, 0xD2A0, 0xCAA0,
    0xCAA0, 0xCAA0, 0xCAA0, 0xCAA0, 0xD2A0, 0xD2A0, 0xD2A0, 0xD2C0, 0xD2C0, 0xD2C0, 0xD2C0, 0xD2C0,
    0xD2A0, 0xD280, 0xDA80, 0xE2E0, 0xEBA4, 0xF4EA, 0xFE11, 0xFE93, 0xFE30, 0xFDCE, 0xFDAD, 0xFD8D,
    0xFD6C, 0xFD4B, 0xF54B, 0xF52A, 0xF50A, 0xF4CA, 0xF4C9, 0xECA9, 0xECC9, 0xECA9, 0xECA9, 0xECA8,
    0xE488, 0xE488, 0xE489, 0xE489, 0xE489, 0xE489, 0xE48A, 0xE48A, 0xE48A, 0xE4AA, 0xE48B, 0xE4AB,
    0xE4CB, 0xECCC, 0xECEC, 0xECEC, 0xED0D, 0xF50D, 0xF50D, 0xF54E, 0xFDD1, 0xFDF2, 0xF590, 0xEC8B,
    0xE365, 0xDAA1, 0xD240, 0xCA40, 0xCA40, 0xCA60, 0xCA61, 0xCA81, 0xCA61, 0xCA61, 0xCA61, 0xCA61,
    0xC261, 0xC261, 0xC261, 0xC261, 0xCA61, 0xCA61, 0xCA61, 0xC261, 0xCA81, 0xCA81, 0xCA81, 0xCA61,
    0xCA60, 0xCA40, 0xD240, 0xDAA1, 0xEBC6, 0xF52D, 0xFE13, 0xFE76, 0xFE34, 0xF5B2, 0xED91, 0xEDB2,
    0xEDB2, 0xEDB2, 0xED92, 0xED91, 0xED71, 0xED70, 0xF570, 0xF590, 0xFE54, 0xF4CC, 0xDA80, 0xD2C1,
    0xCAC1, 0xCAC1, 0xCAC1, 0xCAC1, 0xD2C1, 0xD2E1, 0xD2E1, 0xD301, 0xD301, 0xDB21, 0xDB21, 0xDB41,
    0xE362, 0xE382, 0xEBA2, 0xEBE2, 0xF423, 0xF444, 0xFC84, 0xFC84, 0xFC23, 0xFC83, 0xF5D1, 0xE5F6,
    0xE593, 0xDD52, 0xDD50, 0xDD30, 0xDD2F, 0xDD2E, 0xE52E, 0xE54E, 0xE54E, 0xED4E, 0xED6E, 0xED8E,
    0xED8E, 0xF5AE, 0xF5CF, 0xF5EF, 0xF5F0, 0xFE10, 0xFE31, 0xFE72, 0xF673, 0xFE4F, 0xAC2A, 0x0000,
    0x0000, 0x0000, 0x0000, 0x0000, 0x0000, 0x0000, 0x0000, 0x0000, 0x0000, 0xB44B, 0xFE50, 0xF673,
    0xFE53, 0xFE32, 0xF5F1, 0xF5F1, 0xF5D0, 0xF5AF, 0xED8F, 0xED6F, 0xE54E, 0xE54E, 0xE52E, 0xDD2E,
    0xDD2E, 0xDD0F, 0xD50F, 0xD510, 0xD510, 0xD531, 0xD552, 0xDD73, 0xDDD6, 0xEDF4, 0xFC25, 0xF3A5,
    0xEBC6, 0xEC08, 0xE3A7, 0xDB86, 0xD345, 0xD304, 0xCB04, 0xCAE3, 0xCAC3, 0xC2C3, 0xC2A2, 0xC2A2,
    0xC2A2, 0xC282, 0xC282, 0xC281, 0xC281, 0xC261, 0xC261, 0xC261, 0xC261, 0xC261, 0xC281, 0xC281,
    0xCA81, 0xCA20, 0xE40A, 0xFE97, 0xF5B2, 0xF5B1, 0xF570, 0xF56F, 0xF590, 0xF5B0, 0xFDD0, 0xFE33,
    0xFE74, 0xF5D0, 0xEC48, 0xEB22, 0xDAA0, 0xDAA0, 0xD2C0, 0xD2E1, 0xD2C1, 0xCAC1, 0xCAA0, 0xCAA0,
    0xCAA0, 0xCAA0, 0xCAA0, 0xCAA0, 0xCAA1, 0xCA81, 0xCA80, 0xCA80, 0xCA80, 0xCA80, 0xCA80, 0xCA80,
    0xCA80, 0xCA80, 0xCA80, 0xCAA0, 0xCAA0, 0xCAA0, 0xCAA0, 0xCAA0, 0xCAA0, 0xCAA0, 0xD2C0, 0xD2C0,
    0xDAC0, 0xDAC0, 0xE301, 0xEC07, 0xF52D, 0xFE31, 0xFE51, 0xFDCE, 0xFD8D, 0xFD8D, 0xFD6C, 0xFD4B,
    0xF52B, 0xF50A, 0xF4EA, 0xF4E9, 0xF4C9, 0xECC9, 0xECC9, 0xECA9, 0xECA8, 0xEC88, 0xE488, 0xE488,
    0xE489, 0xE469, 0xE469, 0xE469, 0xE489, 0xE48A, 0xE48A, 0xE48A, 0xE4AA, 0xE4AB, 0xE4CB, 0xE4CB,
    0xECEC, 0xECED, 0xED0D, 0xED0D, 0xF50D, 0xF52E, 0xF56F, 0xFDF2, 0xFE33, 0xFDD2, 0xF50D, 0xEC08,
    0xDB24, 0xDAA1, 0xD260, 0xD240, 0xCA20, 0xCA40, 0xCA40, 0xCA40, 0xCA60, 0xCA60, 0xCA60, 0xCA60,
    0xCA60, 0xCA60, 0xCA40, 0xCA20, 0xCA20, 0xCA40, 0xD260, 0xD2C1, 0xE344, 0xEC49, 0xF54E, 0xFE13,
    0xFE96, 0xFE75, 0xF5D3, 0xF591, 0xED91, 0xEDB2, 0xEDB2, 0xED92, 0xED92, 0xED71, 0xED71, 0xED71,
    0xED70, 0xF570, 0xF590, 0xFE33, 0xF5B0, 0xE2C0, 0xD2E1, 0xD2C1, 0xCAC1, 0xCAC1, 0xCAC1, 0xD2C1,
    0xD2E1, 0xD2E1, 0xD301, 0xD301, 0xD301, 0xDB21, 0xDB41, 0xDB61, 0xE382, 0xEBA2, 0xEBC2, 0xF403,
    0xF443, 0xFC84, 0xFCA5, 0xF443, 0xFC23, 0xFCE7, 0xEE16, 0xE5B4, 0xDD73, 0xDD51, 0xDD30, 0xDD2F,
    0xDD2F, 0xDD4E, 0xE54E, 0xE54E, 0xE54E, 0xED6E, 0xED6E, 0xED8E, 0xED8E, 0xF5AE, 0xF5CF, 0xF5EF,
    0xF5F0, 0xFE11, 0xFE51, 0xFE73, 0xF632, 0xFE4F, 0x6A86, 0x0000, 0x0000, 0x0000, 0x0000, 0x0000,
    0x0000, 0x0000, 0x0000, 0x0000, 0x0000, 0x6266, 0xFE50, 0xF652, 0xFE73, 0xFE32, 0xFE11, 0xF5F1,
    0xF5D0, 0xF5AF, 0xED8F, 0xED6E, 0xE56E, 0xE54E, 0xE54E, 0xDD2E, 0xDD2E, 0xDD2F, 0xD50F, 0xD50F,
    0xD510, 0xD510, 0xD531, 0xD572, 0xDD94, 0xE637, 0xFCEA, 0xF3A4, 0xEB85, 0xEC07, 0xEBC7, 0xE386,
    0xDB45, 0xD304, 0xCAE4, 0xCAE3, 0xCAC3, 0xCAC3, 0xC2A2, 0xC2A2, 0xC2A2, 0xC282, 0xC282, 0xC282,
    0xC281, 0xC261, 0xC261, 0xC261, 0xC261, 0xC261, 0xC281, 0xCA81, 0xCA60, 0xDB05, 0xFE77, 0xF5D2,
    0xF5B1, 0xF590, 0xF590, 0xF590, 0xFDB0, 0xFE33, 0xFE53, 0xF56E, 0xEBE6, 0xE2C0, 0xDAA0, 0xD2C0,
    0xD2C1, 0xD2C1, 0xCAA1, 0xCAA1, 0xCAA1, 0xCA81, 0xCA80, 0xCA80, 0xC281, 0xC281, 0xC280, 0xC281,
    0xC280, 0xC281, 0xC280, 0xC280, 0xC280, 0xC280, 0xC280, 0xC260, 0xC260, 0xC280, 0xCA80, 0xCA80,
    0xCA80, 0xCA80, 0xCA80, 0xCA80, 0xCA80, 0xCA80, 0xCAA0, 0xCAA0, 0xD2C0, 0xD2C1, 0xD2C0, 0xD2A0,
    0xDAA0, 0xE343, 0xF4EB, 0xFE31, 0xFE72, 0xFDEF, 0xFDAD, 0xFD8D, 0xFD6C, 0xF54B, 0xF52A, 0xF50A,
    0xF4EA, 0xF4E9, 0xECC9, 0xECC9, 0xECA9, 0xECA9, 0xECA9, 0xE488, 0xE469, 0xE469, 0xE469, 0xE469,
    0xE489, 0xE489, 0xE489, 0xE489, 0xE48A, 0xE48A, 0xE4AA, 0xE4AB, 0xE4AB, 0xE4CC, 0xECEC, 0xECED,
    0xED0D, 0xED0D, 0xED0D, 0xF50D, 0xF52E, 0xF56F, 0xFDD1, 0xFE13, 0xFE13, 0xFDF2, 0xF590, 0xECED,
    0xEC4A, 0xE3C7, 0xE365, 0xDB24, 0xDB23, 0xDB03, 0xDB03, 0xDB03, 0xDB03, 0xDB44, 0xDB86, 0xE3E8,
    0xEC6A, 0xECED, 0xF590, 0xFDF3, 0xFE55, 0xFE55, 0xFE14, 0xF5D2, 0xF591, 0xED71, 0xED92, 0xED92,
    0xED92, 0xED92, 0xED91, 0xED71, 0xED71, 0xED50, 0xED50, 0xED50, 0xF570, 0xF590, 0xFDF2, 0xFE12,
    0xE322, 0xD2C0, 0xD2E1, 0xCAC1, 0xCAC1, 0xCAC1, 0xCAC1, 0xD2E1, 0xD2E1, 0xD301, 0xD301, 0xD301,
    0xDB21, 0xDB21, 0xDB41, 0xE362, 0xE382, 0xEBA2, 0xF3E2, 0xF443, 0xFC64, 0xFCA4, 0xF4A5, 0xF423,
    0xFC63, 0xF58E, 0xE617, 0xE593, 0xDD52, 0xDD51, 0xDD30, 0xDD2F, 0xDD2F, 0xE54E, 0xE54E, 0xE54E,
    0xE54E, 0xED6E, 0xED8E, 0xED8E, 0xF5AE, 0xF5CF, 0xF5CF, 0xF5EF, 0xF5F0, 0xFE31, 0xFE52, 0xFE93,
    0xFE30, 0xED8E, 0x18A1, 0x0000, 0x0000, 0x0000, 0x0000, 0x0000, 0x0000, 0x0000, 0x0000, 0x0000,
    0x0000, 0x20C2, 0xF5CF, 0xFE31, 0xFE94, 0xFE32, 0xFE12, 0xF5F1, 0xF5F0, 0xF5D0, 0xED8F, 0xED8E,
    0xE56E, 0xE54E, 0xE54E, 0xDD2E, 0xDD2E, 0xDD2F, 0xD50F, 0xD50F, 0xD510, 0xD510, 0xD531, 0xD552,
    0xDD73, 0xE5F7, 0xF5D1, 0xFC04, 0xEB84, 0xEBC6, 0xEBE7, 0xE386, 0xDB45, 0xD325, 0xD304, 0xCAE4,
    0xCAE3, 0xCAC3, 0xC2C3, 0xC2A2, 0xC2A2, 0xC282, 0xC262, 0xC282, 0xC282, 0xC261, 0xC261, 0xC261,
    0xC261, 0xC261, 0xC281, 0xCA81, 0xD261, 0xF5F4, 0xFE34, 0xF5B1, 0xF5B1, 0xF5B0, 0xFDB0, 0xFE12,
    0xFE95, 0xF56E, 0xE385, 0xDAA0, 0xD2A0, 0xD2C1, 0xD2C1, 0xCAA0, 0xCA80, 0xCA81, 0xCA81, 0xCA81,
    0xC281, 0xC280, 0xC260, 0xC261, 0xC261, 0xC261, 0xC261, 0xC261, 0xC261, 0xC261, 0xC260, 0xC260,
    0xC260, 0xC260, 0xC260, 0xC260, 0xC260, 0xC260, 0xC260, 0xC260, 0xCA80, 0xCA81, 0xC280, 0xC280,
    0xC280, 0xCA80, 0xCA80, 0xCA80, 0xCA80, 0xCAA0, 0xCAA0, 0xCAA0, 0xD2C0, 0xD2A0, 0xDA80, 0xEB22,
    0xF4EB, 0xFE52, 0xFE72, 0xFDCE, 0xFD8D, 0xFD8C, 0xF56C, 0xF54B, 0xF52B, 0xF50A, 0xF4E9, 0xECC9,
    0xECC9, 0xECC9, 0xECA9, 0xECA9, 0xEC89, 0xE469, 0xE469, 0xE489, 0xE489, 0xE489, 0xE489, 0xE469,
    0xE469, 0xE48A, 0xE48A, 0xE48A, 0xE4AB, 0xE4AB, 0xE4AB, 0xE4CC, 0xE4CC, 0xECEC, 0xECED, 0xECED,
    0xED0D, 0xED0D, 0xED0D, 0xED0D, 0xF52E, 0xF56F, 0xF5B1, 0xF5D2, 0xFE13, 0xFE13, 0xFE13, 0xFE13,
    0xFE13, 0xFE13, 0xFE13, 0xFE13, 0xFDF3, 0xFE13, 0xFE34, 0xFE34, 0xFE34, 0xF5F3, 0xF5D2, 0xF591,
    0xF571, 0xED71, 0xED71, 0xED71, 0xED92, 0xED92, 0xED71, 0xED71, 0xED71, 0xED71, 0xED51, 0xED50,
    0xED50, 0xED4F, 0xED4F, 0xED6F, 0xF590, 0xFDF1, 0xFE54, 0xEB84, 0xD2C0, 0xD2E1, 0xD2E1, 0xD2C1,
    0xD2E1, 0xCAC1, 0xD2C1, 0xD2E1, 0xD2E1, 0xD301, 0xD301, 0xDB21, 0xDB21, 0xDB41, 0xE361, 0xE382,
    0xEBA2, 0xEBC2, 0xF422, 0xF463, 0xFC84, 0xFCE5, 0xF464, 0xFC23, 0xFCC5, 0xF615, 0xE5D5, 0xDD73,
    0xDD51, 0xDD30, 0xDD2F, 0xE52F, 0xE52F, 0xE54E, 0xE54E, 0xE54E, 0xE54E, 0xED6E, 0xED8E, 0xED8E,
    0xF5AE, 0xF5CF, 0xF5EF, 0xF5EF, 0xF5F0, 0xFE31, 0xFE72, 0xF673, 0xFE30, 0xAC0A, 0x0000, 0x0000,
    0x0000, 0x0000, 0x0000, 0x0000, 0x0000, 0x0000, 0x0000, 0x0000, 0x0000, 0x0000, 0xBC6B, 0xFE30,
    0xF674, 0xFE53, 0xFE32, 0xFDF1, 0xF5F0, 0xF5D0, 0xEDAF, 0xED8F, 0xED6F, 0xE54E, 0xE54E, 0xE52E,
    0xDD2E, 0xDD2E, 0xDD0E, 0xD50F, 0xD50F, 0xD510, 0xD510, 0xD531, 0xD573, 0xDD94, 0xEE37, 0xFCA8,
    0xF3A4, 0xEB85, 0xEBE7, 0xE3A7, 0xDB66, 0xDB45, 0xD325, 0xD304, 0xCAE3, 0xCAC3, 0xCAC3, 0xC2A2,
    0xC2A2, 0xC282, 0xC262, 0xC282, 0xC261, 0xC261, 0xC261, 0xC261, 0xC261, 0xC261, 0xCA82, 0xCA20,
    0xECEE, 0xFEB7, 0xF5B1, 0xF5B1, 0xF590, 0xFDD1, 0xFE74, 0xFDF1, 0xEBE7, 0xDA80, 0xD280, 0xD2A1,
    0xCAA1, 0xCA80, 0xCA81, 0xCA81, 0xCA81, 0xC281, 0xC261, 0xC261, 0xC260, 0xC260, 0xC260, 0xC261,
    0xC261, 0xC261, 0xC261, 0xC260, 0xC261, 0xC261, 0xC260, 0xC260, 0xC260, 0xC260, 0xC260, 0xC261,
    0xC260, 0xC260, 0xC260, 0xC260, 0xC260, 0xC260, 0xC260, 0xC260, 0xC260, 0xC260, 0xC260, 0xC260,
    0xC260, 0xCA80, 0xCA80, 0xCA80, 0xCA80, 0xCAA0, 0xD2C1, 0xD2C0, 0xDAA0, 0xEB43, 0xF50C, 0xFE73,
    0xFE51, 0xFDAD, 0xFDAD, 0xFD8D, 0xFD6C, 0xF52B, 0xF50A, 0xF4EA, 0xF4EA, 0xECC9, 0xECC9, 0xECA9,
    0xECA9, 0xE488, 0xE489, 0xE489, 0xE489, 0xE489, 0xE469, 0xE469, 0xE469, 0xE469, 0xE469, 0xE48A,
    0xE48A, 0xE48A, 0xE4AB, 0xE4AB, 0xE4AB, 0xE4AB, 0xE4CC, 0xE4CC, 0xE4CC, 0xE4ED, 0xE4ED, 0xECED,
    0xED0E, 0xED0E, 0xED0D, 0xECEE, 0xED0E, 0xED0E, 0xED0E, 0xED0E, 0xED2F, 0xF52F, 0xED4F, 0xED50,
    0xED50, 0xED2F, 0xED2F, 0xED2F, 0xED2F, 0xED50, 0xED50, 0xED50, 0xED71, 0xED71, 0xED71, 0xED71,
    0xED71, 0xED71, 0xE551, 0xE550, 0xE550, 0xE550, 0xE52F, 0xED4F, 0xED4F, 0xED4F, 0xED6F, 0xF590,
    0xFDD1, 0xFE95, 0xF427, 0xDAC0, 0xD2E1, 0xD2C1, 0xCAC1, 0xCAC1, 0xD2C1, 0xD2C1, 0xD2E1, 0xD2E1,
    0xD301, 0xD301, 0xDB21, 0xDB21, 0xDB41, 0xDB61, 0xE382, 0xE3A2, 0xEBC2, 0xF402, 0xF443, 0xFC63,
    0xFCA4, 0xFCC5, 0xF423, 0xFC63, 0xFD8C, 0xEE38, 0xE5B4, 0xDD72, 0xDD31, 0xDD30, 0xDD2F, 0xDD2F,
    0xE54E, 0xE54E, 0xE54E, 0xE54E, 0xED6E, 0xED6E, 0xED8E, 0xF5AE, 0xF5AE, 0xF5CF, 0xF5EF, 0xF5F0,
    0xFE10, 0xFE31, 0xFE73, 0xF631, 0xFE2F, 0x5A45, 0x0000, 0x0000, 0x0000, 0x0000, 0x0000, 0x0000,
    0x0000, 0x0000, 0x0000, 0x0000, 0x0000, 0x0000, 0x6266, 0xFE30, 0xF632, 0xFE73, 0xFE32, 0xFE11,
    0xF5F0, 0xF5D0, 0xF5AF, 0xED8F, 0xED6F, 0xED4F, 0xE54E, 0xE54E, 0xDD2E, 0xDD0E, 0xDD0F, 0xD50F,
    0xD50F, 0xD50F, 0xD510, 0xD531, 0xD552, 0xDD73, 0xE5F7, 0xF590, 0xF3C4, 0xEB84, 0xEBC6, 0xEBC7,
    0xE386, 0xDB45, 0xD325, 0xD304, 0xCAE4, 0xCAE3, 0xCAC3, 0xC2C3, 0xC2A2, 0xC282, 0xC262, 0xC262,
    0xC261, 0xC261, 0xC261, 0xC261, 0xC261, 0xC281, 0xC240, 0xDB25, 0xFED8, 0xFDF3, 0xF5D1, 0xF5B0,
    0xFE33, 0xFE74, 0xEC8A, 0xE2A0, 0xD280, 0xCAC1, 0xCAA1, 0xCA81, 0xCA81, 0xC281, 0xC261, 0xC261,
    0xC261, 0xC261, 0xC261, 0xC261, 0xC260, 0xC240, 0xC240, 0xC260, 0xC260, 0xC260, 0xC240, 0xC261,
    0xC240, 0xC260, 0xC240, 0xC240, 0xC260, 0xC260, 0xC260, 0xC260, 0xC260, 0xC260, 0xC260, 0xC260,
    0xC260, 0xC260, 0xC260, 0xC260, 0xC260, 0xC260, 0xC260, 0xC260, 0xC260, 0xC260, 0xC260, 0xC280,
    0xC280, 0xCA80, 0xCA80, 0xCAA0, 0xD2C1, 0xD2C0, 0xDA80, 0xEB64, 0xF56E, 0xFE93, 0xFE10, 0xFDAE,
    0xFD8D, 0xFD6C, 0xF52B, 0xF52B, 0xF50A, 0xF4EA, 0xECC9, 0xECC9, 0xECA9, 0xECA8, 0xEC88, 0xE488,
    0xE489, 0xE469, 0xE469, 0xE469, 0xE469, 0xE469, 0xE469, 0xE469, 0xE489, 0xE48A, 0xE48A, 0xE48A,
    0xE48A, 0xE48B, 0xE4AB, 0xE4AB, 0xE4AC, 0xE4CC, 0xE4CC, 0xE4CC, 0xE4CC, 0xE4CD, 0xE4CD, 0xE4ED,
    0xE4EE, 0xE50E, 0xE4EE, 0xE50E, 0xED0E, 0xED0F, 0xED2F, 0xED2F, 0xED30, 0xE530, 0xE530, 0xE530,
    0xE530, 0xE550, 0xE550, 0xE550, 0xE550, 0xE550, 0xE550, 0xE550, 0xE530, 0xE530, 0xE530, 0xE52F,
    0xE52F, 0xE52F, 0xE52E, 0xED2F, 0xED4F, 0xF56F, 0xF590, 0xFDD1, 0xFE74, 0xF447, 0xE2C0, 0xD301,
    0xD2E1, 0xD2E1, 0xCAC1, 0xD2E1, 0xD2E1, 0xD2E1, 0xD2E1, 0xD301, 0xD301, 0xD321, 0xDB21, 0xDB41,
    0xDB61, 0xE382, 0xE382, 0xEBA2, 0xEBE2, 0xF423, 0xFC63, 0xFC84, 0xFCE5, 0xF464, 0xF423, 0xFCA5,
    0xF614, 0xE5F6, 0xE593, 0xDD72, 0xDD30, 0xDD2F, 0xDD2F, 0xE52E, 0xE54E, 0xE54E, 0xE54E, 0xE56E,
    0xED6E, 0xED8E, 0xED8E, 0xF5AE, 0xF5CE, 0xF5EF, 0xF5F0, 0xFE10, 0xF631, 0xFE31, 0xFE72, 0xFE30,
    0xE56D, 0x1081, 0x0000, 0x0000, 0x0000, 0x0000, 0x0000, 0x0000, 0x0000, 0x0000, 0x0000, 0x0000,
    0x0000, 0x0000, 0x1081, 0xE56E, 0xFE10, 0xFE73, 0xFE52, 0xFE12, 0xF5F1, 0xF5D0, 0xF5AF, 0xED8F,
    0xED6F, 0xED6E, 0xE54E, 0xE54E, 0xDD2E, 0xDD2E, 0xDD0F, 0xDCEF, 0xD4EF, 0xD4EF, 0xD510, 0xD531,
    0xD532, 0xD553, 0xDD95, 0xEE16, 0xFC87, 0xF3A5, 0xEBA5, 0xEBE7, 0xE386, 0xDB66, 0xDB45, 0xD325,
    0xD2E4, 0xCAE4, 0xCAE3, 0xCAC3, 0xC2C2, 0xC282, 0xC282, 0xC262, 0xC262, 0xC262, 0xC261, 0xC261,
    0xC261, 0xC281, 0xCA20, 0xED92, 0xFE55, 0xF5D1, 0xFDD2, 0xFE75, 0xF5B1, 0xE344, 0xD260, 0xCAA1,
    0xCAA1, 0xCA81, 0xCA81, 0xC281, 0xC261, 0xC261, 0xC261, 0xC261, 0xC261, 0xC261, 0xC261, 0xC261,
    0xC240, 0xC240, 0xC240, 0xC240, 0xC240, 0xC240, 0xC240, 0xC240, 0xC240, 0xC240, 0xC240, 0xBA40,
    0xBA40, 0xC260, 0xC260, 0xC260, 0xC260, 0xC260, 0xC260, 0xC260, 0xC260, 0xC260, 0xC260, 0xC260,
    0xC260, 0xC260, 0xC260, 0xC240, 0xC260, 0xC260, 0xC260, 0xC260, 0xC260, 0xC280, 0xC280, 0xCA80,
    0xCAA0, 0xCAA0, 0xD2C1, 0xD2A0, 0xE2A0, 0xF407, 0xFE11, 0xFE72, 0xFDCE, 0xFD8D, 0xFD6D, 0xFD4C,
    0xF52B, 0xF52B, 0xF4EA, 0xF4EA, 0xECC9, 0xECA9, 0xECA9, 0xECA9, 0xEC89, 0xE469, 0xE469, 0xE468,
    0xE468, 0xE469, 0xE469, 0xE469, 0xE469, 0xE469, 0xE469, 0xE46A, 0xE46A, 0xE48A, 0xE48A, 0xE48B,
    0xE4AB, 0xE4AB, 0xE4AB, 0xE4AC, 0xE4AC, 0xE4AC, 0xE4CC, 0xE4CD, 0xE4CD, 0xE4CD, 0xE4CD, 0xE4CD,
    0xE4EE, 0xE50E, 0xE50E, 0xE50E, 0xE50F, 0xE50F, 0xE50F, 0xE50F, 0xE50F, 0xE50F, 0xE530, 0xE50F,
    0xE50F, 0xE50F, 0xE50F, 0xE50F, 0xE50F, 0xE50F, 0xE50F, 0xE52E, 0xE52E, 0xED2E, 0xED2E, 0xED4E,
    0xF56F, 0xF58F, 0xFDD1, 0xFE74, 0xEC48, 0xDAA0, 0xD301, 0xD2E1, 0xD2E1, 0xD2E1, 0xD2E1, 0xD2E1,
    0xD2E1, 0xD2E1, 0xD2E1, 0xD301, 0xD321, 0xDB21, 0xDB41, 0xDB41, 0xE362, 0xE382, 0xEBA2, 0xEBC2,
    0xF402, 0xF443, 0xFC63, 0xFCC4, 0xFCC5, 0xF423, 0xFC43, 0xFD4B, 0xEE37, 0xE5B4, 0xDD93, 0xDD51,
    0xDD50, 0xDD2F, 0xE52F, 0xE52E, 0xE54E, 0xE54E, 0xE56E, 0xED6E, 0xED8E, 0xED8E, 0xF5AE, 0xF5AE,
    0xF5CF, 0xF5EF, 0xFDF0, 0xFE10, 0xFE31, 0xFE52, 0xF672, 0xFE4F, 0x9BC9, 0x0000, 0x0000, 0x0000,
    0x0000, 0x0000, 0x0000, 0x0000, 0x0000, 0x0000, 0x0000, 0x0000, 0x0000, 0x0000, 0x0000, 0xAC0A,
    0xFE30, 0xF653, 0xFE53, 0xFE32, 0xF5F1, 0xF5F0, 0xF5CF, 0xF5AF, 0xED8F, 0xED6E, 0xE56E, 0xE54E,
    0xE54E, 0xDD2E, 0xDD0E, 0xDD0E, 0xDD0F, 0xD4EF, 0xD510, 0xD510, 0xD531, 0xD552, 0xDD73, 0xE617,
    0xF58F, 0xFBE4, 0xEB85, 0xEBC6, 0xEBC7, 0xE366, 0xDB46, 0xD325, 0xD304, 0xCAE4, 0xCAE3, 0xCAC3,
    0xC2A2, 0xC282, 0xC282, 0xC262, 0xC262, 0xC262, 0xC261, 0xC261, 0xC282, 0xC240, 0xDBC9, 0xFE75,
    0xF570, 0xFDF2, 0xFE96, 0xECAB, 0xDA80, 0xD280, 0xCAA1, 0xCA81, 0xC261, 0xC261, 0xC261, 0xC261,
    0xC261, 0xC261, 0xC261, 0xC261, 0xBA41, 0xBA41, 0xBA41, 0xBA41, 0xBA41, 0xC241, 0xC260, 0xC261,
    0xC260, 0xC240, 0xC241, 0xC241, 0xC240, 0xC241, 0xC241, 0xBA41, 0xBA41, 0xBA40, 0xBA40, 0xC261,
    0xC260, 0xC261, 0xC261, 0xC260, 0xC260, 0xC260, 0xC260, 0xC260, 0xC240, 0xC240, 0xC260, 0xC240,
    0xC240, 0xC260, 0xC260, 0xC260, 0xC260, 0xC260, 0xC261, 0xC260, 0xC280, 0xCA80, 0xCAA0, 0xD2A0,
    0xD2C0, 0xDAA0, 0xE2E1, 0xF4AA, 0xFE31, 0xFE31, 0xFDAE, 0xFD8D, 0xFD6D, 0xFD4C, 0xF52B, 0xF50A,
    0xF4EA, 0xF4E9, 0xECC9, 0xECA9, 0xEC89, 0xEC89, 0xEC89, 0xE469, 0xE488, 0xE468, 0xE469, 0xE469,
    0xE469, 0xE469, 0xDC69, 0xDC69, 0xDC69, 0xDC69, 0xE46A, 0xDC6A, 0xDC8A, 0xDC8A, 0xDC8B, 0xE48B,
    0xE48B, 0xE4AB, 0xE4AB, 0xE4AC, 0xE4AC, 0xE4AC, 0xE4AC, 0xE4AC, 0xE4CD, 0xE4CD, 0xE4ED, 0xE4ED,
    0xE4EE, 0xE4EE, 0xE4EE, 0xE4EE, 0xE4EE, 0xE4EE, 0xE4EF, 0xE4EF, 0xE4EF, 0xE4EF, 0xE4EE, 0xE50E,
    0xE4EE, 0xE50E, 0xE50E, 0xE50E, 0xED2E, 0xED2E, 0xF54F, 0xF56F, 0xF58F, 0xFDF1, 0xFE54, 0xEC27,
    0xDAA0, 0xD301, 0xD2E1, 0xD2E1, 0xD2E1, 0xD2E1, 0xD2E1, 0xD2E1, 0xD2E1, 0xD301, 0xD301, 0xD301,
    0xDB21, 0xDB41, 0xDB41, 0xE362, 0xE382, 0xE3A2, 0xEBC2, 0xEBE2, 0xF423, 0xF443, 0xFC84, 0xFCE5,
    0xF464, 0xFC23, 0xFCA4, 0xF614, 0xE5F6, 0xE593, 0xDD72, 0xDD51, 0xDD50, 0xE54F, 0xE54F, 0xE52E,
    0xE54E, 0xE54E, 0xE56E, 0xED6E, 0xED8E, 0xEDAE, 0xF5AE, 0xF5CE, 0xF5CF, 0xFDEF, 0xFE10, 0xFE30,
    0xFE51, 0xFE93, 0xF631, 0xFE0E, 0x41A4, 0x0000, 0x0000, 0x0000, 0x0000, 0x0000, 0x0000, 0x0000,
    0x0000, 0x0000, 0x0000, 0x0000, 0x0000, 0x0000, 0x0000, 0x5205, 0xFE30, 0xF611, 0xFE73, 0xFE32,
    0xFE11, 0xF5F0, 0xF5D0, 0xF5AF, 0xED8F, 0xED6E, 0xED6E, 0xE56E, 0xE54E, 0xE52E, 0xDD2E, 0xDD0E,
    0xDD0E, 0xD50E, 0xD50F, 0xD510, 0xD511, 0xD532, 0xDD73, 0xDDB5, 0xEE16, 0xFC87, 0xF3A5, 0xEBA5,
    0xEC08, 0xE3A7, 0xDB66, 0xDB45, 0xD325, 0xD2E4, 0xCAE4, 0xCAC3, 0xC2A3, 0xC283, 0xC282, 0xC262,
    0xC262, 0xC262, 0xC261, 0xC282, 0xCA82, 0xD282, 0xF5F4, 0xFDD1, 0xFDF1, 0xFE33, 0xEBC7, 0xD260,
    0xCAA1, 0xCA81, 0xCA81, 0xC261, 0xC261, 0xC261, 0xC261, 0xC261, 0xC261, 0xC261, 0xC241, 0xBA41,
    0xBA41, 0xBA41, 0xBA41, 0xBA41, 0xBA41, 0xBA41, 0xC261, 0xC261, 0xBA61, 0xBA40, 0xC241, 0xC241,
    0xBA41, 0xBA40, 0xBA40, 0xBA40, 0xBA40, 0xBA40, 0xBA40, 0xBA40, 0xBA40, 0xC260, 0xC260, 0xC260,
    0xC260, 0xC260, 0xC260, 0xC260, 0xC240, 0xBA40, 0xBA40, 0xBA40, 0xBA40, 0xBA40, 0xC240, 0xC240,
    0xC240, 0xC260, 0xC260, 0xC260, 0xC260, 0xC260, 0xCA80, 0xCA80, 0xCAA0, 0xD2A0, 0xD2C0, 0xDA80,
    0xE323, 0xF52D, 0xFE72, 0xFE10, 0xFDAE, 0xFD8D, 0xF54C, 0xF52B, 0xF52B, 0xF50A, 0xF4EA, 0xECA9,
    0xECA9, 0xECA9, 0xEC89, 0xEC89, 0xEC89, 0xE488, 0xE468, 0xE468, 0xE469, 0xE469, 0xE469, 0xDC69,
    0xE469, 0xE469, 0xDC69, 0xDC69, 0xDC69, 0xDC49, 0xDC6A, 0xDC8A, 0xDC8A, 0xDC8B, 0xDC8B, 0xE48B,
    0xE48B, 0xE4AB, 0xDC8C, 0xDCAC, 0xDCAC, 0xDCAC, 0xDCAC, 0xDCAD, 0xE4CD, 0xDCCD, 0xE4CD, 0xE4CD,
    0xE4CD, 0xE4CD, 0xE4EE, 0xE4CE, 0xE4EE, 0xE4EE, 0xE4EE, 0xE4EE, 0xE50E, 0xE50E, 0xE50E, 0xED0E,
    0xED2E, 0xF54F, 0xF58F, 0xFDB0, 0xFE12, 0xFE53, 0xEBE6, 0xDAC0, 0xD301, 0xD2E1, 0xD2E1, 0xD2E1,
    0xD2E1, 0xD2E1, 0xD2E1, 0xD2E1, 0xD301, 0xD301, 0xD301, 0xD321, 0xDB21, 0xDB41, 0xDB61, 0xE382,
    0xE3A2, 0xEBC2, 0xEBE2, 0xF402, 0xF443, 0xFC84, 0xFCC5, 0xFCE5, 0xFC23, 0xFC43, 0xFD6B, 0xEE58,
    0xE5D4, 0xDD93, 0xDD51, 0xDD50, 0xDD50, 0xE54F, 0xE54F, 0xE54E, 0xE54E, 0xE54E, 0xED6E, 0xED8E,
    0xED8E, 0xEDAE, 0xF5AE, 0xF5CF, 0xF5EF, 0xF5F0, 0xFE10, 0xFE31, 0xFE52, 0xF693, 0xFE2F, 0xD4EC,
    0x0020, 0x0000, 0x0000, 0x0000, 0x0000, 0x0000, 0x0000, 0x0000, 0x0000, 0x0000, 0x0000, 0x0000,
    0x0000, 0x0000, 0x0000, 0x0840, 0xD52D, 0xFE30, 0xF673, 0xFE32, 0xFE11, 0xFDF1, 0xF5F0, 0xF5AF,
    0xF58F, 0xED8F, 0xED6E, 0xE56E, 0xE54E, 0xE52E, 0xDD2E, 0xDD2E, 0xDD0E, 0xDD0E, 0xD50F, 0xD50F,
    0xD510, 0xD531, 0xDD52, 0xDD94, 0xE617, 0xF58F, 0xFBE4, 0xEBA5, 0xF3E7, 0xEBE8, 0xE387, 0xDB46,
    0xD325, 0xD304, 0xCAE4, 0xCAC3, 0xCAA3, 0xC2A3, 0xC282, 0xC282, 0xC262, 0xC262, 0xC262, 0xC282,
    0xCA40, 0xE44A, 0xFE75, 0xFE33, 0xF5F1, 0xDB03, 0xCA40, 0xCAA1, 0xCA81, 0xC261, 0xC261, 0xC261,
    0xC261, 0xC261, 0xC241, 0xBA41, 0xBA41, 0xBA41, 0xBA41, 0xBA41, 0xBA41, 0xBA41, 0xBA41, 0xBA41,
    0xBA41, 0xBA41, 0xBA41, 0xBA41, 0xBA41, 0xBA41, 0xBA41, 0xBA41, 0xBA40, 0xBA40, 0xBA40, 0xBA40,
    0xBA40, 0xBA40, 0xBA40, 0xBA40, 0xBA40, 0xBA40, 0xBA40, 0xBA40, 0xC240, 0xC260, 0xC261, 0xC240,
    0xBA40, 0xBA40, 0xBA40, 0xBA40, 0xBA40, 0xBA40, 0xBA40, 0xBA40, 0xBA40, 0xBA40, 0xBA40, 0xC260,
    0xC260, 0xC260, 0xC261, 0xCA80, 0xCA80, 0xCA80, 0xCA80, 0xCAA0, 0xD2A0, 0xDA80, 0xEBE6, 0xFDF1,
    0xFE72, 0xFDAE, 0xFD6D, 0xFD6D, 0xFD6C, 0xF52B, 0xF50B, 0xF50A, 0xF4EA, 0xF4C9, 0xECA9, 0xECA9,
    0xEC89, 0xEC89, 0xE488, 0xE469, 0xE469, 0xE469, 0xE469, 0xE469, 0xE469, 0xE469, 0xE469, 0xDC69,
    0xDC49, 0xDC49, 0xDC49, 0xDC6A, 0xDC6A, 0xDC6A, 0xE46A, 0xE48B, 0xE48B, 0xE48B, 0xDC8B, 0xDC8B,
    0xDC8B, 0xDC8B, 0xDCAC, 0xDCAC, 0xDCAC, 0xDCAC, 0xE4CC, 0xE4CC, 0xE4CD, 0xE4CD, 0xE4CD, 0xE4CD,
    0xE4ED, 0xE4ED, 0xE4ED, 0xE50D, 0xED0D, 0xED0E, 0xED2E, 0xED2E, 0xF56F, 0xF58F, 0xFDB0, 0xFE53,
    0xFDF1, 0xEB83, 0xDAC0, 0xD301, 0xD2E1, 0xD2E1, 0xD2E1, 0xD2C1, 0xD2E1, 0xD2E1, 0xD301, 0xD301,
    0xD301, 0xD301, 0xDB21, 0xDB21, 0xDB41, 0xDB61, 0xE362, 0xE382, 0xEBA2, 0xEBE2, 0xF402, 0xF443,
    0xFC63, 0xFCA4, 0xFD06, 0xF464, 0xFC43, 0xFCA5, 0xF614, 0xE5F6, 0xE5B4, 0xDD72, 0xDD51, 0xDD50,
    0xDD2F, 0xDD2F, 0xE54E, 0xE54E, 0xE54E, 0xE56E, 0xED6E, 0xED8E, 0xED8E, 0xF5AE, 0xF5CE, 0xF5CF,
    0xF5EF, 0xF5F0, 0xFE10, 0xFE31, 0xFE73, 0xF652, 0xFE2F, 0x7AE7, 0x0000, 0x0000, 0x0000, 0x0000,
    0x0000, 0x0000, 0x0000, 0x0000, 0x0000, 0x0000, 0x0000, 0x0000, 0x0000, 0x0000, 0x0000, 0x0000,
    0x7B08, 0xFE50, 0xF632, 0xFE53, 0xFE11, 0xF5F1, 0xF5F0, 0xF5D0, 0xF5AF, 0xED8F, 0xED6E, 0xED6E,
    0xE54E, 0xE52E, 0xDD2E, 0xDD2E, 0xDD0E, 0xDCEF, 0xD4EF, 0xD50F, 0xD510, 0xD531, 0xD532, 0xDD73,
    0xDDB5, 0xEE37, 0xFCA8, 0xF3C5, 0xEBA5, 0xF408, 0xEBC7, 0xDB66, 0xDB45, 0xD305, 0xD2E4, 0xCAC4,
    0xCAC3, 0xC2A3, 0xC283, 0xC282, 0xC282, 0xC262, 0xC262, 0xC282, 0xCA61, 0xF5D3, 0xFEB6, 0xF56F,
    0xDAA1, 0xCA60, 0xCA81, 0xC261, 0xC261, 0xC261, 0xC261, 0xC261, 0xC241, 0xBA41, 0xBA41, 0xBA41,
    0xBA41, 0xBA41, 0xBA41, 0xBA41, 0xBA41, 0xBA41, 0xBA41, 0xBA41, 0xBA41, 0xBA41, 0xBA41, 0xBA41,
    0xBA41, 0xBA41, 0xBA41, 0xBA41, 0xBA40, 0xBA40, 0xBA40, 0xBA40, 0xBA40, 0xBA40, 0xBA40, 0xBA40,
    0xBA40, 0xBA40, 0xBA40, 0xBA40, 0xBA60, 0xC260, 0xBA61, 0xBA60, 0xBA40, 0xBA40, 0xBA40, 0xBA40,
    0xBA40, 0xBA40, 0xBA40, 0xBA40, 0xBA40, 0xBA40, 0xBA40, 0xBA40, 0xC260, 0xC261, 0xC261, 0xC261,
    0xC260, 0xC280, 0xCA80, 0xCA80, 0xCAA0, 0xD2A0, 0xD280, 0xE2C1, 0xF48A, 0xFE31, 0xFE30, 0xFDAE,
    0xFD8D, 0xFD6C, 0xF54C, 0xF52B, 0xF52B, 0xF50A, 0xF4EA, 0xECC9, 0xECC9, 0xECA9, 0xECA9, 0xE489,
    0xE489, 0xE489, 0xE489, 0xE489, 0xE489, 0xE489, 0xE469, 0xE469, 0xDC69, 0xDC69, 0xDC69, 0xE469,
    0xDC6A, 0xDC6A, 0xE46A, 0xE48A, 0xE48A, 0xDC8B, 0xE48B, 0xE48B, 0xDC8B, 0xDC8B, 0xDC8B, 0xDCAB,
    0xDCAC, 0xDCAC, 0xE4AC, 0xE4AC, 0xE4CC, 0xE4CC, 0xE4CC, 0xE4CD, 0xE4ED, 0xE4ED, 0xE50D, 0xED0D,
    0xED2E, 0xED2E, 0xF54E, 0xF56F, 0xF58F, 0xFDD1, 0xFE74, 0xF54D, 0xE321, 0xDAE0, 0xD301, 0xD2E1,
    0xD2E1, 0xD2E1, 0xD2E1, 0xD2E1, 0xD2E1, 0xD2E1, 0xD2E1, 0xD301, 0xD301, 0xDB21, 0xDB41, 0xDB41,
    0xDB61, 0xE362, 0xE382, 0xE3A2, 0xEBC2, 0xF402, 0xF422, 0xF463, 0xFC84, 0xFCE5, 0xFCC5, 0xFC23,
    0xFC83, 0xF58C, 0xEE17, 0xE5B4, 0xDD93, 0xDD51, 0xDD30, 0xDD2F, 0xDD2F, 0xE52E, 0xE54E, 0xE54E,
    0xE54E, 0xED6E, 0xED6E, 0xED8E, 0xED8E, 0xF5AE, 0xF5CE, 0xF5EF, 0xF5EF, 0xFE10, 0xFE31, 0xFE52,
    0xFE93, 0xFE10, 0xF58D, 0x20C2, 0x0000, 0x0000, 0x0000, 0x0000, 0x0000, 0x0000, 0x0000, 0x0000,
    0x0000, 0x0000, 0x0000, 0x0000, 0x0000, 0x0000, 0x0000, 0x0000, 0x20C2, 0xF5CF, 0xFE11, 0xFE73,
    0xFE32, 0xFE11, 0xF5F0, 0xF5D0, 0xF5AF, 0xF58F, 0xED6E, 0xED6E, 0xE54E, 0xE54E, 0xE52E, 0xDD2E,
    0xDD0E, 0xDCEE, 0xDCEF, 0xD50F, 0xD510, 0xD510, 0xD531, 0xD552, 0xDD73, 0xE617, 0xF5D1, 0xFC04,
    0xF3A5, 0xF3C6, 0xEC08, 0xE387, 0xDB66, 0xD325, 0xD304, 0xCAE4, 0xCAC4, 0xCAA3, 0xC2A3, 0xC283,
    0xC282, 0xC282, 0xC282, 0xBA41, 0xD326, 0xFF18, 0xF54F, 0xD260, 0xCA81, 0xCA81, 0xC261, 0xC261,
    0xC261, 0xC241, 0xC241, 0xBA41, 0xBA41, 0xBA41, 0xBA41, 0xBA41, 0xBA41, 0xBA41, 0xBA41, 0xBA41,
    0xBA41, 0xBA41, 0xBA41, 0xBA41, 0xBA41, 0xBA41, 0xBA41, 0xBA41, 0xBA41, 0xBA41, 0xBA41, 0xBA41,
    0xBA40, 0xBA40, 0xBA41, 0xBA20, 0xBA20, 0xBA40, 0xBA40, 0xBA40, 0xBA40, 0xBA40, 0xBA40, 0xBA40,
    0xBA60, 0xBA60, 0xBA60, 0xBA40, 0xBA40, 0xBA60, 0xBA40, 0xBA40, 0xBA40, 0xBA40, 0xBA40, 0xBA40,
    0xBA40, 0xBA40, 0xBA40, 0xBA40, 0xBA40, 0xC240, 0xC260, 0xC261, 0xC260, 0xC260, 0xC260, 0xCA80,
    0xCA80, 0xCA80, 0xCAA0, 0xD2A0, 0xDA80, 0xE343, 0xF56D, 0xFE73, 0xFE10, 0xFD8D, 0xFD8D, 0xFD6D,
    0xFD4C, 0xF54B, 0xF52B, 0xF50A, 0xF4EA, 0xECCA, 0xECC9, 0xECA9, 0xECA9, 0xEC89, 0xE489, 0xE489,
    0xE489, 0xE489, 0xE489, 0xE489, 0xE469, 0xE469, 0xE469, 0xE469, 0xE469, 0xE46A, 0xE48A, 0xE48A,
    0xE48A, 0xE48A, 0xE46B, 0xE46B, 0xE46B, 0xDC8B, 0xDC8B, 0xDC8B, 0xE4AB, 0xE4AB, 0xE4AC, 0xE4AC,
    0xE4AC, 0xE4CC, 0xE4CC, 0xE4ED, 0xE4ED, 0xED0D, 0xED0D, 0xED2D, 0xED4E, 0xF56F, 0xF58F, 0xFDB0,
    0xFE33, 0xFE33, 0xF468, 0xE2E0, 0xDB01, 0xD301, 0xD2E1, 0xD2E1, 0xD2E1, 0xD2E1, 0xD2E1, 0xD2E1,
    0xD2E1, 0xD2E1, 0xD301, 0xD301, 0xD321, 0xDB21, 0xDB41, 0xDB41, 0xE361, 0xE382, 0xEBA2, 0xEBC2,
    0xEBE2, 0xF422, 0xF443, 0xFC84, 0xFCC5, 0xFD06, 0xF464, 0xFC64, 0xFCE6, 0xF636, 0xE5F6, 0xE5B3,
    0xDD72, 0xDD51, 0xDD30, 0xDD2F, 0xE52F, 0xE54E, 0xE54E, 0xE54E, 0xE56E, 0xED6E, 0xED8E, 0xED8E,
    0xF5AE, 0xF5AE, 0xF5CE, 0xF5EF, 0xF5F0, 0xFE10, 0xFE51, 0xFE72, 0xF672, 0xFE2F, 0xAC09, 0x0000,
    0x0000, 0x0000, 0x0000, 0x0000, 0x0000, 0x0000, 0x0000, 0x0000, 0x0000, 0x0000, 0x0000, 0x0000,
    0x0000, 0x0000, 0x0000, 0x0000, 0x0000, 0xA40A, 0xFE30, 0xF653, 0xFE53, 0xFE12, 0xFDF1, 0xF5F0,
    0xF5CF, 0xF5AF, 0xED8E, 0xED6E, 0xE54E, 0xE54E, 0xE52E, 0xDD2E, 0xDD0E, 0xDCEE, 0xDCEF, 0xDD0F,
    0xD50F, 0xD510, 0xD510, 0xD531, 0xDD73, 0xDD94, 0xEE37, 0xFCC9, 0xF3C5, 0xEB85, 0xF407, 0xEBC7,
    0xE386, 0xDB46, 0xD325, 0xD2E4, 0xCAE4, 0xCAC3, 0xCAA3, 0xC2A3, 0xC282, 0xC282, 0xC282, 0xC262,
    0xCAA3, 0xDB87, 0xD261, 0xCA81, 0xCA81, 0xC261, 0xC261, 0xC261, 0xC261, 0xC241, 0xBA41, 0xBA41,
    0xBA41, 0xBA41, 0xBA41, 0xBA41, 0xBA21, 0xBA41, 0xBA41, 0xBA21, 0xBA41, 0xBA41, 0xBA41, 0xBA41,
    0xBA21, 0xBA21, 0xBA21, 0xBA21, 0xBA41, 0xBA41, 0xBA41, 0xBA41, 0xBA40, 0xBA40, 0xBA20, 0xBA20,
    0xBA20, 0xBA20, 0xBA20, 0xBA20, 0xBA40, 0xBA40, 0xBA40, 0xBA40, 0xBA40, 0xBA40, 0xBA40, 0xBA40,
    0xBA40, 0xBA60, 0xBA40, 0xBA40, 0xBA40, 0xBA40, 0xBA40, 0xBA40, 0xBA40, 0xBA40, 0xBA40, 0xBA40,
    0xBA40, 0xBA40, 0xC240, 0xC260, 0xC260, 0xC260, 0xC260, 0xC260, 0xC260, 0xC260, 0xCA60, 0xCA80,
    0xD2A1, 0xD2A0, 0xDAA0, 0xEBC6, 0xFDCF, 0xFE72, 0xFDF0, 0xFDAE, 0xFD8D, 0xFD6C, 0xFD4C, 0xF52B,
    0xF50B, 0xF50A, 0xF4EA, 0xECCA, 0xECCA, 0xECC9, 0xECA9, 0xECA9, 0xECA9, 0xE489, 0xE489, 0xE489,
    0xE489, 0xE489, 0xE489, 0xE489, 0xE489, 0xE48A, 0xE48A, 0xE48A, 0xE48A, 0xE48A, 0xE48B, 0xE48B,
    0xE48B, 0xE48B, 0xE48B, 0xE4AB, 0xE4AB, 0xE4AB, 0xE4AB, 0xE4AC, 0xE4CC, 0xE4CC, 0xE4EC, 0xED0D,
    0xED2D, 0xED2D, 0xF54E, 0xF56E, 0xF58F, 0xF58F, 0xFDF1, 0xFE74, 0xF56E, 0xEB63, 0xE2E0, 0xDB21,
    0xDB01, 0xD2E1, 0xD2E1, 0xD2E1, 0xD301, 0xD2E1, 0xD2E1, 0xD2E1, 0xD2E1, 0xD301, 0xD301, 0xD301,
    0xDB21, 0xDB21, 0xDB41, 0xE361, 0xE381, 0xE3A2, 0xEBC2, 0xEBE2, 0xF402, 0xF443, 0xF483, 0xFCA4,
    0xFCE6, 0xFCC5, 0xFC44, 0xFCA4, 0xF5AF, 0xEE38, 0xE5B4, 0xDD93, 0xDD51, 0xDD50, 0xDD30, 0xDD2F,
    0xE52F, 0xE54E, 0xE54E, 0xE54E, 0xED6E, 0xED6E, 0xED6E, 0xED8E, 0xF5AE, 0xF5CE, 0xF5EF, 0xF5EF,
    0xFE10, 0xFE31, 0xFE52, 0xFE93, 0xF631, 0xFE0E, 0x41A4, 0x0000, 0x0000, 0x0000, 0x0000, 0x0000,
    0x0000, 0x0000, 0x0000, 0x0000, 0x0000, 0x0000, 0x0000, 0x0000, 0x0000, 0x0000, 0x0000, 0x0000,
    0x0000, 0x4184, 0xFE0F, 0xF611, 0xFE73, 0xFE32, 0xFE11, 0xF5F0, 0xF5D0, 0xF5AF, 0xED8F, 0xED6E,
    0xED6E, 0xE54E, 0xE52E, 0xE52E, 0xDD0E, 0xDD0E, 0xDCEF, 0xDCEF, 0xD50F, 0xD50F, 0xD510, 0xD531,
    0xD552, 0xDD73, 0xE5F7, 0xF5F3, 0xFC05, 0xF3A5, 0xF3A6, 0xEC08, 0xE3A7, 0xDB66, 0xDB25, 0xD305,
    0xD2E4, 0xCAC4, 0xCAC3, 0xC2A3, 0xC283, 0xC282, 0xC282, 0xC282, 0xC261, 0xBA20, 0xC282, 0xC282,
    0xC261, 0xC261, 0xC261, 0xC241, 0xBA41, 0xBA41, 0xBA41, 0xBA41, 0xBA41, 0xBA41, 0xBA41, 0xBA41,
    0xBA21, 0xBA21, 0xBA41, 0xBA41, 0xBA41, 0xBA21, 0xBA21, 0xBA21, 0xBA21, 0xBA41, 0xBA21, 0xBA21,
    0xBA21, 0xBA21, 0xBA41, 0xBA41, 0xBA21, 0xBA41, 0xBA21, 0xBA21, 0xBA20, 0xBA20, 0xBA40, 0xBA40,
    0xBA40, 0xBA41, 0xBA40, 0xBA20, 0xBA20, 0xBA40, 0xBA40, 0xBA40, 0xBA40, 0xBA60, 0xBA40, 0xBA40,
    0xBA40, 0xBA40, 0xBA40, 0xBA40, 0xBA40, 0xBA40, 0xBA40, 0xBA40, 0xBA40, 0xBA40, 0xBA40, 0xC240,
    0xC260, 0xC260, 0xC260, 0xC260, 0xC260, 0xC260, 0xC260, 0xC260, 0xCA80, 0xCAA0, 0xD2C0, 0xD280,
    0xE2C0, 0xF427, 0xFDD0, 0xFE72, 0xFE10, 0xFDAE, 0xFD8D, 0xFD6D, 0xF54C, 0xF52B, 0xF52B, 0xF50B,
    0xF50A, 0xF4EA, 0xECEA, 0xECCA, 0xECCA, 0xECAA, 0xECAA, 0xECAA, 0xECAA, 0xECAA, 0xE4AA, 0xE489,
    0xE48A, 0xE4AA, 0xE4AA, 0xE4AA, 0xE48A, 0xE48A, 0xE48B, 0xE48B, 0xE4AB, 0xE4AB, 0xE4AB, 0xE4AB,
    0xE4AB, 0xE4CB, 0xE4CC, 0xE4CC, 0xECEC, 0xED0C, 0xED0D, 0xF52D, 0xF54E, 0xF56E, 0xF58F, 0xFD8F,
    0xFDF1, 0xFE53, 0xFE11, 0xF447, 0xE2E0, 0xDAE0, 0xDB01, 0xD301, 0xD301, 0xD301, 0xD2E1, 0xD2E1,
    0xD2E1, 0xD2E1, 0xD2E1, 0xD2E1, 0xD301, 0xD301, 0xD301, 0xDB21, 0xDB21, 0xDB41, 0xE361, 0xE381,
    0xE3A2, 0xEBC2, 0xEBE2, 0xF402, 0xF442, 0xF463, 0xFCA4, 0xFCE5, 0xFD06, 0xF444, 0xFC64, 0xFD08,
    0xEE37, 0xE5D5, 0xE593, 0xDD72, 0xDD51, 0xDD50, 0xDD2F, 0xDD2F, 0xE52F, 0xE52E, 0xE54E, 0xE54E,
    0xED6E, 0xED6E, 0xED8E, 0xEDAE, 0xF5AE, 0xF5CE, 0xF5EF, 0xF5EF, 0xFE10, 0xFE31, 0xFE72, 0xF693,
    0xFE2F, 0xCCAB, 0x0000, 0x0000, 0x0000, 0x0000, 0x0000, 0x0000, 0x0000, 0x0000, 0x0000, 0x0000,
    0x0000, 0x0000, 0x0000, 0x0000, 0x0000, 0x0000, 0x0000, 0x0000, 0x0000, 0x0000, 0xCCCC, 0xFE30,
    0xF673, 0xFE52, 0xFE12, 0xFDF1, 0xF5D0, 0xF5CF, 0xF5AF, 0xED8E, 0xED6E, 0xE54E, 0xE54E, 0xE52E,
    0xDD2E, 0xDD0E, 0xDD0E, 0xDCEF, 0xD50F, 0xD50F, 0xD510, 0xD530, 0xD531, 0xDD73, 0xDD94, 0xEE58,
    0xFD0C, 0xF3C4, 0xF385, 0xF3E7, 0xEBE8, 0xE386, 0xDB46, 0xDB25, 0xD305, 0xCAE4, 0xCAC4, 0xCAA3,
    0xC283, 0xC283, 0xC282, 0xC262, 0xC262, 0xC262, 0xC282, 0xC282, 0xC262, 0xC262, 0xC261, 0xBA42,
    0xBA41, 0xBA41, 0xBA41, 0xBA41, 0xBA41, 0xBA41, 0xBA41, 0xBA41, 0xBA21, 0xBA21, 0xBA21, 0xBA41,
    0xBA41, 0xBA21, 0xBA21, 0xBA21, 0xBA21, 0xBA21, 0xBA21, 0xBA21, 0xBA21, 0xBA21, 0xBA21, 0xBA21,
    0xBA21, 0xBA21, 0xBA21, 0xBA20, 0xBA20, 0xBA20, 0xBA40, 0xBA40, 0xBA40, 0xBA40, 0xBA40, 0xBA20,
    0xBA20, 0xBA40, 0xBA40, 0xBA40, 0xBA40, 0xBA40, 0xBA40, 0xBA40, 0xBA40, 0xBA40, 0xBA40, 0xBA40,
    0xBA40, 0xBA40, 0xBA40, 0xBA40, 0xBA40, 0xBA40, 0xBA40, 0xBA40, 0xBA40, 0xC240, 0xC240, 0xC260,
    0xC240, 0xC240, 0xC260, 0xC260, 0xC260, 0xCA60, 0xCA80, 0xCAA0, 0xD2C0, 0xDAA0, 0xE2E0, 0xF427,
    0xFDCF, 0xFE72, 0xFE10, 0xFDAE, 0xFD6D, 0xFD6D, 0xFD6C, 0xF54C, 0xF52B, 0xF52B, 0xF50B, 0xF50B,
    0xF4EA, 0xECEA, 0xECEA, 0xECEA, 0xECCA, 0xECCA, 0xECAA, 0xECAA, 0xECAA, 0xECCA, 0xECCA, 0xECCA,
    0xE4AA, 0xECAB, 0xECAB, 0xECAB, 0xECCB, 0xECCB, 0xECCC, 0xECEB, 0xECEC, 0xECEC, 0xECEC, 0xED0C,
    0xED2D, 0xF52D, 0xF54E, 0xF56E, 0xFD8E, 0xFD8F, 0xFDF1, 0xFE74, 0xFE32, 0xF4A9, 0xEB21, 0xDAE0,
    0xDB01, 0xDAE1, 0xD301, 0xD301, 0xD301, 0xD301, 0xD2E1, 0xD2E1, 0xD2E1, 0xD2E1, 0xD2E1, 0xD301,
    0xD301, 0xDB21, 0xDB21, 0xDB21, 0xDB41, 0xDB61, 0xE382, 0xE3A2, 0xEBC2, 0xEBC2, 0xF402, 0xF443,
    0xF463, 0xFCA4, 0xFCC5, 0xFD26, 0xFCA4, 0xFC43, 0xFCA4, 0xF5F2, 0xE5F7, 0xE593, 0xDD72, 0xDD51,
    0xDD50, 0xDD2F, 0xDD2F, 0xE52E, 0xE52E, 0xE54E, 0xE54E, 0xED6E, 0xED6E, 0xED6E, 0xED8E, 0xF5AE,
    0xF5CE, 0xF5EF, 0xF5EF, 0xFE10, 0xFE10, 0xFE31, 0xFE73, 0xF631, 0xFE2F, 0x5205, 0x0000, 0x0000,
    0x0000, 0x0000, 0x0000, 0x0000, 0x0000, 0x0000, 0x0000, 0x0000, 0x0000, 0x0000, 0x0000, 0x0000,
    0x0000, 0x0000, 0x0000, 0x0000, 0x0000, 0x0000, 0x5A46, 0xFE30, 0xF611, 0xFE73, 0xFE32, 0xFE11,
    0xF5F0, 0xF5D0, 0xF5AF, 0xF58F, 0xED6E, 0xE54E, 0xE54E, 0xE52E, 0xE52E, 0xDD0E, 0xDD0E, 0xDCEE,
    0xDD0E, 0xD50F, 0xD50F, 0xD510, 0xD531, 0xDD52, 0xDD73, 0xE5D5, 0xEE15, 0xFC46, 0xF3A5, 0xF385,
    0xF408, 0xEBC7, 0xE366, 0xDB46, 0xD325, 0xD2E4, 0xCAC4, 0xCAA3, 0xCAA3, 0xC2A3, 0xC283, 0xC282,
    0xC262, 0xC282, 0xC262, 0xBA62, 0xC262, 0xBA62, 0xBA42, 0xBA41, 0xBA41, 0xBA41, 0xBA41, 0xBA41,
    0xBA41, 0xBA41, 0xBA41, 0xBA41, 0xBA41, 0xBA21, 0xBA21, 0xBA41, 0xBA41, 0xBA41, 0xBA21, 0xBA21,
    0xBA21, 0xBA21, 0xBA21, 0xBA21, 0xBA21, 0xBA21, 0xBA20, 0xBA20, 0xBA21, 0xBA21, 0xBA21, 0xBA20,
    0xBA20, 0xBA20, 0xBA40, 0xBA40, 0xBA20, 0xBA20, 0xBA20, 0xBA20, 0xBA20, 0xBA20, 0xBA40, 0xBA40,
    0xBA40, 0xBA20, 0xBA20, 0xBA40, 0xBA40, 0xBA40, 0xBA20, 0xBA40, 0xBA40, 0xBA40, 0xBA40, 0xBA40,
    0xBA40, 0xBA40, 0xBA40, 0xBA40, 0xBA40, 0xC240, 0xC240, 0xC240, 0xC240, 0xC240, 0xC260, 0xC260,
    0xC260, 0xC260, 0xCA60, 0xCA80, 0xCA80, 0xD2A0, 0xD2C0, 0xDAA0, 0xE2E0, 0xEC06, 0xF58E, 0xFE52,
    0xFE51, 0xFDEF, 0xFDAD, 0xFD8D, 0xFD6D, 0xFD6C, 0xFD4C, 0xF54C, 0xF54C, 0xF52B, 0xF50B, 0xF50B,
    0xF50B, 0xECEB, 0xECEB, 0xECEB, 0xECEB, 0xECEB, 0xECEB, 0xECEB, 0xECCB, 0xECCB, 0xECCB, 0xECCC,
    0xECEC, 0xECEC, 0xF50C, 0xF50C, 0xF52C, 0xF52D, 0xF52D, 0xF54D, 0xF56E, 0xF58E, 0xFD8F, 0xFDAF,
    0xFE11, 0xFE53, 0xFDF1, 0xF4AA, 0xE341, 0xDAC0, 0xDAE0, 0xD2E1, 0xD2E0, 0xD2E0, 0xD2E1, 0xD2E1,
    0xD301, 0xD301, 0xD2E1, 0xD2E1, 0xD2E1, 0xD2E1, 0xD301, 0xD301, 0xDB21, 0xDB41, 0xDB41, 0xDB41,
    0xE361, 0xE381, 0xE3A2, 0xEBC2, 0xEBE2, 0xF402, 0xF422, 0xF463, 0xFC83, 0xFCC4, 0xFD06, 0xFCE6,
    0xFC23, 0xFC83, 0xFD6B, 0xEE37, 0xE5B4, 0xE593, 0xDD71, 0xDD50, 0xDD30, 0xDD2F, 0xDD2E, 0xE54E,
    0xE54E, 0xE54E, 0xE54E, 0xED6E, 0xED6E, 0xED8E, 0xF58E, 0xF5AE, 0xF5CE, 0xF5EF, 0xF5F0, 0xF610,
    0xFE31, 0xFE52, 0xF673, 0xFE0F, 0xD4EC, 0x0020, 0x0000, 0x0000, 0x0000, 0x0000, 0x0000, 0x0000,
    0x0000, 0x0000, 0x0000, 0x0000, 0x0000, 0x0000, 0x0000, 0x0000, 0x0000, 0x0000, 0x0000, 0x0000,
    0x0000, 0x0000, 0x0820, 0xD50D, 0xFE10, 0xFE73, 0xFE52, 0xFE11, 0xFDF1, 0xF5D0, 0xF5AF, 0xF58F,
    0xED6E, 0xED6E, 0xE54E, 0xE54E, 0xE52E, 0xE50E, 0xDD0E, 0xDCEE, 0xDD0E, 0xD50E, 0xD50F, 0xD50F,
    0xD510, 0xD531, 0xDD52, 0xDD73, 0xE5F7, 0xF590, 0xFBE4, 0xF385, 0xF3A6, 0xF408, 0xE3A7, 0xDB66,
    0xDB45, 0xD305, 0xD2E4, 0xCAC4, 0xCAC3, 0xCAA3, 0xC2A3, 0xC283, 0xC282, 0xC282, 0xC262, 0xC262,
    0xC262, 0xBA62, 0xBA41, 0xBA41, 0xBA42, 0xBA41, 0xBA41, 0xBA41, 0xBA41, 0xBA41, 0xBA21, 0xBA21,
    0xBA21, 0xBA21, 0xBA21, 0xBA41, 0xBA41, 0xBA21, 0xBA21, 0xBA21, 0xBA21, 0xBA21, 0xBA21, 0xBA21,
    0xBA21, 0xBA21, 0xBA21, 0xBA21, 0xBA20, 0xBA21, 0xBA21, 0xBA21, 0xBA20, 0xBA20, 0xBA41, 0xBA40,
    0xBA20, 0xBA20, 0xBA20, 0xBA20, 0xBA20, 0xBA20, 0xBA40, 0xBA20, 0xBA20, 0xBA20, 0xBA40, 0xBA40,
    0xBA40, 0xBA40, 0xBA20, 0xBA40, 0xBA20, 0xBA40, 0xBA40, 0xBA40, 0xBA40, 0xBA40, 0xBA40, 0xBA40,
    0xBA40, 0xBA40, 0xC240, 0xC240, 0xC240, 0xC240, 0xC240, 0xC240, 0xC240, 0xC260, 0xC260, 0xC260,
    0xCA60, 0xCA80, 0xCA80, 0xD2C0, 0xD2C0, 0xDA80, 0xDAA0, 0xEB84, 0xF4EB, 0xFE11, 0xFE73, 0xFE31,
    0xFDCE, 0xFDAD, 0xFD8D, 0xFD8D, 0xFD8D, 0xFD6D, 0xF56D, 0xF54C, 0xF54C, 0xF52C, 0xF52C, 0xF52C,
    0xF52C, 0xF52C, 0xF52C, 0xF50C, 0xF50C, 0xF52C, 0xF50C, 0xF52C, 0xF52D, 0xF54D, 0xF54D, 0xF54D,
    0xF56E, 0xFD6E, 0xFD6E, 0xFD8E, 0xFDAF, 0xFE11, 0xFE53, 0xFE53, 0xF5AE, 0xF447, 0xE301, 0xDAC0,
    0xDAE0, 0xDB01, 0xD2E0, 0xD2C0, 0xD2E0, 0xD2E0, 0xD2E1, 0xD2E1, 0xD2E1, 0xD2E1, 0xD2E1, 0xD2E1,
    0xD2E1, 0xD301, 0xD301, 0xDB21, 0xDB41, 0xDB61, 0xDB61, 0xE361, 0xE381, 0xE3A2, 0xEBC2, 0xEBE2,
    0xF402, 0xF422, 0xF463, 0xFC83, 0xFCA4, 0xFCE5, 0xFD26, 0xFC43, 0xFC63, 0xFCE6, 0xF635, 0xE5F6,
    0xE5B3, 0xDD72, 0xDD51, 0xDD30, 0xDD2F, 0xDD2F, 0xDD2E, 0xE54E, 0xE54E, 0xE54E, 0xED6E, 0xED6E,
    0xED6E, 0xED8E, 0xF5AE, 0xF5CE, 0xF5CF, 0xF5EF, 0xF5F0, 0xFE30, 0xFE31, 0xFE73, 0xF631, 0xFE2F,
    0x6A86, 0x0000, 0x0000, 0x0000, 0x0000, 0x0000, 0x0000, 0x0000, 0x0000, 0x0000, 0x0000, 0x0000,
    0x0000, 0x0000, 0x0000, 0x0000, 0x0000, 0x0000, 0x0000, 0x0000, 0x0000, 0x0000, 0x0000, 0x6266,
    0xFE2F, 0xF611, 0xFE73, 0xFE32, 0xFE11, 0xF5F0, 0xF5CF, 0xF58F, 0xF56F, 0xED6E, 0xED6E, 0xE54E,
    0xE52E, 0xE50E, 0xDD0E, 0xDD0E, 0xDD0E, 0xD50E, 0xD50F, 0xD50F, 0xD510, 0xD531, 0xD531, 0xDD73,
    0xDD94, 0xEE38, 0xFCEA, 0xF3C4, 0xEB84, 0xF3E7, 0xEBE7, 0xE386, 0xDB66, 0xDB25, 0xD305, 0xD2E4,
    0xCAC4, 0xCAC4, 0xC2A3, 0xC283, 0xC283, 0xC282, 0xC262, 0xC262, 0xC262, 0xBA62, 0xBA62, 0xBA42,
    0xBA41, 0xBA41, 0xBA41, 0xBA41, 0xBA21, 0xBA21, 0xBA21, 0xBA21, 0xBA21, 0xBA21, 0xBA21, 0xBA21,
    0xBA21, 0xBA21, 0xBA21, 0xBA21, 0xBA21, 0xBA21, 0xBA21, 0xBA21, 0xBA21, 0xBA21, 0xBA21, 0xBA21,
    0xBA21, 0xBA21, 0xBA21, 0xBA21, 0xBA21, 0xBA20, 0xB220, 0xBA20, 0xBA20, 0xBA20, 0xBA21, 0xBA20,
    0xBA20, 0xBA20, 0xBA20, 0xBA40, 0xBA40, 0xBA40, 0xBA40, 0xBA40, 0xBA40, 0xBA20, 0xBA20, 0xBA40,
    0xBA40, 0xBA40, 0xBA40, 0xBA40, 0xBA40, 0xBA40, 0xBA40, 0xBA40, 0xBA40, 0xBA40, 0xBA40, 0xBA40,
    0xBA40, 0xBA40, 0xC240, 0xC240, 0xC240, 0xC240, 0xC260, 0xC260, 0xC260, 0xCA60, 0xCA80, 0xCA80,
    0xCA80, 0xCAA0, 0xD2C0, 0xD2A0, 0xDA80, 0xE2E1, 0xEC07, 0xF52C, 0xFE11, 0xFE73, 0xFE52, 0xFE11,
    0xFDEF, 0xFDAE, 0xFD8E, 0xFD8E, 0xFD8D, 0xFD8D, 0xFD8D, 0xFD6D, 0xFD6D, 0xF56D, 0xF56D, 0xF56D,
    0xF56D, 0xFD6E, 0xF56D, 0xF56E, 0xFD8E, 0xFD8E, 0xFD8E, 0xFDAE, 0xFDAF, 0xFDF0, 0xFE32, 0xFE53,
    0xFE33, 0xF5D0, 0xF4CA, 0xEBA4, 0xE300, 0xDAC0, 0xDAE0, 0xD2E1, 0xD2E0, 0xD2E0, 0xD2E1, 0xD2E1,
    0xD2E0, 0xD2E0, 0xD2E1, 0xD2E1, 0xD2E1, 0xD2E1, 0xD2E1, 0xD301, 0xD301, 0xD301, 0xDB21, 0xDB41,
    0xDB61, 0xDB61, 0xE361, 0xE381, 0xE3A2, 0xEBC2, 0xEBC2, 0xEC02, 0xF422, 0xF443, 0xFC83, 0xFCA4,
    0xFCC5, 0xFD26, 0xFCA4, 0xFC43, 0xFC84, 0xF5D0, 0xEE37, 0xE5B3, 0xDD72, 0xDD51, 0xDD50, 0xDD2F,
    0xDD2F, 0xDD2E, 0xE52E, 0xE52E, 0xE54E, 0xE54E, 0xED6E, 0xED6D, 0xED8E, 0xEDAE, 0xF5AE, 0xF5CE,
    0xF5EF, 0xF5EF, 0xF610, 0xFE31, 0xFE51, 0xF673, 0xFE0F, 0xDD4D, 0x0840, 0x0000, 0x0000, 0x0000,
    0x0000, 0x0000, 0x0000, 0x0000, 0x0000, 0x0000, 0x0000, 0x0000, 0x0000, 0x0000, 0x0000, 0x0000,
    0x0000, 0x0000, 0x0000, 0x0000, 0x0000, 0x0000, 0x0000, 0x0840, 0xDD0D, 0xFDEF, 0xF653, 0xFE32,
    0xFE11, 0xFDF1, 0xF5D0, 0xF5AF, 0xF58F, 0xF56F, 0xED6F, 0xED4E, 0xE52E, 0xE50E, 0xE50E, 0xDD0E,
    0xDD0E, 0xDD0E, 0xD50E, 0xD50F, 0xD50F, 0xD510, 0xD531, 0xDD52, 0xDD94, 0xE5F6, 0xF615, 0xFC45,
    0xF3A5, 0xEB85, 0xF407, 0xEBC7, 0xE386, 0xDB46, 0xD325, 0xD305, 0xCAE4, 0xCAC4, 0xCAA3, 0xC2A3,
    0xC283, 0xC283, 0xC263, 0xC262, 0xC262, 0xBA62, 0xBA62, 0xBA62, 0xBA42, 0xBA42, 0xBA41, 0xBA21,
    0xBA21, 0xBA21, 0xBA21, 0xBA21, 0xBA21, 0xBA41, 0xBA41, 0xBA41, 0xBA21, 0xBA21, 0xBA21, 0xBA21,
    0xBA21, 0xBA21, 0xBA21, 0xBA21, 0xBA21, 0xBA21, 0xBA01, 0xBA01, 0xBA21, 0xBA21, 0xBA21, 0xBA21,
    0xBA21, 0xB221, 0xB221, 0xB220, 0xB220, 0xBA20, 0xBA00, 0xBA00, 0xBA20, 0xBA21, 0xBA20, 0xBA20,
    0xBA20, 0xBA20, 0xBA40, 0xBA40, 0xBA20, 0xBA20, 0xBA20, 0xBA20, 0xBA40, 0xBA40, 0xBA40, 0xBA40,
    0xBA40, 0xBA40, 0xBA40, 0xBA40, 0xBA40, 0xBA40, 0xBA40, 0xBA40, 0xBA40, 0xBA40, 0xBA40, 0xBA40,
    0xC240, 0xC240, 0xC240, 0xC260, 0xC260, 0xC260, 0xC260, 0xC260, 0xC260, 0xCA80, 0xCA80, 0xD2A0,
    0xD2C0, 0xD2C0, 0xDAA0, 0xDAA0, 0xE301, 0xEBE6, 0xF4EB, 0xF5AF, 0xFE32, 0xFE73, 0xFE72, 0xFE52,
    0xFE11, 0xFDF0, 0xFDEF, 0xFDCF, 0xFDCF, 0xFDAF, 0xFDAF, 0xFDCF, 0xFDCF, 0xFDCF, 0xFDCF, 0xFDF0,
    0xFE11, 0xFE32, 0xFE52, 0xFE53, 0xFE53, 0xFE12, 0xF56E, 0xF489, 0xEBA4, 0xE2E0, 0xDAC0, 0xDAE0,
    0xDB00, 0xD2E1, 0xD2E0, 0xD2C0, 0xD2C1, 0xD2E1, 0xD2E1, 0xD2E1, 0xD2E1, 0xD2E1, 0xD2E1, 0xD2E1,
    0xD2E1, 0xD2E1, 0xD301, 0xD301, 0xD301, 0xDB21, 0xDB21, 0xDB41, 0xE361, 0xE361, 0xE381, 0xE3A2,
    0xEBC2, 0xEBE2, 0xF402, 0xF422, 0xF442, 0xFC63, 0xFCA4, 0xFCC5, 0xFD26, 0xFD06, 0xF423, 0xFC83,
    0xFD4A, 0xEE57, 0xE5D4, 0xE593, 0xDD71, 0xDD50, 0xDD30, 0xDD2F, 0xDD2F, 0xE52E, 0xE52E, 0xE54E,
    0xE54E, 0xED6E, 0xED6E, 0xED6E, 0xED8E, 0xF5AE, 0xF5AE, 0xF5CE, 0xF5EF, 0xF5EF, 0xF610, 0xFE31,
    0xFE72, 0xF630, 0xFE4F, 0x6A86, 0x0000, 0x0000, 0x0000, 0x0000, 0x0000, 0x0000, 0x0000, 0x0000,
    0x0000, 0x0000, 0x0000, 0x0000, 0x0000, 0x0000, 0x0000, 0x0000, 0x0000, 0x0000, 0x0000, 0x0000,
    0x0000, 0x0000, 0x0000, 0x0000, 0x6246, 0xFE0F, 0xF611, 0xFE73, 0xFE32, 0xFE11, 0xFDF0, 0xF5AF,
    0xF58F, 0xF58F, 0xED6E, 0xED6E, 0xE52E, 0xE52E, 0xE50E, 0xDD0E, 0xDD0E, 0xDD0E, 0xDD0E, 0xD50F,
    0xD50F, 0xD510, 0xD531, 0xD552, 0xDD73, 0xDD94, 0xE638, 0xF5B0, 0xFBC4, 0xF3A5, 0xF3C6, 0xF428,
    0xEBC7, 0xE366, 0xDB26, 0xD305, 0xD2E5, 0xCAC4, 0xCAC4, 0xC2A3, 0xC2A3, 0xC283, 0xC283, 0xC262,
    0xC262, 0xBA62, 0xBA62, 0xBA42, 0xBA42, 0xBA42, 0xBA42, 0xBA21, 0xBA21, 0xBA21, 0xBA21, 0xBA21,
    0xBA21, 0xBA41, 0xBA41, 0xBA41, 0xBA21, 0xBA21, 0xBA21, 0xBA21, 0xBA21, 0xBA21, 0xBA21, 0xBA01,
    0xB201, 0xBA01, 0xBA01, 0xB201, 0xB201, 0xB201, 0xB201, 0xB201, 0xB221, 0xB221, 0xB221, 0xB220,
    0xB220, 0xB220, 0xBA00, 0xBA00, 0xBA20, 0xBA20, 0xBA20, 0xBA20, 0xBA20, 0xBA20, 0xBA20, 0xBA20,
    0xBA20, 0xBA20, 0xBA20, 0xBA20, 0xBA20, 0xBA40, 0xBA41, 0xBA40, 0xBA40, 0xBA40, 0xBA40, 0xBA40,
    0xBA40, 0xBA20, 0xBA40, 0xBA40, 0xBA40, 0xBA40, 0xBA40, 0xBA40, 0xC240, 0xC240, 0xC240, 0xC240,
    0xC260, 0xC260, 0xC260, 0xC260, 0xC260, 0xCA60, 0xCA80, 0xCA80, 0xCA80, 0xCA80, 0xD2A0, 0xD2C0,
    0xD2C0, 0xDAA0, 0xDA80, 0xDAC0, 0xE322, 0xEBC5, 0xEC68, 0xF50C, 0xF58E, 0xFDD0, 0xFE11, 0xFE32,
    0xFE32, 0xFE32, 0xFE52, 0xFE73, 0xFE73, 0xFE52, 0xFE32, 0xFDF1, 0xF5AF, 0xF54D, 0xF4CA, 0xEC47,
    0xEBA4, 0xE301, 0xE2C0, 0xDAC0, 0xDAE0, 0xDAE1, 0xD2E1, 0xD2E0, 0xD2C0, 0xD2C0, 0xD2C0, 0xD2C1,
    0xD2C1, 0xD2C0, 0xD2E1, 0xD2E1, 0xD2E1, 0xD2E1, 0xD2E1, 0xD2E1, 0xD2E1, 0xD301, 0xD301, 0xDB21,
    0xDB21, 0xDB21, 0xDB41, 0xDB41, 0xE361, 0xE381, 0xE3A2, 0xEBA2, 0xEBC2, 0xEC02, 0xF422, 0xF442,
    0xFC63, 0xFCA4, 0xFCE4, 0xFD06, 0xFD47, 0xFC84, 0xFC84, 0xFD06, 0xF636, 0xEDF6, 0xE5B3, 0xE572,
    0xDD51, 0xDD50, 0xDD2F, 0xDD2F, 0xE54E, 0xE54E, 0xE52E, 0xE54E, 0xED4E, 0xED6E, 0xED8E, 0xED8E,
    0xED8E, 0xF5AE, 0xF5CE, 0xF5EE, 0xF5EF, 0xF610, 0xF630, 0xFE52, 0xF693, 0xFE0F, 0xDD2C, 0x0840,
    0x0000, 0x0000, 0x0000, 0x0000, 0x0000, 0x0000, 0x0000, 0x0000, 0x0000, 0x0000, 0x0000, 0x0000,
    0x0000, 0x0000, 0x0000, 0x0000, 0x0000, 0x0000, 0x0000, 0x0000, 0x0000, 0x0000, 0x0000, 0x0000,
    0x0820, 0xD4EC, 0xFDEF, 0xF673, 0xFE53, 0xFE11, 0xFDF1, 0xFDD0, 0xF5AF, 0xF5AF, 0xED8E, 0xED6E,
    0xED4E, 0xE52E, 0xE50E, 0xE50E, 0xDD0E, 0xDD0E, 0xDD0E, 0xDD0E, 0xDD0F, 0xD50F, 0xD510, 0xD531,
    0xDD52, 0xDD73, 0xE5B4, 0xEE58, 0xFCEB, 0xFBC4, 0xF3A5, 0xF407, 0xF408, 0xE3A7, 0xDB66, 0xDB25,
    0xD305, 0xCAE4, 0xCAC4, 0xCAC4, 0xCAA3, 0xC2A3, 0xC283, 0xC283, 0xC282, 0xC262, 0xBA42, 0xBA42,
    0xBA42, 0xBA42, 0xBA42, 0xBA41, 0xBA21, 0xBA21, 0xBA21, 0xBA21, 0xBA21, 0xBA21, 0xBA41, 0xBA21,
    0xBA21, 0xBA21, 0xBA21, 0xBA21, 0xBA21, 0xBA21, 0xBA21, 0xBA01, 0xB201, 0xB221, 0xB221, 0xB201,
    0xB201, 0xB201, 0xB201, 0xB201, 0xB201, 0xB201, 0xBA01, 0xB220, 0xB220, 0xB220, 0xBA00, 0xB200,
    0xB200, 0xBA21, 0xBA21, 0xBA20, 0xBA00, 0xBA00, 0xBA20, 0xBA20, 0xBA20, 0xBA20, 0xBA20, 0xBA20,
    0xBA20, 0xBA40, 0xBA40, 0xBA40, 0xBA40, 0xBA40, 0xBA40, 0xBA40, 0xBA20, 0xBA20, 0xBA20, 0xBA40,
    0xBA40, 0xBA40, 0xBA40, 0xBA40, 0xC240, 0xC240, 0xC240, 0xC240, 0xC260, 0xC260, 0xC260, 0xC260,
    0xC260, 0xC260, 0xCA60, 0xCA80, 0xCA80, 0xCA80, 0xCA80, 0xCAA0, 0xCAA0, 0xD2A0, 0xD2C0, 0xD2C0,
    0xD2A0, 0xD2A0, 0xDAA0, 0xDAA0, 0xDAA0, 0xE2E0, 0xE301, 0xE342, 0xE363, 0xE384, 0xE384, 0xEBA4,
    0xEB83, 0xEB83, 0xE342, 0xE301, 0xE2E0, 0xDAC0, 0xDAA0, 0xDAC0, 0xDAC0, 0xDAE0, 0xD2E0, 0xD2E1,
    0xD2E1, 0xD2E1, 0xD2E1, 0xD2C0, 0xD2C0, 0xD2C0, 0xD2C1, 0xD2C1, 0xD2C1, 0xD2C0, 0xD2E1, 0xD2E1,
    0xD2E1, 0xD2E1, 0xD2E1, 0xD301, 0xD301, 0xD301, 0xDB21, 0xDB21, 0xDB21, 0xDB41, 0xDB61, 0xE361,
    0xE381, 0xE3A1, 0xEBC2, 0xEBC2, 0xEC02, 0xF422, 0xF442, 0xF463, 0xFCA4, 0xFCE4, 0xFD05, 0xFD67,
    0xFCA4, 0xFC84, 0xFCC4, 0xF612, 0xEE37, 0xE5B4, 0xE592, 0xDD71, 0xDD50, 0xDD2F, 0xDD2F, 0xDD2E,
    0xE54E, 0xE54E, 0xE54E, 0xE54E, 0xED4E, 0xED6E, 0xED8E, 0xED8E, 0xF5AE, 0xF5AE, 0xF5CE, 0xF5EF,
    0xF5EF, 0xFE10, 0xFE31, 0xFE73, 0xF631, 0xFE2F, 0x6246, 0x0000, 0x0000, 0x0000, 0x0000, 0x0000,
    0x0000, 0x0000, 0x0000, 0x0000, 0x0000, 0x0000, 0x0000, 0x0000, 0x0000, 0x0000, 0x0000, 0x0000,
    0x0000, 0x0000, 0x0000, 0x0000, 0x0000, 0x0000, 0x0000, 0x0000, 0x0000, 0x5205, 0xFE0F, 0xF611,
    0xFE73, 0xFE32, 0xFE11, 0xFDF0, 0xFDD0, 0xF5AF, 0xF58E, 0xED6F, 0xED4E, 0xED2E, 0xE52E, 0xE50E,
    0xE50E, 0xDD0E, 0xDD0E, 0xDD0E, 0xDD0E, 0xDD0F, 0xD50F, 0xD530, 0xDD31, 0xDD52, 0xDD73, 0xE5D6,
    0xEE36, 0xFC67, 0xF3E5, 0xEB85, 0xF407, 0xEC08, 0xE387, 0xDB66, 0xDB25, 0xD305, 0xCAE4, 0xCAE4,
    0xCAC4, 0xCAC3, 0xC2A3, 0xC2A3, 0xC283, 0xC262, 0xBA62, 0xBA62, 0xBA42, 0xBA42, 0xBA42, 0xBA22,
    0xBA21, 0xBA21, 0xBA21, 0xBA21, 0xBA21, 0xBA21, 0xBA21, 0xBA21, 0xBA21, 0xBA21, 0xBA21, 0xBA21,
    0xBA21, 0xBA21, 0xBA21, 0xBA21, 0xBA21, 0xB201, 0xB221, 0xB221, 0xB201, 0xB201, 0xB201, 0xB201,
    0xB201, 0xB201, 0xB201, 0xB201, 0xB200, 0xB200, 0xBA00, 0xB200, 0xB201, 0xB221, 0xBA21, 0xBA00,
    0xB200, 0xB200, 0xB200, 0xBA00, 0xBA20, 0xBA20, 0xBA20, 0xBA20, 0xBA20, 0xBA20, 0xBA40, 0xBA40,
    0xBA40, 0xBA40, 0xBA20, 0xBA20, 0xBA20, 0xBA20, 0xBA20, 0xBA20, 0xBA40, 0xBA40, 0xBA40, 0xC240,
    0xC240, 0xC240, 0xC240, 0xC260, 0xC260, 0xC260, 0xC260, 0xC260, 0xC260, 0xC260, 0xC260, 0xC260,
    0xCA60, 0xCA80, 0xCA80, 0xCA80, 0xCA80, 0xCA80, 0xCA80, 0xCAA0, 0xCAA0, 0xD2A0, 0xD2C0, 0xD2C0,
    0xD2C0, 0xD2C0, 0xD2A0, 0xD2A0, 0xD2A0, 0xD2A0, 0xD2A0, 0xD2A0, 0xD2C0, 0xD2C0, 0xD2C0, 0xD2C0,
    0xD2E0, 0xD2E0, 0xD2E1, 0xD2E1, 0xD2E0, 0xD2C0, 0xD2C0, 0xD2C0, 0xD2C0, 0xD2C1, 0xD2C1, 0xD2C1,
    0xCAC1, 0xD2C1, 0xD2C1, 0xD2C1, 0xD2C1, 0xD2E1, 0xD2E1, 0xD2E1, 0xD2E1, 0xD2E1, 0xD301, 0xD301,
    0xDB21, 0xDB41, 0xDB21, 0xDB21, 0xDB41, 0xDB41, 0xE361, 0xE381, 0xE3A1, 0xEBC2, 0xEBE2, 0xF402,
    0xF422, 0xF442, 0xF463, 0xFCA3, 0xFCE4, 0xFD05, 0xFD67, 0xFCE5, 0xFC63, 0xFCA3, 0xFDAD, 0xEE58,
    0xE5D4, 0xE593, 0xDD72, 0xDD51, 0xDD50, 0xDD2F, 0xDD2E, 0xE54E, 0xE54E, 0xE54E, 0xE54E, 0xED4E,
    0xED6E, 0xED8E, 0xED8E, 0xF58E, 0xF5AE, 0xF5CE, 0xF5EF, 0xF5EF, 0xFE10, 0xFE30, 0xFE51, 0xF672,
    0xFE2F, 0xCCCC, 0x0020, 0x0000, 0x0000, 0x0000, 0x0000, 0x0000, 0x0000, 0x0000, 0x0000, 0x0000,
    0x0000, 0x0000, 0x0000, 0x0000, 0x0000, 0x0000, 0x0000, 0x0000, 0x0000, 0x0000, 0x0000, 0x0000,
    0x0000, 0x0000, 0x0000, 0x0000, 0x0000, 0x0000, 0xC48C, 0xFE10, 0xF653, 0xFE52, 0xFE11, 0xFDF0,
    0xF5D0, 0xF5CF, 0xF5AF, 0xED8E, 0xED6E, 0xED4E, 0xE54E, 0xE52E, 0xE50E, 0xDD0E, 0xDD0E, 0xDCEE,
    0xDD0E, 0xDD0E, 0xD50F, 0xD510, 0xD530, 0xDD51, 0xDD73, 0xDD73, 0xE5F7, 0xF5D3, 0xFC05, 0xF3C5,
    0xEBA5, 0xF428, 0xEBE8, 0xE387, 0xDB46, 0xD325, 0xD305, 0xD305, 0xCAE4, 0xCAC4, 0xCAC3, 0xC2A3,
    0xC283, 0xC283, 0xC263, 0xC262, 0xBA42, 0xBA42, 0xBA42, 0xBA42, 0xBA22, 0xBA21, 0xBA21, 0xBA21,
    0xBA21, 0xBA21, 0xBA21, 0xBA21, 0xBA01, 0xBA01, 0xBA21, 0xBA01, 0xBA21, 0xBA01, 0xBA01, 0xBA01,
    0xBA21, 0xBA21, 0xB221, 0xB221, 0xB221, 0xB201, 0xB201, 0xB201, 0xB201, 0xB201, 0xB201, 0xB201,
    0xB200, 0xB201, 0xB201, 0xB200, 0xB200, 0xB200, 0xB221, 0xB200, 0xB200, 0xB200, 0xB200, 0xBA20,
    0xBA20, 0xBA20, 0xBA20, 0xBA20, 0xBA40, 0xBA40, 0xBA20, 0xBA20, 0xBA20, 0xBA40, 0xBA20, 0xBA40,
    0xBA20, 0xBA20, 0xBA40, 0xBA40, 0xBA40, 0xBA40, 0xBA40, 0xBA40, 0xC240, 0xC240, 0xC240, 0xC240,
    0xC260, 0xC260, 0xC260, 0xC260, 0xC260, 0xC260, 0xC260, 0xC260, 0xC260, 0xCA60, 0xCA80, 0xC280,
    0xC280, 0xCA80, 0xCA80, 0xCA80, 0xCA80, 0xCA80, 0xCA80, 0xCA80, 0xCA80, 0xCAA0, 0xCAA0, 0xD2A0,
    0xD2C0, 0xD2C0, 0xD2C0, 0xD2C0, 0xD2C0, 0xD2C0, 0xD2C0, 0xD2C0, 0xD2C0, 0xD2C0, 0xD2C0, 0xD2C0,
    0xD2C1, 0xD2C1, 0xD2C1, 0xD2C1, 0xCAC1, 0xD2C1, 0xD2C1, 0xD2C1, 0xD2C1, 0xD2C1, 0xD2C1, 0xD2E1,
    0xD2E1, 0xD2E1, 0xD2E1, 0xD301, 0xD301, 0xD301, 0xDB01, 0xDB21, 0xDB41, 0xDB41, 0xDB41, 0xDB41,
    0xDB61, 0xE361, 0xE381, 0xE3A1, 0xEBC2, 0xEBC2, 0xEC02, 0xF422, 0xF442, 0xF463, 0xFCA3, 0xF4C4,
    0xFCE5, 0xFD47, 0xFD06, 0xFC63, 0xFCA4, 0xFD49, 0xF658, 0xE5D5, 0xE5B3, 0xDD72, 0xDD51, 0xDD50,
    0xDD2F, 0xDD2E, 0xDD2E, 0xE52E, 0xE54E, 0xE54E, 0xE56E, 0xED6D, 0xED6D, 0xED8E, 0xED8E, 0xF5AE,
    0xF5CE, 0xF5CE, 0xF5EF, 0xFE10, 0xFE30, 0xFE51, 0xFE93, 0xF610, 0xFE0F, 0x49C4, 0x0000, 0x0000,
    0x0000, 0x0000, 0x0000, 0x0000, 0x0000, 0x0000, 0x0000, 0x0000, 0x0000, 0x0000, 0x0000, 0x0000,
    0x0000, 0x0000, 0x0000, 0x0000, 0x0000, 0x0000, 0x0000, 0x0000, 0x0000, 0x0000, 0x0000, 0x0000,
    0x0000, 0x0000, 0x4184, 0xFE0F, 0xF5F0, 0xFE73, 0xFE11, 0xFDF1, 0xFDF0, 0xF5D0, 0xF5AF, 0xF58E,
    0xED8E, 0xED6E, 0xED4D, 0xE52E, 0xE50E, 0xE50E, 0xDD0E, 0xDCEE, 0xDD0E, 0xDD0E, 0xD50E, 0xD50F,
    0xD510, 0xD531, 0xDD52, 0xDD73, 0xDD74, 0xE618, 0xFD6F, 0xFBE4, 0xF3C5, 0xF3C5, 0xF448, 0xEBC7,
    0xE387, 0xDB46, 0xD325, 0xD325, 0xD304, 0xCAE4, 0xCAC4, 0xCAA3, 0xC283, 0xC283, 0xC283, 0xC263,
    0xC262, 0xBA42, 0xBA42, 0xBA42, 0xBA22, 0xBA22, 0xBA22, 0xBA22, 0xBA21, 0xBA21, 0xBA21, 0xBA21,
    0xBA01, 0xBA01, 0xBA21, 0xBA01, 0xBA01, 0xBA01, 0xBA01, 0xBA01, 0xBA21, 0xBA21, 0xB201, 0xB201,
    0xB201, 0xB201, 0xB201, 0xB201, 0xB201, 0xB201, 0xB201, 0xB201, 0xB201, 0xB201, 0xB201, 0xB201,
    0xB200, 0xB201, 0xB200, 0xB200, 0xB200, 0xB200, 0xBA21, 0xBA20, 0xBA21, 0xBA20, 0xBA20, 0xB240,
    0xBA40, 0xBA40, 0xBA40, 0xBA20, 0xBA20, 0xBA20, 0xBA20, 0xBA20, 0xBA20, 0xBA20, 0xBA40, 0xBA40,
    0xBA40, 0xBA40, 0xBA40, 0xBA40, 0xC240, 0xC240, 0xC260, 0xC260, 0xC260, 0xC260, 0xC260, 0xC260,
    0xC260, 0xC260, 0xC260, 0xC260, 0xC260, 0xC260, 0xC280, 0xC260, 0xC260, 0xC280, 0xC280, 0xC280,
    0xCA80, 0xCA80, 0xCA80, 0xCA80, 0xCA80, 0xCAA0, 0xCAA0, 0xCAA0, 0xCAA0, 0xCAA0, 0xCAA0, 0xD2A0,
    0xD2A0, 0xD2C0, 0xD2C0, 0xD2C0, 0xCAA0, 0xD2C0, 0xD2C0, 0xD2C0, 0xD2C1, 0xD2C1, 0xD2C1, 0xCAC1,
    0xCAC1, 0xCAC1, 0xD2C1, 0xD2C1, 0xD2E1, 0xD2E1, 0xD2E1, 0xD2E1, 0xD2E1, 0xD2E1, 0xD301, 0xD301,
    0xDB01, 0xDB01, 0xDB21, 0xDB21, 0xDB41, 0xDB41, 0xDB41, 0xDB61, 0xE381, 0xE382, 0xE3A2, 0xEBC2,
    0xEBC2, 0xEC02, 0xF422, 0xF442, 0xF463, 0xFCA3, 0xFCC4, 0xFCE5, 0xFD26, 0xFD26, 0xFC63, 0xFCA4,
    0xFD26, 0xF636, 0xEDF6, 0xE5B3, 0xDD72, 0xDD51, 0xDD50, 0xDD2F, 0xDD2E, 0xDD2E, 0xE52E, 0xE54E,
    0xE54E, 0xE54E, 0xED6E, 0xED6D, 0xED8E, 0xED8E, 0xF5AE, 0xF5CE, 0xF5EE, 0xF5EF, 0xFDF0, 0xFE10,
    0xFE31, 0xFE72, 0xF672, 0xFE2F, 0xB44A, 0x0000, 0x0000, 0x0000, 0x0000, 0x0000, 0x0000, 0x0000,
    0x0000, 0x0000, 0x0000, 0x0000, 0x0000, 0x0000, 0x0000, 0x0000, 0x0000, 0x0000, 0x0000, 0x0000,
    0x0000, 0x0000, 0x0000, 0x0000, 0x0000, 0x0000, 0x0000, 0x0000, 0x0000, 0x0000, 0x0000, 0xA3EA,
    0xFE10, 0xF632, 0xFE52, 0xFE11, 0xFDF1, 0xF5F0, 0xF5CF, 0xF5AF, 0xF58E, 0xED6E, 0xED6E, 0xED4E,
    0xE52E, 0xE50E, 0xE50E, 0xDD0E, 0xDD0E, 0xDD0E, 0xDD0E, 0xDD0F, 0xDD0F, 0xD530, 0xDD31, 0xDD52,
    0xDD73, 0xE5B5, 0xEE58, 0xFCEC, 0xFBC4, 0xF3C5, 0xF3E6, 0xF429, 0xEBA7, 0xE366, 0xDB26, 0xD325,
    0xD305, 0xCAE4, 0xCAC4, 0xCAA4, 0xC2A3, 0xC283, 0xC283, 0xC263, 0xC263, 0xBA62, 0xBA42, 0xBA42,
    0xBA42, 0xBA22, 0xBA22, 0xBA22, 0xBA21, 0xBA21, 0xBA21, 0xBA21, 0xBA21, 0xBA01, 0xBA21, 0xBA01,
    0xBA21, 0xBA21, 0xBA21, 0xBA21, 0xBA21, 0xBA21, 0xB201, 0xB201, 0xBA01, 0xB201, 0xB201, 0xB201,
    0xB201, 0xB201, 0xB201, 0xB201, 0xB201, 0xB201, 0xB201, 0xB201, 0xBA01, 0xBA01, 0xB201, 0xBA00,
    0xBA00, 0xBA00, 0xBA00, 0xB220, 0xBA20, 0xBA20, 0xB220, 0xB221, 0xBA41, 0xBA41, 0xBA20, 0xBA20,
    0xBA20, 0xBA20, 0xBA20, 0xBA20, 0xBA20, 0xBA20, 0xBA40, 0xBA40, 0xBA40, 0xBA40, 0xBA40, 0xBA40,
    0xC240, 0xC260, 0xC260, 0xC260, 0xC260, 0xC260, 0xC260, 0xC260, 0xC260, 0xC260, 0xC260, 0xC260,
    0xC260, 0xC260, 0xC260, 0xC260, 0xC260, 0xC260, 0xC260, 0xC260, 0xC280, 0xC280, 0xCA80, 0xCA80,
    0xCA80, 0xCAA0, 0xCAA1, 0xCAA1, 0xCAA0, 0xCAA0, 0xCAA1, 0xCAA0, 0xCAA0, 0xCAA0, 0xCAC0, 0xCAC0,
    0xCAC1, 0xCAC0, 0xCAA0, 0xCAA1, 0xCAC1, 0xCAC1, 0xCAC1, 0xCAC1, 0xCAC1, 0xCAC1, 0xD2C1, 0xD2E1,
    0xD2E1, 0xD2E1, 0xD2E1, 0xD2E1, 0xD2E1, 0xD301, 0xD301, 0xD301, 0xDB21, 0xDB41, 0xDB41, 0xDB41,
    0xDB61, 0xDB61, 0xE361, 0xE381, 0xE382, 0xE3A2, 0xEBC2, 0xEBE2, 0xEC02, 0xF422, 0xF442, 0xF463,
    0xF483, 0xFCC4, 0xFD05, 0xFD26, 0xFD67, 0xFC84, 0xFC84, 0xFCE5, 0xF613, 0xEE17, 0xE5B3, 0xE592,
    0xDD51, 0xDD50, 0xDD30, 0xDD2F, 0xDD2E, 0xE52E, 0xE52E, 0xE52E, 0xE54E, 0xED4E, 0xED4E, 0xED6E,
    0xED8E, 0xF5AE, 0xF5AE, 0xF5CE, 0xF5EF, 0xFDEF, 0xF610, 0xFE31, 0xFE51, 0xFE93, 0xFE10, 0xF5CE,
    0x2902, 0x0000, 0x0000, 0x0000, 0x0000, 0x0000, 0x0000, 0x0000, 0x0000, 0x0000, 0x0000, 0x0000,
    0x0000, 0x0000, 0x0000, 0x0000, 0x0000, 0x0000, 0x0000, 0x0000, 0x0000, 0x0000, 0x0000, 0x0000,
    0x0000, 0x0000, 0x0000, 0x0000, 0x0000, 0x0000, 0x0000, 0x20C2, 0xEDAE, 0xFDF0, 0xFE72, 0xFE32,
    0xFE11, 0xFDF1, 0xFDF0, 0xF5CF, 0xF5AF, 0xF58E, 0xED6E, 0xED6E, 0xED4E, 0xE52D, 0xE52D, 0xDD2E,
    0xDD0E, 0xDD0E, 0xDD0E, 0xDD0E, 0xDD0F, 0xD530, 0xDD30, 0xDD51, 0xDD72, 0xDD94, 0xE5D6, 0xF657,
    0xFC89, 0xF3E5, 0xF3A4, 0xF3E7, 0xF408, 0xE387, 0xE366, 0xDB46, 0xD305, 0xD2E5, 0xCAE4, 0xCAC4,
    0xCAA4, 0xCAA3, 0xC283, 0xC283, 0xC263, 0xC262, 0xBA42, 0xBA42, 0xBA42, 0xBA42, 0xBA42, 0xBA22,
    0xBA22, 0xBA21, 0xBA21, 0xBA21, 0xBA21, 0xBA21, 0xBA21, 0xBA21, 0xBA21, 0xBA21, 0xBA21, 0xBA21,
    0xBA21, 0xBA21, 0xBA21, 0xBA01, 0xBA01, 0xB201, 0xB221, 0xB221, 0xB221, 0xB201, 0xB201, 0xB201,
    0xB201, 0xB201, 0xB201, 0xBA01, 0xBA01, 0xBA01, 0xBA01, 0xBA00, 0xBA00, 0xBA21, 0xBA21, 0xBA21,
    0xBA20, 0xBA20, 0xB220, 0xBA21, 0xBA21, 0xBA21, 0xBA21, 0xBA20, 0xBA20, 0xBA20, 0xBA20, 0xBA20,
    0xBA20, 0xBA20, 0xBA40, 0xBA40, 0xBA40, 0xBA60, 0xC260, 0xC240, 0xC240, 0xC260, 0xC240, 0xC240,
    0xC240, 0xC240, 0xC260, 0xC260, 0xC260, 0xC260, 0xC260, 0xC260, 0xC260, 0xC260, 0xC260, 0xC260,
    0xC260, 0xC260, 0xC260, 0xC280, 0xC280, 0xCA80, 0xCA80, 0xCA80, 0xCA80, 0xCAA1, 0xCAA1, 0xCAA1,
    0xCAA1, 0xCAA1, 0xCAA1, 0xCAA1, 0xCAA1, 0xCAC1, 0xCAC1, 0xCAC1, 0xCAC1, 0xCAA1, 0xCAA1, 0xCAC1,
    0xCAC1, 0xCAC1, 0xD2C1, 0xD2C1, 0xCAC1, 0xCAC1, 0xD2C1, 0xD2E1, 0xD2E1, 0xD2E1, 0xD2E1, 0xD2E1,
    0xD301, 0xD301, 0xD301, 0xDB21, 0xDB41, 0xDB41, 0xDB61, 0xDB61, 0xDB61, 0xE361, 0xE381, 0xE381,
    0xE3A2, 0xE3A2, 0xEBC2, 0xEC02, 0xF422, 0xF443, 0xF463, 0xF483, 0xFCC4, 0xFCE5, 0xFD26, 0xFD88,
    0xFCA4, 0xFC64, 0xFCC4, 0xF5EF, 0xEE38, 0xE5B4, 0xE593, 0xDD72, 0xDD51, 0xDD50, 0xDD2F, 0xDD2F,
    0xE52E, 0xE52E, 0xE52E, 0xE54E, 0xE54E, 0xED4E, 0xED6E, 0xED8E, 0xF58E, 0xF5AE, 0xF5CE, 0xF5EF,
    0xF5EF, 0xFE10, 0xFE30, 0xFE31, 0xFE72, 0xF631, 0xFE4F, 0x8B48, 0x0000, 0x0000, 0x0000, 0x0000,
    0x0000, 0x0000, 0x0000, 0x0000, 0x0000, 0x0000, 0x0000, 0x0000, 0x0000, 0x0000, 0x0000, 0x0000,
    0x0000, 0x0000, 0x0000, 0x0000, 0x0000, 0x0000, 0x0000, 0x0000, 0x0000, 0x0000, 0x0000, 0x0000,
    0x0000, 0x0000, 0x0000, 0x0000, 0x7B08, 0xFE30, 0xF611, 0xFE73, 0xFE32, 0xFE11, 0xFDF1, 0xF5D0,
    0xF5AF, 0xF58E, 0xF58E, 0xED6E, 0xED4E, 0xED2E, 0xE52E, 0xE52E, 0xE50E, 0xDD0E, 0xDD0E, 0xDD0E,
    0xDD0F, 0xDD0F, 0xDD10, 0xDD30, 0xDD51, 0xDD73, 0xDD94, 0xE5D6, 0xF614, 0xFC46, 0xFBE5, 0xF3A4,
    0xF407, 0xF408, 0xEBA7, 0xE366, 0xDB46, 0xD325, 0xD305, 0xD2E4, 0xCAC4, 0xCAC4, 0xCAA3, 0xC283,
    0xC283, 0xC263, 0xC263, 0xBA42, 0xBA62, 0xBA62, 0xBA62, 0xBA42, 0xBA22, 0xBA42, 0xBA41, 0xBA21,
    0xBA21, 0xBA21, 0xBA21, 0xBA21, 0xBA21, 0xBA21, 0xBA21, 0xBA21, 0xBA21, 0xBA21, 0xBA21, 0xBA21,
    0xBA01, 0xBA01, 0xB201, 0xB201, 0xB201, 0xB201, 0xB201, 0xBA01, 0xB221, 0xB221, 0xB221, 0xB221,
    0xBA01, 0xB201, 0xB201, 0xBA01, 0xB201, 0xBA21, 0xBA21, 0xBA21, 0xBA21, 0xBA21, 0xBA20, 0xB220,
    0xBA21, 0xBA21, 0xBA41, 0xBA41, 0xBA41, 0xBA41, 0xBA20, 0xBA20, 0xBA20, 0xBA20, 0xBA40, 0xBA40,
    0xBA40, 0xBA61, 0xC261, 0xBA60, 0xC240, 0xC240, 0xBA40, 0xC240, 0xC240, 0xC260, 0xC260, 0xC260,
    0xC260, 0xC260, 0xC260, 0xC260, 0xC260, 0xC260, 0xC260, 0xC260, 0xC260, 0xC260, 0xC280, 0xC280,
    0xC280, 0xCA80, 0xCA81, 0xCA80, 0xCA80, 0xCA81, 0xCA81, 0xCAA1, 0xCAA1, 0xCAA1, 0xCAA1, 0xCAA1,
    0xCAA1, 0xCAC1, 0xCAC1, 0xCAC1, 0xCAC1, 0xCAA1, 0xCAA1, 0xCAC1, 0xCAC1, 0xCAC1, 0xCAC1, 0xD2C1,
    0xCAC1, 0xD2C1, 0xD2C1, 0xD2E1, 0xD2E1, 0xD2E1, 0xD301, 0xD301, 0xD301, 0xD301, 0xDB21, 0xDB21,
    0xDB41, 0xDB41, 0xDB61, 0xDB61, 0xE381, 0xE381, 0xE381, 0xE3A2, 0xEBA2, 0xEBC2, 0xEBE2, 0xF422,
    0xF443, 0xF463, 0xFC83, 0xFCC4, 0xFCE5, 0xFD26, 0xFD88, 0xFCE5, 0xFC64, 0xFCA3, 0xFD8C, 0xEE38,
    0xE5D5, 0xE5B3, 0xE572, 0xDD51, 0xDD50, 0xDD2F, 0xDD2F, 0xDD2E, 0xE52E, 0xE52E, 0xE54E, 0xE54E,
    0xED6E, 0xED6E, 0xED6E, 0xF58E, 0xF5AE, 0xF5CE, 0xF5CE, 0xF5EF, 0xF5F0, 0xFE10, 0xFE31, 0xFE51,
    0xF672, 0xFDEE, 0xDD4D, 0x1061, 0x0000, 0x0000, 0x0000, 0x0000, 0x0000, 0x0000, 0x0000, 0x0000,
    0x0000, 0x0000, 0x0000, 0x0000, 0x0000, 0x0000, 0x0000, 0x0000, 0x0000, 0x0000, 0x0000, 0x0000,
    0x0000, 0x0000, 0x0000, 0x0000, 0x0000, 0x0000, 0x0000, 0x0000, 0x0000, 0x0000, 0x0000, 0x0000,
    0x0840, 0xD50D, 0xFDEF, 0xF652, 0xFE52, 0xFE32, 0xFDF1, 0xFDF0, 0xF5CF, 0xF5AF, 0xF58E, 0xED6E,
    0xED4E, 0xED4E, 0xE52E, 0xE52E, 0xE52E, 0xDD2E, 0xDD0E, 0xDD0E, 0xDD0E, 0xDD0F, 0xD50F, 0xD510,
    0xDD31, 0xDD52, 0xDD73, 0xDD73, 0xE5F7, 0xF5F3, 0xFC46, 0xF3C5, 0xF385, 0xF428, 0xF408, 0xE3A7,
    0xE366, 0xDB46, 0xDB25, 0xD305, 0xD2E5, 0xCAC4, 0xCAA4, 0xCAA4, 0xC283, 0xC283, 0xC263, 0xC263,
    0xC262, 0xBA62, 0xBA62, 0xBA42, 0xBA22, 0xBA42, 0xBA42, 0xBA42, 0xBA22, 0xBA21, 0xBA21, 0xBA21,
    0xBA21, 0xBA22, 0xBA21, 0xBA21, 0xBA21, 0xBA21, 0xBA21, 0xBA21, 0xBA21, 0xBA21, 0xB201, 0xB201,
    0xB201, 0xB201, 0xBA21, 0xBA01, 0xB221, 0xB221, 0xB221, 0xB221, 0xB201, 0xB201, 0xB201, 0xBA01,
    0xB221, 0xB241, 0xB221, 0xBA21, 0xBA21, 0xBA21, 0xBA21, 0xBA21, 0xBA21, 0xBA21, 0xBA41, 0xBA41,
    0xBA41, 0xBA41, 0xBA40, 0xBA41, 0xBA40, 0xBA40, 0xBA40, 0xBA41, 0xBA40, 0xBA60, 0xBA60, 0xBA40,
    0xC240, 0xC240, 0xBA40, 0xC240, 0xC240, 0xC260, 0xC260, 0xC260, 0xC260, 0xC260, 0xC260, 0xC260,
    0xC260, 0xC260, 0xC260, 0xC260, 0xC280, 0xC280, 0xC280, 0xC280, 0xC280, 0xCA80, 0xCA80, 0xCA80,
    0xCA81, 0xCA80, 0xCAA0, 0xCAA1, 0xCAA0, 0xCAA1, 0xCAA1, 0xCAA1, 0xCAA0, 0xCAA1, 0xCAA1, 0xCAC1,
    0xCAC1, 0xCAA1, 0xCAA1, 0xCAC1, 0xCAC1, 0xCAC1, 0xCAC1, 0xCAC1, 0xCAC1, 0xD2E1, 0xD2E1, 0xD2E1,
    0xD2E1, 0xD301, 0xD301, 0xD301, 0xD321, 0xDB21, 0xDB21, 0xDB21, 0xDB41, 0xDB41, 0xDB61, 0xE381,
    0xE381, 0xE3A2, 0xE3A2, 0xEBC2, 0xEBE2, 0xEC02, 0xF422, 0xF442, 0xF463, 0xFCA3, 0xFCC4, 0xFCE5,
    0xFD06, 0xFD88, 0xFD06, 0xFC84, 0xFCA4, 0xFD69, 0xF657, 0xE5D5, 0xE5B3, 0xE592, 0xDD51, 0xDD50,
    0xDD2F, 0xDD2F, 0xDD2E, 0xE52E, 0xE52E, 0xE52E, 0xE54E, 0xED4E, 0xED6E, 0xED6E, 0xED8E, 0xF5AE,
    0xF5AE, 0xF5CE, 0xF5EF, 0xF5EF, 0xFE10, 0xFE30, 0xFE31, 0xFE73, 0xF60F, 0xFE2F, 0x51E5, 0x0000,
    0x0000, 0x0000, 0x0000, 0x0000, 0x0000, 0x0000, 0x0000, 0x0000, 0x0000, 0x0000, 0x0000, 0x0000,
    0x0000, 0x0000, 0x0000, 0x0000, 0x0000, 0x0000, 0x0000, 0x0000, 0x0000, 0x0000, 0x0000, 0x0000,
    0x0000, 0x0000, 0x0000, 0x0000, 0x0000, 0x0000, 0x0000, 0x0000, 0x0000, 0x4184, 0xFDEF, 0xF5F0,
    0xFE73, 0xFE32, 0xFE11, 0xFDF0, 0xF5CF, 0xF5AF, 0xF5AE, 0xF58E, 0xED4E, 0xED4E, 0xED4E, 0xE54E,
    0xE52E, 0xE52E, 0xDD0E, 0xDD0E, 0xDD0E, 0xDD0E, 0xDD0F, 0xD50F, 0xDD30, 0xDD31, 0xDD51, 0xDD73,
    0xE594, 0xEE38, 0xFDD1, 0xFC25, 0xF3C5, 0xF384, 0xF428, 0xEC08, 0xE3A7, 0xE366, 0xDB46, 0xD325,
    0xD305, 0xD2E5, 0xCAC4, 0xCAC4, 0xCAA3, 0xC283, 0xC283, 0xC263, 0xC263, 0xC262, 0xBA62, 0xBA42,
    0xBA42, 0xBA42, 0xBA42, 0xBA42, 0xBA42, 0xBA22, 0xBA22, 0xBA22, 0xBA22, 0xBA21, 0xBA22, 0xBA21,
    0xBA22, 0xBA22, 0xBA21, 0xBA21, 0xBA21, 0xBA21, 0xBA01, 0xBA01, 0xBA01, 0xB201, 0xBA21, 0xBA01,
    0xB221, 0xB221, 0xB221, 0xB221, 0xB221, 0xB201, 0xBA01, 0xBA01, 0xBA01, 0xB221, 0xB221, 0xBA21,
    0xBA21, 0xBA21, 0xBA21, 0xBA21, 0xBA21, 0xBA21, 0xBA41, 0xBA41, 0xBA41, 0xBA41, 0xBA41, 0xBA41,
    0xBA40, 0xBA40, 0xBA40, 0xBA40, 0xBA40, 0xBA40, 0xBA60, 0xC260, 0xC260, 0xC240, 0xC240, 0xC240,
    0xC260, 0xC260, 0xC260, 0xC260, 0xC261, 0xC260, 0xC261, 0xC260, 0xC260, 0xC260, 0xC280, 0xC280,
    0xC280, 0xC280, 0xC280, 0xC280, 0xC281, 0xC281, 0xCA80, 0xCAA0, 0xCAA0, 0xCAA0, 0xCAA0, 0xCAA1,
    0xCAA1, 0xCAA0, 0xCAA1, 0xCAA1, 0xCAA1, 0xCAA1, 0xCAC1, 0xCAC1, 0xCAC1, 0xCAC1, 0xCAC1, 0xCAC1,
    0xCAC1, 0xD2C1, 0xD2C1, 0xD2C1, 0xD2C1, 0xD2E1, 0xD2E1, 0xD2E1, 0xD301, 0xD301, 0xD321, 0xDB21,
    0xDB21, 0xDB21, 0xDB41, 0xDB41, 0xDB41, 0xDB61, 0xE381, 0xE381, 0xE3A2, 0xE3C2, 0xEBE2, 0xEC02,
    0xF422, 0xF422, 0xF442, 0xF463, 0xFCA3, 0xFCC4, 0xFCE5, 0xFD26, 0xFD87, 0xFD26, 0xFC64, 0xFCA4,
    0xFD49, 0xF677, 0xEDF6, 0xE5B3, 0xE593, 0xDD71, 0xDD50, 0xDD2F, 0xDD2F, 0xDD2E, 0xDD2E, 0xE52E,
    0xE52E, 0xE52E, 0xE54E, 0xED6E, 0xED6E, 0xED8E, 0xF5AE, 0xF5AE, 0xF5CE, 0xF5EF, 0xF5EF, 0xFE10,
    0xFE30, 0xFE31, 0xFE72, 0xF651, 0xFE4F, 0xA40A, 0x0000, 0x0000, 0x0000, 0x0000, 0x0000, 0x0000,
    0x0000, 0x0000, 0x0000, 0x0000, 0x0000, 0x0000, 0x0000, 0x0000, 0x0000, 0x0000, 0x0000, 0x0000,
    0x0000, 0x0000, 0x0000, 0x0000, 0x0000, 0x0000, 0x0000, 0x0000, 0x0000, 0x0000, 0x0000, 0x0000,
    0x0000, 0x0000, 0x0000, 0x0000, 0x0000, 0x0000, 0x9389, 0xFE30, 0xF611, 0xFE73, 0xFE11, 0xFDF1,
    0xFDF0, 0xF5CF, 0xF5AF, 0xF58E, 0xF56E, 0xED4E, 0xED4E, 0xED4E, 0xE52E, 0xE52E, 0xE52E, 0xDD0E,
    0xDD0E, 0xDD0E, 0xDD0E, 0xD50F, 0xDD10, 0xDD30, 0xDD31, 0xDD52, 0xDD93, 0xE5B5, 0xEE58, 0xFD90,
    0xFBE4, 0xF3A5, 0xF385, 0xF428, 0xEC08, 0xEBA7, 0xE386, 0xDB46, 0xDB25, 0xD325, 0xD2E5, 0xCAC4,
    0xCAC4, 0xCAA4, 0xC283, 0xC283, 0xC263, 0xC283, 0xC283, 0xBA42, 0xBA42, 0xBA62, 0xBA42, 0xBA42,
    0xBA42, 0xBA42, 0xBA22, 0xBA22, 0xBA22, 0xBA22, 0xBA22, 0xBA22, 0xBA22, 0xBA22, 0xBA21, 0xBA21,
    0xBA21, 0xBA21, 0xBA21, 0xBA21, 0xBA01, 0xBA21, 0xBA21, 0xBA21, 0xBA21, 0xB221, 0xB221, 0xB221,
    0xB221, 0xBA01, 0xBA01, 0xBA01, 0xBA21, 0xB241, 0xBA21, 0xBA21, 0xBA21, 0xBA21, 0xBA41, 0xBA21,
    0xBA21, 0xBA21, 0xBA41, 0xBA41, 0xBA41, 0xBA41, 0xBA41, 0xBA41, 0xBA41, 0xBA40, 0xBA41, 0xBA40,
    0xBA40, 0xBA40, 0xBA60, 0xC261, 0xC260, 0xC240, 0xC240, 0xC260, 0xC260, 0xC260, 0xC260, 0xC260,
    0xC260, 0xC260, 0xC261, 0xC260, 0xC260, 0xC260, 0xC280, 0xC280, 0xC280, 0xC280, 0xC280, 0xC280,
    0xC281, 0xCA81, 0xCA80, 0xCAA1, 0xCAA0, 0xCAA0, 0xCAA0, 0xCAA0, 0xCAA0, 0xCAA0, 0xCAA1, 0xCAA0,
    0xCAC1, 0xCAC1, 0xCAC1, 0xCAC1, 0xCAC1, 0xCAC1, 0xCAC1, 0xCAC1, 0xD2C1, 0xD2E1, 0xD2E1, 0xD2E1,
    0xD2E1, 0xD2E1, 0xD2E1, 0xD301, 0xD301, 0xD321, 0xDB21, 0xDB21, 0xDB41, 0xDB41, 0xDB41, 0xDB61,
    0xE361, 0xE381, 0xE3A2, 0xE3A2, 0xEBC2, 0xEBE2, 0xEC02, 0xF422, 0xF442, 0xF463, 0xF483, 0xFCA3,
    0xFCC4, 0xFD05, 0xFD26, 0xFD87, 0xFD06, 0xFC64, 0xFCA4, 0xFD27, 0xF656, 0xEDF6, 0xE5B4, 0xDD92,
    0xDD72, 0xDD51, 0xDD50, 0xDD2F, 0xDD2E, 0xE52E, 0xE52E, 0xE52E, 0xE52E, 0xE52E, 0xED4E, 0xED6E,
    0xED8E, 0xED8E, 0xF5AE, 0xF5AE, 0xF5CE, 0xF5EF, 0xFDF0, 0xFE10, 0xFE31, 0xFE51, 0xF673, 0xFE0F,
    0xEDAE, 0x18A1, 0x0000, 0x0000, 0x0000, 0x0000, 0x0000, 0x0000, 0x0000, 0x0000, 0x0000, 0x0000,
    0x0000, 0x0000, 0x0000, 0x0000, 0x0000, 0x0000, 0x0000, 0x0000, 0x0000, 0x0000, 0x0000, 0x0000,
    0x0000, 0x0000, 0x0000, 0x0000, 0x0000, 0x0000, 0x0000, 0x0000, 0x0000, 0x0000, 0x0000, 0x0000,
    0x0000, 0x0000, 0x1061, 0xDD2D, 0xFDEF, 0xF652, 0xFE52, 0xFE11, 0xFDF0, 0xF5F0, 0xF5CF, 0xF5AF,
    0xF56F, 0xF56E, 0xED6E, 0xED4E, 0xED4E, 0xE52E, 0xE52E, 0xE52E, 0xDD0E, 0xDD0E, 0xDD0E, 0xDD0E,
    0xD50F, 0xDD10, 0xDD10, 0xDD31, 0xDD52, 0xDD94, 0xE5D5, 0xEE38, 0xFD4D, 0xFBE4, 0xF3A5, 0xF385,
    0xF428, 0xF408, 0xEBA7, 0xE366, 0xDB46, 0xD326, 0xD305, 0xD2E5, 0xCAC4, 0xCAC4, 0xC2A4, 0xC283,
    0xC283, 0xC263, 0xC263, 0xC263, 0xBA62, 0xBA62, 0xBA62, 0xBA62, 0xBA62, 0xBA42, 0xBA22, 0xBA42,
    0xBA22, 0xBA22, 0xBA22, 0xBA22, 0xBA22, 0xBA22, 0xBA22, 0xBA21, 0xBA21, 0xBA21, 0xBA21, 0xBA21,
    0xBA01, 0xBA21, 0xBA21, 0xBA21, 0xBA21, 0xBA21, 0xB221, 0xBA21, 0xBA01, 0xBA21, 0xBA21, 0xBA21,
    0xBA21, 0xBA21, 0xBA41, 0xBA21, 0xBA21, 0xBA21, 0xBA21, 0xBA21, 0xBA21, 0xBA21, 0xBA41, 0xBA41,
    0xBA41, 0xBA41, 0xBA41, 0xBA41, 0xBA41, 0xBA41, 0xBA41, 0xBA41, 0xBA41, 0xBA40, 0xBA60, 0xC261,
    0xC261, 0xC260, 0xC260, 0xC240, 0xC260, 0xC260, 0xC260, 0xC260, 0xC281, 0xC260, 0xC280, 0xC280,
    0xC260, 0xC280, 0xC281, 0xC281, 0xC281, 0xC280, 0xC281, 0xC280, 0xC280, 0xCA81, 0xCA80, 0xCA80,
    0xCAA1, 0xCAA1, 0xCAA1, 0xCAA0, 0xCAA0, 0xCAC1, 0xCAA0, 0xCAC0, 0xCAC1, 0xCAC1, 0xCAC1, 0xCAC1,
    0xCAC1, 0xCAC1, 0xCAC1, 0xD2C1, 0xD2E1, 0xD2E1, 0xD2E1, 0xD2E1, 0xD2E1, 0xD2E1, 0xD301, 0xD301,
    0xDB21, 0xDB21, 0xDB21, 0xDB41, 0xDB41, 0xDB41, 0xE361, 0xE361, 0xE381, 0xE3A2, 0xEBC2, 0xEBC2,
    0xEBE2, 0xEC02, 0xF402, 0xF442, 0xF463, 0xFC83, 0xFCA4, 0xFCE4, 0xFD05, 0xFD26, 0xFD88, 0xFD06,
    0xFC43, 0xFCA4, 0xFD06, 0xF635, 0xEDF7, 0xE5B4, 0xDD93, 0xDD51, 0xDD51, 0xDD50, 0xDD2F, 0xDD2F,
    0xDD2E, 0xE52E, 0xE54E, 0xE54E, 0xE54E, 0xE54E, 0xED4E, 0xED8E, 0xEDAE, 0xF5AE, 0xF5AE, 0xF5CE,
    0xF5EF, 0xF5EF, 0xFE10, 0xFE31, 0xFE51, 0xFE93, 0xF610, 0xFE4F, 0x5A45, 0x0000, 0x0000, 0x0000,
    0x0000, 0x0000, 0x0000, 0x0000, 0x0000, 0x0000, 0x0000, 0x0000, 0x0000, 0x0000, 0x0000, 0x0000,
    0x0000, 0x0000, 0x0000, 0x0000, 0x0000, 0x0000, 0x0000, 0x0000, 0x0000, 0x0000, 0x0000, 0x0000,
    0x0000, 0x0000, 0x0000, 0x0000, 0x0000, 0x0000, 0x0000, 0x0000, 0x0000, 0x0000, 0x0000, 0x41A4,
    0xFDEF, 0xF5F0, 0xFE73, 0xFE32, 0xFE11, 0xF5F0, 0xF5D0, 0xF5AF, 0xF5AF, 0xF58E, 0xED6E, 0xED6E,
    0xED4E, 0xE52E, 0xE52E, 0xE52E, 0xDD2E, 0xDD0E, 0xDD0E, 0xDD0E, 0xDD0E, 0xDD0F, 0xDD10, 0xDD30,
    0xDD51, 0xDD72, 0xE593, 0xE5B5, 0xEE37, 0xFD4D, 0xFBE4, 0xF3A5, 0xF385, 0xF428, 0xF408, 0xEBA7,
    0xE366, 0xDB46, 0xDB26, 0xD305, 0xCAE5, 0xCAC4, 0xCAC4, 0xCAA4, 0xC283, 0xC283, 0xC283, 0xC263,
    0xC263, 0xC263, 0xC263, 0xBA62, 0xBA62, 0xBA42, 0xBA42, 0xBA42, 0xBA42, 0xBA22, 0xBA22, 0xBA22,
    0xBA22, 0xBA22, 0xBA22, 0xBA22, 0xBA22, 0xBA21, 0xBA41, 0xBA21, 0xBA21, 0xBA21, 0xBA21, 0xBA21,
    0xBA21, 0xBA21, 0xBA21, 0xBA21, 0xBA21, 0xBA21, 0xBA21, 0xBA21, 0xBA21, 0xBA21, 0xBA21, 0xBA21,
    0xBA21, 0xBA21, 0xBA21, 0xBA21, 0xBA21, 0xBA41, 0xBA41, 0xBA41, 0xBA41, 0xBA41, 0xBA41, 0xBA41,
    0xBA41, 0xBA41, 0xBA41, 0xBA41, 0xBA41, 0xBA61, 0xC261, 0xC261, 0xC261, 0xC260, 0xC260, 0xC260,
    0xC260, 0xC260, 0xC260, 0xC260, 0xC260, 0xC280, 0xC280, 0xC280, 0xC280, 0xCA80, 0xCA81, 0xC280,
    0xC280, 0xCA80, 0xCA80, 0xCA81, 0xCA81, 0xCA80, 0xCA81, 0xCA80, 0xCAA1, 0xCAA1, 0xCAA0, 0xCAA0,
    0xCAA0, 0xCAC0, 0xCAC1, 0xCAC1, 0xD2C1, 0xD2C1, 0xD2C1, 0xD2C1, 0xD2C1, 0xD2C1, 0xD2C1, 0xD2E1,
    0xD2E1, 0xD2E1, 0xD2E1, 0xD2E1, 0xD301, 0xD301, 0xD301, 0xDB21, 0xDB21, 0xDB21, 0xDB41, 0xDB41,
    0xDB61, 0xE361, 0xE381, 0xE381, 0xE3A2, 0xEBA2, 0xEBC2, 0xEBE2, 0xEC02, 0xF422, 0xF442, 0xF463,
    0xFC83, 0xFCC4, 0xFCE4, 0xFD05, 0xFD46, 0xFDA8, 0xFD46, 0xFC63, 0xFCA4, 0xFD26, 0xF635, 0xEDF7,
    0xE5B4, 0xE593, 0xDD72, 0xDD51, 0xDD30, 0xDD2F, 0xDD2F, 0xDD4E, 0xE54E, 0xE54E, 0xE54E, 0xE54E,
    0xE54E, 0xED4E, 0xED6E, 0xED8E, 0xF5AE, 0xF5AE, 0xF5CE, 0xF5EF, 0xF5EF, 0xFE10, 0xFE10, 0xFE31,
    0xFE72, 0xF631, 0xFE2F, 0xA3EA, 0x0000, 0x0000, 0x0000, 0x0000, 0x0000, 0x0000, 0x0000, 0x0000,
    0x0000, 0x0000, 0x0000, 0x0000, 0x0000, 0x0000, 0x0000, 0x0000, 0x0000, 0x0000, 0x0000, 0x0000,
    0x0000, 0x0000, 0x0000, 0x0000, 0x0000, 0x0000, 0x0000, 0x0000, 0x0000, 0x0000, 0x0000, 0x0000,
    0x0000, 0x0000, 0x0000, 0x0000, 0x0000, 0x0000, 0x0000, 0x0000, 0x8B68, 0xFE30, 0xF611, 0xFE73,
    0xFE32, 0xFDF1, 0xFDF0, 0xF5CF, 0xF5AF, 0xF5AE, 0xF58E, 0xED6E, 0xED4E, 0xED4E, 0xE52E, 0xE52D,
    0xE52E, 0xDD2E, 0xDD0E, 0xDD0E, 0xDD0E, 0xDD0F, 0xDD0F, 0xDD10, 0xDD30, 0xDD51, 0xDD52, 0xDD93,
    0xE5B5, 0xEE38, 0xFD4D, 0xFBC4, 0xF3A5, 0xF385, 0xF428, 0xF408, 0xE3A7, 0xE367, 0xDB66, 0xDB46,
    0xD305, 0xCAE5, 0xCAC4, 0xCAC4, 0xCAA4, 0xC283, 0xC283, 0xC283, 0xC263, 0xC263, 0xC283, 0xC282,
    0xBA62, 0xBA42, 0xBA42, 0xBA42, 0xBA42, 0xBA22, 0xBA22, 0xBA22, 0xBA22, 0xBA22, 0xBA22, 0xBA22,
    0xBA22, 0xBA42, 0xBA42, 0xBA21, 0xBA21, 0xBA21, 0xBA22, 0xBA21, 0xBA21, 0xBA21, 0xBA21, 0xB221,
    0xB241, 0xB241, 0xBA41, 0xBA21, 0xBA21, 0xBA21, 0xBA21, 0xBA21, 0xBA21, 0xBA21, 0xBA21, 0xBA21,
    0xBA41, 0xBA41, 0xBA41, 0xBA41, 0xBA41, 0xBA41, 0xBA61, 0xBA41, 0xBA41, 0xBA41, 0xBA61, 0xC261,
    0xC261, 0xC261, 0xC261, 0xC261, 0xC260, 0xC260, 0xC260, 0xC260, 0xC260, 0xC260, 0xC260, 0xC260,
    0xC260, 0xC280, 0xC280, 0xC280, 0xC280, 0xCA80, 0xCA81, 0xCA81, 0xC280, 0xCA81, 0xCA81, 0xCA81,
    0xCA81, 0xCA81, 0xCA80, 0xCAA0, 0xCAA1, 0xCAA1, 0xCAC1, 0xCAC0, 0xCAC1, 0xCAC1, 0xD2C1, 0xD2C1,
    0xD2E1, 0xD2E1, 0xD2E1, 0xD2E1, 0xD2C1, 0xD2C1, 0xD2E1, 0xD2E1, 0xD2E1, 0xD301, 0xD301, 0xD301,
    0xD301, 0xD301, 0xDB21, 0xDB21, 0xDB21, 0xDB41, 0xDB41, 0xDB61, 0xE381, 0xE381, 0xE381, 0xE3A1,
    0xEBC2, 0xEBC2, 0xEBE2, 0xF402, 0xF422, 0xF442, 0xF463, 0xFC83, 0xFCC4, 0xFCE4, 0xFD25, 0xFD46,
    0xFDA8, 0xFD26, 0xFC84, 0xFCC4, 0xFD26, 0xF656, 0xEE17, 0xE5B3, 0xE593, 0xDD72, 0xDD51, 0xDD30,
    0xDD2F, 0xDD2F, 0xE52F, 0xE52E, 0xE54E, 0xE54E, 0xE54E, 0xE56E, 0xED6D, 0xED6E, 0xED6E, 0xED8E,
    0xF5AE, 0xF5CE, 0xF5EF, 0xF5EF, 0xFDEF, 0xF610, 0xFE31, 0xFE52, 0xF672, 0xFDEE, 0xDD2C, 0x1061,
    0x0000, 0x0000, 0x0000, 0x0000, 0x0000, 0x0000, 0x0000, 0x0000, 0x0000, 0x0000, 0x0000, 0x0000,
    0x0000, 0x0000, 0x0000, 0x0000, 0x0000, 0x0000, 0x0000, 0x0000, 0x0000, 0x0000, 0x0000, 0x0000,
    0x0000, 0x0000, 0x0000, 0x0000, 0x0000, 0x0000, 0x0000, 0x0000, 0x0000, 0x0000, 0x0000, 0x0000,
    0x0000, 0x0000, 0x0000, 0x0000, 0x0840, 0xD50D, 0xFE0F, 0xF652, 0xFE53, 0xFE11, 0xFDF0, 0xFDF0,
    0xF5CF, 0xF5AF, 0xF58E, 0xF56E, 0xED4E, 0xED4E, 0xED4E, 0xE54E, 0xE52E, 0xE52E, 0xDD2E, 0xDD0E,
    0xDD0E, 0xDD0E, 0xDD0F, 0xDD0F, 0xDD30, 0xDD30, 0xDD51, 0xDD72, 0xE593, 0xE5B5, 0xEE38, 0xFD2D,
    0xFBC4, 0xF3A5, 0xF385, 0xF428, 0xF408, 0xEBA7, 0xE387, 0xE366, 0xDB26, 0xD305, 0xD305, 0xCAE4,
    0xCAC4, 0xCAA4, 0xCAA3, 0xC283, 0xC283, 0xC283, 0xC283, 0xC283, 0xC283, 0xBA62, 0xBA42, 0xBA42,
    0xBA42, 0xBA42, 0xBA22, 0xBA42, 0xBA42, 0xBA42, 0xBA42, 0xBA42, 0xBA42, 0xBA42, 0xBA42, 0xBA22,
    0xBA22, 0xBA22, 0xBA22, 0xBA22, 0xBA21, 0xBA21, 0xBA21, 0xB241, 0xBA41, 0xB241, 0xBA41, 0xBA41,
    0xBA21, 0xBA21, 0xBA21, 0xBA21, 0xBA21, 0xBA21, 0xBA21, 0xBA21, 0xBA21, 0xBA41, 0xBA41, 0xBA41,
    0xBA41, 0xBA61, 0xBA61, 0xBA61, 0xBA61, 0xBA61, 0xC261, 0xC261, 0xC261, 0xC261, 0xC261, 0xC261,
    0xC261, 0xC261, 0xC261, 0xC261, 0xC281, 0xC261, 0xC261, 0xC261, 0xC280, 0xC281, 0xC281, 0xC280,
    0xCA81, 0xCA80, 0xCA81, 0xCA80, 0xCAA0, 0xCAA1, 0xCAA1, 0xCAA1, 0xCAA1, 0xCAA1, 0xCAA0, 0xCAA0,
    0xCAA1, 0xCAC1, 0xCAC1, 0xD2C1, 0xD2C1, 0xD2C1, 0xD2E1, 0xD2E1, 0xD2E1, 0xD2E1, 0xD2E1, 0xD2E1,
    0xD2E1, 0xD2E1, 0xD2E1, 0xD2E1, 0xD301, 0xD301, 0xD301, 0xD301, 0xDB21, 0xDB21, 0xDB21, 0xDB41,
    0xDB41, 0xDB41, 0xDB61, 0xE381, 0xE381, 0xE3A2, 0xE3A2, 0xEBC2, 0xEBE2, 0xEC02, 0xF422, 0xF442,
    0xF463, 0xFC83, 0xFCA3, 0xFCC4, 0xFCE4, 0xFD05, 0xFD46, 0xFDA8, 0xFD06, 0xFC64, 0xFCA4, 0xFD26,
    0xF655, 0xEE17, 0xE5B4, 0xE593, 0xDD72, 0xDD51, 0xDD30, 0xDD2F, 0xDD2F, 0xDD2F, 0xE52F, 0xE52F,
    0xE52E, 0xE54E, 0xE54E, 0xED6E, 0xED6E, 0xED6E, 0xED8E, 0xF5AE, 0xF5CE, 0xF5CE, 0xF5EF, 0xF5EF,
    0xFE10, 0xFE31, 0xFE51, 0xFE72, 0xF5CF, 0xFDEE, 0x4184, 0x0000, 0x0000, 0x0000, 0x0000, 0x0000,
    0x0000, 0x0000, 0x0000, 0x0000, 0x0000, 0x0000, 0x0000, 0x0000, 0x0000, 0x0000, 0x0000, 0x0000,
    0x0000, 0x0000, 0x0000, 0x0000, 0x0000, 0x0000, 0x0000, 0x0000, 0x0000, 0x0000, 0x0000, 0x0000,
    0x0000, 0x0000, 0x0000, 0x0000, 0x0000, 0x0000, 0x0000, 0x0000, 0x0000, 0x0000, 0x0000, 0x0000,
    0x0000, 0x3143, 0xF5EF, 0xF5EF, 0xFE73, 0xFE52, 0xFE11, 0xFDF0, 0xFDF0, 0xF5CF, 0xF5AE, 0xF58E,
    0xF56E, 0xED6E, 0xED4E, 0xED4E, 0xE54E, 0xE52E, 0xE52E, 0xDD2E, 0xDD0E, 0xDD0E, 0xDD0E, 0xDD0F,
    0xDD0F, 0xDD10, 0xDD30, 0xDD51, 0xDD72, 0xDD93, 0xE5B5, 0xEE38, 0xFD4E, 0xFBE4, 0xF3A5, 0xF384,
    0xF407, 0xF428, 0xEBA7, 0xE387, 0xE366, 0xDB46, 0xD325, 0xD305, 0xD2E4, 0xCAC4, 0xCAA4, 0xCAA4,
    0xCA83, 0xC283, 0xC2A3, 0xC283, 0xC283, 0xC263, 0xC263, 0xC263, 0xC242, 0xBA42, 0xBA42, 0xBA42,
    0xBA42, 0xBA42, 0xBA42, 0xBA42, 0xBA42, 0xBA42, 0xBA42, 0xBA42, 0xBA22, 0xBA22, 0xBA22, 0xBA22,
    0xBA21, 0xBA21, 0xB221, 0xB241, 0xB241, 0xBA41, 0xBA41, 0xBA41, 0xBA41, 0xBA21, 0xBA21, 0xBA41,
    0xBA21, 0xBA21, 0xBA21, 0xBA21, 0xBA41, 0xBA41, 0xBA41, 0xBA61, 0xBA61, 0xBA61, 0xBA61, 0xC261,
    0xC261, 0xC261, 0xC261, 0xC261, 0xC261, 0xC261, 0xC261, 0xC261, 0xC261, 0xC261, 0xC261, 0xC261,
    0xC281, 0xC281, 0xC281, 0xC281, 0xC280, 0xC281, 0xC280, 0xC280, 0xCA81, 0xCA81, 0xCA81, 0xCAA0,
    0xCAA0, 0xCAA1, 0xCAA0, 0xCAA0, 0xCAA0, 0xCAA1, 0xCAA0, 0xCAA0, 0xCAC1, 0xCAC1, 0xD2C1, 0xD2C1,
    0xD2E1, 0xD2E1, 0xD2E1, 0xD2E1, 0xD2E1, 0xD2E1, 0xD301, 0xD2E1, 0xD2E1, 0xD2E1, 0xD2E1, 0xD301,
    0xD301, 0xD301, 0xDB21, 0xDB21, 0xDB21, 0xDB41, 0xDB41, 0xDB41, 0xDB61, 0xE361, 0xE381, 0xE3A2,
    0xE3A2, 0xE3C2, 0xEBC2, 0xEBE2, 0xEC02, 0xF422, 0xF442, 0xF463, 0xFC83, 0xFCA3, 0xFCC4, 0xFCE5,
    0xFD05, 0xFD46, 0xFDA8, 0xFD06, 0xFC64, 0xFCA4, 0xFD26, 0xF635, 0xEE17, 0xE5B4, 0xE593, 0xDD72,
    0xDD51, 0xDD50, 0xDD30, 0xDD2F, 0xDD2F, 0xE52F, 0xE52F, 0xE52E, 0xE54E, 0xE54E, 0xE54D, 0xED6D,
    0xED6E, 0xED8E, 0xF5AE, 0xF5AE, 0xF5CE, 0xF5EF, 0xF5EF, 0xFE10, 0xFE31, 0xFE31, 0xFE93, 0xF610,
    0xFE2E, 0x8B48, 0x0000, 0x0000, 0x0000, 0x0000, 0x0000, 0x0000, 0x0000, 0x0000, 0x0000, 0x0000,
    0x0000, 0x0000, 0x0000, 0x0000, 0x0000, 0x0000, 0x0000, 0x0000, 0x0000, 0x0000, 0x0000, 0x0000,
    0x0000, 0x0000, 0x0000, 0x0000, 0x0000, 0x0000, 0x0000, 0x0000, 0x0000, 0x0000, 0x0000, 0x0000,
    0x0000, 0x0000, 0x0000, 0x0000, 0x0000, 0x0000, 0x0000, 0x0000, 0x0000, 0x0000, 0x6A86, 0xFE50,
    0xF5F0, 0xFE73, 0xFE32, 0xFE11, 0xFDF0, 0xFDF0, 0xF5AF, 0xF5AE, 0xF58E, 0xED6E, 0xED6E, 0xED4E,
    0xE54E, 0xE52E, 0xE52E, 0xE52E, 0xDD0E, 0xDD0E, 0xDD0E, 0xDD0E, 0xDD0F, 0xDD0F, 0xDD10, 0xDD31,
    0xDD52, 0xDD52, 0xDD93, 0xE5B5, 0xEE38, 0xFD6E, 0xFBE4, 0xF3A5, 0xF384, 0xF407, 0xF428, 0xEBA7,
    0xE387, 0xE366, 0xDB46, 0xDB25, 0xD2E5, 0xD2E4, 0xCAC4, 0xCAC4, 0xCAA4, 0xCAA4, 0xC2A3, 0xC283,
    0xC283, 0xC263, 0xC263, 0xC263, 0xC263, 0xBA42, 0xBA42, 0xBA42, 0xBA42, 0xBA42, 0xBA42, 0xBA62,
    0xBA62, 0xBA62, 0xBA42, 0xBA42, 0xBA42, 0xBA42, 0xBA42, 0xBA42, 0xBA21, 0xBA41, 0xBA41, 0xBA41,
    0xBA41, 0xBA41, 0xBA41, 0xBA42, 0xBA42, 0xBA41, 0xBA41, 0xBA41, 0xBA41, 0xBA21, 0xBA21, 0xBA41,
    0xBA41, 0xBA41, 0xBA41, 0xBA41, 0xBA61, 0xBA61, 0xBA61, 0xC261, 0xC261, 0xC261, 0xC261, 0xC261,
    0xC281, 0xC281, 0xC281, 0xC281, 0xC281, 0xC281, 0xC281, 0xC261, 0xC281, 0xC281, 0xC281, 0xCA81,
    0xC281, 0xC281, 0xC280, 0xCA80, 0xCA80, 0xCAA0, 0xCAA0, 0xCAA0, 0xCAA0, 0xCAA0, 0xCAA1, 0xCAA1,
    0xCAA0, 0xCAA1, 0xCAC0, 0xCAC0, 0xCAC1, 0xD2C1, 0xD2C1, 0xD2E1, 0xD2E1, 0xD2E1, 0xD2E1, 0xD2E1,
    0xD2E1, 0xD301, 0xD301, 0xD301, 0xD301, 0xD301, 0xD301, 0xD301, 0xD301, 0xDB21, 0xDB21, 0xDB41,
    0xDB41, 0xDB41, 0xDB61, 0xE361, 0xE361, 0xE382, 0xE3A2, 0xE3A2, 0xEBC2, 0xEBE2, 0xEC02, 0xF422,
    0xF442, 0xF443, 0xF463, 0xFC83, 0xFCA4, 0xFCE4, 0xFD05, 0xFD26, 0xFD67, 0xFDA8, 0xFCC5, 0xFC64,
    0xFCA4, 0xFD27, 0xF635, 0xEE17, 0xE5D4, 0xE593, 0xDD72, 0xDD71, 0xDD50, 0xDD4F, 0xDD2F, 0xDD2F,
    0xDD2F, 0xE52E, 0xE52E, 0xE54E, 0xE54E, 0xED4E, 0xED6E, 0xED6E, 0xED8E, 0xF5AE, 0xF5AE, 0xF5CE,
    0xF5EF, 0xF5EF, 0xF5F0, 0xFE30, 0xFE31, 0xFE72, 0xF651, 0xFE0E, 0xC48B, 0x0020, 0x0000, 0x0000,
    0x0000, 0x0000, 0x0000, 0x0000, 0x0000, 0x0000, 0x0000, 0x0000, 0x0000, 0x0000, 0x0000, 0x0000,
    0x0000, 0x0000, 0x0000, 0x0000, 0x0000, 0x0000, 0x0000, 0x0000, 0x0000, 0x0000, 0x0000, 0x0000,
    0x0000, 0x0000, 0x0000, 0x0000, 0x0000, 0x0000, 0x0000, 0x0000, 0x0000, 0x0000, 0x0000, 0x0000,
    0x0000, 0x0000, 0x0000, 0x0000, 0x0000, 0x0000, 0x0000, 0xA3EA, 0xFE30, 0xF611, 0xFE73, 0xFE32,
    0xFE11, 0xFDF0, 0xF5CF, 0xF5AF, 0xF58F, 0xF58F, 0xED6E, 0xED6E, 0xED4E, 0xE54D, 0xE52D, 0xE50E,
    0xE50E, 0xDD0E, 0xDD0E, 0xDD0E, 0xDD0E, 0xDD0F, 0xDD0F, 0xDD30, 0xDD31, 0xDD51, 0xDD52, 0xDD73,
    0xE594, 0xEE37, 0xF5B1, 0xFC25, 0xF3C5, 0xF384, 0xF3C6, 0xF428, 0xEBC7, 0xEBA7, 0xE387, 0xDB46,
    0xD325, 0xD305, 0xD2E5, 0xCAE4, 0xCAC4, 0xCAC4, 0xCAA4, 0xCAA4, 0xC283, 0xC283, 0xC283, 0xC263,
    0xC263, 0xBA43, 0xBA42, 0xBA42, 0xBA42, 0xBA42, 0xC262, 0xC262, 0xBA62, 0xBA62, 0xBA62, 0xBA62,
    0xBA62, 0xBA62, 0xBA62, 0xBA62, 0xBA42, 0xBA42, 0xBA42, 0xBA42, 0xBA41, 0xBA42, 0xBA42, 0xBA42,
    0xBA42, 0xBA42, 0xBA41, 0xBA41, 0xBA41, 0xBA41, 0xBA41, 0xBA41, 0xBA41, 0xBA41, 0xBA41, 0xBA61,
    0xBA61, 0xC261, 0xC261, 0xC261, 0xC261, 0xC281, 0xC281, 0xC281, 0xC281, 0xC281, 0xC281, 0xC281,
    0xC281, 0xC281, 0xC281, 0xC281, 0xC281, 0xC281, 0xCA81, 0xCA81, 0xCA81, 0xCA81, 0xCAA1, 0xCAA1,
    0xCAA1, 0xCAA1, 0xCAA1, 0xCAA1, 0xCAC1, 0xCAC1, 0xCAC1, 0xCAC1, 0xCAC1, 0xD2C1, 0xD2C1, 0xCAC1,
    0xD2C1, 0xD2E1, 0xD2E1, 0xD2E1, 0xD2E1, 0xD2E1, 0xD2E1, 0xD2E1, 0xD301, 0xD301, 0xD301, 0xD301,
    0xD301, 0xD301, 0xDB01, 0xDB21, 0xDB21, 0xDB21, 0xDB21, 0xDB41, 0xDB41, 0xDB61, 0xE361, 0xE381,
    0xE381, 0xE3A2, 0xE3A2, 0xEBC2, 0xEBE2, 0xF402, 0xF422, 0xF442, 0xF443, 0xFC63, 0xFCA3, 0xFCC4,
    0xFCE4, 0xFD05, 0xFD26, 0xFD67, 0xFD88, 0xFCA4, 0xFC64, 0xFCC4, 0xFD69, 0xF657, 0xEDF7, 0xE5D5,
    0xE5B4, 0xDD72, 0xDD51, 0xDD50, 0xDD4F, 0xDD2F, 0xDD2F, 0xDD2F, 0xE52E, 0xE52E, 0xE52E, 0xE54E,
    0xED4E, 0xED6E, 0xED6E, 0xED8E, 0xF5AE, 0xF5AE, 0xF5CE, 0xF5EF, 0xF5EF, 0xF5F0, 0xF610, 0xFE31,
    0xFE72, 0xF672, 0xFDEE, 0xEDAE, 0x20E2, 0x0000, 0x0000, 0x0000, 0x0000, 0x0000, 0x0000, 0x0000,
    0x0000, 0x0000, 0x0000, 0x0000, 0x0000, 0x0000, 0x0000, 0x0000, 0x0000, 0x0000, 0x0000, 0x0000,
    0x0000, 0x0000, 0x0000, 0x0000, 0x0000, 0x0000, 0x0000, 0x0000, 0x0000, 0x0000, 0x0000, 0x0000,
    0x0000, 0x0000, 0x0000, 0x0000, 0x0000, 0x0000, 0x0000, 0x0000, 0x0000, 0x0000, 0x0000, 0x0000,
    0x0000, 0x0000, 0x0000, 0x0841, 0xD52D, 0xFE0F, 0xF632, 0xFE52, 0xFE11, 0xFDF1, 0xFDF0, 0xFDCF,
    0xF5CF, 0xF5AF, 0xF58E, 0xED8E, 0xED6E, 0xED4E, 0xED2E, 0xE52E, 0xE50E, 0xE50E, 0xDD0E, 0xDD0E,
    0xDD0E, 0xDD0E, 0xDD0F, 0xDD0F, 0xDD30, 0xDD31, 0xDD51, 0xDD52, 0xDD93, 0xE5B4, 0xEE38, 0xF5D2,
    0xFC26, 0xFBC5, 0xF3A4, 0xF3C6, 0xF428, 0xF3E8, 0xEBA7, 0xE386, 0xDB46, 0xDB25, 0xD325, 0xD305,
    0xD305, 0xCAE4, 0xCAC4, 0xCAC4, 0xCAA4, 0xCAA3, 0xC283, 0xC283, 0xC263, 0xC263, 0xC263, 0xC262,
    0xC242, 0xC262, 0xC262, 0xC262, 0xBA62, 0xBA62, 0xBA42, 0xBA62, 0xBA62, 0xBA42, 0xBA62, 0xBA62,
    0xBA62, 0xBA62, 0xBA42, 0xBA42, 0xBA42, 0xBA42, 0xBA42, 0xBA42, 0xBA42, 0xBA42, 0xBA41, 0xBA41,
    0xBA41, 0xBA41, 0xBA41, 0xBA41, 0xBA41, 0xBA41, 0xBA61, 0xC261, 0xC261, 0xC261, 0xC261, 0xC261,
    0xC261, 0xC281, 0xC281, 0xC281, 0xC281, 0xC281, 0xC281, 0xC281, 0xC281, 0xC281, 0xC281, 0xCA81,
    0xCA81, 0xCA81, 0xCA81, 0xCA81, 0xCAA1, 0xCAA1, 0xCAA1, 0xCAA1, 0xCAA1, 0xCAA1, 0xCAA1, 0xCAC1,
    0xCAC1, 0xCAC1, 0xD2C1, 0xD2C1, 0xD2C1, 0xD2E1, 0xD2E1, 0xD2E1, 0xD2E1, 0xD2E1, 0xD2E1, 0xD2E1,
    0xD2E1, 0xD2E1, 0xD2E1, 0xD2E1, 0xD301, 0xD301, 0xD301, 0xDB01, 0xDB21, 0xDB21, 0xDB21, 0xDB21,
    0xDB41, 0xDB41, 0xDB41, 0xDB61, 0xE361, 0xE381, 0xE381, 0xE3A2, 0xE3A2, 0xEBC2, 0xEBC2, 0xEBE2,
    0xF402, 0xF422, 0xF443, 0xFC63, 0xFC83, 0xFCA3, 0xFCC4, 0xFCE5, 0xFD25, 0xFD26, 0xFD88, 0xFD88,
    0xFCA4, 0xFCA5, 0xFCE5, 0xFD8B, 0xF657, 0xEDF7, 0xE5D4, 0xE5B3, 0xE572, 0xDD51, 0xDD50, 0xDD50,
    0xDD2F, 0xDD0F, 0xDD0E, 0xE52E, 0xE52E, 0xE52E, 0xE52E, 0xE54E, 0xED6E, 0xED6E, 0xED8E, 0xED8E,
    0xF5AE, 0xF5CE, 0xF5EF, 0xF5EF, 0xF5EF, 0xF610, 0xF631, 0xFE52, 0xFE93, 0xF5EE, 0xFE0E, 0x5205,
    0x0000, 0x0000, 0x0000, 0x0000, 0x0000, 0x0000, 0x0000, 0x0000, 0x0000, 0x0000, 0x0000, 0x0000,
    0x0000, 0x0000, 0x0000, 0x0000, 0x0000, 0x0000, 0x0000, 0x0000, 0x0000, 0x0000, 0x0000, 0x0000,
    0x0000, 0x0000, 0x0000, 0x0000, 0x0000, 0x0000, 0x0000, 0x0000, 0x0000, 0x0000, 0x0000, 0x0000,
    0x0000, 0x0000, 0x0000, 0x0000, 0x0000, 0x0000, 0x0000, 0x0000, 0x0000, 0x0000, 0x0000, 0x0000,
    0x3123, 0xF5CF, 0xFDEF, 0xFE52, 0xFE32, 0xFE11, 0xFDF0, 0xFDF0, 0xF5CF, 0xF5CF, 0xF5AF, 0xF58F,
    0xED6E, 0xED6E, 0xED4E, 0xED2E, 0xE52E, 0xE52E, 0xE52E, 0xDD0E, 0xDD0E, 0xDD0E, 0xDD0E, 0xDD0F,
    0xD50F, 0xD510, 0xDD30, 0xDD31, 0xDD52, 0xDD94, 0xE5B4, 0xE617, 0xF5F4, 0xFC67, 0xFBE5, 0xF3A5,
    0xF3A5, 0xF428, 0xF408, 0xEBA7, 0xE387, 0xE366, 0xDB46, 0xDB25, 0xD325, 0xD305, 0xD2E5, 0xD2E4,
    0xCAC4, 0xCAA4, 0xCAA3, 0xC283, 0xC283, 0xC263, 0xC263, 0xC263, 0xC262, 0xC262, 0xC282, 0xC283,
    0xC262, 0xBA62, 0xBA42, 0xBA42, 0xBA42, 0xBA42, 0xC262, 0xBA62, 0xBA62, 0xBA62, 0xBA42, 0xBA42,
    0xBA42, 0xBA42, 0xBA42, 0xBA62, 0xBA42, 0xBA42, 0xBA42, 0xBA42, 0xBA42, 0xBA42, 0xBA41, 0xBA61,
    0xC261, 0xC261, 0xBA61, 0xC261, 0xC261, 0xC261, 0xC261, 0xC261, 0xC281, 0xC281, 0xC281, 0xC281,
    0xC281, 0xCA81, 0xCAA1, 0xCAA1, 0xCAA1, 0xCAA1, 0xCAA1, 0xCAA1, 0xCAA1, 0xCAA1, 0xCAA1, 0xCAA1,
    0xCAA1, 0xCAA1, 0xCAA1, 0xCAC1, 0xCAC1, 0xCAC1, 0xD2C1, 0xD2C1, 0xD2C1, 0xD2E1, 0xD2E1, 0xD2E1,
    0xD2E1, 0xD2E1, 0xD2E1, 0xD2E1, 0xD2E1, 0xD2E1, 0xD301, 0xD301, 0xD301, 0xD301, 0xD301, 0xD301,
    0xD301, 0xDB21, 0xDB21, 0xDB21, 0xDB21, 0xDB21, 0xDB41, 0xDB41, 0xDB41, 0xDB61, 0xE361, 0xE361,
    0xE381, 0xE381, 0xE3A2, 0xEBC2, 0xEBC2, 0xEBE2, 0xEC02, 0xF422, 0xF442, 0xF463, 0xFC83, 0xFCA3,
    0xFCA4, 0xFCC4, 0xFD05, 0xFD26, 0xFD46, 0xFDA8, 0xFD47, 0xFCA4, 0xFCA5, 0xFD05, 0xFDEE, 0xEE79,
    0xEDF6, 0xE5D4, 0xE593, 0xDD72, 0xDD51, 0xDD50, 0xDD2F, 0xDD2F, 0xDD0F, 0xDD0E, 0xDD0E, 0xE52E,
    0xE52E, 0xE52E, 0xE54E, 0xED4E, 0xED6E, 0xED8E, 0xED8E, 0xF5AE, 0xF5CE, 0xF5CF, 0xF5EF, 0xF5F0,
    0xFE10, 0xFE31, 0xFE51, 0xFE93, 0xF610, 0xFE2F, 0x7AE7, 0x0000, 0x0000, 0x0000, 0x0000, 0x0000,
    0x0000, 0x0000, 0x0000, 0x0000, 0x0000, 0x0000, 0x0000, 0x0000, 0x0000, 0x0000, 0x0000, 0x0000,
    0x0000, 0x0000, 0x0000, 0x0000, 0x0000, 0x0000, 0x0000, 0x0000, 0x0000, 0x0000, 0x0000, 0x0000,
    0x0000, 0x0000, 0x0000, 0x0000, 0x0000, 0x0000, 0x0000, 0x0000, 0x0000, 0x0000, 0x0000, 0x0000,
    0x0000, 0x0000, 0x0000, 0x0000, 0x0000, 0x0000, 0x0000, 0x0000, 0x0000, 0x49C4, 0xFDEF, 0xF5CF,
    0xFE52, 0xFE32, 0xFE11, 0xFDF0, 0xFDF0, 0xF5CF, 0xF5AF, 0xF58F, 0xF58F, 0xED6E, 0xED4E, 0xED4E,
    0xED4E, 0xE52D, 0xE52D, 0xE52E, 0xDD0E, 0xDD0E, 0xDD0E, 0xDD0E, 0xDD0F, 0xDD0F, 0xDD10, 0xDD10,
    0xDD31, 0xDD51, 0xDD73, 0xE594, 0xE5F7, 0xF636, 0xFCCA, 0xFBE5, 0xF3E5, 0xF3A5, 0xF407, 0xF428,
    0xEBE7, 0xEBA7, 0xE387, 0xDB66, 0xDB46, 0xD325, 0xD305, 0xD2E5, 0xD2E4, 0xCAC4, 0xCAC4, 0xCAA3,
    0xCAA3, 0xC283, 0xC283, 0xC283, 0xC263, 0xC283, 0xC283, 0xC283, 0xC283, 0xC262, 0xBA62, 0xBA42,
    0xBA42, 0xBA42, 0xBA62, 0xBA62, 0xBA62, 0xBA42, 0xBA42, 0xBA42, 0xBA42, 0xBA62, 0xC262, 0xBA42,
    0xBA62, 0xBA62, 0xBA62, 0xBA62, 0xBA62, 0xC262, 0xC262, 0xC261, 0xC261, 0xC261, 0xC261, 0xC261,
    0xC261, 0xC281, 0xC281, 0xC281, 0xC281, 0xC281, 0xC281, 0xC281, 0xCA81, 0xCA81, 0xCAA1, 0xCAA1,
    0xCAA1, 0xCAA1, 0xCAA1, 0xCAA1, 0xCAA1, 0xCAA1, 0xCAA1, 0xCAA1, 0xCAA1, 0xCAA1, 0xCAC1, 0xD2C1,
    0xD2C1, 0xD2C1, 0xD2C1, 0xD2C1, 0xD2E1, 0xD2E1, 0xD2E1, 0xD2E1, 0xD301, 0xD301, 0xD301, 0xD301,
    0xD301, 0xD301, 0xD301, 0xD301, 0xDB01, 0xDB01, 0xDB21, 0xDB21, 0xDB21, 0xDB41, 0xDB41, 0xDB41,
    0xDB41, 0xDB41, 0xDB41, 0xE361, 0xE361, 0xE361, 0xE381, 0xE382, 0xE3A2, 0xEBA2, 0xEBC2, 0xEBC2,
    0xEBE2, 0xEC02, 0xF422, 0xF443, 0xF463, 0xFC83, 0xFCA4, 0xFCC4, 0xFCE4, 0xFD05, 0xFD46, 0xFD87,
    0xFDA8, 0xFCE5, 0xFC64, 0xFCC5, 0xFD26, 0xFE11, 0xEE58, 0xE5F5, 0xE5B4, 0xDD93, 0xDD72, 0xDD51,
    0xDD50, 0xDD30, 0xDD2F, 0xDD2F, 0xDD2F, 0xE52E, 0xE52E, 0xE52E, 0xE52E, 0xE54E, 0xED4E, 0xED6E,
    0xED8E, 0xF58E, 0xF5AE, 0xF5CE, 0xF5CE, 0xF5EF, 0xFDEF, 0xFE10, 0xFE31, 0xFE31, 0xFE93, 0xF610,
    0xFE4F, 0x9BC9, 0x0000, 0x0000, 0x0000, 0x0000, 0x0000, 0x0000, 0x0000, 0x0000, 0x0000, 0x0000,
    0x0000, 0x0000, 0x0000, 0x0000, 0x0000, 0x0000, 0x0000, 0x0000, 0x0000, 0x0000, 0x0000, 0x0000,
    0x0000, 0x0000, 0x0000, 0x0000, 0x0000, 0x0000, 0x0000, 0x0000, 0x0000, 0x0000, 0x0000, 0x0000,
    0x0000, 0x0000, 0x0000, 0x0000, 0x0000, 0x0000, 0x0000, 0x0000, 0x0000, 0x0000, 0x0000, 0x0000,
    0x0000, 0x0000, 0x0000, 0x0000, 0x0000, 0x0000, 0x72A7, 0xFE2F, 0xF5CF, 0xFE73, 0xFE32, 0xFE11,
    0xFDF0, 0xF5F0, 0xFDCF, 0xF5AF, 0xF58F, 0xF58E, 0xED6E, 0xED6E, 0xED4E, 0xE52D, 0xE52E, 0xE52E,
    0xE52E, 0xDD0E, 0xDD0E, 0xDD0E, 0xDD0E, 0xDCEF, 0xDCEF, 0xDD0F, 0xDD10, 0xDD31, 0xDD51, 0xDD93,
    0xE594, 0xE5D6, 0xF657, 0xFD2D, 0xFC04, 0xF3E5, 0xF384, 0xF3E7, 0xF449, 0xF408, 0xEBA7, 0xE387,
    0xE366, 0xDB46, 0xDB25, 0xD305, 0xD305, 0xD2E4, 0xCAE4, 0xCAC4, 0xCAA4, 0xCAA3, 0xCA83, 0xC283,
    0xC283, 0xC283, 0xC283, 0xC283, 0xC283, 0xC283, 0xC262, 0xC262, 0xC262, 0xBA62, 0xBA62, 0xC262,
    0xC262, 0xC262, 0xC262, 0xBA62, 0xBA62, 0xC262, 0xC262, 0xC262, 0xC262, 0xC262, 0xC262, 0xC262,
    0xC262, 0xC262, 0xC262, 0xC262, 0xC262, 0xC262, 0xC282, 0xC281, 0xC282, 0xC281, 0xC281, 0xC281,
    0xC281, 0xC281, 0xC281, 0xC281, 0xCA81, 0xCA81, 0xCA81, 0xCAA1, 0xCAA1, 0xCAA1, 0xCAA1, 0xCAC1,
    0xCAA1, 0xCAC1, 0xCAC1, 0xCAA1, 0xCAC1, 0xCAC1, 0xCAC1, 0xD2C1, 0xD2C1, 0xD2E1, 0xD2E1, 0xD2E1,
    0xD2E1, 0xD2E1, 0xD301, 0xD301, 0xD301, 0xD321, 0xDB01, 0xD301, 0xDB01, 0xDB01, 0xDB21, 0xDB21,
    0xDB21, 0xDB21, 0xDB21, 0xDB21, 0xDB41, 0xDB41, 0xDB61, 0xDB61, 0xDB41, 0xE361, 0xE361, 0xE362,
    0xE382, 0xE382, 0xE382, 0xEBA2, 0xEBC2, 0xEBE2, 0xEBE2, 0xEC02, 0xF422, 0xF423, 0xF443, 0xF463,
    0xF483, 0xFCA4, 0xFCC4, 0xFCE5, 0xFD05, 0xFD46, 0xFDA8, 0xFDA8, 0xFCC5, 0xFC64, 0xFCA4, 0xFD47,
    0xF654, 0xEE38, 0xE5D5, 0xE5B4, 0xDD93, 0xDD71, 0xDD51, 0xDD50, 0xDD30, 0xDD2F, 0xDD2F, 0xDD2E,
    0xE52E, 0xE52E, 0xE52E, 0xE52E, 0xE54E, 0xED4E, 0xED6E, 0xED6E, 0xED8E, 0xF5AE, 0xF5CE, 0xF5CE,
    0xF5EF, 0xF5EF, 0xFE10, 0xFE30, 0xFE51, 0xFE73, 0xF631, 0xFE0F, 0xCCEC, 0x0820, 0x0000, 0x0000,
    0x0000, 0x0000, 0x0000, 0x0000, 0x0000, 0x0000, 0x0000, 0x0000, 0x0000, 0x0000, 0x0000, 0x0000,
    0x0000, 0x0000, 0x0000, 0x0000, 0x0000, 0x0000, 0x0000, 0x0000, 0x0000, 0x0000, 0x0000, 0x0000,
    0x0000, 0x0000, 0x0000, 0x0000, 0x0000, 0x0000, 0x0000, 0x0000, 0x0000, 0x0000, 0x0000, 0x0000,
    0x0000, 0x0000, 0x0000, 0x0000, 0x0000, 0x0000, 0x0000, 0x0000, 0x0000, 0x0000, 0x0000, 0x0000,
    0x0000, 0x0000, 0x0000, 0xA3EA, 0xFE2F, 0xF5F0, 0xFE73, 0xFE31, 0xFE11, 0xFDF0, 0xFDF0, 0xF5CF,
    0xF5AF, 0xF5AE, 0xF58E, 0xED6E, 0xED6E, 0xED4E, 0xE52E, 0xE52E, 0xE52E, 0xE52E, 0xDD0E, 0xDD0E,
    0xDD0E, 0xDD0E, 0xDD0E, 0xD50F, 0xDD0F, 0xDD30, 0xDD31, 0xDD51, 0xDD72, 0xE593, 0xE5B5, 0xEE38,
    0xF590, 0xFC25, 0xF3A4, 0xF385, 0xF3A6, 0xF428, 0xF428, 0xEBC7, 0xEBA7, 0xE366, 0xE366, 0xDB45,
    0xDB25, 0xD305, 0xD305, 0xD2E4, 0xD2C4, 0xCAC4, 0xCAA4, 0xCAA3, 0xCA83, 0xCAA3, 0xC2A3, 0xC2A3,
    0xC2A3, 0xC283, 0xC283, 0xC283, 0xC283, 0xC263, 0xC263, 0xC263, 0xC282, 0xC262, 0xC262, 0xC262,
    0xC262, 0xC262, 0xC282, 0xC262, 0xC262, 0xC262, 0xC262, 0xC262, 0xC262, 0xC262, 0xC262, 0xC262,
    0xC262, 0xC282, 0xC2A2, 0xC2A2, 0xC282, 0xC281, 0xC281, 0xC281, 0xC281, 0xC281, 0xC281, 0xCA81,
    0xCAA1, 0xCAA1, 0xCAA1, 0xCAA1, 0xCAA1, 0xCAA1, 0xCAC1, 0xCAC1, 0xCAC1, 0xCAC1, 0xCAC1, 0xD2C1,
    0xD2C1, 0xD2C1, 0xD2C1, 0xD2C1, 0xD2E1, 0xD2E1, 0xD2E1, 0xD2E1, 0xD2E1, 0xD301, 0xD301, 0xD301,
    0xD301, 0xDB21, 0xDB21, 0xDB01, 0xDB21, 0xDB21, 0xDB21, 0xDB21, 0xDB21, 0xDB21, 0xDB41, 0xDB41,
    0xDB61, 0xDB61, 0xDB61, 0xE361, 0xE361, 0xE361, 0xE382, 0xE382, 0xE3A2, 0xEBA2, 0xEBC2, 0xEBE2,
    0xEBE2, 0xEC02, 0xF402, 0xF423, 0xF443, 0xF463, 0xF463, 0xFC83, 0xFCA4, 0xFCC4, 0xFD05, 0xFD26,
    0xFD47, 0xFDA8, 0xFD67, 0xFC84, 0xFCA5, 0xFCE4, 0xFD6A, 0xF656, 0xEE17, 0xE5B4, 0xDD93, 0xDD72,
    0xDD51, 0xDD51, 0xDD30, 0xDD2F, 0xDD2F, 0xDD2F, 0xDD2E, 0xDD2E, 0xE52E, 0xE54E, 0xE54E, 0xE54E,
    0xED6E, 0xED6E, 0xED8E, 0xED8E, 0xF5AE, 0xF5CE, 0xF5CE, 0xF5EF, 0xF5EF, 0xFDF0, 0xFE10, 0xFE31,
    0xFE72, 0xF652, 0xFDEE, 0xEDAE, 0x20E2, 0x0000, 0x0000, 0x0000, 0x0000, 0x0000, 0x0000, 0x0000,
    0x0000, 0x0000, 0x0000, 0x0000, 0x0000, 0x0000, 0x0000, 0x0000, 0x0000, 0x0000, 0x0000, 0x0000,
    0x0000, 0x0000, 0x0000, 0x0000, 0x0000, 0x0000, 0x0000, 0x0000, 0x0000, 0x0000, 0x0000, 0x0000,
    0x0000, 0x0000, 0x0000, 0x0000, 0x0000, 0x0000, 0x0000, 0x0000, 0x0000, 0x0000, 0x0000, 0x0000,
    0x0000, 0x0000, 0x0000, 0x0000, 0x0000, 0x0000, 0x0000, 0x0000, 0x0000, 0x0000, 0x0000, 0x0840,
    0xC4AC, 0xFE30, 0xF611, 0xFE53, 0xFE32, 0xFE11, 0xFDF0, 0xFDF0, 0xF5CF, 0xF5AF, 0xF58E, 0xED8E,
    0xED6E, 0xED4E, 0xED4E, 0xE52E, 0xE52E, 0xE52E, 0xDD0D, 0xDD0E, 0xDD0E, 0xDD0E, 0xDCEE, 0xDCEE,
    0xDCEF, 0xDD0F, 0xDD10, 0xDD31, 0xDD31, 0xDD52, 0xDD73, 0xE594, 0xE617, 0xF615, 0xFCA8, 0xF3A4,
    0xF385, 0xF385, 0xF407, 0xF448, 0xEBE7, 0xEBA7, 0xE386, 0xE366, 0xDB46, 0xDB25, 0xDB25, 0xD305,
    0xD2E5, 0xD2E4, 0xCAC4, 0xCAC4, 0xCAA4, 0xCAC3, 0xCAA3, 0xCAA3, 0xC2A3, 0xC2A3, 0xC2A3, 0xC283,
    0xC283, 0xC283, 0xC283, 0xC283, 0xC283, 0xC282, 0xC282, 0xC262, 0xC262, 0xC262, 0xC282, 0xC282,
    0xC262, 0xC262, 0xC262, 0xC282, 0xC282, 0xC282, 0xC282, 0xC282, 0xC282, 0xC282, 0xC2A2, 0xCAA2,
    0xC282, 0xC281, 0xC281, 0xC281, 0xCA81, 0xCA81, 0xCAA1, 0xCAA1, 0xCAA1, 0xCAA1, 0xCAA1, 0xCAA1,
    0xCAC1, 0xCAC1, 0xCAC1, 0xCAC1, 0xD2C1, 0xD2C1, 0xD2C1, 0xD2C1, 0xD2C1, 0xD2C1, 0xD2E1, 0xD2E1,
    0xD2E1, 0xD2E1, 0xD2E1, 0xD301, 0xD301, 0xDB01, 0xDB01, 0xDB01, 0xDB01, 0xDB21, 0xDB21, 0xDB21,
    0xDB21, 0xDB41, 0xDB41, 0xDB41, 0xDB41, 0xDB41, 0xDB61, 0xE361, 0xE361, 0xE382, 0xE382, 0xE382,
    0xE382, 0xE382, 0xE3A2, 0xE3A2, 0xEBC2, 0xEBC2, 0xEBE2, 0xEC02, 0xF423, 0xF423, 0xF443, 0xF443,
    0xF463, 0xFC83, 0xFCA4, 0xFCC4, 0xFCE5, 0xFD06, 0xFD26, 0xFD87, 0xFDA8, 0xFD06, 0xFC84, 0xFCA4,
    0xFD25, 0xFDEF, 0xEE58, 0xE5F6, 0xE5B4, 0xDD93, 0xDD72, 0xDD51, 0xDD50, 0xDD30, 0xDD2F, 0xDD2F,
    0xDD2E, 0xDD2E, 0xDD2E, 0xE52E, 0xE54E, 0xE54E, 0xE54D, 0xED6D, 0xED6E, 0xED8E, 0xED8E, 0xF5AE,
    0xF5CE, 0xF5CE, 0xF5EF, 0xF5EF, 0xFDEF, 0xFE10, 0xFE30, 0xFE72, 0xF672, 0xFDEE, 0xF5CE, 0x3963,
    0x0000, 0x0000, 0x0000, 0x0000, 0x0000, 0x0000, 0x0000, 0x0000, 0x0000, 0x0000, 0x0000, 0x0000,
    0x0000, 0x0000, 0x0000, 0x0000, 0x0000, 0x0000, 0x0000, 0x0000, 0x0000, 0x0000, 0x0000, 0x0000,
    0x0000, 0x0000, 0x0000, 0x0000, 0x0000, 0x0000, 0x0000, 0x0000, 0x0000, 0x0000, 0x0000, 0x0000,
    0x0000, 0x0000, 0x0000, 0x0000, 0x0000, 0x0000, 0x0000, 0x0000, 0x0000, 0x0000, 0x0000, 0x0000,
    0x0000, 0x0000, 0x0000, 0x0000, 0x0000, 0x0000, 0x0000, 0x0000, 0x1081, 0xD50D, 0xFE0F, 0xF611,
    0xFE73, 0xFE31, 0xFE11, 0xFDF0, 0xF5CF, 0xF5CF, 0xF5AE, 0xF58E, 0xED8E, 0xED6E, 0xED4E, 0xED4E,
    0xE52E, 0xE52E, 0xE50E, 0xE50D, 0xDD0D, 0xDD0E, 0xDCEE, 0xDCEE, 0xDCEF, 0xDCEF, 0xDD0F, 0xDD10,
    0xDD31, 0xDD51, 0xDD72, 0xDD73, 0xE593, 0xE5F6, 0xEE58, 0xFD2D, 0xFBE4, 0xF3A5, 0xEB85, 0xF3C6,
    0xF428, 0xF408, 0xEBC7, 0xEBA7, 0xE386, 0xE366, 0xDB46, 0xDB25, 0xDB05, 0xD305, 0xD2E4, 0xD2E4,
    0xD2C4, 0xCAC4, 0xCAC4, 0xCAC4, 0xCAA3, 0xCAA3, 0xCAA3, 0xCAA3, 0xCAA3, 0xC283, 0xC283, 0xC2A3,
    0xC2A3, 0xC2A3, 0xC283, 0xC283, 0xC282, 0xC282, 0xC282, 0xC2A2, 0xC282, 0xC282, 0xC282, 0xC282,
    0xC282, 0xC282, 0xC282, 0xC282, 0xCAA2, 0xCAA2, 0xCAA2, 0xCAA2, 0xCA82, 0xCA82, 0xCA82, 0xCA81,
    0xCA81, 0xCAA1, 0xCAA1, 0xCAA1, 0xCAA1, 0xCAC1, 0xCAC1, 0xCAC1, 0xCAC1, 0xCAC1, 0xCAC1, 0xD2C1,
    0xD2C1, 0xD2E1, 0xD2E1, 0xD2E1, 0xD2E1, 0xD2E1, 0xD2E1, 0xD2E1, 0xD2E1, 0xD2E1, 0xD2E1, 0xD301,
    0xDB01, 0xDB21, 0xDB21, 0xDB21, 0xDB41, 0xDB41, 0xDB41, 0xDB41, 0xDB41, 0xE361, 0xE361, 0xE361,
    0xE361, 0xE361, 0xE362, 0xE382, 0xE3A2, 0xE3A2, 0xE3A2, 0xE3A2, 0xE3A2, 0xEBA2, 0xEBA2, 0xEBC2,
    0xEBE2, 0xEC02, 0xF402, 0xF443, 0xF443, 0xF463, 0xF463, 0xFC83, 0xFCA3, 0xFCC4, 0xFCE4, 0xFD05,
    0xFD26, 0xFD67, 0xFDA8, 0xFD47, 0xFCA4, 0xFC84, 0xFCC4, 0xFD47, 0xF613, 0xEE38, 0xE5F5, 0xE5B4,
    0xDD93, 0xDD72, 0xDD51, 0xDD51, 0xDD30, 0xDD2F, 0xDD2F, 0xDD2E, 0xDD2E, 0xDD2E, 0xE52E, 0xE54E,
    0xE54E, 0xE54D, 0xE54D, 0xED6D, 0xED6E, 0xED8E, 0xEDAE, 0xF5AE, 0xF5CE, 0xF5EF, 0xF5EF, 0xFDEF,
    0xFE10, 0xFE30, 0xFE52, 0xFE72, 0xFDEE, 0xF5EE, 0x41A4, 0x0000, 0x0000, 0x0000, 0x0000, 0x0000,
    0x0000, 0x0000, 0x0000, 0x0000, 0x0000, 0x0000, 0x0000, 0x0000, 0x0000, 0x0000, 0x0000, 0x0000,
    0x0000, 0x0000, 0x0000, 0x0000, 0x0000, 0x0000, 0x0000, 0x0000, 0x0000, 0x0000, 0x0000, 0x0000,
    0x0000, 0x0000, 0x0000, 0x0000, 0x0000, 0x0000, 0x0000, 0x0000, 0x0000, 0x0000, 0x0000, 0x0000,
    0x0000, 0x0000, 0x0000, 0x0000, 0x0000, 0x0000, 0x0000, 0x0000, 0x0000, 0x0000, 0x0000, 0x0000,
    0x0000, 0x0000, 0x0000, 0x0000, 0x0000, 0x20C2, 0xE56E, 0xFDEF, 0xF631, 0xFE52, 0xFE11, 0xFDF1,
    0xFDF0, 0xF5CF, 0xF5CF, 0xF5AE, 0xF58E, 0xED8E, 0xED6E, 0xED4E, 0xED2E, 0xED2E, 0xE52E, 0xE50E,
    0xE50E, 0xDD0E, 0xDCEE, 0xDCEE, 0xDCEE, 0xDCEF, 0xDCEF, 0xDD0F, 0xDD10, 0xDD30, 0xDD51, 0xDD52,
    0xDD73, 0xDD93, 0xE5B5, 0xEE58, 0xF5D2, 0xFC67, 0xF3C5, 0xF385, 0xF385, 0xF407, 0xF448, 0xF3E7,
    0xEBA7, 0xE387, 0xE386, 0xE366, 0xDB45, 0xDB25, 0xD305, 0xD305, 0xD2E4, 0xD2E4, 0xCAC4, 0xCAC4,
    0xCAC4, 0xCAC4, 0xCAC4, 0xCAA3, 0xCAA3, 0xCAA3, 0xCAA3, 0xCAA3, 0xCAA3, 0xCAA3, 0xCA83, 0xC283,
    0xC283, 0xC283, 0xC2A3, 0xCAA3, 0xCAA2, 0xCAA3, 0xCAA2, 0xCAA2, 0xCAA2, 0xCA82, 0xCA82, 0xCAA2,
    0xCAC2, 0xCAA2, 0xCAA2, 0xCAA2, 0xCAA2, 0xCAA2, 0xCAA2, 0xCAA2, 0xCAA1, 0xCAA1, 0xCAA1, 0xCAC1,
    0xCAC1, 0xCAC1, 0xCAC1, 0xD2C1, 0xD2C1, 0xD2C1, 0xD2C1, 0xD2C1, 0xD2E1, 0xD2E1, 0xD2E1, 0xD2E1,
    0xD2E1, 0xD2E1, 0xD301, 0xD301, 0xD301, 0xD301, 0xDB01, 0xDB01, 0xDB21, 0xDB21, 0xDB21, 0xDB41,
    0xDB41, 0xDB41, 0xDB41, 0xE361, 0xE361, 0xE381, 0xE381, 0xE361, 0xE381, 0xE382, 0xE382, 0xE3A2,
    0xE3C2, 0xEBC2, 0xEBC2, 0xEBC2, 0xEBC2, 0xEBC2, 0xEBE2, 0xEC02, 0xF422, 0xF422, 0xF423, 0xF463,
    0xF483, 0xFC83, 0xFCA4, 0xFCC4, 0xFCE4, 0xFD05, 0xFD26, 0xFD46, 0xFD88, 0xFDA8, 0xFCE6, 0xFC64,
    0xFCA4, 0xFCE5, 0xFD8C, 0xF657, 0xE617, 0xE5D4, 0xE5B4, 0xDD93, 0xDD72, 0xDD51, 0xDD30, 0xDD30,
    0xDD2F, 0xDD2F, 0xDD2E, 0xDD2E, 0xDD2E, 0xE52E, 0xE54E, 0xE54E, 0xE54E, 0xED6E, 0xED6D, 0xED6D,
    0xED8E, 0xED8E, 0xF5AE, 0xF5CE, 0xF5EE, 0xF5EF, 0xFDEF, 0xFE10, 0xFE10, 0xFE51, 0xFE72, 0xF5EE,
    0xFE2F, 0x5A25, 0x0000, 0x0000, 0x0000, 0x0000, 0x0000, 0x0000, 0x0000, 0x0000, 0x0000, 0x0000,
    0x0000, 0x0000, 0x0000, 0x0000, 0x0000, 0x0000, 0x0000, 0x0000, 0x0000, 0x0000, 0x0000, 0x0000,
    0x0000, 0x0000, 0x0000, 0x0000, 0x0000, 0x0000, 0x0000, 0x0000, 0x0000, 0x0000, 0x0000, 0x0000,
    0x0000, 0x0000, 0x0000, 0x0000, 0x0000, 0x0000, 0x0000, 0x0000, 0x0000, 0x0000, 0x0000, 0x0000,
    0x0000, 0x0000, 0x0000, 0x0000, 0x0000, 0x0000, 0x0000, 0x0000, 0x0000, 0x0000, 0x0000, 0x0000,
    0x0000, 0x0000, 0x3123, 0xEDCF, 0xFDEF, 0xF632, 0xFE52, 0xFE11, 0xFDF0, 0xFDF0, 0xFDF0, 0xF5CF,
    0xF58E, 0xF58E, 0xF58E, 0xED6E, 0xED4E, 0xED4E, 0xED2E, 0xE52E, 0xE50E, 0xE50E, 0xDD0E, 0xDD0E,
    0xDCEE, 0xDCEE, 0xDCEE, 0xDD0F, 0xDD0F, 0xDD0F, 0xDD10, 0xDD31, 0xDD52, 0xDD72, 0xDD73, 0xE594,
    0xE618, 0xF657, 0xFD0B, 0xFBC4, 0xF3A4, 0xF385, 0xF3A6, 0xF407, 0xF428, 0xEBC7, 0xEBA7, 0xE386,
    0xE366, 0xDB46, 0xDB45, 0xDB25, 0xD305, 0xD305, 0xD305, 0xD2E4, 0xD2E4, 0xD2E4, 0xCAC4, 0xCAC4,
    0xCAC3, 0xCAA3, 0xCAA3, 0xCAA3, 0xCAA3, 0xCAA3, 0xCAA3, 0xCAA3, 0xCAA3, 0xCAA3, 0xCAA3, 0xCAC3,
    0xCAA3, 0xCAA3, 0xCAA3, 0xCAA2, 0xCAA2, 0xCAA2, 0xCAA2, 0xCAA2, 0xCAC2, 0xCAC2, 0xCAC2, 0xCAA2,
    0xCAA2, 0xCAA2, 0xCAA2, 0xCAA2, 0xCAC2, 0xCAC2, 0xCAC2, 0xCAC2, 0xD2C2, 0xD2E2, 0xD2C1, 0xD2C1,
    0xD2E1, 0xD2C1, 0xD2C1, 0xD2E1, 0xD2E1, 0xD2E1, 0xD2E1, 0xD301, 0xD301, 0xD301, 0xDB01, 0xDB01,
    0xDB01, 0xDB21, 0xDB21, 0xDB21, 0xDB21, 0xDB21, 0xDB21, 0xDB41, 0xDB41, 0xE361, 0xE361, 0xE361,
    0xE361, 0xE381, 0xE381, 0xE382, 0xE382, 0xE382, 0xE3A2, 0xE3A2, 0xEBC2, 0xEBC2, 0xEBC2, 0xEBE2,
    0xEBE2, 0xEC02, 0xF402, 0xF422, 0xF443, 0xF443, 0xF463, 0xFC83, 0xFCA4, 0xFCC4, 0xFCE4, 0xFD05,
    0xFD26, 0xFD46, 0xFD87, 0xFDA8, 0xFD47, 0xFC84, 0xFC64, 0xFCA4, 0xFD27, 0xF612, 0xEE38, 0xE5F6,
    0xE5B4, 0xDD93, 0xDD72, 0xDD52, 0xDD51, 0xDD30, 0xDD2F, 0xDD2F, 0xDD2F, 0xDD2E, 0xDD2E, 0xDD2E,
    0xE54E, 0xE54E, 0xE54E, 0xE54E, 0xE56E, 0xED6E, 0xED8E, 0xED8E, 0xF5AE, 0xF5AE, 0xF5CE, 0xF5CE,
    0xF5EF, 0xFDEF, 0xFE10, 0xFE10, 0xFE51, 0xFE72, 0xF5EE, 0xFE4F, 0x6AA7, 0x0000, 0x0000, 0x0000,
    0x0000, 0x0000, 0x0000, 0x0000, 0x0000, 0x0000, 0x0000, 0x0000, 0x0000, 0x0000, 0x0000, 0x0000,
    0x0000, 0x0000, 0x0000, 0x0000, 0x0000, 0x0000, 0x0000, 0x0000, 0x0000, 0x0000, 0x0000, 0x0000,
    0x0000, 0x0000, 0x0000, 0x0000, 0x0000, 0x0000, 0x0000, 0x0000, 0x0000, 0x0000, 0x0000, 0x0000,
    0x0000, 0x0000, 0x0000, 0x0000, 0x0000, 0x0000, 0x0000, 0x0000, 0x0000, 0x0000, 0x0000, 0x0000,
    0x0000, 0x0000, 0x0000, 0x0000, 0x0000, 0x0000, 0x0000, 0x0000, 0x0000, 0x0000, 0x0000, 0x3984,
    0xF5CF, 0xFDCF, 0xF632, 0xFE32, 0xFE11, 0xFDF0, 0xFDF0, 0xFDCF, 0xF5AF, 0xF58F, 0xF58E, 0xF56E,
    0xED6E, 0xED4E, 0xED4E, 0xE52E, 0xE50E, 0xE50E, 0xE50E, 0xE50E, 0xDD0E, 0xDD0E, 0xDD0E, 0xDD0E,
    0xDD0E, 0xDD0F, 0xDD0F, 0xDD10, 0xDD31, 0xDD51, 0xDD52, 0xDD73, 0xDD94, 0xE5D6, 0xEE38, 0xF5B1,
    0xFC46, 0xFBC4, 0xF3A5, 0xF364, 0xF3C6, 0xF428, 0xF408, 0xEBC7, 0xEBA7, 0xE386, 0xE366, 0xDB46,
    0xDB45, 0xDB25, 0xD325, 0xD305, 0xD304, 0xD2E4, 0xD2E4, 0xD2E4, 0xD2C4, 0xCAC3, 0xCAA3, 0xCAA3,
    0xCAA3, 0xCAA3, 0xCAA3, 0xCAA3, 0xCAA3, 0xCAA3, 0xCAA3, 0xCAC3, 0xCAA3, 0xCAA3, 0xCAA3, 0xCAA3,
    0xCAA2, 0xCAA2, 0xCAA2, 0xCAA2, 0xCAC2, 0xD2C2, 0xCAC2, 0xCAC2, 0xCAC2, 0xCAC2, 0xD2C2, 0xD2C2,
    0xD2C2, 0xD2C2, 0xD2C2, 0xD2E2, 0xD2E2, 0xD2E2, 0xD2E2, 0xD2E2, 0xD2E1, 0xD2E1, 0xD2E1, 0xD2E1,
    0xD2E1, 0xD301, 0xDB01, 0xDB01, 0xDB01, 0xDB21, 0xDB21, 0xDB21, 0xDB21, 0xDB21, 0xDB21, 0xDB21,
    0xDB41, 0xDB41, 0xDB41, 0xDB41, 0xE341, 0xE361, 0xE361, 0xE362, 0xE382, 0xE3A2, 0xEBA2, 0xEBA2,
    0xE3A2, 0xEBA2, 0xEBA2, 0xEBC2, 0xEBC2, 0xEBE2, 0xEC02, 0xF402, 0xF422, 0xF423, 0xF443, 0xF443,
    0xF463, 0xFC83, 0xFCA4, 0xFCC4, 0xFCC4, 0xFCE5, 0xFD06, 0xFD26, 0xFD67, 0xFDA8, 0xFD88, 0xFCE5,
    0xFC84, 0xFCA4, 0xFCE5, 0xFDAD, 0xF657, 0xEE17, 0xE5B4, 0xE594, 0xDD93, 0xDD72, 0xDD51, 0xDD31,
    0xDD30, 0xDD2F, 0xDD2F, 0xDD0E, 0xDD2E, 0xDD2E, 0xDD2E, 0xE52E, 0xE54E, 0xE54E, 0xE56E, 0xED6E,
    0xED6E, 0xED8E, 0xED8E, 0xF58E, 0xF5AE, 0xF5CE, 0xF5CF, 0xF5EF, 0xFDEF, 0xFE10, 0xFE10, 0xFE51,
    0xFE72, 0xF5EF, 0xFE2F, 0x72C7, 0x0000, 0x0000, 0x0000, 0x0000, 0x0000, 0x0000, 0x0000, 0x0000,
    0x0000, 0x0000, 0x0000, 0x0000, 0x0000, 0x0000, 0x0000, 0x0000, 0x0000, 0x0000, 0x0000, 0x0000,
    0x0000, 0x0000, 0x0000, 0x0000, 0x0000, 0x0000, 0x0000, 0x0000, 0x0000, 0x0000, 0x0000, 0x0000,
    0x0000, 0x0000, 0x0000, 0x0000, 0x0000, 0x0000, 0x0000, 0x0000, 0x0000, 0x0000, 0x0000, 0x0000,
    0x0000, 0x0000, 0x0000, 0x0000, 0x0000, 0x0000, 0x0000, 0x0000, 0x0000, 0x0000, 0x0000, 0x0000,
    0x0000, 0x0000, 0x0000, 0x0000, 0x0000, 0x0000, 0x0000, 0x0000, 0x41A4, 0xF5EF, 0xFDCF, 0xF631,
    0xFE32, 0xFE11, 0xFDF1, 0xFDF0, 0xFDCF, 0xFDAF, 0xF58F, 0xF58F, 0xF56E, 0xED6E, 0xED4E, 0xED2E,
    0xE52E, 0xE52E, 0xE50E, 0xE50E, 0xDD0E, 0xDD0E, 0xDD0E, 0xDD0E, 0xDCEE, 0xDCEF, 0xDD0F, 0xDD0F,
    0xDD10, 0xDD30, 0xDD31, 0xDD52, 0xDD73, 0xDD93, 0xDD94, 0xE618, 0xF637, 0xFD2D, 0xFC05, 0xF3A4,
    0xF384, 0xF385, 0xF407, 0xF448, 0xF408, 0xEBC7, 0xEBA7, 0xE386, 0xE366, 0xE366, 0xDB45, 0xDB25,
    0xDB25, 0xD305, 0xD304, 0xD2E4, 0xD2E4, 0xD2E4, 0xD2C4, 0xD2C3, 0xCAC3, 0xD2C3, 0xCAC3, 0xCAC3,
    0xCAC3, 0xCAC3, 0xCAC3, 0xCAC3, 0xCAC3, 0xD2C3, 0xD2C3, 0xD2C3, 0xD2C3, 0xCAC2, 0xCAA2, 0xCAC2,
    0xD2C2, 0xD2C2, 0xD2C2, 0xD2C2, 0xD2E2, 0xD2E2, 0xD302, 0xD2E2, 0xD2E2, 0xD2E2, 0xD2E2, 0xD2E2,
    0xD302, 0xD302, 0xD2E2, 0xD2E2, 0xD2E2, 0xD302, 0xDB22, 0xDB22, 0xDB01, 0xDB01, 0xDB01, 0xDB21,
    0xDB21, 0xDB21, 0xDB21, 0xDB21, 0xDB21, 0xDB42, 0xDB41, 0xDB41, 0xE341, 0xE341, 0xE361, 0xE362,
    0xE362, 0xE382, 0xE382, 0xE3A2, 0xEBA2, 0xEBA2, 0xEBC2, 0xEBC2, 0xEBC2, 0xEBC2, 0xEBC2, 0xEBE2,
    0xEC02, 0xF402, 0xF422, 0xF423, 0xF443, 0xF443, 0xF463, 0xFC83, 0xFC83, 0xFCA4, 0xFCC4, 0xFCE5,
    0xFD05, 0xFD26, 0xFD47, 0xFDA8, 0xFDA8, 0xFCE6, 0xFC84, 0xFCC5, 0xFCE4, 0xFD69, 0xF634, 0xEE39,
    0xE5F6, 0xE5B4, 0xDD93, 0xDD72, 0xDD52, 0xDD51, 0xDD30, 0xDD30, 0xDD2F, 0xDD2F, 0xDD2E, 0xDD2E,
    0xDD2E, 0xDD2E, 0xE54E, 0xE54E, 0xE54E, 0xE54E, 0xE56E, 0xED6E, 0xED6E, 0xED8E, 0xF5AE, 0xF5AE,
    0xF5CE, 0xF5EF, 0xF5EF, 0xFDEF, 0xFE10, 0xFE30, 0xFE51, 0xFE72, 0xF5EE, 0xFE2F, 0x7AE7, 0x0000,
    0x0000, 0x0000, 0x0000, 0x0000, 0x0000, 0x0000, 0x0000, 0x0000, 0x0000, 0x0000, 0x0000, 0x0000,
    0x0000, 0x0000, 0x0000, 0x0000, 0x0000, 0x0000, 0x0000, 0x0000, 0x0000, 0x0000, 0x0000, 0x0000,
    0x0000, 0x0000, 0x0000, 0x0000, 0x0000, 0x0000, 0x0000, 0x0000, 0x0000, 0x0000, 0x0000, 0x0000,
    0x0000, 0x0000, 0x0000, 0x0000, 0x0000, 0x0000, 0x0000, 0x0000, 0x0000, 0x0000, 0x0000, 0x0000,
    0x0000, 0x0000, 0x0000, 0x0000, 0x0000, 0x0000, 0x0000, 0x0000, 0x0000, 0x0000, 0x0000, 0x0000,
    0x0000, 0x0000, 0x0000, 0x0000, 0x0000, 0x49E5, 0xFDEF, 0xFDEF, 0xF652, 0xFE52, 0xFE11, 0xFDF0,
    0xFDF0, 0xFDCF, 0xFDAF, 0xF58F, 0xF58F, 0xF56E, 0xF56E, 0xED4E, 0xED4E, 0xED2E, 0xE52E, 0xE52E,
    0xE52D, 0xE50D, 0xDD0D, 0xDD0E, 0xDD0E, 0xDD0E, 0xDD0E, 0xDD0F, 0xDD0F, 0xDD10, 0xDD30, 0xDD31,
    0xDD52, 0xDD52, 0xDD73, 0xDD94, 0xE5D6, 0xEE38, 0xF5D3, 0xFCA9, 0xFBC4, 0xF3A4, 0xF384, 0xF3C5,
    0xF427, 0xF448, 0xF407, 0xEBC7, 0xEBA7, 0xE3A6, 0xE386, 0xE366, 0xDB45, 0xDB25, 0xDB25, 0xD304,
    0xD304, 0xD304, 0xD304, 0xD2E4, 0xD2E4, 0xD2E4, 0xD2E4, 0xD2C3, 0xD2C3, 0xD2C3, 0xD2C3, 0xD2C3,
    0xD2E3, 0xD2E3, 0xD2E3, 0xD2E3, 0xD2C3, 0xD2C3, 0xD2C2, 0xD2C2, 0xD2E3, 0xD2E3, 0xD2E2, 0xD2E2,
    0xD2E2, 0xD302, 0xD302, 0xD2E2, 0xD2E2, 0xDB02, 0xD302, 0xD302, 0xDB02, 0xDB02, 0xDB02, 0xDB02,
    0xDB02, 0xDB22, 0xDB22, 0xDB22, 0xDB22, 0xDB22, 0xDB22, 0xDB22, 0xDB22, 0xDB42, 0xDB42, 0xDB42,
    0xDB42, 0xDB42, 0xDB42, 0xE362, 0xE362, 0xE362, 0xE362, 0xE382, 0xE382, 0xE3A2, 0xEBA2, 0xEBA2,
    0xEBC2, 0xEBC2, 0xEBC2, 0xEBE2, 0xEBE2, 0xEBE2, 0xEBE2, 0xF402, 0xF422, 0xF423, 0xF443, 0xF463,
    0xF463, 0xFC83, 0xFC84, 0xFCA4, 0xFCC4, 0xFCE5, 0xFD05, 0xFD26, 0xFD47, 0xFD88, 0xFD88, 0xFD26,
    0xFC84, 0xFC84, 0xFCC4, 0xFD27, 0xF5F0, 0xEE58, 0xE5F7, 0xE5B5, 0xDDB4, 0xDD93, 0xDD52, 0xDD51,
    0xDD31, 0xDD30, 0xDD30, 0xDD2F, 0xDD2F, 0xDD2E, 0xDD2E, 0xDD2E, 0xDD2E, 0xE52E, 0xE54E, 0xE54E,
    0xE54D, 0xE54D, 0xED6E, 0xED6E, 0xED8E, 0xF5AE, 0xF5AE, 0xF5CE, 0xF5EF, 0xFDEF, 0xFDF0, 0xFE10,
    0xFE31, 0xFE51, 0xFE72, 0xF5CE, 0xFE4F, 0x8348, 0x0000, 0x0000, 0x0000, 0x0000, 0x0000, 0x0000,
    0x0000, 0x0000, 0x0000, 0x0000, 0x0000, 0x0000, 0x0000, 0x0000, 0x0000, 0x0000, 0x0000, 0x0000,
    0x0000, 0x0000, 0x0000, 0x0000, 0x0000, 0x0000, 0x0000, 0x0000, 0x0000, 0x0000, 0x0000, 0x0000,
    0x0000, 0x0000, 0x0000, 0x0000, 0x0000, 0x0000, 0x0000, 0x0000, 0x0000, 0x0000, 0x0000, 0x0000,
    0x0000, 0x0000, 0x0000, 0x0000, 0x0000, 0x0000, 0x0000, 0x0000, 0x0000, 0x0000, 0x0000, 0x0000,
    0x0000, 0x0000, 0x0000, 0x0000, 0x0000, 0x0000, 0x0000, 0x0000, 0x0000, 0x0000, 0x0000, 0x0000,
    0x0000, 0x0000, 0x49E5, 0xFDEF, 0xFDEF, 0xF652, 0xFE52, 0xFE11, 0xFDF0, 0xFDF0, 0xFDCF, 0xFDAF,
    0xF5AF, 0xF58F, 0xF56E, 0xED6E, 0xED6E, 0xED4E, 0xED2E, 0xE52D, 0xE52D, 0xE52D, 0xDD0D, 0xDD0D,
    0xDD0E, 0xDD0E, 0xDD0E, 0xDD0E, 0xDD0E, 0xDD0F, 0xDD0F, 0xDD30, 0xDD31, 0xDD51, 0xDD52, 0xDD73,
    0xDD94, 0xDD94, 0xE5D6, 0xEE37, 0xF590, 0xFC87, 0xFBE4, 0xF3C5, 0xF3A5, 0xF3A5, 0xF427, 0xF448,
    0xF407, 0xEBE7, 0xEBC7, 0xE3A6, 0xE386, 0xE365, 0xDB45, 0xDB25, 0xDB25, 0xDB25, 0xDB25, 0xDB24,
    0xDB04, 0xDB04, 0xD304, 0xD2E4, 0xD2E4, 0xD2E4, 0xD2E4, 0xD2E3, 0xD2E3, 0xD2E4, 0xD2E3, 0xD2E3,
    0xD2E3, 0xD2E3, 0xD2C3, 0xD2E3, 0xD2E3, 0xD2E3, 0xD2E3, 0xD2E2, 0xD2E2, 0xD2E2, 0xD302, 0xD302,
    0xDB02, 0xDB02, 0xDB02, 0xDB02, 0xDB02, 0xDB02, 0xDB02, 0xDB22, 0xDB22, 0xDB22, 0xDB22, 0xDB42,
    0xDB42, 0xDB42, 0xDB42, 0xDB42, 0xE342, 0xE342, 0xE342, 0xE342, 0xE362, 0xE362, 0xE362, 0xE362,
    0xE362, 0xE382, 0xE382, 0xE3A2, 0xEBA2, 0xEBA2, 0xEBC2, 0xEBC2, 0xEBC2, 0xEBE2, 0xEBE2, 0xF402,
    0xF403, 0xF403, 0xF423, 0xF423, 0xF443, 0xF443, 0xF463, 0xFC84, 0xFCA4, 0xFCA4, 0xFCC5, 0xFCE5,
    0xFD05, 0xFD26, 0xFD47, 0xFD88, 0xFD88, 0xFD26, 0xFC84, 0xFC64, 0xFCA4, 0xFD05, 0xFDCD, 0xF636,
    0xEE38, 0xE5D5, 0xDDB4, 0xDD93, 0xDD73, 0xDD52, 0xDD31, 0xDD30, 0xDD30, 0xDD30, 0xDD2F, 0xDD2F,
    0xDD2E, 0xDD2E, 0xDD2E, 0xDD2E, 0xE52E, 0xE54E, 0xE54E, 0xE54D, 0xE54D, 0xED6E, 0xED6E, 0xED8E,
    0xF5AE, 0xF5AE, 0xF5CE, 0xF5EF, 0xFDEF, 0xFDF0, 0xFE10, 0xFE31, 0xFE52, 0xFE72, 0xF5CE, 0xFE2F,
    0x8348, 0x0000, 0x0000, 0x0000, 0x0000, 0x0000, 0x0000, 0x0000, 0x0000, 0x0000, 0x0000, 0x0000,
    0x0000, 0x0000, 0x0000, 0x0000, 0x0000, 0x0000, 0x0000, 0x0000, 0x0000, 0x0000, 0x0000, 0x0000,
    0x0000, 0x0000, 0x0000, 0x0000, 0x0000, 0x0000, 0x0000, 0x0000, 0x0000, 0x0000, 0x0000, 0x0000,
    0x0000, 0x0000, 0x0000, 0x0000, 0x0000, 0x0000, 0x0000, 0x0000, 0x0000, 0x0000, 0x0000, 0x0000,
    0x0000, 0x0000, 0x0000, 0x0000, 0x0000, 0x0000, 0x0000, 0x0000, 0x0000, 0x0000, 0x0000, 0x0000,
    0x0000, 0x0000, 0x0000, 0x0000, 0x0000, 0x0000, 0x0000, 0x0000, 0x0000, 0x0000, 0x0000, 0x49C4,
    0xF5CF, 0xFDCF, 0xF631, 0xFE53, 0xFE11, 0xFE11, 0xFDF0, 0xFDCF, 0xFDAF, 0xF5AF, 0xF58E, 0xF58E,
    0xED6E, 0xED6E, 0xED4E, 0xED4D, 0xE52D, 0xE52D, 0xE50D, 0xE50D, 0xDD0E, 0xDD0E, 0xDD0E, 0xDCEE,
    0xDD0E, 0xDD0E, 0xDD0F, 0xDD0F, 0xDD10, 0xDD30, 0xDD31, 0xDD51, 0xDD52, 0xDD73, 0xDD93, 0xE5B5,
    0xE618, 0xEE37, 0xFD8F, 0xFC87, 0xFC05, 0xF3C5, 0xF384, 0xF3C5, 0xF448, 0xF448, 0xF428, 0xEBE7,
    0xEBA7, 0xEB86, 0xE386, 0xE366, 0xE345, 0xE345, 0xE345, 0xDB45, 0xDB25, 0xDB25, 0xDB24, 0xDB04,
    0xDB04, 0xDB04, 0xD304, 0xD2E4, 0xD304, 0xD304, 0xDB03, 0xD303, 0xD303, 0xDB03, 0xDB03, 0xDAE3,
    0xDB03, 0xDB03, 0xDB03, 0xD2E3, 0xD2E2, 0xDB02, 0xDAE2, 0xDB02, 0xDB02, 0xDB02, 0xDB22, 0xDB22,
    0xDB22, 0xDB22, 0xDB22, 0xDB22, 0xDB22, 0xDB42, 0xDB42, 0xE342, 0xE342, 0xE362, 0xE362, 0xE342,
    0xE342, 0xE362, 0xE362, 0xE362, 0xE362, 0xE382, 0xE382, 0xE382, 0xE382, 0xE3A2, 0xE3A2, 0xEBA2,
    0xEBC2, 0xEBC2, 0xEBC2, 0xEBE2, 0xEBE2, 0xF402, 0xF403, 0xF423, 0xF423, 0xF443, 0xF443, 0xF463,
    0xFC63, 0xFC84, 0xFCA4, 0xFCA4, 0xFCC5, 0xFCE5, 0xFD06, 0xFD26, 0xFD47, 0xFD88, 0xFD88, 0xFD26,
    0xFCA5, 0xFC84, 0xFCA4, 0xFCE5, 0xFD8B, 0xF634, 0xEE38, 0xE5F6, 0xE5B4, 0xDDB4, 0xDD73, 0xDD52,
    0xDD51, 0xDD31, 0xDD10, 0xDD0F, 0xDD2F, 0xDD2F, 0xDD2F, 0xDD2E, 0xDD2E, 0xDD2E, 0xE52E, 0xE52E,
    0xE54E, 0xE54E, 0xE54D, 0xE54D, 0xED6D, 0xED6E, 0xED8E, 0xED8E, 0xF5AE, 0xF5CE, 0xF5EF, 0xFDEF,
    0xFDF0, 0xFE10, 0xFE31, 0xFE72, 0xFE72, 0xF5CE, 0xFE0E, 0x72C7, 0x0000, 0x0000, 0x0000, 0x0000,
    0x0000, 0x0000, 0x0000, 0x0000, 0x0000, 0x0000, 0x0000, 0x0000, 0x0000, 0x0000, 0x0000, 0x0000,
    0x0000, 0x0000, 0x0000, 0x0000, 0x0000, 0x0000, 0x0000, 0x0000, 0x0000, 0x0000, 0x0000, 0x0000,
    0x0000, 0x0000, 0x0000, 0x0000, 0x0000, 0x0000, 0x0000, 0x0000, 0x0000, 0x0000, 0x0000, 0x0000,
    0x0000, 0x0000, 0x0000, 0x0000, 0x0000, 0x0000, 0x0000, 0x0000, 0x0000, 0x0000, 0x0000, 0x0000,
    0x0000, 0x0000, 0x0000, 0x0000, 0x0000, 0x0000, 0x0000, 0x0000, 0x0000, 0x0000, 0x0000, 0x0000,
    0x0000, 0x0000, 0x0000, 0x0000, 0x0000, 0x0000, 0x0000, 0x0000, 0x4184, 0xEDAE, 0xFDCF, 0xF611,
    0xFE52, 0xFE31, 0xFE11, 0xFDF0, 0xFDEF, 0xF5CF, 0xF5AE, 0xF5AE, 0xF58E, 0xED6E, 0xED6E, 0xED4D,
    0xED4D, 0xE52D, 0xE50E, 0xE50E, 0xE50E, 0xE50E, 0xDD0E, 0xDD0E, 0xDD0E, 0xDD0E, 0xDD0E, 0xDD0F,
    0xDD0F, 0xDD0F, 0xDD10, 0xDD30, 0xDD31, 0xDD52, 0xDD52, 0xDD73, 0xDD94, 0xE5D5, 0xEE38, 0xF636,
    0xFD6D, 0xFC66, 0xFBE4, 0xF3A5, 0xF3A5, 0xF3C6, 0xF448, 0xF448, 0xF428, 0xEBC7, 0xEBA6, 0xEBA6,
    0xE386, 0xE386, 0xE365, 0xE365, 0xE365, 0xE345, 0xDB45, 0xDB45, 0xDB25, 0xDB24, 0xDB24, 0xDB04,
    0xDB04, 0xDB04, 0xDB04, 0xDB04, 0xDB24, 0xDB23, 0xDB23, 0xDB03, 0xDB03, 0xDB03, 0xDB03, 0xDB03,
    0xDB03, 0xDB03, 0xDB02, 0xDB02, 0xDB22, 0xDB23, 0xDB23, 0xDB22, 0xDB22, 0xDB42, 0xDB42, 0xE342,
    0xE342, 0xE342, 0xE363, 0xE363, 0xE362, 0xE362, 0xE382, 0xE362, 0xE362, 0xE382, 0xE382, 0xE382,
    0xE382, 0xEBA2, 0xEBA2, 0xEBA2, 0xEBA2, 0xEBA2, 0xEBC2, 0xEBC2, 0xEBC2, 0xEBE2, 0xF403, 0xF403,
    0xF423, 0xF423, 0xF443, 0xF443, 0xF463, 0xFC84, 0xFC84, 0xFC84, 0xFCA4, 0xFCA4, 0xFCC5, 0xFCE5,
    0xFD06, 0xFD27, 0xFD67, 0xFD88, 0xFD68, 0xFCE6, 0xFC64, 0xFC64, 0xFCA4, 0xFCE5, 0xFD8B, 0xF634,
    0xEE58, 0xE5F7, 0xE5B4, 0xE5B4, 0xDD93, 0xDD72, 0xDD52, 0xDD51, 0xDD30, 0xDD30, 0xDD0F, 0xDD0F,
    0xDD2F, 0xDD2E, 0xDD2E, 0xDD2E, 0xDD2E, 0xE52E, 0xE54E, 0xE54E, 0xE54D, 0xE54D, 0xE54D, 0xED6D,
    0xED6D, 0xED8E, 0xED8E, 0xF5AE, 0xF5CE, 0xF5EF, 0xF5EF, 0xFE10, 0xFE10, 0xFE31, 0xFE72, 0xF672,
    0xFDCE, 0xFE2F, 0x6A86, 0x0000, 0x0000, 0x0000, 0x0000, 0x0000, 0x0000, 0x0000, 0x0000, 0x0000,
    0x0000, 0x0000, 0x0000, 0x0000, 0x0000, 0x0000, 0x0000, 0x0000, 0x0000, 0x0000, 0x0000, 0x0000,
    0x0000, 0x0000, 0x0000, 0x0000, 0x0000, 0x0000, 0x0000, 0x0000, 0x0000, 0x0000, 0x0000, 0x0000,
    0x0000, 0x0000, 0x0000, 0x0000, 0x0000, 0x0000, 0x0000, 0x0000, 0x0000, 0x0000, 0x0000, 0x0000,
    0x0000, 0x0000, 0x0000, 0x0000, 0x0000, 0x0000, 0x0000, 0x0000, 0x0000, 0x0000, 0x0000, 0x0000,
    0x0000, 0x0000, 0x0000, 0x0000, 0x0000, 0x0000, 0x0000, 0x0000, 0x0000, 0x0000, 0x0000, 0x0000,
    0x0000, 0x0000, 0x0000, 0x0000, 0x0000, 0x3943, 0xED8E, 0xFDEE, 0xF611, 0xFE52, 0xFE31, 0xFE10,
    0xFDF0, 0xFDEF, 0xF5CF, 0xF5AF, 0xF58E, 0xF58E, 0xED6E, 0xED6D, 0xED4D, 0xED4D, 0xED2E, 0xE52E,
    0xE50E, 0xE50E, 0xDD0D, 0xDD0D, 0xDD0E, 0xDD0E, 0xDD0E, 0xDD0E, 0xDD0E, 0xDD0F, 0xDD0F, 0xDD10,
    0xDD30, 0xDD30, 0xDD31, 0xDD52, 0xDD73, 0xDD93, 0xDD94, 0xE5D6, 0xE618, 0xF615, 0xFD4D, 0xFC67,
    0xFBC4, 0xF3A4, 0xF384, 0xF3A5, 0xF407, 0xF448, 0xF428, 0xF407, 0xEBE7, 0xEBA6, 0xEBA6, 0xEB86,
    0xE386, 0xE386, 0xE365, 0xE365, 0xE345, 0xE345, 0xDB45, 0xDB44, 0xDB24, 0xDB24, 0xDB24, 0xDB24,
    0xDB44, 0xDB44, 0xDB24, 0xDB24, 0xDB23, 0xDB23, 0xDB23, 0xDB23, 0xDB23, 0xDB23, 0xDB23, 0xDB23,
    0xDB23, 0xE323, 0xE343, 0xE343, 0xE343, 0xE343, 0xE343, 0xE363, 0xE363, 0xE363, 0xE363, 0xE383,
    0xE383, 0xE383, 0xEBA3, 0xEB83, 0xEB83, 0xEBA2, 0xEBA2, 0xEBA2, 0xEBA2, 0xEBC3, 0xEBC3, 0xEBC3,
    0xEBE3, 0xEBE3, 0xEBE3, 0xEBE3, 0xF3E3, 0xF403, 0xF423, 0xF423, 0xF443, 0xF463, 0xF463, 0xFC84,
    0xFCA4, 0xFCA4, 0xFCC4, 0xFCC5, 0xFCE5, 0xFCE6, 0xFD06, 0xFD27, 0xFD68, 0xFD88, 0xFD68, 0xFCE6,
    0xFC84, 0xFC84, 0xFCA4, 0xFCE5, 0xFD8B, 0xF613, 0xEE38, 0xE5F7, 0xE5D5, 0xE5B4, 0xDD93, 0xDD73,
    0xDD72, 0xDD51, 0xDD31, 0xDD30, 0xDD30, 0xDD0F, 0xDD0F, 0xDD0F, 0xDD2E, 0xDD0E, 0xDD2E, 0xDD2E,
    0xDD2E, 0xE52E, 0xE54E, 0xE54E, 0xE54E, 0xED4D, 0xED6E, 0xED6E, 0xED8E, 0xED8E, 0xF5AE, 0xF5AE,
    0xF5CE, 0xF5EF, 0xFE10, 0xFE10, 0xFE31, 0xFE72, 0xF652, 0xFDEE, 0xFE0F, 0x6A86, 0x0000, 0x0000,
    0x0000, 0x0000, 0x0000, 0x0000, 0x0000, 0x0000, 0x0000, 0x0000, 0x0000, 0x0000, 0x0000, 0x0000,
    0x0000, 0x0000, 0x0000, 0x0000, 0x0000, 0x0000, 0x0000, 0x0000, 0x0000, 0x0000, 0x0000, 0x0000,
    0x0000, 0x0000, 0x0000, 0x0000, 0x0000, 0x0000, 0x0000, 0x0000, 0x0000, 0x0000, 0x0000, 0x0000,
    0x0000, 0x0000, 0x0000, 0x0000, 0x0000, 0x0000, 0x0000, 0x0000, 0x0000, 0x0000, 0x0000, 0x0000,
    0x0000, 0x0000, 0x0000, 0x0000, 0x0000, 0x0000, 0x0000, 0x0000, 0x0000, 0x0000, 0x0000, 0x0000,
    0x0000, 0x0000, 0x0000, 0x0000, 0x0000, 0x0000, 0x0000, 0x0000, 0x0000, 0x0000, 0x0000, 0x0000,
    0x0000, 0x0000, 0x3123, 0xE54D, 0xFDEF, 0xF5F0, 0xFE72, 0xFE31, 0xFDF0, 0xFDF0, 0xFDEF, 0xFDCF,
    0xF5AF, 0xF5AE, 0xF58E, 0xED6E, 0xED6D, 0xED4D, 0xED4E, 0xED2E, 0xE52E, 0xE52D, 0xE50D, 0xDD0D,
    0xDD0D, 0xDD0E, 0xDD0E, 0xDD0E, 0xDD0E, 0xDD0E, 0xDD0E, 0xDD0F, 0xDD0F, 0xDD0F, 0xDD10, 0xDD30,
    0xDD31, 0xDD52, 0xDD52, 0xDD73, 0xDD94, 0xE5D6, 0xE638, 0xF636, 0xFD6E, 0xFC66, 0xFBC4, 0xF3A4,
    0xF3A4, 0xF3C5, 0xF406, 0xFC47, 0xFC68, 0xF427, 0xF3E7, 0xEBC7, 0xEBA6, 0xEBA6, 0xEBA6, 0xE386,
    0xE386, 0xE385, 0xE365, 0xE365, 0xE365, 0xE345, 0xE344, 0xE364, 0xE364, 0xE364, 0xE344, 0xE344,
    0xE344, 0xE344, 0xE344, 0xE344, 0xE343, 0xE343, 0xE343, 0xE343, 0xE343, 0xE343, 0xE343, 0xE363,
    0xE363, 0xE363, 0xE363, 0xE363, 0xE383, 0xE383, 0xE383, 0xEB83, 0xEBA3, 0xEBA3, 0xEBA3, 0xEBA3,
    0xEBA3, 0xEBA3, 0xEBC3, 0xEBC3, 0xEBE3, 0xEBE3, 0xF403, 0xF403, 0xF403, 0xF403, 0xF403, 0xF403,
    0xF423, 0xF423, 0xF443, 0xF464, 0xFC64, 0xFC84, 0xFCA4, 0xFCA5, 0xFCC5, 0xFCE5, 0xFCE6, 0xFD06,
    0xFD26, 0xFD47, 0xFD68, 0xFD68, 0xFD27, 0xFCC5, 0xFC85, 0xFC84, 0xFCC4, 0xFD06, 0xFDAC, 0xF634,
    0xEE38, 0xE5F7, 0xE5B5, 0xDDB4, 0xDD93, 0xDD73, 0xDD72, 0xDD51, 0xDD51, 0xDD30, 0xDD30, 0xDD2F,
    0xDD0F, 0xDD0F, 0xDD0F, 0xDD0E, 0xDD0E, 0xDD0E, 0xDD2E, 0xDD2E, 0xE52D, 0xE52D, 0xE54D, 0xE54E,
    0xED6E, 0xED6E, 0xED6E, 0xED8E, 0xF5AE, 0xF5AE, 0xF5CE, 0xF5CE, 0xF5EF, 0xFDF0, 0xFE10, 0xFE31,
    0xFE72, 0xF631, 0xFDEE, 0xF5CE, 0x5205, 0x0000, 0x0000, 0x0000, 0x0000, 0x0000, 0x0000, 0x0000,
    0x0000, 0x0000, 0x0000, 0x0000, 0x0000, 0x0000, 0x0000, 0x0000, 0x0000, 0x0000, 0x0000, 0x0000,
    0x0000, 0x0000, 0x0000, 0x0000, 0x0000, 0x0000, 0x0000, 0x0000, 0x0000, 0x0000, 0x0000, 0x0000,
    0x0000, 0x0000, 0x0000, 0x0000, 0x0000, 0x0000, 0x0000, 0x0000, 0x0000, 0x0000, 0x0000, 0x0000,
    0x0000, 0x0000, 0x0000, 0x0000, 0x0000, 0x0000, 0x0000, 0x0000, 0x0000, 0x0000, 0x0000, 0x0000,
    0x0000, 0x0000, 0x0000, 0x0000, 0x0000, 0x0000, 0x0000, 0x0000, 0x0000, 0x0000, 0x0000, 0x0000,
    0x0000, 0x0000, 0x0000, 0x0000, 0x0000, 0x0000, 0x0000, 0x0000, 0x0000, 0x0000, 0x0000, 0x20C2,
    0xCCCC, 0xFE0F, 0xF5F0, 0xFE52, 0xFE31, 0xFE10, 0xFDF0, 0xFDEF, 0xFDCF, 0xF5AF, 0xF5AE, 0xF58E,
    0xF56E, 0xED6D, 0xED4E, 0xED4E, 0xED4D, 0xE52D, 0xE52D, 0xE50D, 0xE50D, 0xE50D, 0xDD0E, 0xDD0E,
    0xDD0E, 0xDD0E, 0xDD0E, 0xDCEE, 0xDD0E, 0xDD0F, 0xDD0F, 0xD50F, 0xDD10, 0xDD31, 0xDD31, 0xDD52,
    0xDD73, 0xDD93, 0xE5B4, 0xE5D6, 0xE618, 0xF616, 0xF5B0, 0xFCC9, 0xFC24, 0xF3C4, 0xF3C5, 0xF3C5,
    0xF3E6, 0xF427, 0xFC68, 0xF448, 0xF427, 0xF3E7, 0xEBC6, 0xEBC6, 0xEBC6, 0xEBA6, 0xEBA6, 0xEBA6,
    0xEB85, 0xEB85, 0xE385, 0xE385, 0xE385, 0xE385, 0xE364, 0xE364, 0xE364, 0xE364, 0xE364, 0xE364,
    0xE364, 0xE364, 0xE363, 0xE363, 0xE363, 0xE363, 0xE363, 0xE383, 0xE383, 0xEB83, 0xEBA3, 0xEBA3,
    0xEBA3, 0xEBA3, 0xEBA3, 0xEBA3, 0xEBA3, 0xEBC3, 0xEBC3, 0xEBC3, 0xEBC3, 0xEBC3, 0xEBE3, 0xF3E3,
    0xF403, 0xF403, 0xF423, 0xF423, 0xF423, 0xF423, 0xF443, 0xF443, 0xF443, 0xFC64, 0xFC84, 0xFC84,
    0xFCA5, 0xFCC5, 0xFCC5, 0xFCE5, 0xFD06, 0xFD27, 0xFD47, 0xFD88, 0xFD88, 0xFD47, 0xFCE6, 0xFC85,
    0xFC64, 0xFC84, 0xFCC4, 0xFD27, 0xFDEE, 0xF635, 0xEE38, 0xE617, 0xE5B5, 0xDDB4, 0xDD93, 0xDD73,
    0xDD72, 0xDD51, 0xDD51, 0xDD30, 0xDD30, 0xDD2F, 0xDD2F, 0xDD0F, 0xDD0F, 0xDD0F, 0xDD0E, 0xDD0E,
    0xE50E, 0xE50E, 0xE50E, 0xE52E, 0xE54D, 0xE54E, 0xE54D, 0xED6D, 0xED6E, 0xED8E, 0xED8E, 0xF5AE,
    0xF5AE, 0xF5CE, 0xF5EF, 0xF5EF, 0xFDF0, 0xFE10, 0xFE31, 0xFE72, 0xF610, 0xFDEE, 0xE56D, 0x3963,
    0x0000, 0x0000, 0x0000, 0x0000, 0x0000, 0x0000, 0x0000, 0x0000, 0x0000, 0x0000, 0x0000, 0x0000,
    0x0000, 0x0000, 0x0000, 0x0000, 0x0000, 0x0000, 0x0000, 0x0000, 0x0000, 0x0000, 0x0000, 0x0000,
    0x0000, 0x0000, 0x0000, 0x0000, 0x0000, 0x0000, 0x0000, 0x0000, 0x0000, 0x0000, 0x0000, 0x0000,
    0x0000, 0x0000, 0x0000, 0x0000, 0x0000, 0x0000, 0x0000, 0x0000, 0x0000, 0x0000, 0x0000, 0x0000,
    0x0000, 0x0000, 0x0000, 0x0000, 0x0000, 0x0000, 0x0000, 0x0000, 0x0000, 0x0000, 0x0000, 0x0000,
    0x0000, 0x0000, 0x0000, 0x0000, 0x0000, 0x0000, 0x0000, 0x0000, 0x0000, 0x0000, 0x0000, 0x0000,
    0x0000, 0x0000, 0x0000, 0x0000, 0x0000, 0x0000, 0x0000, 0x0000, 0x0840, 0xB44B, 0xFE0F, 0xF5CF,
    0xFE52, 0xFE31, 0xFE11, 0xFDF0, 0xFDF0, 0xFDCF, 0xF5CF, 0xF5AE, 0xF58E, 0xF56E, 0xF56E, 0xED6D,
    0xED4D, 0xED4D, 0xE52D, 0xE52D, 0xE52D, 0xE50D, 0xE50D, 0xE50E, 0xDD0E, 0xDD0E, 0xDCEE, 0xDCEE,
    0xDCEE, 0xDCEE, 0xDCEE, 0xDD0F, 0xDD0F, 0xDD10, 0xDD30, 0xDD31, 0xDD52, 0xDD52, 0xDD73, 0xDD93,
    0xDD94, 0xE5D5, 0xE618, 0xEE37, 0xF5D2, 0xFD0A, 0xFC46, 0xFBE4, 0xF3A5, 0xF3A5, 0xF3C5, 0xF3E6,
    0xF427, 0xFC48, 0xF448, 0xF427, 0xF407, 0xF407, 0xF3E7, 0xF3E6, 0xEBC6, 0xEBC6, 0xEBC6, 0xEBA6,
    0xEBA5, 0xEBA5, 0xEB85, 0xEB85, 0xEB85, 0xEB84, 0xEB84, 0xEB84, 0xEB84, 0xEB84, 0xEB84, 0xEB84,
    0xEB84, 0xEB84, 0xEB84, 0xEBA4, 0xEBC4, 0xEBC3, 0xEBC4, 0xEBC3, 0xEBA3, 0xEBC3, 0xEBC3, 0xEBC3,
    0xEBC3, 0xEBC3, 0xEBE3, 0xEBE3, 0xF403, 0xF403, 0xF423, 0xF424, 0xF424, 0xF424, 0xF444, 0xF444,
    0xF444, 0xFC64, 0xFC64, 0xFC84, 0xFC84, 0xFCA5, 0xFCA5, 0xFCC5, 0xFCE6, 0xFCE6, 0xFD26, 0xFD47,
    0xFD68, 0xFD68, 0xFD47, 0xFCE6, 0xFCA5, 0xFC64, 0xFC84, 0xFCA4, 0xFCE6, 0xFD6A, 0xF5F1, 0xEE57,
    0xE638, 0xE5F6, 0xE5D5, 0xE5B4, 0xDD93, 0xDD73, 0xDD52, 0xDD51, 0xDD51, 0xDD30, 0xDD30, 0xDD30,
    0xDD2F, 0xDD2F, 0xDD0F, 0xDD0E, 0xDD0F, 0xDD0E, 0xDD0E, 0xE50E, 0xE52E, 0xE52E, 0xE52E, 0xE54D,
    0xE54E, 0xED4E, 0xED6D, 0xED6D, 0xED8E, 0xED8E, 0xF5AE, 0xF5AE, 0xF5CE, 0xF5EF, 0xF5EF, 0xFDF0,
    0xFE10, 0xFE31, 0xFE72, 0xF5EF, 0xFE0E, 0xD50C, 0x20C2, 0x0000, 0x0000, 0x0000, 0x0000, 0x0000,
    0x0000, 0x0000, 0x0000, 0x0000, 0x0000, 0x0000, 0x0000, 0x0000, 0x0000, 0x0000, 0x0000, 0x0000,
    0x0000, 0x0000, 0x0000, 0x0000, 0x0000, 0x0000, 0x0000, 0x0000, 0x0000, 0x0000, 0x0000, 0x0000,
    0x0000, 0x0000, 0x0000, 0x0000, 0x0000, 0x0000, 0x0000, 0x0000, 0x0000, 0x0000, 0x0000, 0x0000,
    0x0000, 0x0000, 0x0000, 0x0000, 0x0000, 0x0000, 0x0000, 0x0000, 0x0000, 0x0000, 0x0000, 0x0000,
    0x0000, 0x0000, 0x0000, 0x0000, 0x0000, 0x0000, 0x0000, 0x0000, 0x0000, 0x0000, 0x0000, 0x0000,
    0x0000, 0x0000, 0x0000, 0x0000, 0x0000, 0x0000, 0x0000, 0x0000, 0x0000, 0x0000, 0x0000, 0x0000,
    0x0000, 0x0000, 0x0000, 0x0000, 0x0000, 0x0000, 0x9BC9, 0xFE2F, 0xFDCF, 0xFE32, 0xFE52, 0xFE10,
    0xFDF0, 0xFDF0, 0xFDCF, 0xF5CF, 0xF5AE, 0xF58E, 0xF58E, 0xF56E, 0xED6D, 0xED4D, 0xED2D, 0xED2D,
    0xE52D, 0xE52D, 0xE52D, 0xE50D, 0xE50D, 0xDD0D, 0xDCED, 0xDCED, 0xDCEE, 0xDCEE, 0xDCEE, 0xD4EE,
    0xDD0F, 0xDD0F, 0xDD0F, 0xDD10, 0xDD31, 0xDD31, 0xDD51, 0xDD52, 0xDD52, 0xDD73, 0xDD94, 0xDDB5,
    0xE5F7, 0xEE37, 0xF615, 0xFD4E, 0xFC88, 0xFC05, 0xFBC4, 0xF3C4, 0xF3C5, 0xF3C5, 0xF406, 0xF427,
    0xFC68, 0xFC88, 0xFC68, 0xF447, 0xF427, 0xF427, 0xF406, 0xF406, 0xF3E6, 0xF3E6, 0xEBC6, 0xEBC5,
    0xEBC5, 0xEBC5, 0xEBA5, 0xEBA5, 0xEBA5, 0xEBA5, 0xEBA4, 0xEBA4, 0xEBC4, 0xEBA4, 0xEBC4, 0xEBC4,
    0xF3E4, 0xF3C4, 0xEBE4, 0xF3E4, 0xF3E4, 0xF3E4, 0xF3E4, 0xF3E4, 0xF404, 0xF404, 0xF424, 0xF424,
    0xF424, 0xF424, 0xF444, 0xF444, 0xF444, 0xFC64, 0xFC64, 0xFC64, 0xFC85, 0xFC85, 0xFCA5, 0xFCC5,
    0xFCC5, 0xFCE6, 0xFD06, 0xFD27, 0xFD47, 0xFD68, 0xFD48, 0xFD07, 0xFCC6, 0xFC85, 0xFC64, 0xFC64,
    0xFC84, 0xFCC5, 0xFD48, 0xF5AE, 0xF614, 0xEE38, 0xE618, 0xE5D5, 0xDD94, 0xDD94, 0xDD93, 0xDD73,
    0xDD72, 0xDD51, 0xDD31, 0xDD30, 0xDD30, 0xDD30, 0xDD0F, 0xDD0F, 0xDD0F, 0xDD0E, 0xDD0E, 0xDD2E,
    0xDD2E, 0xDD2E, 0xE52E, 0xE52D, 0xE52D, 0xE52D, 0xE54E, 0xE54E, 0xED6E, 0xED6E, 0xED6D, 0xED8E,
    0xF58E, 0xF5AE, 0xF5AE, 0xF5CE, 0xF5EF, 0xF5EF, 0xFDF0, 0xFE10, 0xFE51, 0xFE72, 0xF5EF, 0xFE2F,
    0xBC6B, 0x1081, 0x0000, 0x0000, 0x0000, 0x0000, 0x0000, 0x0000, 0x0000, 0x0000, 0x0000, 0x0000,
    0x0000, 0x0000, 0x0000, 0x0000, 0x0000, 0x0000, 0x0000, 0x0000, 0x0000, 0x0000, 0x0000, 0x0000,
    0x0000, 0x0000, 0x0000, 0x0000, 0x0000, 0x0000, 0x0000, 0x0000, 0x0000, 0x0000, 0x0000, 0x0000,
    0x0000, 0x0000, 0x0000, 0x0000, 0x0000, 0x0000, 0x0000, 0x0000, 0x0000, 0x0000, 0x0000, 0x0000,
    0x0000, 0x0000, 0x0000, 0x0000, 0x0000, 0x0000, 0x0000, 0x0000, 0x0000, 0x0000, 0x0000, 0x0000,
    0x0000, 0x0000, 0x0000, 0x0000, 0x0000, 0x0000, 0x0000, 0x0000, 0x0000, 0x0000, 0x0000, 0x0000,
    0x0000, 0x0000, 0x0000, 0x0000, 0x0000, 0x0000, 0x0000, 0x0000, 0x0000, 0x0000, 0x0000, 0x0000,
    0x0000, 0x0000, 0x0000, 0x72A7, 0xFDEF, 0xFDEF, 0xF611, 0xFE52, 0xFE11, 0xFDF0, 0xFDF0, 0xFDEF,
    0xFDCF, 0xF5AE, 0xF58E, 0xF58E, 0xF56E, 0xED6D, 0xED4D, 0xED4D, 0xED2D, 0xE52D, 0xE52D, 0xE52D,
    0xE52D, 0xE50D, 0xDD0D, 0xDD0D, 0xDD0D, 0xDCEE, 0xDD0E, 0xDCEE, 0xDCEE, 0xDD0E, 0xDD0F, 0xDD0F,
    0xD50F, 0xD510, 0xDD30, 0xDD31, 0xDD31, 0xDD52, 0xDD73, 0xDD93, 0xDD94, 0xDDB4, 0xE5D6, 0xE618,
    0xEE37, 0xF5F3, 0xFD4C, 0xFC87, 0xFC25, 0xFC05, 0xF3C5, 0xF3C5, 0xF3C5, 0xF406, 0xFC47, 0xFC67,
    0xFC88, 0xFC88, 0xFC68, 0xFC47, 0xF447, 0xF427, 0xF426, 0xF406, 0xF406, 0xF406, 0xF406, 0xF3E5,
    0xF3E5, 0xF3E5, 0xF3E5, 0xF3E5, 0xF405, 0xF3E5, 0xF405, 0xF405, 0xF405, 0xF425, 0xF425, 0xF425,
    0xF425, 0xF424, 0xF424, 0xF424, 0xF424, 0xF444, 0xF444, 0xFC65, 0xFC65, 0xFC65, 0xFC65, 0xFC85,
    0xFC85, 0xFC85, 0xFCA5, 0xFCA5, 0xFCC6, 0xFCE6, 0xFD07, 0xFD27, 0xFD27, 0xFD47, 0xFD47, 0xFD07,
    0xFCE6, 0xFCA5, 0xFC65, 0xFC44, 0xFC64, 0xFC84, 0xFCC5, 0xFD08, 0xFD8D, 0xF613, 0xEE37, 0xEE18,
    0xE5F6, 0xE5B5, 0xDD94, 0xDD94, 0xDD73, 0xDD72, 0xDD72, 0xDD51, 0xDD51, 0xDD30, 0xDD30, 0xDD0F,
    0xDD0F, 0xDD0F, 0xDD0F, 0xDD0E, 0xDD0E, 0xDD0E, 0xDD0E, 0xDD2E, 0xE52E, 0xE52E, 0xE52D, 0xE52D,
    0xE54D, 0xE54D, 0xE54D, 0xED6E, 0xED6E, 0xED6E, 0xED8E, 0xF58E, 0xF5AE, 0xF5CE, 0xF5CF, 0xF5EF,
    0xFDEF, 0xFE10, 0xFE10, 0xFE52, 0xF631, 0xFDCE, 0xFE2F, 0x8B69, 0x0000, 0x0000, 0x0000, 0x0000,
    0x0000, 0x0000, 0x0000, 0x0000, 0x0000, 0x0000, 0x0000, 0x0000, 0x0000, 0x0000, 0x0000, 0x0000,
    0x0000, 0x0000, 0x0000, 0x0000, 0x0000, 0x0000, 0x0000, 0x0000, 0x0000, 0x0000, 0x0000, 0x0000,
    0x0000, 0x0000, 0x0000, 0x0000, 0x0000, 0x0000, 0x0000, 0x0000, 0x0000, 0x0000, 0x0000, 0x0000,
    0x0000, 0x0000, 0x0000, 0x0000, 0x0000, 0x0000, 0x0000, 0x0000, 0x0000, 0x0000, 0x0000, 0x0000,
    0x0000, 0x0000, 0x0000, 0x0000, 0x0000, 0x0000, 0x0000, 0x0000, 0x0000, 0x0000, 0x0000, 0x0000,
    0x0000, 0x0000, 0x0000, 0x0000, 0x0000, 0x0000, 0x0000, 0x0000, 0x0000, 0x0000, 0x0000, 0x0000,
    0x0000, 0x0000, 0x0000, 0x0000, 0x0000, 0x0000, 0x0000, 0x0000, 0x0000, 0x0000, 0x0000, 0x0000,
    0x41A4, 0xE58E, 0xFE0F, 0xF5F0, 0xFE52, 0xFE11, 0xFDF1, 0xFDF0, 0xFDEF, 0xFDCF, 0xF5AE, 0xF58E,
    0xF58E, 0xF56E, 0xED6D, 0xED6D, 0xED4D, 0xED2D, 0xED2D, 0xE52D, 0xE52D, 0xE52D, 0xE50D, 0xE50D,
    0xE50E, 0xDD0D, 0xDD0D, 0xDCEE, 0xDCEE, 0xDCEE, 0xDCEE, 0xDD0E, 0xDD0F, 0xDD0F, 0xD50F, 0xD510,
    0xD510, 0xDD31, 0xDD31, 0xDD52, 0xDD72, 0xDD73, 0xDD73, 0xDD94, 0xE5B5, 0xE5F7, 0xEE38, 0xEE36,
    0xF5D2, 0xFD2C, 0xFCA8, 0xFC25, 0xFC05, 0xFC05, 0xF3C5, 0xF3C5, 0xF3C5, 0xF3E5, 0xF426, 0xFC47,
    0xFC68, 0xFC88, 0xFC88, 0xFC88, 0xFC67, 0xFC67, 0xFC47, 0xFC47, 0xF446, 0xF426, 0xF426, 0xF426,
    0xFC46, 0xFC46, 0xF445, 0xFC45, 0xFC45, 0xFC45, 0xFC66, 0xFC66, 0xFC66, 0xFC65, 0xFC65, 0xFC65,
    0xFC65, 0xFC65, 0xFC85, 0xFC85, 0xFC85, 0xFCA6, 0xFCA6, 0xFCC6, 0xFCE6, 0xFCE7, 0xFD07, 0xFD27,
    0xFD27, 0xFD27, 0xFD27, 0xFD07, 0xFCC6, 0xFC85, 0xFC65, 0xFC44, 0xFC44, 0xFC64, 0xFC84, 0xFCE6,
    0xFD49, 0xF5AE, 0xF613, 0xEE37, 0xEE38, 0xE5F7, 0xE5D5, 0xE5B4, 0xDD94, 0xDD73, 0xDD72, 0xDD72,
    0xDD52, 0xDD51, 0xDD51, 0xDD31, 0xDD30, 0xDD30, 0xDD0F, 0xDD0F, 0xDD0E, 0xDD0E, 0xDD0E, 0xDD0E,
    0xDD0E, 0xDD0D, 0xDD2E, 0xE52E, 0xE52E, 0xE54E, 0xE54E, 0xE54E, 0xE54D, 0xED4D, 0xED4D, 0xED6D,
    0xED8E, 0xED8E, 0xF5AE, 0xF5AE, 0xF5CE, 0xF5EF, 0xFDEF, 0xFDF0, 0xFE10, 0xFE31, 0xFE72, 0xF610,
    0xFDCE, 0xF5CE, 0x6246, 0x0000, 0x0000, 0x0000, 0x0000, 0x0000, 0x0000, 0x0000, 0x0000, 0x0000,
    0x0000, 0x0000, 0x0000, 0x0000, 0x0000, 0x0000, 0x0000, 0x0000, 0x0000, 0x0000, 0x0000, 0x0000,
    0x0000, 0x0000, 0x0000, 0x0000, 0x0000, 0x0000, 0x0000, 0x0000, 0x0000, 0x0000, 0x0000, 0x0000,
    0x0000, 0x0000, 0x0000, 0x0000, 0x0000, 0x0000, 0x0000, 0x0000, 0x0000, 0x0000, 0x0000, 0x0000,
    0x0000, 0x0000, 0x0000, 0x0000, 0x0000, 0x0000, 0x0000, 0x0000, 0x0000, 0x0000, 0x0000, 0x0000,
    0x0000, 0x0000, 0x0000, 0x0000, 0x0000, 0x0000, 0x0000, 0x0000, 0x0000, 0x0000, 0x0000, 0x0000,
    0x0000, 0x0000, 0x0000, 0x0000, 0x0000, 0x0000, 0x0000, 0x0000, 0x0000, 0x0000, 0x0000, 0x0000,
    0x0000, 0x0000, 0x0000, 0x0000, 0x0000, 0x0000, 0x0000, 0x0000, 0x0000, 0x20C2, 0xCCCC, 0xFE2F,
    0xF5CF, 0xFE31, 0xFE32, 0xFDF1, 0xFDF0, 0xFDEF, 0xFDCF, 0xF5AE, 0xF5AE, 0xF58E, 0xF58E, 0xF56E,
    0xED4D, 0xED4D, 0xED4D, 0xED4D, 0xE52D, 0xE52D, 0xE52D, 0xE50D, 0xE50D, 0xDD0D, 0xDD0D, 0xDD0D,
    0xDCEE, 0xDD0E, 0xDD0E, 0xDCEE, 0xDCEE, 0xDCEE, 0xD50F, 0xD50F, 0xD4EF, 0xDCF0, 0xDD10, 0xDD31,
    0xDD31, 0xDD52, 0xDD52, 0xDD73, 0xDD73, 0xDD73, 0xDD94, 0xDDB5, 0xE5F7, 0xE617, 0xEE36, 0xF5D3,
    0xF56E, 0xFCE9, 0xFC66, 0xFC25, 0xFBE4, 0xFBC4, 0xF3A4, 0xF3C5, 0xF3C5, 0xF406, 0xF426, 0xFC46,
    0xFC47, 0xFC67, 0xFC87, 0xFC88, 0xFCA8, 0xFCA7, 0xFC87, 0xFC87, 0xFCA7, 0xFCA7, 0xFCA7, 0xFCA7,
    0xFCA7, 0xFCA7, 0xFCA7, 0xFCA7, 0xFCC7, 0xFCC7, 0xFCC7, 0xFCC7, 0xFCC7, 0xFCE7, 0xFCE7, 0xFCE7,
    0xFD07, 0xFD07, 0xFD07, 0xFCE7, 0xFCE7, 0xFCE7, 0xFCC6, 0xFCA6, 0xFC85, 0xFC65, 0xFC44, 0xFC44,
    0xFC44, 0xFC64, 0xFC84, 0xFCC6, 0xFD08, 0xFD6B, 0xF5D0, 0xF614, 0xEE37, 0xE618, 0xE5F7, 0xE5D5,
    0xE5B4, 0xDD94, 0xDD94, 0xDD73, 0xDD72, 0xDD52, 0xDD52, 0xDD51, 0xDD51, 0xDD31, 0xDD30, 0xDD30,
    0xDD0F, 0xDD0F, 0xDD0F, 0xDD0E, 0xDD0E, 0xDD0E, 0xDD0E, 0xDD0E, 0xDD0D, 0xDD0D, 0xE52D, 0xE52D,
    0xE54E, 0xE54E, 0xED4E, 0xED6E, 0xED6E, 0xED6E, 0xED6E, 0xED8E, 0xF58E, 0xF5AE, 0xF5AE, 0xF5CE,
    0xF5EF, 0xFDEF, 0xFDF0, 0xFE10, 0xFE31, 0xFE72, 0xF5EF, 0xFE0E, 0xDD2D, 0x3963, 0x0000, 0x0000,
    0x0000, 0x0000, 0x0000, 0x0000, 0x0000, 0x0000, 0x0000, 0x0000, 0x0000, 0x0000, 0x0000, 0x0000,
    0x0000, 0x0000, 0x0000, 0x0000, 0x0000, 0x0000, 0x0000, 0x0000, 0x0000, 0x0000, 0x0000, 0x0000,
    0x0000, 0x0000, 0x0000, 0x0000, 0x0000, 0x0000, 0x0000, 0x0000, 0x0000, 0x0000, 0x0000, 0x0000,
    0x0000, 0x0000, 0x0000, 0x0000, 0x0000, 0x0000, 0x0000, 0x0000, 0x0000, 0x0000, 0x0000, 0x0000,
    0x0000, 0x0000, 0x0000, 0x0000, 0x0000, 0x0000, 0x0000, 0x0000, 0x0000, 0x0000, 0x0000, 0x0000,
    0x0000, 0x0000, 0x0000, 0x0000, 0x0000, 0x0000, 0x0000, 0x0000, 0x0000, 0x0000, 0x0000, 0x0000,
    0x0000, 0x0000, 0x0000, 0x0000, 0x0000, 0x0000, 0x0000, 0x0000, 0x0000, 0x0000, 0x0000, 0x0000,
    0x0000, 0x0000, 0x0000, 0x0000, 0x0000, 0x0000, 0x0840, 0x9BCA, 0xFE2F, 0xFDAE, 0xF5F0, 0xFE32,
    0xFE11, 0xFDF0, 0xFDF0, 0xFDCF, 0xFDCF, 0xF5AE, 0xF58E, 0xF58E, 0xF56E, 0xED4E, 0xED4D, 0xED4D,
    0xED4D, 0xED2D, 0xE52D, 0xE52D, 0xE52D, 0xE52D, 0xE50D, 0xDD0D, 0xDD0D, 0xDD0E, 0xDD0E, 0xDD0E,
    0xDCEE, 0xDCEE, 0xDCEE, 0xDCEE, 0xDCEF, 0xDCEF, 0xDCEF, 0xDD10, 0xDD10, 0xD530, 0xD531, 0xDD31,
    0xDD31, 0xDD52, 0xDD52, 0xDD73, 0xDD53, 0xDD73, 0xDDB5, 0xE5F6, 0xE617, 0xEE17, 0xEDF5, 0xF5B2,
    0xFD4E, 0xFD0A, 0xFCA7, 0xFC45, 0xFC24, 0xFC04, 0xFBE4, 0xF3C4, 0xF3C4, 0xF3C4, 0xF3C5, 0xF405,
    0xF426, 0xF426, 0xF426, 0xF446, 0xF446, 0xFC87, 0xFCA7, 0xFC87, 0xFC87, 0xFCA7, 0xFCA7, 0xFCA7,
    0xFCC7, 0xFCC7, 0xFCC7, 0xFCC7, 0xFCA7, 0xFCA6, 0xFCA6, 0xFC86, 0xFC86, 0xFC66, 0xFC45, 0xFC25,
    0xFC24, 0xFC44, 0xFC64, 0xFC64, 0xFC64, 0xFC84, 0xFCA5, 0xFCC6, 0xFD08, 0xFD6C, 0xF5D0, 0xF614,
    0xEE37, 0xEE18, 0xE5F7, 0xE5D6, 0xDDB5, 0xDD94, 0xDD94, 0xDD93, 0xDD73, 0xDD73, 0xDD52, 0xDD51,
    0xDD31, 0xDD31, 0xDD31, 0xDD30, 0xDD30, 0xDD30, 0xDD0F, 0xDD0F, 0xDD0F, 0xDD0E, 0xDD0E, 0xDD0E,
    0xDD0E, 0xDD0E, 0xDD0D, 0xDD0D, 0xDD0D, 0xE52D, 0xE52D, 0xE54D, 0xE54D, 0xED4D, 0xED6E, 0xED6E,
    0xED8E, 0xED8E, 0xED8E, 0xF5AE, 0xF5AE, 0xF5AE, 0xF5CF, 0xF5EF, 0xFDEF, 0xFDF0, 0xFE10, 0xFE52,
    0xF631, 0xFDCE, 0xFE0E, 0xA3EA, 0x1081, 0x0000, 0x0000, 0x0000, 0x0000, 0x0000, 0x0000, 0x0000,
    0x0000, 0x0000, 0x0000, 0x0000, 0x0000, 0x0000, 0x0000, 0x0000, 0x0000, 0x0000, 0x0000, 0x0000,
    0x0000, 0x0000, 0x0000, 0x0000, 0x0000, 0x0000, 0x0000, 0x0000, 0x0000, 0x0000, 0x0000, 0x0000,
    0x0000, 0x0000, 0x0000, 0x0000, 0x0000, 0x0000, 0x0000, 0x0000, 0x0000, 0x0000, 0x0000, 0x0000,
    0x0000, 0x0000, 0x0000, 0x0000, 0x0000, 0x0000, 0x0000, 0x0000, 0x0000, 0x0000, 0x0000, 0x0000,
    0x0000, 0x0000, 0x0000, 0x0000, 0x0000, 0x0000, 0x0000, 0x0000, 0x0000, 0x0000, 0x0000, 0x0000,
    0x0000, 0x0000, 0x0000, 0x0000, 0x0000, 0x0000, 0x0000, 0x0000, 0x0000, 0x0000, 0x0000, 0x0000,
    0x0000, 0x0000, 0x0000, 0x0000, 0x0000, 0x0000, 0x0000, 0x0000, 0x0000, 0x0000, 0x0000, 0x0000,
    0x0000, 0x0000, 0x0000, 0x0000, 0x6246, 0xED6D, 0xFDCE, 0xF5CF, 0xFE52, 0xFE31, 0xFDF0, 0xFDF0,
    0xFDEF, 0xFDCF, 0xF5AE, 0xF5AE, 0xF58E, 0xF58E, 0xF58E, 0xED6E, 0xED6D, 0xED4D, 0xED4D, 0xE52D,
    0xE52D, 0xE52D, 0xE52D, 0xE50D, 0xE50D, 0xDD0D, 0xDD0D, 0xDD0E, 0xDCEE, 0xDCEE, 0xDCEE, 0xDD0E,
    0xDCEE, 0xDCEF, 0xDCEF, 0xDD0F, 0xDD10, 0xDD10, 0xD510, 0xD510, 0xD510, 0xDD31, 0xDD31, 0xDD32,
    0xDD52, 0xDD52, 0xDD73, 0xDD93, 0xDD94, 0xDD94, 0xE5B5, 0xE5F7, 0xE618, 0xEE37, 0xEE36, 0xF5F3,
    0xF5B0, 0xFD6D, 0xFD0A, 0xFCA8, 0xFC86, 0xFC45, 0xFC45, 0xFC24, 0xFC24, 0xFC24, 0xFC04, 0xF3E4,
    0xF3E4, 0xF3E4, 0xFC04, 0xFC04, 0xFC04, 0xFC04, 0xFC04, 0xFC24, 0xFC24, 0xFC25, 0xFC24, 0xFC24,
    0xFC44, 0xFC44, 0xFC44, 0xFC44, 0xFC44, 0xFC44, 0xFC64, 0xFC85, 0xFCA5, 0xFCC6, 0xFD08, 0xFD4A,
    0xFD8C, 0xF5D0, 0xF5F3, 0xEE16, 0xEE37, 0xE618, 0xE617, 0xE5F6, 0xE5B5, 0xDDB4, 0xDD94, 0xDD93,
    0xDD73, 0xDD73, 0xDD72, 0xDD52, 0xDD52, 0xDD31, 0xDD31, 0xDD30, 0xDD30, 0xDD30, 0xDD30, 0xDD30,
    0xDD2F, 0xDD0F, 0xDD0F, 0xDD0E, 0xDD0E, 0xDD0E, 0xDD0E, 0xDD0E, 0xDD0E, 0xDD0D, 0xDD2D, 0xE52D,
    0xE52D, 0xE52D, 0xE52D, 0xE54D, 0xED4D, 0xED6D, 0xED6E, 0xED8E, 0xED8E, 0xF5AE, 0xF5AE, 0xF5AE,
    0xF5CE, 0xF5CF, 0xFDEF, 0xFDF0, 0xFE10, 0xFE31, 0xFE52, 0xF5F0, 0xFDEE, 0xF5CE, 0x6AA6, 0x0000,
    0x0000, 0x0000, 0x0000, 0x0000, 0x0000, 0x0000, 0x0000, 0x0000, 0x0000, 0x0000, 0x0000, 0x0000,
    0x0000, 0x0000, 0x0000, 0x0000, 0x0000, 0x0000, 0x0000, 0x0000, 0x0000, 0x0000, 0x0000, 0x0000,
    0x0000, 0x0000, 0x0000, 0x0000, 0x0000, 0x0000, 0x0000, 0x0000, 0x0000, 0x0000, 0x0000, 0x0000,
    0x0000, 0x0000, 0x0000, 0x0000, 0x0000, 0x0000, 0x0000, 0x0000, 0x0000, 0x0000, 0x0000, 0x0000,
    0x0000, 0x0000, 0x0000, 0x0000, 0x0000, 0x0000, 0x0000, 0x0000, 0x0000, 0x0000, 0x0000, 0x0000,
    0x0000, 0x0000, 0x0000, 0x0000, 0x0000, 0x0000, 0x0000, 0x0000, 0x0000, 0x0000, 0x0000, 0x0000,
    0x0000, 0x0000, 0x0000, 0x0000, 0x0000, 0x0000, 0x0000, 0x0000, 0x0000, 0x0000, 0x0000, 0x0000,
    0x0000, 0x0000, 0x0000, 0x0000, 0x0000, 0x0000, 0x0000, 0x0000, 0x0000, 0x0000, 0x0000, 0x0000,
    0x0000, 0x20C2, 0xBC4A, 0xFE0F, 0xFDAE, 0xF611, 0xFE32, 0xFE11, 0xFDF0, 0xFDF0, 0xFDCF, 0xFDCF,
    0xF5CF, 0xF5AE, 0xF58E, 0xF56E, 0xF56E, 0xED6D, 0xED6D, 0xED4D, 0xED4D, 0xE52D, 0xE52D, 0xE52D,
    0xE50D, 0xE50D, 0xE50D, 0xDD0E, 0xDD0E, 0xDD0E, 0xDD0E, 0xDD0E, 0xDCEE, 0xDCEE, 0xDCEF, 0xDD0F,
    0xDD0F, 0xDD0F, 0xDD0F, 0xD50F, 0xD50F, 0xD510, 0xD510, 0xD510, 0xDD31, 0xD531, 0xDD52, 0xDD52,
    0xDD72, 0xDD73, 0xDD73, 0xDD93, 0xDD94, 0xDD94, 0xDDB5, 0xE5D6, 0xE5F7, 0xE617, 0xE617, 0xEE16,
    0xEDF5, 0xF5D3, 0xF5B2, 0xF590, 0xF56D, 0xFD4C, 0xFD0A, 0xFCE9, 0xFCC8, 0xFCA7, 0xFCA7, 0xFCA7,
    0xFC86, 0xFC86, 0xFC86, 0xFC86, 0xFCA6, 0xFCA7, 0xFCC7, 0xFCC7, 0xFCE8, 0xFCE8, 0xFD09, 0xFD2A,
    0xF54C, 0xF56D, 0xF5AF, 0xF5D1, 0xF5F3, 0xF615, 0xEE16, 0xEE17, 0xE617, 0xE5F7, 0xE5F7, 0xDDD6,
    0xDDB5, 0xDDB4, 0xDD94, 0xDD94, 0xDD73, 0xDD73, 0xDD73, 0xDD72, 0xDD52, 0xDD52, 0xDD51, 0xD531,
    0xD531, 0xD530, 0xDD30, 0xDD10, 0xDD0F, 0xDD0F, 0xDD0F, 0xDD0F, 0xDD0E, 0xDD0E, 0xDD0E, 0xDD0E,
    0xDD0E, 0xDD0E, 0xDD0E, 0xDD2E, 0xE52E, 0xE52D, 0xE52D, 0xE52D, 0xE52D, 0xE54D, 0xE54D, 0xED4D,
    0xED6D, 0xED6D, 0xED8E, 0xF58E, 0xF5AE, 0xF5AE, 0xF5CE, 0xF5CF, 0xF5EF, 0xFDEF, 0xFDF0, 0xFE10,
    0xFE52, 0xF631, 0xF5AE, 0xFE0E, 0xCCEC, 0x3143, 0x0000, 0x0000, 0x0000, 0x0000, 0x0000, 0x0000,
    0x0000, 0x0000, 0x0000, 0x0000, 0x0000, 0x0000, 0x0000, 0x0000, 0x0000, 0x0000, 0x0000, 0x0000,
    0x0000, 0x0000, 0x0000, 0x0000, 0x0000, 0x0000, 0x0000, 0x0000, 0x0000, 0x0000, 0x0000, 0x0000,
    0x0000, 0x0000, 0x0000, 0x0000, 0x0000, 0x0000, 0x0000, 0x0000, 0x0000, 0x0000, 0x0000, 0x0000,
    0x0000, 0x0000, 0x0000, 0x0000, 0x0000, 0x0000, 0x0000, 0x0000, 0x0000, 0x0000, 0x0000, 0x0000,
    0x0000, 0x0000, 0x0000, 0x0000, 0x0000, 0x0000, 0x0000, 0x0000, 0x0000, 0x0000, 0x0000, 0x0000,
    0x0000, 0x0000, 0x0000, 0x0000, 0x0000, 0x0000, 0x0000, 0x0000, 0x0000, 0x0000, 0x0000, 0x0000,
    0x0000, 0x0000, 0x0000, 0x0000, 0x0000, 0x0000, 0x0000, 0x0000, 0x0000, 0x0000, 0x0000, 0x0000,
    0x0000, 0x0000, 0x0000, 0x0000, 0x0000, 0x0000, 0x0000, 0x0000, 0x0000, 0x0000, 0x0000, 0x8308,
    0xFDEE, 0xFE0E, 0xF5F0, 0xFE52, 0xFE31, 0xFE10, 0xFDF0, 0xFDEF, 0xFDCF, 0xFDCF, 0xF5AE, 0xF58E,
    0xF58E, 0xF56D, 0xF56D, 0xED6D, 0xED4D, 0xED4D, 0xED2D, 0xE52D, 0xE52D, 0xE52D, 0xE50D, 0xE50D,
    0xE50E, 0xDD0E, 0xDD0D, 0xDCED, 0xDCED, 0xDD0E, 0xDCEE, 0xDCEF, 0xDCEF, 0xDCEF, 0xDD0F, 0xDD0F,
    0xD50F, 0xD50F, 0xD50F, 0xD510, 0xDD10, 0xD531, 0xDD31, 0xDD31, 0xDD51, 0xDD51, 0xDD52, 0xDD52,
    0xDD52, 0xDD72, 0xDD73, 0xDD73, 0xDD73, 0xDD73, 0xDD74, 0xDD94, 0xDDB5, 0xDDD6, 0xE5D6, 0xE5F7,
    0xE5F7, 0xE5F7, 0xE617, 0xE617, 0xEE17, 0xEDF6, 0xEDF5, 0xEDF5, 0xEDF5, 0xEDF5, 0xEDF5, 0xEDF5,
    0xEDF5, 0xEDF5, 0xEDF5, 0xEE16, 0xEE16, 0xEE17, 0xE617, 0xE617, 0xE617, 0xE617, 0xE5F7, 0xE5F7,
    0xE5D6, 0xE5D6, 0xDDB5, 0xDDB5, 0xDD94, 0xDD94, 0xDD93, 0xDD93, 0xDD73, 0xDD73, 0xDD73, 0xDD52,
    0xDD52, 0xDD52, 0xDD52, 0xDD51, 0xDD31, 0xD531, 0xDD30, 0xD530, 0xD510, 0xD50F, 0xDD0F, 0xDD0F,
    0xDD0F, 0xDD0F, 0xDD0E, 0xDD0E, 0xDD0E, 0xDD0E, 0xDD0E, 0xDD0E, 0xDD2E, 0xDD2E, 0xE52E, 0xE52E,
    0xE52E, 0xE52E, 0xE54D, 0xE54D, 0xE54D, 0xED4D, 0xED6D, 0xED6E, 0xED6E, 0xED8E, 0xF5AE, 0xF5AE,
    0xF5AE, 0xF5CE, 0xF5EF, 0xFDEF, 0xFDF0, 0xFDF0, 0xFE11, 0xFE52, 0xF610, 0xFDEE, 0xFE0E, 0x9389,
    0x0840, 0x0000, 0x0000, 0x0000, 0x0000, 0x0000, 0x0000, 0x0000, 0x0000, 0x0000, 0x0000, 0x0000,
    0x0000, 0x0000, 0x0000, 0x0000, 0x0000, 0x0000, 0x0000, 0x0000, 0x0000, 0x0000, 0x0000, 0x0000,
    0x0000, 0x0000, 0x0000, 0x0000, 0x0000, 0x0000, 0x0000, 0x0000, 0x0000, 0x0000, 0x0000, 0x0000,
    0x0000, 0x0000, 0x0000, 0x0000, 0x0000, 0x0000, 0x0000, 0x0000, 0x0000, 0x0000, 0x0000, 0x0000,
    0x0000, 0x0000, 0x0000, 0x0000, 0x0000, 0x0000, 0x0000, 0x0000, 0x0000, 0x0000, 0x0000, 0x0000,
    0x0000, 0x0000, 0x0000, 0x0000, 0x0000, 0x0000, 0x0000, 0x0000, 0x0000, 0x0000, 0x0000, 0x0000,
    0x0000, 0x0000, 0x0000, 0x0000, 0x0000, 0x0000, 0x0000, 0x0000, 0x0000, 0x0000, 0x0000, 0x0000,
    0x0000, 0x0000, 0x0000, 0x0000, 0x0000, 0x0000, 0x0000, 0x0000, 0x0000, 0x0000, 0x0000, 0x0000,
    0x0000, 0x0000, 0x0000, 0x0000, 0x0000, 0x0000, 0x0000, 0x0000, 0x3963, 0xC4AC, 0xFE2F, 0xFDEF,
    0xF611, 0xFE52, 0xFE11, 0xFDF0, 0xFDF0, 0xFDEF, 0xFDCF, 0xF5AE, 0xF5AE, 0xF58E, 0xF58E, 0xF56E,
    0xED6D, 0xED4D, 0xED4D, 0xED4D, 0xE54D, 0xE52D, 0xE52D, 0xE52D, 0xE52D, 0xE50E, 0xDD0D, 0xDD0D,
    0xDD0D, 0xDD0D, 0xDD0E, 0xDCEE, 0xDCEE, 0xDCEE, 0xDCEE, 0xDCEE, 0xD4EE, 0xD4EE, 0xD4EF, 0xD50F,
    0xDD0F, 0xDD10, 0xDD10, 0xDD30, 0xDD30, 0xDD31, 0xDD31, 0xDD31, 0xDD31, 0xDD31, 0xDD31, 0xD532,
    0xDD52, 0xDD52, 0xDD52, 0xDD53, 0xDD73, 0xDD73, 0xDD73, 0xDD73, 0xDD73, 0xDD74, 0xDD94, 0xDD94,
    0xDDB5, 0xDDB5, 0xDDB5, 0xDDB5, 0xDDD5, 0xDDD6, 0xDDD6, 0xDDD6, 0xDDD6, 0xE5D6, 0xE5D5, 0xE5D6,
    0xDDB5, 0xDDB5, 0xDD94, 0xDD94, 0xDD94, 0xDD94, 0xDD74, 0xDD73, 0xDD73, 0xDD93, 0xDD93, 0xDD73,
    0xDD73, 0xDD73, 0xDD52, 0xDD52, 0xDD52, 0xD552, 0xD531, 0xD531, 0xD531, 0xD531, 0xDD31, 0xDD30,
    0xD530, 0xDD30, 0xDD30, 0xD50F, 0xD50F, 0xDD0F, 0xDD0F, 0xDD0E, 0xDD0E, 0xDD0E, 0xDD0E, 0xDD0E,
    0xDD0E, 0xDD0D, 0xDD0D, 0xDD2D, 0xE52D, 0xE52D, 0xE52E, 0xE52E, 0xE54E, 0xE54E, 0xE54D, 0xED4D,
    0xED4D, 0xED6D, 0xED6D, 0xED8E, 0xF58E, 0xF5AE, 0xF5AE, 0xF5CE, 0xF5CF, 0xFDEF, 0xFDEF, 0xFDF0,
    0xFE10, 0xFE31, 0xF631, 0xFDCE, 0xFE0E, 0xD50C, 0x49C4, 0x0000, 0x0000, 0x0000, 0x0000, 0x0000,
    0x0000, 0x0000, 0x0000, 0x0000, 0x0000, 0x0000, 0x0000, 0x0000, 0x0000, 0x0000, 0x0000, 0x0000,
    0x0000, 0x0000, 0x0000, 0x0000, 0x0000, 0x0000, 0x0000, 0x0000, 0x0000, 0x0000, 0x0000, 0x0000,
    0x0000, 0x0000, 0x0000, 0x0000, 0x0000, 0x0000, 0x0000, 0x0000, 0x0000, 0x0000, 0x0000, 0x0000,
    0x0000, 0x0000, 0x0000, 0x0000, 0x0000, 0x0000, 0x0000, 0x0000, 0x0000, 0x0000, 0x0000, 0x0000,
    0x0000, 0x0000, 0x0000, 0x0000, 0x0000, 0x0000, 0x0000, 0x0000, 0x0000, 0x0000, 0x0000, 0x0000,
    0x0000, 0x0000, 0x0000, 0x0000, 0x0000, 0x0000, 0x0000, 0x0000, 0x0000, 0x0000, 0x0000, 0x0000,
    0x0000, 0x0000, 0x0000, 0x0000, 0x0000, 0x0000, 0x0000, 0x0000, 0x0000, 0x0000, 0x0000, 0x0000,
    0x0000, 0x0000, 0x0000, 0x0000, 0x0000, 0x0000, 0x0000, 0x0000, 0x0000, 0x0000, 0x0000, 0x0000,
    0x0000, 0x0000, 0x0000, 0x0000, 0x0000, 0x0000, 0x6A86, 0xED6D, 0xFDEF, 0xF5CF, 0xFE31, 0xFE31,
    0xFE11, 0xFDF0, 0xFDF0, 0xFDCF, 0xFDCF, 0xF5AE, 0xF58E, 0xF58E, 0xF58E, 0xF56E, 0xED6E, 0xED6E,
    0xED4D, 0xED4D, 0xE54D, 0xE52D, 0xE50D, 0xE50D, 0xE50D, 0xE50E, 0xE50E, 0xDD0D, 0xDD0D, 0xDD0D,
    0xDD0D, 0xDD0E, 0xDCEE, 0xDCEE, 0xDCEE, 0xDCEE, 0xDCEE, 0xDD0F, 0xDD0F, 0xDD0F, 0xDD0F, 0xDD0F,
    0xDD0F, 0xDD10, 0xDD10, 0xD510, 0xD510, 0xD510, 0xD531, 0xD531, 0xD531, 0xD531, 0xD531, 0xD531,
    0xD532, 0xD552, 0xDD52, 0xDD52, 0xDD72, 0xDD73, 0xDD73, 0xDD73, 0xDD73, 0xDD73, 0xDD73, 0xDD73,
    0xDD73, 0xDD73, 0xDD73, 0xDD73, 0xDD73, 0xDD93, 0xDD94, 0xDD93, 0xDD73, 0xDD73, 0xDD73, 0xDD73,
    0xDD73, 0xDD73, 0xDD53, 0xDD53, 0xDD52, 0xDD52, 0xDD52, 0xD552, 0xD552, 0xD531, 0xD531, 0xD531,
    0xD531, 0xD531, 0xD530, 0xD530, 0xDD10, 0xD530, 0xDD30, 0xDD2F, 0xDD0F, 0xDD0F, 0xDD0F, 0xDD0F,
    0xDD0E, 0xDD0E, 0xDD0E, 0xDD0E, 0xDD0E, 0xDD0E, 0xDD0E, 0xDD0D, 0xDD0D, 0xDD2D, 0xE52D, 0xE52D,
    0xE52D, 0xE52D, 0xE54E, 0xE54E, 0xED6E, 0xED6D, 0xED4D, 0xED6D, 0xED6D, 0xED6D, 0xF58E, 0xF58E,
    0xF5AE, 0xF5AE, 0xF5CE, 0xF5EF, 0xFDEF, 0xFDEF, 0xFDF0, 0xFE31, 0xFE31, 0xF5F0, 0xFE0F, 0xFDEE,
    0x8B48, 0x0840, 0x0000, 0x0000, 0x0000, 0x0000, 0x0000, 0x0000, 0x0000, 0x0000, 0x0000, 0x0000,
    0x0000, 0x0000, 0x0000, 0x0000, 0x0000, 0x0000, 0x0000, 0x0000, 0x0000, 0x0000, 0x0000, 0x0000,
    0x0000, 0x0000, 0x0000, 0x0000, 0x0000, 0x0000, 0x0000, 0x0000, 0x0000, 0x0000, 0x0000, 0x0000,
    0x0000, 0x0000, 0x0000, 0x0000, 0x0000, 0x0000, 0x0000, 0x0000, 0x0000, 0x0000, 0x0000, 0x0000,
    0x0000, 0x0000, 0x0000, 0x0000, 0x0000, 0x0000, 0x0000, 0x0000, 0x0000, 0x0000, 0x0000, 0x0000,
    0x0000, 0x0000, 0x0000, 0x0000, 0x0000, 0x0000, 0x0000, 0x0000, 0x0000, 0x0000, 0x0000, 0x0000,
    0x0000, 0x0000, 0x0000, 0x0000, 0x0000, 0x0000, 0x0000, 0x0000, 0x0000, 0x0000, 0x0000, 0x0000,
    0x0000, 0x0000, 0x0000, 0x0000, 0x0000, 0x0000, 0x0000, 0x0000, 0x0000, 0x0000, 0x0000, 0x0000,
    0x0000, 0x0000, 0x0000, 0x0000, 0x0000, 0x0000, 0x0000, 0x0000, 0x0000, 0x0000, 0x0000, 0x0000,
    0x0000, 0x0000, 0x0000, 0x20C2, 0xB42A, 0xFE0F, 0xFDCE, 0xF5F0, 0xFE52, 0xFE31, 0xFDF0, 0xFDF0,
    0xFDEF, 0xFDCF, 0xF5AE, 0xF5AE, 0xF58E, 0xF58E, 0xF58E, 0xF56E, 0xED6E, 0xED4D, 0xED4D, 0xED4D,
    0xE52D, 0xE50D, 0xE50D, 0xE50E, 0xE50E, 0xE50D, 0xE50D, 0xDD0D, 0xDD0D, 0xDD0D, 0xDCEE, 0xDCEE,
    0xDD0E, 0xDD0E, 0xDD0E, 0xDD0E, 0xDD0E, 0xDCEF, 0xDCEF, 0xDCEF, 0xDCEF, 0xDCEF, 0xDD0F, 0xD50F,
    0xD50F, 0xD510, 0xD510, 0xD510, 0xD510, 0xD510, 0xD510, 0xD510, 0xD510, 0xD511, 0xD531, 0xD531,
    0xDD51, 0xDD52, 0xD531, 0xD531, 0xD532, 0xD552, 0xD552, 0xD552, 0xDD52, 0xDD52, 0xDD52, 0xDD52,
    0xDD52, 0xDD52, 0xDD52, 0xDD52, 0xD552, 0xD552, 0xD552, 0xDD52, 0xD552, 0xD532, 0xD532, 0xD532,
    0xD531, 0xD531, 0xD531, 0xD531, 0xD531, 0xD531, 0xD510, 0xD510, 0xD510, 0xD510, 0xD510, 0xD50F,
    0xD50F, 0xDD0F, 0xDD0F, 0xDD0F, 0xDD0F, 0xDD0F, 0xDD0F, 0xDD0E, 0xDD0E, 0xDD0E, 0xDD0E, 0xDD0E,
    0xDD0E, 0xDD0D, 0xDD0D, 0xDD0D, 0xE52D, 0xE52D, 0xE52D, 0xE52D, 0xE54D, 0xE54D, 0xED4E, 0xED6E,
    0xED6E, 0xED6D, 0xED6D, 0xED6D, 0xF56D, 0xF58E, 0xF58E, 0xF5AE, 0xF5CE, 0xF5CF, 0xF5EF, 0xFDEF,
    0xFDF0, 0xFE10, 0xFE31, 0xF610, 0xFDCE, 0xFE0F, 0xD50C, 0x3984, 0x0000, 0x0000, 0x0000, 0x0000,
    0x0000, 0x0000, 0x0000, 0x0000, 0x0000, 0x0000, 0x0000, 0x0000, 0x0000, 0x0000, 0x0000, 0x0000,
    0x0000, 0x0000, 0x0000, 0x0000, 0x0000, 0x0000, 0x0000, 0x0000, 0x0000, 0x0000, 0x0000, 0x0000,
    0x0000, 0x0000, 0x0000, 0x0000, 0x0000, 0x0000, 0x0000, 0x0000, 0x0000, 0x0000, 0x0000, 0x0000,
    0x0000, 0x0000, 0x0000, 0x0000, 0x0000, 0x0000, 0x0000, 0x0000, 0x0000, 0x0000, 0x0000, 0x0000,
    0x0000, 0x0000, 0x0000, 0x0000, 0x0000, 0x0000, 0x0000, 0x0000, 0x0000, 0x0000, 0x0000, 0x0000,
    0x0000, 0x0000, 0x0000, 0x0000, 0x0000, 0x0000, 0x0000, 0x0000, 0x0000, 0x0000, 0x0000, 0x0000,
    0x0000, 0x0000, 0x0000, 0x0000, 0x0000, 0x0000, 0x0000, 0x0000, 0x0000, 0x0000, 0x0000, 0x0000,
    0x0000, 0x0000, 0x0000, 0x0000, 0x0000, 0x0000, 0x0000, 0x0000, 0x0000, 0x0000, 0x0000, 0x0000,
    0x0000, 0x0000, 0x0000, 0x0000, 0x0000, 0x0000, 0x0000, 0x0000, 0x0000, 0x0000, 0x0000, 0x0000,
    0x0000, 0x5A45, 0xE54D, 0xFE0E, 0xFDEF, 0xF611, 0xFE31, 0xFE10, 0xFDF0, 0xFDEF, 0xFDCF, 0xFDCF,
    0xF5AE, 0xF5AE, 0xF58E, 0xF58E, 0xF56E, 0xED6E, 0xED6E, 0xED4D, 0xED4D, 0xED2D, 0xED2D, 0xED2D,
    0xE52D, 0xE52D, 0xE52D, 0xE52D, 0xE50D, 0xDD0D, 0xDD0D, 0xDD0D, 0xDD0D, 0xDD0E, 0xDD0E, 0xDD0E,
    0xDD0E, 0xDD0E, 0xDD0E, 0xDCEF, 0xDCEF, 0xDCEF, 0xDCEF, 0xD50E, 0xD50F, 0xD50F, 0xD50F, 0xD50F,
    0xD50F, 0xD4EF, 0xD4EF, 0xD4EF, 0xD510, 0xD510, 0xD530, 0xD530, 0xD530, 0xD530, 0xD510, 0xD510,
    0xD511, 0xD531, 0xD531, 0xD531, 0xD531, 0xD511, 0xD531, 0xD531, 0xD531, 0xD531, 0xD531, 0xD531,
    0xD531, 0xD531, 0xD531, 0xD511, 0xD510, 0xD510, 0xD510, 0xD510, 0xD510, 0xD510, 0xD510, 0xD510,
    0xD510, 0xD510, 0xD510, 0xD50F, 0xD50F, 0xD50F, 0xD4EF, 0xDD0F, 0xDD0F, 0xDD0F, 0xDD0F, 0xDD0F,
    0xDD0F, 0xDD0F, 0xDD0E, 0xDD0E, 0xDD0E, 0xDD0E, 0xDD0D, 0xDD0D, 0xDD0D, 0xDD0D, 0xE50D, 0xE52D,
    0xE52D, 0xE52D, 0xE52D, 0xE54D, 0xE54D, 0xED4D, 0xED4D, 0xED6D, 0xED6D, 0xED6D, 0xED8E, 0xF58E,
    0xF58E, 0xF5AE, 0xF5AE, 0xF5CE, 0xFDEF, 0xFDEF, 0xFDF0, 0xFE10, 0xFE31, 0xF631, 0xF5EF, 0xFE0E,
    0xED8D, 0x7B07, 0x0820, 0x0000, 0x0000, 0x0000, 0x0000, 0x0000, 0x0000, 0x0000, 0x0000, 0x0000,
    0x0000, 0x0000, 0x0000, 0x0000, 0x0000, 0x0000, 0x0000, 0x0000, 0x0000, 0x0000, 0x0000, 0x0000,
    0x0000, 0x0000, 0x0000, 0x0000, 0x0000, 0x0000, 0x0000, 0x0000, 0x0000, 0x0000, 0x0000, 0x0000,
    0x0000, 0x0000, 0x0000, 0x0000, 0x0000, 0x0000, 0x0000, 0x0000, 0x0000, 0x0000, 0x0000, 0x0000,
    0x0000, 0x0000, 0x0000, 0x0000, 0x0000, 0x0000, 0x0000, 0x0000, 0x0000, 0x0000, 0x0000, 0x0000,
    0x0000, 0x0000, 0x0000, 0x0000, 0x0000, 0x0000, 0x0000, 0x0000, 0x0000, 0x0000, 0x0000, 0x0000,
    0x0000, 0x0000, 0x0000, 0x0000, 0x0000, 0x0000, 0x0000, 0x0000, 0x0000, 0x0000, 0x0000, 0x0000,
    0x0000, 0x0000, 0x0000, 0x0000, 0x0000, 0x0000, 0x0000, 0x0000, 0x0000, 0x0000, 0x0000, 0x0000,
    0x0000, 0x0000, 0x0000, 0x0000, 0x0000, 0x0000, 0x0000, 0x0000, 0x0000, 0x0000, 0x0000, 0x0000,
    0x0000, 0x0000, 0x0000, 0x0000, 0x0000, 0x0000, 0x0000, 0x0000, 0x0000, 0x0000, 0x1081, 0x8B68,
    0xF5AE, 0xFE0F, 0xF5CF, 0xF611, 0xFE31, 0xFDF0, 0xFDF0, 0xFDCF, 0xFDCF, 0xFDAE, 0xF5AE, 0xF5AE,
    0xF58E, 0xF58E, 0xF58E, 0xF56E, 0xED4E, 0xED4D, 0xED4D, 0xED4D, 0xED4D, 0xE52D, 0xE52D, 0xE52D,
    0xE52D, 0xE50D, 0xE50D, 0xE50D, 0xE50D, 0xDD0D, 0xDD0D, 0xDD0D, 0xDD0E, 0xDD0E, 0xDD0E, 0xDD0E,
    0xDCEE, 0xDCEE, 0xDCEE, 0xDD0E, 0xDD0E, 0xDD0F, 0xD50F, 0xD4EF, 0xD4EF, 0xD4EE, 0xD4EE, 0xD4EE,
    0xD4EF, 0xD50F, 0xD50F, 0xD50F, 0xD50F, 0xD50F, 0xD510, 0xD510, 0xD510, 0xD510, 0xD510, 0xD510,
    0xD510, 0xD510, 0xD510, 0xD530, 0xD530, 0xD530, 0xD510, 0xD510, 0xD510, 0xD510, 0xD510, 0xD510,
    0xD510, 0xD510, 0xD50F, 0xD50F, 0xD50F, 0xD50F, 0xD50F, 0xD50F, 0xD50F, 0xD50F, 0xD50F, 0xD50E,
    0xD50E, 0xD50E, 0xDCEE, 0xDD0E, 0xDD0F, 0xDD0F, 0xDD0F, 0xDD0E, 0xDD0E, 0xDD0E, 0xDD0E, 0xDD0E,
    0xDD0E, 0xDD0D, 0xE50D, 0xDD0D, 0xE52D, 0xE52D, 0xE52D, 0xE52D, 0xE52D, 0xE54D, 0xED4D, 0xED4D,
    0xED4D, 0xED6D, 0xED6D, 0xED8D, 0xF58E, 0xF58E, 0xF58E, 0xF5AE, 0xF5AE, 0xF5CE, 0xFDEF, 0xFDEF,
    0xFDF0, 0xFE10, 0xFE31, 0xF631, 0xF5CF, 0xFDEE, 0xFDEE, 0xA3EA, 0x20E2, 0x0000, 0x0000, 0x0000,
    0x0000, 0x0000, 0x0000, 0x0000, 0x0000, 0x0000, 0x0000, 0x0000, 0x0000, 0x0000, 0x0000, 0x0000,
    0x0000, 0x0000, 0x0000, 0x0000, 0x0000, 0x0000, 0x0000, 0x0000, 0x0000, 0x0000, 0x0000, 0x0000,
    0x0000, 0x0000, 0x0000, 0x0000, 0x0000, 0x0000, 0x0000, 0x0000, 0x0000, 0x0000, 0x0000, 0x0000,
    0x0000, 0x0000, 0x0000, 0x0000, 0x0000, 0x0000, 0x0000, 0x0000, 0x0000, 0x0000, 0x0000, 0x0000,
    0x0000, 0x0000, 0x0000, 0x0000, 0x0000, 0x0000, 0x0000, 0x0000, 0x0000, 0x0000, 0x0000, 0x0000,
    0x0000, 0x0000, 0x0000, 0x0000, 0x0000, 0x0000, 0x0000, 0x0000, 0x0000, 0x0000, 0x0000, 0x0000,
    0x0000, 0x0000, 0x0000, 0x0000, 0x0000, 0x0000, 0x0000, 0x0000, 0x0000, 0x0000, 0x0000, 0x0000,
    0x0000, 0x0000, 0x0000, 0x0000, 0x0000, 0x0000, 0x0000, 0x0000, 0x0000, 0x0000, 0x0000, 0x0000,
    0x0000, 0x0000, 0x0000, 0x0000, 0x0000, 0x0000, 0x0000, 0x0000, 0x0000, 0x0000, 0x0000, 0x0000,
    0x0000, 0x0000, 0x0000, 0x0000, 0x0000, 0x0000, 0x0000, 0x0000, 0x20E2, 0xABEA, 0xFDEE, 0xFDEE,
    0xF5AF, 0xF610, 0xFE11, 0xFDF0, 0xFDEF, 0xFDCF, 0xFDCF, 0xFDCF, 0xFDAE, 0xF5AE, 0xF58E, 0xF56E,
    0xF56E, 0xF56E, 0xED6D, 0xED4D, 0xED4D, 0xED4D, 0xED4D, 0xED4D, 0xE52D, 0xE52D, 0xE52D, 0xE52D,
    0xE50D, 0xE50D, 0xDD0D, 0xDD0D, 0xDD0D, 0xDD0E, 0xDD0E, 0xDCEE, 0xDCEE, 0xDCEE, 0xDCEE, 0xDCEE,
    0xDCEE, 0xDD0F, 0xDD0E, 0xDD0E, 0xDD0E, 0xDCEE, 0xDCEE, 0xD4EE, 0xD4EE, 0xD4EE, 0xD50F, 0xD4EE,
    0xD4EF, 0xD4EF, 0xDCEF, 0xDCEF, 0xDD0F, 0xD50F, 0xD50F, 0xD4EF, 0xD4EF, 0xD50F, 0xD50F, 0xD50F,
    0xD510, 0xD50F, 0xD50F, 0xD50F, 0xD50F, 0xD50F, 0xD50F, 0xD50F, 0xD4EF, 0xD4EF, 0xD4EF, 0xD4EF,
    0xD4EF, 0xD4EF, 0xD4EF, 0xDCEF, 0xD50E, 0xD50E, 0xD4EE, 0xDCEE, 0xDCEE, 0xDD0E, 0xDD0E, 0xDD0E,
    0xDCEE, 0xDD0E, 0xDD0E, 0xDD0E, 0xDD0E, 0xE50E, 0xDD0D, 0xDD0D, 0xE52D, 0xE52D, 0xE52D, 0xE52D,
    0xE52D, 0xE52D, 0xE52D, 0xE54D, 0xED4D, 0xED4D, 0xED6D, 0xED6E, 0xED8E, 0xED8E, 0xF58E, 0xF58E,
    0xF5AE, 0xF5AE, 0xF5AE, 0xF5CE, 0xFDCF, 0xFDEF, 0xFDF0, 0xFDF0, 0xFE31, 0xFE52, 0xF5F0, 0xFDCE,
    0xFE0E, 0xC4AB, 0x41A4, 0x0000, 0x0000, 0x0000, 0x0000, 0x0000, 0x0000, 0x0000, 0x0000, 0x0000,
    0x0000, 0x0000, 0x0000, 0x0000, 0x0000, 0x0000, 0x0000, 0x0000, 0x0000, 0x0000, 0x0000, 0x0000,
    0x0000, 0x0000, 0x0000, 0x0000, 0x0000, 0x0000, 0x0000, 0x0000, 0x0000, 0x0000, 0x0000, 0x0000,
    0x0000, 0x0000, 0x0000, 0x0000, 0x0000, 0x0000, 0x0000, 0x0000, 0x0000, 0x0000, 0x0000, 0x0000,
    0x0000, 0x0000, 0x0000, 0x0000, 0x0000, 0x0000, 0x0000, 0x0000, 0x0000, 0x0000, 0x0000, 0x0000,
    0x0000, 0x0000, 0x0000, 0x0000, 0x0000, 0x0000, 0x0000, 0x0000, 0x0000, 0x0000, 0x0000, 0x0000,
    0x0000, 0x0000, 0x0000, 0x0000, 0x0000, 0x0000, 0x0000, 0x0000, 0x0000, 0x0000, 0x0000, 0x0000,
    0x0000, 0x0000, 0x0000, 0x0000, 0x0000, 0x0000, 0x0000, 0x0000, 0x0000, 0x0000, 0x0000, 0x0000,
    0x0000, 0x0000, 0x0000, 0x0000, 0x0000, 0x0000, 0x0000, 0x0000, 0x0000, 0x0000, 0x0000, 0x0000,
    0x0000, 0x0000, 0x0000, 0x0000, 0x0000, 0x0000, 0x0000, 0x0000, 0x0000, 0x0000, 0x0000, 0x0000,
    0x0000, 0x0000, 0x0000, 0x0000, 0x0000, 0x0000, 0x49C4, 0xC4AB, 0xFDEE, 0xFDCE, 0xF5CF, 0xFE11,
    0xFE11, 0xFDF0, 0xFDF0, 0xFDEF, 0xFDCF, 0xFDCE, 0xF5AE, 0xF58E, 0xF58E, 0xF56E, 0xF56E, 0xED6D,
    0xED6D, 0xED6D, 0xED4D, 0xED4D, 0xED4D, 0xED2D, 0xE52D, 0xE52D, 0xE52D, 0xE52D, 0xE52D, 0xE52D,
    0xE52D, 0xE52D, 0xE52E, 0xE50E, 0xDD0E, 0xE50E, 0xDD0E, 0xDD0E, 0xDD0E, 0xDD0E, 0xDD0E, 0xDD0E,
    0xDD0E, 0xDD0E, 0xDD0E, 0xDCEE, 0xDCEE, 0xDCEE, 0xDCEE, 0xD4EE, 0xDCEE, 0xDCEF, 0xDCEF, 0xDCEF,
    0xDD0F, 0xDD0F, 0xD50F, 0xDCEF, 0xDCEF, 0xD50F, 0xD50F, 0xD50F, 0xD50F, 0xD50F, 0xD50F, 0xD50F,
    0xD50F, 0xD50E, 0xD4EE, 0xD4EE, 0xD4EE, 0xD4EE, 0xD4EE, 0xD4EE, 0xD4EE, 0xDCEE, 0xDCEE, 0xDCEE,
    0xDCEE, 0xDCEE, 0xDCEE, 0xDCEE, 0xDCEE, 0xDD0E, 0xDD0E, 0xDD0E, 0xDD0E, 0xDD0E, 0xE50E, 0xE50E,
    0xE50E, 0xE52D, 0xE52D, 0xE52D, 0xE52D, 0xE52D, 0xE52D, 0xE52D, 0xE52D, 0xE54D, 0xED4D, 0xED4D,
    0xED6D, 0xED6D, 0xED6D, 0xED8E, 0xF58E, 0xF58E, 0xF5AE, 0xF5AE, 0xF5AE, 0xF5CE, 0xF5CF, 0xFDEF,
    0xFDEF, 0xFDF0, 0xFE31, 0xFE51, 0xF5F0, 0xFDCE, 0xFE0E, 0xDD0C, 0x6266, 0x0000, 0x0000, 0x0000,
    0x0000, 0x0000, 0x0000, 0x0000, 0x0000, 0x0000, 0x0000, 0x0000, 0x0000, 0x0000, 0x0000, 0x0000,
    0x0000, 0x0000, 0x0000, 0x0000, 0x0000, 0x0000, 0x0000, 0x0000, 0x0000, 0x0000, 0x0000, 0x0000,
    0x0000, 0x0000, 0x0000, 0x0000, 0x0000, 0x0000, 0x0000, 0x0000, 0x0000, 0x0000, 0x0000, 0x0000,
    0x0000, 0x0000, 0x0000, 0x0000, 0x0000, 0x0000, 0x0000, 0x0000, 0x0000, 0x0000, 0x0000, 0x0000,
    0x0000, 0x0000, 0x0000, 0x0000, 0x0000, 0x0000, 0x0000, 0x0000, 0x0000, 0x0000, 0x0000, 0x0000,
    0x0000, 0x0000, 0x0000, 0x0000, 0x0000, 0x0000, 0x0000, 0x0000, 0x0000, 0x0000, 0x0000, 0x0000,
    0x0000, 0x0000, 0x0000, 0x0000, 0x0000, 0x0000, 0x0000, 0x0000, 0x0000, 0x0000, 0x0000, 0x0000,
    0x0000, 0x0000, 0x0000, 0x0000, 0x0000, 0x0000, 0x0000, 0x0000, 0x0000, 0x0000, 0x0000, 0x0000,
    0x0000, 0x0000, 0x0000, 0x0000, 0x0000, 0x0000, 0x0000, 0x0000, 0x0000, 0x0000, 0x0000, 0x0000,
    0x0000, 0x0000, 0x0000, 0x0000, 0x0000, 0x0000, 0x0000, 0x0000, 0x0000, 0x0000, 0x0000, 0x0000,
    0x0000, 0x0000, 0x0000, 0x0000, 0x6246, 0xD4EC, 0xFE0E, 0xFDEF, 0xF5F0, 0xFE31, 0xFE11, 0xFDF0,
    0xFDF0, 0xFDEF, 0xFDCF, 0xFDCF, 0xF5AE, 0xF5AE, 0xF58E, 0xF58E, 0xF58E, 0xF56E, 0xF56D, 0xED6D,
    0xED4D, 0xED4D, 0xED2D, 0xED2D, 0xE52D, 0xE54D, 0xE54E, 0xE52D, 0xE52D, 0xE52D, 0xE52D, 0xE52D,
    0xE50E, 0xE52E, 0xE52E, 0xDD0D, 0xDD0D, 0xDD0D, 0xDD0D, 0xDD0E, 0xDD0E, 0xDD0E, 0xDD0E, 0xDD0E,
    0xDD0E, 0xDD0E, 0xDCEE, 0xDCEE, 0xDCEE, 0xDCEE, 0xDCEE, 0xDD0E, 0xDD0E, 0xDD0E, 0xDD0E, 0xDCEE,
    0xDCEE, 0xDD0E, 0xDD0E, 0xDD0E, 0xDD0E, 0xDCEE, 0xDCEE, 0xDD0E, 0xDD0E, 0xDCEE, 0xDCEE, 0xDCEE,
    0xD4EE, 0xDCEE, 0xDCEE, 0xDCEE, 0xDCEE, 0xDCEE, 0xDCEE, 0xDCEE, 0xDD0E, 0xDD0E, 0xDCEE, 0xDCED,
    0xDD0D, 0xDD0D, 0xDD0D, 0xDD0D, 0xDD0D, 0xE50D, 0xE50E, 0xE50E, 0xE52D, 0xE52D, 0xE52D, 0xE52D,
    0xE52D, 0xE52D, 0xE52D, 0xED4D, 0xED4D, 0xED4D, 0xED6D, 0xED6D, 0xED6D, 0xF56E, 0xF58E, 0xF58E,
    0xF5AE, 0xF5AE, 0xF5AE, 0xF5CE, 0xFDCF, 0xFDEF, 0xFDEF, 0xFDF0, 0xFE11, 0xFE31, 0xF5F0, 0xFDEE,
    0xFE0E, 0xE56D, 0x7AE7, 0x0841, 0x0000, 0x0000, 0x0000, 0x0000, 0x0000, 0x0000, 0x0000, 0x0000,
    0x0000, 0x0000, 0x0000, 0x0000, 0x0000, 0x0000, 0x0000, 0x0000, 0x0000, 0x0000, 0x0000, 0x0000,
    0x0000, 0x0000, 0x0000, 0x0000, 0x0000, 0x0000, 0x0000, 0x0000, 0x0000, 0x0000, 0x0000, 0x0000,
    0x0000, 0x0000, 0x0000, 0x0000, 0x0000, 0x0000, 0x0000, 0x0000, 0x0000, 0x0000, 0x0000, 0x0000,
    0x0000, 0x0000, 0x0000, 0x0000, 0x0000, 0x0000, 0x0000, 0x0000, 0x0000, 0x0000, 0x0000, 0x0000,
    0x0000, 0x0000, 0x0000, 0x0000, 0x0000, 0x0000, 0x0000, 0x0000, 0x0000, 0x0000, 0x0000, 0x0000,
    0x0000, 0x0000, 0x0000, 0x0000, 0x0000, 0x0000, 0x0000, 0x0000, 0x0000, 0x0000, 0x0000, 0x0000,
    0x0000, 0x0000, 0x0000, 0x0000, 0x0000, 0x0000, 0x0000, 0x0000, 0x0000, 0x0000, 0x0000, 0x0000,
    0x0000, 0x0000, 0x0000, 0x0000, 0x0000, 0x0000, 0x0000, 0x0000, 0x0000, 0x0000, 0x0000, 0x0000,
    0x0000, 0x0000, 0x0000, 0x0000, 0x0000, 0x0000, 0x0000, 0x0000, 0x0000, 0x0000, 0x0000, 0x0000,
    0x0000, 0x0000, 0x0000, 0x0000, 0x0000, 0x0000, 0x0000, 0x0000, 0x0000, 0x0000, 0x0000, 0x0000,
    0x0000, 0x0820, 0x6266, 0xD4EC, 0xFE0F, 0xFDCF, 0xF5CF, 0xF611, 0xFE31, 0xFE11, 0xFDF0, 0xFDEF,
    0xFDCF, 0xFDCE, 0xFDAE, 0xF5AE, 0xF58E, 0xF58E, 0xF58E, 0xF58E, 0xF56D, 0xED6D, 0xED4D, 0xED4D,
    0xED4D, 0xED4D, 0xED4D, 0xED4D, 0xE54D, 0xE52D, 0xE52D, 0xE52D, 0xE52D, 0xE52D, 0xE52D, 0xE52D,
    0xE50D, 0xE50D, 0xE50D, 0xDD0D, 0xDD0D, 0xE52D, 0xDD0D, 0xDD0D, 0xDD0E, 0xDD0D, 0xDD0E, 0xDCEE,
    0xDCEE, 0xDCEE, 0xDD0E, 0xDD0E, 0xDD0E, 0xDD0E, 0xDD0E, 0xDD0E, 0xDD0E, 0xDD0E, 0xDD0E, 0xDCEE,
    0xDCEE, 0xDD0E, 0xDD0E, 0xDD0E, 0xDD0E, 0xDD0E, 0xDD0E, 0xDD0E, 0xDD0D, 0xDD0D, 0xDCED, 0xDD0E,
    0xDD0D, 0xDCED, 0xDCED, 0xDD0D, 0xDD0D, 0xDD0D, 0xDD0D, 0xDD0D, 0xDD0D, 0xDD0D, 0xE50D, 0xE50D,
    0xE52D, 0xE50D, 0xE50E, 0xE50D, 0xE52D, 0xE52D, 0xED4D, 0xE54D, 0xED4D, 0xED4D, 0xED4D, 0xED4D,
    0xED6D, 0xED6D, 0xED6E, 0xF58E, 0xF58E, 0xF58E, 0xF5AE, 0xF5AE, 0xF5CE, 0xF5CF, 0xFDEF, 0xFDEF,
    0xFDEF, 0xFDF0, 0xFE31, 0xFE31, 0xF5F0, 0xFDCE, 0xFDEE, 0xE54D, 0x7B07, 0x18A1, 0x0000, 0x0000,
    0x0000, 0x0000, 0x0000, 0x0000, 0x0000, 0x0000, 0x0000, 0x0000, 0x0000, 0x0000, 0x0000, 0x0000,
    0x0000, 0x0000, 0x0000, 0x0000, 0x0000, 0x0000, 0x0000, 0x0000, 0x0000, 0x0000, 0x0000, 0x0000,
    0x0000, 0x0000, 0x0000, 0x0000, 0x0000, 0x0000, 0x0000, 0x0000, 0x0000, 0x0000, 0x0000, 0x0000,
    0x0000, 0x0000, 0x0000, 0x0000, 0x0000, 0x0000, 0x0000, 0x0000, 0x0000, 0x0000, 0x0000, 0x0000,
    0x0000, 0x0000, 0x0000, 0x0000, 0x0000, 0x0000, 0x0000, 0x0000, 0x0000, 0x0000, 0x0000, 0x0000,
    0x0000, 0x0000, 0x0000, 0x0000, 0x0000, 0x0000, 0x0000, 0x0000, 0x0000, 0x0000, 0x0000, 0x0000,
    0x0000, 0x0000, 0x0000, 0x0000, 0x0000, 0x0000, 0x0000, 0x0000, 0x0000, 0x0000, 0x0000, 0x0000,
    0x0000, 0x0000, 0x0000, 0x0000, 0x0000, 0x0000, 0x0000, 0x0000, 0x0000, 0x0000, 0x0000, 0x0000,
    0x0000, 0x0000, 0x0000, 0x0000, 0x0000, 0x0000, 0x0000, 0x0000, 0x0000, 0x0000, 0x0000, 0x0000,
    0x0000, 0x0000, 0x0000, 0x0000, 0x0000, 0x0000, 0x0000, 0x0000, 0x0000, 0x0000, 0x0000, 0x0000,
    0x0000, 0x0000, 0x0000, 0x0000, 0x0000, 0x0000, 0x0000, 0x0000, 0x0000, 0x0000, 0x0000, 0x0820,
    0x6246, 0xCCCC, 0xFDEE, 0xFDEF, 0xFDEF, 0xF610, 0xFE31, 0xFE10, 0xFDF0, 0xFDEF, 0xFDCF, 0xFDCF,
    0xFDAF, 0xFDAF, 0xF5AE, 0xF58E, 0xF58D, 0xF56D, 0xF56D, 0xF56D, 0xF54E, 0xED4E, 0xED6D, 0xED4D,
    0xED4D, 0xED4D, 0xED4D, 0xE52D, 0xE52D, 0xE52D, 0xE52D, 0xE52D, 0xE52D, 0xE52D, 0xE52D, 0xE52D,
    0xE52D, 0xE52D, 0xE52D, 0xE50D, 0xE50D, 0xE50D, 0xE50E, 0xE50E, 0xDCEE, 0xDD0E, 0xDD0D, 0xDD0D,
    0xDD0D, 0xDD0E, 0xDD0E, 0xDD0E, 0xDD0E, 0xDD0E, 0xDD0E, 0xDD0D, 0xDD0D, 0xDD0D, 0xDD0D, 0xDD0E,
    0xDD0E, 0xDD0D, 0xDD0D, 0xDD0D, 0xDD0D, 0xDD0D, 0xDD0D, 0xDD0D, 0xDD0D, 0xDD0D, 0xDD0D, 0xDD0D,
    0xDD0D, 0xE50D, 0xE50D, 0xE50D, 0xE52D, 0xE52D, 0xE52D, 0xE52D, 0xE52D, 0xE52D, 0xE52D, 0xE52D,
    0xED2D, 0xED2D, 0xED4D, 0xED4D, 0xED4D, 0xED4D, 0xED4D, 0xED6D, 0xED6D, 0xF58E, 0xF58E, 0xF5AE,
    0xF5AE, 0xF5AE, 0xF5CE, 0xFDCF, 0xFDEF, 0xFDEF, 0xFDF0, 0xFE10, 0xFE11, 0xF611, 0xF5CF, 0xFDCE,
    0xFDEE, 0xE52C, 0x8307, 0x1881, 0x0000, 0x0000, 0x0000, 0x0000, 0x0000, 0x0000, 0x0000, 0x0000,
    0x0000, 0x0000, 0x0000, 0x0000, 0x0000, 0x0000, 0x0000, 0x0000, 0x0000, 0x0000, 0x0000, 0x0000,
    0x0000, 0x0000, 0x0000, 0x0000, 0x0000, 0x0000, 0x0000, 0x0000, 0x0000, 0x0000, 0x0000, 0x0000,
    0x0000, 0x0000, 0x0000, 0x0000, 0x0000, 0x0000, 0x0000, 0x0000, 0x0000, 0x0000, 0x0000, 0x0000,
    0x0000, 0x0000, 0x0000, 0x0000, 0x0000, 0x0000, 0x0000, 0x0000, 0x0000, 0x0000, 0x0000, 0x0000,
    0x0000, 0x0000, 0x0000, 0x0000, 0x0000, 0x0000, 0x0000, 0x0000, 0x0000, 0x0000, 0x0000, 0x0000,
    0x0000, 0x0000, 0x0000, 0x0000, 0x0000, 0x0000, 0x0000, 0x0000, 0x0000, 0x0000, 0x0000, 0x0000,
    0x0000, 0x0000, 0x0000, 0x0000, 0x0000, 0x0000, 0x0000, 0x0000, 0x0000, 0x0000, 0x0000, 0x0000,
    0x0000, 0x0000, 0x0000, 0x0000, 0x0000, 0x0000, 0x0000, 0x0000, 0x0000, 0x0000, 0x0000, 0x0000,
    0x0000, 0x0000, 0x0000, 0x0000, 0x0000, 0x0000, 0x0000, 0x0000, 0x0000, 0x0000, 0x0000, 0x0000,
    0x0000, 0x0000, 0x0000, 0x0000, 0x0000, 0x0000, 0x0000, 0x0000, 0x0000, 0x0000, 0x0000, 0x0000,
    0x0000, 0x0000, 0x0000, 0x0000, 0x0000, 0x0000, 0x0000, 0x0000, 0x0000, 0x0020, 0x5A25, 0xC4AB,
    0xFDEE, 0xFE0E, 0xFDCE, 0xF5F0, 0xFE31, 0xFE11, 0xFDF0, 0xFDEF, 0xFDCF, 0xFDCF, 0xFDCF, 0xF5AE,
    0xF5AE, 0xF58E, 0xF58E, 0xF58E, 0xF56E, 0xF56E, 0xF56E, 0xED6D, 0xED4D, 0xED4D, 0xED4D, 0xED4D,
    0xED4D, 0xED4D, 0xED4D, 0xED4D, 0xE54D, 0xE54D, 0xE52D, 0xE52D, 0xE52D, 0xE52D, 0xE52D, 0xE52D,
    0xE52D, 0xE52D, 0xE50E, 0xE50E, 0xE50E, 0xE50E, 0xE50D, 0xDD0D, 0xDD0D, 0xDD0D, 0xDD0D, 0xDD0D,
    0xDD0D, 0xDD0D, 0xDD0D, 0xDD0D, 0xDD0D, 0xE50D, 0xE50D, 0xE50D, 0xE50D, 0xDD0D, 0xDD0D, 0xE50D,
    0xE50D, 0xE50D, 0xE50D, 0xE50D, 0xE50D, 0xE50D, 0xE50D, 0xE50D, 0xE50D, 0xE52D, 0xE52D, 0xE52D,
    0xE52D, 0xE52D, 0xE52D, 0xE52D, 0xE54D, 0xED4D, 0xED2E, 0xED2D, 0xED4D, 0xED4D, 0xED6D, 0xED6D,
    0xED6D, 0xED6D, 0xF58E, 0xF58E, 0xF58E, 0xF5AE, 0xF5AE, 0xF5AE, 0xF5CF, 0xFDEF, 0xFDEF, 0xFDEF,
    0xFDF0, 0xFE11, 0xFE31, 0xF611, 0xF5EF, 0xFDEE, 0xFE0E, 0xDD0C, 0x72A7, 0x1061, 0x0000, 0x0000,
    0x0000, 0x0000, 0x0000, 0x0000, 0x0000, 0x0000, 0x0000, 0x0000, 0x0000, 0x0000, 0x0000, 0x0000,
    0x0000, 0x0000, 0x0000, 0x0000, 0x0000, 0x0000, 0x0000, 0x0000, 0x0000, 0x0000, 0x0000, 0x0000,
    0x0000, 0x0000, 0x0000, 0x0000, 0x0000, 0x0000, 0x0000, 0x0000, 0x0000, 0x0000, 0x0000, 0x0000,
    0x0000, 0x0000, 0x0000, 0x0000, 0x0000, 0x0000, 0x0000, 0x0000, 0x0000, 0x0000, 0x0000, 0x0000,
    0x0000, 0x0000, 0x0000, 0x0000, 0x0000, 0x0000, 0x0000, 0x0000, 0x0000, 0x0000, 0x0000, 0x0000,
    0x0000, 0x0000, 0x0000, 0x0000, 0x0000, 0x0000, 0x0000, 0x0000, 0x0000, 0x0000, 0x0000, 0x0000,
    0x0000, 0x0000, 0x0000, 0x0000, 0x0000, 0x0000, 0x0000, 0x0000, 0x0000, 0x0000, 0x0000, 0x0000,
    0x0000, 0x0000, 0x0000, 0x0000, 0x0000, 0x0000, 0x0000, 0x0000, 0x0000, 0x0000, 0x0000, 0x0000,
    0x0000, 0x0000, 0x0000, 0x0000, 0x0000, 0x0000, 0x0000, 0x0000, 0x0000, 0x0000, 0x0000, 0x0000,
    0x0000, 0x0000, 0x0000, 0x0000, 0x0000, 0x0000, 0x0000, 0x0000, 0x0000, 0x0000, 0x0000, 0x0000,
    0x0000, 0x0000, 0x0000, 0x0000, 0x0000, 0x0000, 0x0000, 0x0000, 0x0000, 0x0000, 0x0000, 0x0000,
    0x0000, 0x0000, 0x0000, 0x0000, 0x0000, 0x0000, 0x0000, 0x0000, 0x41A4, 0xAC0A, 0xF58D, 0xFDEE,
    0xFDCE, 0xF5CF, 0xF610, 0xFE30, 0xFE10, 0xFDEF, 0xFDEF, 0xFDCF, 0xFDCF, 0xFDAE, 0xF5AE, 0xF5AE,
    0xF5AE, 0xF58E, 0xF58E, 0xF58D, 0xF56E, 0xF56D, 0xED6D, 0xED6D, 0xED6D, 0xED6D, 0xED4D, 0xED4D,
    0xED4D, 0xED4D, 0xED4D, 0xED4D, 0xED4D, 0xE52D, 0xE52D, 0xE52D, 0xE52D, 0xE52D, 0xE50D, 0xE50E,
    0xE52E, 0xE52D, 0xE52D, 0xE52D, 0xE52D, 0xE52D, 0xE52D, 0xE52D, 0xE52D, 0xE50D, 0xE50D, 0xE50D,
    0xE50D, 0xE50D, 0xE52D, 0xE52D, 0xE52D, 0xE52D, 0xE50E, 0xE50E, 0xE52D, 0xE52D, 0xE52D, 0xE52D,
    0xE52D, 0xE50D, 0xE52D, 0xE52D, 0xE52D, 0xE52D, 0xE54D, 0xE54D, 0xED4D, 0xED4D, 0xED4D, 0xED4D,
    0xED4D, 0xED4D, 0xED6D, 0xED4D, 0xED6D, 0xED6D, 0xED6E, 0xF58E, 0xF58E, 0xF58E, 0xF5AE, 0xF5AE,
    0xF5AE, 0xF5CE, 0xF5CF, 0xFDCF, 0xFDEF, 0xFDF0, 0xFE10, 0xFE11, 0xF611, 0xF5EF, 0xFDEE, 0xFE0F,
    0xFDEE, 0xC48B, 0x6266, 0x0841, 0x0000, 0x0000, 0x0000, 0x0000, 0x0000, 0x0000, 0x0000, 0x0000,
    0x0000, 0x0000, 0x0000, 0x0000, 0x0000, 0x0000, 0x0000, 0x0000, 0x0000, 0x0000, 0x0000, 0x0000,
    0x0000, 0x0000, 0x0000, 0x0000, 0x0000, 0x0000, 0x0000, 0x0000, 0x0000, 0x0000, 0x0000, 0x0000,
    0x0000, 0x0000, 0x0000, 0x0000, 0x0000, 0x0000, 0x0000, 0x0000, 0x0000, 0x0000, 0x0000, 0x0000,
    0x0000, 0x0000, 0x0000, 0x0000, 0x0000, 0x0000, 0x0000, 0x0000, 0x0000, 0x0000, 0x0000, 0x0000,
    0x0000, 0x0000, 0x0000, 0x0000, 0x0000, 0x0000, 0x0000, 0x0000, 0x0000, 0x0000, 0x0000, 0x0000,
    0x0000, 0x0000, 0x0000, 0x0000, 0x0000, 0x0000, 0x0000, 0x0000, 0x0000, 0x0000, 0x0000, 0x0000,
    0x0000, 0x0000, 0x0000, 0x0000, 0x0000, 0x0000, 0x0000, 0x0000, 0x0000, 0x0000, 0x0000, 0x0000,
    0x0000, 0x0000, 0x0000, 0x0000, 0x0000, 0x0000, 0x0000, 0x0000, 0x0000, 0x0000, 0x0000, 0x0000,
    0x0000, 0x0000, 0x0000, 0x0000, 0x0000, 0x0000, 0x0000, 0x0000, 0x0000, 0x0000, 0x0000, 0x0000,
    0x0000, 0x0000, 0x0000, 0x0000, 0x0000, 0x0000, 0x0000, 0x0000, 0x0000, 0x0000, 0x0000, 0x0000,
    0x0000, 0x0000, 0x0000, 0x0000, 0x0000, 0x0000, 0x0000, 0x0000, 0x0000, 0x0000, 0x0000, 0x0000,
    0x0000, 0x0000, 0x0000, 0x0000, 0x0000, 0x0000, 0x20E2, 0x8328, 0xDD0C, 0xFDEE, 0xFDEE, 0xFDCF,
    0xF5F0, 0xFE31, 0xFE31, 0xFE10, 0xFDEF, 0xFDCF, 0xFDCF, 0xFDCF, 0xFDCE, 0xFDAE, 0xF5AE, 0xF5AE,
    0xF58E, 0xF58E, 0xF58E, 0xF58E, 0xF58E, 0xF56E, 0xED6D, 0xED6D, 0xED6D, 0xED6D, 0xED4D, 0xED4D,
    0xED4D, 0xED4D, 0xED4D, 0xED4D, 0xED4D, 0xED2D, 0xED2E, 0xED2E, 0xED2E, 0xED2D, 0xE52D, 0xE52D,
    0xE52D, 0xE52D, 0xE52D, 0xE52D, 0xE52D, 0xE52D, 0xE52D, 0xE52D, 0xE52D, 0xE52D, 0xE52D, 0xE52D,
    0xE52D, 0xE52D, 0xE52E, 0xE52E, 0xE52D, 0xE52D, 0xE54D, 0xE52D, 0xE52D, 0xE52D, 0xED2D, 0xED2D,
    0xED4D, 0xED4D, 0xED4D, 0xED4D, 0xED4D, 0xED4D, 0xED6D, 0xED6D, 0xED6D, 0xED6E, 0xF58E, 0xF58E,
    0xF58E, 0xF58E, 0xF58E, 0xF5AE, 0xF5AE, 0xF5AE, 0xFDCF, 0xFDCF, 0xFDEF, 0xFDEF, 0xFDF0, 0xFDF0,
    0xFE11, 0xFE31, 0xF5F0, 0xFDEF, 0xFDEE, 0xFDEE, 0xE54D, 0x9BC9, 0x4184, 0x0000, 0x0000, 0x0000,
    0x0000, 0x0000, 0x0000, 0x0000, 0x0000, 0x0000, 0x0000, 0x0000, 0x0000, 0x0000, 0x0000, 0x0000,
    0x0000, 0x0000, 0x0000, 0x0000, 0x0000, 0x0000, 0x0000, 0x0000, 0x0000, 0x0000, 0x0000, 0x0000,
    0x0000, 0x0000, 0x0000, 0x0000, 0x0000, 0x0000, 0x0000, 0x0000, 0x0000, 0x0000, 0x0000, 0x0000,
    0x0000, 0x0000, 0x0000, 0x0000, 0x0000, 0x0000, 0x0000, 0x0000, 0x0000, 0x0000, 0x0000, 0x0000,
    0x0000, 0x0000, 0x0000, 0x0000, 0x0000, 0x0000, 0x0000, 0x0000, 0x0000, 0x0000, 0x0000, 0x0000,
    0x0000, 0x0000, 0x0000, 0x0000, 0x0000, 0x0000, 0x0000, 0x0000, 0x0000, 0x0000, 0x0000, 0x0000,
    0x0000, 0x0000, 0x0000, 0x0000, 0x0000, 0x0000, 0x0000, 0x0000, 0x0000, 0x0000, 0x0000, 0x0000,
    0x0000, 0x0000, 0x0000, 0x0000, 0x0000, 0x0000, 0x0000, 0x0000, 0x0000, 0x0000, 0x0000, 0x0000,
    0x0000, 0x0000, 0x0000, 0x0000, 0x0000, 0x0000, 0x0000, 0x0000, 0x0000, 0x0000, 0x0000, 0x0000,
    0x0000, 0x0000, 0x0000, 0x0000, 0x0000, 0x0000, 0x0000, 0x0000, 0x0000, 0x0000, 0x0000, 0x0000,
    0x0000, 0x0000, 0x0000, 0x0000, 0x0000, 0x0000, 0x0000, 0x0000, 0x0000, 0x0000, 0x0000, 0x0000,
    0x0000, 0x0000, 0x0000, 0x0000, 0x0000, 0x0000, 0x0000, 0x0000, 0x0000, 0x0000, 0x0000, 0x0000,
    0x0000, 0x0000, 0x0000, 0x0000, 0x0840, 0x5225, 0xAC0A, 0xED4D, 0xFE0E, 0xFDEE, 0xFDCF, 0xF5F0,
    0xF610, 0xFE11, 0xFDF0, 0xFDF0, 0xFDEF, 0xFDCF, 0xFDCE, 0xFDCE, 0xFDAE, 0xFDAE, 0xF5AE, 0xF5AE,
    0xF5AE, 0xF58E, 0xF58E, 0xF58E, 0xF58D, 0xF56D, 0xF56D, 0xED6D, 0xED6D, 0xED6D, 0xED4D, 0xED4D,
    0xED4D, 0xED4E, 0xED4E, 0xED4E, 0xED4E, 0xED4D, 0xED4D, 0xED4D, 0xED2D, 0xED2D, 0xE52D, 0xED4D,
    0xED4D, 0xE54D, 0xE54D, 0xED4D, 0xED2E, 0xED2E, 0xE52D, 0xED2D, 0xED4D, 0xED2E, 0xED2E, 0xED2E,
    0xED2E, 0xED4D, 0xED4D, 0xED4D, 0xED4D, 0xED4D, 0xED4D, 0xED4D, 0xED6D, 0xED6D, 0xED6D, 0xED6D,
    0xED6D, 0xED6D, 0xF56D, 0xF58E, 0xF58E, 0xF58E, 0xF58E, 0xF5AE, 0xF5AE, 0xF5AE, 0xF5CE, 0xFDCF,
    0xFDCF, 0xFDEF, 0xFDEF, 0xFDF0, 0xFE10, 0xFE31, 0xFE31, 0xF610, 0xF5CF, 0xFDCE, 0xFDEE, 0xFDAE,
    0xC48B, 0x6A86, 0x1881, 0x0000, 0x0000, 0x0000, 0x0000, 0x0000, 0x0000, 0x0000, 0x0000, 0x0000,
    0x0000, 0x0000, 0x0000, 0x0000, 0x0000, 0x0000, 0x0000, 0x0000, 0x0000, 0x0000, 0x0000, 0x0000,
    0x0000, 0x0000, 0x0000, 0x0000, 0x0000, 0x0000, 0x0000, 0x0000, 0x0000, 0x0000, 0x0000, 0x0000,
    0x0000, 0x0000, 0x0000, 0x0000, 0x0000, 0x0000, 0x0000, 0x0000, 0x0000, 0x0000, 0x0000, 0x0000,
    0x0000, 0x0000, 0x0000, 0x0000, 0x0000, 0x0000, 0x0000, 0x0000, 0x0000, 0x0000, 0x0000, 0x0000,
    0x0000, 0x0000, 0x0000, 0x0000, 0x0000, 0x0000, 0x0000, 0x0000, 0x0000, 0x0000, 0x0000, 0x0000,
    0x0000, 0x0000, 0x0000, 0x0000, 0x0000, 0x0000, 0x0000, 0x0000, 0x0000, 0x0000, 0x0000, 0x0000,
    0x0000, 0x0000, 0x0000, 0x0000, 0x0000, 0x0000, 0x0000, 0x0000, 0x0000, 0x0000, 0x0000, 0x0000,
    0x0000, 0x0000, 0x0000, 0x0000, 0x0000, 0x0000, 0x0000, 0x0000, 0x0000, 0x0000, 0x0000, 0x0000,
    0x0000, 0x0000, 0x0000, 0x0000, 0x0000, 0x0000, 0x0000, 0x0000, 0x0000, 0x0000, 0x0000, 0x0000,
    0x0000, 0x0000, 0x0000, 0x0000, 0x0000, 0x0000, 0x0000, 0x0000, 0x0000, 0x0000, 0x0000, 0x0000,
    0x0000, 0x0000, 0x0000, 0x0000, 0x0000, 0x0000, 0x0000, 0x0000, 0x0000, 0x0000, 0x0000, 0x0000,
    0x0000, 0x0000, 0x0000, 0x0000, 0x0000, 0x0000, 0x0000, 0x0000, 0x0000, 0x0000, 0x0000, 0x0000,
    0x0000, 0x0000, 0x0000, 0x20C2, 0x7AE7, 0xD4EC, 0xFDEE, 0xFE0E, 0xFDEE, 0xFDCF, 0xF5F0, 0xF611,
    0xFE11, 0xFDF0, 0xFDEF, 0xFDEF, 0xFDCF, 0xFDCF, 0xFDCE, 0xFDAE, 0xFDAE, 0xF5AE, 0xF5AE, 0xF5AE,
    0xF58E, 0xF58D, 0xF58D, 0xF56D, 0xF56D, 0xF56D, 0xF56D, 0xED6D, 0xED6D, 0xED6D, 0xED6D, 0xF56D,
    0xED6D, 0xED6D, 0xED4D, 0xED4D, 0xED4D, 0xED4D, 0xED4D, 0xED4D, 0xED4D, 0xED4D, 0xED4D, 0xED4D,
    0xED4D, 0xED4D, 0xED4D, 0xED4D, 0xED4D, 0xED4E, 0xED4E, 0xED4D, 0xED4D, 0xED6D, 0xED6D, 0xED6D,
    0xED6D, 0xED6D, 0xED6D, 0xED6D, 0xED6D, 0xF58E, 0xF58E, 0xF58E, 0xF58D, 0xF58E, 0xF58E, 0xF5AE,
    0xF5AE, 0xF5AE, 0xF5AE, 0xF5CE, 0xFDCF, 0xFDCF, 0xFDCF, 0xFDEF, 0xFE10, 0xFE11, 0xFE31, 0xFE31,
    0xF611, 0xF610, 0xFDEF, 0xFE0E, 0xFDEE, 0xDD2C, 0x9368, 0x3963, 0x0000, 0x0000, 0x0000, 0x0000,
    0x0000, 0x0000, 0x0000, 0x0000, 0x0000, 0x0000, 0x0000, 0x0000, 0x0000, 0x0000, 0x0000, 0x0000,
    0x0000, 0x0000, 0x0000, 0x0000, 0x0000, 0x0000, 0x0000, 0x0000, 0x0000, 0x0000, 0x0000, 0x0000,
    0x0000, 0x0000, 0x0000, 0x0000, 0x0000, 0x0000, 0x0000, 0x0000, 0x0000, 0x0000, 0x0000, 0x0000,
    0x0000, 0x0000, 0x0000, 0x0000, 0x0000, 0x0000, 0x0000, 0x0000, 0x0000, 0x0000, 0x0000, 0x0000,
    0x0000, 0x0000, 0x0000, 0x0000, 0x0000, 0x0000, 0x0000, 0x0000, 0x0000, 0x0000, 0x0000, 0x0000,
    0x0000, 0x0000, 0x0000, 0x0000, 0x0000, 0x0000, 0x0000, 0x0000, 0x0000, 0x0000, 0x0000, 0x0000,
    0x0000, 0x0000, 0x0000, 0x0000, 0x0000, 0x0000, 0x0000, 0x0000, 0x0000, 0x0000, 0x0000, 0x0000,
    0x0000, 0x0000, 0x0000, 0x0000, 0x0000, 0x0000, 0x0000, 0x0000, 0x0000, 0x0000, 0x0000, 0x0000,
    0x0000, 0x0000, 0x0000, 0x0000, 0x0000, 0x0000, 0x0000, 0x0000, 0x0000, 0x0000, 0x0000, 0x0000,
    0x0000, 0x0000, 0x0000, 0x0000, 0x0000, 0x0000, 0x0000, 0x0000, 0x0000, 0x0000, 0x0000, 0x0000,
    0x0000, 0x0000, 0x0000, 0x0000, 0x0000, 0x0000, 0x0000, 0x0000, 0x0000, 0x0000, 0x0000, 0x0000,
    0x0000, 0x0000, 0x0000, 0x0000, 0x0000, 0x0000, 0x0000, 0x0000, 0x0000, 0x0000, 0x0000, 0x0000,
    0x0000, 0x0000, 0x0000, 0x0000, 0x0000, 0x0000, 0x0000, 0x0000, 0x0000, 0x0000, 0x0000, 0x0000,
    0x0000, 0x0020, 0x3984, 0x8B48, 0xCCCB, 0xFDAE, 0xFE0E, 0xFDEE, 0xFDCF, 0xF5CF, 0xF5F0, 0xFE10,
    0xFE10, 0xFDF0, 0xFDEF, 0xFDEF, 0xFDCF, 0xFDCF, 0xFDCF, 0xFDCE, 0xFDAE, 0xF5AE, 0xF58E, 0xF58E,
    0xF58E, 0xF58E, 0xF58E, 0xF56E, 0xF58E, 0xF58E, 0xF58E, 0xF58E, 0xF58E, 0xF56D, 0xF56D, 0xED6D,
    0xED6D, 0xED6D, 0xED6D, 0xED6E, 0xED6E, 0xED6E, 0xED6E, 0xED6E, 0xED6E, 0xED6D, 0xED6D, 0xED6D,
    0xED6E, 0xED6E, 0xED6E, 0xED6E, 0xF56E, 0xF56E, 0xF58E, 0xF58E, 0xF58E, 0xF58E, 0xF58E, 0xF58E,
    0xF58E, 0xF5AE, 0xF5AE, 0xF5AE, 0xF5AE, 0xF5AE, 0xF5CE, 0xFDCE, 0xFDCE, 0xFDCF, 0xFDCF, 0xFDEF,
    0xFDF0, 0xFE10, 0xFE11, 0xFE31, 0xF631, 0xF610, 0xFDEF, 0xFDEE, 0xFE0E, 0xFDEE, 0xDD2C, 0x9BC9,
    0x5225, 0x1061, 0x0000, 0x0000, 0x0000, 0x0000, 0x0000, 0x0000, 0x0000, 0x0000, 0x0000, 0x0000,
    0x0000, 0x0000, 0x0000, 0x0000, 0x0000, 0x0000, 0x0000, 0x0000, 0x0000, 0x0000, 0x0000, 0x0000,
    0x0000, 0x0000, 0x0000, 0x0000, 0x0000, 0x0000, 0x0000, 0x0000, 0x0000, 0x0000, 0x0000, 0x0000,
    0x0000, 0x0000, 0x0000, 0x0000, 0x0000, 0x0000, 0x0000, 0x0000, 0x0000, 0x0000, 0x0000, 0x0000,
    0x0000, 0x0000, 0x0000, 0x0000, 0x0000, 0x0000, 0x0000, 0x0000, 0x0000, 0x0000, 0x0000, 0x0000,
    0x0000, 0x0000, 0x0000, 0x0000, 0x0000, 0x0000, 0x0000, 0x0000, 0x0000, 0x0000, 0x0000, 0x0000,
    0x0000, 0x0000, 0x0000, 0x0000, 0x0000, 0x0000, 0x0000, 0x0000, 0x0000, 0x0000, 0x0000, 0x0000,
    0x0000, 0x0000, 0x0000, 0x0000, 0x0000, 0x0000, 0x0000, 0x0000, 0x0000, 0x0000, 0x0000, 0x0000,
    0x0000, 0x0000, 0x0000, 0x0000, 0x0000, 0x0000, 0x0000, 0x0000, 0x0000, 0x0000, 0x0000, 0x0000,
    0x0000, 0x0000, 0x0000, 0x0000, 0x0000, 0x0000, 0x0000, 0x0000, 0x0000, 0x0000, 0x0000, 0x0000,
    0x0000, 0x0000, 0x0000, 0x0000, 0x0000, 0x0000, 0x0000, 0x0000, 0x0000, 0x0000, 0x0000, 0x0000,
    0x0000, 0x0000, 0x0000, 0x0000, 0x0000, 0x0000, 0x0000, 0x0000, 0x0000, 0x0000, 0x0000, 0x0000,
    0x0000, 0x0000, 0x0000, 0x0000, 0x0000, 0x0000, 0x0000, 0x0000, 0x0000, 0x0000, 0x0000, 0x0000,
    0x0000, 0x0000, 0x0000, 0x0000, 0x0000, 0x0000, 0x0000, 0x0000, 0x0000, 0x0000, 0x0000, 0x0000,
    0x0000, 0x3143, 0x7AE7, 0xC48B, 0xF58D, 0xFDEE, 0xFDEE, 0xFDCE, 0xF5AE, 0xF5CF, 0xF5F0, 0xFE10,
    0xFE10, 0xFDF0, 0xFDF0, 0xFDEF, 0xFDCF, 0xFDCE, 0xFDCE, 0xFDAE, 0xF5AE, 0xFDAE, 0xF58E, 0xF58E,
    0xF5AE, 0xF5AE, 0xF5AE, 0xF5AE, 0xF5AE, 0xF58E, 0xF58E, 0xF58E, 0xF58D, 0xF58E, 0xF58E, 0xF58E,
    0xF58E, 0xF58E, 0xF58E, 0xF58E, 0xF58E, 0xF58E, 0xF58E, 0xF58E, 0xF58E, 0xF58E, 0xF58E, 0xF58E,
    0xF58E, 0xF58E, 0xF58E, 0xF5AE, 0xF5AE, 0xF5AE, 0xF5AE, 0xF5AE, 0xF5AE, 0xFDCE, 0xFDCF, 0xFDCF,
    0xFDCF, 0xFDCF, 0xFDEF, 0xFDEF, 0xFDF0, 0xFDF0, 0xFE11, 0xFE31, 0xF611, 0xF5F0, 0xF5CF, 0xFDEF,
    0xFE0F, 0xFDEE, 0xFDAD, 0xDCEB, 0x9BA9, 0x51E4, 0x0861, 0x0000, 0x0000, 0x0000, 0x0000, 0x0000,
    0x0000, 0x0000, 0x0000, 0x0000, 0x0000, 0x0000, 0x0000, 0x0000, 0x0000, 0x0000, 0x0000, 0x0000,
    0x0000, 0x0000, 0x0000, 0x0000, 0x0000, 0x0000, 0x0000, 0x0000, 0x0000, 0x0000, 0x0000, 0x0000,
    0x0000, 0x0000, 0x0000, 0x0000, 0x0000, 0x0000, 0x0000, 0x0000, 0x0000, 0x0000, 0x0000, 0x0000,
    0x0000, 0x0000, 0x0000, 0x0000, 0x0000, 0x0000, 0x0000, 0x0000, 0x0000, 0x0000, 0x0000, 0x0000,
    0x0000, 0x0000, 0x0000, 0x0000, 0x0000, 0x0000, 0x0000, 0x0000, 0x0000, 0x0000, 0x0000, 0x0000,
    0x0000, 0x0000, 0x0000, 0x0000, 0x0000, 0x0000, 0x0000, 0x0000, 0x0000, 0x0000, 0x0000, 0x0000,
    0x0000, 0x0000, 0x0000, 0x0000, 0x0000, 0x0000, 0x0000, 0x0000, 0x0000, 0x0000, 0x0000, 0x0000,
    0x0000, 0x0000, 0x0000, 0x0000, 0x0000, 0x0000, 0x0000, 0x0000, 0x0000, 0x0000, 0x0000, 0x0000,
    0x0000, 0x0000, 0x0000, 0x0000, 0x0000, 0x0000, 0x0000, 0x0000, 0x0000, 0x0000, 0x0000, 0x0000,
    0x0000, 0x0000, 0x0000, 0x0000, 0x0000, 0x0000, 0x0000, 0x0000, 0x0000, 0x0000, 0x0000, 0x0000,
    0x0000, 0x0000, 0x0000, 0x0000, 0x0000, 0x0000, 0x0000, 0x0000, 0x0000, 0x0000, 0x0000, 0x0000,
    0x0000, 0x0000, 0x0000, 0x0000, 0x0000, 0x0000, 0x0000, 0x0000, 0x0000, 0x0000, 0x0000, 0x0000,
    0x0000, 0x0000, 0x0000, 0x0000, 0x0000, 0x0000, 0x0000, 0x0000, 0x0000, 0x0000, 0x0000, 0x0000,
    0x0000, 0x0000, 0x0000, 0x0000, 0x0000, 0x0000, 0x0000, 0x0000, 0x0000, 0x0000, 0x0000, 0x0000,
    0x20E2, 0x5A45, 0x9BA9, 0xDD0C, 0xFDCD, 0xFDEE, 0xFDEE, 0xFDCE, 0xFDCE, 0xF5CF, 0xF5F0, 0xF610,
    0xFE10, 0xFE10, 0xFDF0, 0xFDEF, 0xFDEF, 0xFDCF, 0xFDCF, 0xFDCF, 0xFDCF, 0xFDCF, 0xFDCE, 0xFDCE,
    0xFDCE, 0xFDCE, 0xFDAE, 0xF5AE, 0xF5AE, 0xF5AE, 0xF5AE, 0xF5AE, 0xF5AE, 0xF5AE, 0xF5AE, 0xF5AE,
    0xF5AE, 0xF5AE, 0xF5AE, 0xF5AE, 0xF5AE, 0xF5AE, 0xF5AE, 0xF5AE, 0xFDAE, 0xFDCE, 0xF5CE, 0xFDCF,
    0xFDCF, 0xFDCF, 0xFDCE, 0xFDCF, 0xFDCF, 0xFDEF, 0xFDF0, 0xFDF0, 0xFE10, 0xFE11, 0xFE11, 0xF611,
    0xF5F0, 0xF5CF, 0xFDCF, 0xFDEF, 0xFDEE, 0xFDEE, 0xFDCD, 0xE52C, 0xB42A, 0x72C7, 0x3143, 0x0820,
    0x0000, 0x0000, 0x0000, 0x0000, 0x0000, 0x0000, 0x0000, 0x0000, 0x0000, 0x0000, 0x0000, 0x0000,
    0x0000, 0x0000, 0x0000, 0x0000, 0x0000, 0x0000, 0x0000, 0x0000, 0x0000, 0x0000, 0x0000, 0x0000,
    0x0000, 0x0000, 0x0000, 0x0000, 0x0000, 0x0000, 0x0000, 0x0000, 0x0000, 0x0000, 0x0000, 0x0000,
    0x0000, 0x0000, 0x0000, 0x0000, 0x0000, 0x0000, 0x0000, 0x0000, 0x0000, 0x0000, 0x0000, 0x0000,
    0x0000, 0x0000, 0x0000, 0x0000, 0x0000, 0x0000, 0x0000, 0x0000, 0x0000, 0x0000, 0x0000, 0x0000,
    0x0000, 0x0000, 0x0000, 0x0000, 0x0000, 0x0000, 0x0000, 0x0000, 0x0000, 0x0000, 0x0000, 0x0000,
    0x0000, 0x0000, 0x0000, 0x0000, 0x0000, 0x0000, 0x0000, 0x0000, 0x0000, 0x0000, 0x0000, 0x0000,
    0x0000, 0x0000, 0x0000, 0x0000, 0x0000, 0x0000, 0x0000, 0x0000, 0x0000, 0x0000, 0x0000, 0x0000,
    0x0000, 0x0000, 0x0000, 0x0000, 0x0000, 0x0000, 0x0000, 0x0000, 0x0000, 0x0000, 0x0000, 0x0000,
    0x0000, 0x0000, 0x0000, 0x0000, 0x0000, 0x0000, 0x0000, 0x0000, 0x0000, 0x0000, 0x0000, 0x0000,
    0x0000, 0x0000, 0x0000, 0x0000, 0x0000, 0x0000, 0x0000, 0x0000, 0x0000, 0x0000, 0x0000, 0x0000,
    0x0000, 0x0000, 0x0000, 0x0000, 0x0000, 0x0000, 0x0000, 0x0000, 0x0000, 0x0000, 0x0000, 0x0000,
    0x0000, 0x0000, 0x0000, 0x0000, 0x0000, 0x0000, 0x0000, 0x0000, 0x0000, 0x0000, 0x0000, 0x0000,
    0x0000, 0x0000, 0x0000, 0x0000, 0x0000, 0x0000, 0x0000, 0x0000, 0x0000, 0x0000, 0x0000, 0x0000,
    0x0000, 0x0000, 0x0000, 0x0000, 0x0000, 0x0000, 0x0000, 0x0000, 0x0000, 0x0000, 0x0000, 0x0840,
    0x3983, 0x72C7, 0xAC09, 0xDD0C, 0xFDAD, 0xFE0E, 0xFE0E, 0xFDEE, 0xFDCE, 0xFDCF, 0xF5CF, 0xF5EF,
    0xF5F0, 0xF5F0, 0xFE10, 0xFE10, 0xFE10, 0xFE10, 0xFDF0, 0xFDEF, 0xFDEF, 0xFDEF, 0xFDEF, 0xFDEF,
    0xFDCF, 0xFDCF, 0xFDCF, 0xFDCF, 0xFDCF, 0xFDCF, 0xFDCF, 0xFDCF, 0xFDCF, 0xFDCF, 0xFDCF, 0xFDCF,
    0xFDCF, 0xFDCF, 0xFDEF, 0xFDEF, 0xFDEF, 0xFDEF, 0xFDF0, 0xFDF0, 0xFDF0, 0xFDF0, 0xFDF0, 0xFE10,
    0xF610, 0xF610, 0xF610, 0xF5F0, 0xF5CF, 0xFDCF, 0xFDCE, 0xFDEE, 0xFDEE, 0xFE0E, 0xFDCD, 0xE52C,
    0xB42A, 0x8307, 0x4184, 0x1061, 0x0000, 0x0000, 0x0000, 0x0000, 0x0000, 0x0000, 0x0000, 0x0000,
    0x0000, 0x0000, 0x0000, 0x0000, 0x0000, 0x0000, 0x0000, 0x0000, 0x0000, 0x0000, 0x0000, 0x0000,
    0x0000, 0x0000, 0x0000, 0x0000, 0x0000, 0x0000, 0x0000, 0x0000, 0x0000, 0x0000, 0x0000, 0x0000,
    0x0000, 0x0000, 0x0000, 0x0000, 0x0000, 0x0000, 0x0000, 0x0000, 0x0000, 0x0000, 0x0000, 0x0000,
    0x0000, 0x0000, 0x0000, 0x0000, 0x0000, 0x0000, 0x0000, 0x0000, 0x0000, 0x0000, 0x0000, 0x0000,
    0x0000, 0x0000, 0x0000, 0x0000, 0x0000, 0x0000, 0x0000, 0x0000, 0x0000, 0x0000, 0x0000, 0x0000,
    0x0000, 0x0000, 0x0000, 0x0000, 0x0000, 0x0000, 0x0000, 0x0000, 0x0000, 0x0000, 0x0000, 0x0000,
    0x0000, 0x0000, 0x0000, 0x0000, 0x0000, 0x0000, 0x0000, 0x0000, 0x0000, 0x0000, 0x0000, 0x0000,
    0x0000, 0x0000, 0x0000, 0x0000, 0x0000, 0x0000, 0x0000, 0x0000, 0x0000, 0x0000, 0x0000, 0x0000,
    0x0000, 0x0000, 0x0000, 0x0000, 0x0000, 0x0000, 0x0000, 0x0000, 0x0000, 0x0000, 0x0000, 0x0000,
    0x0000, 0x0000, 0x0000, 0x0000, 0x0000, 0x0000, 0x0000, 0x0000, 0x0000, 0x0000, 0x0000, 0x0000,
    0x0000, 0x0000, 0x0000, 0x0000, 0x0000, 0x0000, 0x0000, 0x0000, 0x0000, 0x0000, 0x0000, 0x0000,
    0x0000, 0x0000, 0x0000, 0x0000, 0x0000, 0x0000, 0x0000, 0x0000, 0x0000, 0x0000, 0x0000, 0x0000,
    0x0000, 0x0000, 0x0000, 0x0000, 0x0000, 0x0000, 0x0000, 0x0000, 0x0000, 0x0000, 0x0000, 0x0000,
    0x0000, 0x0000, 0x0000, 0x0000, 0x0000, 0x0000, 0x0000, 0x0000, 0x0000, 0x0000, 0x0000, 0x0000,
    0x0000, 0x0000, 0x0000, 0x0000, 0x0000, 0x0000, 0x0000, 0x0000, 0x0000, 0x0000, 0x0000, 0x0840,
    0x3143, 0x6245, 0x8B68, 0xBC4A, 0xE52C, 0xFDAD, 0xFDEE, 0xFDEE, 0xFDEE, 0xFDCE, 0xFDCE, 0xFDCF,
    0xFDCF, 0xF5EF, 0xF5F0, 0xF5F0, 0xF5F0, 0xF610, 0xF610, 0xF610, 0xFE10, 0xFE10, 0xFE10, 0xFE10,
    0xFE10, 0xFE10, 0xFE10, 0xFE10, 0xFE10, 0xFE10, 0xFE10, 0xFE10, 0xFE10, 0xF610, 0xF610, 0xF611,
    0xF611, 0xF611, 0xF5F0, 0xF5F0, 0xF5F0, 0xF5CF, 0xFDCF, 0xFDCF, 0xFDEE, 0xFDEE, 0xFDEE, 0xFDEE,
    0xFDCD, 0xFD8D, 0xE52C, 0xBC4A, 0x9368, 0x6266, 0x3143, 0x0861, 0x0000, 0x0000, 0x0000, 0x0000,
    0x0000, 0x0000, 0x0000, 0x0000, 0x0000, 0x0000, 0x0000, 0x0000, 0x0000, 0x0000, 0x0000, 0x0000,
    0x0000, 0x0000, 0x0000, 0x0000, 0x0000, 0x0000, 0x0000, 0x0000, 0x0000, 0x0000, 0x0000, 0x0000,
    0x0000, 0x0000, 0x0000, 0x0000, 0x0000, 0x0000, 0x0000, 0x0000, 0x0000, 0x0000, 0x0000, 0x0000,
    0x0000, 0x0000, 0x0000, 0x0000, 0x0000, 0x0000, 0x0000, 0x0000, 0x0000, 0x0000, 0x0000, 0x0000,
    0x0000, 0x0000, 0x0000, 0x0000, 0x0000, 0x0000, 0x0000, 0x0000, 0x0000, 0x0000, 0x0000, 0x0000,
    0x0000, 0x0000, 0x0000, 0x0000, 0x0000, 0x0000, 0x0000, 0x0000, 0x0000, 0x0000, 0x0000, 0x0000,
    0x0000, 0x0000, 0x0000, 0x0000, 0x0000, 0x0000, 0x0000, 0x0000, 0x0000, 0x0000, 0x0000, 0x0000,
    0x0000, 0x0000, 0x0000, 0x0000, 0x0000, 0x0000, 0x0000, 0x0000, 0x0000, 0x0000, 0x0000, 0x0000,
    0x0000, 0x0000, 0x0000, 0x0000, 0x0000, 0x0000, 0x0000, 0x0000, 0x0000, 0x0000, 0x0000, 0x0000,
    0x0000, 0x0000, 0x0000, 0x0000, 0x0000, 0x0000, 0x0000, 0x0000, 0x0000, 0x0000, 0x0000, 0x0000,
    0x0000, 0x0000, 0x0000, 0x0000, 0x0000, 0x0000, 0x0000, 0x0000, 0x0000, 0x0000, 0x0000, 0x0000,
    0x0000, 0x0000, 0x0000, 0x0000, 0x0000, 0x0000, 0x0000, 0x0000, 0x0000, 0x0000, 0x0000, 0x0000,
    0x0000, 0x0000, 0x0000, 0x0000, 0x0000, 0x0000, 0x0000, 0x0000, 0x0000, 0x0000, 0x0000, 0x0000,
    0x0000, 0x0000, 0x0000, 0x0000, 0x0000, 0x0000, 0x0000, 0x0000, 0x0000, 0x0000, 0x0000, 0x0000,
    0x0000, 0x0000, 0x0000, 0x0000, 0x0000, 0x0000, 0x0000, 0x0000, 0x0000, 0x0000, 0x0000, 0x0000,
    0x0000, 0x0000, 0x0000, 0x0000, 0x0000, 0x0000, 0x0000, 0x0000, 0x0000, 0x0000, 0x0000, 0x0000,
    0x1061, 0x3123, 0x5205, 0x72C6, 0x9BA9, 0xC46A, 0xDD0C, 0xF58D, 0xFDCE, 0xFDEE, 0xFDEE, 0xFDEE,
    0xFDEE, 0xFDEE, 0xFDEE, 0xFDEE, 0xFDEE, 0xFDCE, 0xFDCE, 0xFDAE, 0xFDAE, 0xFDCE, 0xFDCE, 0xFDAE,
    0xFDCE, 0xFDCE, 0xFDCE, 0xFDCE, 0xFDAE, 0xFDAE, 0xFDCE, 0xFDEE, 0xFDEE, 0xFDEE, 0xFDEE, 0xFE0E,
    0xFE0E, 0xFDEE, 0xFDAD, 0xED6D, 0xDD0C, 0xC48A, 0xA3C9, 0x7AE7, 0x5205, 0x3123, 0x1061, 0x0000,
    0x0000, 0x0000, 0x0000, 0x0000, 0x0000, 0x0000, 0x0000, 0x0000, 0x0000, 0x0000, 0x0000, 0x0000,
    0x0000, 0x0000, 0x0000, 0x0000, 0x0000, 0x0000, 0x0000, 0x0000, 0x0000, 0x0000, 0x0000, 0x0000,
    0x0000, 0x0000, 0x0000, 0x0000, 0x0000, 0x0000, 0x0000, 0x0000, 0x0000, 0x0000, 0x0000, 0x0000,
    0x0000, 0x0000, 0x0000, 0x0000, 0x0000, 0x0000, 0x0000, 0x0000, 0x0000, 0x0000, 0x0000, 0x0000,
    0x0000, 0x0000, 0x0000, 0x0000, 0x0000, 0x0000, 0x0000, 0x0000, 0x0000, 0x0000, 0x0000, 0x0000,
    0x0000, 0x0000, 0x0000, 0x0000, 0x0000, 0x0000, 0x0000, 0x0000, 0x0000, 0x0000, 0x0000, 0x0000,
    0x0000, 0x0000, 0x0000, 0x0000, 0x0000, 0x0000, 0x0000, 0x0000, 0x0000, 0x0000, 0x0000, 0x0000,
    0x0000, 0x0000, 0x0000, 0x0000, 0x0000, 0x0000, 0x0000, 0x0000, 0x0000, 0x0000, 0x0000, 0x0000,
    0x0000, 0x0000, 0x0000, 0x0000, 0x0000, 0x0000, 0x0000, 0x0000, 0x0000, 0x0000, 0x0000, 0x0000,
    0x0000, 0x0000, 0x0000, 0x0000, 0x0000, 0x0000, 0x0000, 0x0000, 0x0000, 0x0000, 0x0000, 0x0000,
    0x0000, 0x0000, 0x0000, 0x0000, 0x0000, 0x0000, 0x0000, 0x0000, 0x0000, 0x0000, 0x0000, 0x0000,
    0x0000, 0x0000, 0x0000, 0x0000, 0x0000, 0x0000, 0x0000, 0x0000, 0x0000, 0x0000, 0x0000, 0x0000,
    0x0000, 0x0000, 0x0000, 0x0000, 0x0000, 0x0000, 0x0000, 0x0000, 0x0000, 0x0000, 0x0000, 0x0000,
    0x0000, 0x0000, 0x0000, 0x0000, 0x0000, 0x0000, 0x0000, 0x0000, 0x0000, 0x0000, 0x0000, 0x0000,
    0x0000, 0x0000, 0x0000, 0x0000, 0x0000, 0x0000, 0x0000, 0x0000, 0x0000, 0x0000, 0x0000, 0x0000,
    0x0000, 0x0000, 0x0000, 0x0000, 0x0000, 0x0000, 0x0000, 0x0000, 0x0000, 0x0000, 0x0000, 0x0000,
    0x0000, 0x0000, 0x0000, 0x0000, 0x0000, 0x0000, 0x0000, 0x0000, 0x0000, 0x0000, 0x0000, 0x0000,
    0x0000, 0x0000, 0x0840, 0x20C2, 0x3963, 0x51E5, 0x6A86, 0x8B27, 0x9B88, 0xB409, 0xC48A, 0xCCAB,
    0xD4CB, 0xDD0B, 0xE52C, 0xED4C, 0xED4C, 0xED4C, 0xED6D, 0xF56D, 0xF56D, 0xED6C, 0xED4C, 0xED2C,
    0xE50C, 0xE4EB, 0xD4AB, 0xC48A, 0xBC4A, 0xAC0A, 0x9B88, 0x8B27, 0x6A86, 0x51E5, 0x3963, 0x18C2,
    0x0840, 0x0000, 0x0000, 0x0000, 0x0000, 0x0000, 0x0000, 0x0000, 0x0000, 0x0000, 0x0000, 0x0000,
    0x0000, 0x0000, 0x0000, 0x0000, 0x0000, 0x0000, 0x0000, 0x0000, 0x0000, 0x0000, 0x0000, 0x0000,
    0x0000, 0x0000, 0x0000, 0x0000, 0x0000, 0x0000, 0x0000, 0x0000, 0x0000, 0x0000, 0x0000, 0x0000,
    0x0000, 0x0000, 0x0000, 0x0000, 0x0000, 0x0000, 0x0000, 0x0000, 0x0000, 0x0000, 0x0000, 0x0000,
    0x0000, 0x0000, 0x0000, 0x0000, 0x0000, 0x0000, 0x0000, 0x0000, 0x0000, 0x0000, 0x0000, 0x0000,
    0x0000, 0x0000, 0x0000, 0x0000, 0x0000, 0x0000, 0x0000, 0x0000, 0x0000, 0x0000, 0x0000, 0x0000,
    0x0000, 0x0000, 0x0000, 0x0000, 0x0000, 0x0000, 0x0000, 0x0000, 0x0000, 0x0000, 0x0000, 0x0000,
    0x0000, 0x0000, 0x0000, 0x0000, 0x0000, 0x0000, 0x0000, 0x0000, 0x0000, 0x0000, 0x0000, 0x0000,
    0x0000, 0x0000, 0x0000, 0x0000, 0x0000, 0x0000, 0x0000, 0x0000, 0x0000, 0x0000, 0x0000, 0x0000,
    0x0000, 0x0000, 0x0000, 0x0000, 0x0000, 0x0000, 0x0000, 0x0000, 0x0000, 0x0000, 0x0000, 0x0000,
    0x0000, 0x0000, 0x0000, 0x0000, 0x0000, 0x0000, 0x0000, 0x0000, 0x0000, 0x0000, 0x0000, 0x0000,
    0x0000, 0x0000, 0x0000, 0x0000, 0x0000, 0x0000, 0x0000, 0x0000, 0x0000, 0x0000, 0x0000, 0x0000,
    0x0000, 0x0000, 0x0000, 0x0000, 0x0000, 0x0000, 0x0000, 0x0000, 0x0000, 0x0000, 0x0000, 0x0000,
    0x0000, 0x0000, 0x0000, 0x0000, 0x0000, 0x0000, 0x0000, 0x0000, 0x0000, 0x0000, 0x0000, 0x0000,
    0x0000, 0x0000, 0x0000, 0x0000, 0x0000, 0x0000, 0x0000, 0x0000, 0x0000, 0x0000, 0x0000, 0x0000,
    0x0000, 0x0000, 0x0000, 0x0000, 0x0000, 0x0000, 0x0000, 0x0000, 0x0000, 0x0000, 0x0000, 0x0000,
    0x0000, 0x0000, 0x0000, 0x0000, 0x0000, 0x0000, 0x0000, 0x0000, 0x0000, 0x0000, 0x0000, 0x0000,
    0x0000, 0x0000, 0x0000, 0x0000, 0x0000, 0x0000, 0x0000, 0x0000, 0x0000, 0x0000, 0x0000, 0x0000,
    0x0000, 0x0000, 0x0000, 0x0000, 0x0000, 0x0000, 0x0000, 0x0000, 0x0020, 0x0840, 0x1061, 0x1081,
    0x18A1, 0x18A1, 0x18A2, 0x18C2, 0x18C2, 0x18A1, 0x18A1, 0x1081, 0x1061, 0x0840, 0x0000, 0x0000,
    0x0000, 0x0000, 0x0000, 0x0000, 0x0000, 0x0000, 0x0000, 0x0000, 0x0000, 0x0000, 0x0000, 0x0000,
    0x0000, 0x0000, 0x0000, 0x0000, 0x0000, 0x0000, 0x0000, 0x0000, 0x0000, 0x0000, 0x0000, 0x0000,
    0x0000, 0x0000, 0x0000, 0x0000, 0x0000, 0x0000, 0x0000, 0x0000, 0x0000, 0x0000, 0x0000, 0x0000,
    0x0000, 0x0000, 0x0000, 0x0000, 0x0000, 0x0000, 0x0000, 0x0000, 0x0000, 0x0000, 0x0000, 0x0000,
    0x0000, 0x0000, 0x0000, 0x0000, 0x0000, 0x0000, 0x0000, 0x0000, 0x0000, 0x0000, 0x0000, 0x0000,
    0x0000, 0x0000, 0x0000, 0x0000, 0x0000, 0x0000, 0x0000, 0x0000, 0x0000, 0x0000, 0x0000, 0x0000,
    0x0000, 0x0000, 0x0000, 0x0000, 0x0000, 0x0000, 0x0000, 0x0000, 0x0000, 0x0000, 0x0000, 0x0000,
    0x0000, 0x0000, 0x0000, 0x0000, 0x0000, 0x0000, 0x0000, 0x0000, 0x0000, 0x0000, 0x0000, 0x0000,
    0x0000, 0x0000, 0x0000, 0x0000, 0x0000, 0x0000, 0x0000, 0x0000, 0x0000, 0x0000, 0x0000, 0x0000,
    0x0000, 0x0000, 0x0000, 0x0000, 0x0000, 0x0000, 0x0000, 0x0000, 0x0000, 0x0000, 0x0000, 0x0000,
    0x0000, 0x0000, 0x0000, 0x0000, 0x0000, 0x0000, 0x0000, 0x0000, 0x0000, 0x0000, 0x0000, 0x0000,
    0x0000, 0x0000, 0x0000, 0x0000, 0x0000, 0x0000, 0x0000, 0x0000, 0x0000, 0x0000, 0x0000, 0x0000,
    0x0000, 0x0000, 0x0000, 0x0000, 0x0000, 0x0000, 0x0000, 0x0000, 0x0000, 0x0000, 0x0000, 0x0000,
    0x0000, 0x0000, 0x0000, 0x0000, 0x0000, 0x0000, 0x0000, 0x0000, 0x0000, 0x0000, 0x0000, 0x0000,
    0x0000, 0x0000, 0x0000, 0x0000, 0x0000, 0x0000, 0x0000, 0x0000, 0x0000, 0x0000, 0x0000, 0x0000,
    0x0000, 0x0000, 0x0000, 0x0000, 0x0000, 0x0000, 0x0000, 0x0000, 0x0000, 0x0000, 0x0000, 0x0000,
    0x0000, 0x0000, 0x0000, 0x0000, 0x0000, 0x0000, 0x0000, 0x0000, 0x0000, 0x0000, 0x0000, 0x0000,
    0x0000, 0x0000, 0x0000, 0x0000, 0x0000, 0x0000, 0x0000, 0x0000, 0x0000, 0x0000, 0x0000, 0x0000,
    0x0000, 0x0000, 0x0000, 0x0000, 0x0000, 0x0000, 0x0000, 0x0000, 0x0000, 0x0000, 0x0000, 0x0000,
    0x0000, 0x0000, 0x0000, 0x0000, 0x0000, 0x0000, 0x0000, 0x0000, 0x0000, 0x0000, 0x0000, 0x0000,
    0x0000, 0x0000, 0x0000, 0x0000, 0x0000, 0x0000, 0x0000, 0x0000, 0x0000, 0x0000, 0x0000, 0x0000,
    0x0000, 0x0000, 0x0000, 0x0000, 0x0000, 0x0000, 0x0000, 0x0000, 0x0000, 0x0000, 0x0000, 0x0000,
    0x0000, 0x0000, 0x0000, 0x0000, 0x0000, 0x0000, 0x0000, 0x0000, 0x0000, 0x0000, 0x0000, 0x0000,
    0x0000, 0x0000, 0x0000, 0x0000, 0x0000, 0x0000, 0x0000, 0x0000, 0x0000, 0x0000, 0x0000, 0x0000,
    0x0000, 0x0000, 0x0000, 0x0000, 0x0000, 0x0000, 0x0000, 0x0000, 0x0000, 0x0000, 0x0000, 0x0000,
    0x0000, 0x0000, 0x0000, 0x0000, 0x0000, 0x0000, 0x0000, 0x0000, 0x0000, 0x0000, 0x0000, 0x0000,
    0x0000, 0x0000, 0x0000, 0x0000, 0x0000, 0x0000, 0x0000, 0x0000, 0x0000, 0x0000, 0x0000, 0x0000,
    0x0000, 0x0000, 0x0000, 0x0000, 0x0000, 0x0000, 0x0000, 0x0000, 0x0000, 0x0000, 0x0000, 0x0000,
    0x0000, 0x0000, 0x0000, 0x0000, 0x0000, 0x0000, 0x0000, 0x0000, 0x0000, 0x0000, 0x0000, 0x0000,
    0x0000, 0x0000, 0x0000, 0x0000, 0x0000, 0x0000, 0x0000, 0x0000, 0x0000, 0x0000, 0x0000, 0x0000,
    0x0000, 0x0000, 0x0000, 0x0000,
};
