// Generated by tools/generate_ui_font.py; do not edit manually.
// Font: Source Han Sans CN Medium, 20px, source SHA-256 91a0892fe0b867703ec29e532803b1e06c0493d28cffd0656798d9b65d82fddb
// Subset: 367 glyphs, 4-bit grayscale, 74388 bitmap bytes.
#include "ui_font_source_han_20.h"

static const ui_glyph_t kGlyphs[] = {
    {0x0020, 0, 7, 7, 2, 5, -1, -1},
    {0x0021, 7, 81, 9, 18, 7, -1, -17},
    {0x0022, 88, 108, 12, 18, 10, -1, -17},
    {0x0023, 196, 111, 13, 17, 11, -1, -16},
    {0x0024, 307, 150, 13, 23, 11, -1, -19},
    {0x0025, 457, 179, 21, 17, 19, -1, -16},
    {0x0026, 636, 136, 16, 17, 14, -1, -16},
    {0x0027, 772, 72, 8, 18, 6, -1, -17},
    {0x0028, 844, 104, 9, 23, 7, -1, -18},
    {0x0029, 948, 104, 9, 23, 7, -1, -18},
    {0x002a, 1052, 108, 12, 18, 10, -1, -17},
    {0x002b, 1160, 98, 13, 15, 11, -1, -14},
    {0x002c, 1258, 40, 8, 10, 6, -1, -4},
    {0x002d, 1298, 41, 9, 9, 7, -1, -8},
    {0x002e, 1339, 24, 8, 6, 6, -1, -5},
    {0x002f, 1363, 110, 10, 22, 8, -1, -17},
    {0x0030, 1473, 111, 13, 17, 11, -1, -16},
    {0x0031, 1584, 111, 13, 17, 11, -1, -16},
    {0x0032, 1695, 111, 13, 17, 11, -1, -16},
    {0x0033, 1806, 111, 13, 17, 11, -1, -16},
    {0x0034, 1917, 111, 13, 17, 11, -1, -16},
    {0x0035, 2028, 111, 13, 17, 11, -1, -16},
    {0x0036, 2139, 111, 13, 17, 11, -1, -16},
    {0x0037, 2250, 111, 13, 17, 11, -1, -16},
    {0x0038, 2361, 111, 13, 17, 11, -1, -16},
    {0x0039, 2472, 111, 13, 17, 11, -1, -16},
    {0x003a, 2583, 56, 8, 14, 6, -1, -13},
    {0x003b, 2639, 72, 8, 18, 6, -1, -12},
    {0x003c, 2711, 91, 13, 14, 11, -1, -13},
    {0x003d, 2802, 85, 13, 13, 11, -1, -12},
    {0x003e, 2887, 91, 13, 14, 11, -1, -13},
    {0x003f, 2978, 108, 12, 18, 10, -1, -17},
    {0x0040, 3086, 221, 21, 21, 19, -1, -16},
    {0x0041, 3307, 128, 15, 17, 12, -1, -16},
    {0x0042, 3435, 128, 15, 17, 13, -1, -16},
    {0x0043, 3563, 128, 15, 17, 13, -1, -16},
    {0x0044, 3691, 136, 16, 17, 14, -1, -16},
    {0x0045, 3827, 119, 14, 17, 12, -1, -16},
    {0x0046, 3946, 111, 13, 17, 11, -1, -16},
    {0x0047, 4057, 136, 16, 17, 14, -1, -16},
    {0x0048, 4193, 145, 17, 17, 15, -1, -16},
    {0x0049, 4338, 68, 8, 17, 6, -1, -16},
    {0x004a, 4406, 111, 13, 17, 11, -1, -16},
    {0x004b, 4517, 136, 16, 17, 13, -1, -16},
    {0x004c, 4653, 111, 13, 17, 11, -1, -16},
    {0x004d, 4764, 162, 19, 17, 17, -1, -16},
    {0x004e, 4926, 145, 17, 17, 15, -1, -16},
    {0x004f, 5071, 145, 17, 17, 15, -1, -16},
    {0x0050, 5216, 128, 15, 17, 13, -1, -16},
    {0x0051, 5344, 179, 17, 21, 15, -1, -16},
    {0x0052, 5523, 128, 15, 17, 13, -1, -16},
    {0x0053, 5651, 119, 14, 17, 12, -1, -16},
    {0x0054, 5770, 119, 14, 17, 12, -1, -16},
    {0x0055, 5889, 145, 17, 17, 15, -1, -16},
    {0x0056, 6034, 128, 15, 17, 12, -2, -16},
    {0x0057, 6162, 170, 20, 17, 18, -1, -16},
    {0x0058, 6332, 119, 14, 17, 12, -1, -16},
    {0x0059, 6451, 128, 15, 17, 11, -2, -16},
    {0x005a, 6579, 119, 14, 17, 12, -1, -16},
    {0x005b, 6698, 99, 9, 22, 7, -1, -17},
    {0x005c, 6797, 110, 10, 22, 8, -1, -17},
    {0x005d, 6907, 99, 9, 22, 7, -1, -17},
    {0x005e, 7006, 117, 13, 18, 11, -1, -17},
    {0x005f, 7123, 33, 13, 5, 11, -1, -1},
    {0x0060, 7156, 133, 14, 19, 12, -1, -18},
    {0x0061, 7289, 98, 14, 14, 12, -1, -12},
    {0x0062, 7387, 143, 15, 19, 13, -1, -17},
    {0x0063, 7530, 78, 12, 13, 10, -1, -12},
    {0x0064, 7608, 143, 15, 19, 13, -1, -17},
    {0x0065, 7751, 85, 13, 13, 11, -1, -12},
    {0x0066, 7836, 90, 10, 18, 7, -1, -17},
    {0x0067, 7926, 126, 14, 18, 12, -1, -12},
    {0x0068, 8052, 126, 14, 18, 12, -1, -17},
    {0x0069, 8178, 72, 8, 18, 6, -1, -17},
    {0x006a, 8250, 104, 9, 23, 6, -2, -17},
    {0x006b, 8354, 126, 14, 18, 12, -1, -17},
    {0x006c, 8480, 76, 8, 19, 6, -1, -18},
    {0x006d, 8556, 137, 21, 13, 19, -1, -12},
    {0x006e, 8693, 91, 14, 13, 12, -1, -12},
    {0x006f, 8784, 91, 14, 13, 12, -1, -12},
    {0x0070, 8875, 135, 15, 18, 13, -1, -12},
    {0x0071, 9010, 135, 15, 18, 13, -1, -12},
    {0x0072, 9145, 72, 11, 13, 8, -1, -12},
    {0x0073, 9217, 78, 12, 13, 10, -1, -12},
    {0x0074, 9295, 85, 10, 17, 8, -1, -16},
    {0x0075, 9380, 91, 14, 13, 12, -1, -12},
    {0x0076, 9471, 85, 13, 13, 11, -1, -12},
    {0x0077, 9556, 124, 19, 13, 17, -1, -12},
    {0x0078, 9680, 85, 13, 13, 11, -1, -12},
    {0x0079, 9765, 117, 13, 18, 11, -1, -12},
    {0x007a, 9882, 78, 12, 13, 10, -1, -12},
    {0x007b, 9960, 99, 9, 22, 7, -1, -17},
    {0x007c, 10059, 100, 8, 25, 6, -1, -18},
    {0x007d, 10159, 99, 9, 22, 7, -1, -17},
    {0x007e, 10258, 78, 13, 12, 11, -1, -11},
    {0x00a9, 10336, 162, 19, 17, 17, -1, -16},
    {0x00b0, 10498, 90, 10, 18, 8, -1, -17},
    {0x00b7, 10588, 132, 22, 12, 20, -1, -11},
    {0x25a1, 10720, 198, 22, 18, 20, -1, -17},
    {0x3002, 10918, 110, 22, 10, 20, -1, -7},
    {0x4e00, 11028, 132, 22, 12, 20, -1, -11},
    {0x4e09, 11160, 198, 22, 18, 20, -1, -17},
    {0x4e0a, 11358, 231, 22, 21, 20, -1, -19},
    {0x4e0b, 11589, 220, 22, 20, 20, -1, -17},
    {0x4e0e, 11809, 242, 22, 22, 20, -1, -19},
    {0x4e2a, 12051, 231, 22, 21, 20, -1, -19},
    {0x4e2d, 12282, 242, 22, 22, 20, -1, -19},
    {0x4e3b, 12524, 231, 22, 21, 20, -1, -19},
    {0x4e50, 12755, 242, 22, 22, 20, -1, -19},
    {0x4e8e, 12997, 220, 22, 20, 20, -1, -17},
    {0x4e91, 13217, 220, 22, 20, 20, -1, -17},
    {0x4e94, 13437, 209, 22, 19, 20, -1, -17},
    {0x4eae, 13646, 242, 22, 22, 20, -1, -19},
    {0x4eba, 13888, 231, 22, 21, 20, -1, -19},
    {0x4ec5, 14119, 242, 22, 22, 20, -1, -19},
    {0x4f1e, 14361, 242, 22, 22, 20, -1, -19},
    {0x4f4d, 14603, 242, 22, 22, 20, -1, -19},
    {0x4f4e, 14845, 242, 22, 22, 20, -1, -19},
    {0x4f53, 15087, 242, 22, 22, 20, -1, -19},
    {0x4f5c, 15329, 242, 22, 22, 20, -1, -19},
    {0x4f8b, 15571, 242, 22, 22, 20, -1, -19},
    {0x4fdd, 15813, 242, 22, 22, 20, -1, -19},
    {0x5012, 16055, 242, 22, 22, 20, -1, -19},
    {0x505c, 16297, 242, 22, 22, 20, -1, -19},
    {0x5148, 16539, 242, 22, 22, 20, -1, -19},
    {0x5149, 16781, 242, 22, 22, 20, -1, -19},
    {0x5154, 17023, 242, 22, 22, 20, -1, -19},
    {0x5165, 17265, 231, 22, 21, 20, -1, -18},
    {0x516b, 17496, 220, 22, 20, 20, -1, -17},
    {0x516d, 17716, 242, 22, 22, 20, -1, -19},
    {0x5173, 17958, 242, 22, 22, 20, -1, -19},
    {0x5199, 18200, 231, 22, 21, 20, -1, -18},
    {0x51a0, 18431, 231, 22, 21, 20, -1, -18},
    {0x51c6, 18662, 242, 22, 22, 20, -1, -19},
    {0x51fa, 18904, 242, 22, 22, 20, -1, -19},
    {0x51fb, 19146, 242, 22, 22, 20, -1, -19},
    {0x5206, 19388, 253, 22, 23, 20, -1, -19},
    {0x5207, 19641, 242, 22, 22, 20, -1, -18},
    {0x5220, 19883, 242, 22, 22, 20, -1, -19},
    {0x5230, 20125, 231, 22, 21, 20, -1, -19},
    {0x5237, 20356, 242, 22, 22, 20, -1, -19},
    {0x524d, 20598, 242, 22, 22, 20, -1, -19},
    {0x52a0, 20840, 242, 22, 22, 20, -1, -19},
    {0x52a8, 21082, 242, 22, 22, 20, -1, -19},
    {0x5341, 21324, 242, 22, 22, 20, -1, -19},
    {0x5355, 21566, 242, 22, 22, 20, -1, -19},
    {0x5357, 21808, 242, 22, 22, 20, -1, -19},
    {0x535a, 22050, 242, 22, 22, 20, -1, -19},
    {0x53cc, 22292, 231, 22, 21, 20, -1, -18},
    {0x53d1, 22523, 242, 22, 22, 20, -1, -19},
    {0x53d6, 22765, 231, 22, 21, 20, -1, -18},
    {0x53f3, 22996, 242, 22, 22, 20, -1, -19},
    {0x53f6, 23238, 242, 22, 22, 20, -1, -19},
    {0x53f7, 23480, 231, 22, 21, 20, -1, -18},
    {0x540e, 23711, 242, 22, 22, 20, -1, -19},
    {0x5411, 23953, 242, 22, 22, 20, -1, -19},
    {0x542f, 24195, 242, 22, 22, 20, -1, -19},
    {0x5438, 24437, 231, 22, 21, 20, -1, -18},
    {0x547c, 24668, 242, 22, 22, 20, -1, -19},
    {0x548c, 24910, 242, 22, 22, 20, -1, -19},
    {0x54aa, 25152, 242, 22, 22, 20, -1, -19},
    {0x5668, 25394, 242, 22, 22, 20, -1, -18},
    {0x56db, 25636, 220, 22, 20, 20, -1, -17},
    {0x56de, 25856, 231, 22, 21, 20, -1, -18},
    {0x56fe, 26087, 231, 22, 21, 20, -1, -18},
    {0x5706, 26318, 231, 22, 21, 20, -1, -18},
    {0x5728, 26549, 242, 22, 22, 20, -1, -19},
    {0x5730, 26791, 231, 22, 21, 20, -1, -19},
    {0x57ce, 27022, 242, 22, 22, 20, -1, -19},
    {0x58f0, 27264, 242, 22, 22, 20, -1, -19},
    {0x5907, 27506, 242, 22, 22, 20, -1, -19},
    {0x591a, 27748, 242, 22, 22, 20, -1, -19},
    {0x5927, 27990, 242, 22, 22, 20, -1, -19},
    {0x5929, 28232, 220, 22, 20, 20, -1, -17},
    {0x592a, 28452, 242, 22, 22, 20, -1, -19},
    {0x5931, 28694, 242, 22, 22, 20, -1, -19},
    {0x5934, 28936, 242, 22, 22, 20, -1, -19},
    {0x5965, 29178, 242, 22, 22, 20, -1, -19},
    {0x5982, 29420, 242, 22, 22, 20, -1, -19},
    {0x5b50, 29662, 231, 22, 21, 20, -1, -18},
    {0x5b57, 29893, 242, 22, 22, 20, -1, -19},
    {0x5b58, 30135, 242, 22, 22, 20, -1, -19},
    {0x5b9a, 30377, 242, 22, 22, 20, -1, -19},
    {0x5bb6, 30619, 242, 22, 22, 20, -1, -19},
    {0x5bc6, 30861, 242, 22, 22, 20, -1, -19},
    {0x5c06, 31103, 242, 22, 22, 20, -1, -19},
    {0x5c0f, 31345, 242, 22, 22, 20, -1, -19},
    {0x5c11, 31587, 231, 22, 21, 20, -1, -18},
    {0x5c31, 31818, 242, 22, 22, 20, -1, -19},
    {0x5c71, 32060, 242, 22, 22, 20, -1, -19},
    {0x5ca9, 32302, 242, 22, 22, 20, -1, -19},
    {0x5de6, 32544, 231, 22, 21, 20, -1, -19},
    {0x5df2, 32775, 220, 22, 20, 20, -1, -18},
    {0x5e02, 32995, 242, 22, 22, 20, -1, -19},
    {0x5e38, 33237, 242, 22, 22, 20, -1, -19},
    {0x5e76, 33479, 242, 22, 22, 20, -1, -19},
    {0x5e8f, 33721, 242, 22, 22, 20, -1, -19},
    {0x5e93, 33963, 242, 22, 22, 20, -1, -19},
    {0x5ea6, 34205, 242, 22, 22, 20, -1, -19},
    {0x5ead, 34447, 242, 22, 22, 20, -1, -19},
    {0x5f00, 34689, 220, 22, 20, 20, -1, -17},
    {0x5f0f, 34909, 242, 22, 22, 20, -1, -19},
    {0x5f53, 35151, 242, 22, 22, 20, -1, -19},
    {0x5f62, 35393, 242, 22, 22, 20, -1, -19},
    {0x5f69, 35635, 242, 22, 22, 20, -1, -19},
    {0x5f85, 35877, 242, 22, 22, 20, -1, -19},
    {0x5f8b, 36119, 242, 22, 22, 20, -1, -19},
    {0x5fc3, 36361, 231, 22, 21, 20, -1, -19},
    {0x611f, 36592, 242, 22, 22, 20, -1, -19},
    {0x623f, 36834, 242, 22, 22, 20, -1, -19},
    {0x624b, 37076, 242, 22, 22, 20, -1, -19},
    {0x626b, 37318, 242, 22, 22, 20, -1, -19},
    {0x627e, 37560, 242, 22, 22, 20, -1, -19},
    {0x62e9, 37802, 242, 22, 22, 20, -1, -19},
    {0x6307, 38044, 242, 22, 22, 20, -1, -19},
    {0x6309, 38286, 242, 22, 22, 20, -1, -19},
    {0x6362, 38528, 242, 22, 22, 20, -1, -19},
    {0x63a5, 38770, 242, 22, 22, 20, -1, -19},
    {0x63a7, 39012, 242, 22, 22, 20, -1, -19},
    {0x63cf, 39254, 242, 22, 22, 20, -1, -19},
    {0x641c, 39496, 242, 22, 22, 20, -1, -19},
    {0x64ad, 39738, 242, 22, 22, 20, -1, -19},
    {0x64cd, 39980, 242, 22, 22, 20, -1, -19},
    {0x653e, 40222, 242, 22, 22, 20, -1, -19},
    {0x6570, 40464, 242, 22, 22, 20, -1, -19},
    {0x6587, 40706, 242, 22, 22, 20, -1, -19},
    {0x65b0, 40948, 242, 22, 22, 20, -1, -19},
    {0x65b9, 41190, 242, 22, 22, 20, -1, -19},
    {0x65cb, 41432, 242, 22, 22, 20, -1, -19},
    {0x65e0, 41674, 220, 22, 20, 20, -1, -17},
    {0x65f6, 41894, 242, 22, 22, 20, -1, -19},
    {0x661f, 42136, 220, 22, 20, 20, -1, -18},
    {0x663e, 42356, 220, 22, 20, 20, -1, -18},
    {0x6674, 42576, 242, 22, 22, 20, -1, -19},
    {0x6682, 42818, 242, 22, 22, 20, -1, -19},
    {0x66f4, 43060, 231, 22, 21, 20, -1, -18},
    {0x6700, 43291, 231, 22, 21, 20, -1, -18},
    {0x6708, 43522, 242, 22, 22, 20, -1, -18},
    {0x672a, 43764, 242, 22, 22, 20, -1, -19},
    {0x672c, 44006, 242, 22, 22, 20, -1, -19},
    {0x6735, 44248, 231, 22, 21, 20, -1, -18},
    {0x673a, 44479, 242, 22, 22, 20, -1, -19},
    {0x6743, 44721, 242, 22, 22, 20, -1, -19},
    {0x6781, 44963, 242, 22, 22, 20, -1, -19},
    {0x679c, 45205, 231, 22, 21, 20, -1, -18},
    {0x6811, 45436, 242, 22, 22, 20, -1, -19},
    {0x6821, 45678, 242, 22, 22, 20, -1, -19},
    {0x6837, 45920, 242, 22, 22, 20, -1, -19},
    {0x683c, 46162, 242, 22, 22, 20, -1, -19},
    {0x6b63, 46404, 209, 22, 19, 20, -1, -17},
    {0x6c14, 46613, 242, 22, 22, 20, -1, -19},
    {0x6c34, 46855, 242, 22, 22, 20, -1, -19},
    {0x6c99, 47097, 231, 22, 21, 20, -1, -18},
    {0x6ce2, 47328, 242, 22, 22, 20, -1, -19},
    {0x6d6a, 47570, 242, 22, 22, 20, -1, -19},
    {0x6d77, 47812, 242, 22, 22, 20, -1, -19},
    {0x6d88, 48054, 242, 22, 22, 20, -1, -19},
    {0x6df1, 48296, 242, 22, 22, 20, -1, -19},
    {0x6e7f, 48538, 242, 22, 22, 20, -1, -19},
    {0x6ed1, 48780, 242, 22, 22, 20, -1, -19},
    {0x6ef4, 49022, 242, 22, 22, 20, -1, -19},
    {0x6f0f, 49264, 242, 22, 22, 20, -1, -19},
    {0x706b, 49506, 231, 22, 21, 20, -1, -18},
    {0x70b9, 49737, 242, 22, 22, 20, -1, -19},
    {0x70df, 49979, 242, 22, 22, 20, -1, -19},
    {0x70ed, 50221, 242, 22, 22, 20, -1, -19},
    {0x7194, 50463, 242, 22, 22, 20, -1, -19},
    {0x7231, 50705, 242, 22, 22, 20, -1, -19},
    {0x7248, 50947, 253, 22, 23, 20, -1, -19},
    {0x7259, 51200, 231, 22, 21, 20, -1, -18},
    {0x732b, 51431, 242, 22, 22, 20, -1, -19},
    {0x7403, 51673, 242, 22, 22, 20, -1, -19},
    {0x74e3, 51915, 242, 22, 22, 20, -1, -19},
    {0x7528, 52157, 220, 22, 20, 20, -1, -17},
    {0x7535, 52377, 231, 22, 21, 20, -1, -19},
    {0x753b, 52608, 220, 22, 20, 20, -1, -17},
    {0x7687, 52828, 231, 22, 21, 20, -1, -19},
    {0x77f3, 53059, 220, 22, 20, 20, -1, -17},
    {0x7801, 53279, 231, 22, 21, 20, -1, -18},
    {0x786e, 53510, 242, 22, 22, 20, -1, -19},
    {0x793a, 53752, 220, 22, 20, 20, -1, -17},
    {0x7a0d, 53972, 242, 22, 22, 20, -1, -19},
    {0x7a7a, 54214, 231, 22, 21, 20, -1, -19},
    {0x7b11, 54445, 242, 22, 22, 20, -1, -19},
    {0x7b14, 54687, 242, 22, 22, 20, -1, -19},
    {0x7b26, 54929, 242, 22, 22, 20, -1, -19},
    {0x7b2c, 55171, 242, 22, 22, 20, -1, -19},
    {0x7b49, 55413, 242, 22, 22, 20, -1, -19},
    {0x7bad, 55655, 242, 22, 22, 20, -1, -19},
    {0x7c92, 55897, 242, 22, 22, 20, -1, -19},
    {0x7d22, 56139, 242, 22, 22, 20, -1, -19},
    {0x7ed8, 56381, 242, 22, 22, 20, -1, -19},
    {0x7edc, 56623, 253, 22, 23, 20, -1, -20},
    {0x7ee7, 56876, 231, 22, 21, 20, -1, -19},
    {0x7eea, 57107, 242, 22, 22, 20, -1, -19},
    {0x7eed, 57349, 242, 22, 22, 20, -1, -19},
    {0x7f51, 57591, 231, 22, 21, 20, -1, -18},
    {0x7f6e, 57822, 220, 22, 20, 20, -1, -18},
    {0x7fa4, 58042, 242, 22, 22, 20, -1, -19},
    {0x7ffb, 58284, 242, 22, 22, 20, -1, -19},
    {0x8005, 58526, 242, 22, 22, 20, -1, -19},
    {0x8138, 58768, 242, 22, 22, 20, -1, -19},
    {0x81ea, 59010, 242, 22, 22, 20, -1, -19},
    {0x82b1, 59252, 242, 22, 22, 20, -1, -19},
    {0x82f9, 59494, 242, 22, 22, 20, -1, -19},
    {0x8349, 59736, 242, 22, 22, 20, -1, -19},
    {0x83f1, 59978, 242, 22, 22, 20, -1, -19},
    {0x84dd, 60220, 231, 22, 21, 20, -1, -19},
    {0x8679, 60451, 231, 22, 21, 20, -1, -19},
    {0x8774, 60682, 242, 22, 22, 20, -1, -19},
    {0x8776, 60924, 242, 22, 22, 20, -1, -19},
    {0x87ba, 61166, 242, 22, 22, 20, -1, -19},
    {0x89d2, 61408, 253, 22, 23, 20, -1, -19},
    {0x89e6, 61661, 242, 22, 22, 20, -1, -19},
    {0x8a00, 61903, 242, 22, 22, 20, -1, -19},
    {0x8ba1, 62145, 242, 22, 22, 20, -1, -19},
    {0x8bbe, 62387, 242, 22, 22, 20, -1, -19},
    {0x8bed, 62629, 242, 22, 22, 20, -1, -19},
    {0x8bf7, 62871, 242, 22, 22, 20, -1, -19},
    {0x8d25, 63113, 242, 22, 22, 20, -1, -19},
    {0x8d5b, 63355, 242, 22, 22, 20, -1, -19},
    {0x8d85, 63597, 242, 22, 22, 20, -1, -19},
    {0x8df3, 63839, 242, 22, 22, 20, -1, -19},
    {0x8f93, 64081, 242, 22, 22, 20, -1, -19},
    {0x8fb9, 64323, 253, 22, 23, 20, -1, -19},
    {0x8fd4, 64576, 242, 22, 22, 20, -1, -19},
    {0x8fdb, 64818, 242, 22, 22, 20, -1, -19},
    {0x8fde, 65060, 253, 22, 23, 20, -1, -19},
    {0x8ff9, 65313, 242, 22, 22, 20, -1, -19},
    {0x9000, 65555, 242, 22, 22, 20, -1, -19},
    {0x9009, 65797, 253, 22, 23, 20, -1, -19},
    {0x901f, 66050, 242, 22, 22, 20, -1, -19},
    {0x914d, 66292, 231, 22, 21, 20, -1, -18},
    {0x91cf, 66523, 231, 22, 21, 20, -1, -19},
    {0x91d1, 66754, 231, 22, 21, 20, -1, -19},
    {0x949f, 66985, 242, 22, 22, 20, -1, -19},
    {0x94bb, 67227, 242, 22, 22, 20, -1, -19},
    {0x94f6, 67469, 242, 22, 22, 20, -1, -19},
    {0x952e, 67711, 242, 22, 22, 20, -1, -19},
    {0x957f, 67953, 242, 22, 22, 20, -1, -19},
    {0x95ea, 68195, 242, 22, 22, 20, -1, -19},
    {0x95ed, 68437, 242, 22, 22, 20, -1, -19},
    {0x95f4, 68679, 242, 22, 22, 20, -1, -19},
    {0x9633, 68921, 242, 22, 22, 20, -1, -19},
    {0x9634, 69163, 253, 22, 23, 20, -1, -19},
    {0x9650, 69416, 242, 22, 22, 20, -1, -19},
    {0x9664, 69658, 242, 22, 22, 20, -1, -19},
    {0x968f, 69900, 242, 22, 22, 20, -1, -19},
    {0x96e8, 70142, 220, 22, 20, 20, -1, -17},
    {0x96ea, 70362, 231, 22, 21, 20, -1, -18},
    {0x96f7, 70593, 231, 22, 21, 20, -1, -18},
    {0x96fe, 70824, 231, 22, 21, 20, -1, -18},
    {0x9707, 71055, 231, 22, 21, 20, -1, -18},
    {0x9759, 71286, 242, 22, 22, 20, -1, -19},
    {0x97f3, 71528, 242, 22, 22, 20, -1, -19},
    {0x9875, 71770, 231, 22, 21, 20, -1, -18},
    {0x987a, 72001, 231, 22, 21, 20, -1, -18},
    {0x9898, 72232, 231, 22, 21, 20, -1, -18},
    {0x98ce, 72463, 231, 22, 21, 20, -1, -18},
    {0x98de, 72694, 220, 22, 20, 20, -1, -18},
    {0x9ad8, 72914, 242, 22, 22, 20, -1, -19},
    {0x9c7c, 73156, 231, 22, 21, 20, -1, -19},
    {0x9e1f, 73387, 242, 22, 22, 20, -1, -19},
    {0x9ec4, 73629, 242, 22, 22, 20, -1, -19},
    {0xff0c, 73871, 110, 22, 10, 20, -1, -6},
    {0xff0f, 73981, 231, 22, 21, 20, -1, -18},
    {0xff1a, 74212, 176, 22, 16, 20, -1, -15},
};

static const uint8_t kBitmap[] = {
    0x00, 0x00, 0x00, 0x00, 0x00, 0x00, 0x00, 0x00, 0x00, 0x00, 0x00, 0x00, 0x00, 0x45, 0x30, 0x00,
    0x00, 0x0b, 0xf9, 0x00, 0x00, 0x00, 0xaf, 0x80, 0x00, 0x00, 0x0a, 0xf8, 0x00, 0x00, 0x00, 0x9f,
    0x70, 0x00, 0x00, 0x09, 0xf6, 0x00, 0x00, 0x00, 0x8f, 0x60, 0x00, 0x00, 0x07, 0xf5, 0x00, 0x00,
    0x00, 0x7f, 0x40, 0x00, 0x00, 0x06, 0xf4, 0x00, 0x00, 0x00, 0x5f, 0x30, 0x00, 0x00, 0x00, 0x00,
    0x00, 0x00, 0x00, 0x02, 0x00, 0x00, 0x00, 0x0b, 0xf9, 0x00, 0x00, 0x00, 0xff, 0xd0, 0x00, 0x00,
    0x08, 0xd6, 0x00, 0x00, 0x00, 0x00, 0x00, 0x00, 0x00, 0x00, 0x00, 0x00, 0x00, 0x00, 0x00, 0x15,
    0x51, 0x04, 0x53, 0x00, 0x00, 0x3f, 0xf2, 0x0c, 0xf8, 0x00, 0x00, 0x3f, 0xf2, 0x0c, 0xf8, 0x00,
    0x00, 0x2f, 0xf1, 0x0b, 0xf7, 0x00, 0x00, 0x0f, 0xe0, 0x09, 0xf5, 0x00, 0x00, 0x0d, 0xc0, 0x07,
    0xf3, 0x00, 0x00, 0x0b, 0xb0, 0x06, 0xf1, 0x00, 0x00, 0x00, 0x00, 0x00, 0x00, 0x00, 0x00, 0x00,
    0x00, 0x00, 0x00, 0x00, 0x00, 0x00, 0x00, 0x00, 0x00, 0x00, 0x00, 0x00, 0x00, 0x00, 0x00, 0x00,
    0x00, 0x00, 0x00, 0x00, 0x00, 0x00, 0x00, 0x00, 0x00, 0x00, 0x00, 0x00, 0x00, 0x00, 0x00, 0x00,
    0x00, 0x00, 0x00, 0x00, 0x00, 0x00, 0x00, 0x00, 0x00, 0x00, 0x00, 0x00, 0x00, 0x00, 0x00, 0x00,
    0x00, 0x00, 0x00, 0x00, 0x00, 0x00, 0x00, 0x00, 0x00, 0x00, 0x00, 0x00, 0x02, 0x81, 0x00, 0x83,
    0x00, 0x00, 0x00, 0x5f, 0x10, 0x2f, 0x40, 0x00, 0x00, 0x07, 0xe0, 0x04, 0xf3, 0x00, 0x00, 0x00,
    0x9d, 0x00, 0x6f, 0x10, 0x00, 0x06, 0x8d, 0xd8, 0x8b, 0xf8, 0x60, 0x00, 0xbf, 0xff, 0xff, 0xff,
    0xfb, 0x00, 0x00, 0x0f, 0x70, 0x0c, 0xa0, 0x00, 0x00, 0x01, 0xf5, 0x00, 0xe8, 0x00, 0x00, 0x00,
    0x3f, 0x30, 0x0f, 0x60, 0x00, 0x03, 0xff, 0xff, 0xff, 0xff, 0xf4, 0x00, 0x28, 0xcf, 0x88, 0xaf,
    0x98, 0x20, 0x00, 0x09, 0xd0, 0x06, 0xf1, 0x00, 0x00, 0x00, 0xbb, 0x00, 0x8e, 0x00, 0x00, 0x00,
    0x0c, 0x90, 0x09, 0xc0, 0x00, 0x00, 0x00, 0xe7, 0x00, 0xba, 0x00, 0x00, 0x00, 0x00, 0x00, 0x00,
    0x00, 0x00, 0x00, 0x00, 0x00, 0x00, 0x00, 0x00, 0x00, 0x00, 0x00, 0x00, 0x01, 0x10, 0x00, 0x00,
    0x00, 0x00, 0x01, 0xf8, 0x00, 0x00, 0x00, 0x00, 0x00, 0x1f, 0x80, 0x00, 0x00, 0x00, 0x00, 0x4a,
    0xfe, 0x82, 0x00, 0x00, 0x00, 0x6f, 0xff, 0xff, 0xe5, 0x00, 0x00, 0x1e, 0xf8, 0x12, 0x6e, 0x40,
    0x00, 0x04, 0xfe, 0x00, 0x00, 0x10, 0x00, 0x00, 0x4f, 0xf1, 0x00, 0x00, 0x00, 0x00, 0x01, 0xef,
    0xb1, 0x00, 0x00, 0x00, 0x00, 0x05, 0xef, 0xe7, 0x00, 0x00, 0x00, 0x00, 0x02, 0xcf, 0xfc, 0x20,
    0x00, 0x00, 0x00, 0x00, 0x6e, 0xfe, 0x30, 0x00, 0x00, 0x00, 0x00, 0x1d, 0xfb, 0x00, 0x00, 0x00,
    0x00, 0x00, 0x5f, 0xe0, 0x00, 0x00, 0x10, 0x00, 0x04, 0xfe, 0x00, 0x00, 0x7e, 0x61, 0x01, 0xcf,
    0xa0, 0x00, 0x07, 0xff, 0xfe, 0xff, 0xe2, 0x00, 0x00, 0x03, 0x9d, 0xff, 0xa2, 0x00, 0x00, 0x00,
    0x00, 0x1f, 0x80, 0x00, 0x00, 0x00, 0x00, 0x01, 0xf8, 0x00, 0x00, 0x00, 0x00, 0x00, 0x02, 0x10,
    0x00, 0x00, 0x00, 0x00, 0x00, 0x00, 0x00, 0x00, 0x00, 0x00, 0x00, 0x00, 0x00, 0x00, 0x00, 0x00,
    0x00, 0x00, 0x00, 0x00, 0x00, 0x7d, 0xea, 0x10, 0x00, 0x00, 0x9d, 0x00, 0x00, 0x00, 0x00, 0x7f,
    0xa7, 0xec, 0x00, 0x00, 0x2f, 0x50, 0x00, 0x00, 0x00, 0x0e, 0xc0, 0x07, 0xf4, 0x00, 0x0a, 0xc0,
    0x00, 0x00, 0x00, 0x02, 0xf7, 0x00, 0x3f, 0x70, 0x03, 0xf4, 0x00, 0x00, 0x00, 0x00, 0x4f, 0x60,
    0x02, 0xf9, 0x00, 0xbb, 0x00, 0x00, 0x00, 0x00, 0x03, 0xf7, 0x00, 0x2f, 0x70, 0x4f, 0x30, 0x00,
    0x00, 0x00, 0x00, 0x1f, 0xa0, 0x05, 0xf5, 0x0c, 0xa0, 0x2b, 0xec, 0x40, 0x00, 0x00, 0x9f, 0x42,
    0xce, 0x15, 0xf2, 0x1e, 0xd7, 0xbf, 0x40, 0x00, 0x01, 0xcf, 0xfe, 0x40, 0xd9, 0x07, 0xf3, 0x01,
    0xeb, 0x00, 0x00, 0x00, 0x34, 0x10, 0x7e, 0x10, 0xae, 0x00, 0x0b, 0xe0, 0x00, 0x00, 0x00, 0x00,
    0x1e, 0x70, 0x0c, 0xd0, 0x00, 0xaf, 0x00, 0x00, 0x00, 0x00, 0x08, 0xe1, 0x00, 0xbe, 0x00, 0x0b,
    0xe0, 0x00, 0x00, 0x00, 0x01, 0xe6, 0x00, 0x08, 0xf3, 0x01, 0xeb, 0x00, 0x00, 0x00, 0x00, 0x9d,
    0x00, 0x00, 0x1e, 0xd7, 0xbf, 0x40, 0x00, 0x00, 0x00, 0x2f, 0x50, 0x00, 0x00, 0x2b, 0xec, 0x50,
    0x00, 0x00, 0x00, 0x00, 0x00, 0x00, 0x00, 0x00, 0x00, 0x00, 0x00, 0x00, 0x00, 0x00, 0x00, 0x00,
    0x00, 0x00, 0x00, 0x00, 0x00, 0x00, 0x19, 0xde, 0xa2, 0x00, 0x00, 0x00, 0x00, 0x00, 0xbf, 0xcb,
    0xfd, 0x00, 0x00, 0x00, 0x00, 0x04, 0xfd, 0x00, 0xbf, 0x30, 0x00, 0x00, 0x00, 0x06, 0xf9, 0x00,
    0xaf, 0x30, 0x00, 0x00, 0x00, 0x05, 0xfa, 0x04, 0xfd, 0x00, 0x00, 0x00, 0x00, 0x01, 0xfe, 0x8f,
    0xe3, 0x00, 0x00, 0x00, 0x00, 0x00, 0xaf, 0xfc, 0x20, 0x00, 0x23, 0x20, 0x00, 0x05, 0xff, 0xf4,
    0x00, 0x00, 0xcf, 0x50, 0x00, 0x6f, 0xf9, 0xfe, 0x20, 0x03, 0xfe, 0x00, 0x01, 0xef, 0x60, 0x9f,
    0xd3, 0x0a, 0xf8, 0x00, 0x04, 0xfe, 0x00, 0x0a, 0xfe, 0x8f, 0xd1, 0x00, 0x03, 0xff, 0x10, 0x00,
    0xaf, 0xff, 0x50, 0x00, 0x00, 0xef, 0xa1, 0x00, 0x7f, 0xff, 0xd6, 0x10, 0x00, 0x5f, 0xff, 0xdf,
    0xff, 0x8d, 0xff, 0x90, 0x00, 0x03, 0xad, 0xec, 0x92, 0x00, 0x6c, 0x50, 0x00, 0x00, 0x00, 0x00,
    0x00, 0x00, 0x00, 0x00, 0x00, 0x00, 0x00, 0x00, 0x00, 0x15, 0x51, 0x00, 0x00, 0x3f, 0xf2, 0x00,
    0x00, 0x3f, 0xf2, 0x00, 0x00, 0x2f, 0xf1, 0x00, 0x00, 0x0f, 0xe0, 0x00, 0x00, 0x0d, 0xc0, 0x00,
    0x00, 0x0b, 0xb0, 0x00, 0x00, 0x00, 0x00, 0x00, 0x00, 0x00, 0x00, 0x00, 0x00, 0x00, 0x00, 0x00,
    0x00, 0x00, 0x00, 0x00, 0x00, 0x00, 0x00, 0x00, 0x00, 0x00, 0x00, 0x00, 0x00, 0x00, 0x00, 0x00,
    0x00, 0x00, 0x00, 0x00, 0x00, 0x00, 0x00, 0x00, 0x00, 0x00, 0x00, 0x00, 0x00, 0x00, 0x00, 0x00,
    0x00, 0x00, 0x00, 0x32, 0x00, 0x00, 0x00, 0x0c, 0xe1, 0x00, 0x00, 0x05, 0xf8, 0x00, 0x00, 0x00,
    0xbf, 0x10, 0x00, 0x00, 0x2f, 0xa0, 0x00, 0x00, 0x07, 0xf6, 0x00, 0x00, 0x00, 0xbf, 0x20, 0x00,
    0x00, 0x0e, 0xe0, 0x00, 0x00, 0x01, 0xfc, 0x00, 0x00, 0x00, 0x2f, 0xb0, 0x00, 0x00, 0x03, 0xfa,
    0x00, 0x00, 0x00, 0x3f, 0xb0, 0x00, 0x00, 0x02, 0xfc, 0x00, 0x00, 0x00, 0x1f, 0xd0, 0x00, 0x00,
    0x00, 0xdf, 0x10, 0x00, 0x00, 0x09, 0xf3, 0x00, 0x00, 0x00, 0x5f, 0x80, 0x00, 0x00, 0x00, 0xed,
    0x00, 0x00, 0x00, 0x09, 0xf4, 0x00, 0x00, 0x00, 0x2f, 0xb0, 0x00, 0x00, 0x00, 0x8a, 0x10, 0x00,
    0x00, 0x00, 0x00, 0x00, 0x00, 0x00, 0x00, 0x00, 0x00, 0x02, 0x30, 0x00, 0x00, 0x00, 0xdd, 0x00,
    0x00, 0x00, 0x06, 0xf6, 0x00, 0x00, 0x00, 0x0e, 0xd0, 0x00, 0x00, 0x00, 0x9f, 0x40, 0x00, 0x00,
    0x04, 0xf9, 0x00, 0x00, 0x00, 0x1f, 0xc0, 0x00, 0x00, 0x00, 0xdf, 0x10, 0x00, 0x00, 0x0b, 0xf2,
    0x00, 0x00, 0x00, 0xaf, 0x30, 0x00, 0x00, 0x09, 0xf5, 0x00, 0x00, 0x00, 0x9f, 0x40, 0x00, 0x00,
    0x0a, 0xf3, 0x00, 0x00, 0x00, 0xcf, 0x20, 0x00, 0x00, 0x0e, 0xe0, 0x00, 0x00, 0x02, 0xfb, 0x00,
    0x00, 0x00, 0x6f, 0x70, 0x00, 0x00, 0x0c, 0xf1, 0x00, 0x00, 0x02, 0xfa, 0x00, 0x00, 0x00, 0xaf,
    0x30, 0x00, 0x00, 0x09, 0x90, 0x00, 0x00, 0x00, 0x00, 0x00, 0x00, 0x00, 0x00, 0x00, 0x00, 0x00,
    0x00, 0x00, 0x00, 0x00, 0x0d, 0x80, 0x00, 0x00, 0x00, 0x00, 0x0e, 0x90, 0x00, 0x00, 0x00, 0x9c,
    0x9f, 0xda, 0xe4, 0x00, 0x00, 0x4b, 0xff, 0xfe, 0x92, 0x00, 0x00, 0x00, 0xcf, 0xf7, 0x00, 0x00,
    0x00, 0x06, 0xf8, 0xce, 0x10, 0x00, 0x00, 0x08, 0xa0, 0x1c, 0x40, 0x00, 0x00, 0x00, 0x00, 0x00,
    0x00, 0x00, 0x00, 0x00, 0x00, 0x00, 0x00, 0x00, 0x00, 0x00, 0x00, 0x00, 0x00, 0x00, 0x00, 0x00,
    0x00, 0x00, 0x00, 0x00, 0x00, 0x00, 0x00, 0x00, 0x00, 0x00, 0x00, 0x00, 0x00, 0x00, 0x00, 0x00,
    0x00, 0x00, 0x00, 0x00, 0x00, 0x00, 0x00, 0x00, 0x00, 0x00, 0x00, 0x00, 0x00, 0x00, 0x00, 0x00,
    0x00, 0x00, 0x00, 0x00, 0x00, 0x00, 0x00, 0x00, 0x00, 0x00, 0x00, 0x00, 0x00, 0x00, 0x00, 0x00,
    0x00, 0x15, 0x30, 0x00, 0x00, 0x00, 0x00, 0x03, 0xf9, 0x00, 0x00, 0x00, 0x00, 0x00, 0x3f, 0x90,
    0x00, 0x00, 0x00, 0x00, 0x03, 0xf9, 0x00, 0x00, 0x00, 0x00, 0x00, 0x3f, 0x90, 0x00, 0x00, 0x04,
    0xff, 0xff, 0xff, 0xff, 0xfa, 0x00, 0x3a, 0xaa, 0xbf, 0xda, 0xaa, 0x70, 0x00, 0x00, 0x03, 0xf9,
    0x00, 0x00, 0x00, 0x00, 0x00, 0x3f, 0x90, 0x00, 0x00, 0x00, 0x00, 0x03, 0xf9, 0x00, 0x00, 0x00,
    0x00, 0x00, 0x3f, 0x90, 0x00, 0x00, 0x00, 0x00, 0x00, 0x00, 0x00, 0x00, 0x00, 0x00, 0x00, 0x00,
    0x00, 0x00, 0x00, 0x00, 0x00, 0x00, 0x00, 0x00, 0x00, 0x00, 0x00, 0x00, 0x00, 0x00, 0x00, 0x2b,
    0xd3, 0x00, 0x00, 0x6f, 0xfb, 0x00, 0x00, 0x2c, 0xfc, 0x00, 0x00, 0x00, 0xdb, 0x00, 0x00, 0x05,
    0xf6, 0x00, 0x00, 0x8f, 0xb0, 0x00, 0x00, 0x98, 0x00, 0x00, 0x00, 0x00, 0x00, 0x00, 0x00, 0x00,
    0x00, 0x00, 0x00, 0x00, 0x00, 0x00, 0x00, 0x1a, 0xaa, 0xaa, 0x20, 0x01, 0xff, 0xff, 0xf3, 0x00,
    0x00, 0x00, 0x00, 0x00, 0x00, 0x00, 0x00, 0x00, 0x00, 0x00, 0x00, 0x00, 0x00, 0x00, 0x00, 0x00,
    0x00, 0x00, 0x00, 0x00, 0x00, 0x00, 0x00, 0x00, 0x00, 0x00, 0x00, 0x00, 0x00, 0x00, 0x00, 0x00,
    0x01, 0x10, 0x00, 0x00, 0x3f, 0xe3, 0x00, 0x00, 0x7f, 0xf6, 0x00, 0x00, 0x2c, 0xc1, 0x00, 0x00,
    0x00, 0x00, 0x00, 0x00, 0x00, 0x00, 0x00, 0x00, 0x00, 0x00, 0x00, 0x5f, 0x30, 0x00, 0x00, 0x00,
    0x9e, 0x00, 0x00, 0x00, 0x00, 0xea, 0x00, 0x00, 0x00, 0x03, 0xf6, 0x00, 0x00, 0x00, 0x07, 0xf2,
    0x00, 0x00, 0x00, 0x0c, 0xc0, 0x00, 0x00, 0x00, 0x1f, 0x80, 0x00, 0x00, 0x00, 0x5f, 0x40, 0x00,
    0x00, 0x00, 0x9e, 0x00, 0x00, 0x00, 0x00, 0xda, 0x00, 0x00, 0x00, 0x03, 0xf6, 0x00, 0x00, 0x00,
    0x07, 0xf2, 0x00, 0x00, 0x00, 0x0b, 0xd0, 0x00, 0x00, 0x00, 0x1f, 0x90, 0x00, 0x00, 0x00, 0x5f,
    0x40, 0x00, 0x00, 0x00, 0x9f, 0x10, 0x00, 0x00, 0x00, 0xdb, 0x00, 0x00, 0x00, 0x03, 0xf7, 0x00,
    0x00, 0x00, 0x07, 0xf2, 0x00, 0x00, 0x00, 0x06, 0x80, 0x00, 0x00, 0x00, 0x00, 0x00, 0x00, 0x00,
    0x00, 0x00, 0x00, 0x00, 0x00, 0x00, 0x00, 0x00, 0x00, 0x04, 0xbe, 0xc8, 0x00, 0x00, 0x00, 0x06,
    0xff, 0xef, 0xfb, 0x10, 0x00, 0x01, 0xef, 0x60, 0x2d, 0xf6, 0x00, 0x00, 0x7f, 0xb0, 0x00, 0x5f,
    0xc0, 0x00, 0x0b, 0xf7, 0x00, 0x01, 0xff, 0x20, 0x00, 0xdf, 0x40, 0x00, 0x0d, 0xf4, 0x00, 0x0e,
    0xf3, 0x00, 0x00, 0xcf, 0x50, 0x01, 0xff, 0x30, 0x00, 0x0c, 0xf6, 0x00, 0x0e, 0xf3, 0x00, 0x00,
    0xcf, 0x50, 0x00, 0xdf, 0x40, 0x00, 0x0e, 0xf4, 0x00, 0x0b, 0xf7, 0x00, 0x01, 0xff, 0x20, 0x00,
    0x6f, 0xc0, 0x00, 0x5f, 0xc0, 0x00, 0x01, 0xef, 0x60, 0x2d, 0xf6, 0x00, 0x00, 0x05, 0xff, 0xef,
    0xfb, 0x00, 0x00, 0x00, 0x04, 0xbe, 0xc8, 0x00, 0x00, 0x00, 0x00, 0x00, 0x00, 0x00, 0x00, 0x00,
    0x00, 0x00, 0x00, 0x00, 0x00, 0x00, 0x00, 0x00, 0x02, 0x8e, 0xf4, 0x00, 0x00, 0x00, 0x0a, 0xff,
    0xff, 0x40, 0x00, 0x00, 0x00, 0x69, 0xaf, 0xf4, 0x00, 0x00, 0x00, 0x00, 0x01, 0xff, 0x40, 0x00,
    0x00, 0x00, 0x00, 0x1f, 0xf4, 0x00, 0x00, 0x00, 0x00, 0x01, 0xff, 0x40, 0x00, 0x00, 0x00, 0x00,
    0x1f, 0xf4, 0x00, 0x00, 0x00, 0x00, 0x01, 0xff, 0x40, 0x00, 0x00, 0x00, 0x00, 0x1f, 0xf4, 0x00,
    0x00, 0x00, 0x00, 0x01, 0xff, 0x40, 0x00, 0x00, 0x00, 0x00, 0x1f, 0xf4, 0x00, 0x00, 0x00, 0x00,
    0x01, 0xff, 0x40, 0x00, 0x00, 0x00, 0x00, 0x1f, 0xf4, 0x00, 0x00, 0x00, 0x4d, 0xdd, 0xff, 0xed,
    0xd1, 0x00, 0x05, 0xff, 0xff, 0xff, 0xff, 0x20, 0x00, 0x00, 0x00, 0x00, 0x00, 0x00, 0x00, 0x00,
    0x00, 0x00, 0x00, 0x00, 0x00, 0x00, 0x00, 0x3a, 0xee, 0xc6, 0x00, 0x00, 0x00, 0x5e, 0xff, 0xef,
    0xfa, 0x00, 0x00, 0x0d, 0xe5, 0x10, 0x6f, 0xf4, 0x00, 0x00, 0x12, 0x00, 0x00, 0xbf, 0x80, 0x00,
    0x00, 0x00, 0x00, 0x09, 0xfa, 0x00, 0x00, 0x00, 0x00, 0x00, 0xcf, 0x70, 0x00, 0x00, 0x00, 0x00,
    0x1f, 0xf4, 0x00, 0x00, 0x00, 0x00, 0x09, 0xfc, 0x00, 0x00, 0x00, 0x00, 0x03, 0xff, 0x40, 0x00,
    0x00, 0x00, 0x02, 0xef, 0x80, 0x00, 0x00, 0x00, 0x01, 0xcf, 0xb0, 0x00, 0x00, 0x00, 0x01, 0xcf,
    0xb1, 0x00, 0x00, 0x00, 0x02, 0xdf, 0xc1, 0x00, 0x00, 0x00, 0x01, 0xdf, 0xfd, 0xee, 0xff, 0xf6,
    0x00, 0x2f, 0xff, 0xff, 0xff, 0xff, 0x60, 0x00, 0x00, 0x00, 0x00, 0x00, 0x00, 0x00, 0x00, 0x00,
    0x00, 0x00, 0x00, 0x00, 0x00, 0x00, 0x3a, 0xee, 0xc8, 0x10, 0x00, 0x00, 0x7f, 0xff, 0xef, 0xfd,
    0x10, 0x00, 0x05, 0xe5, 0x10, 0x3e, 0xf8, 0x00, 0x00, 0x00, 0x00, 0x00, 0x9f, 0xb0, 0x00, 0x00,
    0x00, 0x00, 0x0a, 0xfa, 0x00, 0x00, 0x00, 0x00, 0x06, 0xff, 0x40, 0x00, 0x00, 0x04, 0xce, 0xfd,
    0x50, 0x00, 0x00, 0x00, 0x6f, 0xff, 0xc5, 0x00, 0x00, 0x00, 0x00, 0x13, 0x8f, 0xf6, 0x00, 0x00,
    0x00, 0x00, 0x00, 0x6f, 0xe1, 0x00, 0x00, 0x00, 0x00, 0x02, 0xff, 0x30, 0x00, 0x31, 0x00, 0x00,
    0x4f, 0xf2, 0x00, 0x2e, 0xd5, 0x10, 0x3d, 0xfd, 0x00, 0x01, 0xaf, 0xff, 0xef, 0xfe, 0x30, 0x00,
    0x00, 0x6b, 0xee, 0xc9, 0x10, 0x00, 0x00, 0x00, 0x00, 0x00, 0x00, 0x00, 0x00, 0x00, 0x00, 0x00,
    0x00, 0x00, 0x00, 0x00, 0x00, 0x00, 0x02, 0xef, 0xe0, 0x00, 0x00, 0x00, 0x00, 0xaf, 0xfe, 0x00,
    0x00, 0x00, 0x00, 0x4f, 0xcf, 0xe0, 0x00, 0x00, 0x00, 0x1d, 0xf6, 0xfe, 0x00, 0x00, 0x00, 0x08,
    0xfa, 0x3f, 0xe0, 0x00, 0x00, 0x03, 0xfe, 0x23, 0xfe, 0x00, 0x00, 0x00, 0xcf, 0x70, 0x3f, 0xe0,
    0x00, 0x00, 0x6f, 0xc0, 0x03, 0xfe, 0x00, 0x00, 0x1e, 0xf3, 0x00, 0x3f, 0xe0, 0x00, 0x08, 0xfe,
    0xcc, 0xcd, 0xff, 0xca, 0x00, 0x9f, 0xff, 0xff, 0xff, 0xff, 0xc0, 0x00, 0x00, 0x00, 0x03, 0xfe,
    0x00, 0x00, 0x00, 0x00, 0x00, 0x3f, 0xe0, 0x00, 0x00, 0x00, 0x00, 0x03, 0xfe, 0x00, 0x00, 0x00,
    0x00, 0x00, 0x3f, 0xe0, 0x00, 0x00, 0x00, 0x00, 0x00, 0x00, 0x00, 0x00, 0x00, 0x00, 0x00, 0x00,
    0x00, 0x00, 0x00, 0x00, 0xdf, 0xff, 0xff, 0xf9, 0x00, 0x00, 0x0e, 0xff, 0xff, 0xff, 0x90, 0x00,
    0x00, 0xff, 0x20, 0x00, 0x00, 0x00, 0x00, 0x1f, 0xf0, 0x00, 0x00, 0x00, 0x00, 0x02, 0xfe, 0x00,
    0x00, 0x00, 0x00, 0x00, 0x3f, 0xd5, 0x99, 0x60, 0x00, 0x00, 0x04, 0xff, 0xff, 0xff, 0xd2, 0x00,
    0x00, 0x19, 0x72, 0x15, 0xef, 0xa0, 0x00, 0x00, 0x00, 0x00, 0x05, 0xff, 0x10, 0x00, 0x00, 0x00,
    0x00, 0x1f, 0xf4, 0x00, 0x00, 0x00, 0x00, 0x01, 0xff, 0x30, 0x00, 0x30, 0x00, 0x00, 0x6f, 0xf0,
    0x00, 0x2e, 0xc4, 0x10, 0x4e, 0xf9, 0x00, 0x01, 0xbf, 0xff, 0xff, 0xfc, 0x10, 0x00, 0x00, 0x6b,
    0xee, 0xc7, 0x00, 0x00, 0x00, 0x00, 0x00, 0x00, 0x00, 0x00, 0x00, 0x00, 0x00, 0x00, 0x00, 0x00,
    0x00, 0x00, 0x00, 0x01, 0x7b, 0xec, 0x91, 0x00, 0x00, 0x01, 0xcf, 0xfe, 0xff, 0xe1, 0x00, 0x00,
    0xaf, 0xd3, 0x01, 0x98, 0x00, 0x00, 0x2f, 0xf3, 0x00, 0x00, 0x00, 0x00, 0x08, 0xfb, 0x00, 0x00,
    0x00, 0x00, 0x00, 0xbf, 0x60, 0x00, 0x00, 0x00, 0x00, 0x0d, 0xf4, 0x5b, 0xec, 0x70, 0x00, 0x00,
    0xef, 0xbf, 0xcc, 0xff, 0x90, 0x00, 0x0e, 0xfd, 0x20, 0x04, 0xff, 0x30, 0x00, 0xcf, 0x50, 0x00,
    0x0b, 0xf6, 0x00, 0x0a, 0xf7, 0x00, 0x00, 0xaf, 0x70, 0x00, 0x5f, 0xc0, 0x00, 0x0c, 0xf5, 0x00,
    0x00, 0xdf, 0x70, 0x06, 0xfe, 0x10, 0x00, 0x03, 0xef, 0xed, 0xff, 0x50, 0x00, 0x00, 0x02, 0xad,
    0xeb, 0x30, 0x00, 0x00, 0x00, 0x00, 0x00, 0x00, 0x00, 0x00, 0x00, 0x00, 0x00, 0x00, 0x00, 0x00,
    0x00, 0x0f, 0xff, 0xff, 0xff, 0xff, 0x70, 0x00, 0xff, 0xff, 0xff, 0xff, 0xf5, 0x00, 0x00, 0x00,
    0x00, 0x06, 0xfb, 0x00, 0x00, 0x00, 0x00, 0x01, 0xee, 0x20, 0x00, 0x00, 0x00, 0x00, 0xaf, 0x70,
    0x00, 0x00, 0x00, 0x00, 0x2f, 0xe1, 0x00, 0x00, 0x00, 0x00, 0x08, 0xf9, 0x00, 0x00, 0x00, 0x00,
    0x00, 0xef, 0x30, 0x00, 0x00, 0x00, 0x00, 0x3f, 0xe0, 0x00, 0x00, 0x00, 0x00, 0x07, 0xfc, 0x00,
    0x00, 0x00, 0x00, 0x00, 0xaf, 0x90, 0x00, 0x00, 0x00, 0x00, 0x0c, 0xf7, 0x00, 0x00, 0x00, 0x00,
    0x00, 0xef, 0x60, 0x00, 0x00, 0x00, 0x00, 0x0f, 0xf5, 0x00, 0x00, 0x00, 0x00, 0x01, 0xff, 0x40,
    0x00, 0x00, 0x00, 0x00, 0x00, 0x00, 0x00, 0x00, 0x00, 0x00, 0x00, 0x00, 0x00, 0x00, 0x00, 0x00,
    0x00, 0x06, 0xce, 0xda, 0x20, 0x00, 0x00, 0x08, 0xfe, 0xbd, 0xfe, 0x20, 0x00, 0x02, 0xfe, 0x20,
    0x08, 0xfa, 0x00, 0x00, 0x5f, 0xb0, 0x00, 0x1f, 0xd0, 0x00, 0x05, 0xfc, 0x00, 0x02, 0xfc, 0x00,
    0x00, 0x1e, 0xf8, 0x00, 0x7f, 0x70, 0x00, 0x00, 0x3e, 0xfd, 0x7f, 0xa0, 0x00, 0x00, 0x01, 0xcf,
    0xff, 0xf4, 0x00, 0x00, 0x02, 0xde, 0x23, 0xbf, 0xf6, 0x00, 0x00, 0xbf, 0x50, 0x00, 0x6f, 0xf2,
    0x00, 0x0f, 0xf1, 0x00, 0x00, 0xdf, 0x50, 0x00, 0xff, 0x10, 0x00, 0x0c, 0xf6, 0x00, 0x0b, 0xfa,
    0x10, 0x04, 0xff, 0x20, 0x00, 0x2e, 0xfe, 0xbc, 0xff, 0x70, 0x00, 0x00, 0x18, 0xce, 0xdb, 0x40,
    0x00, 0x00, 0x00, 0x00, 0x00, 0x00, 0x00, 0x00, 0x00, 0x00, 0x00, 0x00, 0x00, 0x00, 0x00, 0x00,
    0x19, 0xde, 0xb5, 0x00, 0x00, 0x00, 0x1d, 0xfe, 0xdf, 0xf8, 0x00, 0x00, 0x0a, 0xfb, 0x10, 0x3e,
    0xf4, 0x00, 0x00, 0xef, 0x30, 0x00, 0x6f, 0xc0, 0x00, 0x2f, 0xf1, 0x00, 0x01, 0xff, 0x00, 0x01,
    0xff, 0x20, 0x00, 0x0e, 0xf2, 0x00, 0x0c, 0xf9, 0x00, 0x1b, 0xff, 0x40, 0x00, 0x4f, 0xfd, 0xbe,
    0xce, 0xf4, 0x00, 0x00, 0x3b, 0xed, 0x81, 0xff, 0x30, 0x00, 0x00, 0x00, 0x00, 0x1f, 0xf1, 0x00,
    0x00, 0x00, 0x00, 0x05, 0xfd, 0x00, 0x00, 0x00, 0x00, 0x00, 0xcf, 0x80, 0x00, 0x03, 0xc4, 0x01,
    0xaf, 0xe1, 0x00, 0x00, 0x9f, 0xff, 0xff, 0xf4, 0x00, 0x00, 0x00, 0x6b, 0xed, 0x93, 0x00, 0x00,
    0x00, 0x00, 0x00, 0x00, 0x00, 0x00, 0x00, 0x00, 0x00, 0x00, 0x00, 0x00, 0x01, 0x10, 0x00, 0x00,
    0x3e, 0xe3, 0x00, 0x00, 0x7f, 0xf6, 0x00, 0x00, 0x2c, 0xc2, 0x00, 0x00, 0x00, 0x00, 0x00, 0x00,
    0x00, 0x00, 0x00, 0x00, 0x00, 0x00, 0x00, 0x00, 0x00, 0x00, 0x00, 0x00, 0x01, 0x10, 0x00, 0x00,
    0x3f, 0xe3, 0x00, 0x00, 0x7f, 0xf6, 0x00, 0x00, 0x2c, 0xc1, 0x00, 0x00, 0x00, 0x00, 0x00, 0x00,
    0x00, 0x00, 0x00, 0x00, 0x2c, 0xc1, 0x00, 0x00, 0x7f, 0xf6, 0x00, 0x00, 0x3f, 0xf3, 0x00, 0x00,
    0x01, 0x10, 0x00, 0x00, 0x00, 0x00, 0x00, 0x00, 0x00, 0x00, 0x00, 0x00, 0x00, 0x00, 0x00, 0x00,
    0x00, 0x00, 0x00, 0x00, 0x2b, 0xd3, 0x00, 0x00, 0x6f, 0xfb, 0x00, 0x00, 0x2c, 0xfc, 0x00, 0x00,
    0x00, 0xdb, 0x00, 0x00, 0x05, 0xf6, 0x00, 0x00, 0x8f, 0xb0, 0x00, 0x00, 0x98, 0x00, 0x00, 0x00,
    0x00, 0x00, 0x00, 0x00, 0x00, 0x00, 0x00, 0x00, 0x00, 0x00, 0x00, 0x00, 0x00, 0x00, 0x00, 0x00,
    0x00, 0x00, 0x28, 0x80, 0x00, 0x00, 0x00, 0x16, 0xcf, 0xfa, 0x00, 0x00, 0x03, 0x9e, 0xff, 0xb5,
    0x10, 0x01, 0x7d, 0xff, 0xc7, 0x10, 0x00, 0x00, 0x4f, 0xfa, 0x30, 0x00, 0x00, 0x00, 0x02, 0xdf,
    0xfb, 0x51, 0x00, 0x00, 0x00, 0x00, 0x4a, 0xff, 0xea, 0x40, 0x00, 0x00, 0x00, 0x01, 0x7d, 0xff,
    0xe6, 0x00, 0x00, 0x00, 0x00, 0x03, 0x9e, 0xa0, 0x00, 0x00, 0x00, 0x00, 0x00, 0x13, 0x00, 0x00,
    0x00, 0x00, 0x00, 0x00, 0x00, 0x00, 0x00, 0x00, 0x00, 0x00, 0x00, 0x00, 0x00, 0x00, 0x00, 0x00,
    0x00, 0x00, 0x00, 0x00, 0x00, 0x00, 0x00, 0x00, 0x00, 0x2a, 0xaa, 0xaa, 0xaa, 0xaa, 0x60, 0x04,
    0xff, 0xff, 0xff, 0xff, 0xfa, 0x00, 0x00, 0x00, 0x00, 0x00, 0x00, 0x00, 0x00, 0x00, 0x00, 0x00,
    0x00, 0x00, 0x00, 0x00, 0x00, 0x00, 0x00, 0x00, 0x00, 0x02, 0xaa, 0xaa, 0xaa, 0xaa, 0xa6, 0x00,
    0x4f, 0xff, 0xff, 0xff, 0xff, 0xa0, 0x00, 0x00, 0x00, 0x00, 0x00, 0x00, 0x00, 0x00, 0x00, 0x00,
    0x00, 0x00, 0x00, 0x00, 0x00, 0x00, 0x00, 0x00, 0x00, 0x00, 0x00, 0x00, 0x00, 0x00, 0x00, 0x00,
    0x00, 0x00, 0x00, 0x00, 0x00, 0x00, 0x00, 0x00, 0x00, 0x00, 0x00, 0x00, 0x00, 0x00, 0x4b, 0x50,
    0x00, 0x00, 0x00, 0x00, 0x04, 0xff, 0xe8, 0x20, 0x00, 0x00, 0x00, 0x03, 0x9e, 0xff, 0xb6, 0x10,
    0x00, 0x00, 0x00, 0x04, 0xaf, 0xfe, 0x93, 0x00, 0x00, 0x00, 0x00, 0x16, 0xef, 0xa0, 0x00, 0x00,
    0x00, 0x39, 0xef, 0xf7, 0x00, 0x00, 0x27, 0xdf, 0xfc, 0x61, 0x00, 0x02, 0xcf, 0xfe, 0x93, 0x00,
    0x00, 0x00, 0x4f, 0xc6, 0x10, 0x00, 0x00, 0x00, 0x01, 0x20, 0x00, 0x00, 0x00, 0x00, 0x00, 0x00,
    0x00, 0x00, 0x00, 0x00, 0x00, 0x00, 0x00, 0x00, 0x00, 0x00, 0x00, 0x00, 0x00, 0x00, 0x00, 0x00,
    0x00, 0x00, 0x00, 0x00, 0x00, 0x00, 0x00, 0x00, 0x00, 0x03, 0xac, 0xc8, 0x10, 0x00, 0x00, 0x7f,
    0xff, 0xff, 0xe1, 0x00, 0x00, 0x9d, 0x51, 0x4e, 0xf8, 0x00, 0x00, 0x01, 0x00, 0x08, 0xfb, 0x00,
    0x00, 0x00, 0x00, 0x08, 0xfa, 0x00, 0x00, 0x00, 0x00, 0x1e, 0xf5, 0x00, 0x00, 0x00, 0x00, 0xbf,
    0xb0, 0x00, 0x00, 0x00, 0x06, 0xfd, 0x10, 0x00, 0x00, 0x00, 0x1e, 0xf4, 0x00, 0x00, 0x00, 0x00,
    0x6f, 0xb0, 0x00, 0x00, 0x00, 0x00, 0x7f, 0x90, 0x00, 0x00, 0x00, 0x00, 0x00, 0x00, 0x00, 0x00,
    0x00, 0x00, 0x02, 0x00, 0x00, 0x00, 0x00, 0x00, 0x9f, 0xc0, 0x00, 0x00, 0x00, 0x00, 0xdf, 0xf1,
    0x00, 0x00, 0x00, 0x00, 0x6d, 0x80, 0x00, 0x00, 0x00, 0x00, 0x00, 0x00, 0x00, 0x00, 0x00, 0x00,
    0x00, 0x00, 0x00, 0x00, 0x00, 0x00, 0x00, 0x00, 0x00, 0x00, 0x00, 0x00, 0x16, 0xbd, 0xfe, 0xc8,
    0x10, 0x00, 0x00, 0x00, 0x00, 0x00, 0x6e, 0xfd, 0x98, 0xad, 0xfe, 0x50, 0x00, 0x00, 0x00, 0x00,
    0x9f, 0xc3, 0x00, 0x00, 0x02, 0xcf, 0x70, 0x00, 0x00, 0x00, 0x8f, 0x90, 0x00, 0x00, 0x00, 0x00,
    0xae, 0x20, 0x00, 0x00, 0x4f, 0xc0, 0x00, 0x00, 0x00, 0x00, 0x02, 0xfa, 0x00, 0x00, 0x0c, 0xf2,
    0x00, 0x18, 0xdd, 0x4c, 0x60, 0x09, 0xf1, 0x00, 0x03, 0xf8, 0x00, 0x1c, 0xfb, 0xaf, 0xf5, 0x00,
    0x6f, 0x30, 0x00, 0x8f, 0x20, 0x08, 0xf6, 0x00, 0xaf, 0x20, 0x04, 0xf4, 0x00, 0x0b, 0xe0, 0x01,
    0xec, 0x00, 0x0c, 0xe0, 0x00, 0x5f, 0x30, 0x00, 0xcc, 0x00, 0x3f, 0x80, 0x00, 0xeb, 0x00, 0x07,
    0xf1, 0x00, 0x0d, 0xb0, 0x05, 0xf7, 0x00, 0x3f, 0x90, 0x00, 0xcc, 0x00, 0x00, 0xcd, 0x00, 0x3f,
    0xc1, 0x3d, 0xf9, 0x00, 0x6f, 0x40, 0x00, 0x0a, 0xf1, 0x00, 0xaf, 0xef, 0x9a, 0xf9, 0xbf, 0x90,
    0x00, 0x00, 0x6f, 0x70, 0x00, 0x57, 0x30, 0x2a, 0xec, 0x60, 0x00, 0x00, 0x01, 0xee, 0x20, 0x00,
    0x00, 0x00, 0x00, 0x00, 0x00, 0x00, 0x00, 0x05, 0xfc, 0x30, 0x00, 0x00, 0x00, 0x00, 0x00, 0x00,
    0x00, 0x00, 0x06, 0xff, 0x95, 0x21, 0x25, 0xb2, 0x00, 0x00, 0x00, 0x00, 0x00, 0x03, 0xbf, 0xff,
    0xff, 0xfc, 0x40, 0x00, 0x00, 0x00, 0x00, 0x00, 0x00, 0x25, 0x77, 0x53, 0x00, 0x00, 0x00, 0x00,
    0x00, 0x00, 0x00, 0x00, 0x00, 0x00, 0x00, 0x00, 0x00, 0x00, 0x00, 0x00, 0x00, 0x00, 0x00, 0x00,
    0x00, 0x00, 0x00, 0x00, 0x00, 0x4f, 0xfb, 0x00, 0x00, 0x00, 0x00, 0x00, 0x09, 0xff, 0xf1, 0x00,
    0x00, 0x00, 0x00, 0x00, 0xee, 0x9f, 0x50, 0x00, 0x00, 0x00, 0x00, 0x4f, 0xa5, 0xfa, 0x00, 0x00,
    0x00, 0x00, 0x09, 0xf6, 0x1f, 0xf1, 0x00, 0x00, 0x00, 0x00, 0xef, 0x20, 0xcf, 0x50, 0x00, 0x00,
    0x00, 0x4f, 0xd0, 0x08, 0xfa, 0x00, 0x00, 0x00, 0x08, 0xf9, 0x00, 0x4f, 0xe1, 0x00, 0x00, 0x00,
    0xdf, 0x50, 0x00, 0xef, 0x50, 0x00, 0x00, 0x3f, 0xff, 0xff, 0xff, 0xfa, 0x00, 0x00, 0x08, 0xfe,
    0xdd, 0xdd, 0xdf, 0xe0, 0x00, 0x00, 0xdf, 0x60, 0x00, 0x01, 0xff, 0x40, 0x00, 0x3f, 0xf2, 0x00,
    0x00, 0x0c, 0xf9, 0x00, 0x08, 0xfc, 0x00, 0x00, 0x00, 0x7f, 0xe0, 0x00, 0xdf, 0x80, 0x00, 0x00,
    0x03, 0xff, 0x40, 0x00, 0x00, 0x00, 0x00, 0x00, 0x00, 0x00, 0x00, 0x00, 0x00, 0x00, 0x00, 0x00,
    0x00, 0x00, 0x00, 0x01, 0xff, 0xff, 0xfe, 0xc7, 0x10, 0x00, 0x00, 0x1f, 0xfd, 0xcd, 0xef, 0xfc,
    0x10, 0x00, 0x01, 0xff, 0x40, 0x00, 0x5f, 0xf6, 0x00, 0x00, 0x1f, 0xf4, 0x00, 0x00, 0xaf, 0x90,
    0x00, 0x01, 0xff, 0x40, 0x00, 0x0a, 0xf9, 0x00, 0x00, 0x1f, 0xf4, 0x00, 0x05, 0xff, 0x30, 0x00,
    0x01, 0xff, 0xcb, 0xce, 0xfe, 0x50, 0x00, 0x00, 0x1f, 0xff, 0xff, 0xff, 0xfa, 0x20, 0x00, 0x01,
    0xff, 0x40, 0x01, 0x4c, 0xfd, 0x10, 0x00, 0x1f, 0xf4, 0x00, 0x00, 0x1f, 0xf5, 0x00, 0x01, 0xff,
    0x40, 0x00, 0x00, 0xdf, 0x70, 0x00, 0x1f, 0xf4, 0x00, 0x00, 0x1f, 0xf4, 0x00, 0x01, 0xff, 0x40,
    0x00, 0x2b, 0xfe, 0x10, 0x00, 0x1f, 0xfd, 0xcc, 0xef, 0xff, 0x40, 0x00, 0x01, 0xff, 0xff, 0xfe,
    0xc8, 0x20, 0x00, 0x00, 0x00, 0x00, 0x00, 0x00, 0x00, 0x00, 0x00, 0x00, 0x00, 0x00, 0x00, 0x00,
    0x00, 0x00, 0x00, 0x00, 0x00, 0x19, 0xdf, 0xeb, 0x40, 0x00, 0x00, 0x00, 0x5e, 0xff, 0xff, 0xff,
    0x70, 0x00, 0x00, 0x4f, 0xfd, 0x52, 0x27, 0xe6, 0x00, 0x00, 0x0c, 0xfc, 0x10, 0x00, 0x01, 0x00,
    0x00, 0x06, 0xff, 0x30, 0x00, 0x00, 0x00, 0x00, 0x00, 0xaf, 0xc0, 0x00, 0x00, 0x00, 0x00, 0x00,
    0x0c, 0xfa, 0x00, 0x00, 0x00, 0x00, 0x00, 0x00, 0xdf, 0x80, 0x00, 0x00, 0x00, 0x00, 0x00, 0x0c,
    0xfa, 0x00, 0x00, 0x00, 0x00, 0x00, 0x00, 0xaf, 0xc0, 0x00, 0x00, 0x00, 0x00, 0x00, 0x06, 0xff,
    0x30, 0x00, 0x00, 0x00, 0x00, 0x00, 0x0d, 0xfb, 0x10, 0x00, 0x02, 0x20, 0x00, 0x00, 0x4f, 0xfc,
    0x52, 0x26, 0xec, 0x10, 0x00, 0x00, 0x5e, 0xff, 0xff, 0xff, 0x70, 0x00, 0x00, 0x00, 0x29, 0xbe,
    0xeb, 0x40, 0x00, 0x00, 0x00, 0x00, 0x00, 0x00, 0x00, 0x00, 0x00, 0x00, 0x00, 0x00, 0x00, 0x00,
    0x00, 0x00, 0x00, 0x00, 0x1f, 0xff, 0xfd, 0xb8, 0x20, 0x00, 0x00, 0x00, 0x1f, 0xfe, 0xef, 0xff,
    0xe7, 0x00, 0x00, 0x00, 0x1f, 0xf4, 0x01, 0x4c, 0xff, 0x60, 0x00, 0x00, 0x1f, 0xf4, 0x00, 0x00,
    0xaf, 0xe1, 0x00, 0x00, 0x1f, 0xf4, 0x00, 0x00, 0x2f, 0xf6, 0x00, 0x00, 0x1f, 0xf4, 0x00, 0x00,
    0x0c, 0xf9, 0x00, 0x00, 0x1f, 0xf4, 0x00, 0x00, 0x0a, 0xfb, 0x00, 0x00, 0x1f, 0xf4, 0x00, 0x00,
    0x09, 0xfc, 0x00, 0x00, 0x1f, 0xf4, 0x00, 0x00, 0x0a, 0xfb, 0x00, 0x00, 0x1f, 0xf4, 0x00, 0x00,
    0x0c, 0xf8, 0x00, 0x00, 0x1f, 0xf4, 0x00, 0x00, 0x3f, 0xf6, 0x00, 0x00, 0x1f, 0xf4, 0x00, 0x00,
    0xbf, 0xd1, 0x00, 0x00, 0x1f, 0xf4, 0x01, 0x4c, 0xff, 0x50, 0x00, 0x00, 0x1f, 0xfe, 0xef, 0xff,
    0xe6, 0x00, 0x00, 0x00, 0x1f, 0xff, 0xfd, 0xb8, 0x20, 0x00, 0x00, 0x00, 0x00, 0x00, 0x00, 0x00,
    0x00, 0x00, 0x00, 0x00, 0x00, 0x00, 0x00, 0x00, 0x00, 0x00, 0x00, 0x1f, 0xff, 0xff, 0xff, 0xfa,
    0x00, 0x00, 0x1f, 0xff, 0xff, 0xff, 0xf9, 0x00, 0x00, 0x1f, 0xf4, 0x00, 0x00, 0x00, 0x00, 0x00,
    0x1f, 0xf4, 0x00, 0x00, 0x00, 0x00, 0x00, 0x1f, 0xf4, 0x00, 0x00, 0x00, 0x00, 0x00, 0x1f, 0xf4,
    0x00, 0x00, 0x00, 0x00, 0x00, 0x1f, 0xfe, 0xee, 0xee, 0x90, 0x00, 0x00, 0x1f, 0xff, 0xff, 0xff,
    0xa0, 0x00, 0x00, 0x1f, 0xf4, 0x00, 0x00, 0x00, 0x00, 0x00, 0x1f, 0xf4, 0x00, 0x00, 0x00, 0x00,
    0x00, 0x1f, 0xf4, 0x00, 0x00, 0x00, 0x00, 0x00, 0x1f, 0xf4, 0x00, 0x00, 0x00, 0x00, 0x00, 0x1f,
    0xf4, 0x00, 0x00, 0x00, 0x00, 0x00, 0x1f, 0xff, 0xff, 0xff, 0xfd, 0x00, 0x00, 0x1f, 0xff, 0xff,
    0xff, 0xfd, 0x00, 0x00, 0x00, 0x00, 0x00, 0x00, 0x00, 0x00, 0x00, 0x00, 0x00, 0x00, 0x00, 0x00,
    0x00, 0x01, 0xff, 0xff, 0xff, 0xff, 0xa0, 0x00, 0x1f, 0xff, 0xff, 0xff, 0xfa, 0x00, 0x01, 0xff,
    0x40, 0x00, 0x00, 0x00, 0x00, 0x1f, 0xf4, 0x00, 0x00, 0x00, 0x00, 0x01, 0xff, 0x40, 0x00, 0x00,
    0x00, 0x00, 0x1f, 0xf4, 0x00, 0x00, 0x00, 0x00, 0x01, 0xff, 0x40, 0x00, 0x00, 0x00, 0x00, 0x1f,
    0xff, 0xff, 0xff, 0xb0, 0x00, 0x01, 0xff, 0xee, 0xee, 0xea, 0x00, 0x00, 0x1f, 0xf4, 0x00, 0x00,
    0x00, 0x00, 0x01, 0xff, 0x40, 0x00, 0x00, 0x00, 0x00, 0x1f, 0xf4, 0x00, 0x00, 0x00, 0x00, 0x01,
    0xff, 0x40, 0x00, 0x00, 0x00, 0x00, 0x1f, 0xf4, 0x00, 0x00, 0x00, 0x00, 0x01, 0xff, 0x40, 0x00,
    0x00, 0x00, 0x00, 0x00, 0x00, 0x00, 0x00, 0x00, 0x00, 0x00, 0x00, 0x00, 0x00, 0x00, 0x00, 0x00,
    0x00, 0x00, 0x00, 0x01, 0x8c, 0xee, 0xc7, 0x00, 0x00, 0x00, 0x00, 0x4d, 0xff, 0xff, 0xff, 0xc1,
    0x00, 0x00, 0x03, 0xff, 0xd5, 0x22, 0x5c, 0xc1, 0x00, 0x00, 0x0c, 0xfc, 0x10, 0x00, 0x00, 0x10,
    0x00, 0x00, 0x6f, 0xf3, 0x00, 0x00, 0x00, 0x00, 0x00, 0x00, 0xaf, 0xc0, 0x00, 0x00, 0x00, 0x00,
    0x00, 0x00, 0xcf, 0xa0, 0x00, 0x00, 0x00, 0x00, 0x00, 0x00, 0xdf, 0x80, 0x00, 0x6f, 0xff, 0xf9,
    0x00, 0x00, 0xcf, 0xa0, 0x00, 0x6e, 0xee, 0xf9, 0x00, 0x00, 0xaf, 0xc0, 0x00, 0x00, 0x08, 0xf9,
    0x00, 0x00, 0x6f, 0xf3, 0x00, 0x00, 0x08, 0xf9, 0x00, 0x00, 0x0d, 0xfb, 0x10, 0x00, 0x08, 0xf9,
    0x00, 0x00, 0x04, 0xff, 0xd5, 0x21, 0x4c, 0xf9, 0x00, 0x00, 0x00, 0x5e, 0xff, 0xff, 0xff, 0xe4,
    0x00, 0x00, 0x00, 0x01, 0x8b, 0xee, 0xb8, 0x10, 0x00, 0x00, 0x00, 0x00, 0x00, 0x00, 0x00, 0x00,
    0x00, 0x00, 0x00, 0x00, 0x00, 0x00, 0x00, 0x00, 0x00, 0x00, 0x01, 0xff, 0x40, 0x00, 0x00, 0x7f,
    0xd0, 0x00, 0x00, 0x1f, 0xf4, 0x00, 0x00, 0x07, 0xfd, 0x00, 0x00, 0x01, 0xff, 0x40, 0x00, 0x00,
    0x7f, 0xd0, 0x00, 0x00, 0x1f, 0xf4, 0x00, 0x00, 0x07, 0xfd, 0x00, 0x00, 0x01, 0xff, 0x40, 0x00,
    0x00, 0x7f, 0xd0, 0x00, 0x00, 0x1f, 0xf4, 0x00, 0x00, 0x07, 0xfd, 0x00, 0x00, 0x01, 0xff, 0xff,
    0xff, 0xff, 0xff, 0xd0, 0x00, 0x00, 0x1f, 0xff, 0xff, 0xff, 0xff, 0xfd, 0x00, 0x00, 0x01, 0xff,
    0x40, 0x00, 0x00, 0x7f, 0xd0, 0x00, 0x00, 0x1f, 0xf4, 0x00, 0x00, 0x07, 0xfd, 0x00, 0x00, 0x01,
    0xff, 0x40, 0x00, 0x00, 0x7f, 0xd0, 0x00, 0x00, 0x1f, 0xf4, 0x00, 0x00, 0x07, 0xfd, 0x00, 0x00,
    0x01, 0xff, 0x40, 0x00, 0x00, 0x7f, 0xd0, 0x00, 0x00, 0x1f, 0xf4, 0x00, 0x00, 0x07, 0xfd, 0x00,
    0x00, 0x01, 0xff, 0x40, 0x00, 0x00, 0x7f, 0xd0, 0x00, 0x00, 0x00, 0x00, 0x00, 0x00, 0x00, 0x00,
    0x00, 0x00, 0x00, 0x00, 0x00, 0x00, 0x00, 0x1f, 0xf4, 0x00, 0x00, 0x1f, 0xf4, 0x00, 0x00, 0x1f,
    0xf4, 0x00, 0x00, 0x1f, 0xf4, 0x00, 0x00, 0x1f, 0xf4, 0x00, 0x00, 0x1f, 0xf4, 0x00, 0x00, 0x1f,
    0xf4, 0x00, 0x00, 0x1f, 0xf4, 0x00, 0x00, 0x1f, 0xf4, 0x00, 0x00, 0x1f, 0xf4, 0x00, 0x00, 0x1f,
    0xf4, 0x00, 0x00, 0x1f, 0xf4, 0x00, 0x00, 0x1f, 0xf4, 0x00, 0x00, 0x1f, 0xf4, 0x00, 0x00, 0x1f,
    0xf4, 0x00, 0x00, 0x00, 0x00, 0x00, 0x00, 0x00, 0x00, 0x00, 0x00, 0x00, 0x00, 0x00, 0x00, 0x00,
    0x3f, 0xf2, 0x00, 0x00, 0x00, 0x00, 0x03, 0xff, 0x20, 0x00, 0x00, 0x00, 0x00, 0x3f, 0xf2, 0x00,
    0x00, 0x00, 0x00, 0x03, 0xff, 0x20, 0x00, 0x00, 0x00, 0x00, 0x3f, 0xf2, 0x00, 0x00, 0x00, 0x00,
    0x03, 0xff, 0x20, 0x00, 0x00, 0x00, 0x00, 0x3f, 0xf2, 0x00, 0x00, 0x00, 0x00, 0x03, 0xff, 0x20,
    0x00, 0x00, 0x00, 0x00, 0x3f, 0xf2, 0x00, 0x00, 0x00, 0x00, 0x03, 0xff, 0x20, 0x00, 0x00, 0x00,
    0x00, 0x4f, 0xf1, 0x00, 0x00, 0x23, 0x00, 0x06, 0xfe, 0x00, 0x00, 0x2e, 0xe5, 0x14, 0xdf, 0xa0,
    0x00, 0x00, 0xaf, 0xff, 0xff, 0xe2, 0x00, 0x00, 0x00, 0x7d, 0xed, 0xa2, 0x00, 0x00, 0x00, 0x00,
    0x00, 0x00, 0x00, 0x00, 0x00, 0x00, 0x00, 0x00, 0x00, 0x00, 0x00, 0x00, 0x00, 0x00, 0x1f, 0xf4,
    0x00, 0x00, 0x8f, 0xe2, 0x00, 0x00, 0x1f, 0xf4, 0x00, 0x04, 0xff, 0x50, 0x00, 0x00, 0x1f, 0xf4,
    0x00, 0x2e, 0xf8, 0x00, 0x00, 0x00, 0x1f, 0xf4, 0x01, 0xcf, 0xb0, 0x00, 0x00, 0x00, 0x1f, 0xf4,
    0x0a, 0xfd, 0x10, 0x00, 0x00, 0x00, 0x1f, 0xf4, 0x6f, 0xf3, 0x00, 0x00, 0x00, 0x00, 0x1f, 0xf7,
    0xff, 0xf5, 0x00, 0x00, 0x00, 0x00, 0x1f, 0xff, 0xfe, 0xfd, 0x00, 0x00, 0x00, 0x00, 0x1f, 0xff,
    0xc2, 0xef, 0x70, 0x00, 0x00, 0x00, 0x1f, 0xfe, 0x20, 0x7f, 0xe2, 0x00, 0x00, 0x00, 0x1f, 0xf5,
    0x00, 0x0d, 0xfa, 0x00, 0x00, 0x00, 0x1f, 0xf4, 0x00, 0x05, 0xff, 0x30, 0x00, 0x00, 0x1f, 0xf4,
    0x00, 0x00, 0xbf, 0xc0, 0x00, 0x00, 0x1f, 0xf4, 0x00, 0x00, 0x3f, 0xf6, 0x00, 0x00, 0x1f, 0xf4,
    0x00, 0x00, 0x09, 0xfe, 0x10, 0x00, 0x00, 0x00, 0x00, 0x00, 0x00, 0x00, 0x00, 0x00, 0x00, 0x00,
    0x00, 0x00, 0x00, 0x00, 0x01, 0xff, 0x40, 0x00, 0x00, 0x00, 0x00, 0x1f, 0xf4, 0x00, 0x00, 0x00,
    0x00, 0x01, 0xff, 0x40, 0x00, 0x00, 0x00, 0x00, 0x1f, 0xf4, 0x00, 0x00, 0x00, 0x00, 0x01, 0xff,
    0x40, 0x00, 0x00, 0x00, 0x00, 0x1f, 0xf4, 0x00, 0x00, 0x00, 0x00, 0x01, 0xff, 0x40, 0x00, 0x00,
    0x00, 0x00, 0x1f, 0xf4, 0x00, 0x00, 0x00, 0x00, 0x01, 0xff, 0x40, 0x00, 0x00, 0x00, 0x00, 0x1f,
    0xf4, 0x00, 0x00, 0x00, 0x00, 0x01, 0xff, 0x40, 0x00, 0x00, 0x00, 0x00, 0x1f, 0xf4, 0x00, 0x00,
    0x00, 0x00, 0x01, 0xff, 0x40, 0x00, 0x00, 0x00, 0x00, 0x1f, 0xff, 0xff, 0xff, 0xf7, 0x00, 0x01,
    0xff, 0xff, 0xff, 0xff, 0x70, 0x00, 0x00, 0x00, 0x00, 0x00, 0x00, 0x00, 0x00, 0x00, 0x00, 0x00,
    0x00, 0x00, 0x00, 0x00, 0x00, 0x00, 0x01, 0xff, 0xc0, 0x00, 0x00, 0x03, 0xff, 0xa0, 0x00, 0x00,
    0x1f, 0xff, 0x20, 0x00, 0x00, 0x8f, 0xfa, 0x00, 0x00, 0x01, 0xfe, 0xf7, 0x00, 0x00, 0x0d, 0xef,
    0xa0, 0x00, 0x00, 0x1f, 0xce, 0xc0, 0x00, 0x03, 0xfb, 0xfa, 0x00, 0x00, 0x01, 0xfd, 0xaf, 0x20,
    0x00, 0x8f, 0x8f, 0xa0, 0x00, 0x00, 0x1f, 0xe5, 0xf7, 0x00, 0x0d, 0xd6, 0xfa, 0x00, 0x00, 0x01,
    0xff, 0x1f, 0xd0, 0x03, 0xf8, 0x6f, 0xa0, 0x00, 0x00, 0x1f, 0xf0, 0xbf, 0x30, 0x8f, 0x37, 0xfa,
    0x00, 0x00, 0x01, 0xff, 0x05, 0xf8, 0x0d, 0xd0, 0x7f, 0xa0, 0x00, 0x00, 0x1f, 0xf0, 0x1e, 0xc3,
    0xf8, 0x07, 0xfa, 0x00, 0x00, 0x01, 0xff, 0x00, 0xaf, 0x9f, 0x30, 0x7f, 0xa0, 0x00, 0x00, 0x1f,
    0xf0, 0x04, 0xff, 0xd0, 0x07, 0xfa, 0x00, 0x00, 0x01, 0xff, 0x00, 0x0e, 0xf7, 0x00, 0x7f, 0xa0,
    0x00, 0x00, 0x1f, 0xf0, 0x00, 0x8e, 0x20, 0x07, 0xfa, 0x00, 0x00, 0x01, 0xff, 0x00, 0x00, 0x00,
    0x00, 0x7f, 0xa0, 0x00, 0x00, 0x00, 0x00, 0x00, 0x00, 0x00, 0x00, 0x00, 0x00, 0x00, 0x00, 0x00,
    0x00, 0x00, 0x00, 0x00, 0x00, 0x00, 0x00, 0x01, 0xff, 0x90, 0x00, 0x00, 0x7f, 0xb0, 0x00, 0x00,
    0x1f, 0xff, 0x20, 0x00, 0x07, 0xfb, 0x00, 0x00, 0x01, 0xff, 0xfa, 0x00, 0x00, 0x7f, 0xb0, 0x00,
    0x00, 0x1f, 0xdc, 0xf4, 0x00, 0x07, 0xfb, 0x00, 0x00, 0x01, 0xfe, 0x5f, 0xc0, 0x00, 0x7f, 0xb0,
    0x00, 0x00, 0x1f, 0xf0, 0xdf, 0x50, 0x07, 0xfb, 0x00, 0x00, 0x01, 0xff, 0x15, 0xfd, 0x00, 0x7f,
    0xb0, 0x00, 0x00, 0x1f, 0xf2, 0x0c, 0xf7, 0x07, 0xfb, 0x00, 0x00, 0x01, 0xff, 0x20, 0x4f, 0xe1,
    0x6f, 0xb0, 0x00, 0x00, 0x1f, 0xf2, 0x00, 0xaf, 0x75, 0xfb, 0x00, 0x00, 0x01, 0xff, 0x20, 0x02,
    0xfe, 0x5f, 0xb0, 0x00, 0x00, 0x1f, 0xf2, 0x00, 0x09, 0xfa, 0xfb, 0x00, 0x00, 0x01, 0xff, 0x20,
    0x00, 0x1e, 0xff, 0xb0, 0x00, 0x00, 0x1f, 0xf2, 0x00, 0x00, 0x7f, 0xfb, 0x00, 0x00, 0x01, 0xff,
    0x20, 0x00, 0x00, 0xdf, 0xb0, 0x00, 0x00, 0x00, 0x00, 0x00, 0x00, 0x00, 0x00, 0x00, 0x00, 0x00,
    0x00, 0x00, 0x00, 0x00, 0x00, 0x00, 0x00, 0x00, 0x00, 0x00, 0x3a, 0xdf, 0xea, 0x30, 0x00, 0x00,
    0x00, 0x00, 0x7f, 0xff, 0xff, 0xff, 0x70, 0x00, 0x00, 0x00, 0x6f, 0xfb, 0x41, 0x4a, 0xff, 0x70,
    0x00, 0x00, 0x1e, 0xfa, 0x00, 0x00, 0x09, 0xfe, 0x10, 0x00, 0x06, 0xff, 0x20, 0x00, 0x00, 0x1e,
    0xf7, 0x00, 0x00, 0x9f, 0xb0, 0x00, 0x00, 0x00, 0xaf, 0xa0, 0x00, 0x0b, 0xf9, 0x00, 0x00, 0x00,
    0x08, 0xfc, 0x00, 0x00, 0xdf, 0x80, 0x00, 0x00, 0x00, 0x7f, 0xe0, 0x00, 0x0b, 0xfa, 0x00, 0x00,
    0x00, 0x08, 0xfc, 0x00, 0x00, 0x9f, 0xc0, 0x00, 0x00, 0x00, 0xbf, 0xa0, 0x00, 0x06, 0xff, 0x20,
    0x00, 0x00, 0x2f, 0xf7, 0x00, 0x00, 0x0d, 0xfb, 0x00, 0x00, 0x0a, 0xfe, 0x10, 0x00, 0x00, 0x5f,
    0xfb, 0x41, 0x4a, 0xff, 0x60, 0x00, 0x00, 0x00, 0x6f, 0xff, 0xff, 0xff, 0x70, 0x00, 0x00, 0x00,
    0x00, 0x3a, 0xdf, 0xea, 0x30, 0x00, 0x00, 0x00, 0x00, 0x00, 0x00, 0x00, 0x00, 0x00, 0x00, 0x00,
    0x00, 0x00, 0x00, 0x00, 0x00, 0x00, 0x00, 0x00, 0x01, 0xff, 0xff, 0xfd, 0xc6, 0x10, 0x00, 0x00,
    0x1f, 0xfe, 0xde, 0xff, 0xfc, 0x10, 0x00, 0x01, 0xff, 0x40, 0x00, 0x5e, 0xf9, 0x00, 0x00, 0x1f,
    0xf4, 0x00, 0x00, 0x7f, 0xd0, 0x00, 0x01, 0xff, 0x40, 0x00, 0x05, 0xff, 0x00, 0x00, 0x1f, 0xf4,
    0x00, 0x00, 0x8f, 0xc0, 0x00, 0x01, 0xff, 0x40, 0x00, 0x6f, 0xf8, 0x00, 0x00, 0x1f, 0xfe, 0xde,
    0xff, 0xfb, 0x00, 0x00, 0x01, 0xff, 0xff, 0xfd, 0xb5, 0x00, 0x00, 0x00, 0x1f, 0xf4, 0x00, 0x00,
    0x00, 0x00, 0x00, 0x01, 0xff, 0x40, 0x00, 0x00, 0x00, 0x00, 0x00, 0x1f, 0xf4, 0x00, 0x00, 0x00,
    0x00, 0x00, 0x01, 0xff, 0x40, 0x00, 0x00, 0x00, 0x00, 0x00, 0x1f, 0xf4, 0x00, 0x00, 0x00, 0x00,
    0x00, 0x01, 0xff, 0x40, 0x00, 0x00, 0x00, 0x00, 0x00, 0x00, 0x00, 0x00, 0x00, 0x00, 0x00, 0x00,
    0x00, 0x00, 0x00, 0x00, 0x00, 0x00, 0x00, 0x00, 0x00, 0x00, 0x00, 0x3a, 0xdf, 0xea, 0x30, 0x00,
    0x00, 0x00, 0x00, 0x7f, 0xff, 0xff, 0xff, 0x70, 0x00, 0x00, 0x00, 0x6f, 0xfb, 0x41, 0x4a, 0xff,
    0x70, 0x00, 0x00, 0x1d, 0xfa, 0x00, 0x00, 0x09, 0xfe, 0x10, 0x00, 0x06, 0xff, 0x20, 0x00, 0x00,
    0x1f, 0xf7, 0x00, 0x00, 0x9f, 0xc0, 0x00, 0x00, 0x00, 0xaf, 0xa0, 0x00, 0x0b, 0xfa, 0x00, 0x00,
    0x00, 0x08, 0xfc, 0x00, 0x00, 0xdf, 0x80, 0x00, 0x00, 0x00, 0x7f, 0xe0, 0x00, 0x0b, 0xf9, 0x00,
    0x00, 0x00, 0x08, 0xfc, 0x00, 0x00, 0x9f, 0xb0, 0x00, 0x00, 0x00, 0xaf, 0xa0, 0x00, 0x07, 0xff,
    0x10, 0x00, 0x00, 0x1e, 0xf7, 0x00, 0x00, 0x1e, 0xf8, 0x00, 0x00, 0x07, 0xff, 0x10, 0x00, 0x00,
    0x7f, 0xf8, 0x10, 0x07, 0xff, 0x80, 0x00, 0x00, 0x00, 0x8f, 0xff, 0xcf, 0xff, 0x90, 0x00, 0x00,
    0x00, 0x00, 0x5b, 0xff, 0xfc, 0x50, 0x00, 0x00, 0x00, 0x00, 0x00, 0x05, 0xff, 0x40, 0x00, 0x00,
    0x00, 0x00, 0x00, 0x00, 0x0b, 0xfe, 0x73, 0x12, 0x00, 0x00, 0x00, 0x00, 0x00, 0x1b, 0xff, 0xff,
    0xf3, 0x00, 0x00, 0x00, 0x00, 0x00, 0x05, 0xac, 0xdc, 0x30, 0x00, 0x00, 0x00, 0x00, 0x00, 0x00,
    0x00, 0x00, 0x00, 0x00, 0x00, 0x00, 0x00, 0x00, 0x00, 0x00, 0x00, 0x01, 0xff, 0xff, 0xfe, 0xc8,
    0x10, 0x00, 0x00, 0x1f, 0xfe, 0xde, 0xff, 0xfe, 0x20, 0x00, 0x01, 0xff, 0x40, 0x00, 0x4e, 0xfa,
    0x00, 0x00, 0x1f, 0xf4, 0x00, 0x00, 0x6f, 0xe0, 0x00, 0x01, 0xff, 0x40, 0x00, 0x04, 0xff, 0x10,
    0x00, 0x1f, 0xf4, 0x00, 0x00, 0x8f, 0xe0, 0x00, 0x01, 0xff, 0x40, 0x02, 0x7f, 0xf8, 0x00, 0x00,
    0x1f, 0xff, 0xff, 0xff, 0xfb, 0x10, 0x00, 0x01, 0xff, 0xed, 0xef, 0xf6, 0x00, 0x00, 0x00, 0x1f,
    0xf4, 0x01, 0xef, 0x80, 0x00, 0x00, 0x01, 0xff, 0x40, 0x07, 0xfe, 0x20, 0x00, 0x00, 0x1f, 0xf4,
    0x00, 0x1d, 0xfa, 0x00, 0x00, 0x01, 0xff, 0x40, 0x00, 0x6f, 0xf3, 0x00, 0x00, 0x1f, 0xf4, 0x00,
    0x00, 0xcf, 0xb0, 0x00, 0x01, 0xff, 0x40, 0x00, 0x05, 0xff, 0x50, 0x00, 0x00, 0x00, 0x00, 0x00,
    0x00, 0x00, 0x00, 0x00, 0x00, 0x00, 0x00, 0x00, 0x00, 0x00, 0x00, 0x00, 0x3a, 0xdf, 0xd9, 0x20,
    0x00, 0x00, 0x05, 0xff, 0xff, 0xff, 0xe6, 0x00, 0x00, 0x1e, 0xfa, 0x31, 0x49, 0xf4, 0x00, 0x00,
    0x5f, 0xf1, 0x00, 0x00, 0x10, 0x00, 0x00, 0x5f, 0xf2, 0x00, 0x00, 0x00, 0x00, 0x00, 0x2f, 0xfd,
    0x50, 0x00, 0x00, 0x00, 0x00, 0x06, 0xef, 0xfd, 0x71, 0x00, 0x00, 0x00, 0x00, 0x2b, 0xff, 0xfe,
    0x70, 0x00, 0x00, 0x00, 0x00, 0x39, 0xff, 0xf8, 0x00, 0x00, 0x00, 0x00, 0x00, 0x2b, 0xff, 0x10,
    0x00, 0x00, 0x00, 0x00, 0x02, 0xff, 0x40, 0x00, 0x16, 0x00, 0x00, 0x03, 0xff, 0x20, 0x00, 0xcf,
    0xc5, 0x21, 0x4c, 0xfd, 0x00, 0x00, 0x4d, 0xff, 0xff, 0xff, 0xe2, 0x00, 0x00, 0x01, 0x7c, 0xee,
    0xc8, 0x10, 0x00, 0x00, 0x00, 0x00, 0x00, 0x00, 0x00, 0x00, 0x00, 0x00, 0x00, 0x00, 0x00, 0x00,
    0x00, 0x06, 0xff, 0xff, 0xff, 0xff, 0xff, 0x90, 0x06, 0xff, 0xff, 0xff, 0xff, 0xff, 0x90, 0x00,
    0x00, 0x01, 0xff, 0x40, 0x00, 0x00, 0x00, 0x00, 0x01, 0xff, 0x40, 0x00, 0x00, 0x00, 0x00, 0x01,
    0xff, 0x40, 0x00, 0x00, 0x00, 0x00, 0x01, 0xff, 0x40, 0x00, 0x00, 0x00, 0x00, 0x01, 0xff, 0x40,
    0x00, 0x00, 0x00, 0x00, 0x01, 0xff, 0x40, 0x00, 0x00, 0x00, 0x00, 0x01, 0xff, 0x40, 0x00, 0x00,
    0x00, 0x00, 0x01, 0xff, 0x40, 0x00, 0x00, 0x00, 0x00, 0x01, 0xff, 0x40, 0x00, 0x00, 0x00, 0x00,
    0x01, 0xff, 0x40, 0x00, 0x00, 0x00, 0x00, 0x01, 0xff, 0x40, 0x00, 0x00, 0x00, 0x00, 0x01, 0xff,
    0x40, 0x00, 0x00, 0x00, 0x00, 0x01, 0xff, 0x40, 0x00, 0x00, 0x00, 0x00, 0x00, 0x00, 0x00, 0x00,
    0x00, 0x00, 0x00, 0x00, 0x00, 0x00, 0x00, 0x00, 0x00, 0x00, 0x02, 0xff, 0x30, 0x00, 0x00, 0x7f,
    0xc0, 0x00, 0x00, 0x2f, 0xf3, 0x00, 0x00, 0x07, 0xfc, 0x00, 0x00, 0x02, 0xff, 0x30, 0x00, 0x00,
    0x7f, 0xc0, 0x00, 0x00, 0x2f, 0xf3, 0x00, 0x00, 0x07, 0xfc, 0x00, 0x00, 0x02, 0xff, 0x30, 0x00,
    0x00, 0x7f, 0xc0, 0x00, 0x00, 0x2f, 0xf3, 0x00, 0x00, 0x07, 0xfc, 0x00, 0x00, 0x02, 0xff, 0x30,
    0x00, 0x00, 0x7f, 0xc0, 0x00, 0x00, 0x2f, 0xf3, 0x00, 0x00, 0x07, 0xfc, 0x00, 0x00, 0x02, 0xff,
    0x30, 0x00, 0x00, 0x7f, 0xc0, 0x00, 0x00, 0x1f, 0xf4, 0x00, 0x00, 0x08, 0xfb, 0x00, 0x00, 0x00,
    0xef, 0x60, 0x00, 0x00, 0xaf, 0x90, 0x00, 0x00, 0x0b, 0xfc, 0x00, 0x00, 0x2f, 0xf5, 0x00, 0x00,
    0x00, 0x3f, 0xfa, 0x31, 0x4d, 0xfd, 0x00, 0x00, 0x00, 0x00, 0x8f, 0xff, 0xff, 0xfe, 0x40, 0x00,
    0x00, 0x00, 0x00, 0x4b, 0xde, 0xc9, 0x20, 0x00, 0x00, 0x00, 0x00, 0x00, 0x00, 0x00, 0x00, 0x00,
    0x00, 0x00, 0x00, 0x00, 0x00, 0x00, 0x00, 0x00, 0x00, 0x00, 0x0d, 0xf8, 0x00, 0x00, 0x00, 0x9f,
    0xc0, 0x00, 0x9f, 0xc0, 0x00, 0x00, 0x0d, 0xf7, 0x00, 0x04, 0xff, 0x10, 0x00, 0x03, 0xff, 0x20,
    0x00, 0x0e, 0xf5, 0x00, 0x00, 0x7f, 0xd0, 0x00, 0x00, 0xaf, 0x90, 0x00, 0x0b, 0xf8, 0x00, 0x00,
    0x06, 0xfd, 0x00, 0x01, 0xff, 0x30, 0x00, 0x00, 0x1f, 0xf2, 0x00, 0x5f, 0xd0, 0x00, 0x00, 0x00,
    0xcf, 0x60, 0x09, 0xf9, 0x00, 0x00, 0x00, 0x07, 0xfa, 0x00, 0xef, 0x40, 0x00, 0x00, 0x00, 0x3f,
    0xe0, 0x3f, 0xe0, 0x00, 0x00, 0x00, 0x00, 0xdf, 0x47, 0xf9, 0x00, 0x00, 0x00, 0x00, 0x08, 0xf8,
    0xbf, 0x50, 0x00, 0x00, 0x00, 0x00, 0x4f, 0xdf, 0xe1, 0x00, 0x00, 0x00, 0x00, 0x00, 0xef, 0xfa,
    0x00, 0x00, 0x00, 0x00, 0x00, 0x0a, 0xff, 0x60, 0x00, 0x00, 0x00, 0x00, 0x00, 0x00, 0x00, 0x00,
    0x00, 0x00, 0x00, 0x00, 0x00, 0x00, 0x00, 0x00, 0x00, 0x00, 0x00, 0x00, 0x07, 0xfe, 0x00, 0x00,
    0x2f, 0xf2, 0x00, 0x00, 0xef, 0x40, 0x04, 0xff, 0x10, 0x00, 0x6f, 0xf6, 0x00, 0x02, 0xff, 0x10,
    0x01, 0xff, 0x40, 0x00, 0xaf, 0xf9, 0x00, 0x04, 0xfd, 0x00, 0x00, 0xdf, 0x60, 0x00, 0xed, 0xfd,
    0x00, 0x07, 0xfb, 0x00, 0x00, 0xaf, 0x90, 0x02, 0xf9, 0xcf, 0x20, 0x0a, 0xf8, 0x00, 0x00, 0x7f,
    0xc0, 0x06, 0xf6, 0x9f, 0x50, 0x0d, 0xf5, 0x00, 0x00, 0x4f, 0xe0, 0x0a, 0xf3, 0x6f, 0x90, 0x1f,
    0xf2, 0x00, 0x00, 0x1f, 0xf2, 0x0d, 0xe0, 0x3f, 0xc0, 0x3f, 0xe0, 0x00, 0x00, 0x0d, 0xf4, 0x2f,
    0xb0, 0x0e, 0xf1, 0x6f, 0xb0, 0x00, 0x00, 0x0a, 0xf7, 0x5f, 0x70, 0x0b, 0xf4, 0x8f, 0x80, 0x00,
    0x00, 0x07, 0xf9, 0x8f, 0x40, 0x07, 0xf7, 0xaf, 0x50, 0x00, 0x00, 0x04, 0xfb, 0xbf, 0x10, 0x04,
    0xfa, 0xcf, 0x20, 0x00, 0x00, 0x01, 0xfe, 0xec, 0x00, 0x00, 0xfd, 0xfe, 0x00, 0x00, 0x00, 0x00,
    0xef, 0xf8, 0x00, 0x00, 0xbf, 0xfb, 0x00, 0x00, 0x00, 0x00, 0xbf, 0xf5, 0x00, 0x00, 0x8f, 0xf8,
    0x00, 0x00, 0x00, 0x00, 0x00, 0x00, 0x00, 0x00, 0x00, 0x00, 0x00, 0x00, 0x00, 0x00, 0x00, 0x00,
    0x00, 0x00, 0x00, 0x02, 0xff, 0x60, 0x00, 0x05, 0xfe, 0x10, 0x00, 0x9f, 0xd0, 0x00, 0x0d, 0xf8,
    0x00, 0x00, 0x2e, 0xf6, 0x00, 0x5f, 0xe1, 0x00, 0x00, 0x08, 0xfd, 0x00, 0xcf, 0x70, 0x00, 0x00,
    0x01, 0xef, 0x64, 0xfd, 0x00, 0x00, 0x00, 0x00, 0x6f, 0xdb, 0xf6, 0x00, 0x00, 0x00, 0x00, 0x0d,
    0xff, 0xd0, 0x00, 0x00, 0x00, 0x00, 0x0a, 0xff, 0x80, 0x00, 0x00, 0x00, 0x00, 0x2f, 0xff, 0xe1,
    0x00, 0x00, 0x00, 0x00, 0xaf, 0x7c, 0xf8, 0x00, 0x00, 0x00, 0x04, 0xfe, 0x14, 0xff, 0x20, 0x00,
    0x00, 0x0c, 0xf8, 0x00, 0xcf, 0xa0, 0x00, 0x00, 0x5f, 0xe1, 0x00, 0x4f, 0xf3, 0x00, 0x00, 0xdf,
    0x80, 0x00, 0x0b, 0xfc, 0x00, 0x06, 0xfe, 0x10, 0x00, 0x03, 0xff, 0x50, 0x00, 0x00, 0x00, 0x00,
    0x00, 0x00, 0x00, 0x00, 0x00, 0x00, 0x00, 0x00, 0x00, 0x00, 0x00, 0x0c, 0xf9, 0x00, 0x00, 0x08,
    0xfd, 0x00, 0x00, 0x5f, 0xf1, 0x00, 0x00, 0xef, 0x60, 0x00, 0x00, 0xdf, 0x70, 0x00, 0x6f, 0xd0,
    0x00, 0x00, 0x06, 0xfd, 0x00, 0x0c, 0xf7, 0x00, 0x00, 0x00, 0x0e, 0xf5, 0x04, 0xfe, 0x10, 0x00,
    0x00, 0x00, 0x7f, 0xb0, 0xaf, 0x70, 0x00, 0x00, 0x00, 0x01, 0xef, 0x4f, 0xe1, 0x00, 0x00, 0x00,
    0x00, 0x08, 0xfe, 0xf8, 0x00, 0x00, 0x00, 0x00, 0x00, 0x1e, 0xff, 0x10, 0x00, 0x00, 0x00, 0x00,
    0x00, 0xaf, 0xb0, 0x00, 0x00, 0x00, 0x00, 0x00, 0x0a, 0xfa, 0x00, 0x00, 0x00, 0x00, 0x00, 0x00,
    0xaf, 0xa0, 0x00, 0x00, 0x00, 0x00, 0x00, 0x0a, 0xfa, 0x00, 0x00, 0x00, 0x00, 0x00, 0x00, 0xaf,
    0xa0, 0x00, 0x00, 0x00, 0x00, 0x00, 0x0a, 0xfa, 0x00, 0x00, 0x00, 0x00, 0x00, 0x00, 0x00, 0x00,
    0x00, 0x00, 0x00, 0x00, 0x00, 0x00, 0x00, 0x00, 0x00, 0x00, 0x00, 0x6f, 0xff, 0xff, 0xff, 0xff,
    0x30, 0x00, 0x6f, 0xff, 0xff, 0xff, 0xff, 0x10, 0x00, 0x00, 0x00, 0x00, 0x1e, 0xf7, 0x00, 0x00,
    0x00, 0x00, 0x00, 0xaf, 0xc0, 0x00, 0x00, 0x00, 0x00, 0x05, 0xff, 0x30, 0x00, 0x00, 0x00, 0x00,
    0x1d, 0xf9, 0x00, 0x00, 0x00, 0x00, 0x00, 0x9f, 0xd1, 0x00, 0x00, 0x00, 0x00, 0x03, 0xff, 0x50,
    0x00, 0x00, 0x00, 0x00, 0x0c, 0xfa, 0x00, 0x00, 0x00, 0x00, 0x00, 0x7f, 0xe2, 0x00, 0x00, 0x00,
    0x00, 0x02, 0xef, 0x60, 0x00, 0x00, 0x00, 0x00, 0x0b, 0xfc, 0x00, 0x00, 0x00, 0x00, 0x00, 0x5f,
    0xf3, 0x00, 0x00, 0x00, 0x00, 0x00, 0xef, 0xff, 0xff, 0xff, 0xff, 0x40, 0x01, 0xff, 0xff, 0xff,
    0xff, 0xff, 0x40, 0x00, 0x00, 0x00, 0x00, 0x00, 0x00, 0x00, 0x00, 0x00, 0x00, 0x00, 0x00, 0x00,
    0xef, 0xff, 0x50, 0x00, 0x0e, 0xd4, 0x41, 0x00, 0x00, 0xec, 0x00, 0x00, 0x00, 0x0e, 0xc0, 0x00,
    0x00, 0x00, 0xec, 0x00, 0x00, 0x00, 0x0e, 0xc0, 0x00, 0x00, 0x00, 0xec, 0x00, 0x00, 0x00, 0x0e,
    0xc0, 0x00, 0x00, 0x00, 0xec, 0x00, 0x00, 0x00, 0x0e, 0xc0, 0x00, 0x00, 0x00, 0xec, 0x00, 0x00,
    0x00, 0x0e, 0xc0, 0x00, 0x00, 0x00, 0xec, 0x00, 0x00, 0x00, 0x0e, 0xc0, 0x00, 0x00, 0x00, 0xec,
    0x00, 0x00, 0x00, 0x0e, 0xc0, 0x00, 0x00, 0x00, 0xec, 0x00, 0x00, 0x00, 0x0e, 0xc0, 0x00, 0x00,
    0x00, 0xef, 0xff, 0x50, 0x00, 0x04, 0x44, 0x41, 0x00, 0x00, 0x00, 0x00, 0x00, 0x00, 0x00, 0x00,
    0x00, 0x00, 0x07, 0xf2, 0x00, 0x00, 0x00, 0x03, 0xf6, 0x00, 0x00, 0x00, 0x00, 0xdb, 0x00, 0x00,
    0x00, 0x00, 0x9e, 0x00, 0x00, 0x00, 0x00, 0x5f, 0x40, 0x00, 0x00, 0x00, 0x1f, 0x80, 0x00, 0x00,
    0x00, 0x0b, 0xc0, 0x00, 0x00, 0x00, 0x07, 0xf2, 0x00, 0x00, 0x00, 0x03, 0xf6, 0x00, 0x00, 0x00,
    0x00, 0xea, 0x00, 0x00, 0x00, 0x00, 0x9e, 0x00, 0x00, 0x00, 0x00, 0x5f, 0x40, 0x00, 0x00, 0x00,
    0x1f, 0x80, 0x00, 0x00, 0x00, 0x0c, 0xc0, 0x00, 0x00, 0x00, 0x07, 0xf1, 0x00, 0x00, 0x00, 0x03,
    0xf6, 0x00, 0x00, 0x00, 0x00, 0xea, 0x00, 0x00, 0x00, 0x00, 0xae, 0x00, 0x00, 0x00, 0x00, 0x5f,
    0x30, 0x00, 0x00, 0x00, 0x19, 0x40, 0x00, 0x00, 0x00, 0x00, 0x00, 0x00, 0x00, 0x00, 0x00, 0x00,
    0x3f, 0xff, 0xf0, 0x00, 0x01, 0x44, 0xcf, 0x00, 0x00, 0x00, 0x0b, 0xf0, 0x00, 0x00, 0x00, 0xbf,
    0x00, 0x00, 0x00, 0x0b, 0xf0, 0x00, 0x00, 0x00, 0xbf, 0x00, 0x00, 0x00, 0x0b, 0xf0, 0x00, 0x00,
    0x00, 0xbf, 0x00, 0x00, 0x00, 0x0b, 0xf0, 0x00, 0x00, 0x00, 0xbf, 0x00, 0x00, 0x00, 0x0b, 0xf0,
    0x00, 0x00, 0x00, 0xbf, 0x00, 0x00, 0x00, 0x0b, 0xf0, 0x00, 0x00, 0x00, 0xbf, 0x00, 0x00, 0x00,
    0x0b, 0xf0, 0x00, 0x00, 0x00, 0xbf, 0x00, 0x00, 0x00, 0x0b, 0xf0, 0x00, 0x00, 0x00, 0xbf, 0x00,
    0x00, 0x3f, 0xff, 0xf0, 0x00, 0x01, 0x44, 0x44, 0x00, 0x00, 0x00, 0x00, 0x00, 0x00, 0x00, 0x00,
    0x00, 0x00, 0x00, 0x00, 0x00, 0x00, 0x00, 0x12, 0x10, 0x00, 0x00, 0x00, 0x00, 0x08, 0xfe, 0x00,
    0x00, 0x00, 0x00, 0x00, 0xef, 0xf5, 0x00, 0x00, 0x00, 0x00, 0x5f, 0x8f, 0xb0, 0x00, 0x00, 0x00,
    0x0b, 0xf2, 0xbf, 0x20, 0x00, 0x00, 0x02, 0xfb, 0x06, 0xf7, 0x00, 0x00, 0x00, 0x8f, 0x60, 0x1e,
    0xd0, 0x00, 0x00, 0x0d, 0xe1, 0x00, 0xaf, 0x40, 0x00, 0x04, 0xfa, 0x00, 0x04, 0xfa, 0x00, 0x00,
    0x69, 0x30, 0x00, 0x09, 0x90, 0x00, 0x00, 0x00, 0x00, 0x00, 0x00, 0x00, 0x00, 0x00, 0x00, 0x00,
    0x00, 0x00, 0x00, 0x00, 0x00, 0x00, 0x00, 0x00, 0x00, 0x00, 0x00, 0x00, 0x00, 0x00, 0x00, 0x00,
    0x00, 0x00, 0x00, 0x00, 0x00, 0x00, 0x00, 0x00, 0x00, 0x00, 0x00, 0x00, 0x00, 0x00, 0x00, 0x00,
    0x00, 0x00, 0x00, 0x00, 0x00, 0x00, 0x00, 0x00, 0x00, 0x00, 0x00, 0x00, 0x00, 0x00, 0x00, 0x00,
    0x05, 0x77, 0x77, 0x77, 0x77, 0x76, 0x00, 0xbf, 0xff, 0xff, 0xff, 0xff, 0xf0, 0x00, 0x00, 0x00,
    0x00, 0x00, 0x00, 0x00, 0x00, 0x00, 0x00, 0x00, 0x00, 0x00, 0x00, 0x00, 0x03, 0xef, 0x80, 0x00,
    0x00, 0x00, 0x00, 0x00, 0x4e, 0xf4, 0x00, 0x00, 0x00, 0x00, 0x00, 0x04, 0xed, 0x10, 0x00, 0x00,
    0x00, 0x00, 0x00, 0x4c, 0x80, 0x00, 0x00, 0x00, 0x00, 0x00, 0x00, 0x00, 0x00, 0x00, 0x00, 0x00,
    0x00, 0x00, 0x00, 0x00, 0x00, 0x00, 0x00, 0x00, 0x00, 0x00, 0x00, 0x00, 0x00, 0x00, 0x00, 0x00,
    0x00, 0x00, 0x00, 0x00, 0x00, 0x00, 0x00, 0x00, 0x00, 0x00, 0x00, 0x00, 0x00, 0x00, 0x00, 0x00,
    0x00, 0x00, 0x00, 0x00, 0x00, 0x00, 0x00, 0x00, 0x00, 0x00, 0x00, 0x00, 0x00, 0x00, 0x00, 0x00,
    0x00, 0x00, 0x00, 0x00, 0x00, 0x00, 0x00, 0x00, 0x00, 0x00, 0x00, 0x00, 0x00, 0x00, 0x00, 0x00,
    0x00, 0x00, 0x00, 0x00, 0x00, 0x00, 0x00, 0x00, 0x00, 0x00, 0x00, 0x00, 0x00, 0x00, 0x00, 0x00,
    0x00, 0x00, 0x00, 0x00, 0x00, 0x00, 0x00, 0x00, 0x00, 0x00, 0x00, 0x00, 0x00, 0x00, 0x00, 0x00,
    0x00, 0x01, 0x8b, 0xee, 0xb3, 0x00, 0x00, 0x00, 0x3e, 0xff, 0xef, 0xff, 0x20, 0x00, 0x00, 0x0b,
    0x61, 0x02, 0xdf, 0x90, 0x00, 0x00, 0x00, 0x00, 0x00, 0x6f, 0xc0, 0x00, 0x00, 0x00, 0x03, 0x79,
    0xdf, 0xe0, 0x00, 0x00, 0x05, 0xcf, 0xda, 0xaf, 0xf0, 0x00, 0x00, 0x5f, 0xd4, 0x00, 0x5f, 0xf0,
    0x00, 0x00, 0xbf, 0x60, 0x00, 0x5f, 0xf0, 0x00, 0x00, 0xdf, 0xa0, 0x04, 0xdf, 0xf0, 0x00, 0x00,
    0x9f, 0xfb, 0xef, 0xbf, 0xf0, 0x00, 0x00, 0x1b, 0xfe, 0xb5, 0x0e, 0xf0, 0x00, 0x00, 0x00, 0x21,
    0x00, 0x00, 0x00, 0x00, 0x00, 0x00, 0x00, 0x00, 0x00, 0x00, 0x00, 0x00, 0x00, 0x00, 0x00, 0x00,
    0x00, 0x00, 0x00, 0x03, 0xaa, 0x00, 0x00, 0x00, 0x00, 0x00, 0x00, 0x4f, 0xf0, 0x00, 0x00, 0x00,
    0x00, 0x00, 0x04, 0xff, 0x00, 0x00, 0x00, 0x00, 0x00, 0x00, 0x4f, 0xf0, 0x00, 0x00, 0x00, 0x00,
    0x00, 0x04, 0xff, 0x00, 0x00, 0x00, 0x00, 0x00, 0x00, 0x4f, 0xf1, 0x8c, 0xeb, 0x40, 0x00, 0x00,
    0x04, 0xff, 0xdf, 0xff, 0xff, 0x60, 0x00, 0x00, 0x4f, 0xfc, 0x30, 0x2b, 0xfe, 0x10, 0x00, 0x04,
    0xff, 0x10, 0x00, 0x2f, 0xf5, 0x00, 0x00, 0x4f, 0xf0, 0x00, 0x00, 0xdf, 0x70, 0x00, 0x04, 0xff,
    0x00, 0x00, 0x0c, 0xf8, 0x00, 0x00, 0x4f, 0xf0, 0x00, 0x00, 0xef, 0x60, 0x00, 0x04, 0xff, 0x00,
    0x00, 0x4f, 0xf3, 0x00, 0x00, 0x4f, 0xf9, 0x10, 0x4d, 0xfb, 0x00, 0x00, 0x04, 0xff, 0xfe, 0xdf,
    0xfd, 0x20, 0x00, 0x00, 0x4f, 0xa6, 0xef, 0xd9, 0x10, 0x00, 0x00, 0x00, 0x00, 0x00, 0x20, 0x00,
    0x00, 0x00, 0x00, 0x00, 0x00, 0x00, 0x00, 0x00, 0x00, 0x00, 0x00, 0x00, 0x00, 0x00, 0x00, 0x00,
    0x00, 0x00, 0x29, 0xde, 0xc7, 0x00, 0x00, 0x05, 0xef, 0xfe, 0xff, 0x50, 0x00, 0x2e, 0xfb, 0x20,
    0x26, 0x00, 0x00, 0xaf, 0xd0, 0x00, 0x00, 0x00, 0x00, 0xdf, 0x70, 0x00, 0x00, 0x00, 0x00, 0xff,
    0x50, 0x00, 0x00, 0x00, 0x00, 0xdf, 0x70, 0x00, 0x00, 0x00, 0x00, 0xaf, 0xd0, 0x00, 0x00, 0x00,
    0x00, 0x3f, 0xfa, 0x20, 0x28, 0x10, 0x00, 0x07, 0xff, 0xfe, 0xff, 0x80, 0x00, 0x00, 0x3a, 0xde,
    0xb6, 0x00, 0x00, 0x00, 0x00, 0x00, 0x00, 0x00, 0x00, 0x00, 0x00, 0x00, 0x00, 0x00, 0x00, 0x00,
    0x00, 0x00, 0x00, 0x00, 0x4a, 0x90, 0x00, 0x00, 0x00, 0x00, 0x00, 0x06, 0xfd, 0x00, 0x00, 0x00,
    0x00, 0x00, 0x00, 0x6f, 0xd0, 0x00, 0x00, 0x00, 0x00, 0x00, 0x06, 0xfd, 0x00, 0x00, 0x00, 0x00,
    0x00, 0x00, 0x6f, 0xd0, 0x00, 0x00, 0x00, 0x4b, 0xec, 0x86, 0xfd, 0x00, 0x00, 0x00, 0x7f, 0xff,
    0xff, 0xef, 0xd0, 0x00, 0x00, 0x2f, 0xfa, 0x10, 0x4c, 0xfd, 0x00, 0x00, 0x09, 0xfd, 0x00, 0x00,
    0x6f, 0xd0, 0x00, 0x00, 0xcf, 0x80, 0x00, 0x06, 0xfd, 0x00, 0x00, 0x0e, 0xf6, 0x00, 0x00, 0x6f,
    0xd0, 0x00, 0x00, 0xdf, 0x70, 0x00, 0x06, 0xfd, 0x00, 0x00, 0x0b, 0xfc, 0x00, 0x00, 0x7f, 0xd0,
    0x00, 0x00, 0x7f, 0xf7, 0x01, 0x5e, 0xfd, 0x00, 0x00, 0x01, 0xdf, 0xfc, 0xef, 0xcf, 0xd0, 0x00,
    0x00, 0x02, 0xbf, 0xfb, 0x61, 0xfd, 0x00, 0x00, 0x00, 0x00, 0x12, 0x00, 0x00, 0x00, 0x00, 0x00,
    0x00, 0x00, 0x00, 0x00, 0x00, 0x00, 0x00, 0x00, 0x00, 0x00, 0x00, 0x00, 0x00, 0x00, 0x00, 0x03,
    0xae, 0xdb, 0x30, 0x00, 0x00, 0x06, 0xff, 0xee, 0xff, 0x50, 0x00, 0x03, 0xff, 0x50, 0x04, 0xfd,
    0x10, 0x00, 0xaf, 0x80, 0x00, 0x0a, 0xf4, 0x00, 0x0d, 0xfa, 0x99, 0x99, 0xcf, 0x60, 0x00, 0xff,
    0xff, 0xff, 0xff, 0xf6, 0x00, 0x0d, 0xf5, 0x00, 0x00, 0x00, 0x00, 0x00, 0xaf, 0xa0, 0x00, 0x00,
    0x00, 0x00, 0x03, 0xff, 0x81, 0x00, 0x33, 0x00, 0x00, 0x06, 0xff, 0xfd, 0xef, 0xc0, 0x00, 0x00,
    0x03, 0xad, 0xec, 0x92, 0x00, 0x00, 0x00, 0x00, 0x00, 0x00, 0x00, 0x00, 0x00, 0x00, 0x00, 0x00,
    0x00, 0x00, 0x00, 0x5c, 0xed, 0x50, 0x00, 0x05, 0xff, 0xee, 0x30, 0x00, 0x0b, 0xfb, 0x10, 0x00,
    0x00, 0x0d, 0xf7, 0x00, 0x00, 0x00, 0x0d, 0xf6, 0x00, 0x00, 0x07, 0xef, 0xff, 0xfa, 0x00, 0x07,
    0xdf, 0xfe, 0xd8, 0x00, 0x00, 0x0d, 0xf6, 0x00, 0x00, 0x00, 0x0d, 0xf6, 0x00, 0x00, 0x00, 0x0d,
    0xf6, 0x00, 0x00, 0x00, 0x0d, 0xf6, 0x00, 0x00, 0x00, 0x0d, 0xf6, 0x00, 0x00, 0x00, 0x0d, 0xf6,
    0x00, 0x00, 0x00, 0x0d, 0xf6, 0x00, 0x00, 0x00, 0x0d, 0xf6, 0x00, 0x00, 0x00, 0x0d, 0xf6, 0x00,
    0x00, 0x00, 0x00, 0x00, 0x00, 0x00, 0x00, 0x00, 0x00, 0x00, 0x00, 0x00, 0x00, 0x00, 0x01, 0x7c,
    0xff, 0xff, 0xff, 0x10, 0x00, 0x0b, 0xfd, 0xad, 0xff, 0xbb, 0x10, 0x00, 0x6f, 0xd1, 0x00, 0xbf,
    0x50, 0x00, 0x00, 0x9f, 0x80, 0x00, 0x6f, 0x90, 0x00, 0x00, 0x7f, 0xa0, 0x00, 0x7f, 0x80, 0x00,
    0x00, 0x2f, 0xf5, 0x14, 0xef, 0x30, 0x00, 0x00, 0x07, 0xff, 0xff, 0xf6, 0x00, 0x00, 0x00, 0x1e,
    0xb4, 0x76, 0x20, 0x00, 0x00, 0x00, 0x6f, 0x90, 0x00, 0x00, 0x00, 0x00, 0x00, 0x3f, 0xfe, 0xcc,
    0xcb, 0x71, 0x00, 0x00, 0x0b, 0xff, 0xff, 0xff, 0xfc, 0x00, 0x00, 0x8f, 0x60, 0x00, 0x16, 0xff,
    0x20, 0x00, 0xef, 0x00, 0x00, 0x01, 0xff, 0x20, 0x00, 0xef, 0x40, 0x00, 0x08, 0xfc, 0x00, 0x00,
    0x7f, 0xfa, 0x89, 0xdf, 0xd2, 0x00, 0x00, 0x05, 0xbe, 0xfd, 0xb6, 0x00, 0x00, 0x00, 0x00, 0x00,
    0x00, 0x00, 0x00, 0x00, 0x00, 0x00, 0x00, 0x00, 0x00, 0x00, 0x00, 0x00, 0x3a, 0xa0, 0x00, 0x00,
    0x00, 0x00, 0x00, 0x4f, 0xf0, 0x00, 0x00, 0x00, 0x00, 0x00, 0x4f, 0xf0, 0x00, 0x00, 0x00, 0x00,
    0x00, 0x4f, 0xf0, 0x00, 0x00, 0x00, 0x00, 0x00, 0x4f, 0xf0, 0x00, 0x00, 0x00, 0x00, 0x00, 0x4f,
    0xf0, 0x6d, 0xec, 0x50, 0x00, 0x00, 0x4f, 0xfa, 0xff, 0xff, 0xf3, 0x00, 0x00, 0x4f, 0xfe, 0x61,
    0x3e, 0xfa, 0x00, 0x00, 0x4f, 0xf2, 0x00, 0x08, 0xfc, 0x00, 0x00, 0x4f, 0xf0, 0x00, 0x07, 0xfd,
    0x00, 0x00, 0x4f, 0xf0, 0x00, 0x06, 0xfd, 0x00, 0x00, 0x4f, 0xf0, 0x00, 0x06, 0xfd, 0x00, 0x00,
    0x4f, 0xf0, 0x00, 0x06, 0xfd, 0x00, 0x00, 0x4f, 0xf0, 0x00, 0x06, 0xfd, 0x00, 0x00, 0x4f, 0xf0,
    0x00, 0x06, 0xfd, 0x00, 0x00, 0x4f, 0xf0, 0x00, 0x06, 0xfd, 0x00, 0x00, 0x00, 0x00, 0x00, 0x00,
    0x00, 0x00, 0x00, 0x00, 0x00, 0x00, 0x00, 0x19, 0x80, 0x00, 0x00, 0x7f, 0xf3, 0x00, 0x00, 0x3d,
    0xb0, 0x00, 0x00, 0x00, 0x00, 0x00, 0x00, 0x00, 0x00, 0x00, 0x00, 0x4f, 0xf0, 0x00, 0x00, 0x4f,
    0xf0, 0x00, 0x00, 0x4f, 0xf0, 0x00, 0x00, 0x4f, 0xf0, 0x00, 0x00, 0x4f, 0xf0, 0x00, 0x00, 0x4f,
    0xf0, 0x00, 0x00, 0x4f, 0xf0, 0x00, 0x00, 0x4f, 0xf0, 0x00, 0x00, 0x4f, 0xf0, 0x00, 0x00, 0x4f,
    0xf0, 0x00, 0x00, 0x4f, 0xf0, 0x00, 0x00, 0x00, 0x00, 0x00, 0x00, 0x00, 0x00, 0x00, 0x00, 0x00,
    0x19, 0x80, 0x00, 0x00, 0x07, 0xff, 0x30, 0x00, 0x00, 0x3d, 0xc0, 0x00, 0x00, 0x00, 0x00, 0x00,
    0x00, 0x00, 0x00, 0x00, 0x00, 0x00, 0x04, 0xff, 0x10, 0x00, 0x00, 0x4f, 0xf1, 0x00, 0x00, 0x04,
    0xff, 0x10, 0x00, 0x00, 0x4f, 0xf1, 0x00, 0x00, 0x04, 0xff, 0x10, 0x00, 0x00, 0x4f, 0xf1, 0x00,
    0x00, 0x04, 0xff, 0x10, 0x00, 0x00, 0x4f, 0xf1, 0x00, 0x00, 0x04, 0xff, 0x10, 0x00, 0x00, 0x4f,
    0xf1, 0x00, 0x00, 0x04, 0xff, 0x10, 0x00, 0x00, 0x4f, 0xf1, 0x00, 0x00, 0x05, 0xff, 0x00, 0x00,
    0x00, 0x8f, 0xd0, 0x00, 0x0a, 0xdf, 0xf7, 0x00, 0x00, 0xbe, 0xd8, 0x00, 0x00, 0x00, 0x00, 0x00,
    0x00, 0x00, 0x00, 0x00, 0x00, 0x00, 0x00, 0x00, 0x00, 0x00, 0x4e, 0xe0, 0x00, 0x00, 0x00, 0x00,
    0x00, 0x4f, 0xf0, 0x00, 0x00, 0x00, 0x00, 0x00, 0x4f, 0xf0, 0x00, 0x00, 0x00, 0x00, 0x00, 0x4f,
    0xf0, 0x00, 0x00, 0x00, 0x00, 0x00, 0x4f, 0xf0, 0x00, 0x00, 0x00, 0x00, 0x00, 0x4f, 0xf0, 0x00,
    0x2e, 0xf7, 0x00, 0x00, 0x4f, 0xf0, 0x01, 0xcf, 0xa0, 0x00, 0x00, 0x4f, 0xf0, 0x0a, 0xfc, 0x00,
    0x00, 0x00, 0x4f, 0xf0, 0x7f, 0xd2, 0x00, 0x00, 0x00, 0x4f, 0xf4, 0xff, 0x50, 0x00, 0x00, 0x00,
    0x4f, 0xfe, 0xff, 0xc0, 0x00, 0x00, 0x00, 0x4f, 0xff, 0x7d, 0xf7, 0x00, 0x00, 0x00, 0x4f, 0xf8,
    0x04, 0xfe, 0x20, 0x00, 0x00, 0x4f, 0xf0, 0x00, 0xaf, 0xb0, 0x00, 0x00, 0x4f, 0xf0, 0x00, 0x2e,
    0xf5, 0x00, 0x00, 0x4f, 0xf0, 0x00, 0x07, 0xfe, 0x10, 0x00, 0x00, 0x00, 0x00, 0x00, 0x00, 0x00,
    0x00, 0x00, 0x00, 0x00, 0x00, 0x12, 0x20, 0x00, 0x00, 0x4f, 0xf0, 0x00, 0x00, 0x4f, 0xf0, 0x00,
    0x00, 0x4f, 0xf0, 0x00, 0x00, 0x4f, 0xf0, 0x00, 0x00, 0x4f, 0xf0, 0x00, 0x00, 0x4f, 0xf0, 0x00,
    0x00, 0x4f, 0xf0, 0x00, 0x00, 0x4f, 0xf0, 0x00, 0x00, 0x4f, 0xf0, 0x00, 0x00, 0x4f, 0xf0, 0x00,
    0x00, 0x4f, 0xf0, 0x00, 0x00, 0x4f, 0xf0, 0x00, 0x00, 0x4f, 0xf0, 0x00, 0x00, 0x3f, 0xf1, 0x00,
    0x00, 0x1f, 0xfe, 0x10, 0x00, 0x06, 0xee, 0x20, 0x00, 0x00, 0x00, 0x00, 0x00, 0x00, 0x00, 0x00,
    0x00, 0x00, 0x00, 0x00, 0x00, 0x00, 0x00, 0x04, 0xfa, 0x07, 0xde, 0xc3, 0x02, 0xae, 0xd8, 0x00,
    0x00, 0x00, 0x4f, 0xca, 0xff, 0xff, 0xd4, 0xdf, 0xff, 0xf9, 0x00, 0x00, 0x04, 0xff, 0xe5, 0x15,
    0xff, 0xfb, 0x31, 0xaf, 0xf1, 0x00, 0x00, 0x4f, 0xf2, 0x00, 0x0c, 0xfb, 0x00, 0x03, 0xff, 0x20,
    0x00, 0x04, 0xff, 0x00, 0x00, 0xaf, 0xa0, 0x00, 0x1f, 0xf4, 0x00, 0x00, 0x4f, 0xf0, 0x00, 0x0a,
    0xfa, 0x00, 0x01, 0xff, 0x40, 0x00, 0x04, 0xff, 0x00, 0x00, 0xaf, 0xa0, 0x00, 0x1f, 0xf4, 0x00,
    0x00, 0x4f, 0xf0, 0x00, 0x0a, 0xfa, 0x00, 0x01, 0xff, 0x40, 0x00, 0x04, 0xff, 0x00, 0x00, 0xaf,
    0xa0, 0x00, 0x1f, 0xf4, 0x00, 0x00, 0x4f, 0xf0, 0x00, 0x0a, 0xfa, 0x00, 0x01, 0xff, 0x40, 0x00,
    0x04, 0xff, 0x00, 0x00, 0xaf, 0xa0, 0x00, 0x1f, 0xf4, 0x00, 0x00, 0x00, 0x00, 0x00, 0x00, 0x00,
    0x00, 0x00, 0x00, 0x00, 0x00, 0x00, 0x00, 0x00, 0x00, 0x00, 0x00, 0x00, 0x00, 0x4f, 0xa0, 0x6d,
    0xec, 0x50, 0x00, 0x00, 0x4f, 0xca, 0xff, 0xff, 0xf3, 0x00, 0x00, 0x4f, 0xfe, 0x61, 0x3e, 0xfa,
    0x00, 0x00, 0x4f, 0xf2, 0x00, 0x08, 0xfc, 0x00, 0x00, 0x4f, 0xf0, 0x00, 0x07, 0xfd, 0x00, 0x00,
    0x4f, 0xf0, 0x00, 0x06, 0xfd, 0x00, 0x00, 0x4f, 0xf0, 0x00, 0x06, 0xfd, 0x00, 0x00, 0x4f, 0xf0,
    0x00, 0x06, 0xfd, 0x00, 0x00, 0x4f, 0xf0, 0x00, 0x06, 0xfd, 0x00, 0x00, 0x4f, 0xf0, 0x00, 0x06,
    0xfd, 0x00, 0x00, 0x4f, 0xf0, 0x00, 0x06, 0xfd, 0x00, 0x00, 0x00, 0x00, 0x00, 0x00, 0x00, 0x00,
    0x00, 0x00, 0x00, 0x00, 0x00, 0x00, 0x00, 0x00, 0x00, 0x3a, 0xde, 0xb5, 0x00, 0x00, 0x00, 0x06,
    0xff, 0xff, 0xff, 0xa0, 0x00, 0x00, 0x3f, 0xf8, 0x10, 0x5e, 0xf6, 0x00, 0x00, 0xaf, 0xc0, 0x00,
    0x08, 0xfe, 0x00, 0x00, 0xdf, 0x70, 0x00, 0x03, 0xff, 0x20, 0x00, 0xff, 0x50, 0x00, 0x01, 0xff,
    0x40, 0x00, 0xdf, 0x70, 0x00, 0x03, 0xff, 0x20, 0x00, 0xaf, 0xc0, 0x00, 0x07, 0xfe, 0x00, 0x00,
    0x3f, 0xf8, 0x10, 0x5e, 0xf6, 0x00, 0x00, 0x06, 0xff, 0xff, 0xff, 0xa0, 0x00, 0x00, 0x00, 0x3a,
    0xde, 0xb5, 0x00, 0x00, 0x00, 0x00, 0x00, 0x00, 0x00, 0x00, 0x00, 0x00, 0x00, 0x00, 0x00, 0x00,
    0x00, 0x00, 0x00, 0x04, 0xfa, 0x18, 0xce, 0xb4, 0x00, 0x00, 0x00, 0x4f, 0xed, 0xff, 0xff, 0xf6,
    0x00, 0x00, 0x04, 0xff, 0xa3, 0x02, 0xbf, 0xe1, 0x00, 0x00, 0x4f, 0xf0, 0x00, 0x02, 0xff, 0x50,
    0x00, 0x04, 0xff, 0x00, 0x00, 0x0d, 0xf7, 0x00, 0x00, 0x4f, 0xf0, 0x00, 0x00, 0xcf, 0x80, 0x00,
    0x04, 0xff, 0x00, 0x00, 0x0e, 0xf6, 0x00, 0x00, 0x4f, 0xf0, 0x00, 0x04, 0xff, 0x30, 0x00, 0x04,
    0xff, 0x92, 0x04, 0xdf, 0xb0, 0x00, 0x00, 0x4f, 0xfe, 0xff, 0xff, 0xd2, 0x00, 0x00, 0x04, 0xff,
    0x2a, 0xed, 0x91, 0x00, 0x00, 0x00, 0x4f, 0xf0, 0x00, 0x00, 0x00, 0x00, 0x00, 0x04, 0xff, 0x00,
    0x00, 0x00, 0x00, 0x00, 0x00, 0x4f, 0xf0, 0x00, 0x00, 0x00, 0x00, 0x00, 0x04, 0xff, 0x00, 0x00,
    0x00, 0x00, 0x00, 0x00, 0x4f, 0xf0, 0x00, 0x00, 0x00, 0x00, 0x00, 0x00, 0x00, 0x00, 0x00, 0x00,
    0x00, 0x00, 0x00, 0x00, 0x00, 0x00, 0x00, 0x00, 0x00, 0x00, 0x00, 0x04, 0xbe, 0xd9, 0x3f, 0xd0,
    0x00, 0x00, 0x07, 0xff, 0xff, 0xff, 0xfd, 0x00, 0x00, 0x03, 0xff, 0xa1, 0x04, 0xcf, 0xd0, 0x00,
    0x00, 0xaf, 0xd0, 0x00, 0x06, 0xfd, 0x00, 0x00, 0x0c, 0xf8, 0x00, 0x00, 0x6f, 0xd0, 0x00, 0x00,
    0xef, 0x60, 0x00, 0x06, 0xfd, 0x00, 0x00, 0x0d, 0xf7, 0x00, 0x00, 0x6f, 0xd0, 0x00, 0x00, 0xbf,
    0xc0, 0x00, 0x07, 0xfd, 0x00, 0x00, 0x05, 0xff, 0x81, 0x15, 0xef, 0xd0, 0x00, 0x00, 0x0b, 0xff,
    0xff, 0xfd, 0xfd, 0x00, 0x00, 0x00, 0x07, 0xce, 0xb6, 0x6f, 0xd0, 0x00, 0x00, 0x00, 0x00, 0x00,
    0x06, 0xfd, 0x00, 0x00, 0x00, 0x00, 0x00, 0x00, 0x6f, 0xd0, 0x00, 0x00, 0x00, 0x00, 0x00, 0x06,
    0xfd, 0x00, 0x00, 0x00, 0x00, 0x00, 0x00, 0x6f, 0xd0, 0x00, 0x00, 0x00, 0x00, 0x00, 0x06, 0xfd,
    0x00, 0x00, 0x00, 0x00, 0x00, 0x00, 0x00, 0x00, 0x00, 0x00, 0x00, 0x00, 0x00, 0x00, 0x00, 0x04,
    0xfa, 0x08, 0xef, 0x20, 0x00, 0x4f, 0xb8, 0xff, 0xd0, 0x00, 0x04, 0xfe, 0xf7, 0x22, 0x00, 0x00,
    0x4f, 0xf8, 0x00, 0x00, 0x00, 0x04, 0xff, 0x10, 0x00, 0x00, 0x00, 0x4f, 0xf0, 0x00, 0x00, 0x00,
    0x04, 0xff, 0x00, 0x00, 0x00, 0x00, 0x4f, 0xf0, 0x00, 0x00, 0x00, 0x04, 0xff, 0x00, 0x00, 0x00,
    0x00, 0x4f, 0xf0, 0x00, 0x00, 0x00, 0x04, 0xff, 0x00, 0x00, 0x00, 0x00, 0x00, 0x00, 0x00, 0x00,
    0x00, 0x00, 0x00, 0x00, 0x00, 0x00, 0x00, 0x00, 0x03, 0xbe, 0xeb, 0x60, 0x00, 0x00, 0x4f, 0xfe,
    0xcf, 0xf6, 0x00, 0x00, 0xaf, 0xa0, 0x01, 0x60, 0x00, 0x00, 0xbf, 0x90, 0x00, 0x00, 0x00, 0x00,
    0x5f, 0xfc, 0x61, 0x00, 0x00, 0x00, 0x03, 0xbf, 0xfe, 0x70, 0x00, 0x00, 0x00, 0x03, 0x9f, 0xf8,
    0x00, 0x00, 0x00, 0x00, 0x07, 0xfc, 0x00, 0x00, 0x95, 0x00, 0x09, 0xfb, 0x00, 0x02, 0xef, 0xec,
    0xdf, 0xf4, 0x00, 0x00, 0x18, 0xce, 0xda, 0x30, 0x00, 0x00, 0x00, 0x00, 0x00, 0x00, 0x00, 0x00,
    0x00, 0x00, 0x00, 0x00, 0x00, 0x04, 0x73, 0x00, 0x00, 0x00, 0x09, 0xf6, 0x00, 0x00, 0x00, 0x0a,
    0xf6, 0x00, 0x00, 0x00, 0x0b, 0xf6, 0x00, 0x00, 0x07, 0xef, 0xff, 0xff, 0x40, 0x07, 0xdf, 0xfe,
    0xdd, 0x30, 0x00, 0x0e, 0xf6, 0x00, 0x00, 0x00, 0x0e, 0xf6, 0x00, 0x00, 0x00, 0x0e, 0xf6, 0x00,
    0x00, 0x00, 0x0e, 0xf6, 0x00, 0x00, 0x00, 0x0e, 0xf6, 0x00, 0x00, 0x00, 0x0d, 0xf7, 0x00, 0x00,
    0x00, 0x0b, 0xfc, 0x10, 0x00, 0x00, 0x06, 0xff, 0xee, 0x50, 0x00, 0x00, 0x7d, 0xec, 0x50, 0x00,
    0x00, 0x00, 0x00, 0x00, 0x00, 0x00, 0x00, 0x00, 0x00, 0x00, 0x00, 0x00, 0x6f, 0xd0, 0x00, 0x09,
    0xfa, 0x00, 0x00, 0x6f, 0xd0, 0x00, 0x09, 0xfa, 0x00, 0x00, 0x6f, 0xd0, 0x00, 0x09, 0xfa, 0x00,
    0x00, 0x6f, 0xd0, 0x00, 0x09, 0xfa, 0x00, 0x00, 0x6f, 0xd0, 0x00, 0x09, 0xfa, 0x00, 0x00, 0x6f,
    0xd0, 0x00, 0x09, 0xfa, 0x00, 0x00, 0x6f, 0xe0, 0x00, 0x09, 0xfa, 0x00, 0x00, 0x5f, 0xf0, 0x00,
    0x0a, 0xfa, 0x00, 0x00, 0x3f, 0xf8, 0x13, 0xaf, 0xfa, 0x00, 0x00, 0x0c, 0xff, 0xff, 0xd8, 0xfa,
    0x00, 0x00, 0x01, 0xae, 0xea, 0x24, 0xfa, 0x00, 0x00, 0x00, 0x00, 0x00, 0x00, 0x00, 0x00, 0x00,
    0x00, 0x00, 0x00, 0x00, 0x00, 0x00, 0x8f, 0xb0, 0x00, 0x00, 0xcf, 0x60, 0x03, 0xff, 0x10, 0x00,
    0x2f, 0xf1, 0x00, 0x0d, 0xf6, 0x00, 0x06, 0xfb, 0x00, 0x00, 0x8f, 0xb0, 0x00, 0xbf, 0x60, 0x00,
    0x02, 0xff, 0x10, 0x1f, 0xf1, 0x00, 0x00, 0x0c, 0xf5, 0x05, 0xfb, 0x00, 0x00, 0x00, 0x7f, 0xa0,
    0xaf, 0x60, 0x00, 0x00, 0x02, 0xfe, 0x1e, 0xf1, 0x00, 0x00, 0x00, 0x0b, 0xf8, 0xfa, 0x00, 0x00,
    0x00, 0x00, 0x6f, 0xff, 0x50, 0x00, 0x00, 0x00, 0x01, 0xff, 0xe1, 0x00, 0x00, 0x00, 0x00, 0x00,
    0x00, 0x00, 0x00, 0x00, 0x00, 0x00, 0x00, 0x00, 0x00, 0x00, 0x00, 0x00, 0x00, 0x00, 0x5f, 0xe0,
    0x00, 0x0d, 0xf8, 0x00, 0x04, 0xfe, 0x00, 0x01, 0xff, 0x30, 0x02, 0xff, 0xc0, 0x00, 0x8f, 0xa0,
    0x00, 0x0c, 0xf7, 0x00, 0x6f, 0xdf, 0x10, 0x0b, 0xf6, 0x00, 0x00, 0x8f, 0xb0, 0x0a, 0xe7, 0xf5,
    0x00, 0xef, 0x20, 0x00, 0x04, 0xfe, 0x00, 0xdb, 0x3f, 0x90, 0x3f, 0xd0, 0x00, 0x00, 0x0e, 0xf3,
    0x2f, 0x80, 0xfd, 0x07, 0xf9, 0x00, 0x00, 0x00, 0xbf, 0x66, 0xf4, 0x0b, 0xf1, 0xaf, 0x50, 0x00,
    0x00, 0x07, 0xf9, 0x9f, 0x10, 0x7f, 0x5d, 0xf1, 0x00, 0x00, 0x00, 0x3f, 0xcd, 0xc0, 0x03, 0xfa,
    0xfc, 0x00, 0x00, 0x00, 0x00, 0xef, 0xf8, 0x00, 0x0e, 0xff, 0x80, 0x00, 0x00, 0x00, 0x0a, 0xff,
    0x40, 0x00, 0xbf, 0xf4, 0x00, 0x00, 0x00, 0x00, 0x00, 0x00, 0x00, 0x00, 0x00, 0x00, 0x00, 0x00,
    0x00, 0x00, 0x00, 0x00, 0x00, 0x00, 0x00, 0x2f, 0xf5, 0x00, 0x0b, 0xfa, 0x00, 0x00, 0x8f, 0xd1,
    0x04, 0xfe, 0x20, 0x00, 0x00, 0xdf, 0x80, 0xbf, 0x70, 0x00, 0x00, 0x04, 0xfe, 0x5f, 0xd0, 0x00,
    0x00, 0x00, 0x09, 0xff, 0xf4, 0x00, 0x00, 0x00, 0x00, 0x5f, 0xfc, 0x00, 0x00, 0x00, 0x00, 0x0d,
    0xfe, 0xf4, 0x00, 0x00, 0x00, 0x08, 0xf9, 0x7f, 0xd1, 0x00, 0x00, 0x02, 0xff, 0x20, 0xdf, 0x90,
    0x00, 0x00, 0xbf, 0x80, 0x04, 0xff, 0x30, 0x00, 0x6f, 0xe1, 0x00, 0x09, 0xfd, 0x00, 0x00, 0x00,
    0x00, 0x00, 0x00, 0x00, 0x00, 0x00, 0x00, 0x00, 0x00, 0x00, 0x00, 0x00, 0x8f, 0xc0, 0x00, 0x00,
    0xbf, 0x70, 0x02, 0xff, 0x20, 0x00, 0x1f, 0xf2, 0x00, 0x0b, 0xf7, 0x00, 0x06, 0xfc, 0x00, 0x00,
    0x6f, 0xc0, 0x00, 0xaf, 0x60, 0x00, 0x01, 0xef, 0x30, 0x0e, 0xf2, 0x00, 0x00, 0x09, 0xf8, 0x04,
    0xfb, 0x00, 0x00, 0x00, 0x3f, 0xd0, 0x9f, 0x60, 0x00, 0x00, 0x00, 0xcf, 0x2d, 0xf1, 0x00, 0x00,
    0x00, 0x06, 0xf9, 0xfb, 0x00, 0x00, 0x00, 0x00, 0x1f, 0xff, 0x60, 0x00, 0x00, 0x00, 0x00, 0xaf,
    0xf1, 0x00, 0x00, 0x00, 0x00, 0x07, 0xfb, 0x00, 0x00, 0x00, 0x00, 0x00, 0xdf, 0x50, 0x00, 0x00,
    0x00, 0x00, 0x8f, 0xd0, 0x00, 0x00, 0x00, 0x0c, 0xef, 0xf4, 0x00, 0x00, 0x00, 0x01, 0xde, 0xb3,
    0x00, 0x00, 0x00, 0x00, 0x00, 0x00, 0x00, 0x00, 0x00, 0x00, 0x00, 0x00, 0x00, 0x00, 0x00, 0x00,
    0x00, 0xaf, 0xff, 0xff, 0xff, 0x10, 0x00, 0x9d, 0xdd, 0xdf, 0xfd, 0x00, 0x00, 0x00, 0x00, 0x4f,
    0xf3, 0x00, 0x00, 0x00, 0x01, 0xdf, 0x80, 0x00, 0x00, 0x00, 0x0a, 0xfc, 0x00, 0x00, 0x00, 0x00,
    0x5f, 0xf3, 0x00, 0x00, 0x00, 0x01, 0xef, 0x70, 0x00, 0x00, 0x00, 0x0b, 0xfc, 0x00, 0x00, 0x00,
    0x00, 0x6f, 0xe2, 0x00, 0x00, 0x00, 0x02, 0xef, 0xec, 0xcc, 0xcc, 0x30, 0x04, 0xff, 0xff, 0xff,
    0xff, 0x40, 0x00, 0x00, 0x00, 0x00, 0x00, 0x00, 0x00, 0x00, 0x00, 0x00, 0x00, 0x00, 0x08, 0xef,
    0x50, 0x00, 0x04, 0xfd, 0x51, 0x00, 0x00, 0x7f, 0x60, 0x00, 0x00, 0x08, 0xf5, 0x00, 0x00, 0x00,
    0x7f, 0x60, 0x00, 0x00, 0x06, 0xf6, 0x00, 0x00, 0x00, 0x6f, 0x70, 0x00, 0x00, 0x06, 0xf6, 0x00,
    0x00, 0x02, 0xcf, 0x40, 0x00, 0x04, 0xff, 0x50, 0x00, 0x00, 0x28, 0xfd, 0x10, 0x00, 0x00, 0x08,
    0xf6, 0x00, 0x00, 0x00, 0x5f, 0x70, 0x00, 0x00, 0x06, 0xf6, 0x00, 0x00, 0x00, 0x7f, 0x60, 0x00,
    0x00, 0x08, 0xf6, 0x00, 0x00, 0x00, 0x8f, 0x60, 0x00, 0x00, 0x06, 0xfa, 0x10, 0x00, 0x00, 0x1d,
    0xff, 0x50, 0x00, 0x00, 0x03, 0x41, 0x00, 0x00, 0x00, 0x00, 0x00, 0x00, 0x00, 0x00, 0x00, 0x00,
    0x0f, 0x90, 0x00, 0x00, 0x0f, 0x90, 0x00, 0x00, 0x0f, 0x90, 0x00, 0x00, 0x0f, 0x90, 0x00, 0x00,
    0x0f, 0x90, 0x00, 0x00, 0x0f, 0x90, 0x00, 0x00, 0x0f, 0x90, 0x00, 0x00, 0x0f, 0x90, 0x00, 0x00,
    0x0f, 0x90, 0x00, 0x00, 0x0f, 0x90, 0x00, 0x00, 0x0f, 0x90, 0x00, 0x00, 0x0f, 0x90, 0x00, 0x00,
    0x0f, 0x90, 0x00, 0x00, 0x0f, 0x90, 0x00, 0x00, 0x0f, 0x90, 0x00, 0x00, 0x0f, 0x90, 0x00, 0x00,
    0x0f, 0x90, 0x00, 0x00, 0x0f, 0x90, 0x00, 0x00, 0x0f, 0x90, 0x00, 0x00, 0x0f, 0x90, 0x00, 0x00,
    0x0f, 0x90, 0x00, 0x00, 0x0f, 0x90, 0x00, 0x00, 0x07, 0x50, 0x00, 0x00, 0x00, 0x00, 0x00, 0x00,
    0x00, 0x00, 0x00, 0x00, 0x3f, 0xe9, 0x00, 0x00, 0x01, 0x5c, 0xf6, 0x00, 0x00, 0x00, 0x5f, 0x90,
    0x00, 0x00, 0x04, 0xf9, 0x00, 0x00, 0x00, 0x4f, 0x90, 0x00, 0x00, 0x05, 0xf8, 0x00, 0x00, 0x00,
    0x5f, 0x70, 0x00, 0x00, 0x05, 0xf8, 0x00, 0x00, 0x00, 0x2f, 0xd3, 0x00, 0x00, 0x00, 0x4f, 0xf5,
    0x00, 0x00, 0x1c, 0xf9, 0x20, 0x00, 0x04, 0xfa, 0x00, 0x00, 0x00, 0x5f, 0x70, 0x00, 0x00, 0x05,
    0xf8, 0x00, 0x00, 0x00, 0x4f, 0x80, 0x00, 0x00, 0x04, 0xf9, 0x00, 0x00, 0x00, 0x4f, 0x90, 0x00,
    0x00, 0x09, 0xf7, 0x00, 0x00, 0x3f, 0xfd, 0x10, 0x00, 0x01, 0x43, 0x10, 0x00, 0x00, 0x00, 0x00,
    0x00, 0x00, 0x00, 0x00, 0x00, 0x00, 0x00, 0x00, 0x00, 0x00, 0x00, 0x00, 0x00, 0x00, 0x00, 0x00,
    0x19, 0xec, 0x60, 0x02, 0xc3, 0x00, 0x0b, 0xfc, 0xef, 0xca, 0xef, 0x30, 0x01, 0xa7, 0x01, 0xaf,
    0xfc, 0x40, 0x00, 0x00, 0x00, 0x00, 0x35, 0x00, 0x00, 0x00, 0x00, 0x00, 0x00, 0x00, 0x00, 0x00,
    0x00, 0x00, 0x00, 0x00, 0x00, 0x00, 0x00, 0x00, 0x00, 0x00, 0x00, 0x00, 0x00, 0x00, 0x00, 0x00,
    0x00, 0x00, 0x00, 0x00, 0x00, 0x00, 0x00, 0x00, 0x00, 0x00, 0x00, 0x00, 0x00, 0x00, 0x00, 0x00,
    0x00, 0x00, 0x00, 0x00, 0x00, 0x00, 0x00, 0x00, 0x00, 0x00, 0x00, 0x00, 0x06, 0xbe, 0xfd, 0xa4,
    0x00, 0x00, 0x00, 0x00, 0x00, 0x3c, 0xc6, 0x32, 0x47, 0xea, 0x10, 0x00, 0x00, 0x00, 0x2e, 0x70,
    0x00, 0x00, 0x01, 0xad, 0x00, 0x00, 0x00, 0x0c, 0x90, 0x05, 0xce, 0xc7, 0x00, 0xc8, 0x00, 0x00,
    0x06, 0xd1, 0x07, 0xfd, 0x8a, 0xf4, 0x03, 0xf2, 0x00, 0x00, 0xa9, 0x02, 0xfc, 0x10, 0x02, 0x00,
    0x0d, 0x70, 0x00, 0x0d, 0x70, 0x6f, 0x50, 0x00, 0x00, 0x00, 0xa9, 0x00, 0x00, 0xe5, 0x08, 0xf3,
    0x00, 0x00, 0x00, 0x08, 0xa0, 0x00, 0x0c, 0x70, 0x6f, 0x50, 0x00, 0x00, 0x00, 0xa9, 0x00, 0x00,
    0xa9, 0x03, 0xfb, 0x00, 0x02, 0x00, 0x0d, 0x70, 0x00, 0x05, 0xe1, 0x09, 0xfc, 0x8a, 0xf5, 0x03,
    0xf2, 0x00, 0x00, 0x0b, 0x90, 0x06, 0xce, 0xc7, 0x00, 0xc8, 0x00, 0x00, 0x00, 0x2e, 0x70, 0x00,
    0x00, 0x01, 0xad, 0x00, 0x00, 0x00, 0x00, 0x3c, 0xc6, 0x31, 0x47, 0xea, 0x10, 0x00, 0x00, 0x00,
    0x00, 0x06, 0xbe, 0xfe, 0xa4, 0x00, 0x00, 0x00, 0x00, 0x00, 0x00, 0x00, 0x00, 0x00, 0x00, 0x00,
    0x00, 0x00, 0x00, 0x00, 0x00, 0x00, 0x00, 0x00, 0x00, 0x21, 0x00, 0x00, 0x00, 0x2c, 0xff, 0xa0,
    0x00, 0x00, 0xcb, 0x23, 0xe8, 0x00, 0x01, 0xf5, 0x00, 0x9b, 0x00, 0x00, 0xdb, 0x23, 0xe8, 0x00,
    0x00, 0x3d, 0xff, 0xa1, 0x00, 0x00, 0x00, 0x21, 0x00, 0x00, 0x00, 0x00, 0x00, 0x00, 0x00, 0x00,
    0x00, 0x00, 0x00, 0x00, 0x00, 0x00, 0x00, 0x00, 0x00, 0x00, 0x00, 0x00, 0x00, 0x00, 0x00, 0x00,
    0x00, 0x00, 0x00, 0x00, 0x00, 0x00, 0x00, 0x00, 0x00, 0x00, 0x00, 0x00, 0x00, 0x00, 0x00, 0x00,
    0x00, 0x00, 0x00, 0x00, 0x00, 0x00, 0x00, 0x00, 0x00, 0x00, 0x00, 0x00, 0x00, 0x00, 0x00, 0x00,
    0x00, 0x00, 0x00, 0x00, 0x00, 0x00, 0x00, 0x00, 0x00, 0x00, 0x00, 0x06, 0xdd, 0x60, 0x00, 0x00,
    0x00, 0x00, 0x00, 0x00, 0x00, 0x00, 0x2f, 0xff, 0xf2, 0x00, 0x00, 0x00, 0x00, 0x00, 0x00, 0x00,
    0x00, 0x4f, 0xff, 0xf4, 0x00, 0x00, 0x00, 0x00, 0x00, 0x00, 0x00, 0x00, 0x1d, 0xff, 0xd1, 0x00,
    0x00, 0x00, 0x00, 0x00, 0x00, 0x00, 0x00, 0x02, 0x88, 0x20, 0x00, 0x00, 0x00, 0x00, 0x00, 0x00,
    0x00, 0x00, 0x00, 0x00, 0x00, 0x00, 0x00, 0x00, 0x00, 0x00, 0x00, 0x00, 0x00, 0x00, 0x00, 0x00,
    0x00, 0x00, 0x00, 0x00, 0x00, 0x00, 0x00, 0x00, 0x00, 0x00, 0x00, 0x00, 0x00, 0x00, 0x00, 0x00,
    0x00, 0x00, 0x00, 0x00, 0x00, 0x00, 0x00, 0x00, 0x00, 0x00, 0x00, 0x00, 0x00, 0x00, 0x00, 0x00,
    0x00, 0x00, 0x00, 0x00, 0x00, 0x00, 0x00, 0x00, 0x00, 0x00, 0x00, 0x00, 0x00, 0x00, 0x00, 0x00,
    0x00, 0x00, 0x00, 0x00, 0x00, 0x00, 0x00, 0x00, 0x00, 0x00, 0x00, 0x00, 0x0e, 0xcc, 0xcc, 0xcc,
    0xcc, 0xcc, 0xcc, 0xcc, 0xe0, 0x00, 0x00, 0x0c, 0x00, 0x00, 0x00, 0x00, 0x00, 0x00, 0x00, 0xc0,
    0x00, 0x00, 0x0c, 0x00, 0x00, 0x00, 0x00, 0x00, 0x00, 0x00, 0xc0, 0x00, 0x00, 0x0c, 0x00, 0x00,
    0x00, 0x00, 0x00, 0x00, 0x00, 0xc0, 0x00, 0x00, 0x0c, 0x00, 0x00, 0x00, 0x00, 0x00, 0x00, 0x00,
    0xc0, 0x00, 0x00, 0x0c, 0x00, 0x00, 0x00, 0x00, 0x00, 0x00, 0x00, 0xc0, 0x00, 0x00, 0x0c, 0x00,
    0x00, 0x00, 0x00, 0x00, 0x00, 0x00, 0xc0, 0x00, 0x00, 0x0c, 0x00, 0x00, 0x00, 0x00, 0x00, 0x00,
    0x00, 0xc0, 0x00, 0x00, 0x0c, 0x00, 0x00, 0x00, 0x00, 0x00, 0x00, 0x00, 0xc0, 0x00, 0x00, 0x0c,
    0x00, 0x00, 0x00, 0x00, 0x00, 0x00, 0x00, 0xc0, 0x00, 0x00, 0x0c, 0x00, 0x00, 0x00, 0x00, 0x00,
    0x00, 0x00, 0xc0, 0x00, 0x00, 0x0c, 0x00, 0x00, 0x00, 0x00, 0x00, 0x00, 0x00, 0xc0, 0x00, 0x00,
    0x0c, 0x00, 0x00, 0x00, 0x00, 0x00, 0x00, 0x00, 0xc0, 0x00, 0x00, 0x0c, 0x00, 0x00, 0x00, 0x00,
    0x00, 0x00, 0x00, 0xc0, 0x00, 0x00, 0x0c, 0x00, 0x00, 0x00, 0x00, 0x00, 0x00, 0x00, 0xc0, 0x00,
    0x00, 0x0e, 0xcc, 0xcc, 0xcc, 0xcc, 0xcc, 0xcc, 0xcc, 0xe0, 0x00, 0x00, 0x00, 0x00, 0x00, 0x00,
    0x00, 0x00, 0x00, 0x00, 0x00, 0x00, 0x00, 0x00, 0x00, 0x00, 0x00, 0x00, 0x00, 0x00, 0x00, 0x00,
    0x00, 0x00, 0x00, 0x21, 0x00, 0x00, 0x00, 0x00, 0x00, 0x00, 0x00, 0x00, 0x00, 0x2c, 0xff, 0xa1,
    0x00, 0x00, 0x00, 0x00, 0x00, 0x00, 0x00, 0x00, 0xca, 0x13, 0xd9, 0x00, 0x00, 0x00, 0x00, 0x00,
    0x00, 0x00, 0x02, 0xf1, 0x00, 0x5d, 0x00, 0x00, 0x00, 0x00, 0x00, 0x00, 0x00, 0x03, 0xf1, 0x00,
    0x5e, 0x00, 0x00, 0x00, 0x00, 0x00, 0x00, 0x00, 0x00, 0xda, 0x12, 0xc9, 0x00, 0x00, 0x00, 0x00,
    0x00, 0x00, 0x00, 0x00, 0x2c, 0xff, 0xa1, 0x00, 0x00, 0x00, 0x00, 0x00, 0x00, 0x00, 0x00, 0x00,
    0x21, 0x00, 0x00, 0x00, 0x00, 0x00, 0x00, 0x00, 0x00, 0x00, 0x00, 0x00, 0x00, 0x00, 0x00, 0x00,
    0x00, 0x00, 0x00, 0x00, 0x00, 0x00, 0x00, 0x00, 0x00, 0x00, 0x00, 0x00, 0x00, 0x00, 0x00, 0x00,
    0x11, 0x11, 0x11, 0x11, 0x11, 0x11, 0x11, 0x11, 0x11, 0x00, 0x03, 0xff, 0xff, 0xff, 0xff, 0xff,
    0xff, 0xff, 0xff, 0xff, 0x30, 0x03, 0xff, 0xff, 0xff, 0xff, 0xff, 0xff, 0xff, 0xff, 0xff, 0x30,
    0x00, 0x00, 0x00, 0x00, 0x00, 0x00, 0x00, 0x00, 0x00, 0x00, 0x00, 0x00, 0x00, 0x00, 0x00, 0x00,
    0x00, 0x00, 0x00, 0x00, 0x00, 0x00, 0x00, 0x00, 0x00, 0x00, 0x00, 0x00, 0x00, 0x00, 0x00, 0x00,
    0x00, 0x00, 0x00, 0x00, 0x00, 0x00, 0x00, 0x00, 0x00, 0x00, 0x00, 0x00, 0x00, 0x00, 0x00, 0x00,
    0x00, 0x00, 0x00, 0x00, 0x00, 0x00, 0x00, 0x00, 0x00, 0x00, 0x00, 0x00, 0x00, 0x00, 0x00, 0x00,
    0x00, 0x00, 0x00, 0x00, 0x00, 0x00, 0x00, 0x00, 0x00, 0x00, 0x00, 0x00, 0x00, 0x00, 0x00, 0x00,
    0x00, 0x00, 0x00, 0x00, 0x00, 0x00, 0x00, 0x00, 0x00, 0x00, 0x00, 0x00, 0x00, 0x00, 0x00, 0x00,
    0x00, 0x00, 0x00, 0x00, 0x08, 0xee, 0xee, 0xee, 0xee, 0xee, 0xee, 0xee, 0x80, 0x00, 0x00, 0x09,
    0xff, 0xff, 0xff, 0xff, 0xff, 0xff, 0xff, 0x90, 0x00, 0x00, 0x00, 0x00, 0x00, 0x00, 0x00, 0x00,
    0x00, 0x00, 0x00, 0x00, 0x00, 0x00, 0x00, 0x00, 0x00, 0x00, 0x00, 0x00, 0x00, 0x00, 0x00, 0x00,
    0x00, 0x00, 0x00, 0x00, 0x00, 0x00, 0x00, 0x00, 0x00, 0x00, 0x00, 0x00, 0x00, 0x00, 0x00, 0x00,
    0x00, 0x00, 0x00, 0x00, 0x00, 0x00, 0x00, 0x00, 0x00, 0x00, 0x00, 0x00, 0x00, 0x00, 0x00, 0x00,
    0x00, 0x00, 0x3e, 0xee, 0xee, 0xee, 0xee, 0xee, 0xe0, 0x00, 0x00, 0x00, 0x00, 0x4f, 0xff, 0xff,
    0xff, 0xff, 0xff, 0xf0, 0x00, 0x00, 0x00, 0x00, 0x00, 0x00, 0x00, 0x00, 0x00, 0x00, 0x00, 0x00,
    0x00, 0x00, 0x00, 0x00, 0x00, 0x00, 0x00, 0x00, 0x00, 0x00, 0x00, 0x00, 0x00, 0x00, 0x00, 0x00,
    0x00, 0x00, 0x00, 0x00, 0x00, 0x00, 0x00, 0x00, 0x00, 0x00, 0x00, 0x00, 0x00, 0x00, 0x00, 0x00,
    0x00, 0x00, 0x00, 0x00, 0x00, 0x00, 0x00, 0x00, 0x00, 0x00, 0x00, 0x00, 0x00, 0x00, 0xae, 0xee,
    0xee, 0xee, 0xee, 0xee, 0xee, 0xee, 0xe9, 0x00, 0x00, 0xbf, 0xff, 0xff, 0xff, 0xff, 0xff, 0xff,
    0xff, 0xfa, 0x00, 0x00, 0x00, 0x00, 0x00, 0x00, 0x00, 0x00, 0x00, 0x00, 0x00, 0x00, 0x00, 0x00,
    0x00, 0x00, 0x00, 0x00, 0x00, 0x00, 0x00, 0x00, 0x00, 0x00, 0x00, 0x00, 0x00, 0x04, 0x62, 0x00,
    0x00, 0x00, 0x00, 0x00, 0x00, 0x00, 0x00, 0x00, 0x0a, 0xf5, 0x00, 0x00, 0x00, 0x00, 0x00, 0x00,
    0x00, 0x00, 0x00, 0x0a, 0xf5, 0x00, 0x00, 0x00, 0x00, 0x00, 0x00, 0x00, 0x00, 0x00, 0x0a, 0xf5,
    0x00, 0x00, 0x00, 0x00, 0x00, 0x00, 0x00, 0x00, 0x00, 0x0a, 0xf5, 0x00, 0x00, 0x00, 0x00, 0x00,
    0x00, 0x00, 0x00, 0x00, 0x0a, 0xf5, 0x00, 0x00, 0x00, 0x00, 0x00, 0x00, 0x00, 0x00, 0x00, 0x0a,
    0xf5, 0x00, 0x00, 0x00, 0x00, 0x00, 0x00, 0x00, 0x00, 0x00, 0x0a, 0xff, 0xff, 0xff, 0xff, 0xa0,
    0x00, 0x00, 0x00, 0x00, 0x00, 0x0a, 0xfe, 0xee, 0xee, 0xee, 0x90, 0x00, 0x00, 0x00, 0x00, 0x00,
    0x0a, 0xf5, 0x00, 0x00, 0x00, 0x00, 0x00, 0x00, 0x00, 0x00, 0x00, 0x0a, 0xf5, 0x00, 0x00, 0x00,
    0x00, 0x00, 0x00, 0x00, 0x00, 0x00, 0x0a, 0xf5, 0x00, 0x00, 0x00, 0x00, 0x00, 0x00, 0x00, 0x00,
    0x00, 0x0a, 0xf5, 0x00, 0x00, 0x00, 0x00, 0x00, 0x00, 0x00, 0x00, 0x00, 0x0a, 0xf5, 0x00, 0x00,
    0x00, 0x00, 0x00, 0x00, 0x00, 0x00, 0x00, 0x0a, 0xf5, 0x00, 0x00, 0x00, 0x00, 0x00, 0x00, 0x00,
    0x00, 0x00, 0x0a, 0xf5, 0x00, 0x00, 0x00, 0x00, 0x00, 0x00, 0x00, 0x00, 0x00, 0x0a, 0xf5, 0x00,
    0x00, 0x00, 0x00, 0x00, 0x01, 0xff, 0xff, 0xff, 0xff, 0xff, 0xff, 0xff, 0xff, 0xff, 0x10, 0x01,
    0xee, 0xee, 0xee, 0xee, 0xee, 0xee, 0xee, 0xee, 0xee, 0x10, 0x00, 0x00, 0x00, 0x00, 0x00, 0x00,
    0x00, 0x00, 0x00, 0x00, 0x00, 0x00, 0x00, 0x00, 0x00, 0x00, 0x00, 0x00, 0x00, 0x00, 0x00, 0x00,
    0x00, 0xef, 0xff, 0xff, 0xff, 0xff, 0xff, 0xff, 0xff, 0xfe, 0x00, 0x00, 0xde, 0xee, 0xee, 0xee,
    0xff, 0xee, 0xee, 0xee, 0xed, 0x00, 0x00, 0x00, 0x00, 0x00, 0x06, 0xf9, 0x00, 0x00, 0x00, 0x00,
    0x00, 0x00, 0x00, 0x00, 0x00, 0x06, 0xf9, 0x00, 0x00, 0x00, 0x00, 0x00, 0x00, 0x00, 0x00, 0x00,
    0x06, 0xf9, 0x00, 0x00, 0x00, 0x00, 0x00, 0x00, 0x00, 0x00, 0x00, 0x06, 0xfd, 0x91, 0x00, 0x00,
    0x00, 0x00, 0x00, 0x00, 0x00, 0x00, 0x06, 0xff, 0xfe, 0x71, 0x00, 0x00, 0x00, 0x00, 0x00, 0x00,
    0x00, 0x06, 0xfb, 0xbf, 0xfd, 0x50, 0x00, 0x00, 0x00, 0x00, 0x00, 0x00, 0x06, 0xf9, 0x05, 0xdf,
    0xfa, 0x10, 0x00, 0x00, 0x00, 0x00, 0x00, 0x06, 0xf9, 0x00, 0x19, 0xff, 0xb0, 0x00, 0x00, 0x00,
    0x00, 0x00, 0x06, 0xf9, 0x00, 0x00, 0x5d, 0x20, 0x00, 0x00, 0x00, 0x00, 0x00, 0x06, 0xf9, 0x00,
    0x00, 0x00, 0x00, 0x00, 0x00, 0x00, 0x00, 0x00, 0x06, 0xf9, 0x00, 0x00, 0x00, 0x00, 0x00, 0x00,
    0x00, 0x00, 0x00, 0x06, 0xf9, 0x00, 0x00, 0x00, 0x00, 0x00, 0x00, 0x00, 0x00, 0x00, 0x06, 0xf9,
    0x00, 0x00, 0x00, 0x00, 0x00, 0x00, 0x00, 0x00, 0x00, 0x06, 0xf9, 0x00, 0x00, 0x00, 0x00, 0x00,
    0x00, 0x00, 0x00, 0x00, 0x06, 0xf9, 0x00, 0x00, 0x00, 0x00, 0x00, 0x00, 0x00, 0x00, 0x00, 0x05,
    0xb6, 0x00, 0x00, 0x00, 0x00, 0x00, 0x00, 0x00, 0x00, 0x00, 0x00, 0x00, 0x00, 0x00, 0x00, 0x00,
    0x00, 0x00, 0x00, 0x00, 0x00, 0x00, 0x00, 0x00, 0x00, 0x00, 0x00, 0x00, 0x00, 0x00, 0x00, 0x43,
    0x00, 0x00, 0x00, 0x00, 0x00, 0x00, 0x00, 0x00, 0x00, 0x01, 0xfe, 0x00, 0x00, 0x00, 0x00, 0x00,
    0x00, 0x00, 0x00, 0x00, 0x04, 0xfb, 0x00, 0x00, 0x00, 0x00, 0x00, 0x00, 0x00, 0x00, 0x00, 0x06,
    0xff, 0xff, 0xff, 0xff, 0xff, 0xff, 0x90, 0x00, 0x00, 0x00, 0x09, 0xfd, 0xcc, 0xcc, 0xcc, 0xcc,
    0xcc, 0x80, 0x00, 0x00, 0x00, 0x0c, 0xf2, 0x00, 0x00, 0x00, 0x00, 0x00, 0x00, 0x00, 0x00, 0x00,
    0x0f, 0xe0, 0x00, 0x00, 0x00, 0x00, 0x00, 0x00, 0x00, 0x00, 0x00, 0x3f, 0xb0, 0x00, 0x00, 0x00,
    0x00, 0x00, 0x00, 0x00, 0x00, 0x00, 0x7f, 0xeb, 0xbb, 0xbb, 0xbb, 0xbb, 0xbb, 0xb0, 0x00, 0x00,
    0x00, 0xaf, 0xff, 0xff, 0xff, 0xff, 0xff, 0xff, 0xe0, 0x00, 0x00, 0x00, 0x00, 0x00, 0x00, 0x00,
    0x00, 0x00, 0x2f, 0xc0, 0x00, 0x00, 0x00, 0x00, 0x00, 0x00, 0x00, 0x00, 0x00, 0x4f, 0xb0, 0x00,
    0x00, 0x00, 0x00, 0x00, 0x00, 0x00, 0x00, 0x00, 0x5f, 0x90, 0x00, 0x00, 0xef, 0xff, 0xff, 0xff,
    0xff, 0xff, 0x80, 0x7f, 0x70, 0x00, 0x00, 0xbc, 0xcc, 0xcc, 0xcc, 0xcc, 0xcc, 0x70, 0xaf, 0x50,
    0x00, 0x00, 0x00, 0x00, 0x00, 0x00, 0x00, 0x00, 0x00, 0xdf, 0x30, 0x00, 0x00, 0x00, 0x00, 0x00,
    0x00, 0x00, 0x00, 0x02, 0xfe, 0x00, 0x00, 0x00, 0x00, 0x00, 0x00, 0x00, 0x11, 0x10, 0x19, 0xfa,
    0x00, 0x00, 0x00, 0x00, 0x00, 0x00, 0x00, 0x3f, 0xff, 0xff, 0xf3, 0x00, 0x00, 0x00, 0x00, 0x00,
    0x00, 0x00, 0x0b, 0xcc, 0xca, 0x40, 0x00, 0x00, 0x00, 0x00, 0x00, 0x00, 0x00, 0x00, 0x00, 0x00,
    0x00, 0x00, 0x00, 0x00, 0x00, 0x00, 0x00, 0x00, 0x00, 0x00, 0x00, 0x00, 0x00, 0x00, 0x00, 0x00,
    0x00, 0x00, 0x00, 0x15, 0x00, 0x00, 0x00, 0x00, 0x00, 0x00, 0x00, 0x00, 0x00, 0x00, 0xbf, 0x70,
    0x00, 0x00, 0x00, 0x00, 0x00, 0x00, 0x00, 0x00, 0x08, 0xff, 0x80, 0x00, 0x00, 0x00, 0x00, 0x00,
    0x00, 0x00, 0x00, 0x7f, 0xee, 0xf8, 0x00, 0x00, 0x00, 0x00, 0x00, 0x00, 0x00, 0x08, 0xfe, 0x33,
    0xef, 0x90, 0x00, 0x00, 0x00, 0x00, 0x00, 0x02, 0xbf, 0xe3, 0x00, 0x3e, 0xfc, 0x20, 0x00, 0x00,
    0x00, 0x00, 0x6e, 0xfe, 0x30, 0x66, 0x02, 0xdf, 0xe7, 0x00, 0x00, 0x00, 0x6d, 0xff, 0xc2, 0x00,
    0xfe, 0x00, 0x1a, 0xff, 0xd5, 0x00, 0x02, 0xef, 0xf7, 0x00, 0x00, 0xfe, 0x00, 0x00, 0x6e, 0xfe,
    0x30, 0x00, 0x59, 0x20, 0x00, 0x00, 0xfe, 0x00, 0x00, 0x01, 0x95, 0x00, 0x00, 0x00, 0x00, 0x00,
    0x00, 0xfe, 0x00, 0x00, 0x00, 0x00, 0x00, 0x00, 0x00, 0x00, 0x00, 0x00, 0xfe, 0x00, 0x00, 0x00,
    0x00, 0x00, 0x00, 0x00, 0x00, 0x00, 0x00, 0xfe, 0x00, 0x00, 0x00, 0x00, 0x00, 0x00, 0x00, 0x00,
    0x00, 0x00, 0xfe, 0x00, 0x00, 0x00, 0x00, 0x00, 0x00, 0x00, 0x00, 0x00, 0x00, 0xfe, 0x00, 0x00,
    0x00, 0x00, 0x00, 0x00, 0x00, 0x00, 0x00, 0x00, 0xfe, 0x00, 0x00, 0x00, 0x00, 0x00, 0x00, 0x00,
    0x00, 0x00, 0x00, 0xfe, 0x00, 0x00, 0x00, 0x00, 0x00, 0x00, 0x00, 0x00, 0x00, 0x00, 0xfe, 0x00,
    0x00, 0x00, 0x00, 0x00, 0x00, 0x00, 0x00, 0x00, 0x00, 0xfe, 0x00, 0x00, 0x00, 0x00, 0x00, 0x00,
    0x00, 0x00, 0x00, 0x00, 0x00, 0x00, 0x00, 0x00, 0x00, 0x00, 0x00, 0x00, 0x00, 0x00, 0x00, 0x00,
    0x00, 0x00, 0x00, 0x00, 0x00, 0x00, 0x00, 0x00, 0x00, 0x00, 0xba, 0x00, 0x00, 0x00, 0x00, 0x00,
    0x00, 0x00, 0x00, 0x00, 0x01, 0xfe, 0x00, 0x00, 0x00, 0x00, 0x00, 0x00, 0x00, 0x00, 0x00, 0x01,
    0xfe, 0x00, 0x00, 0x00, 0x00, 0x00, 0x00, 0x00, 0x00, 0x00, 0x01, 0xfe, 0x00, 0x00, 0x00, 0x00,
    0x00, 0x00, 0x2f, 0xff, 0xff, 0xff, 0xff, 0xff, 0xff, 0xff, 0xf2, 0x00, 0x00, 0x2f, 0xfd, 0xdd,
    0xdd, 0xff, 0xdd, 0xdd, 0xdf, 0xf2, 0x00, 0x00, 0x2f, 0xb0, 0x00, 0x01, 0xfe, 0x00, 0x00, 0x0c,
    0xf2, 0x00, 0x00, 0x2f, 0xb0, 0x00, 0x01, 0xfe, 0x00, 0x00, 0x0c, 0xf2, 0x00, 0x00, 0x2f, 0xb0,
    0x00, 0x01, 0xfe, 0x00, 0x00, 0x0c, 0xf2, 0x00, 0x00, 0x2f, 0xb0, 0x00, 0x01, 0xfe, 0x00, 0x00,
    0x0c, 0xf2, 0x00, 0x00, 0x2f, 0xb0, 0x00, 0x01, 0xfe, 0x00, 0x00, 0x0c, 0xf2, 0x00, 0x00, 0x2f,
    0xed, 0xdd, 0xdd, 0xff, 0xdd, 0xdd, 0xdf, 0xf2, 0x00, 0x00, 0x2f, 0xff, 0xff, 0xff, 0xff, 0xff,
    0xff, 0xff, 0xf2, 0x00, 0x00, 0x2f, 0xb0, 0x00, 0x01, 0xfe, 0x00, 0x00, 0x0c, 0xf2, 0x00, 0x00,
    0x14, 0x30, 0x00, 0x01, 0xfe, 0x00, 0x00, 0x02, 0x20, 0x00, 0x00, 0x00, 0x00, 0x00, 0x01, 0xfe,
    0x00, 0x00, 0x00, 0x00, 0x00, 0x00, 0x00, 0x00, 0x00, 0x01, 0xfe, 0x00, 0x00, 0x00, 0x00, 0x00,
    0x00, 0x00, 0x00, 0x00, 0x01, 0xfe, 0x00, 0x00, 0x00, 0x00, 0x00, 0x00, 0x00, 0x00, 0x00, 0x01,
    0xfe, 0x00, 0x00, 0x00, 0x00, 0x00, 0x00, 0x00, 0x00, 0x00, 0x00, 0xba, 0x00, 0x00, 0x00, 0x00,
    0x00, 0x00, 0x00, 0x00, 0x00, 0x00, 0x00, 0x00, 0x00, 0x00, 0x00, 0x00, 0x00, 0x00, 0x00, 0x00,
    0x00, 0x00, 0x00, 0x00, 0x00, 0x00, 0x00, 0x00, 0x00, 0x00, 0x00, 0x08, 0x30, 0x00, 0x00, 0x00,
    0x00, 0x00, 0x00, 0x00, 0x00, 0x00, 0x6f, 0xf7, 0x00, 0x00, 0x00, 0x00, 0x00, 0x00, 0x00, 0x00,
    0x00, 0x05, 0xff, 0x90, 0x00, 0x00, 0x00, 0x00, 0x00, 0x00, 0x00, 0x00, 0x00, 0x4e, 0xf4, 0x00,
    0x00, 0x00, 0x00, 0x00, 0x0d, 0xdd, 0xdd, 0xdd, 0xde, 0xed, 0xdd, 0xdd, 0xd0, 0x00, 0x00, 0x0f,
    0xff, 0xff, 0xff, 0xff, 0xff, 0xff, 0xff, 0xf0, 0x00, 0x00, 0x00, 0x00, 0x00, 0x01, 0xff, 0x00,
    0x00, 0x00, 0x00, 0x00, 0x00, 0x00, 0x00, 0x00, 0x01, 0xff, 0x00, 0x00, 0x00, 0x00, 0x00, 0x00,
    0x00, 0x00, 0x00, 0x01, 0xff, 0x00, 0x00, 0x00, 0x00, 0x00, 0x00, 0x00, 0x00, 0x00, 0x01, 0xff,
    0x00, 0x00, 0x00, 0x00, 0x00, 0x00, 0x01, 0xcc, 0xcc, 0xcc, 0xff, 0xcc, 0xcc, 0xcc, 0x10, 0x00,
    0x00, 0x01, 0xff, 0xff, 0xff, 0xff, 0xff, 0xff, 0xff, 0x10, 0x00, 0x00, 0x00, 0x00, 0x00, 0x01,
    0xff, 0x00, 0x00, 0x00, 0x00, 0x00, 0x00, 0x00, 0x00, 0x00, 0x01, 0xff, 0x00, 0x00, 0x00, 0x00,
    0x00, 0x00, 0x00, 0x00, 0x00, 0x01, 0xff, 0x00, 0x00, 0x00, 0x00, 0x00, 0x00, 0x00, 0x00, 0x00,
    0x01, 0xff, 0x00, 0x00, 0x00, 0x00, 0x00, 0x00, 0x00, 0x00, 0x00, 0x01, 0xff, 0x00, 0x00, 0x00,
    0x00, 0x00, 0x00, 0xbc, 0xcc, 0xcc, 0xcd, 0xff, 0xdc, 0xcc, 0xcc, 0xcc, 0x00, 0x00, 0xef, 0xff,
    0xff, 0xff, 0xff, 0xff, 0xff, 0xff, 0xff, 0x00, 0x00, 0x00, 0x00, 0x00, 0x00, 0x00, 0x00, 0x00,
    0x00, 0x00, 0x00, 0x00, 0x00, 0x00, 0x00, 0x00, 0x00, 0x00, 0x00, 0x00, 0x00, 0x00, 0x00, 0x00,
    0x00, 0x00, 0x00, 0x00, 0x00, 0x00, 0x34, 0x00, 0x00, 0x00, 0x00, 0x01, 0x23, 0x44, 0x56, 0x8a,
    0xcf, 0xff, 0x20, 0x00, 0x00, 0x00, 0xcf, 0xff, 0xff, 0xff, 0xff, 0xff, 0xda, 0x40, 0x00, 0x00,
    0x00, 0xdf, 0xb9, 0x88, 0x76, 0x54, 0x20, 0x00, 0x00, 0x00, 0x00, 0x00, 0xef, 0x10, 0x00, 0x23,
    0x10, 0x00, 0x00, 0x00, 0x00, 0x00, 0x00, 0xfe, 0x00, 0x00, 0x8f, 0x60, 0x00, 0x00, 0x00, 0x00,
    0x00, 0x02, 0xfc, 0x00, 0x00, 0x8f, 0x60, 0x00, 0x00, 0x00, 0x00, 0x00, 0x05, 0xf9, 0x00, 0x00,
    0x8f, 0x60, 0x00, 0x00, 0x00, 0x00, 0x00, 0x08, 0xf6, 0x00, 0x00, 0x8f, 0x60, 0x00, 0x00, 0x00,
    0x00, 0x00, 0x0e, 0xff, 0xff, 0xff, 0xff, 0xff, 0xff, 0xff, 0xf8, 0x00, 0x00, 0x0a, 0xfe, 0xee,
    0xee, 0xef, 0xee, 0xee, 0xee, 0xe7, 0x00, 0x00, 0x01, 0x00, 0x00, 0x00, 0x8f, 0x60, 0x00, 0x00,
    0x00, 0x00, 0x00, 0x00, 0x05, 0x30, 0x00, 0x8f, 0x60, 0x02, 0x40, 0x00, 0x00, 0x00, 0x00, 0x2f,
    0xf2, 0x00, 0x8f, 0x60, 0x1e, 0xf3, 0x00, 0x00, 0x00, 0x00, 0xcf, 0x70, 0x00, 0x8f, 0x60, 0x05,
    0xfd, 0x10, 0x00, 0x00, 0x08, 0xfc, 0x00, 0x00, 0x8f, 0x60, 0x00, 0x9f, 0xb0, 0x00, 0x00, 0x6f,
    0xe2, 0x00, 0x00, 0x8f, 0x60, 0x00, 0x0d, 0xf7, 0x00, 0x01, 0xef, 0x40, 0x00, 0x00, 0x9f, 0x50,
    0x00, 0x03, 0xfe, 0x10, 0x00, 0x36, 0x00, 0x09, 0xff, 0xff, 0x30, 0x00, 0x00, 0x63, 0x00, 0x00,
    0x00, 0x00, 0x04, 0xdd, 0xb6, 0x00, 0x00, 0x00, 0x00, 0x00, 0x00, 0x00, 0x00, 0x00, 0x00, 0x00,
    0x00, 0x00, 0x00, 0x00, 0x00, 0x00, 0x00, 0x00, 0x00, 0x00, 0x00, 0x00, 0x00, 0x00, 0x00, 0x00,
    0x00, 0x08, 0xff, 0xff, 0xff, 0xff, 0xff, 0xff, 0xff, 0x90, 0x00, 0x00, 0x08, 0xdd, 0xdd, 0xdd,
    0xff, 0xed, 0xdd, 0xdd, 0x80, 0x00, 0x00, 0x00, 0x00, 0x00, 0x00, 0xcf, 0x30, 0x00, 0x00, 0x00,
    0x00, 0x00, 0x00, 0x00, 0x00, 0x00, 0xcf, 0x30, 0x00, 0x00, 0x00, 0x00, 0x00, 0x00, 0x00, 0x00,
    0x00, 0xcf, 0x30, 0x00, 0x00, 0x00, 0x00, 0x00, 0x00, 0x00, 0x00, 0x00, 0xcf, 0x30, 0x00, 0x00,
    0x00, 0x00, 0x00, 0x00, 0x00, 0x00, 0x00, 0xcf, 0x30, 0x00, 0x00, 0x00, 0x00, 0x00, 0xef, 0xff,
    0xff, 0xff, 0xff, 0xff, 0xff, 0xff, 0xfe, 0x00, 0x00, 0xdd, 0xdd, 0xdd, 0xdd, 0xff, 0xed, 0xdd,
    0xdd, 0xdd, 0x00, 0x00, 0x00, 0x00, 0x00, 0x00, 0xcf, 0x30, 0x00, 0x00, 0x00, 0x00, 0x00, 0x00,
    0x00, 0x00, 0x00, 0xcf, 0x30, 0x00, 0x00, 0x00, 0x00, 0x00, 0x00, 0x00, 0x00, 0x00, 0xcf, 0x30,
    0x00, 0x00, 0x00, 0x00, 0x00, 0x00, 0x00, 0x00, 0x00, 0xcf, 0x30, 0x00, 0x00, 0x00, 0x00, 0x00,
    0x00, 0x00, 0x00, 0x00, 0xcf, 0x30, 0x00, 0x00, 0x00, 0x00, 0x00, 0x00, 0x00, 0x00, 0x00, 0xcf,
    0x30, 0x00, 0x00, 0x00, 0x00, 0x00, 0x00, 0x00, 0x00, 0x00, 0xdf, 0x20, 0x00, 0x00, 0x00, 0x00,
    0x00, 0x00, 0x00, 0xcf, 0xef, 0xff, 0x00, 0x00, 0x00, 0x00, 0x00, 0x00, 0x00, 0x00, 0x6f, 0xee,
    0xb4, 0x00, 0x00, 0x00, 0x00, 0x00, 0x00, 0x00, 0x00, 0x00, 0x00, 0x00, 0x00, 0x00, 0x00, 0x00,
    0x00, 0x00, 0x00, 0x00, 0x00, 0x00, 0x00, 0x00, 0x00, 0x00, 0x00, 0x00, 0x00, 0x00, 0xbf, 0xff,
    0xff, 0xff, 0xff, 0xff, 0xfd, 0x00, 0x00, 0x00, 0x00, 0xbe, 0xee, 0xee, 0xee, 0xee, 0xee, 0xed,
    0x00, 0x00, 0x00, 0x00, 0x00, 0x00, 0x00, 0x00, 0x00, 0x00, 0x00, 0x00, 0x00, 0x00, 0x00, 0x00,
    0x00, 0x00, 0x00, 0x00, 0x00, 0x00, 0x00, 0x00, 0x00, 0x00, 0x00, 0x00, 0x00, 0x00, 0x00, 0x00,
    0x00, 0x00, 0x00, 0x00, 0x00, 0x00, 0x00, 0x00, 0x00, 0x00, 0x00, 0x00, 0x00, 0x00, 0x00, 0xff,
    0xff, 0xff, 0xff, 0xff, 0xff, 0xff, 0xff, 0xff, 0x00, 0x00, 0xee, 0xee, 0xee, 0xff, 0xfe, 0xee,
    0xee, 0xee, 0xee, 0x00, 0x00, 0x00, 0x00, 0x06, 0xff, 0x40, 0x00, 0x00, 0x00, 0x00, 0x00, 0x00,
    0x00, 0x00, 0x1d, 0xfa, 0x00, 0x00, 0x41, 0x00, 0x00, 0x00, 0x00, 0x00, 0x00, 0x7f, 0xe2, 0x00,
    0x07, 0xf9, 0x00, 0x00, 0x00, 0x00, 0x00, 0x02, 0xef, 0x70, 0x00, 0x02, 0xef, 0x50, 0x00, 0x00,
    0x00, 0x00, 0x0b, 0xfb, 0x00, 0x00, 0x00, 0x6f, 0xe1, 0x00, 0x00, 0x00, 0x00, 0x8f, 0xe2, 0x00,
    0x00, 0x00, 0x2d, 0xfa, 0x00, 0x00, 0x00, 0x07, 0xff, 0xc9, 0xab, 0xcd, 0xef, 0xff, 0xff, 0x40,
    0x00, 0x00, 0x0b, 0xff, 0xff, 0xff, 0xff, 0xfe, 0xdc, 0xcf, 0xd0, 0x00, 0x00, 0x06, 0xda, 0x87,
    0x64, 0x32, 0x10, 0x00, 0x1e, 0xf6, 0x00, 0x00, 0x00, 0x00, 0x00, 0x00, 0x00, 0x00, 0x00, 0x06,
    0x60, 0x00, 0x00, 0x00, 0x00, 0x00, 0x00, 0x00, 0x00, 0x00, 0x00, 0x00, 0x00, 0x00, 0x00, 0x00,
    0x00, 0x00, 0x00, 0x00, 0x00, 0x00, 0x00, 0x00, 0x00, 0x09, 0xdd, 0xdd, 0xdd, 0xdd, 0xdd, 0xdd,
    0xdd, 0x80, 0x00, 0x00, 0x0a, 0xff, 0xff, 0xff, 0xff, 0xff, 0xff, 0xff, 0x90, 0x00, 0x00, 0x00,
    0x00, 0x00, 0x2f, 0xe0, 0x00, 0x00, 0x00, 0x00, 0x00, 0x00, 0x00, 0x00, 0x00, 0x5f, 0xc0, 0x00,
    0x00, 0x00, 0x00, 0x00, 0x00, 0x00, 0x00, 0x00, 0x7f, 0x90, 0x00, 0x00, 0x00, 0x00, 0x00, 0x00,
    0x00, 0x00, 0x00, 0x9f, 0x70, 0x00, 0x00, 0x00, 0x00, 0x00, 0x00, 0x00, 0x8d, 0xdd, 0xef, 0xed,
    0xdd, 0xde, 0x80, 0x00, 0x00, 0x00, 0x00, 0x9f, 0xff, 0xff, 0xff, 0xff, 0xff, 0x90, 0x00, 0x00,
    0x00, 0x00, 0x00, 0x01, 0xff, 0x00, 0x00, 0x8f, 0x80, 0x00, 0x00, 0x00, 0x00, 0x00, 0x03, 0xfd,
    0x00, 0x00, 0x9f, 0x60, 0x00, 0x00, 0x00, 0x00, 0x00, 0x05, 0xfb, 0x00, 0x00, 0xaf, 0x50, 0x00,
    0x00, 0x00, 0x00, 0x00, 0x08, 0xf8, 0x00, 0x00, 0xbf, 0x40, 0x00, 0x00, 0x00, 0x00, 0x00, 0x0a,
    0xf6, 0x00, 0x00, 0xcf, 0x30, 0x00, 0x00, 0x00, 0x00, 0x00, 0x0d, 0xf4, 0x00, 0x00, 0xef, 0x10,
    0x00, 0x00, 0x00, 0x00, 0x00, 0x0f, 0xf1, 0x00, 0x00, 0xff, 0x00, 0x00, 0x00, 0x00, 0xef, 0xff,
    0xff, 0xff, 0xff, 0xff, 0xff, 0xff, 0xfe, 0x00, 0x00, 0xcd, 0xdd, 0xdd, 0xdd, 0xdd, 0xdd, 0xdd,
    0xdd, 0xdd, 0x00, 0x00, 0x00, 0x00, 0x00, 0x00, 0x00, 0x00, 0x00, 0x00, 0x00, 0x00, 0x00, 0x00,
    0x00, 0x00, 0x00, 0x00, 0x00, 0x00, 0x00, 0x00, 0x00, 0x00, 0x00, 0x00, 0x00, 0x03, 0xb8, 0x00,
    0x00, 0x00, 0x00, 0x00, 0x00, 0x00, 0x00, 0x00, 0x01, 0xef, 0x20, 0x00, 0x00, 0x00, 0x00, 0x00,
    0xef, 0xff, 0xff, 0xff, 0xff, 0xff, 0xff, 0xff, 0xfd, 0x00, 0x00, 0x89, 0x99, 0x99, 0x99, 0x99,
    0x99, 0x99, 0x99, 0x98, 0x00, 0x00, 0x00, 0x04, 0x44, 0x44, 0x44, 0x44, 0x44, 0x41, 0x00, 0x00,
    0x00, 0x00, 0x1f, 0xff, 0xff, 0xff, 0xff, 0xff, 0xf3, 0x00, 0x00, 0x00, 0x00, 0x1f, 0xc0, 0x00,
    0x00, 0x00, 0x0c, 0xf3, 0x00, 0x00, 0x00, 0x00, 0x1f, 0xd4, 0x44, 0x44, 0x44, 0x4d, 0xf3, 0x00,
    0x00, 0x00, 0x00, 0x1f, 0xff, 0xff, 0xff, 0xff, 0xff, 0xf3, 0x00, 0x00, 0x00, 0x00, 0x00, 0x00,
    0x00, 0x00, 0x00, 0x00, 0x00, 0x00, 0x00, 0x00, 0x9f, 0xff, 0xff, 0xff, 0xff, 0xff, 0xff, 0xff,
    0xf9, 0x00, 0x00, 0x9f, 0x87, 0x77, 0x77, 0x77, 0x77, 0x77, 0x79, 0xf9, 0x00, 0x00, 0x9f, 0x30,
    0x00, 0x00, 0x00, 0x00, 0x00, 0x04, 0xf9, 0x00, 0x00, 0x9f, 0x30, 0x3f, 0xff, 0xff, 0xff, 0xf1,
    0x04, 0xf9, 0x00, 0x00, 0x00, 0x00, 0x5f, 0xd9, 0x99, 0x9e, 0xf1, 0x00, 0x00, 0x00, 0x00, 0x00,
    0x00, 0x8f, 0x70, 0x00, 0x0e, 0xf1, 0x00, 0x20, 0x00, 0x00, 0x00, 0x02, 0xef, 0x30, 0x00, 0x0e,
    0xf1, 0x00, 0xda, 0x00, 0x00, 0x00, 0x5e, 0xfa, 0x00, 0x00, 0x0d, 0xf3, 0x01, 0xeb, 0x00, 0x00,
    0x8e, 0xff, 0x91, 0x00, 0x00, 0x0b, 0xff, 0xff, 0xf7, 0x00, 0x00, 0x3c, 0x83, 0x00, 0x00, 0x00,
    0x02, 0x89, 0xaa, 0x71, 0x00, 0x00, 0x00, 0x00, 0x00, 0x00, 0x00, 0x00, 0x00, 0x00, 0x00, 0x00,
    0x00, 0x00, 0x00, 0x00, 0x00, 0x00, 0x00, 0x00, 0x00, 0x00, 0x00, 0x00, 0x00, 0x00, 0x00, 0x01,
    0x77, 0x00, 0x00, 0x00, 0x00, 0x00, 0x00, 0x00, 0x00, 0x00, 0x03, 0xfe, 0x00, 0x00, 0x00, 0x00,
    0x00, 0x00, 0x00, 0x00, 0x00, 0x04, 0xfd, 0x00, 0x00, 0x00, 0x00, 0x00, 0x00, 0x00, 0x00, 0x00,
    0x04, 0xfd, 0x00, 0x00, 0x00, 0x00, 0x00, 0x00, 0x00, 0x00, 0x00, 0x06, 0xfe, 0x00, 0x00, 0x00,
    0x00, 0x00, 0x00, 0x00, 0x00, 0x00, 0x08, 0xff, 0x20, 0x00, 0x00, 0x00, 0x00, 0x00, 0x00, 0x00,
    0x00, 0x0a, 0xff, 0x50, 0x00, 0x00, 0x00, 0x00, 0x00, 0x00, 0x00, 0x00, 0x0e, 0xff, 0x90, 0x00,
    0x00, 0x00, 0x00, 0x00, 0x00, 0x00, 0x00, 0x2f, 0xff, 0xe0, 0x00, 0x00, 0x00, 0x00, 0x00, 0x00,
    0x00, 0x00, 0x8f, 0xaa, 0xf5, 0x00, 0x00, 0x00, 0x00, 0x00, 0x00, 0x00, 0x00, 0xdf, 0x55, 0xfb,
    0x00, 0x00, 0x00, 0x00, 0x00, 0x00, 0x00, 0x05, 0xfe, 0x10, 0xdf, 0x40, 0x00, 0x00, 0x00, 0x00,
    0x00, 0x00, 0x1e, 0xf6, 0x00, 0x5f, 0xc1, 0x00, 0x00, 0x00, 0x00, 0x00, 0x00, 0x9f, 0xd0, 0x00,
    0x0c, 0xf9, 0x00, 0x00, 0x00, 0x00, 0x00, 0x07, 0xff, 0x40, 0x00, 0x03, 0xef, 0x70, 0x00, 0x00,
    0x00, 0x00, 0x7f, 0xf6, 0x00, 0x00, 0x00, 0x5f, 0xf9, 0x00, 0x00, 0x00, 0x2b, 0xff, 0x80, 0x00,
    0x00, 0x00, 0x06, 0xff, 0xc4, 0x00, 0x01, 0xdf, 0xe6, 0x00, 0x00, 0x00, 0x00, 0x00, 0x4d, 0xfe,
    0x20, 0x00, 0x3b, 0x20, 0x00, 0x00, 0x00, 0x00, 0x00, 0x01, 0x95, 0x00, 0x00, 0x00, 0x00, 0x00,
    0x00, 0x00, 0x00, 0x00, 0x00, 0x00, 0x00, 0x00, 0x00, 0x00, 0x00, 0x00, 0x00, 0x00, 0x00, 0x00,
    0x00, 0x00, 0x00, 0x00, 0x00, 0x57, 0x20, 0x00, 0x00, 0x00, 0x00, 0x00, 0x00, 0x00, 0x00, 0x00,
    0xdf, 0x30, 0x00, 0x00, 0x00, 0x00, 0x00, 0x00, 0x00, 0x00, 0x06, 0xfb, 0x7b, 0xbb, 0xbb, 0xbb,
    0xbc, 0xb3, 0x00, 0x00, 0x00, 0x1d, 0xf3, 0xaf, 0xff, 0xff, 0xff, 0xff, 0xf3, 0x00, 0x00, 0x00,
    0x8f, 0xb0, 0x0e, 0xc0, 0x00, 0x00, 0x0d, 0xf1, 0x00, 0x00, 0x03, 0xff, 0x60, 0x0b, 0xf2, 0x00,
    0x00, 0x2f, 0xd0, 0x00, 0x00, 0x1d, 0xff, 0x60, 0x06, 0xf6, 0x00, 0x00, 0x7f, 0x90, 0x00, 0x00,
    0xbf, 0xff, 0x60, 0x02, 0xfa, 0x00, 0x00, 0xbf, 0x40, 0x00, 0x06, 0xff, 0xaf, 0x60, 0x00, 0xde,
    0x10, 0x01, 0xfe, 0x00, 0x00, 0x01, 0xe6, 0x7f, 0x60, 0x00, 0x8f, 0x70, 0x08, 0xf9, 0x00, 0x00,
    0x00, 0x40, 0x7f, 0x60, 0x00, 0x1e, 0xe1, 0x2e, 0xf2, 0x00, 0x00, 0x00, 0x00, 0x7f, 0x60, 0x00,
    0x08, 0xf7, 0x9f, 0xa0, 0x00, 0x00, 0x00, 0x00, 0x7f, 0x60, 0x00, 0x01, 0xee, 0xfe, 0x20, 0x00,
    0x00, 0x00, 0x00, 0x7f, 0x60, 0x00, 0x00, 0x8f, 0xf7, 0x00, 0x00, 0x00, 0x00, 0x00, 0x7f, 0x60,
    0x00, 0x01, 0xcf, 0xf9, 0x00, 0x00, 0x00, 0x00, 0x00, 0x7f, 0x60, 0x00, 0x2d, 0xfd, 0xef, 0xa0,
    0x00, 0x00, 0x00, 0x00, 0x7f, 0x60, 0x05, 0xdf, 0xc1, 0x3e, 0xfb, 0x30, 0x00, 0x00, 0x00, 0x7f,
    0x63, 0xcf, 0xfa, 0x10, 0x03, 0xef, 0xf9, 0x20, 0x00, 0x00, 0x7f, 0x69, 0xfe, 0x60, 0x00, 0x00,
    0x18, 0xfe, 0x20, 0x00, 0x00, 0x5b, 0x41, 0x71, 0x00, 0x00, 0x00, 0x00, 0x24, 0x00, 0x00, 0x00,
    0x00, 0x00, 0x00, 0x00, 0x00, 0x00, 0x00, 0x00, 0x00, 0x00, 0x00, 0x00, 0x00, 0x00, 0x00, 0x00,
    0x00, 0x00, 0x00, 0x00, 0x00, 0x00, 0x00, 0x00, 0x00, 0x5b, 0x20, 0x00, 0x00, 0x00, 0x00, 0x00,
    0x00, 0x00, 0x00, 0x05, 0xff, 0x60, 0x00, 0x00, 0x00, 0x00, 0x00, 0x00, 0x00, 0x00, 0x8f, 0xff,
    0xe5, 0x00, 0x00, 0x00, 0x00, 0x00, 0x00, 0x00, 0x3c, 0xfd, 0x35, 0xef, 0xa2, 0x00, 0x00, 0x00,
    0x00, 0x00, 0x29, 0xff, 0xa1, 0x00, 0x2c, 0xff, 0x93, 0x00, 0x00, 0x00, 0x4a, 0xff, 0xe6, 0x00,
    0x66, 0x00, 0x7e, 0xff, 0xb5, 0x00, 0x04, 0xff, 0xe8, 0x10, 0x00, 0xfe, 0x00, 0x01, 0x8e, 0xff,
    0x40, 0x00, 0x89, 0x25, 0x50, 0x00, 0xfe, 0x00, 0x05, 0x51, 0x77, 0x00, 0x00, 0x00, 0x1e, 0xe1,
    0x00, 0xfe, 0x00, 0x0e, 0xf3, 0x00, 0x00, 0x00, 0x00, 0x07, 0xf9, 0x00, 0xfe, 0x00, 0x6f, 0x90,
    0x00, 0x00, 0x00, 0x00, 0x00, 0xee, 0x10, 0xfe, 0x01, 0xee, 0x10, 0x00, 0x00, 0x00, 0x00, 0x00,
    0x8e, 0x40, 0xfe, 0x06, 0xf5, 0x00, 0x00, 0x00, 0x00, 0x00, 0x00, 0x11, 0x00, 0xfe, 0x00, 0x20,
    0x00, 0x00, 0x00, 0x01, 0xcc, 0xcc, 0xcc, 0xcc, 0xff, 0xcc, 0xcc, 0xcc, 0xcc, 0x00, 0x01, 0xff,
    0xff, 0xff, 0xff, 0xff, 0xff, 0xff, 0xff, 0xff, 0x00, 0x00, 0x00, 0x00, 0x00, 0x00, 0xfe, 0x00,
    0x00, 0x00, 0x00, 0x00, 0x00, 0x00, 0x00, 0x00, 0x00, 0xfe, 0x00, 0x00, 0x00, 0x00, 0x00, 0x00,
    0x00, 0x00, 0x00, 0x00, 0xfe, 0x00, 0x00, 0x00, 0x00, 0x00, 0x00, 0x00, 0x00, 0x00, 0x00, 0xfe,
    0x00, 0x00, 0x00, 0x00, 0x00, 0x00, 0x00, 0x00, 0x00, 0x00, 0xba, 0x00, 0x00, 0x00, 0x00, 0x00,
    0x00, 0x00, 0x00, 0x00, 0x00, 0x00, 0x00, 0x00, 0x00, 0x00, 0x00, 0x00, 0x00, 0x00, 0x00, 0x00,
    0x00, 0x00, 0x00, 0x00, 0x00, 0x00, 0x00, 0x00, 0x00, 0x65, 0x00, 0x00, 0x6c, 0x30, 0x00, 0x00,
    0x00, 0x00, 0x00, 0x01, 0xfe, 0x10, 0x00, 0x7f, 0x80, 0x00, 0x00, 0x00, 0x00, 0x00, 0x08, 0xf8,
    0x00, 0x00, 0x3f, 0xc0, 0x00, 0x00, 0x00, 0x00, 0x00, 0x1e, 0xf2, 0x00, 0x00, 0x0b, 0x80, 0x00,
    0x00, 0x00, 0x00, 0x00, 0x7f, 0xa0, 0xaf, 0xff, 0xff, 0xff, 0xff, 0xf5, 0x00, 0x00, 0x02, 0xef,
    0x50, 0x9d, 0xdd, 0xdd, 0xdd, 0xdd, 0xd4, 0x00, 0x00, 0x0b, 0xff, 0x40, 0x00, 0x00, 0x00, 0x00,
    0x21, 0x00, 0x00, 0x00, 0x8f, 0xff, 0x40, 0x04, 0xe6, 0x00, 0x00, 0xcf, 0x30, 0x00, 0x02, 0xff,
    0xdf, 0x40, 0x03, 0xf9, 0x00, 0x00, 0xdf, 0x10, 0x00, 0x00, 0xb8, 0x9f, 0x40, 0x01, 0xfc, 0x00,
    0x00, 0xfd, 0x00, 0x00, 0x00, 0x20, 0x9f, 0x40, 0x00, 0xde, 0x00, 0x03, 0xfa, 0x00, 0x00, 0x00,
    0x00, 0x9f, 0x40, 0x00, 0xbf, 0x20, 0x05, 0xf8, 0x00, 0x00, 0x00, 0x00, 0x9f, 0x40, 0x00, 0x8f,
    0x50, 0x08, 0xf5, 0x00, 0x00, 0x00, 0x00, 0x9f, 0x40, 0x00, 0x7f, 0x70, 0x0b, 0xf2, 0x00, 0x00,
    0x00, 0x00, 0x9f, 0x40, 0x00, 0x5f, 0x90, 0x0e, 0xd0, 0x00, 0x00, 0x00, 0x00, 0x9f, 0x40, 0x00,
    0x3f, 0x80, 0x2f, 0xa0, 0x00, 0x00, 0x00, 0x00, 0x9f, 0x40, 0x00, 0x01, 0x00, 0x5f, 0x60, 0x00,
    0x00, 0x00, 0x00, 0x9f, 0x47, 0xff, 0xff, 0xff, 0xff, 0xff, 0xff, 0x10, 0x00, 0x00, 0x9f, 0x46,
    0xcc, 0xcc, 0xcc, 0xcc, 0xcc, 0xcc, 0x10, 0x00, 0x00, 0x69, 0x30, 0x00, 0x00, 0x00, 0x00, 0x00,
    0x00, 0x00, 0x00, 0x00, 0x00, 0x00, 0x00, 0x00, 0x00, 0x00, 0x00, 0x00, 0x00, 0x00, 0x00, 0x00,
    0x00, 0x00, 0x00, 0x00, 0x00, 0x00, 0x00, 0x00, 0x00, 0x00, 0x01, 0x83, 0x00, 0x00, 0x00, 0x00,
    0x49, 0x30, 0x00, 0x00, 0x00, 0x07, 0xf9, 0x00, 0x01, 0x47, 0xae, 0xff, 0xe2, 0x00, 0x00, 0x00,
    0x0d, 0xf3, 0x4a, 0xdf, 0xff, 0xff, 0xc7, 0x30, 0x00, 0x00, 0x00, 0x4f, 0xc0, 0x8f, 0xfc, 0x97,
    0xfd, 0x00, 0x00, 0x00, 0x00, 0x00, 0xbf, 0x50, 0x8f, 0x40, 0x00, 0xee, 0x00, 0x00, 0x00, 0x00,
    0x03, 0xff, 0x10, 0x8f, 0x30, 0x00, 0xde, 0x00, 0x00, 0x00, 0x00, 0x0c, 0xff, 0x10, 0x8f, 0x30,
    0x00, 0xcf, 0x00, 0x00, 0x00, 0x00, 0x8f, 0xff, 0x10, 0x8f, 0x30, 0x00, 0xbf, 0x10, 0x00, 0x00,
    0x04, 0xff, 0xef, 0x10, 0x8f, 0xcb, 0xbb, 0xef, 0xcb, 0xbb, 0x10, 0x03, 0xf7, 0xbf, 0x10, 0x8f,
    0xff, 0xff, 0xff, 0xff, 0xff, 0x10, 0x00, 0x60, 0xbf, 0x10, 0x8f, 0x30, 0x00, 0x7f, 0x50, 0x00,
    0x00, 0x00, 0x00, 0xbf, 0x10, 0x8f, 0x30, 0x00, 0x5f, 0x80, 0x00, 0x00, 0x00, 0x00, 0xbf, 0x10,
    0x8f, 0x30, 0x00, 0x2f, 0xa0, 0x00, 0x00, 0x00, 0x00, 0xbf, 0x10, 0x8f, 0x30, 0x00, 0x0f, 0xd0,
    0x00, 0x00, 0x00, 0x00, 0xbf, 0x10, 0x8f, 0x30, 0x14, 0x0c, 0xf1, 0x06, 0x00, 0x00, 0x00, 0xbf,
    0x10, 0x8f, 0x30, 0x5f, 0x47, 0xf6, 0x1f, 0x50, 0x00, 0x00, 0xbf, 0x10, 0x8f, 0x44, 0x6d, 0xb3,
    0xfc, 0x5f, 0x30, 0x00, 0x00, 0xbf, 0x11, 0xdf, 0xff, 0xb7, 0xf2, 0xcf, 0xfe, 0x00, 0x00, 0x00,
    0xbf, 0x12, 0xff, 0xb6, 0x21, 0xe5, 0x2e, 0xf7, 0x00, 0x00, 0x00, 0x57, 0x00, 0x51, 0x00, 0x00,
    0x00, 0x01, 0x30, 0x00, 0x00, 0x00, 0x00, 0x00, 0x00, 0x00, 0x00, 0x00, 0x00, 0x00, 0x00, 0x00,
    0x00, 0x00, 0x00, 0x00, 0x00, 0x00, 0x00, 0x00, 0x00, 0x00, 0x00, 0x00, 0x04, 0x72, 0x00, 0x00,
    0x5a, 0x30, 0x00, 0x00, 0x00, 0x00, 0x00, 0x0b, 0xf4, 0x00, 0x00, 0x8f, 0x50, 0x00, 0x00, 0x00,
    0x00, 0x00, 0x3f, 0xd0, 0x00, 0x00, 0x8f, 0x50, 0x00, 0x00, 0x00, 0x00, 0x00, 0x9f, 0x70, 0x00,
    0x00, 0x8f, 0x50, 0x00, 0x00, 0x00, 0x00, 0x01, 0xef, 0x1b, 0xcc, 0xcc, 0xef, 0xdc, 0xcc, 0xcc,
    0x20, 0x00, 0x09, 0xfc, 0x0e, 0xff, 0xff, 0xff, 0xff, 0xff, 0xff, 0x20, 0x00, 0x3f, 0xfc, 0x00,
    0x00, 0x0b, 0xff, 0xf9, 0x00, 0x00, 0x00, 0x01, 0xdf, 0xfc, 0x00, 0x00, 0x2f, 0xff, 0xee, 0x00,
    0x00, 0x00, 0x06, 0xfd, 0xfc, 0x00, 0x00, 0x8f, 0xaf, 0x9f, 0x50, 0x00, 0x00, 0x00, 0xd3, 0xfc,
    0x00, 0x01, 0xea, 0x8f, 0x5d, 0xc0, 0x00, 0x00, 0x00, 0x20, 0xfc, 0x00, 0x07, 0xf4, 0x8f, 0x56,
    0xf5, 0x00, 0x00, 0x00, 0x00, 0xfc, 0x00, 0x2e, 0xc0, 0x8f, 0x51, 0xed, 0x10, 0x00, 0x00, 0x00,
    0xfc, 0x00, 0xbf, 0x60, 0x8f, 0x50, 0x9f, 0x90, 0x00, 0x00, 0x00, 0xfc, 0x06, 0xfc, 0x00, 0x8f,
    0x50, 0x1e, 0xf5, 0x00, 0x00, 0x00, 0xfc, 0x5f, 0xf8, 0xbb, 0xdf, 0xcb, 0xb9, 0xff, 0x40, 0x00,
    0x00, 0xfc, 0x6f, 0x68, 0xff, 0xff, 0xff, 0xf5, 0x9d, 0x20, 0x00, 0x00, 0xfc, 0x03, 0x00, 0x00,
    0x8f, 0x50, 0x00, 0x02, 0x00, 0x00, 0x00, 0xfc, 0x00, 0x00, 0x00, 0x8f, 0x50, 0x00, 0x00, 0x00,
    0x00, 0x00, 0xfc, 0x00, 0x00, 0x00, 0x8f, 0x50, 0x00, 0x00, 0x00, 0x00, 0x00, 0xb9, 0x00, 0x00,
    0x00, 0x59, 0x30, 0x00, 0x00, 0x00, 0x00, 0x00, 0x00, 0x00, 0x00, 0x00, 0x00, 0x00, 0x00, 0x00,
    0x00, 0x00, 0x00, 0x00, 0x00, 0x00, 0x00, 0x00, 0x00, 0x00, 0x00, 0x00, 0x00, 0x00, 0x00, 0x63,
    0x00, 0x04, 0x20, 0x00, 0x00, 0x00, 0x00, 0x00, 0x00, 0x02, 0xfe, 0x10, 0x1e, 0xf1, 0x00, 0x00,
    0x00, 0x00, 0x00, 0x00, 0x08, 0xf9, 0x00, 0x6f, 0xb0, 0x00, 0x00, 0x00, 0x00, 0x00, 0x00, 0x1e,
    0xf2, 0x00, 0xcf, 0x60, 0x00, 0x00, 0x00, 0x00, 0x00, 0x00, 0x7f, 0xb0, 0x03, 0xff, 0xff, 0xff,
    0xff, 0xff, 0x50, 0x00, 0x02, 0xef, 0x50, 0x0b, 0xfd, 0xef, 0xdc, 0xcc, 0xcc, 0x40, 0x00, 0x0b,
    0xff, 0x30, 0x5f, 0xd0, 0x9f, 0x50, 0x00, 0x00, 0x00, 0x00, 0x8f, 0xff, 0x32, 0xef, 0x40, 0x9f,
    0x50, 0x00, 0x00, 0x00, 0x03, 0xff, 0xdf, 0x3a, 0xf8, 0x00, 0x9f, 0xcb, 0xbb, 0xb9, 0x00, 0x00,
    0xc7, 0xaf, 0x31, 0x80, 0x00, 0x9f, 0xff, 0xff, 0xfd, 0x00, 0x00, 0x20, 0xaf, 0x30, 0x00, 0x00,
    0x9f, 0x50, 0x00, 0x00, 0x00, 0x00, 0x00, 0xaf, 0x30, 0x00, 0x00, 0x9f, 0x50, 0x00, 0x00, 0x00,
    0x00, 0x00, 0xaf, 0x30, 0x00, 0x00, 0x9f, 0x50, 0x00, 0x00, 0x00, 0x00, 0x00, 0xaf, 0x30, 0x00,
    0x00, 0x9f, 0xff, 0xff, 0xff, 0x20, 0x00, 0x00, 0xaf, 0x30, 0x00, 0x00, 0x9f, 0xdc, 0xcc, 0xcc,
    0x10, 0x00, 0x00, 0xaf, 0x30, 0x00, 0x00, 0x9f, 0x50, 0x00, 0x00, 0x00, 0x00, 0x00, 0xaf, 0x30,
    0x00, 0x00, 0x9f, 0x50, 0x00, 0x00, 0x00, 0x00, 0x00, 0xaf, 0x30, 0x00, 0x00, 0x9f, 0x50, 0x00,
    0x00, 0x00, 0x00, 0x00, 0xaf, 0x30, 0x00, 0x00, 0x9f, 0x50, 0x00, 0x00, 0x00, 0x00, 0x00, 0x8b,
    0x30, 0x00, 0x00, 0x7b, 0x40, 0x00, 0x00, 0x00, 0x00, 0x00, 0x00, 0x00, 0x00, 0x00, 0x00, 0x00,
    0x00, 0x00, 0x00, 0x00, 0x00, 0x00, 0x00, 0x00, 0x00, 0x00, 0x00, 0x00, 0x00, 0x00, 0x00, 0x00,
    0x29, 0x30, 0x00, 0x00, 0x00, 0x00, 0x02, 0xa6, 0x00, 0x00, 0x00, 0x7f, 0x6b, 0xbb, 0xbb, 0xba,
    0x00, 0x03, 0xf9, 0x00, 0x00, 0x00, 0xcf, 0x2f, 0xff, 0xff, 0xfc, 0x38, 0x23, 0xf9, 0x00, 0x00,
    0x02, 0xfb, 0x00, 0x6f, 0x70, 0x00, 0x6f, 0x43, 0xf9, 0x00, 0x00, 0x07, 0xf6, 0x00, 0x9f, 0x40,
    0x00, 0x6f, 0x43, 0xf9, 0x00, 0x00, 0x1e, 0xf5, 0x00, 0xdf, 0x10, 0x00, 0x6f, 0x43, 0xf9, 0x00,
    0x00, 0x7f, 0xf5, 0x01, 0xff, 0xff, 0xf6, 0x6f, 0x43, 0xf9, 0x00, 0x02, 0xef, 0xf5, 0x05, 0xfd,
    0xbd, 0xf5, 0x6f, 0x43, 0xf9, 0x00, 0x05, 0xfe, 0xf5, 0x0a, 0xf2, 0x07, 0xf3, 0x6f, 0x43, 0xf9,
    0x00, 0x00, 0xb7, 0xf5, 0x1f, 0xc0, 0x0b, 0xf1, 0x6f, 0x43, 0xf9, 0x00, 0x00, 0x16, 0xf5, 0x9f,
    0x61, 0x0e, 0xe0, 0x6f, 0x43, 0xf9, 0x00, 0x00, 0x06, 0xf5, 0xed, 0x7c, 0x4f, 0xa0, 0x6f, 0x43,
    0xf9, 0x00, 0x00, 0x06, 0xf5, 0x35, 0x8f, 0xff, 0x50, 0x6f, 0x43, 0xf9, 0x00, 0x00, 0x06, 0xf5,
    0x00, 0x08, 0xff, 0x10, 0x6f, 0x43, 0xf9, 0x00, 0x00, 0x06, 0xf5, 0x00, 0x04, 0xfb, 0x00, 0x4a,
    0x33, 0xf9, 0x00, 0x00, 0x06, 0xf5, 0x00, 0x0c, 0xf4, 0x00, 0x00, 0x03, 0xf9, 0x00, 0x00, 0x06,
    0xf5, 0x00, 0x6f, 0xa0, 0x00, 0x00, 0x03, 0xf9, 0x00, 0x00, 0x06, 0xf5, 0x05, 0xff, 0x20, 0x00,
    0x00, 0x04, 0xf8, 0x00, 0x00, 0x06, 0xf5, 0x2f, 0xf4, 0x00, 0x00, 0x2f, 0xff, 0xf6, 0x00, 0x00,
    0x06, 0xe4, 0x07, 0x50, 0x00, 0x00, 0x0a, 0xcb, 0x70, 0x00, 0x00, 0x00, 0x00, 0x00, 0x00, 0x00,
    0x00, 0x00, 0x00, 0x00, 0x00, 0x00, 0x00, 0x00, 0x00, 0x00, 0x00, 0x00, 0x00, 0x00, 0x00, 0x00,
    0x00, 0x00, 0x00, 0x73, 0x00, 0x00, 0x00, 0x00, 0x00, 0x00, 0x00, 0x00, 0x00, 0x03, 0xfd, 0x4a,
    0xaa, 0xaa, 0xaa, 0xaa, 0xa1, 0x00, 0x00, 0x00, 0x0b, 0xf6, 0x5f, 0xff, 0xff, 0xff, 0xff, 0xf1,
    0x00, 0x00, 0x00, 0x3f, 0xd0, 0x5f, 0x70, 0x00, 0x00, 0x0c, 0xf1, 0x00, 0x00, 0x00, 0xaf, 0x70,
    0x5f, 0x70, 0x00, 0x00, 0x0c, 0xf1, 0x00, 0x00, 0x05, 0xff, 0x20, 0x5f, 0x70, 0x00, 0x00, 0x0c,
    0xf1, 0x00, 0x00, 0x2e, 0xff, 0x20, 0x5f, 0xca, 0xaa, 0xaa, 0xae, 0xf1, 0x00, 0x01, 0xcf, 0xff,
    0x20, 0x5f, 0xff, 0xff, 0xff, 0xff, 0xf1, 0x00, 0x06, 0xfd, 0xbf, 0x20, 0x00, 0x00, 0x3f, 0xb0,
    0x00, 0x00, 0x00, 0x00, 0xc2, 0xaf, 0x20, 0x00, 0x00, 0x3f, 0xb0, 0x00, 0x00, 0x00, 0x00, 0x10,
    0xaf, 0x28, 0xbb, 0xbb, 0xcf, 0xeb, 0xbb, 0xbb, 0x20, 0x00, 0x00, 0xaf, 0x2b, 0xff, 0xff, 0xff,
    0xff, 0xff, 0xff, 0x20, 0x00, 0x00, 0xaf, 0x20, 0x00, 0x09, 0xff, 0xfe, 0x20, 0x00, 0x00, 0x00,
    0x00, 0xaf, 0x20, 0x00, 0x6f, 0xef, 0xef, 0xc0, 0x00, 0x00, 0x00, 0x00, 0xaf, 0x20, 0x03, 0xee,
    0x5f, 0xb8, 0xf9, 0x00, 0x00, 0x00, 0x00, 0xaf, 0x20, 0x3e, 0xf5, 0x3f, 0xb0, 0xcf, 0x80, 0x00,
    0x00, 0x00, 0xaf, 0x26, 0xef, 0x80, 0x3f, 0xb0, 0x2e, 0xf9, 0x10, 0x00, 0x00, 0xaf, 0x4f, 0xf8,
    0x00, 0x3f, 0xb0, 0x03, 0xef, 0x70, 0x00, 0x00, 0xaf, 0x25, 0x60, 0x00, 0x3f, 0xb0, 0x00, 0x39,
    0x00, 0x00, 0x00, 0x7a, 0x10, 0x00, 0x00, 0x2b, 0x80, 0x00, 0x00, 0x00, 0x00, 0x00, 0x00, 0x00,
    0x00, 0x00, 0x00, 0x00, 0x00, 0x00, 0x00, 0x00, 0x00, 0x00, 0x00, 0x00, 0x00, 0x00, 0x00, 0x00,
    0x00, 0x00, 0x00, 0x00, 0x06, 0x20, 0x00, 0x00, 0x00, 0x00, 0x00, 0x21, 0x00, 0x00, 0x00, 0x3f,
    0xb0, 0x00, 0x00, 0x00, 0x00, 0x03, 0xf8, 0x00, 0x00, 0x00, 0x8f, 0x7f, 0xff, 0xff, 0xff, 0x3f,
    0x93, 0xf8, 0x00, 0x00, 0x00, 0xde, 0x29, 0xcf, 0xc9, 0x99, 0x2f, 0x93, 0xf8, 0x00, 0x00, 0x04,
    0xfa, 0x00, 0xbf, 0x26, 0x60, 0x1f, 0x93, 0xf8, 0x00, 0x00, 0x0a, 0xf6, 0x02, 0xf9, 0x08, 0xe2,
    0x1f, 0x93, 0xf8, 0x00, 0x00, 0x3f, 0xf5, 0x0a, 0xf5, 0x69, 0xfa, 0x1f, 0x93, 0xf8, 0x00, 0x00,
    0xbf, 0xf5, 0x5f, 0xff, 0xff, 0xff, 0x3f, 0x93, 0xf8, 0x00, 0x06, 0xff, 0xf5, 0x3e, 0xb8, 0x53,
    0x2f, 0x8f, 0x93, 0xf8, 0x00, 0x06, 0xf9, 0xf5, 0x00, 0x0b, 0xf0, 0x03, 0x1f, 0x93, 0xf8, 0x00,
    0x00, 0x76, 0xf5, 0x00, 0x0b, 0xf0, 0x00, 0x1f, 0x93, 0xf8, 0x00, 0x00, 0x06, 0xf5, 0x49, 0x9d,
    0xf9, 0x99, 0x1f, 0x93, 0xf8, 0x00, 0x00, 0x06, 0xf5, 0x7f, 0xff, 0xff, 0xff, 0x1f, 0x93, 0xf8,
    0x00, 0x00, 0x06, 0xf5, 0x00, 0x0b, 0xf0, 0x00, 0x1f, 0x93, 0xf8, 0x00, 0x00, 0x06, 0xf5, 0x00,
    0x0b, 0xf0, 0x00, 0x0a, 0x63, 0xf8, 0x00, 0x00, 0x06, 0xf5, 0x00, 0x0b, 0xf6, 0x8c, 0x40, 0x03,
    0xf8, 0x00, 0x00, 0x06, 0xf5, 0x69, 0xcf, 0xff, 0xfe, 0x40, 0x03, 0xf8, 0x00, 0x00, 0x06, 0xf5,
    0xdf, 0xfc, 0x96, 0x30, 0x00, 0x03, 0xf8, 0x00, 0x00, 0x06, 0xf5, 0x54, 0x10, 0x00, 0x00, 0x1f,
    0xff, 0xf5, 0x00, 0x00, 0x05, 0xe5, 0x00, 0x00, 0x00, 0x00, 0x07, 0x98, 0x50, 0x00, 0x00, 0x00,
    0x00, 0x00, 0x00, 0x00, 0x00, 0x00, 0x00, 0x00, 0x00, 0x00, 0x00, 0x00, 0x00, 0x00, 0x00, 0x00,
    0x00, 0x00, 0x00, 0x00, 0x00, 0x00, 0x01, 0x82, 0x00, 0x00, 0x5b, 0x20, 0x00, 0x00, 0x00, 0x00,
    0x00, 0x08, 0xf7, 0x00, 0x00, 0x6f, 0x90, 0x00, 0x00, 0x00, 0x00, 0x00, 0x0e, 0xf9, 0xff, 0xff,
    0xff, 0xff, 0xff, 0xff, 0x10, 0x00, 0x00, 0x6f, 0x94, 0x99, 0x99, 0x99, 0x99, 0x99, 0x99, 0x10,
    0x00, 0x00, 0xcf, 0x30, 0x14, 0x44, 0x44, 0x44, 0x44, 0x20, 0x00, 0x00, 0x05, 0xfc, 0x00, 0x2f,
    0xff, 0xff, 0xff, 0xff, 0x80, 0x00, 0x00, 0x1e, 0xfb, 0x00, 0x2f, 0x90, 0x00, 0x00, 0x4f, 0x80,
    0x00, 0x00, 0xaf, 0xfb, 0x00, 0x2f, 0xb5, 0x55, 0x55, 0x8f, 0x80, 0x00, 0x05, 0xfe, 0xfb, 0x00,
    0x2f, 0xff, 0xff, 0xff, 0xff, 0x80, 0x00, 0x00, 0xd5, 0xfb, 0x00, 0x00, 0x00, 0x00, 0x00, 0x00,
    0x00, 0x00, 0x00, 0x20, 0xfb, 0x0d, 0xff, 0xff, 0xff, 0xff, 0xff, 0xff, 0x20, 0x00, 0x00, 0xfb,
    0x0d, 0xe8, 0x88, 0x88, 0x88, 0x88, 0xcf, 0x20, 0x00, 0x00, 0xfb, 0x0d, 0xc0, 0x00, 0x00, 0x00,
    0x00, 0x8f, 0x20, 0x00, 0x00, 0xfb, 0x08, 0x7f, 0xff, 0xff, 0xff, 0xff, 0x89, 0x10, 0x00, 0x00,
    0xfb, 0x00, 0x08, 0x88, 0xaf, 0xd8, 0x88, 0x10, 0x00, 0x00, 0x00, 0xfb, 0x00, 0x00, 0x00, 0x4f,
    0xa0, 0x00, 0x00, 0x00, 0x00, 0x00, 0xfb, 0x00, 0x00, 0x00, 0x4f, 0xa0, 0x00, 0x00, 0x00, 0x00,
    0x00, 0xfb, 0x00, 0x00, 0x00, 0x4f, 0xa0, 0x00, 0x00, 0x00, 0x00, 0x00, 0xfb, 0x00, 0x01, 0xef,
    0xff, 0x80, 0x00, 0x00, 0x00, 0x00, 0x00, 0xa7, 0x00, 0x00, 0x69, 0x96, 0x00, 0x00, 0x00, 0x00,
    0x00, 0x00, 0x00, 0x00, 0x00, 0x00, 0x00, 0x00, 0x00, 0x00, 0x00, 0x00, 0x00, 0x00, 0x00, 0x00,
    0x00, 0x00, 0x00, 0x00, 0x00, 0x00, 0x00, 0x00, 0x02, 0x30, 0x00, 0xbb, 0x00, 0x00, 0x00, 0x00,
    0x00, 0x00, 0x00, 0x09, 0xf6, 0x00, 0xef, 0x00, 0x00, 0x00, 0x00, 0x00, 0x00, 0x00, 0x0e, 0xf2,
    0x00, 0xef, 0x00, 0x00, 0x00, 0x00, 0x00, 0x00, 0x00, 0x3f, 0xfc, 0xcc, 0xff, 0xcc, 0xcc, 0xcc,
    0x50, 0x00, 0x00, 0x00, 0xaf, 0xff, 0xff, 0xff, 0xff, 0xff, 0xff, 0x60, 0x00, 0x00, 0x03, 0xfe,
    0x10, 0x00, 0xef, 0x00, 0x00, 0x00, 0x00, 0x00, 0x00, 0x0a, 0xf8, 0x00, 0x00, 0xef, 0x00, 0x00,
    0x00, 0x00, 0x00, 0x00, 0x0b, 0xe1, 0x00, 0x00, 0xef, 0x00, 0x00, 0x00, 0x00, 0x00, 0x00, 0x00,
    0x20, 0x00, 0x00, 0xef, 0x00, 0x00, 0x00, 0x00, 0x00, 0x00, 0xac, 0xcc, 0xcc, 0xcc, 0xff, 0xcc,
    0xcc, 0xcc, 0xcb, 0x00, 0x00, 0xdf, 0xff, 0xff, 0xff, 0xff, 0xff, 0xff, 0xff, 0xfd, 0x00, 0x00,
    0x00, 0x00, 0x0e, 0xf1, 0x00, 0x6f, 0x70, 0x00, 0x00, 0x00, 0x00, 0x00, 0x00, 0x1f, 0xd0, 0x00,
    0x6f, 0x70, 0x00, 0x00, 0x00, 0x00, 0x00, 0x00, 0x6f, 0xa0, 0x00, 0x6f, 0x70, 0x00, 0x00, 0x00,
    0x00, 0x00, 0x00, 0xcf, 0x50, 0x00, 0x6f, 0x70, 0x00, 0x53, 0x00, 0x00, 0x00, 0x08, 0xfd, 0x00,
    0x00, 0x6f, 0x70, 0x00, 0xaf, 0x10, 0x00, 0x00, 0x8f, 0xf4, 0x00, 0x00, 0x6f, 0x80, 0x00, 0xce,
    0x00, 0x00, 0x7d, 0xff, 0x50, 0x00, 0x00, 0x5f, 0xec, 0xcd, 0xfb, 0x00, 0x00, 0x8f, 0xd4, 0x00,
    0x00, 0x00, 0x0a, 0xef, 0xff, 0xd3, 0x00, 0x00, 0x16, 0x00, 0x00, 0x00, 0x00, 0x00, 0x00, 0x00,
    0x00, 0x00, 0x00, 0x00, 0x00, 0x00, 0x00, 0x00, 0x00, 0x00, 0x00, 0x00, 0x00, 0x00, 0x00, 0x00,
    0x00, 0x00, 0x00, 0x00, 0x00, 0x00, 0x00, 0x00, 0x00, 0x00, 0x00, 0x00, 0x00, 0xba, 0x00, 0x00,
    0x00, 0x00, 0x00, 0x00, 0x01, 0x65, 0x00, 0x00, 0xfd, 0x00, 0x00, 0x7a, 0x30, 0x00, 0x00, 0x02,
    0xfe, 0x10, 0x00, 0xfd, 0x00, 0x00, 0xdf, 0x50, 0x00, 0x00, 0x00, 0x9f, 0x80, 0x00, 0xfd, 0x00,
    0x05, 0xfc, 0x00, 0x00, 0x00, 0x00, 0x2f, 0xe0, 0x00, 0xfd, 0x00, 0x0c, 0xf5, 0x00, 0x00, 0x00,
    0x00, 0x0b, 0xf5, 0x00, 0xfd, 0x00, 0x4f, 0xc0, 0x00, 0x00, 0x00, 0x00, 0x06, 0xd5, 0x00, 0xfd,
    0x00, 0x6e, 0x30, 0x00, 0x00, 0x00, 0x00, 0x00, 0x00, 0x00, 0xfd, 0x00, 0x00, 0x00, 0x00, 0x00,
    0x00, 0xcc, 0xcc, 0xcc, 0xcc, 0xff, 0xcc, 0xcc, 0xcc, 0xcc, 0x00, 0x00, 0xff, 0xff, 0xff, 0xff,
    0xff, 0xff, 0xff, 0xff, 0xff, 0x00, 0x00, 0x00, 0x00, 0x0d, 0xf2, 0x00, 0x7f, 0x70, 0x00, 0x00,
    0x00, 0x00, 0x00, 0x00, 0x0f, 0xf0, 0x00, 0x7f, 0x70, 0x00, 0x00, 0x00, 0x00, 0x00, 0x00, 0x2f,
    0xd0, 0x00, 0x7f, 0x70, 0x00, 0x00, 0x00, 0x00, 0x00, 0x00, 0x7f, 0xa0, 0x00, 0x7f, 0x70, 0x00,
    0x00, 0x00, 0x00, 0x00, 0x00, 0xcf, 0x50, 0x00, 0x7f, 0x70, 0x00, 0x31, 0x00, 0x00, 0x00, 0x05,
    0xfe, 0x00, 0x00, 0x7f, 0x70, 0x00, 0x8e, 0x30, 0x00, 0x00, 0x5e, 0xf6, 0x00, 0x00, 0x7f, 0x70,
    0x00, 0x9f, 0x20, 0x00, 0x2a, 0xff, 0x90, 0x00, 0x00, 0x6f, 0x90, 0x00, 0xcf, 0x10, 0x02, 0xef,
    0xf7, 0x00, 0x00, 0x00, 0x4f, 0xff, 0xff, 0xfb, 0x00, 0x00, 0x68, 0x20, 0x00, 0x00, 0x00, 0x07,
    0xbc, 0xcc, 0xa2, 0x00, 0x00, 0x00, 0x00, 0x00, 0x00, 0x00, 0x00, 0x00, 0x00, 0x00, 0x00, 0x00,
    0x00, 0x00, 0x00, 0x00, 0x00, 0x00, 0x00, 0x00, 0x00, 0x00, 0x00, 0x00, 0x00, 0x09, 0x71, 0x00,
    0x00, 0x00, 0x00, 0x00, 0x00, 0x00, 0x00, 0x00, 0x5f, 0xe0, 0x00, 0x00, 0x00, 0x00, 0x00, 0x00,
    0x00, 0x00, 0x01, 0xdf, 0xff, 0xff, 0xfe, 0x60, 0x00, 0x00, 0x00, 0x00, 0x00, 0x0a, 0xfc, 0x99,
    0x9a, 0xff, 0x60, 0x00, 0x00, 0x00, 0x00, 0x00, 0x7f, 0xd1, 0x00, 0x07, 0xfb, 0x00, 0x00, 0x00,
    0x00, 0x00, 0x06, 0xff, 0x40, 0x00, 0x2e, 0xf2, 0x00, 0x00, 0x00, 0x00, 0x00, 0x8f, 0xff, 0xff,
    0xff, 0xff, 0xff, 0xff, 0xff, 0xa0, 0x00, 0x03, 0xff, 0xfd, 0xaa, 0xaa, 0xef, 0xba, 0xaa, 0xcf,
    0xa0, 0x00, 0x00, 0x45, 0xfa, 0x00, 0x00, 0xff, 0x00, 0x00, 0x4f, 0xa0, 0x00, 0x00, 0x03, 0xfa,
    0x00, 0x02, 0xfd, 0x00, 0x00, 0x4f, 0xa0, 0x00, 0x00, 0x03, 0xfa, 0x00, 0x04, 0xfb, 0x00, 0x00,
    0x4f, 0xa0, 0x00, 0x00, 0x03, 0xff, 0xff, 0xff, 0xff, 0xff, 0xff, 0xff, 0xa0, 0x00, 0x00, 0x02,
    0xaa, 0xaa, 0xaf, 0xfe, 0xfb, 0xab, 0xaa, 0x70, 0x00, 0x00, 0x00, 0x00, 0x00, 0x5f, 0xc9, 0xf4,
    0x6e, 0x30, 0x00, 0x00, 0x00, 0x00, 0x00, 0x01, 0xdf, 0x59, 0xf4, 0x5f, 0xe3, 0x00, 0x00, 0x00,
    0x00, 0x00, 0x1c, 0xfb, 0x09, 0xf4, 0x05, 0xfe, 0x42, 0x00, 0x00, 0x00, 0x05, 0xdf, 0xd1, 0x09,
    0xf4, 0x00, 0x77, 0x7f, 0x30, 0x00, 0x15, 0xbf, 0xfa, 0x10, 0x09, 0xf6, 0x00, 0x00, 0xbf, 0x20,
    0x01, 0xef, 0xfd, 0x50, 0x00, 0x06, 0xff, 0xff, 0xff, 0xfc, 0x00, 0x00, 0x69, 0x50, 0x00, 0x00,
    0x00, 0x7a, 0xbb, 0xbb, 0x92, 0x00, 0x00, 0x00, 0x00, 0x00, 0x00, 0x00, 0x00, 0x00, 0x00, 0x00,
    0x00, 0x00, 0x00, 0x00, 0x00, 0x00, 0x00, 0x00, 0x00, 0x00, 0x00, 0x00, 0x00, 0x00, 0x00, 0x07,
    0x70, 0x00, 0x00, 0x00, 0x00, 0x00, 0x00, 0x00, 0x00, 0x00, 0x2f, 0xf8, 0x00, 0x00, 0x00, 0x00,
    0x00, 0x00, 0x00, 0x00, 0x00, 0x05, 0xef, 0x70, 0x00, 0x00, 0x00, 0x00, 0x00, 0x00, 0x00, 0x00,
    0x00, 0x4f, 0xf4, 0x00, 0x00, 0x00, 0x00, 0x00, 0x00, 0x00, 0x00, 0x00, 0x06, 0xfe, 0x10, 0x00,
    0x00, 0x00, 0x00, 0x00, 0x00, 0x00, 0x00, 0x05, 0xff, 0x80, 0x00, 0x00, 0x00, 0x00, 0x00, 0x00,
    0x00, 0x00, 0x0a, 0xff, 0xf2, 0x00, 0x00, 0x00, 0x00, 0x00, 0x00, 0x00, 0x00, 0x0e, 0xfc, 0xfa,
    0x00, 0x00, 0x00, 0x00, 0x00, 0x00, 0x00, 0x00, 0x4f, 0xe1, 0xef, 0x40, 0x00, 0x00, 0x00, 0x00,
    0x00, 0x00, 0x00, 0xbf, 0x90, 0x7f, 0xc0, 0x00, 0x00, 0x00, 0x00, 0x00, 0x00, 0x04, 0xff, 0x30,
    0x0d, 0xf6, 0x00, 0x00, 0x00, 0x00, 0x00, 0x00, 0x0c, 0xfa, 0x00, 0x05, 0xfe, 0x10, 0x00, 0x00,
    0x00, 0x00, 0x00, 0x7f, 0xe2, 0x00, 0x00, 0xcf, 0xa0, 0x00, 0x00, 0x00, 0x00, 0x06, 0xff, 0x70,
    0x00, 0x00, 0x4f, 0xf8, 0x00, 0x00, 0x00, 0x00, 0x5f, 0xf9, 0x00, 0x00, 0x00, 0x07, 0xff, 0x70,
    0x00, 0x00, 0x19, 0xff, 0xb0, 0x00, 0x00, 0x00, 0x00, 0xaf, 0xfb, 0x10, 0x01, 0xdf, 0xfa, 0x10,
    0x00, 0x00, 0x00, 0x00, 0x09, 0xff, 0x20, 0x00, 0x4d, 0x60, 0x00, 0x00, 0x00, 0x00, 0x00, 0x00,
    0x59, 0x00, 0x00, 0x00, 0x00, 0x00, 0x00, 0x00, 0x00, 0x00, 0x00, 0x00, 0x00, 0x00, 0x00, 0x00,
    0x00, 0x00, 0x00, 0x00, 0x00, 0x00, 0x00, 0x00, 0x00, 0x00, 0x00, 0x00, 0x00, 0x00, 0x00, 0x00,
    0x00, 0x00, 0x00, 0x00, 0x00, 0x00, 0x17, 0x50, 0x00, 0x4e, 0x80, 0x00, 0x00, 0x00, 0x00, 0x00,
    0x00, 0x4f, 0xc0, 0x00, 0x4f, 0x90, 0x00, 0x00, 0x00, 0x00, 0x00, 0x00, 0x5f, 0xb0, 0x00, 0x2f,
    0xb0, 0x00, 0x00, 0x00, 0x00, 0x00, 0x00, 0x7f, 0x90, 0x00, 0x1f, 0xd0, 0x00, 0x00, 0x00, 0x00,
    0x00, 0x00, 0x8f, 0x70, 0x00, 0x0d, 0xf0, 0x00, 0x00, 0x00, 0x00, 0x00, 0x00, 0xbf, 0x50, 0x00,
    0x0b, 0xf3, 0x00, 0x00, 0x00, 0x00, 0x00, 0x00, 0xef, 0x10, 0x00, 0x08, 0xf6, 0x00, 0x00, 0x00,
    0x00, 0x00, 0x02, 0xfd, 0x00, 0x00, 0x04, 0xfb, 0x00, 0x00, 0x00, 0x00, 0x00, 0x05, 0xfa, 0x00,
    0x00, 0x00, 0xef, 0x10, 0x00, 0x00, 0x00, 0x00, 0x0a, 0xf6, 0x00, 0x00, 0x00, 0xbf, 0x60, 0x00,
    0x00, 0x00, 0x00, 0x2f, 0xf1, 0x00, 0x00, 0x00, 0x5f, 0xc0, 0x00, 0x00, 0x00, 0x00, 0x8f, 0x90,
    0x00, 0x00, 0x00, 0x0e, 0xf4, 0x00, 0x00, 0x00, 0x01, 0xdf, 0x30, 0x00, 0x00, 0x00, 0x07, 0xfd,
    0x00, 0x00, 0x00, 0x09, 0xfc, 0x00, 0x00, 0x00, 0x00, 0x01, 0xdf, 0x80, 0x00, 0x00, 0x5f, 0xf3,
    0x00, 0x00, 0x00, 0x00, 0x00, 0x5f, 0xf6, 0x00, 0x03, 0xff, 0x70, 0x00, 0x00, 0x00, 0x00, 0x00,
    0x08, 0xff, 0x40, 0x00, 0x98, 0x00, 0x00, 0x00, 0x00, 0x00, 0x00, 0x00, 0x97, 0x00, 0x00, 0x00,
    0x00, 0x00, 0x00, 0x00, 0x00, 0x00, 0x00, 0x00, 0x00, 0x00, 0x00, 0x00, 0x00, 0x00, 0x00, 0x00,
    0x00, 0x00, 0x00, 0x00, 0x00, 0x00, 0x00, 0x00, 0x00, 0x00, 0x00, 0x00, 0x00, 0x00, 0x00, 0x00,
    0x00, 0x00, 0x00, 0x02, 0x71, 0x00, 0x00, 0x00, 0x00, 0x00, 0x00, 0x00, 0x00, 0x00, 0x0d, 0xf6,
    0x00, 0x00, 0x00, 0x00, 0x00, 0x00, 0x00, 0x00, 0x00, 0x07, 0xfd, 0x00, 0x00, 0x00, 0x00, 0x00,
    0x00, 0x00, 0x00, 0x00, 0x01, 0xff, 0x50, 0x00, 0x00, 0x00, 0x00, 0x00, 0x00, 0x00, 0x00, 0x00,
    0xaf, 0xa0, 0x00, 0x00, 0x00, 0x00, 0x00, 0x00, 0x00, 0x00, 0x00, 0x47, 0x10, 0x00, 0x00, 0x00,
    0x00, 0x00, 0xef, 0xff, 0xff, 0xff, 0xff, 0xff, 0xff, 0xff, 0xff, 0x00, 0x00, 0xef, 0xff, 0xff,
    0xff, 0xff, 0xff, 0xff, 0xff, 0xff, 0x00, 0x00, 0x00, 0x00, 0x00, 0x00, 0x00, 0x00, 0x00, 0x00,
    0x00, 0x00, 0x00, 0x00, 0x00, 0x00, 0x00, 0x00, 0x00, 0x00, 0x00, 0x00, 0x00, 0x00, 0x00, 0x00,
    0x3b, 0x60, 0x00, 0x18, 0xd1, 0x00, 0x00, 0x00, 0x00, 0x00, 0x00, 0xbf, 0xb0, 0x00, 0x0b, 0xfa,
    0x00, 0x00, 0x00, 0x00, 0x00, 0x04, 0xff, 0x30, 0x00, 0x02, 0xff, 0x50, 0x00, 0x00, 0x00, 0x00,
    0x0c, 0xfa, 0x00, 0x00, 0x00, 0x8f, 0xe1, 0x00, 0x00, 0x00, 0x00, 0x6f, 0xf2, 0x00, 0x00, 0x00,
    0x0d, 0xfa, 0x00, 0x00, 0x00, 0x02, 0xef, 0x80, 0x00, 0x00, 0x00, 0x04, 0xff, 0x40, 0x00, 0x00,
    0x0b, 0xfd, 0x10, 0x00, 0x00, 0x00, 0x00, 0xaf, 0xd1, 0x00, 0x00, 0x9f, 0xf4, 0x00, 0x00, 0x00,
    0x00, 0x00, 0x2e, 0xf8, 0x00, 0x01, 0xbf, 0x80, 0x00, 0x00, 0x00, 0x00, 0x00, 0x08, 0xfa, 0x00,
    0x00, 0x06, 0x00, 0x00, 0x00, 0x00, 0x00, 0x00, 0x01, 0x40, 0x00, 0x00, 0x00, 0x00, 0x00, 0x00,
    0x00, 0x00, 0x00, 0x00, 0x00, 0x00, 0x00, 0x00, 0x00, 0x00, 0x00, 0x00, 0x00, 0x00, 0x00, 0x00,
    0x00, 0x00, 0x00, 0x00, 0x51, 0x00, 0x00, 0x00, 0x17, 0x20, 0x00, 0x00, 0x00, 0x00, 0x07, 0xf8,
    0x00, 0x00, 0x00, 0x6f, 0xd0, 0x00, 0x00, 0x00, 0x00, 0x01, 0xef, 0x30, 0x00, 0x00, 0xdf, 0x50,
    0x00, 0x00, 0x00, 0x00, 0x00, 0x7f, 0xa0, 0x00, 0x05, 0xfc, 0x00, 0x00, 0x00, 0x00, 0x00, 0x00,
    0x1e, 0x80, 0x00, 0x0d, 0xf4, 0x00, 0x00, 0x00, 0x00, 0x07, 0xff, 0xff, 0xff, 0xff, 0xff, 0xff,
    0xff, 0xb0, 0x00, 0x00, 0x06, 0xdd, 0xdd, 0xdd, 0xff, 0xed, 0xdd, 0xdd, 0x90, 0x00, 0x00, 0x00,
    0x00, 0x00, 0x00, 0xff, 0x30, 0x00, 0x00, 0x00, 0x00, 0x00, 0x00, 0x00, 0x00, 0x00, 0xff, 0x30,
    0x00, 0x00, 0x00, 0x00, 0x00, 0x00, 0x00, 0x00, 0x00, 0xff, 0x30, 0x00, 0x00, 0x00, 0x00, 0x00,
    0xbf, 0xff, 0xff, 0xff, 0xff, 0xff, 0xff, 0xff, 0xfc, 0x00, 0x00, 0x9d, 0xdd, 0xdd, 0xde, 0xff,
    0xed, 0xdd, 0xdd, 0xda, 0x00, 0x00, 0x00, 0x00, 0x00, 0x0a, 0xff, 0xe2, 0x00, 0x00, 0x00, 0x00,
    0x00, 0x00, 0x00, 0x00, 0x4f, 0xfc, 0xfb, 0x00, 0x00, 0x00, 0x00, 0x00, 0x00, 0x00, 0x03, 0xef,
    0xb1, 0xdf, 0xa0, 0x00, 0x00, 0x00, 0x00, 0x00, 0x00, 0x5e, 0xfd, 0x20, 0x3e, 0xfb, 0x10, 0x00,
    0x00, 0x00, 0x00, 0x2b, 0xff, 0xd2, 0x00, 0x04, 0xef, 0xe6, 0x10, 0x00, 0x00, 0x5b, 0xff, 0xf9,
    0x10, 0x00, 0x00, 0x3d, 0xff, 0xea, 0x10, 0x00, 0xbf, 0xfb, 0x40, 0x00, 0x00, 0x00, 0x01, 0x8e,
    0xfb, 0x00, 0x00, 0x19, 0x30, 0x00, 0x00, 0x00, 0x00, 0x00, 0x01, 0x62, 0x00, 0x00, 0x00, 0x00,
    0x00, 0x00, 0x00, 0x00, 0x00, 0x00, 0x00, 0x00, 0x00, 0x00, 0x00, 0x00, 0x00, 0x00, 0x00, 0x00,
    0x00, 0x00, 0x00, 0x00, 0x6b, 0xbb, 0xbb, 0xbb, 0xbb, 0xbb, 0xbb, 0xbb, 0xb6, 0x00, 0x00, 0x8f,
    0xff, 0xff, 0xff, 0xff, 0xff, 0xff, 0xff, 0xf8, 0x00, 0x00, 0x8f, 0x50, 0x00, 0x00, 0x00, 0x00,
    0x00, 0x06, 0xf8, 0x00, 0x00, 0x8f, 0x50, 0x4f, 0x90, 0x00, 0x00, 0x00, 0x06, 0xf8, 0x00, 0x00,
    0x8f, 0x50, 0x7f, 0x70, 0x00, 0x00, 0x00, 0x06, 0xf8, 0x00, 0x00, 0x00, 0x00, 0xaf, 0xff, 0xff,
    0xff, 0xff, 0xf0, 0x00, 0x00, 0x00, 0x00, 0x00, 0xdf, 0xaa, 0xaa, 0xaa, 0xaa, 0xa0, 0x00, 0x00,
    0x00, 0x00, 0x01, 0xfd, 0x00, 0x00, 0x00, 0x00, 0x00, 0x00, 0x00, 0x00, 0x00, 0x04, 0xf9, 0x00,
    0x00, 0x00, 0x00, 0x00, 0x00, 0x00, 0x00, 0x00, 0x08, 0xff, 0xff, 0xff, 0xff, 0xff, 0xfa, 0x00,
    0x00, 0x00, 0x00, 0x08, 0xaa, 0xaa, 0xaa, 0xaa, 0xac, 0xf8, 0x00, 0x00, 0x00, 0x00, 0x00, 0x00,
    0x00, 0x00, 0x00, 0x06, 0xf7, 0x00, 0x00, 0x00, 0x3b, 0xbb, 0xbb, 0xbb, 0xbb, 0xbb, 0x08, 0xf5,
    0x00, 0x00, 0x00, 0x3f, 0xff, 0xff, 0xff, 0xff, 0xff, 0x0a, 0xf3, 0x00, 0x00, 0x00, 0x00, 0x00,
    0x00, 0x00, 0x00, 0x00, 0x0d, 0xf1, 0x00, 0x00, 0x00, 0x00, 0x00, 0x00, 0x00, 0x00, 0x00, 0x2f,
    0xd0, 0x00, 0x00, 0x00, 0x00, 0x00, 0x00, 0x00, 0x21, 0x01, 0x9f, 0x90, 0x00, 0x00, 0x00, 0x00,
    0x00, 0x00, 0x00, 0x8f, 0xff, 0xff, 0x30, 0x00, 0x00, 0x00, 0x00, 0x00, 0x00, 0x00, 0x3a, 0xaa,
    0x94, 0x00, 0x00, 0x00, 0x00, 0x00, 0x00, 0x00, 0x00, 0x00, 0x00, 0x00, 0x00, 0x00, 0x00, 0x00,
    0x00, 0x00, 0x00, 0x00, 0x00, 0x00, 0x00, 0x00, 0x00, 0x00, 0x00, 0x6b, 0xbb, 0xbb, 0xbb, 0xbb,
    0xbb, 0xbb, 0xbb, 0xb6, 0x00, 0x00, 0x7f, 0xff, 0xff, 0xff, 0xff, 0xff, 0xff, 0xff, 0xf8, 0x00,
    0x00, 0x7f, 0x50, 0x00, 0x00, 0x00, 0x00, 0x00, 0x06, 0xf8, 0x00, 0x00, 0x7f, 0x50, 0x00, 0x00,
    0x00, 0x00, 0x00, 0x6a, 0xf8, 0x00, 0x00, 0x00, 0x00, 0x00, 0x00, 0x00, 0x00, 0x00, 0xec, 0x00,
    0x00, 0x00, 0x09, 0xff, 0xff, 0xff, 0x70, 0x00, 0x00, 0xec, 0x00, 0x00, 0x00, 0x07, 0xbb, 0xbb,
    0xbb, 0x5c, 0xff, 0xff, 0xff, 0xff, 0x00, 0x00, 0x00, 0x00, 0x00, 0x00, 0x09, 0xbb, 0xbb, 0xfe,
    0xbb, 0x00, 0x00, 0xbb, 0xbb, 0xbb, 0xbb, 0xb3, 0x32, 0x00, 0xec, 0x00, 0x00, 0x00, 0xff, 0xff,
    0xff, 0xff, 0xf5, 0xfc, 0x00, 0xec, 0x00, 0x00, 0x00, 0x00, 0xed, 0x04, 0xf7, 0x00, 0x8f, 0x50,
    0xec, 0x00, 0x00, 0x00, 0x00, 0xed, 0x04, 0xf7, 0x00, 0x2f, 0xb0, 0xec, 0x00, 0x00, 0x00, 0x00,
    0xfc, 0x04, 0xf7, 0x00, 0x08, 0x30, 0xec, 0x00, 0x00, 0x00, 0x02, 0xfa, 0x04, 0xf7, 0x00, 0x00,
    0x01, 0xec, 0x00, 0x00, 0x00, 0x06, 0xf7, 0x04, 0xf7, 0x00, 0x02, 0xff, 0xfa, 0x5a, 0x20, 0x00,
    0x0d, 0xf3, 0x04, 0xf8, 0x00, 0x00, 0x89, 0x71, 0x7f, 0x40, 0x00, 0x7f, 0xb0, 0x03, 0xfa, 0x10,
    0x00, 0x00, 0x01, 0xcf, 0x10, 0x03, 0xfe, 0x30, 0x01, 0xdf, 0xff, 0xff, 0xff, 0xff, 0xfa, 0x00,
    0x00, 0x84, 0x00, 0x00, 0x27, 0x9a, 0xaa, 0xaa, 0xa9, 0x71, 0x00, 0x00, 0x00, 0x00, 0x00, 0x00,
    0x00, 0x00, 0x00, 0x00, 0x00, 0x00, 0x00, 0x00, 0x00, 0x00, 0x00, 0x00, 0x00, 0x00, 0x00, 0x00,
    0x00, 0x00, 0x00, 0x00, 0x00, 0x03, 0x61, 0x01, 0x60, 0x00, 0x00, 0x00, 0x00, 0x59, 0x00, 0x00,
    0x0a, 0xf4, 0x0b, 0xf5, 0x00, 0x00, 0x00, 0x00, 0xdf, 0x50, 0x00, 0x1f, 0xe0, 0x04, 0xfd, 0x00,
    0x00, 0x00, 0x00, 0x5f, 0xd1, 0x00, 0x7f, 0x80, 0x00, 0xbc, 0x20, 0x00, 0x00, 0x00, 0x0b, 0xf7,
    0x00, 0xdf, 0xff, 0xff, 0xff, 0xff, 0xfd, 0x00, 0x00, 0x04, 0xfe, 0x16, 0xfe, 0xaa, 0xaa, 0xfd,
    0xaa, 0xa8, 0x00, 0x00, 0x00, 0xb5, 0x1e, 0xfd, 0x00, 0x02, 0xfb, 0x00, 0x00, 0x00, 0x00, 0x00,
    0x00, 0xaf, 0xfd, 0x00, 0x02, 0xfb, 0x00, 0x00, 0x00, 0x00, 0x00, 0x07, 0xfd, 0xee, 0xaa, 0xab,
    0xfd, 0xaa, 0xa4, 0x00, 0x00, 0x00, 0x07, 0xe3, 0xdf, 0xff, 0xff, 0xff, 0xff, 0xf7, 0x00, 0x00,
    0x00, 0x00, 0x20, 0xdd, 0x00, 0x02, 0xfb, 0x00, 0x00, 0x00, 0x00, 0x00, 0x6c, 0x30, 0xdd, 0x00,
    0x02, 0xfb, 0x00, 0x00, 0x00, 0x00, 0x00, 0xcf, 0x40, 0xde, 0xaa, 0xab, 0xfd, 0xaa, 0xa4, 0x00,
    0x00, 0x04, 0xfd, 0x00, 0xdf, 0xff, 0xff, 0xff, 0xff, 0xf6, 0x00, 0x00, 0x0a, 0xf7, 0x00, 0xdd,
    0x00, 0x02, 0xfb, 0x00, 0x00, 0x00, 0x00, 0x2f, 0xf2, 0x00, 0xdd, 0x00, 0x02, 0xfb, 0x00, 0x00,
    0x00, 0x00, 0x9f, 0xa0, 0x00, 0xdf, 0xaa, 0xab, 0xfe, 0xaa, 0xaa, 0x20, 0x01, 0xdf, 0x40, 0x00,
    0xdf, 0xff, 0xff, 0xff, 0xff, 0xff, 0x30, 0x00, 0x05, 0x00, 0x00, 0xdd, 0x00, 0x00, 0x00, 0x00,
    0x00, 0x00, 0x00, 0x00, 0x00, 0x00, 0x99, 0x00, 0x00, 0x00, 0x00, 0x00, 0x00, 0x00, 0x00, 0x00,
    0x00, 0x00, 0x00, 0x00, 0x00, 0x00, 0x00, 0x00, 0x00, 0x00, 0x00, 0x00, 0x00, 0x00, 0x00, 0x00,
    0x00, 0x00, 0x00, 0x00, 0x00, 0x00, 0x00, 0x01, 0xaa, 0x00, 0x00, 0x00, 0x00, 0x00, 0x00, 0x00,
    0x00, 0x00, 0x02, 0xff, 0x00, 0x00, 0x00, 0x00, 0x00, 0x00, 0x01, 0xba, 0x00, 0x02, 0xff, 0x00,
    0x00, 0xab, 0x30, 0x00, 0x00, 0x02, 0xfd, 0x00, 0x02, 0xff, 0x00, 0x00, 0xdf, 0x30, 0x00, 0x00,
    0x02, 0xfd, 0x00, 0x02, 0xff, 0x00, 0x00, 0xdf, 0x30, 0x00, 0x00, 0x02, 0xfd, 0x00, 0x02, 0xff,
    0x00, 0x00, 0xdf, 0x30, 0x00, 0x00, 0x02, 0xfd, 0x00, 0x02, 0xff, 0x00, 0x00, 0xdf, 0x30, 0x00,
    0x00, 0x02, 0xfd, 0x00, 0x02, 0xff, 0x00, 0x00, 0xdf, 0x30, 0x00, 0x00, 0x02, 0xff, 0xff, 0xff,
    0xff, 0xff, 0xff, 0xff, 0x30, 0x00, 0x00, 0x02, 0xcc, 0xcc, 0xcd, 0xff, 0xcc, 0xcc, 0xcc, 0x30,
    0x00, 0x00, 0x00, 0x00, 0x00, 0x02, 0xff, 0x00, 0x00, 0x00, 0x00, 0x00, 0x00, 0x1e, 0xe0, 0x00,
    0x02, 0xff, 0x00, 0x00, 0x1e, 0xe0, 0x00, 0x00, 0x1f, 0xf0, 0x00, 0x02, 0xff, 0x00, 0x00, 0x1f,
    0xf0, 0x00, 0x00, 0x1f, 0xf0, 0x00, 0x02, 0xff, 0x00, 0x00, 0x1f, 0xf0, 0x00, 0x00, 0x1f, 0xf0,
    0x00, 0x02, 0xff, 0x00, 0x00, 0x1f, 0xf0, 0x00, 0x00, 0x1f, 0xf0, 0x00, 0x02, 0xff, 0x00, 0x00,
    0x1f, 0xf0, 0x00, 0x00, 0x1f, 0xf0, 0x00, 0x02, 0xff, 0x00, 0x00, 0x1f, 0xf0, 0x00, 0x00, 0x1f,
    0xff, 0xff, 0xff, 0xff, 0xff, 0xff, 0xff, 0xf0, 0x00, 0x00, 0x1d, 0xdd, 0xdd, 0xdd, 0xdd, 0xdd,
    0xdd, 0xdf, 0xf0, 0x00, 0x00, 0x00, 0x00, 0x00, 0x00, 0x00, 0x00, 0x00, 0x1d, 0xd0, 0x00, 0x00,
    0x00, 0x00, 0x00, 0x00, 0x00, 0x00, 0x00, 0x00, 0x00, 0x00, 0x00, 0x00, 0x00, 0x00, 0x00, 0x00,
    0x00, 0x00, 0x00, 0x00, 0x00, 0x00, 0x00, 0x00, 0x00, 0x00, 0xbb, 0x10, 0x00, 0x00, 0x00, 0x00,
    0x00, 0x00, 0x00, 0x00, 0x00, 0xef, 0x10, 0x00, 0x00, 0x00, 0x00, 0x00, 0x00, 0x00, 0x00, 0x00,
    0xef, 0x10, 0x00, 0x00, 0x00, 0x00, 0x00, 0x05, 0xdd, 0xdd, 0xdd, 0xff, 0xdd, 0xdd, 0xdd, 0x70,
    0x00, 0x00, 0x06, 0xff, 0xff, 0xff, 0xff, 0xff, 0xff, 0xff, 0x80, 0x00, 0x00, 0x00, 0x00, 0x00,
    0x00, 0xef, 0x10, 0x00, 0x00, 0x00, 0x00, 0x00, 0x00, 0x00, 0x00, 0x00, 0xef, 0x10, 0x00, 0x00,
    0x00, 0x00, 0x00, 0x00, 0x00, 0x00, 0x00, 0xef, 0x10, 0x00, 0x00, 0x00, 0x00, 0x00, 0xbd, 0xdd,
    0xdd, 0xdd, 0xff, 0xdd, 0xdd, 0xdd, 0xdb, 0x00, 0x00, 0xcf, 0xff, 0xff, 0xff, 0xff, 0xff, 0xff,
    0xff, 0xfd, 0x00, 0x00, 0x00, 0x00, 0x00, 0x00, 0xef, 0x10, 0x00, 0x00, 0x00, 0x00, 0x00, 0x01,
    0x65, 0x00, 0x00, 0xef, 0x10, 0x00, 0x57, 0x10, 0x00, 0x00, 0x03, 0xfc, 0x00, 0x00, 0xef, 0x10,
    0x00, 0xbf, 0x30, 0x00, 0x00, 0x03, 0xfc, 0x00, 0x00, 0xef, 0x10, 0x00, 0xbf, 0x30, 0x00, 0x00,
    0x03, 0xfc, 0x00, 0x00, 0xef, 0x10, 0x00, 0xbf, 0x30, 0x00, 0x00, 0x03, 0xfc, 0x00, 0x00, 0xef,
    0x10, 0x00, 0xbf, 0x30, 0x00, 0x00, 0x03, 0xfc, 0x00, 0x00, 0xef, 0x10, 0x00, 0xbf, 0x30, 0x00,
    0x00, 0x03, 0xff, 0xff, 0xff, 0xff, 0xff, 0xff, 0xff, 0x30, 0x00, 0x00, 0x02, 0xdd, 0xdd, 0xdd,
    0xdd, 0xdd, 0xdd, 0xef, 0x30, 0x00, 0x00, 0x00, 0x00, 0x00, 0x00, 0x00, 0x00, 0x00, 0xac, 0x20,
    0x00, 0x00, 0x00, 0x00, 0x00, 0x00, 0x00, 0x00, 0x00, 0x00, 0x00, 0x00, 0x00, 0x00, 0x00, 0x00,
    0x00, 0x00, 0x00, 0x00, 0x00, 0x00, 0x00, 0x00, 0x00, 0x00, 0x03, 0x10, 0x00, 0x01, 0x30, 0x00,
    0x00, 0x00, 0x00, 0x00, 0x00, 0x1f, 0xf2, 0x00, 0x0d, 0xf2, 0x00, 0x00, 0x00, 0x00, 0x00, 0x00,
    0x7f, 0xb0, 0x00, 0x08, 0xf9, 0x00, 0x00, 0x00, 0x00, 0x00, 0x01, 0xef, 0x40, 0x00, 0x01, 0xef,
    0x40, 0x00, 0x00, 0x00, 0x00, 0x09, 0xfc, 0x00, 0x00, 0x00, 0x6f, 0xd1, 0x00, 0x00, 0x00, 0x00,
    0x5f, 0xf3, 0x00, 0x00, 0x00, 0x0b, 0xfa, 0x00, 0x00, 0x00, 0x02, 0xef, 0x70, 0x00, 0x00, 0x00,
    0x02, 0xef, 0x80, 0x00, 0x00, 0x3d, 0xfb, 0x00, 0x00, 0x00, 0x00, 0x00, 0x5f, 0xf8, 0x00, 0x01,
    0xef, 0xee, 0xdd, 0xdd, 0xdd, 0xdd, 0xdd, 0xdc, 0xfe, 0x10, 0x00, 0x3c, 0x4f, 0xff, 0xff, 0xff,
    0xff, 0xff, 0xf4, 0x73, 0x00, 0x00, 0x00, 0x00, 0x00, 0xbf, 0x40, 0x00, 0x0b, 0xf3, 0x00, 0x00,
    0x00, 0x00, 0x00, 0x00, 0xef, 0x10, 0x00, 0x0c, 0xf3, 0x00, 0x00, 0x00, 0x00, 0x00, 0x02, 0xfe,
    0x00, 0x00, 0x0d, 0xf2, 0x00, 0x00, 0x00, 0x00, 0x00, 0x08, 0xfa, 0x00, 0x00, 0x0e, 0xf1, 0x00,
    0x00, 0x00, 0x00, 0x00, 0x0e, 0xf3, 0x00, 0x00, 0x0f, 0xf0, 0x00, 0x00, 0x00, 0x00, 0x00, 0x9f,
    0xc0, 0x00, 0x00, 0x1f, 0xe0, 0x00, 0x00, 0x00, 0x00, 0x08, 0xff, 0x40, 0x00, 0x00, 0x4f, 0xc0,
    0x00, 0x00, 0x00, 0x02, 0xaf, 0xf6, 0x00, 0x01, 0x01, 0x9f, 0xa0, 0x00, 0x00, 0x00, 0x6f, 0xfe,
    0x50, 0x00, 0x1f, 0xff, 0xff, 0x50, 0x00, 0x00, 0x00, 0x1c, 0x81, 0x00, 0x00, 0x0a, 0xdd, 0xc6,
    0x00, 0x00, 0x00, 0x00, 0x00, 0x00, 0x00, 0x00, 0x00, 0x00, 0x00, 0x00, 0x00, 0x00, 0x00, 0x00,
    0x00, 0x00, 0x00, 0x00, 0x00, 0x00, 0x00, 0x00, 0x00, 0x00, 0x00, 0x00, 0x00, 0x00, 0x00, 0x00,
    0x00, 0x00, 0x00, 0x00, 0x00, 0x00, 0xdb, 0x00, 0x00, 0x00, 0x00, 0x00, 0x00, 0x00, 0x00, 0x00,
    0x00, 0xfc, 0x00, 0x0a, 0xff, 0xff, 0xff, 0xff, 0xfd, 0x00, 0x00, 0x00, 0xfc, 0x00, 0x08, 0xcc,
    0xef, 0xdc, 0xcc, 0xfd, 0x00, 0x00, 0x00, 0xfc, 0x00, 0x00, 0x00, 0xaf, 0x30, 0x01, 0xfc, 0x00,
    0x00, 0x00, 0xfd, 0x47, 0xb6, 0x00, 0xbf, 0x20, 0x02, 0xfc, 0x00, 0x02, 0x69, 0xff, 0xff, 0xf9,
    0x00, 0xbf, 0x20, 0x02, 0xfb, 0x00, 0x06, 0xff, 0xfe, 0xa7, 0x30, 0x00, 0xcf, 0x10, 0x03, 0xfb,
    0x00, 0x03, 0x95, 0xfc, 0x00, 0x00, 0x00, 0xdf, 0x00, 0x03, 0xfb, 0x00, 0x00, 0x00, 0xfc, 0x00,
    0x00, 0x00, 0xfd, 0x00, 0x04, 0xfa, 0x00, 0x00, 0x00, 0xfc, 0x00, 0x00, 0x02, 0xfb, 0x00, 0x04,
    0xf9, 0x00, 0x00, 0x00, 0xfc, 0x00, 0x00, 0x05, 0xf8, 0x00, 0x05, 0xf9, 0x00, 0x00, 0x00, 0xfc,
    0x00, 0x55, 0x08, 0xf6, 0x00, 0x06, 0xf8, 0x00, 0x00, 0x00, 0xfd, 0x6d, 0xfa, 0x0c, 0xf3, 0x00,
    0x07, 0xf7, 0x00, 0x00, 0x04, 0xff, 0xff, 0xa3, 0x3f, 0xd0, 0x00, 0x08, 0xf6, 0x00, 0x00, 0x0c,
    0xff, 0xa3, 0x00, 0xbf, 0x70, 0x00, 0x0a, 0xf5, 0x00, 0x00, 0x07, 0xc3, 0x00, 0x07, 0xfd, 0x00,
    0x00, 0x0c, 0xf3, 0x00, 0x00, 0x00, 0x00, 0x00, 0x6f, 0xf4, 0x01, 0x10, 0x3f, 0xf1, 0x00, 0x00,
    0x00, 0x00, 0x07, 0xff, 0x60, 0x05, 0xff, 0xff, 0xb0, 0x00, 0x00, 0x00, 0x00, 0x02, 0xc5, 0x00,
    0x01, 0xdd, 0xc9, 0x10, 0x00, 0x00, 0x00, 0x00, 0x00, 0x00, 0x00, 0x00, 0x00, 0x00, 0x00, 0x00,
    0x00, 0x00, 0x00, 0x00, 0x00, 0x00, 0x00, 0x00, 0x00, 0x00, 0x00, 0x00, 0x00, 0x00, 0x00, 0x00,
    0x00, 0x00, 0x00, 0x00, 0x00, 0x00, 0x00, 0x00, 0x00, 0x00, 0x00, 0x00, 0x00, 0x00, 0x00, 0x53,
    0x00, 0x00, 0x0f, 0xff, 0xfa, 0x3f, 0xff, 0xf7, 0x00, 0x01, 0xf8, 0x00, 0x00, 0x0f, 0xda, 0xfa,
    0x3f, 0xba, 0xf7, 0x08, 0x41, 0xf8, 0x00, 0x00, 0x0f, 0x80, 0xea, 0x3f, 0x52, 0xf7, 0x0f, 0x81,
    0xf8, 0x00, 0x00, 0x0f, 0x80, 0xea, 0x3f, 0x52, 0xf7, 0x0f, 0x81, 0xf8, 0x00, 0x00, 0x0f, 0x80,
    0xea, 0x3f, 0x52, 0xf7, 0x0f, 0x81, 0xf8, 0x00, 0x00, 0x0f, 0x80, 0xea, 0x3f, 0x52, 0xf7, 0x0f,
    0x81, 0xf8, 0x00, 0x00, 0x0f, 0x80, 0xea, 0x3f, 0x52, 0xf7, 0x0f, 0x81, 0xf8, 0x00, 0x02, 0xbf,
    0xdb, 0xfe, 0xcf, 0xcb, 0xfd, 0x4f, 0x81, 0xf8, 0x00, 0x03, 0xff, 0xff, 0xff, 0xff, 0xff, 0xff,
    0x5f, 0x81, 0xf8, 0x00, 0x00, 0x0f, 0x80, 0xea, 0x3f, 0x52, 0xf7, 0x0f, 0x81, 0xf8, 0x00, 0x00,
    0x0f, 0x80, 0xea, 0x4f, 0x42, 0xf7, 0x0f, 0x81, 0xf8, 0x00, 0x00, 0x1f, 0x70, 0xea, 0x4f, 0x32,
    0xf7, 0x0f, 0x81, 0xf8, 0x00, 0x00, 0x2f, 0x60, 0xea, 0x5f, 0x22, 0xf7, 0x0f, 0x81, 0xf8, 0x00,
    0x00, 0x2f, 0x50, 0xea, 0x6f, 0x22, 0xf7, 0x07, 0x41, 0xf8, 0x00, 0x00, 0x4f, 0x40, 0xea, 0x8f,
    0x12, 0xf7, 0x00, 0x01, 0xf8, 0x00, 0x00, 0x7f, 0x20, 0xea, 0xad, 0x02, 0xf7, 0x00, 0x01, 0xf8,
    0x00, 0x00, 0xbe, 0x02, 0xea, 0xdb, 0x03, 0xf6, 0x00, 0x02, 0xf8, 0x00, 0x02, 0xf9, 0x8f, 0xfa,
    0xf7, 0xbf, 0xf4, 0x06, 0xff, 0xf5, 0x00, 0x00, 0x52, 0x39, 0x71, 0x82, 0x59, 0x60, 0x01, 0x99,
    0x50, 0x00, 0x00, 0x00, 0x00, 0x00, 0x00, 0x00, 0x00, 0x00, 0x00, 0x00, 0x00, 0x00, 0x00, 0x00,
    0x00, 0x00, 0x00, 0x00, 0x00, 0x00, 0x00, 0x00, 0x00, 0x00, 0x00, 0x00, 0x00, 0x00, 0x00, 0x00,
    0x03, 0x73, 0x00, 0x00, 0x7a, 0xaa, 0xaa, 0xaa, 0xaa, 0x70, 0x00, 0x07, 0xf6, 0x00, 0x00, 0xaf,
    0xff, 0xff, 0xff, 0xff, 0xa5, 0xf6, 0x07, 0xf6, 0x00, 0x00, 0x00, 0x1e, 0xe1, 0x04, 0x00, 0x05,
    0xf6, 0x07, 0xf6, 0x00, 0x00, 0x00, 0x7f, 0x70, 0x6f, 0x70, 0x05, 0xf6, 0x07, 0xf6, 0x00, 0x00,
    0x01, 0xee, 0x10, 0x1d, 0xf2, 0x05, 0xf6, 0x07, 0xf6, 0x00, 0x00, 0x0a, 0xf9, 0x56, 0x7b, 0xfb,
    0x05, 0xf6, 0x07, 0xf6, 0x00, 0x00, 0x1f, 0xff, 0xff, 0xff, 0xff, 0x45, 0xf6, 0x07, 0xf6, 0x00,
    0x00, 0x0a, 0xa8, 0x65, 0x32, 0x3e, 0x45, 0xf6, 0x07, 0xf6, 0x00, 0x00, 0x00, 0x00, 0x4c, 0x50,
    0x01, 0x05, 0xf6, 0x07, 0xf6, 0x00, 0x00, 0x00, 0x00, 0x5f, 0x70, 0x00, 0x05, 0xf6, 0x07, 0xf6,
    0x00, 0x00, 0x2a, 0xaa, 0xcf, 0xca, 0xaa, 0x35, 0xf6, 0x07, 0xf6, 0x00, 0x00, 0x3f, 0xff, 0xff,
    0xff, 0xff, 0x45, 0xf6, 0x07, 0xf6, 0x00, 0x00, 0x00, 0x00, 0x5f, 0x70, 0x00, 0x05, 0xf6, 0x07,
    0xf6, 0x00, 0x00, 0x00, 0x00, 0x5f, 0x70, 0x00, 0x04, 0xc5, 0x07, 0xf6, 0x00, 0x00, 0x00, 0x00,
    0x5f, 0x97, 0x9c, 0x70, 0x00, 0x07, 0xf6, 0x00, 0x00, 0x47, 0x9c, 0xef, 0xff, 0xfc, 0x60, 0x00,
    0x07, 0xf6, 0x00, 0x00, 0xaf, 0xfe, 0xb9, 0x63, 0x00, 0x00, 0x4c, 0xce, 0xf4, 0x00, 0x00, 0x35,
    0x20, 0x00, 0x00, 0x00, 0x00, 0x0e, 0xfd, 0x90, 0x00, 0x00, 0x00, 0x00, 0x00, 0x00, 0x00, 0x00,
    0x00, 0x00, 0x00, 0x00, 0x00, 0x00, 0x00, 0x00, 0x00, 0x00, 0x00, 0x00, 0x00, 0x00, 0x00, 0x00,
    0x00, 0x00, 0x00, 0x00, 0x00, 0x00, 0x00, 0x02, 0x63, 0x00, 0x00, 0x0a, 0xaa, 0xaa, 0xaa, 0xaa,
    0x50, 0x00, 0x04, 0xf8, 0x00, 0x00, 0x0f, 0xff, 0xff, 0xff, 0xff, 0x73, 0xb6, 0x04, 0xf8, 0x00,
    0x00, 0x0f, 0xa0, 0x00, 0x00, 0x5f, 0x74, 0xf8, 0x04, 0xf8, 0x00, 0x00, 0x0f, 0xa0, 0x00, 0x00,
    0x5f, 0x74, 0xf8, 0x04, 0xf8, 0x00, 0x00, 0x0f, 0xda, 0xaa, 0xaa, 0xcf, 0x74, 0xf8, 0x04, 0xf8,
    0x00, 0x00, 0x0f, 0xff, 0xff, 0xff, 0xff, 0x74, 0xf8, 0x04, 0xf8, 0x00, 0x00, 0x0f, 0xa0, 0x03,
    0xf6, 0x00, 0x04, 0xf8, 0x04, 0xf8, 0x00, 0x00, 0x0f, 0xa0, 0x03, 0xf6, 0x00, 0x04, 0xf8, 0x04,
    0xf8, 0x00, 0x00, 0x1f, 0xb9, 0x9a, 0xfb, 0x99, 0x54, 0xf8, 0x04, 0xf8, 0x00, 0x00, 0x1f, 0xcf,
    0xff, 0xff, 0xff, 0x94, 0xf8, 0x04, 0xf8, 0x00, 0x00, 0x2f, 0xbf, 0x33, 0xf6, 0x0f, 0x94, 0xf8,
    0x04, 0xf8, 0x00, 0x00, 0x3f, 0xaf, 0x33, 0xf6, 0x0f, 0x94, 0xf8, 0x04, 0xf8, 0x00, 0x00, 0x4f,
    0x9f, 0x33, 0xf6, 0x0f, 0x94, 0xf8, 0x04, 0xf8, 0x00, 0x00, 0x6f, 0x7f, 0x33, 0xf6, 0x0f, 0x92,
    0x95, 0x04, 0xf8, 0x00, 0x00, 0x9f, 0x4f, 0x33, 0xf6, 0x0f, 0x90, 0x00, 0x04, 0xf8, 0x00, 0x00,
    0xce, 0x3f, 0x33, 0xf9, 0xff, 0x70, 0x00, 0x04, 0xf8, 0x00, 0x02, 0xfa, 0x2a, 0x23, 0xf6, 0x86,
    0x00, 0x00, 0x05, 0xf8, 0x00, 0x04, 0xf4, 0x00, 0x03, 0xf6, 0x00, 0x00, 0x2f, 0xff, 0xf6, 0x00,
    0x00, 0x30, 0x00, 0x02, 0xb4, 0x00, 0x00, 0x0b, 0xdc, 0x80, 0x00, 0x00, 0x00, 0x00, 0x00, 0x00,
    0x00, 0x00, 0x00, 0x00, 0x00, 0x00, 0x00, 0x00, 0x00, 0x00, 0x00, 0x00, 0x00, 0x00, 0x00, 0x00,
    0x00, 0x00, 0x00, 0x06, 0xa1, 0x00, 0x00, 0x00, 0x1b, 0x71, 0x00, 0x00, 0x00, 0x00, 0x08, 0xfb,
    0x00, 0x00, 0x00, 0x7f, 0xb0, 0x00, 0x00, 0x00, 0x00, 0x00, 0xcf, 0x60, 0x00, 0x02, 0xee, 0x20,
    0x00, 0x00, 0x00, 0xbb, 0xbb, 0xdf, 0xbb, 0xbb, 0xbd, 0xfe, 0xbb, 0xbb, 0x00, 0x00, 0xff, 0xff,
    0xff, 0xff, 0xff, 0xff, 0xff, 0xff, 0xff, 0x00, 0x00, 0x00, 0x00, 0x00, 0x00, 0x00, 0x00, 0x00,
    0x00, 0x00, 0x00, 0x00, 0x00, 0x00, 0x00, 0x00, 0x00, 0x00, 0x00, 0x1a, 0x80, 0x00, 0x00, 0x0c,
    0xff, 0xff, 0xff, 0xc0, 0x2f, 0xa0, 0x1f, 0xc0, 0x00, 0x00, 0x0c, 0xf9, 0x99, 0xaf, 0xc0, 0x2f,
    0xa0, 0x1f, 0xc0, 0x00, 0x00, 0x0c, 0xf0, 0x00, 0x1f, 0xc0, 0x2f, 0xa0, 0x1f, 0xc0, 0x00, 0x00,
    0x0c, 0xf7, 0x77, 0x7f, 0xc0, 0x2f, 0xa0, 0x1f, 0xc0, 0x00, 0x00, 0x0c, 0xff, 0xff, 0xff, 0xc0,
    0x2f, 0xa0, 0x1f, 0xc0, 0x00, 0x00, 0x0c, 0xf0, 0x00, 0x1f, 0xc0, 0x2f, 0xa0, 0x1f, 0xc0, 0x00,
    0x00, 0x0c, 0xf6, 0x66, 0x7f, 0xc0, 0x2f, 0xa0, 0x1f, 0xc0, 0x00, 0x00, 0x0c, 0xff, 0xff, 0xff,
    0xc0, 0x2f, 0xa0, 0x1f, 0xc0, 0x00, 0x00, 0x0c, 0xf0, 0x00, 0x1f, 0xc0, 0x2e, 0x90, 0x1f, 0xc0,
    0x00, 0x00, 0x0c, 0xf0, 0x00, 0x1f, 0xc0, 0x00, 0x00, 0x1f, 0xc0, 0x00, 0x00, 0x0c, 0xf0, 0x00,
    0x2f, 0xc0, 0x00, 0x00, 0x2f, 0xc0, 0x00, 0x00, 0x0c, 0xf0, 0x4f, 0xff, 0x90, 0x00, 0xce, 0xff,
    0xa0, 0x00, 0x00, 0x08, 0x90, 0x09, 0x97, 0x10, 0x00, 0x6c, 0xb8, 0x10, 0x00, 0x00, 0x00, 0x00,
    0x00, 0x00, 0x00, 0x00, 0x00, 0x00, 0x00, 0x00, 0x00, 0x00, 0x00, 0x00, 0x00, 0x00, 0x00, 0x00,
    0x00, 0x00, 0x00, 0x00, 0x00, 0x26, 0x30, 0x00, 0x00, 0x00, 0x00, 0x00, 0x00, 0x00, 0x00, 0x00,
    0x5f, 0x80, 0x00, 0x00, 0x00, 0x00, 0x00, 0x00, 0x00, 0x00, 0x00, 0x5f, 0x80, 0x00, 0x00, 0x00,
    0x00, 0x00, 0x00, 0x00, 0x00, 0x00, 0x5f, 0x80, 0x00, 0x00, 0xaf, 0xff, 0xff, 0xf5, 0x00, 0x00,
    0xcc, 0xdf, 0xec, 0xcc, 0xb0, 0xaf, 0xdd, 0xde, 0xf5, 0x00, 0x00, 0xff, 0xff, 0xff, 0xff, 0xd0,
    0xaf, 0x20, 0x08, 0xf5, 0x00, 0x00, 0x00, 0x6f, 0x60, 0x0f, 0xd0, 0xaf, 0x20, 0x08, 0xf5, 0x00,
    0x00, 0x00, 0x7f, 0x50, 0x0f, 0xd0, 0xaf, 0x20, 0x08, 0xf5, 0x00, 0x00, 0x00, 0x8f, 0x40, 0x0f,
    0xc0, 0xaf, 0x20, 0x08, 0xf5, 0x00, 0x00, 0x00, 0x9f, 0x30, 0x1f, 0xc0, 0xaf, 0x20, 0x08, 0xf5,
    0x00, 0x00, 0x00, 0xbf, 0x20, 0x1f, 0xc0, 0xaf, 0x20, 0x08, 0xf5, 0x00, 0x00, 0x00, 0xde, 0x00,
    0x1f, 0xb0, 0xaf, 0x20, 0x08, 0xf5, 0x00, 0x00, 0x01, 0xfc, 0x00, 0x2f, 0xb0, 0xaf, 0x20, 0x08,
    0xf5, 0x00, 0x00, 0x04, 0xf9, 0x00, 0x3f, 0xa0, 0xaf, 0x20, 0x08, 0xf5, 0x00, 0x00, 0x09, 0xf5,
    0x00, 0x4f, 0x90, 0xaf, 0x20, 0x08, 0xf5, 0x00, 0x00, 0x0e, 0xf1, 0x00, 0x5f, 0x80, 0xaf, 0x20,
    0x08, 0xf5, 0x00, 0x00, 0x7f, 0xa0, 0x00, 0x9f, 0x60, 0xaf, 0xff, 0xff, 0xf5, 0x00, 0x02, 0xff,
    0x34, 0xdd, 0xff, 0x30, 0xaf, 0xdc, 0xce, 0xf5, 0x00, 0x02, 0xd8, 0x00, 0xef, 0xe7, 0x00, 0xaf,
    0x20, 0x08, 0xf5, 0x00, 0x00, 0x21, 0x00, 0x01, 0x00, 0x00, 0x46, 0x10, 0x02, 0x31, 0x00, 0x00,
    0x00, 0x00, 0x00, 0x00, 0x00, 0x00, 0x00, 0x00, 0x00, 0x00, 0x00, 0x00, 0x00, 0x00, 0x00, 0x00,
    0x00, 0x00, 0x00, 0x00, 0x00, 0x00, 0x00, 0x00, 0x00, 0x00, 0x00, 0x01, 0x53, 0x00, 0x00, 0x00,
    0x00, 0x00, 0x00, 0x00, 0x00, 0x00, 0x04, 0xf9, 0x00, 0x00, 0x00, 0x00, 0x4f, 0xff, 0xff, 0xff,
    0x70, 0x04, 0xf9, 0x00, 0x00, 0x00, 0x00, 0x3a, 0xaa, 0xaa, 0xaa, 0x50, 0x04, 0xf9, 0x00, 0x00,
    0x00, 0x00, 0x00, 0x00, 0x00, 0x00, 0x00, 0x05, 0xf8, 0x00, 0x00, 0x00, 0x00, 0x00, 0x00, 0x00,
    0x00, 0x0d, 0xff, 0xff, 0xff, 0xfe, 0x00, 0x00, 0x00, 0x00, 0x00, 0x00, 0x0b, 0xcd, 0xfe, 0xcc,
    0xfe, 0x00, 0x00, 0xff, 0xff, 0xff, 0xff, 0xd0, 0x06, 0xf6, 0x00, 0xee, 0x00, 0x00, 0xbb, 0xdf,
    0xdb, 0xbb, 0x90, 0x08, 0xf5, 0x00, 0xfd, 0x00, 0x00, 0x00, 0x8f, 0x60, 0x00, 0x00, 0x09, 0xf4,
    0x00, 0xfd, 0x00, 0x00, 0x00, 0xcf, 0x20, 0x54, 0x00, 0x0a, 0xf2, 0x01, 0xfc, 0x00, 0x00, 0x01,
    0xfd, 0x00, 0xec, 0x00, 0x0d, 0xf0, 0x01, 0xfb, 0x00, 0x00, 0x04, 0xf8, 0x00, 0x9f, 0x20, 0x1f,
    0xc0, 0x02, 0xfb, 0x00, 0x00, 0x09, 0xf3, 0x00, 0x4f, 0x80, 0x4f, 0x90, 0x03, 0xfa, 0x00, 0x00,
    0x1e, 0xe4, 0x8b, 0xff, 0xd0, 0xaf, 0x60, 0x04, 0xf9, 0x00, 0x00, 0x8f, 0xff, 0xff, 0xed, 0xf3,
    0xef, 0x10, 0x06, 0xf8, 0x00, 0x00, 0x9f, 0xeb, 0x73, 0x06, 0xa9, 0xfa, 0x00, 0x08, 0xf6, 0x00,
    0x00, 0x35, 0x10, 0x00, 0x00, 0x3f, 0xf4, 0x10, 0x1c, 0xf4, 0x00, 0x00, 0x00, 0x00, 0x00, 0x00,
    0xbf, 0x80, 0xdf, 0xff, 0xe0, 0x00, 0x00, 0x00, 0x00, 0x00, 0x00, 0x2a, 0x00, 0x7c, 0xca, 0x30,
    0x00, 0x00, 0x00, 0x00, 0x00, 0x00, 0x00, 0x00, 0x00, 0x00, 0x00, 0x00, 0x00, 0x00, 0x00, 0x00,
    0x00, 0x00, 0x00, 0x00, 0x00, 0x00, 0x00, 0x00, 0x00, 0x00, 0x00, 0x00, 0xbb, 0x00, 0x00, 0x00,
    0x00, 0x00, 0x00, 0x00, 0x00, 0x00, 0x00, 0xff, 0x10, 0x00, 0x00, 0x00, 0x00, 0x00, 0x00, 0x00,
    0x00, 0x00, 0xff, 0x10, 0x00, 0x00, 0x00, 0x00, 0x00, 0x00, 0x00, 0x00, 0x00, 0xff, 0x10, 0x00,
    0x00, 0x00, 0x00, 0x00, 0x00, 0x00, 0x00, 0x00, 0xff, 0x10, 0x00, 0x00, 0x00, 0x00, 0x00, 0x00,
    0x00, 0x00, 0x00, 0xff, 0x10, 0x00, 0x00, 0x00, 0x00, 0x00, 0x00, 0x00, 0x00, 0x00, 0xff, 0x10,
    0x00, 0x00, 0x00, 0x00, 0x00, 0x00, 0x00, 0x00, 0x00, 0xff, 0x10, 0x00, 0x00, 0x00, 0x00, 0x00,
    0xee, 0xee, 0xee, 0xee, 0xff, 0xee, 0xee, 0xee, 0xee, 0x20, 0x00, 0xff, 0xff, 0xff, 0xff, 0xff,
    0xff, 0xff, 0xff, 0xff, 0x20, 0x00, 0x00, 0x00, 0x00, 0x00, 0xff, 0x10, 0x00, 0x00, 0x00, 0x00,
    0x00, 0x00, 0x00, 0x00, 0x00, 0xff, 0x10, 0x00, 0x00, 0x00, 0x00, 0x00, 0x00, 0x00, 0x00, 0x00,
    0xff, 0x10, 0x00, 0x00, 0x00, 0x00, 0x00, 0x00, 0x00, 0x00, 0x00, 0xff, 0x10, 0x00, 0x00, 0x00,
    0x00, 0x00, 0x00, 0x00, 0x00, 0x00, 0xff, 0x10, 0x00, 0x00, 0x00, 0x00, 0x00, 0x00, 0x00, 0x00,
    0x00, 0xff, 0x10, 0x00, 0x00, 0x00, 0x00, 0x00, 0x00, 0x00, 0x00, 0x00, 0xff, 0x10, 0x00, 0x00,
    0x00, 0x00, 0x00, 0x00, 0x00, 0x00, 0x00, 0xff, 0x10, 0x00, 0x00, 0x00, 0x00, 0x00, 0x00, 0x00,
    0x00, 0x00, 0xff, 0x10, 0x00, 0x00, 0x00, 0x00, 0x00, 0x00, 0x00, 0x00, 0x00, 0xbb, 0x00, 0x00,
    0x00, 0x00, 0x00, 0x00, 0x00, 0x00, 0x00, 0x00, 0x00, 0x00, 0x00, 0x00, 0x00, 0x00, 0x00, 0x00,
    0x00, 0x00, 0x00, 0x00, 0x00, 0x00, 0x00, 0x00, 0x00, 0x00, 0x00, 0x00, 0x44, 0x00, 0x00, 0x00,
    0x26, 0x10, 0x00, 0x00, 0x00, 0x00, 0x03, 0xfe, 0x10, 0x00, 0x00, 0x9f, 0xb0, 0x00, 0x00, 0x00,
    0x00, 0x00, 0x9f, 0xa0, 0x00, 0x02, 0xef, 0x20, 0x00, 0x00, 0x00, 0x00, 0x00, 0x1e, 0xe1, 0x00,
    0x0a, 0xf8, 0x00, 0x00, 0x00, 0x00, 0x02, 0xff, 0xff, 0xff, 0xff, 0xff, 0xff, 0xff, 0x50, 0x00,
    0x00, 0x02, 0xfd, 0x99, 0x99, 0xff, 0x99, 0x99, 0xdf, 0x50, 0x00, 0x00, 0x02, 0xfa, 0x00, 0x00,
    0xfe, 0x00, 0x00, 0x9f, 0x50, 0x00, 0x00, 0x02, 0xfd, 0x77, 0x77, 0xff, 0x77, 0x77, 0xcf, 0x50,
    0x00, 0x00, 0x02, 0xff, 0xff, 0xff, 0xff, 0xff, 0xff, 0xff, 0x50, 0x00, 0x00, 0x02, 0xfa, 0x00,
    0x00, 0xfe, 0x00, 0x00, 0x9f, 0x50, 0x00, 0x00, 0x02, 0xfa, 0x00, 0x00, 0xfe, 0x00, 0x00, 0x9f,
    0x50, 0x00, 0x00, 0x02, 0xff, 0xff, 0xff, 0xff, 0xff, 0xff, 0xff, 0x50, 0x00, 0x00, 0x01, 0x99,
    0x99, 0x99, 0xff, 0x99, 0x99, 0x99, 0x30, 0x00, 0x00, 0x00, 0x00, 0x00, 0x00, 0xfe, 0x00, 0x00,
    0x00, 0x00, 0x00, 0x00, 0xbb, 0xbb, 0xbb, 0xbb, 0xff, 0xbb, 0xbb, 0xbb, 0xbb, 0x00, 0x00, 0xff,
    0xff, 0xff, 0xff, 0xff, 0xff, 0xff, 0xff, 0xff, 0x00, 0x00, 0x00, 0x00, 0x00, 0x00, 0xfe, 0x00,
    0x00, 0x00, 0x00, 0x00, 0x00, 0x00, 0x00, 0x00, 0x00, 0xfe, 0x00, 0x00, 0x00, 0x00, 0x00, 0x00,
    0x00, 0x00, 0x00, 0x00, 0xfe, 0x00, 0x00, 0x00, 0x00, 0x00, 0x00, 0x00, 0x00, 0x00, 0x00, 0xba,
    0x00, 0x00, 0x00, 0x00, 0x00, 0x00, 0x00, 0x00, 0x00, 0x00, 0x00, 0x00, 0x00, 0x00, 0x00, 0x00,
    0x00, 0x00, 0x00, 0x00, 0x00, 0x00, 0x00, 0x00, 0x00, 0x00, 0x00, 0x00, 0x00, 0x00, 0x00, 0x00,
    0xaa, 0x00, 0x00, 0x00, 0x00, 0x00, 0x00, 0x00, 0x00, 0x00, 0x00, 0xff, 0x10, 0x00, 0x00, 0x00,
    0x00, 0x00, 0xab, 0xbb, 0xbb, 0xbc, 0xff, 0xcb, 0xbb, 0xbb, 0xba, 0x00, 0x00, 0xdf, 0xff, 0xff,
    0xff, 0xff, 0xff, 0xff, 0xff, 0xfd, 0x00, 0x00, 0x00, 0x00, 0x00, 0x00, 0xff, 0x10, 0x00, 0x00,
    0x00, 0x00, 0x00, 0x00, 0x00, 0x00, 0x00, 0xff, 0x10, 0x00, 0x00, 0x00, 0x00, 0x00, 0x0e, 0xff,
    0xff, 0xff, 0xff, 0xff, 0xff, 0xff, 0xe0, 0x00, 0x00, 0x0e, 0xfb, 0xbb, 0xcb, 0xbb, 0xbc, 0xbb,
    0xbf, 0xe0, 0x00, 0x00, 0x0e, 0xf0, 0x06, 0xe2, 0x00, 0x1e, 0x70, 0x0f, 0xe0, 0x00, 0x00, 0x0e,
    0xf0, 0x03, 0xf9, 0x00, 0x6f, 0x40, 0x0f, 0xe0, 0x00, 0x00, 0x0e, 0xf0, 0x00, 0xba, 0x00, 0xdc,
    0x00, 0x0f, 0xe0, 0x00, 0x00, 0x0e, 0xf0, 0x9f, 0xff, 0xff, 0xff, 0xfa, 0x0f, 0xe0, 0x00, 0x00,
    0x0e, 0xf0, 0x58, 0x88, 0xfe, 0x88, 0x85, 0x0f, 0xe0, 0x00, 0x00, 0x0e, 0xf0, 0x00, 0x00, 0xfc,
    0x00, 0x00, 0x0f, 0xe0, 0x00, 0x00, 0x0e, 0xf0, 0x88, 0x88, 0xfe, 0x88, 0x88, 0x0f, 0xe0, 0x00,
    0x00, 0x0e, 0xf0, 0xff, 0xff, 0xff, 0xff, 0xff, 0x0f, 0xe0, 0x00, 0x00, 0x0e, 0xf0, 0x00, 0x00,
    0xfc, 0x00, 0x00, 0x0f, 0xe0, 0x00, 0x00, 0x0e, 0xf0, 0x00, 0x00, 0xfc, 0x00, 0x00, 0x1f, 0xe0,
    0x00, 0x00, 0x0e, 0xf0, 0x00, 0x00, 0xfc, 0x01, 0xef, 0xff, 0xb0, 0x00, 0x00, 0x08, 0x90, 0x00,
    0x00, 0x32, 0x00, 0x69, 0x96, 0x10, 0x00, 0x00, 0x00, 0x00, 0x00, 0x00, 0x00, 0x00, 0x00, 0x00,
    0x00, 0x00, 0x00, 0x00, 0x00, 0x00, 0x00, 0x00, 0x00, 0x00, 0x00, 0x00, 0x00, 0x00, 0x00, 0xaa,
    0x00, 0x00, 0x00, 0x08, 0x60, 0x63, 0x00, 0x00, 0x00, 0x00, 0xee, 0x00, 0x00, 0x00, 0x0f, 0xa1,
    0xdf, 0x91, 0x00, 0x00, 0x00, 0xee, 0x02, 0x77, 0x77, 0x7f, 0xc7, 0x7d, 0xf7, 0x10, 0x00, 0x00,
    0xee, 0x04, 0xff, 0xff, 0xff, 0xff, 0xff, 0xff, 0x30, 0x00, 0x00, 0xee, 0x00, 0x00, 0x00, 0x0f,
    0xa0, 0x00, 0x00, 0x00, 0x00, 0x00, 0xee, 0x00, 0x3f, 0xff, 0xff, 0xff, 0xff, 0xf3, 0x00, 0x04,
    0xff, 0xff, 0xff, 0x4f, 0x95, 0x5f, 0xc5, 0x5a, 0xf3, 0x00, 0x03, 0xbb, 0xff, 0xbb, 0x4f, 0x83,
    0x3f, 0xb3, 0x39, 0xf3, 0x00, 0x00, 0x00, 0xee, 0x00, 0x3f, 0xff, 0xff, 0xff, 0xff, 0xf3, 0x00,
    0x00, 0x00, 0xee, 0x00, 0x3f, 0x94, 0x5f, 0xc4, 0x4a, 0xf3, 0x00, 0x00, 0x00, 0xee, 0x00, 0x3f,
    0xee, 0xef, 0xfe, 0xee, 0xf3, 0x00, 0x00, 0x00, 0xee, 0x00, 0x3f, 0x70, 0x0f, 0xa3, 0x7a, 0xf3,
    0x00, 0x00, 0x00, 0xee, 0x00, 0x01, 0x10, 0x00, 0x07, 0xf5, 0x00, 0x00, 0x00, 0x00, 0xee, 0x07,
    0x99, 0x99, 0x99, 0x9c, 0xfb, 0x99, 0x30, 0x00, 0x00, 0xee, 0x0b, 0xff, 0xff, 0xff, 0xff, 0xff,
    0xff, 0x50, 0x00, 0x00, 0xee, 0x00, 0x05, 0xd4, 0x00, 0x07, 0xf5, 0x00, 0x00, 0x00, 0x00, 0xee,
    0x00, 0x02, 0xdf, 0x50, 0x07, 0xf5, 0x00, 0x00, 0x00, 0x00, 0xee, 0x00, 0x00, 0x2e, 0xb0, 0x08,
    0xf5, 0x00, 0x00, 0x00, 0x00, 0xee, 0x00, 0x00, 0x02, 0x0c, 0xff, 0xf3, 0x00, 0x00, 0x00, 0x00,
    0xba, 0x00, 0x00, 0x00, 0x04, 0x87, 0x40, 0x00, 0x00, 0x00, 0x00, 0x00, 0x00, 0x00, 0x00, 0x00,
    0x00, 0x00, 0x00, 0x00, 0x00, 0x00, 0x00, 0x00, 0x00, 0x00, 0x00, 0x00, 0x00, 0x00, 0x00, 0x00,
    0x00, 0x00, 0x00, 0x00, 0x00, 0x00, 0x00, 0x00, 0x00, 0x00, 0x00, 0xcf, 0xff, 0xff, 0xfe, 0x3f,
    0xff, 0xff, 0xff, 0xf6, 0x00, 0x00, 0xac, 0xcc, 0xcc, 0xfe, 0x2e, 0xfc, 0xcc, 0xce, 0xf5, 0x00,
    0x00, 0x00, 0x00, 0x01, 0xfc, 0x0b, 0xf1, 0x00, 0x0b, 0xf3, 0x00, 0x00, 0x01, 0x00, 0x03, 0xf9,
    0x08, 0xf4, 0x00, 0x0e, 0xf1, 0x00, 0x00, 0x5e, 0x40, 0x06, 0xf7, 0x05, 0xf7, 0x00, 0x2f, 0xc0,
    0x00, 0x00, 0x4f, 0xe2, 0x09, 0xf5, 0x02, 0xfa, 0x00, 0x6f, 0x80, 0x00, 0x00, 0x08, 0xfc, 0x0d,
    0xf1, 0x00, 0xee, 0x00, 0xaf, 0x50, 0x00, 0x00, 0x00, 0xbf, 0xbf, 0xb0, 0x00, 0xaf, 0x42, 0xfe,
    0x10, 0x00, 0x00, 0x00, 0x2e, 0xff, 0x70, 0x00, 0x5f, 0x97, 0xfa, 0x00, 0x00, 0x00, 0x00, 0x05,
    0xff, 0x40, 0x00, 0x1e, 0xed, 0xf4, 0x00, 0x00, 0x00, 0x00, 0x04, 0xff, 0xa0, 0x00, 0x0a, 0xff,
    0xc0, 0x00, 0x00, 0x00, 0x00, 0x0c, 0xff, 0xf5, 0x00, 0x05, 0xff, 0x40, 0x00, 0x00, 0x00, 0x00,
    0x6f, 0xd7, 0xfd, 0x00, 0x1c, 0xff, 0x80, 0x00, 0x00, 0x00, 0x01, 0xdf, 0x50, 0xdf, 0x50, 0xbf,
    0xef, 0xf4, 0x00, 0x00, 0x00, 0x0b, 0xfb, 0x00, 0x57, 0x1a, 0xfe, 0x38, 0xfe, 0x40, 0x00, 0x00,
    0xaf, 0xe2, 0x00, 0x05, 0xef, 0xe3, 0x00, 0xbf, 0xf7, 0x00, 0x02, 0xee, 0x30, 0x00, 0x09, 0xfc,
    0x20, 0x00, 0x1a, 0xfc, 0x10, 0x00, 0x43, 0x00, 0x00, 0x01, 0x70, 0x00, 0x00, 0x00, 0x72, 0x00,
    0x00, 0x00, 0x00, 0x00, 0x00, 0x00, 0x00, 0x00, 0x00, 0x00, 0x00, 0x00, 0x00, 0x00, 0x00, 0x00,
    0x00, 0x00, 0x00, 0x00, 0x00, 0x00, 0x00, 0x00, 0x01, 0x00, 0x01, 0xb8, 0x00, 0x04, 0x10, 0x00,
    0x00, 0x00, 0x00, 0x0d, 0xe2, 0x04, 0xfd, 0x00, 0x5f, 0xb0, 0x00, 0x00, 0x00, 0x00, 0x3f, 0xc0,
    0x06, 0xfb, 0x00, 0x0a, 0xf9, 0x00, 0x00, 0x00, 0x00, 0x8f, 0x70, 0x09, 0xf8, 0x00, 0x01, 0xde,
    0x20, 0x00, 0x00, 0x01, 0xef, 0x10, 0x0b, 0xf6, 0x00, 0x00, 0x32, 0x00, 0x00, 0x00, 0x0a, 0xff,
    0xff, 0xff, 0xff, 0xff, 0xff, 0xff, 0xfb, 0x00, 0x00, 0x07, 0xed, 0xcc, 0xdf, 0xec, 0xcc, 0xcc,
    0xcc, 0xc9, 0x00, 0x00, 0x01, 0x00, 0x00, 0x9f, 0x90, 0x00, 0x00, 0x00, 0x00, 0x00, 0x00, 0x00,
    0x00, 0x01, 0xef, 0x50, 0x00, 0x00, 0x00, 0x00, 0x00, 0x00, 0x00, 0x00, 0x06, 0xff, 0xff, 0xff,
    0xff, 0xfc, 0x10, 0x00, 0x00, 0x00, 0x00, 0x0d, 0xff, 0xdd, 0xdd, 0xde, 0xfc, 0x00, 0x00, 0x00,
    0x00, 0x00, 0x7f, 0xff, 0x40, 0x00, 0x0c, 0xf5, 0x00, 0x00, 0x00, 0x00, 0x02, 0xef, 0x9e, 0xd1,
    0x00, 0x6f, 0xd0, 0x00, 0x00, 0x00, 0x00, 0x1d, 0xfb, 0x05, 0xfb, 0x04, 0xff, 0x40, 0x00, 0x00,
    0x00, 0x01, 0xcf, 0xd1, 0x00, 0x9f, 0xbe, 0xf6, 0x00, 0x00, 0x00, 0x00, 0x3d, 0xfe, 0x30, 0x00,
    0x1e, 0xff, 0xa0, 0x00, 0x00, 0x00, 0x03, 0xff, 0xc2, 0x00, 0x04, 0xcf, 0xff, 0xfa, 0x30, 0x00,
    0x00, 0x00, 0x9a, 0x10, 0x27, 0xcf, 0xfc, 0x36, 0xef, 0xfc, 0x73, 0x00, 0x00, 0x00, 0x01, 0xef,
    0xfc, 0x50, 0x00, 0x18, 0xef, 0xfe, 0x20, 0x00, 0x00, 0x00, 0x58, 0x30, 0x00, 0x00, 0x00, 0x04,
    0x86, 0x00, 0x00, 0x00, 0x00, 0x00, 0x00, 0x00, 0x00, 0x00, 0x00, 0x00, 0x00, 0x00, 0x00, 0x00,
    0x00, 0x00, 0x00, 0x00, 0x00, 0x00, 0x00, 0x00, 0x01, 0xaa, 0xaa, 0xaa, 0xaa, 0xa0, 0x00, 0x00,
    0x00, 0x00, 0x00, 0x01, 0xff, 0xff, 0xff, 0xff, 0xf6, 0x66, 0x66, 0x66, 0x75, 0x00, 0x00, 0x0c,
    0xf0, 0x02, 0xfb, 0x0d, 0xff, 0xff, 0xff, 0xf9, 0x00, 0x00, 0x0c, 0xf0, 0x02, 0xfb, 0x00, 0xec,
    0x00, 0x05, 0xf7, 0x00, 0x00, 0x0c, 0xf9, 0x9a, 0xfb, 0x00, 0xaf, 0x00, 0x09, 0xf4, 0x00, 0x00,
    0x0c, 0xff, 0xff, 0xfb, 0x00, 0x7f, 0x30, 0x0c, 0xf1, 0x00, 0x00, 0x0c, 0xf0, 0x02, 0xfb, 0x00,
    0x4f, 0x60, 0x0f, 0xd0, 0x00, 0x00, 0x0c, 0xf0, 0x02, 0xfb, 0x00, 0x1f, 0x90, 0x4f, 0x90, 0x00,
    0x00, 0x0c, 0xf0, 0x02, 0xfb, 0x00, 0x0d, 0xe0, 0x9f, 0x50, 0x00, 0x00, 0x0c, 0xff, 0xff, 0xfb,
    0x00, 0x08, 0xf5, 0xee, 0x10, 0x00, 0x00, 0x0c, 0xf9, 0x9a, 0xfb, 0x00, 0x02, 0xfd, 0xfa, 0x00,
    0x00, 0x00, 0x0c, 0xf0, 0x02, 0xfb, 0x00, 0x00, 0xcf, 0xf4, 0x00, 0x00, 0x00, 0x0c, 0xf0, 0x02,
    0xfc, 0x63, 0x00, 0x8f, 0xc0, 0x00, 0x00, 0x00, 0x2d, 0xf8, 0xad, 0xff, 0xf6, 0x01, 0xdf, 0xf3,
    0x00, 0x00, 0x03, 0xff, 0xff, 0xfe, 0xfd, 0x51, 0x0a, 0xfe, 0xfc, 0x00, 0x00, 0x00, 0xca, 0x74,
    0x12, 0xfb, 0x00, 0x7f, 0xd1, 0xcf, 0xa0, 0x00, 0x00, 0x00, 0x00, 0x02, 0xfb, 0x09, 0xff, 0x30,
    0x2e, 0xfb, 0x10, 0x00, 0x00, 0x00, 0x02, 0xfb, 0x3f, 0xe4, 0x00, 0x03, 0xed, 0x20, 0x00, 0x00,
    0x00, 0x01, 0xa7, 0x06, 0x30, 0x00, 0x00, 0x23, 0x00, 0x00, 0x00, 0x00, 0x00, 0x00, 0x00, 0x00,
    0x00, 0x00, 0x00, 0x00, 0x00, 0x00, 0x00, 0x00, 0x00, 0x00, 0x00, 0x00, 0x00, 0x00, 0x00, 0x00,
    0x00, 0x00, 0x00, 0x19, 0x60, 0x00, 0x00, 0x00, 0x00, 0x00, 0x00, 0x00, 0x00, 0x00, 0x5f, 0xb0,
    0x00, 0x00, 0x00, 0x00, 0x00, 0x00, 0x00, 0x00, 0x00, 0x9f, 0x70, 0x00, 0x00, 0x00, 0x00, 0x00,
    0x00, 0x00, 0x00, 0x00, 0xcf, 0x30, 0x00, 0x00, 0x00, 0x00, 0x00, 0x00, 0xac, 0xcc, 0xcc, 0xff,
    0xdc, 0xcc, 0xcc, 0xcc, 0xca, 0x00, 0x00, 0xcf, 0xff, 0xff, 0xff, 0xff, 0xff, 0xff, 0xff, 0xfc,
    0x00, 0x00, 0x00, 0x00, 0x0d, 0xf3, 0x00, 0x00, 0x00, 0x00, 0x00, 0x00, 0x00, 0x00, 0x00, 0x4f,
    0xc0, 0x00, 0x00, 0x00, 0x00, 0x00, 0x00, 0x00, 0x00, 0x00, 0xbf, 0x50, 0x00, 0x00, 0x00, 0x00,
    0x00, 0x00, 0x00, 0x00, 0x04, 0xfe, 0x00, 0x00, 0x00, 0x00, 0x00, 0x00, 0x00, 0x00, 0x00, 0x0d,
    0xff, 0xff, 0xff, 0xff, 0xff, 0xff, 0x60, 0x00, 0x00, 0x00, 0x9f, 0xff, 0xdc, 0xcc, 0xcc, 0xcc,
    0xef, 0x60, 0x00, 0x00, 0x07, 0xfe, 0xdf, 0x20, 0x00, 0x00, 0x00, 0x9f, 0x60, 0x00, 0x00, 0x8f,
    0xf4, 0xbf, 0x20, 0x00, 0x00, 0x00, 0x9f, 0x60, 0x00, 0x04, 0xff, 0x60, 0xbf, 0x20, 0x00, 0x00,
    0x00, 0x9f, 0x60, 0x00, 0x00, 0x85, 0x00, 0xbf, 0x20, 0x00, 0x00, 0x00, 0x9f, 0x60, 0x00, 0x00,
    0x00, 0x00, 0xbf, 0x20, 0x00, 0x00, 0x00, 0x9f, 0x60, 0x00, 0x00, 0x00, 0x00, 0xbf, 0xff, 0xff,
    0xff, 0xff, 0xff, 0x60, 0x00, 0x00, 0x00, 0x00, 0xbf, 0xdc, 0xcc, 0xcc, 0xcc, 0xef, 0x60, 0x00,
    0x00, 0x00, 0x00, 0xad, 0x20, 0x00, 0x00, 0x00, 0x7b, 0x50, 0x00, 0x00, 0x00, 0x00, 0x00, 0x00,
    0x00, 0x00, 0x00, 0x00, 0x00, 0x00, 0x00, 0x00, 0x00, 0x00, 0x00, 0x00, 0x00, 0x00, 0x00, 0x00,
    0x00, 0x00, 0x00, 0x00, 0x00, 0x00, 0x00, 0x05, 0x72, 0x00, 0x00, 0x00, 0x00, 0x00, 0x00, 0x00,
    0x00, 0x00, 0x0b, 0xf4, 0x00, 0x00, 0x00, 0x00, 0x6b, 0xbb, 0xbb, 0x70, 0x00, 0x0b, 0xf4, 0x00,
    0x00, 0x00, 0x00, 0x8f, 0xff, 0xff, 0x90, 0x00, 0x0b, 0xf4, 0x00, 0x00, 0x00, 0x00, 0x8f, 0x30,
    0x3f, 0x90, 0x00, 0x0b, 0xf4, 0x00, 0x00, 0x00, 0x00, 0x8f, 0x30, 0x3f, 0x90, 0x00, 0x0b, 0xf4,
    0x00, 0x00, 0x00, 0x00, 0x8f, 0x30, 0x3f, 0x90, 0x00, 0x0b, 0xf4, 0x00, 0x00, 0x00, 0x00, 0x8f,
    0x30, 0x3f, 0xed, 0xdd, 0xde, 0xfe, 0xdd, 0xdd, 0x40, 0x00, 0x8f, 0x30, 0x3f, 0xff, 0xff, 0xff,
    0xff, 0xff, 0xff, 0x50, 0x00, 0x8f, 0x30, 0x3f, 0x90, 0x00, 0x0b, 0xf4, 0x00, 0x00, 0x00, 0x00,
    0x8f, 0x30, 0x3f, 0x90, 0x00, 0x0b, 0xf4, 0x00, 0x00, 0x00, 0x00, 0x8f, 0x30, 0x3f, 0x90, 0x00,
    0x0b, 0xf4, 0x00, 0x00, 0x00, 0x00, 0x8f, 0xcb, 0xcf, 0x90, 0x00, 0x0b, 0xf4, 0x00, 0x00, 0x00,
    0x00, 0x8f, 0xff, 0xff, 0x90, 0x00, 0x0b, 0xf4, 0x00, 0x00, 0x00, 0x00, 0x8f, 0x30, 0x00, 0x00,
    0x00, 0x0b, 0xf4, 0x00, 0x00, 0x00, 0x00, 0x7c, 0x20, 0x00, 0x00, 0x00, 0x0b, 0xf4, 0x00, 0x00,
    0x00, 0x00, 0x00, 0x00, 0x00, 0x00, 0x00, 0x0b, 0xf4, 0x00, 0x00, 0x00, 0x00, 0x00, 0x00, 0x00,
    0x00, 0x00, 0x0b, 0xf4, 0x00, 0x00, 0x00, 0x00, 0x00, 0x00, 0x00, 0x00, 0x00, 0x0b, 0xf4, 0x00,
    0x00, 0x00, 0x00, 0x00, 0x00, 0x00, 0x00, 0x00, 0x07, 0xb3, 0x00, 0x00, 0x00, 0x00, 0x00, 0x00,
    0x00, 0x00, 0x00, 0x00, 0x00, 0x00, 0x00, 0x00, 0x00, 0x00, 0x00, 0x00, 0x00, 0x00, 0x00, 0x00,
    0x00, 0x00, 0x00, 0x00, 0x00, 0x6f, 0xff, 0xff, 0xff, 0xff, 0xff, 0xf6, 0x00, 0x00, 0x00, 0x00,
    0x6f, 0xca, 0xaa, 0xaa, 0xaa, 0xad, 0xf6, 0x00, 0x00, 0x00, 0x00, 0x6f, 0x70, 0x00, 0x00, 0x00,
    0x09, 0xf6, 0x00, 0x00, 0x00, 0x00, 0x6f, 0x70, 0x00, 0x00, 0x00, 0x09, 0xf6, 0x00, 0x00, 0x00,
    0x00, 0x6f, 0xca, 0xaa, 0xaa, 0xaa, 0xad, 0xf6, 0x00, 0x00, 0x00, 0x00, 0x6f, 0xff, 0xff, 0xff,
    0xff, 0xff, 0xf6, 0x00, 0x00, 0x00, 0x00, 0x00, 0x00, 0x00, 0x00, 0x00, 0x00, 0x00, 0x00, 0x00,
    0x00, 0x00, 0x00, 0x00, 0x00, 0x00, 0x00, 0x00, 0x00, 0x00, 0x00, 0x00, 0xdf, 0xff, 0xff, 0xff,
    0xff, 0xff, 0xff, 0xff, 0xfb, 0x00, 0x00, 0x9b, 0xbb, 0xff, 0xcb, 0xbb, 0xbb, 0xbb, 0xbb, 0xb8,
    0x00, 0x00, 0x00, 0x03, 0xfe, 0x00, 0x00, 0x00, 0x00, 0x00, 0x00, 0x00, 0x00, 0x00, 0x09, 0xfe,
    0xbb, 0xbb, 0xbb, 0xbb, 0xb5, 0x00, 0x00, 0x00, 0x00, 0x1e, 0xff, 0xff, 0xff, 0xff, 0xff, 0xf5,
    0x00, 0x00, 0x00, 0x00, 0x00, 0x00, 0x00, 0x00, 0x00, 0x0d, 0xf2, 0x00, 0x00, 0x00, 0x00, 0x00,
    0x00, 0x00, 0x00, 0x00, 0x1f, 0xf0, 0x00, 0x00, 0x00, 0x00, 0x00, 0x00, 0x00, 0x00, 0x00, 0x5f,
    0xc0, 0x00, 0x00, 0x00, 0x00, 0x00, 0x00, 0x01, 0x21, 0x01, 0xbf, 0x80, 0x00, 0x00, 0x00, 0x00,
    0x00, 0x00, 0x01, 0xef, 0xff, 0xfe, 0x20, 0x00, 0x00, 0x00, 0x00, 0x00, 0x00, 0x00, 0x8b, 0xbb,
    0x93, 0x00, 0x00, 0x00, 0x00, 0x00, 0x00, 0x00, 0x00, 0x00, 0x00, 0x00, 0x00, 0x00, 0x00, 0x00,
    0x00, 0x00, 0x00, 0x00, 0x00, 0x00, 0x00, 0x00, 0x00, 0x00, 0x00, 0x00, 0x00, 0x00, 0x00, 0x00,
    0x00, 0x14, 0x76, 0x00, 0x00, 0x00, 0x00, 0x12, 0x35, 0x67, 0x8a, 0xce, 0xff, 0xff, 0x70, 0x00,
    0x00, 0x02, 0xff, 0xff, 0xff, 0xff, 0xfd, 0xb8, 0x63, 0x00, 0x00, 0x00, 0x02, 0xfe, 0x86, 0x54,
    0x21, 0x00, 0x00, 0x00, 0x00, 0x00, 0x00, 0x02, 0xfd, 0x00, 0x00, 0x00, 0x00, 0x00, 0x00, 0x00,
    0x00, 0x00, 0x02, 0xfd, 0x00, 0x00, 0x00, 0x00, 0x00, 0x00, 0x00, 0x00, 0x00, 0x02, 0xff, 0xcc,
    0xcc, 0xcc, 0xcc, 0xcc, 0xcc, 0xcc, 0x20, 0x00, 0x02, 0xff, 0xff, 0xff, 0xff, 0xff, 0xff, 0xff,
    0xff, 0x30, 0x00, 0x02, 0xfd, 0x00, 0x00, 0x00, 0x00, 0x00, 0x00, 0x00, 0x00, 0x00, 0x02, 0xfc,
    0x00, 0x00, 0x00, 0x00, 0x00, 0x00, 0x00, 0x00, 0x00, 0x03, 0xfb, 0x00, 0x00, 0x00, 0x00, 0x00,
    0x00, 0x00, 0x00, 0x00, 0x04, 0xfa, 0x0b, 0xff, 0xff, 0xff, 0xff, 0xff, 0xc0, 0x00, 0x00, 0x06,
    0xf8, 0x0b, 0xfc, 0xbb, 0xbb, 0xbb, 0xcf, 0xc0, 0x00, 0x00, 0x08, 0xf6, 0x0b, 0xf3, 0x00, 0x00,
    0x00, 0x3f, 0xc0, 0x00, 0x00, 0x0c, 0xf3, 0x0b, 0xf3, 0x00, 0x00, 0x00, 0x3f, 0xc0, 0x00, 0x00,
    0x1f, 0xe0, 0x0b, 0xf3, 0x00, 0x00, 0x00, 0x3f, 0xc0, 0x00, 0x00, 0x6f, 0xa0, 0x0b, 0xf3, 0x00,
    0x00, 0x00, 0x3f, 0xc0, 0x00, 0x01, 0xef, 0x50, 0x0b, 0xff, 0xff, 0xff, 0xff, 0xff, 0xc0, 0x00,
    0x04, 0xfc, 0x00, 0x0b, 0xfc, 0xcc, 0xcc, 0xcc, 0xcf, 0xc0, 0x00, 0x00, 0x44, 0x00, 0x08, 0xb2,
    0x00, 0x00, 0x00, 0x2b, 0x90, 0x00, 0x00, 0x00, 0x00, 0x00, 0x00, 0x00, 0x00, 0x00, 0x00, 0x00,
    0x00, 0x00, 0x00, 0x00, 0x00, 0x00, 0x00, 0x00, 0x00, 0x00, 0x00, 0x00, 0x00, 0x00, 0x00, 0x00,
    0x06, 0x95, 0x00, 0x00, 0x00, 0x00, 0x00, 0x00, 0x00, 0x00, 0x00, 0x0c, 0xf9, 0x00, 0x00, 0x00,
    0x00, 0x00, 0x00, 0x00, 0x00, 0x00, 0x2f, 0xf2, 0x00, 0x00, 0x00, 0x00, 0x00, 0x00, 0x00, 0x00,
    0x00, 0x7f, 0xb0, 0x00, 0x00, 0x00, 0x00, 0x00, 0x00, 0x2f, 0xff, 0xff, 0xff, 0xff, 0xff, 0xff,
    0xff, 0xf3, 0x00, 0x00, 0x2f, 0xfd, 0xdd, 0xdd, 0xdd, 0xdd, 0xdd, 0xde, 0xf3, 0x00, 0x00, 0x2f,
    0xb0, 0x00, 0x00, 0x00, 0x00, 0x00, 0x0a, 0xf3, 0x00, 0x00, 0x2f, 0xb0, 0x00, 0x00, 0x00, 0x00,
    0x00, 0x0a, 0xf3, 0x00, 0x00, 0x2f, 0xb0, 0x09, 0xaa, 0xaa, 0xaa, 0x90, 0x0a, 0xf3, 0x00, 0x00,
    0x2f, 0xb0, 0x0e, 0xff, 0xff, 0xff, 0xe0, 0x0a, 0xf3, 0x00, 0x00, 0x2f, 0xb0, 0x0e, 0xc0, 0x00,
    0x0c, 0xe0, 0x0a, 0xf3, 0x00, 0x00, 0x2f, 0xb0, 0x0e, 0xc0, 0x00, 0x0c, 0xe0, 0x0a, 0xf3, 0x00,
    0x00, 0x2f, 0xb0, 0x0e, 0xc0, 0x00, 0x0c, 0xe0, 0x0a, 0xf3, 0x00, 0x00, 0x2f, 0xb0, 0x0e, 0xea,
    0xaa, 0xae, 0xe0, 0x0a, 0xf3, 0x00, 0x00, 0x2f, 0xb0, 0x0e, 0xff, 0xff, 0xff, 0xe0, 0x0a, 0xf3,
    0x00, 0x00, 0x2f, 0xb0, 0x0e, 0xc0, 0x00, 0x00, 0x00, 0x0a, 0xf3, 0x00, 0x00, 0x2f, 0xb0, 0x0c,
    0xa0, 0x00, 0x00, 0x00, 0x0a, 0xf3, 0x00, 0x00, 0x2f, 0xb0, 0x00, 0x00, 0x00, 0x00, 0x00, 0x0b,
    0xf3, 0x00, 0x00, 0x2f, 0xb0, 0x00, 0x00, 0x00, 0x02, 0xff, 0xff, 0xf1, 0x00, 0x00, 0x2d, 0xa0,
    0x00, 0x00, 0x00, 0x00, 0xbd, 0xda, 0x40, 0x00, 0x00, 0x00, 0x00, 0x00, 0x00, 0x00, 0x00, 0x00,
    0x00, 0x00, 0x00, 0x00, 0x00, 0x00, 0x00, 0x00, 0x00, 0x00, 0x00, 0x00, 0x00, 0x00, 0x00, 0x00,
    0x00, 0x00, 0x02, 0x86, 0x00, 0x00, 0x00, 0x00, 0x00, 0x00, 0x00, 0x00, 0x00, 0x02, 0xfe, 0x10,
    0x00, 0x00, 0x00, 0x00, 0x00, 0x00, 0x00, 0x00, 0x00, 0xbf, 0x60, 0x00, 0x00, 0x00, 0x00, 0x00,
    0x00, 0xbb, 0xbb, 0xbb, 0xdf, 0xdb, 0xbb, 0xbb, 0x60, 0x00, 0x00, 0x00, 0xff, 0xff, 0xff, 0xff,
    0xff, 0xff, 0xff, 0x80, 0x00, 0x00, 0x00, 0xfe, 0x00, 0x00, 0x00, 0x00, 0x00, 0x5f, 0x80, 0x00,
    0x00, 0x00, 0xfe, 0x00, 0x00, 0x00, 0x00, 0x00, 0x5f, 0x80, 0x00, 0x00, 0x00, 0xff, 0xbb, 0xbb,
    0xbb, 0xbb, 0xbb, 0xdf, 0x80, 0x00, 0x00, 0x00, 0xff, 0xff, 0xff, 0xff, 0xff, 0xff, 0xff, 0x80,
    0x00, 0x00, 0x01, 0xfd, 0x00, 0x00, 0x00, 0x00, 0x00, 0x00, 0x00, 0x00, 0x00, 0x01, 0xfc, 0x00,
    0x00, 0x00, 0x00, 0x00, 0x00, 0x00, 0x00, 0x00, 0x02, 0xfc, 0x4b, 0xbb, 0xbb, 0xbb, 0xbb, 0xbb,
    0xb0, 0x00, 0x00, 0x04, 0xfa, 0x6f, 0xff, 0xff, 0xff, 0xff, 0xff, 0xe0, 0x00, 0x00, 0x06, 0xf8,
    0x6f, 0x70, 0x00, 0x00, 0x00, 0x0f, 0xe0, 0x00, 0x00, 0x09, 0xf6, 0x6f, 0x70, 0x00, 0x00, 0x00,
    0x0f, 0xe0, 0x00, 0x00, 0x0d, 0xf2, 0x6f, 0x70, 0x00, 0x00, 0x00, 0x0f, 0xe0, 0x00, 0x00, 0x3f,
    0xd0, 0x6f, 0x70, 0x00, 0x00, 0x00, 0x0f, 0xe0, 0x00, 0x00, 0xbf, 0x80, 0x6f, 0xff, 0xff, 0xff,
    0xff, 0xff, 0xe0, 0x00, 0x03, 0xfe, 0x10, 0x6f, 0xdb, 0xbb, 0xbb, 0xbb, 0xbf, 0xe0, 0x00, 0x00,
    0x56, 0x00, 0x4b, 0x50, 0x00, 0x00, 0x00, 0x0b, 0xb0, 0x00, 0x00, 0x00, 0x00, 0x00, 0x00, 0x00,
    0x00, 0x00, 0x00, 0x00, 0x00, 0x00, 0x00, 0x00, 0x00, 0x00, 0x00, 0x00, 0x00, 0x00, 0x00, 0x00,
    0x00, 0x00, 0x00, 0x00, 0x7b, 0xbb, 0xbb, 0xbb, 0xb6, 0x00, 0x00, 0x00, 0x6b, 0xbb, 0xb8, 0xaf,
    0xff, 0xff, 0xff, 0xf5, 0x00, 0x00, 0x00, 0x8f, 0xff, 0xfb, 0x00, 0x8f, 0x30, 0x0a, 0xf2, 0x00,
    0x00, 0x00, 0x8f, 0x10, 0xeb, 0x00, 0x9f, 0x30, 0x0d, 0xe0, 0x00, 0x00, 0x00, 0x8f, 0x10, 0xeb,
    0x00, 0xaf, 0x20, 0x2f, 0xa0, 0x00, 0x00, 0x00, 0x8f, 0x10, 0xeb, 0x00, 0xbf, 0x10, 0x5f, 0x70,
    0x00, 0x00, 0x00, 0x8f, 0x10, 0xeb, 0x00, 0xce, 0x00, 0x9f, 0xca, 0xa3, 0x00, 0x00, 0x8f, 0x10,
    0xeb, 0x00, 0xef, 0x20, 0xdf, 0xff, 0xf6, 0x00, 0x00, 0x8f, 0x10, 0xeb, 0x02, 0xff, 0x80, 0x00,
    0x0b, 0xf1, 0x00, 0x00, 0x8f, 0x10, 0xeb, 0x04, 0xff, 0xe1, 0x00, 0x1f, 0xb0, 0x00, 0x00, 0x8f,
    0x10, 0xeb, 0x07, 0xfc, 0xf7, 0x00, 0x7f, 0x70, 0x00, 0x00, 0x8f, 0xcb, 0xfb, 0x0a, 0xf2, 0xcf,
    0x31, 0xee, 0x10, 0x00, 0x00, 0x8f, 0xff, 0xfb, 0x1e, 0xc0, 0x3f, 0xc9, 0xf7, 0x00, 0x00, 0x00,
    0x8f, 0x10, 0x00, 0x5f, 0x80, 0x09, 0xff, 0xd0, 0x00, 0x00, 0x00, 0x8f, 0x10, 0x00, 0xbf, 0x30,
    0x04, 0xff, 0xb0, 0x00, 0x00, 0x00, 0x00, 0x00, 0x05, 0xfc, 0x00, 0x3e, 0xff, 0xfb, 0x10, 0x00,
    0x00, 0x00, 0x00, 0x1e, 0xf5, 0x07, 0xef, 0x93, 0xdf, 0xe7, 0x10, 0x00, 0x00, 0x00, 0x8f, 0xa0,
    0x4f, 0xf8, 0x00, 0x1b, 0xfe, 0x20, 0x00, 0x00, 0x00, 0x07, 0x10, 0x06, 0x30, 0x00, 0x00, 0x44,
    0x00, 0x00, 0x00, 0x00, 0x00, 0x00, 0x00, 0x00, 0x00, 0x00, 0x00, 0x00, 0x00, 0x00, 0x00, 0x00,
    0x00, 0x00, 0x00, 0x00, 0x00, 0x00, 0x00, 0x00, 0x00, 0x00, 0x00, 0x00, 0x00, 0x00, 0x00, 0x02,
    0x20, 0x00, 0x00, 0x00, 0x00, 0x00, 0x00, 0x00, 0x24, 0x69, 0xcf, 0xc1, 0x00, 0x00, 0x7b, 0xbb,
    0xb6, 0x6b, 0xdf, 0xff, 0xff, 0xfe, 0xb4, 0x00, 0x00, 0x9f, 0xff, 0xf9, 0x5e, 0xdc, 0xae, 0xf6,
    0x20, 0x00, 0x00, 0x00, 0x9f, 0x12, 0xf9, 0x01, 0x20, 0x0c, 0xf1, 0x03, 0x72, 0x00, 0x00, 0x9f,
    0x12, 0xf9, 0x0e, 0xc0, 0x0c, 0xf1, 0x09, 0xf5, 0x00, 0x00, 0x9f, 0x12, 0xf9, 0x09, 0xf3, 0x0c,
    0xf1, 0x0e, 0xe0, 0x00, 0x00, 0x9f, 0x12, 0xf9, 0x03, 0xf8, 0x0c, 0xf1, 0x4f, 0x80, 0x00, 0x00,
    0x9f, 0x12, 0xf9, 0x00, 0xec, 0x0c, 0xf1, 0xbf, 0x10, 0x00, 0x00, 0x9f, 0x12, 0xf9, 0x00, 0x74,
    0x0c, 0xf1, 0x67, 0x00, 0x00, 0x00, 0x9f, 0x12, 0xf9, 0x8c, 0xcc, 0xce, 0xfc, 0xcc, 0xcc, 0x20,
    0x00, 0x9f, 0x12, 0xf9, 0xaf, 0xff, 0xff, 0xff, 0xff, 0xff, 0x30, 0x00, 0x9f, 0xcc, 0xf9, 0x00,
    0x00, 0x0c, 0xf1, 0x00, 0x00, 0x00, 0x00, 0x9f, 0xff, 0xf9, 0x00, 0x00, 0x0c, 0xf1, 0x00, 0x00,
    0x00, 0x00, 0x9f, 0x10, 0x00, 0x00, 0x00, 0x0c, 0xf1, 0x00, 0x00, 0x00, 0x00, 0x9f, 0x10, 0x00,
    0x00, 0x00, 0x0c, 0xf1, 0x00, 0x00, 0x00, 0x00, 0x00, 0x00, 0x00, 0x00, 0x00, 0x0c, 0xf1, 0x00,
    0x00, 0x00, 0x00, 0x00, 0x00, 0x00, 0x00, 0x00, 0x0c, 0xf1, 0x00, 0x00, 0x00, 0x00, 0x00, 0x00,
    0x00, 0x00, 0xce, 0xef, 0xe0, 0x00, 0x00, 0x00, 0x00, 0x00, 0x00, 0x00, 0x00, 0x6c, 0xc9, 0x30,
    0x00, 0x00, 0x00, 0x00, 0x00, 0x00, 0x00, 0x00, 0x00, 0x00, 0x00, 0x00, 0x00, 0x00, 0x00, 0x00,
    0x00, 0x00, 0x00, 0x00, 0x00, 0x00, 0x00, 0x00, 0x00, 0x00, 0x00, 0x00, 0x00, 0x36, 0x00, 0x00,
    0x00, 0x00, 0x00, 0x00, 0x00, 0x01, 0x46, 0xad, 0xff, 0x60, 0x00, 0x00, 0x00, 0x00, 0x00, 0x00,
    0xaf, 0xff, 0xfe, 0xa5, 0x16, 0xcc, 0xcc, 0xcc, 0xc2, 0x00, 0x00, 0x58, 0x67, 0xf9, 0x00, 0x08,
    0xff, 0xff, 0xff, 0xf3, 0x00, 0x00, 0x00, 0x04, 0xf9, 0x00, 0x08, 0xf5, 0x00, 0x0b, 0xf3, 0x00,
    0x00, 0x00, 0x04, 0xf9, 0x00, 0x08, 0xf5, 0x00, 0x0b, 0xf3, 0x00, 0x01, 0xbb, 0xbc, 0xfe, 0xbb,
    0xa8, 0xf5, 0x00, 0x0b, 0xf3, 0x00, 0x01, 0xff, 0xff, 0xff, 0xff, 0xd8, 0xf5, 0x00, 0x0b, 0xf3,
    0x00, 0x00, 0x00, 0x0e, 0xfb, 0x00, 0x08, 0xf5, 0x00, 0x0b, 0xf3, 0x00, 0x00, 0x00, 0x6f, 0xff,
    0x70, 0x08, 0xf5, 0x00, 0x0b, 0xf3, 0x00, 0x00, 0x00, 0xcf, 0xff, 0xf4, 0x08, 0xf5, 0x00, 0x0b,
    0xf3, 0x00, 0x00, 0x03, 0xfc, 0xfa, 0xee, 0x28, 0xf5, 0x00, 0x0b, 0xf3, 0x00, 0x00, 0x0b, 0xf6,
    0xf9, 0x5f, 0xa8, 0xf5, 0x00, 0x0b, 0xf3, 0x00, 0x00, 0x5f, 0x94, 0xf9, 0x0b, 0x48, 0xf5, 0x00,
    0x0b, 0xf3, 0x00, 0x02, 0xef, 0x24, 0xf9, 0x01, 0x08, 0xf5, 0x00, 0x0b, 0xf3, 0x00, 0x05, 0xf8,
    0x04, 0xf9, 0x00, 0x08, 0xfd, 0xcc, 0xce, 0xf3, 0x00, 0x00, 0x80, 0x04, 0xf9, 0x00, 0x08, 0xff,
    0xff, 0xff, 0xf3, 0x00, 0x00, 0x00, 0x04, 0xf9, 0x00, 0x08, 0xf5, 0x00, 0x0b, 0xf3, 0x00, 0x00,
    0x00, 0x04, 0xf9, 0x00, 0x06, 0xb4, 0x00, 0x07, 0x92, 0x00, 0x00, 0x00, 0x03, 0xb7, 0x00, 0x00,
    0x00, 0x00, 0x00, 0x00, 0x00, 0x00, 0x00, 0x00, 0x00, 0x00, 0x00, 0x00, 0x00, 0x00, 0x00, 0x00,
    0x00, 0x00, 0x00, 0x00, 0x00, 0x00, 0x00, 0x00, 0x00, 0x00, 0x00, 0x00, 0x00, 0x00, 0x00, 0x00,
    0x00, 0x09, 0xa0, 0x00, 0x00, 0x00, 0x00, 0x00, 0x00, 0x00, 0x00, 0x10, 0x0d, 0xe0, 0x02, 0x10,
    0x00, 0x00, 0x9f, 0xff, 0xfe, 0x1c, 0xa0, 0x0d, 0xe0, 0x09, 0xf5, 0x00, 0x00, 0x9f, 0xcb, 0xee,
    0x0c, 0xf2, 0x0d, 0xe0, 0x0e, 0xf2, 0x00, 0x00, 0x9f, 0x20, 0xde, 0x06, 0xf8, 0x0d, 0xe0, 0x4f,
    0x90, 0x00, 0x00, 0x9f, 0x20, 0xde, 0x01, 0xfc, 0x0d, 0xe0, 0xaf, 0x20, 0x00, 0x00, 0x9f, 0x20,
    0xde, 0x00, 0xbe, 0x1d, 0xe1, 0xfa, 0x00, 0x00, 0x00, 0x9f, 0x20, 0xde, 0x00, 0x31, 0x0d, 0xe0,
    0x22, 0x00, 0x00, 0x00, 0x9f, 0x20, 0xde, 0x7f, 0xff, 0xff, 0xff, 0xff, 0xff, 0x20, 0x00, 0x9f,
    0x20, 0xde, 0x6c, 0xcc, 0xef, 0xfe, 0xcc, 0xcc, 0x10, 0x00, 0x9f, 0x20, 0xde, 0x00, 0x00, 0xdf,
    0xfe, 0x00, 0x00, 0x00, 0x00, 0x9f, 0x20, 0xde, 0x00, 0x05, 0xff, 0xff, 0x60, 0x00, 0x00, 0x00,
    0x9f, 0xff, 0xfe, 0x00, 0x0d, 0xfe, 0xfe, 0xd0, 0x00, 0x00, 0x00, 0x9f, 0xcb, 0xbb, 0x00, 0x8f,
    0x7d, 0xe7, 0xf7, 0x00, 0x00, 0x00, 0x9f, 0x20, 0x00, 0x04, 0xfc, 0x0d, 0xe0, 0xde, 0x30, 0x00,
    0x00, 0x8c, 0x20, 0x00, 0x3e, 0xf3, 0x0d, 0xe0, 0x5f, 0xd1, 0x00, 0x00, 0x00, 0x00, 0x06, 0xef,
    0x60, 0x0d, 0xe0, 0x0a, 0xfd, 0x20, 0x00, 0x00, 0x00, 0x0c, 0xf7, 0x00, 0x0d, 0xe0, 0x01, 0xce,
    0x20, 0x00, 0x00, 0x00, 0x02, 0x50, 0x00, 0x0d, 0xe0, 0x00, 0x13, 0x00, 0x00, 0x00, 0x00, 0x00,
    0x00, 0x00, 0x0a, 0xb0, 0x00, 0x00, 0x00, 0x00, 0x00, 0x00, 0x00, 0x00, 0x00, 0x00, 0x00, 0x00,
    0x00, 0x00, 0x00, 0x00, 0x00, 0x00, 0x00, 0x00, 0x00, 0x00, 0x00, 0x00, 0x00, 0x00, 0x04, 0x99,
    0x99, 0x98, 0x01, 0x99, 0x99, 0x99, 0x50, 0x00, 0x00, 0x07, 0xff, 0xff, 0xfd, 0x01, 0xff, 0xff,
    0xff, 0x90, 0x00, 0x00, 0x07, 0xf3, 0x00, 0xed, 0x01, 0xfa, 0x00, 0x4f, 0x90, 0x00, 0x00, 0x07,
    0xf3, 0x00, 0xed, 0x01, 0xfa, 0x00, 0x4f, 0x90, 0x00, 0x00, 0x07, 0xfa, 0x99, 0xfd, 0x01, 0xfd,
    0x99, 0xbf, 0x90, 0x00, 0x00, 0x07, 0xff, 0xff, 0xfd, 0x01, 0xff, 0xff, 0xff, 0x90, 0x00, 0x00,
    0x00, 0x00, 0x00, 0x1d, 0xe2, 0x07, 0xf9, 0x10, 0x00, 0x00, 0x00, 0x00, 0x00, 0x00, 0x8f, 0x90,
    0x01, 0x7e, 0xc0, 0x00, 0x00, 0x00, 0xff, 0xff, 0xff, 0xff, 0xff, 0xff, 0xff, 0xff, 0xff, 0x00,
    0x00, 0xaa, 0xaa, 0xef, 0xea, 0xaa, 0xcf, 0xfb, 0xaa, 0xaa, 0x00, 0x00, 0x00, 0x08, 0xfe, 0x30,
    0x00, 0x0a, 0xfd, 0x30, 0x00, 0x00, 0x00, 0x02, 0xbf, 0xe3, 0x00, 0x00, 0x00, 0xaf, 0xf7, 0x10,
    0x00, 0x02, 0x9f, 0xff, 0xc9, 0x98, 0x00, 0x99, 0xaf, 0xff, 0xfa, 0x20, 0x02, 0xef, 0xff, 0xff,
    0xfd, 0x00, 0xff, 0xff, 0xff, 0xfd, 0x10, 0x00, 0x38, 0xf3, 0x00, 0xed, 0x00, 0xfb, 0x00, 0x3f,
    0xa2, 0x00, 0x00, 0x07, 0xf3, 0x00, 0xed, 0x00, 0xfb, 0x00, 0x3f, 0x90, 0x00, 0x00, 0x07, 0xfb,
    0x99, 0xfd, 0x00, 0xfd, 0x99, 0xbf, 0x90, 0x00, 0x00, 0x07, 0xff, 0xff, 0xfd, 0x00, 0xff, 0xff,
    0xff, 0x90, 0x00, 0x00, 0x05, 0xa2, 0x00, 0xed, 0x00, 0xfb, 0x00, 0x28, 0x50, 0x00, 0x00, 0x00,
    0x00, 0x00, 0x00, 0x00, 0x11, 0x00, 0x00, 0x00, 0x00, 0x00, 0x00, 0x00, 0x00, 0x00, 0x00, 0x00,
    0x00, 0x00, 0x00, 0x00, 0x00, 0x00, 0x00, 0x00, 0x00, 0x00, 0x00, 0x00, 0x00, 0x00, 0x00, 0x00,
    0x4c, 0xcc, 0xcc, 0xcc, 0xcc, 0xcc, 0xcc, 0xcc, 0xc4, 0x00, 0x00, 0x5f, 0xff, 0xff, 0xff, 0xff,
    0xff, 0xff, 0xff, 0xf4, 0x00, 0x00, 0x5f, 0x90, 0x03, 0xfa, 0x00, 0xdd, 0x00, 0x0a, 0xf4, 0x00,
    0x00, 0x5f, 0x90, 0x04, 0xf9, 0x00, 0xdd, 0x00, 0x0a, 0xf4, 0x00, 0x00, 0x5f, 0x90, 0x04, 0xf8,
    0x00, 0xdd, 0x00, 0x0a, 0xf4, 0x00, 0x00, 0x5f, 0x90, 0x06, 0xf7, 0x00, 0xdd, 0x00, 0x0a, 0xf4,
    0x00, 0x00, 0x5f, 0x90, 0x08, 0xf5, 0x00, 0xdd, 0x00, 0x0a, 0xf4, 0x00, 0x00, 0x5f, 0x90, 0x0c,
    0xf2, 0x00, 0xdd, 0x00, 0x0a, 0xf4, 0x00, 0x00, 0x5f, 0x90, 0x4f, 0xd0, 0x00, 0xde, 0x10, 0x1b,
    0xf4, 0x00, 0x00, 0x5f, 0x92, 0xdf, 0x60, 0x00, 0xaf, 0xff, 0xff, 0xf4, 0x00, 0x00, 0x5f, 0xbe,
    0xfd, 0x00, 0x00, 0x18, 0x99, 0x9d, 0xf4, 0x00, 0x00, 0x5f, 0x9a, 0xd2, 0x00, 0x00, 0x00, 0x00,
    0x0a, 0xf4, 0x00, 0x00, 0x5f, 0x92, 0x10, 0x00, 0x00, 0x00, 0x00, 0x0a, 0xf4, 0x00, 0x00, 0x5f,
    0x90, 0x00, 0x00, 0x00, 0x00, 0x00, 0x0a, 0xf4, 0x00, 0x00, 0x5f, 0xff, 0xff, 0xff, 0xff, 0xff,
    0xff, 0xff, 0xf4, 0x00, 0x00, 0x5f, 0xec, 0xcc, 0xcc, 0xcc, 0xcc, 0xcc, 0xce, 0xf4, 0x00, 0x00,
    0x5f, 0x90, 0x00, 0x00, 0x00, 0x00, 0x00, 0x0a, 0xf4, 0x00, 0x00, 0x13, 0x20, 0x00, 0x00, 0x00,
    0x00, 0x00, 0x00, 0x10, 0x00, 0x00, 0x00, 0x00, 0x00, 0x00, 0x00, 0x00, 0x00, 0x00, 0x00, 0x00,
    0x00, 0x00, 0x00, 0x00, 0x00, 0x00, 0x00, 0x00, 0x00, 0x00, 0x00, 0x00, 0x7e, 0xee, 0xee, 0xee,
    0xee, 0xee, 0xee, 0xee, 0xe7, 0x00, 0x00, 0x7f, 0xff, 0xff, 0xff, 0xff, 0xff, 0xff, 0xff, 0xf7,
    0x00, 0x00, 0x7f, 0x70, 0x00, 0x00, 0x00, 0x00, 0x00, 0x09, 0xf7, 0x00, 0x00, 0x7f, 0x70, 0x00,
    0x00, 0x00, 0x00, 0x00, 0x09, 0xf7, 0x00, 0x00, 0x7f, 0x70, 0x00, 0x00, 0x00, 0x00, 0x00, 0x09,
    0xf7, 0x00, 0x00, 0x7f, 0x70, 0x1f, 0xff, 0xff, 0xff, 0xe0, 0x09, 0xf7, 0x00, 0x00, 0x7f, 0x70,
    0x1f, 0xea, 0xaa, 0xaf, 0xe0, 0x09, 0xf7, 0x00, 0x00, 0x7f, 0x70, 0x1f, 0xb0, 0x00, 0x0f, 0xe0,
    0x09, 0xf7, 0x00, 0x00, 0x7f, 0x70, 0x1f, 0xb0, 0x00, 0x0f, 0xe0, 0x09, 0xf7, 0x00, 0x00, 0x7f,
    0x70, 0x1f, 0xb0, 0x00, 0x0f, 0xe0, 0x09, 0xf7, 0x00, 0x00, 0x7f, 0x70, 0x1f, 0xb0, 0x00, 0x0f,
    0xe0, 0x09, 0xf7, 0x00, 0x00, 0x7f, 0x70, 0x1f, 0xff, 0xff, 0xff, 0xe0, 0x09, 0xf7, 0x00, 0x00,
    0x7f, 0x70, 0x0a, 0xaa, 0xaa, 0xaa, 0x90, 0x09, 0xf7, 0x00, 0x00, 0x7f, 0x70, 0x00, 0x00, 0x00,
    0x00, 0x00, 0x09, 0xf7, 0x00, 0x00, 0x7f, 0x70, 0x00, 0x00, 0x00, 0x00, 0x00, 0x09, 0xf7, 0x00,
    0x00, 0x7f, 0x70, 0x00, 0x00, 0x00, 0x00, 0x00, 0x09, 0xf7, 0x00, 0x00, 0x7f, 0xff, 0xff, 0xff,
    0xff, 0xff, 0xff, 0xff, 0xf7, 0x00, 0x00, 0x7f, 0xdc, 0xcc, 0xcc, 0xcc, 0xcc, 0xcc, 0xce, 0xf7,
    0x00, 0x00, 0x6c, 0x60, 0x00, 0x00, 0x00, 0x00, 0x00, 0x07, 0xc6, 0x00, 0x00, 0x00, 0x00, 0x00,
    0x00, 0x00, 0x00, 0x00, 0x00, 0x00, 0x00, 0x00, 0x00, 0x00, 0x00, 0x00, 0x00, 0x00, 0x00, 0x00,
    0x00, 0x00, 0x00, 0x5b, 0xbb, 0xbb, 0xbb, 0xbb, 0xbb, 0xbb, 0xbb, 0xb5, 0x00, 0x00, 0x6f, 0xff,
    0xff, 0xff, 0xff, 0xff, 0xff, 0xff, 0xf7, 0x00, 0x00, 0x6f, 0x60, 0x00, 0x19, 0x40, 0x00, 0x00,
    0x07, 0xf7, 0x00, 0x00, 0x6f, 0x60, 0x00, 0xcf, 0x50, 0x00, 0x00, 0x07, 0xf7, 0x00, 0x00, 0x6f,
    0x60, 0x09, 0xff, 0xff, 0xff, 0xfc, 0x17, 0xf7, 0x00, 0x00, 0x6f, 0x61, 0xbf, 0xf8, 0x77, 0x7e,
    0xf7, 0x07, 0xf7, 0x00, 0x00, 0x6f, 0x6d, 0xfb, 0xfd, 0x32, 0xcf, 0x90, 0x07, 0xf7, 0x00, 0x00,
    0x6f, 0x63, 0x60, 0x3e, 0xfe, 0xf6, 0x00, 0x07, 0xf7, 0x00, 0x00, 0x6f, 0x60, 0x02, 0x8e, 0xff,
    0xe9, 0x30, 0x07, 0xf7, 0x00, 0x00, 0x6f, 0x89, 0xdf, 0xfc, 0x54, 0xaf, 0xfe, 0xa9, 0xf7, 0x00,
    0x00, 0x6f, 0x7e, 0xe9, 0x6a, 0x62, 0x02, 0x7c, 0xb7, 0xf7, 0x00, 0x00, 0x6f, 0x62, 0x00, 0x4b,
    0xff, 0xc6, 0x00, 0x07, 0xf7, 0x00, 0x00, 0x6f, 0x60, 0x02, 0x10, 0x15, 0xc8, 0x00, 0x07, 0xf7,
    0x00, 0x00, 0x6f, 0x60, 0x3f, 0xfd, 0xa8, 0x41, 0x00, 0x07, 0xf7, 0x00, 0x00, 0x6f, 0x60, 0x14,
    0x7a, 0xcf, 0xff, 0xb2, 0x07, 0xf7, 0x00, 0x00, 0x6f, 0x60, 0x00, 0x00, 0x01, 0x59, 0xc0, 0x07,
    0xf7, 0x00, 0x00, 0x6f, 0xca, 0xaa, 0xaa, 0xaa, 0xaa, 0xaa, 0xac, 0xf7, 0x00, 0x00, 0x6f, 0xff,
    0xff, 0xff, 0xff, 0xff, 0xff, 0xff, 0xf7, 0x00, 0x00, 0x5c, 0x50, 0x00, 0x00, 0x00, 0x00, 0x00,
    0x05, 0xc5, 0x00, 0x00, 0x00, 0x00, 0x00, 0x00, 0x00, 0x00, 0x00, 0x00, 0x00, 0x00, 0x00, 0x00,
    0x00, 0x00, 0x00, 0x00, 0x00, 0x00, 0x00, 0x00, 0x00, 0x00, 0x7f, 0xff, 0xff, 0xff, 0xff, 0xff,
    0xff, 0xff, 0xf7, 0x00, 0x00, 0x7f, 0xb9, 0x99, 0x99, 0x99, 0x99, 0x99, 0x9b, 0xf7, 0x00, 0x00,
    0x7f, 0x60, 0x24, 0x44, 0x44, 0x44, 0x42, 0x06, 0xf7, 0x00, 0x00, 0x7f, 0x60, 0x9f, 0xff, 0xff,
    0xff, 0xf9, 0x06, 0xf7, 0x00, 0x00, 0x7f, 0x60, 0x9f, 0x00, 0x00, 0x02, 0xf9, 0x06, 0xf7, 0x00,
    0x00, 0x7f, 0x60, 0x9f, 0xff, 0xff, 0xff, 0xf9, 0x06, 0xf7, 0x00, 0x00, 0x7f, 0x60, 0x34, 0x44,
    0x44, 0x44, 0x43, 0x06, 0xf7, 0x00, 0x00, 0x7f, 0x60, 0x77, 0x77, 0x77, 0x77, 0x77, 0x06, 0xf7,
    0x00, 0x00, 0x7f, 0x61, 0xff, 0xff, 0xff, 0xff, 0xff, 0x06, 0xf7, 0x00, 0x00, 0x7f, 0x61, 0xf9,
    0x00, 0x56, 0x00, 0xbf, 0x06, 0xf7, 0x00, 0x00, 0x7f, 0x61, 0xf9, 0x00, 0xcd, 0x00, 0xbf, 0x06,
    0xf7, 0x00, 0x00, 0x7f, 0x61, 0xf9, 0x00, 0xec, 0x00, 0xbf, 0x06, 0xf7, 0x00, 0x00, 0x7f, 0x61,
    0xf9, 0x09, 0xf7, 0x72, 0x9d, 0x06, 0xf7, 0x00, 0x00, 0x7f, 0x60, 0x16, 0xcf, 0xc4, 0xff, 0xa3,
    0x06, 0xf7, 0x00, 0x00, 0x7f, 0x7c, 0xff, 0xe8, 0x00, 0x29, 0xff, 0x86, 0xf7, 0x00, 0x00, 0x7f,
    0x68, 0xb6, 0x10, 0x00, 0x00, 0x2a, 0x56, 0xf7, 0x00, 0x00, 0x7f, 0xb8, 0x88, 0x88, 0x88, 0x88,
    0x88, 0x8b, 0xf7, 0x00, 0x00, 0x7f, 0xff, 0xff, 0xff, 0xff, 0xff, 0xff, 0xff, 0xf7, 0x00, 0x00,
    0x5b, 0x40, 0x00, 0x00, 0x00, 0x00, 0x00, 0x05, 0xb6, 0x00, 0x00, 0x00, 0x00, 0x00, 0x00, 0x00,
    0x00, 0x00, 0x00, 0x00, 0x00, 0x00, 0x00, 0x00, 0x00, 0x00, 0x00, 0x00, 0x00, 0x00, 0x00, 0x00,
    0x00, 0x00, 0x00, 0x00, 0x69, 0x30, 0x00, 0x00, 0x00, 0x00, 0x00, 0x00, 0x00, 0x00, 0x00, 0xcf,
    0x50, 0x00, 0x00, 0x00, 0x00, 0x00, 0x00, 0x00, 0x00, 0x02, 0xfe, 0x00, 0x00, 0x00, 0x00, 0x00,
    0x00, 0x00, 0xac, 0xcc, 0xcd, 0xfe, 0xcc, 0xcc, 0xcc, 0xcc, 0xca, 0x00, 0x00, 0xcf, 0xff, 0xff,
    0xff, 0xff, 0xff, 0xff, 0xff, 0xfd, 0x00, 0x00, 0x00, 0x00, 0x7f, 0xa0, 0x00, 0x00, 0x00, 0x00,
    0x00, 0x00, 0x00, 0x00, 0x02, 0xef, 0x20, 0x00, 0x2f, 0xb0, 0x00, 0x00, 0x00, 0x00, 0x00, 0x0a,
    0xf9, 0x00, 0x00, 0x2f, 0xb0, 0x00, 0x00, 0x00, 0x00, 0x00, 0x4f, 0xe1, 0x00, 0x00, 0x2f, 0xb0,
    0x00, 0x00, 0x00, 0x00, 0x02, 0xef, 0x90, 0x00, 0x00, 0x2f, 0xb0, 0x00, 0x00, 0x00, 0x00, 0x2d,
    0xff, 0x90, 0x7f, 0xff, 0xff, 0xff, 0xff, 0xf0, 0x00, 0x02, 0xef, 0xef, 0x90, 0x5b, 0xbb, 0xcf,
    0xeb, 0xbb, 0xb0, 0x00, 0x00, 0xdc, 0x6f, 0x90, 0x00, 0x00, 0x2f, 0xb0, 0x00, 0x00, 0x00, 0x00,
    0x51, 0x5f, 0x90, 0x00, 0x00, 0x2f, 0xb0, 0x00, 0x00, 0x00, 0x00, 0x00, 0x5f, 0x90, 0x00, 0x00,
    0x2f, 0xb0, 0x00, 0x00, 0x00, 0x00, 0x00, 0x5f, 0x90, 0x00, 0x00, 0x2f, 0xb0, 0x00, 0x00, 0x00,
    0x00, 0x00, 0x5f, 0x90, 0x00, 0x00, 0x2f, 0xb0, 0x00, 0x00, 0x00, 0x00, 0x00, 0x5f, 0x93, 0xbb,
    0xbb, 0xcf, 0xeb, 0xbb, 0xb9, 0x00, 0x00, 0x00, 0x5f, 0x94, 0xff, 0xff, 0xff, 0xff, 0xff, 0xfc,
    0x00, 0x00, 0x00, 0x5f, 0x90, 0x00, 0x00, 0x00, 0x00, 0x00, 0x00, 0x00, 0x00, 0x00, 0x00, 0x00,
    0x00, 0x00, 0x00, 0x00, 0x00, 0x00, 0x00, 0x00, 0x00, 0x00, 0x00, 0x00, 0x00, 0x00, 0x00, 0x00,
    0x00, 0x00, 0x00, 0x00, 0x67, 0x00, 0x00, 0x00, 0x05, 0xb4, 0x00, 0x00, 0x00, 0x00, 0x00, 0xbf,
    0x00, 0x00, 0x00, 0x07, 0xf5, 0x00, 0x00, 0x00, 0x00, 0x00, 0xbf, 0x00, 0x06, 0xb3, 0x07, 0xf5,
    0x00, 0x00, 0x00, 0x00, 0x00, 0xbf, 0x00, 0x07, 0xf5, 0x07, 0xf5, 0x00, 0x20, 0x00, 0x00, 0x00,
    0xbf, 0x00, 0x07, 0xf5, 0x07, 0xf5, 0x3b, 0xf6, 0x00, 0x03, 0xbb, 0xef, 0xcb, 0x37, 0xf5, 0x07,
    0xfe, 0xff, 0xf7, 0x00, 0x04, 0xff, 0xff, 0xff, 0x37, 0xf6, 0x8e, 0xff, 0xb9, 0xf7, 0x00, 0x00,
    0x00, 0xbf, 0x00, 0x08, 0xff, 0xff, 0xf6, 0x05, 0xf7, 0x00, 0x00, 0x00, 0xbf, 0x03, 0xbf, 0xff,
    0x98, 0xf5, 0x05, 0xf7, 0x00, 0x00, 0x00, 0xbf, 0x04, 0xff, 0xf5, 0x07, 0xf5, 0x05, 0xf6, 0x00,
    0x00, 0x00, 0xbf, 0x00, 0x58, 0xf5, 0x07, 0xf5, 0x06, 0xf6, 0x00, 0x00, 0x00, 0xbf, 0x02, 0x17,
    0xf5, 0x07, 0xf5, 0x06, 0xf5, 0x00, 0x00, 0x00, 0xbf, 0xaf, 0x57, 0xf5, 0x07, 0xf5, 0x8b, 0xf4,
    0x00, 0x00, 0x16, 0xef, 0xfd, 0x47, 0xf5, 0x07, 0xf5, 0xcd, 0x90, 0x00, 0x04, 0xef, 0xfd, 0x60,
    0x07, 0xf5, 0x07, 0xf5, 0x00, 0x22, 0x00, 0x01, 0xfc, 0x50, 0x00, 0x07, 0xf5, 0x00, 0x00, 0x00,
    0x6f, 0x40, 0x00, 0x30, 0x00, 0x00, 0x07, 0xf6, 0x00, 0x00, 0x00, 0x9f, 0x30, 0x00, 0x00, 0x00,
    0x00, 0x04, 0xfe, 0xba, 0xaa, 0xab, 0xfd, 0x00, 0x00, 0x00, 0x00, 0x00, 0x00, 0x8d, 0xff, 0xff,
    0xff, 0xc4, 0x00, 0x00, 0x00, 0x00, 0x00, 0x00, 0x00, 0x00, 0x00, 0x00, 0x00, 0x00, 0x00, 0x00,
    0x00, 0x00, 0x00, 0x00, 0x00, 0x00, 0x00, 0x00, 0x00, 0x00, 0x00, 0x75, 0x00, 0x00, 0x00, 0x00,
    0x9b, 0x28, 0x10, 0x00, 0x00, 0x01, 0xfa, 0x00, 0x00, 0x00, 0x00, 0xcf, 0x6f, 0xb0, 0x00, 0x00,
    0x01, 0xfa, 0x00, 0x00, 0x00, 0x00, 0xbf, 0x07, 0xf7, 0x00, 0x00, 0x01, 0xfa, 0x00, 0x9b, 0xbb,
    0xbb, 0xef, 0xbb, 0xeb, 0x10, 0x00, 0x01, 0xfa, 0x00, 0xcf, 0xff, 0xff, 0xff, 0xff, 0xff, 0x20,
    0x00, 0xbb, 0xfe, 0xb5, 0xce, 0x00, 0x00, 0xaf, 0x10, 0x00, 0x00, 0x00, 0xff, 0xff, 0xf7, 0xce,
    0x00, 0x00, 0x9f, 0x20, 0x00, 0x00, 0x00, 0x01, 0xfa, 0x00, 0xce, 0x00, 0x00, 0x9f, 0x30, 0x42,
    0x00, 0x00, 0x01, 0xfa, 0x00, 0xcf, 0xff, 0xfa, 0x7f, 0x41, 0xfb, 0x00, 0x00, 0x01, 0xfa, 0x00,
    0xcf, 0x88, 0xf9, 0x6f, 0x55, 0xf6, 0x00, 0x00, 0x01, 0xfa, 0x00, 0xce, 0x00, 0xf9, 0x5f, 0x7b,
    0xf1, 0x00, 0x00, 0x01, 0xfa, 0x00, 0xdd, 0x00, 0xf9, 0x3f, 0xaf, 0xb0, 0x00, 0x00, 0x01, 0xfa,
    0x00, 0xec, 0x01, 0xf8, 0x1f, 0xff, 0x40, 0x00, 0x00, 0x01, 0xfd, 0xca, 0xfb, 0x02, 0xf7, 0x0e,
    0xfb, 0x00, 0x00, 0x01, 0x6b, 0xff, 0xfb, 0xf9, 0x8a, 0xf5, 0x0d, 0xf4, 0x07, 0x00, 0x02, 0xff,
    0xe8, 0x27, 0xf6, 0xdf, 0xc1, 0x9f, 0xf5, 0x0e, 0x70, 0x00, 0xc8, 0x10, 0x0c, 0xf1, 0x00, 0x05,
    0xfe, 0xf9, 0x0f, 0x50, 0x00, 0x00, 0x00, 0x4f, 0xc0, 0x00, 0x6f, 0xf3, 0xde, 0x5f, 0x30, 0x00,
    0x00, 0x00, 0xbf, 0x40, 0x05, 0xff, 0x60, 0x6f, 0xfe, 0x00, 0x00, 0x00, 0x00, 0x49, 0x00, 0x00,
    0x95, 0x00, 0x07, 0xb4, 0x00, 0x00, 0x00, 0x00, 0x00, 0x00, 0x00, 0x00, 0x00, 0x00, 0x00, 0x00,
    0x00, 0x00, 0x00, 0x00, 0x00, 0x00, 0x00, 0x00, 0x00, 0x00, 0x00, 0x00, 0x00, 0x00, 0x00, 0x00,
    0xba, 0x00, 0x00, 0x00, 0x00, 0x00, 0x00, 0x00, 0x00, 0x00, 0x00, 0xfd, 0x00, 0x00, 0x00, 0x00,
    0x00, 0x00, 0xaf, 0xff, 0xff, 0xff, 0xff, 0xff, 0xff, 0xff, 0xfa, 0x00, 0x00, 0x69, 0x99, 0x99,
    0x99, 0xfe, 0x99, 0x99, 0x99, 0x96, 0x00, 0x00, 0x00, 0x00, 0x00, 0x00, 0xfd, 0x00, 0x00, 0x00,
    0x00, 0x00, 0x00, 0x04, 0x99, 0x99, 0x99, 0xfe, 0x99, 0x99, 0x99, 0x70, 0x00, 0x00, 0x07, 0xff,
    0xff, 0xff, 0xff, 0xff, 0xff, 0xff, 0xc0, 0x00, 0x00, 0x00, 0x00, 0x00, 0x00, 0x00, 0x00, 0x00,
    0x00, 0x00, 0x00, 0x00, 0x00, 0x88, 0x88, 0x88, 0x88, 0x88, 0x88, 0x88, 0x30, 0x00, 0x00, 0x01,
    0xff, 0xff, 0xff, 0xff, 0xff, 0xff, 0xff, 0x60, 0x00, 0x00, 0x01, 0xfc, 0x00, 0x00, 0xfd, 0x00,
    0x00, 0x7f, 0x60, 0x00, 0x00, 0x01, 0xfc, 0x00, 0x00, 0xfd, 0x00, 0x00, 0x7f, 0x60, 0x00, 0x00,
    0x02, 0xfb, 0x00, 0x00, 0xfd, 0x00, 0x00, 0x7f, 0x60, 0x00, 0x00, 0x03, 0xff, 0xff, 0xff, 0xff,
    0xff, 0xff, 0xff, 0x60, 0x00, 0x00, 0x06, 0xfc, 0x99, 0x99, 0x99, 0x99, 0x99, 0xcf, 0x60, 0x00,
    0x00, 0x0b, 0xf4, 0x00, 0x00, 0x00, 0x00, 0x00, 0x5b, 0x50, 0x00, 0x00, 0x2f, 0xe0, 0x00, 0x00,
    0x00, 0x00, 0x00, 0x00, 0x00, 0x00, 0x00, 0xbf, 0x80, 0x00, 0x00, 0x00, 0x00, 0x00, 0x00, 0x00,
    0x00, 0x04, 0xfd, 0x10, 0x00, 0x00, 0x00, 0x00, 0x00, 0x00, 0x00, 0x00, 0x00, 0x63, 0x00, 0x00,
    0x00, 0x00, 0x00, 0x00, 0x00, 0x00, 0x00, 0x00, 0x00, 0x00, 0x00, 0x00, 0x00, 0x00, 0x00, 0x00,
    0x00, 0x00, 0x00, 0x00, 0x00, 0x00, 0x00, 0x00, 0x00, 0x00, 0x00, 0x00, 0x00, 0x00, 0x00, 0x00,
    0x01, 0xa9, 0x10, 0x00, 0x00, 0x00, 0x00, 0x00, 0x00, 0x00, 0x00, 0x0a, 0xfa, 0x00, 0x00, 0x00,
    0x00, 0x00, 0x00, 0x00, 0x00, 0x00, 0x9f, 0xff, 0xff, 0xff, 0xff, 0xd2, 0x00, 0x00, 0x00, 0x00,
    0x1a, 0xfe, 0xaa, 0xaa, 0xaa, 0xef, 0xb0, 0x00, 0x00, 0x00, 0x05, 0xdf, 0xff, 0x80, 0x00, 0x0a,
    0xfd, 0x10, 0x00, 0x00, 0x00, 0x4f, 0xf8, 0x3d, 0xfb, 0x34, 0xdf, 0xc2, 0x00, 0x00, 0x00, 0x00,
    0x06, 0x30, 0x01, 0xaf, 0xff, 0xf9, 0x00, 0x00, 0x00, 0x00, 0x00, 0x00, 0x00, 0x48, 0xdf, 0xff,
    0xfe, 0x95, 0x10, 0x00, 0x00, 0x02, 0x58, 0xbe, 0xff, 0xea, 0x44, 0xae, 0xff, 0xfd, 0xb9, 0x30,
    0x03, 0xff, 0xfe, 0xb6, 0x10, 0x00, 0x01, 0x59, 0xcf, 0xfe, 0x10, 0x00, 0x76, 0xaa, 0x99, 0x99,
    0x99, 0x99, 0x99, 0x97, 0x33, 0x00, 0x00, 0x00, 0xcf, 0xff, 0xff, 0xff, 0xff, 0xff, 0xfa, 0x00,
    0x00, 0x00, 0x00, 0xcf, 0x30, 0x01, 0xfe, 0x00, 0x06, 0xfa, 0x00, 0x00, 0x00, 0x00, 0xcf, 0x30,
    0x01, 0xfe, 0x00, 0x06, 0xfa, 0x00, 0x00, 0x00, 0x00, 0xcf, 0xff, 0xff, 0xff, 0xff, 0xff, 0xfa,
    0x00, 0x00, 0x00, 0x00, 0xcf, 0x98, 0x88, 0xfe, 0x88, 0x8b, 0xfa, 0x00, 0x00, 0x00, 0x00, 0xcf,
    0x30, 0x01, 0xfe, 0x00, 0x06, 0xfa, 0x00, 0x00, 0x00, 0x00, 0xcf, 0xa9, 0x9a, 0xff, 0x99, 0x9c,
    0xfa, 0x00, 0x00, 0x00, 0x00, 0xcf, 0xff, 0xff, 0xff, 0xff, 0xff, 0xfa, 0x00, 0x00, 0x00, 0x00,
    0x8a, 0x20, 0x00, 0x00, 0x00, 0x04, 0xa7, 0x00, 0x00, 0x00, 0x00, 0x00, 0x00, 0x00, 0x00, 0x00,
    0x00, 0x00, 0x00, 0x00, 0x00, 0x00, 0x00, 0x00, 0x00, 0x00, 0x00, 0x00, 0x00, 0x00, 0x00, 0x00,
    0x00, 0x00, 0x00, 0x05, 0xa6, 0x00, 0x00, 0x00, 0x00, 0x00, 0x00, 0x00, 0x00, 0x00, 0x5f, 0xf4,
    0x00, 0x00, 0x00, 0x00, 0x00, 0x00, 0x00, 0x00, 0x07, 0xff, 0xff, 0xff, 0xff, 0xb0, 0x00, 0x00,
    0x00, 0x00, 0x03, 0xcf, 0xda, 0xaa, 0xaa, 0xff, 0x90, 0x00, 0x00, 0x00, 0x03, 0xaf, 0xf9, 0x10,
    0x00, 0x0a, 0xfc, 0x10, 0x00, 0x00, 0x00, 0x08, 0xfb, 0x4a, 0xd3, 0x02, 0xbf, 0xc1, 0x00, 0x00,
    0x00, 0x00, 0x00, 0x30, 0x06, 0xff, 0x9e, 0xf9, 0x10, 0x00, 0x00, 0x00, 0x00, 0x00, 0x00, 0x02,
    0xaf, 0xfe, 0x58, 0x51, 0x00, 0x00, 0x00, 0x00, 0x00, 0x26, 0xbf, 0xfe, 0x82, 0xbf, 0xb0, 0x00,
    0x00, 0x00, 0x00, 0x5e, 0xff, 0xfc, 0x61, 0x1c, 0xff, 0xba, 0xaa, 0xb4, 0x00, 0x00, 0x1c, 0xa6,
    0x20, 0x04, 0xef, 0xff, 0xff, 0xff, 0xfa, 0x00, 0x00, 0x00, 0x00, 0x02, 0xbf, 0xe6, 0x00, 0x00,
    0x5f, 0xf2, 0x00, 0x00, 0x00, 0x04, 0xaf, 0xfc, 0x31, 0x00, 0x03, 0xef, 0x80, 0x00, 0x00, 0x00,
    0x0b, 0xfd, 0x63, 0xed, 0x20, 0x4e, 0xfa, 0x00, 0x00, 0x00, 0x00, 0x02, 0x60, 0x00, 0x9f, 0xe9,
    0xff, 0xa1, 0x00, 0x00, 0x00, 0x00, 0x00, 0x00, 0x00, 0x1c, 0xff, 0xf8, 0x00, 0x00, 0x00, 0x00,
    0x00, 0x00, 0x01, 0x6b, 0xff, 0xfc, 0x30, 0x00, 0x00, 0x00, 0x00, 0x36, 0x8b, 0xdf, 0xff, 0xe9,
    0x40, 0x00, 0x00, 0x00, 0x00, 0x00, 0x6f, 0xff, 0xfe, 0xb6, 0x10, 0x00, 0x00, 0x00, 0x00, 0x00,
    0x00, 0x1a, 0x85, 0x20, 0x00, 0x00, 0x00, 0x00, 0x00, 0x00, 0x00, 0x00, 0x00, 0x00, 0x00, 0x00,
    0x00, 0x00, 0x00, 0x00, 0x00, 0x00, 0x00, 0x00, 0x00, 0x00, 0x00, 0x00, 0x00, 0x00, 0x00, 0x00,
    0x00, 0x00, 0x00, 0x00, 0x00, 0x01, 0xbb, 0x00, 0x00, 0x00, 0x00, 0x00, 0x00, 0x00, 0x00, 0x00,
    0x01, 0xff, 0x00, 0x00, 0x00, 0x00, 0x00, 0x00, 0x00, 0x00, 0x00, 0x01, 0xff, 0x00, 0x00, 0x00,
    0x00, 0x00, 0x00, 0x00, 0x00, 0x00, 0x02, 0xfe, 0x00, 0x00, 0x00, 0x00, 0x00, 0x00, 0x00, 0x00,
    0x00, 0x03, 0xfd, 0x00, 0x00, 0x00, 0x00, 0x00, 0x00, 0x00, 0x00, 0x00, 0x04, 0xfc, 0x00, 0x00,
    0x00, 0x00, 0x00, 0x00, 0xce, 0xee, 0xee, 0xef, 0xff, 0xee, 0xee, 0xee, 0xed, 0x00, 0x00, 0xcf,
    0xff, 0xff, 0xff, 0xff, 0xff, 0xff, 0xff, 0xfd, 0x00, 0x00, 0x00, 0x00, 0x00, 0x0c, 0xff, 0xa0,
    0x00, 0x00, 0x00, 0x00, 0x00, 0x00, 0x00, 0x00, 0x1f, 0xff, 0xf2, 0x00, 0x00, 0x00, 0x00, 0x00,
    0x00, 0x00, 0x00, 0x5f, 0xca, 0xf7, 0x00, 0x00, 0x00, 0x00, 0x00, 0x00, 0x00, 0x00, 0xcf, 0x64,
    0xfd, 0x10, 0x00, 0x00, 0x00, 0x00, 0x00, 0x00, 0x05, 0xff, 0x10, 0xcf, 0x80, 0x00, 0x00, 0x00,
    0x00, 0x00, 0x00, 0x0d, 0xf8, 0x00, 0x5f, 0xf3, 0x00, 0x00, 0x00, 0x00, 0x00, 0x00, 0xaf, 0xe1,
    0x00, 0x0a, 0xfd, 0x20, 0x00, 0x00, 0x00, 0x00, 0x09, 0xff, 0x50, 0x00, 0x01, 0xef, 0xd1, 0x00,
    0x00, 0x00, 0x01, 0xaf, 0xf6, 0x00, 0x00, 0x00, 0x3e, 0xfd, 0x40, 0x00, 0x00, 0x6d, 0xff, 0x70,
    0x00, 0x00, 0x00, 0x04, 0xef, 0xfa, 0x10, 0x00, 0xbf, 0xd3, 0x00, 0x00, 0x00, 0x00, 0x00, 0x3c,
    0xfa, 0x00, 0x00, 0x17, 0x00, 0x00, 0x00, 0x00, 0x00, 0x00, 0x00, 0x61, 0x00, 0x00, 0x00, 0x00,
    0x00, 0x00, 0x00, 0x00, 0x00, 0x00, 0x00, 0x00, 0x00, 0x00, 0x00, 0x00, 0x00, 0x00, 0x00, 0x00,
    0x00, 0x00, 0x00, 0x00, 0x0f, 0xff, 0xff, 0xff, 0xff, 0xff, 0xff, 0xff, 0xd0, 0x00, 0x00, 0x0e,
    0xee, 0xee, 0xee, 0xff, 0xee, 0xee, 0xee, 0xd0, 0x00, 0x00, 0x00, 0x00, 0x00, 0x02, 0xfc, 0x00,
    0x00, 0x00, 0x00, 0x00, 0x00, 0x00, 0x00, 0x00, 0x02, 0xfc, 0x00, 0x00, 0x00, 0x00, 0x00, 0x00,
    0x00, 0x00, 0x00, 0x02, 0xfc, 0x00, 0x00, 0x00, 0x00, 0x00, 0x00, 0x00, 0x00, 0x00, 0x03, 0xfc,
    0x00, 0x00, 0x00, 0x00, 0x00, 0x00, 0xae, 0xee, 0xee, 0xee, 0xff, 0xee, 0xee, 0xee, 0xea, 0x00,
    0x00, 0xbf, 0xff, 0xff, 0xff, 0xff, 0xff, 0xff, 0xff, 0xfb, 0x00, 0x00, 0x00, 0x00, 0x00, 0x0c,
    0xff, 0x90, 0x00, 0x00, 0x00, 0x00, 0x00, 0x00, 0x00, 0x00, 0x3f, 0xfe, 0xf2, 0x00, 0x00, 0x00,
    0x00, 0x00, 0x00, 0x00, 0x00, 0xaf, 0xa8, 0xf9, 0x00, 0x00, 0x00, 0x00, 0x00, 0x00, 0x00, 0x05,
    0xff, 0x31, 0xef, 0x50, 0x00, 0x00, 0x00, 0x00, 0x00, 0x00, 0x3e, 0xf8, 0x00, 0x6f, 0xe3, 0x00,
    0x00, 0x00, 0x00, 0x00, 0x04, 0xef, 0xc0, 0x00, 0x0a, 0xfe, 0x50, 0x00, 0x00, 0x00, 0x00, 0x8f,
    0xfc, 0x10, 0x00, 0x01, 0xbf, 0xf8, 0x10, 0x00, 0x00, 0x6d, 0xff, 0xa0, 0x00, 0x00, 0x00, 0x09,
    0xff, 0xf9, 0x20, 0x00, 0xcf, 0xd5, 0x00, 0x00, 0x00, 0x00, 0x00, 0x5d, 0xfd, 0x10, 0x00, 0x36,
    0x00, 0x00, 0x00, 0x00, 0x00, 0x00, 0x00, 0x53, 0x00, 0x00, 0x00, 0x00, 0x00, 0x00, 0x00, 0x00,
    0x00, 0x00, 0x00, 0x00, 0x00, 0x00, 0x00, 0x00, 0x00, 0x00, 0x00, 0x00, 0x00, 0x00, 0x00, 0x00,
    0x00, 0x00, 0x00, 0x01, 0xba, 0x00, 0x00, 0x00, 0x00, 0x00, 0x00, 0x00, 0x00, 0x00, 0x01, 0xff,
    0x00, 0x00, 0x00, 0x00, 0x00, 0x00, 0x00, 0x00, 0x00, 0x01, 0xfe, 0x00, 0x00, 0x00, 0x00, 0x00,
    0x00, 0x00, 0x00, 0x00, 0x02, 0xfe, 0x00, 0x00, 0x00, 0x00, 0x00, 0x00, 0x00, 0x00, 0x00, 0x03,
    0xfd, 0x00, 0x00, 0x00, 0x00, 0x00, 0x00, 0x00, 0x00, 0x00, 0x03, 0xfc, 0x00, 0x00, 0x00, 0x00,
    0x00, 0x00, 0xcf, 0xff, 0xff, 0xff, 0xff, 0xff, 0xff, 0xff, 0xfe, 0x00, 0x00, 0xce, 0xee, 0xee,
    0xef, 0xff, 0xfe, 0xee, 0xee, 0xee, 0x00, 0x00, 0x00, 0x00, 0x00, 0x0a, 0xff, 0xd0, 0x00, 0x00,
    0x00, 0x00, 0x00, 0x00, 0x00, 0x00, 0x0e, 0xfe, 0xf4, 0x00, 0x00, 0x00, 0x00, 0x00, 0x00, 0x00,
    0x00, 0x4f, 0xd6, 0xfa, 0x00, 0x00, 0x00, 0x00, 0x00, 0x00, 0x00, 0x00, 0xaf, 0x81, 0xef, 0x20,
    0x00, 0x00, 0x00, 0x00, 0x00, 0x00, 0x03, 0xff, 0x20, 0x9f, 0xa0, 0x00, 0x00, 0x00, 0x00, 0x00,
    0x00, 0x0b, 0xf9, 0x00, 0x2e, 0xf4, 0x00, 0x00, 0x00, 0x00, 0x00, 0x00, 0x8f, 0xf7, 0x00, 0x07,
    0xfe, 0x20, 0x00, 0x00, 0x00, 0x00, 0x07, 0xff, 0xff, 0x80, 0x00, 0xcf, 0xd2, 0x00, 0x00, 0x00,
    0x00, 0x8f, 0xf8, 0x3e, 0xf9, 0x00, 0x2d, 0xfd, 0x40, 0x00, 0x00, 0x5d, 0xff, 0x70, 0x04, 0xef,
    0x80, 0x02, 0xef, 0xf9, 0x10, 0x01, 0xdf, 0xd4, 0x00, 0x00, 0x5f, 0xd1, 0x00, 0x2b, 0xfd, 0x20,
    0x00, 0x38, 0x00, 0x00, 0x00, 0x05, 0x10, 0x00, 0x00, 0x64, 0x00, 0x00, 0x00, 0x00, 0x00, 0x00,
    0x00, 0x00, 0x00, 0x00, 0x00, 0x00, 0x00, 0x00, 0x00, 0x00, 0x00, 0x00, 0x00, 0x00, 0x00, 0x00,
    0x00, 0x00, 0x00, 0x03, 0x20, 0x01, 0xb9, 0x00, 0x00, 0x00, 0x00, 0x00, 0x00, 0x00, 0x0d, 0xf4,
    0x01, 0xfd, 0x00, 0x00, 0x00, 0x00, 0x00, 0x00, 0x00, 0x3f, 0xe0, 0x01, 0xfd, 0x00, 0x00, 0x00,
    0x00, 0x00, 0x00, 0x00, 0x8f, 0xa0, 0x01, 0xfd, 0x00, 0x00, 0x00, 0x00, 0x00, 0x00, 0x00, 0xdf,
    0xff, 0xff, 0xff, 0xff, 0xff, 0xff, 0x40, 0x00, 0x00, 0x06, 0xff, 0xee, 0xee, 0xff, 0xee, 0xee,
    0xee, 0x40, 0x00, 0x00, 0x1d, 0xf6, 0x00, 0x01, 0xfd, 0x00, 0x00, 0x00, 0x00, 0x00, 0x00, 0x9f,
    0xd0, 0x00, 0x02, 0xfd, 0x00, 0x00, 0x00, 0x00, 0x00, 0x00, 0x5d, 0x40, 0x00, 0x03, 0xfc, 0x00,
    0x00, 0x00, 0x00, 0x00, 0x00, 0x01, 0x00, 0x00, 0x03, 0xfc, 0x00, 0x00, 0x00, 0x00, 0x00, 0x00,
    0xff, 0xff, 0xff, 0xff, 0xff, 0xff, 0xff, 0xff, 0xff, 0x00, 0x00, 0xde, 0xee, 0xee, 0xef, 0xff,
    0xfe, 0xee, 0xee, 0xed, 0x00, 0x00, 0x00, 0x00, 0x00, 0x1e, 0xff, 0xe1, 0x00, 0x00, 0x00, 0x00,
    0x00, 0x00, 0x00, 0x00, 0x9f, 0xc9, 0xf8, 0x00, 0x00, 0x00, 0x00, 0x00, 0x00, 0x00, 0x05, 0xff,
    0x41, 0xef, 0x50, 0x00, 0x00, 0x00, 0x00, 0x00, 0x00, 0x6f, 0xf8, 0x00, 0x6f, 0xf5, 0x00, 0x00,
    0x00, 0x00, 0x00, 0x1a, 0xff, 0xa0, 0x00, 0x07, 0xff, 0xa2, 0x00, 0x00, 0x00, 0x39, 0xff, 0xf6,
    0x00, 0x00, 0x00, 0x6e, 0xfe, 0xa5, 0x10, 0x01, 0xdf, 0xfa, 0x20, 0x00, 0x00, 0x00, 0x02, 0xbf,
    0xfe, 0x20, 0x00, 0x48, 0x20, 0x00, 0x00, 0x00, 0x00, 0x00, 0x02, 0x86, 0x00, 0x00, 0x00, 0x00,
    0x00, 0x00, 0x00, 0x00, 0x00, 0x00, 0x00, 0x00, 0x00, 0x00, 0x00, 0x00, 0x00, 0x00, 0x00, 0x00,
    0x00, 0x00, 0x00, 0x00, 0x00, 0x00, 0x00, 0x00, 0x05, 0x83, 0x00, 0x00, 0x00, 0x00, 0x00, 0x00,
    0x09, 0x82, 0x00, 0x09, 0xf5, 0x00, 0x00, 0x00, 0x00, 0x00, 0x00, 0x2e, 0xff, 0x91, 0x09, 0xf5,
    0x00, 0x00, 0x00, 0x00, 0x00, 0x00, 0x01, 0x7e, 0xfe, 0x29, 0xf5, 0x00, 0x00, 0x00, 0x00, 0x00,
    0x00, 0x00, 0x01, 0xaa, 0x09, 0xf5, 0x00, 0x00, 0x00, 0x00, 0x00, 0x06, 0x92, 0x00, 0x01, 0x0a,
    0xf4, 0x00, 0x00, 0x00, 0x00, 0x00, 0x0d, 0xff, 0xa2, 0x00, 0x0b, 0xf3, 0x00, 0x00, 0x00, 0x00,
    0x00, 0x00, 0x6d, 0xfe, 0x40, 0x0c, 0xf2, 0x00, 0x00, 0x00, 0x00, 0x00, 0x00, 0x01, 0x9e, 0x20,
    0x0e, 0xf0, 0x00, 0x00, 0x00, 0x00, 0x00, 0x00, 0x00, 0x01, 0x00, 0x0f, 0xe0, 0x00, 0x00, 0x00,
    0x00, 0x00, 0xef, 0xff, 0xff, 0xff, 0xff, 0xff, 0xff, 0xff, 0xff, 0x00, 0x00, 0xbc, 0xcc, 0xcc,
    0xcc, 0xef, 0xdc, 0xcc, 0xcc, 0xcc, 0x00, 0x00, 0x00, 0x00, 0x00, 0x01, 0xef, 0x20, 0x00, 0x00,
    0x00, 0x00, 0x00, 0x00, 0x00, 0x00, 0x08, 0xfa, 0x32, 0x00, 0x00, 0x00, 0x00, 0x00, 0x00, 0x00,
    0x00, 0x5f, 0xf4, 0xde, 0x81, 0x00, 0x00, 0x00, 0x00, 0x00, 0x00, 0x06, 0xff, 0x50, 0x5d, 0xfe,
    0x70, 0x00, 0x00, 0x00, 0x00, 0x03, 0xcf, 0xf7, 0x00, 0x00, 0x7e, 0xfc, 0x30, 0x00, 0x00, 0x27,
    0xcf, 0xfd, 0x30, 0x00, 0x00, 0x01, 0xbf, 0xf6, 0x00, 0x00, 0xaf, 0xfd, 0x70, 0x00, 0x00, 0x00,
    0x00, 0x07, 0xf9, 0x00, 0x00, 0x28, 0x40, 0x00, 0x00, 0x00, 0x00, 0x00, 0x00, 0x40, 0x00, 0x00,
    0x00, 0x00, 0x00, 0x00, 0x00, 0x00, 0x00, 0x00, 0x00, 0x00, 0x00, 0x00, 0x00, 0x00, 0x00, 0x00,
    0x00, 0x00, 0x00, 0x00, 0x00, 0x00, 0x00, 0x00, 0x00, 0x02, 0xb8, 0x00, 0x00, 0x00, 0x00, 0x00,
    0x00, 0x00, 0x00, 0x00, 0x07, 0xfa, 0x00, 0x00, 0x00, 0x00, 0x00, 0x00, 0x00, 0xff, 0xff, 0xff,
    0xff, 0xff, 0xff, 0xff, 0x00, 0x00, 0x00, 0x00, 0xfd, 0x88, 0x88, 0x99, 0x88, 0x88, 0xef, 0x00,
    0x00, 0x00, 0x00, 0xfb, 0x07, 0x40, 0xdb, 0x07, 0x70, 0xcf, 0x00, 0x00, 0x00, 0x00, 0xfb, 0x0a,
    0xe1, 0xdb, 0x2f, 0x80, 0xcf, 0x00, 0x00, 0x00, 0x00, 0xfb, 0x02, 0xc2, 0xdb, 0x5b, 0x00, 0xcf,
    0x00, 0x00, 0x00, 0x00, 0xfb, 0x8f, 0xff, 0xff, 0xff, 0xf7, 0xcf, 0x00, 0x00, 0x00, 0x00, 0xfb,
    0x35, 0x9f, 0xfc, 0x77, 0x52, 0xcf, 0x00, 0x00, 0x00, 0x00, 0xfb, 0x05, 0xfb, 0xdb, 0xbe, 0x50,
    0xcf, 0x00, 0x00, 0x00, 0x00, 0xfb, 0x8f, 0xb1, 0xdb, 0x19, 0xf4, 0xcf, 0x00, 0x00, 0x00, 0x00,
    0xfb, 0x39, 0x01, 0x65, 0x00, 0x50, 0xcf, 0x00, 0x00, 0x00, 0x00, 0x22, 0x00, 0x05, 0xfb, 0x00,
    0x00, 0x22, 0x00, 0x00, 0x00, 0xef, 0xff, 0xff, 0xff, 0xff, 0xff, 0xff, 0xff, 0xfd, 0x00, 0x00,
    0x9a, 0xaa, 0xaa, 0xaf, 0xff, 0xfa, 0xaa, 0xaa, 0xa9, 0x00, 0x00, 0x00, 0x00, 0x00, 0x9f, 0xb8,
    0xfb, 0x00, 0x00, 0x00, 0x00, 0x00, 0x00, 0x00, 0x2b, 0xfe, 0x20, 0xcf, 0xc4, 0x00, 0x00, 0x00,
    0x00, 0x13, 0x6b, 0xff, 0xd2, 0x00, 0x1a, 0xff, 0xd8, 0x53, 0x00, 0x02, 0xff, 0xff, 0xd6, 0x10,
    0x00, 0x00, 0x5c, 0xff, 0xfe, 0x10, 0x00, 0x8a, 0x73, 0x00, 0x00, 0x00, 0x00, 0x00, 0x37, 0xa6,
    0x00, 0x00, 0x00, 0x00, 0x00, 0x00, 0x00, 0x00, 0x00, 0x00, 0x00, 0x00, 0x00, 0x00, 0x00, 0x00,
    0x00, 0x00, 0x00, 0x00, 0x00, 0x00, 0x00, 0x00, 0x00, 0x0b, 0x80, 0x00, 0x00, 0x00, 0x00, 0x00,
    0x00, 0x00, 0x00, 0x00, 0x3f, 0xa0, 0x00, 0x00, 0x00, 0x00, 0x00, 0x00, 0x00, 0x00, 0x00, 0x5f,
    0x80, 0x00, 0x05, 0xcc, 0xcc, 0xcc, 0xc7, 0x00, 0x00, 0x00, 0x7f, 0x50, 0x00, 0x06, 0xff, 0xff,
    0xff, 0xf8, 0x00, 0x02, 0xbb, 0xdf, 0xcb, 0xbc, 0x76, 0xf6, 0x00, 0x05, 0xf8, 0x00, 0x02, 0xff,
    0xff, 0xff, 0xff, 0x96, 0xf6, 0x00, 0x05, 0xf8, 0x00, 0x00, 0x01, 0xfc, 0x00, 0x5f, 0x76, 0xf6,
    0x00, 0x05, 0xf8, 0x00, 0x00, 0x04, 0xf8, 0x00, 0x8f, 0x66, 0xf6, 0x00, 0x05, 0xf8, 0x00, 0x00,
    0x07, 0xf5, 0x00, 0xaf, 0x36, 0xf6, 0x00, 0x05, 0xf8, 0x00, 0x00, 0x0b, 0xf2, 0x00, 0xdf, 0x16,
    0xf6, 0x00, 0x05, 0xf8, 0x00, 0x00, 0x0e, 0xd0, 0x02, 0xfc, 0x06, 0xf6, 0x00, 0x05, 0xf8, 0x00,
    0x00, 0x3f, 0xf5, 0x06, 0xf8, 0x06, 0xf6, 0x00, 0x05, 0xf8, 0x00, 0x00, 0x07, 0xff, 0x7b, 0xf4,
    0x06, 0xf6, 0x00, 0x05, 0xf8, 0x00, 0x00, 0x00, 0x6f, 0xff, 0xd0, 0x06, 0xf6, 0x00, 0x05, 0xf8,
    0x00, 0x00, 0x00, 0x05, 0xff, 0xb0, 0x06, 0xf6, 0x00, 0x05, 0xf8, 0x00, 0x00, 0x00, 0x07, 0xff,
    0xf9, 0x06, 0xf6, 0x00, 0x05, 0xf8, 0x00, 0x00, 0x00, 0x5f, 0xf8, 0xff, 0x66, 0xff, 0xff, 0xff,
    0xf8, 0x00, 0x00, 0x29, 0xff, 0x50, 0x5d, 0x16, 0xfd, 0xcc, 0xcd, 0xf8, 0x00, 0x01, 0xef, 0xd4,
    0x00, 0x01, 0x06, 0xf6, 0x00, 0x05, 0xf8, 0x00, 0x00, 0x58, 0x10, 0x00, 0x00, 0x02, 0x52, 0x00,
    0x00, 0x00, 0x00, 0x00, 0x00, 0x00, 0x00, 0x00, 0x00, 0x00, 0x00, 0x00, 0x00, 0x00, 0x00, 0x00,
    0x00, 0x00, 0x00, 0x00, 0x00, 0x00, 0x00, 0x00, 0x00, 0x00, 0x00, 0x00, 0x00, 0x00, 0x00, 0x00,
    0x00, 0x00, 0x00, 0x00, 0x00, 0x01, 0xff, 0xff, 0xff, 0xff, 0xff, 0xff, 0xfc, 0x20, 0x00, 0x00,
    0x01, 0xdd, 0xdd, 0xdd, 0xdd, 0xdd, 0xef, 0xfc, 0x20, 0x00, 0x00, 0x00, 0x00, 0x00, 0x00, 0x00,
    0x06, 0xef, 0xa1, 0x00, 0x00, 0x00, 0x00, 0x00, 0x00, 0x00, 0x04, 0xbf, 0xe6, 0x00, 0x00, 0x00,
    0x00, 0x00, 0x00, 0x00, 0x00, 0xaf, 0xf9, 0x10, 0x00, 0x00, 0x00, 0x00, 0x00, 0x00, 0x00, 0x00,
    0xef, 0x30, 0x00, 0x00, 0x00, 0x00, 0x00, 0x00, 0x00, 0x00, 0x00, 0xef, 0x10, 0x00, 0x00, 0x00,
    0x00, 0x01, 0xdd, 0xdd, 0xdd, 0xdd, 0xff, 0xed, 0xdd, 0xdd, 0xdd, 0x10, 0x01, 0xff, 0xff, 0xff,
    0xff, 0xff, 0xff, 0xff, 0xff, 0xff, 0x10, 0x00, 0x00, 0x00, 0x00, 0x00, 0xef, 0x10, 0x00, 0x00,
    0x00, 0x00, 0x00, 0x00, 0x00, 0x00, 0x00, 0xef, 0x10, 0x00, 0x00, 0x00, 0x00, 0x00, 0x00, 0x00,
    0x00, 0x00, 0xef, 0x10, 0x00, 0x00, 0x00, 0x00, 0x00, 0x00, 0x00, 0x00, 0x00, 0xef, 0x10, 0x00,
    0x00, 0x00, 0x00, 0x00, 0x00, 0x00, 0x00, 0x00, 0xef, 0x10, 0x00, 0x00, 0x00, 0x00, 0x00, 0x00,
    0x00, 0x00, 0x00, 0xef, 0x10, 0x00, 0x00, 0x00, 0x00, 0x00, 0x00, 0x00, 0x00, 0x00, 0xef, 0x10,
    0x00, 0x00, 0x00, 0x00, 0x00, 0x00, 0x00, 0xbe, 0xef, 0xfe, 0x00, 0x00, 0x00, 0x00, 0x00, 0x00,
    0x00, 0x00, 0x5e, 0xed, 0xa3, 0x00, 0x00, 0x00, 0x00, 0x00, 0x00, 0x00, 0x00, 0x00, 0x00, 0x00,
    0x00, 0x00, 0x00, 0x00, 0x00, 0x00, 0x00, 0x00, 0x00, 0x00, 0x00, 0x00, 0x00, 0x00, 0x00, 0x00,
    0x00, 0x00, 0x00, 0x00, 0x04, 0xb6, 0x00, 0x00, 0x00, 0x00, 0x00, 0x00, 0x00, 0x00, 0x00, 0x03,
    0xfe, 0x10, 0x00, 0x00, 0x00, 0x00, 0x00, 0x6c, 0xcc, 0xcc, 0xcc, 0xff, 0xdc, 0xcc, 0xcc, 0xc6,
    0x00, 0x00, 0x7f, 0xff, 0xff, 0xff, 0xff, 0xff, 0xff, 0xff, 0xf7, 0x00, 0x00, 0x7f, 0x50, 0x00,
    0x00, 0x00, 0x00, 0x00, 0x07, 0xf7, 0x00, 0x00, 0x7f, 0x50, 0x00, 0x00, 0x00, 0x00, 0x00, 0x07,
    0xf7, 0x00, 0x00, 0x7f, 0x54, 0xbb, 0xbb, 0xbb, 0xbb, 0xba, 0x17, 0xf7, 0x00, 0x00, 0x00, 0x05,
    0xff, 0xff, 0xff, 0xff, 0xff, 0x40, 0x00, 0x00, 0x00, 0x00, 0x00, 0x00, 0x00, 0x00, 0x8f, 0xf5,
    0x00, 0x00, 0x00, 0x00, 0x00, 0x00, 0x00, 0x00, 0x09, 0xfe, 0x40, 0x00, 0x00, 0x00, 0x00, 0x00,
    0x00, 0x00, 0x00, 0xcf, 0xd2, 0x00, 0x00, 0x00, 0x00, 0x00, 0x00, 0x00, 0x00, 0x00, 0xff, 0x10,
    0x00, 0x00, 0x00, 0x00, 0x00, 0xaf, 0xff, 0xff, 0xff, 0xff, 0xff, 0xff, 0xff, 0xfa, 0x00, 0x00,
    0x8c, 0xcc, 0xcc, 0xcc, 0xff, 0xcc, 0xcc, 0xcc, 0xc8, 0x00, 0x00, 0x00, 0x00, 0x00, 0x00, 0xff,
    0x00, 0x00, 0x00, 0x00, 0x00, 0x00, 0x00, 0x00, 0x00, 0x00, 0xff, 0x00, 0x00, 0x00, 0x00, 0x00,
    0x00, 0x00, 0x00, 0x00, 0x00, 0xff, 0x00, 0x00, 0x00, 0x00, 0x00, 0x00, 0x00, 0x00, 0x00, 0x01,
    0xff, 0x00, 0x00, 0x00, 0x00, 0x00, 0x00, 0x00, 0x00, 0x5f, 0xff, 0xfd, 0x00, 0x00, 0x00, 0x00,
    0x00, 0x00, 0x00, 0x00, 0x0c, 0xdc, 0xa3, 0x00, 0x00, 0x00, 0x00, 0x00, 0x00, 0x00, 0x00, 0x00,
    0x00, 0x00, 0x00, 0x00, 0x00, 0x00, 0x00, 0x00, 0x00, 0x00, 0x00, 0x00, 0x00, 0x00, 0x00, 0x00,
    0x00, 0x00, 0x00, 0x00, 0x00, 0x00, 0x68, 0x20, 0x00, 0x00, 0x00, 0x00, 0x00, 0x00, 0x00, 0x00,
    0x00, 0xcf, 0x40, 0x00, 0x00, 0x00, 0x00, 0x00, 0x00, 0x00, 0x00, 0x02, 0xfe, 0x00, 0x00, 0x00,
    0x00, 0x00, 0x00, 0x00, 0xcf, 0xff, 0xff, 0xff, 0xff, 0xff, 0xff, 0xff, 0xfd, 0x00, 0x00, 0xac,
    0xcc, 0xdf, 0xfc, 0xcc, 0xcc, 0xcc, 0xcc, 0xca, 0x00, 0x00, 0x00, 0x00, 0x7f, 0xb0, 0x00, 0x00,
    0x00, 0x00, 0x00, 0x00, 0x00, 0x00, 0x02, 0xef, 0x40, 0x00, 0x00, 0x00, 0x00, 0x00, 0x00, 0x00,
    0x00, 0x0a, 0xfb, 0x08, 0xff, 0xff, 0xff, 0xff, 0x80, 0x00, 0x00, 0x00, 0x4f, 0xe2, 0x06, 0xbb,
    0xbb, 0xbd, 0xff, 0x50, 0x00, 0x00, 0x02, 0xef, 0x80, 0x00, 0x00, 0x00, 0x6e, 0xe5, 0x00, 0x00,
    0x00, 0x2d, 0xff, 0x70, 0x00, 0x00, 0x08, 0xfd, 0x30, 0x00, 0x00, 0x03, 0xef, 0xef, 0x70, 0x00,
    0x00, 0x0c, 0xf2, 0x00, 0x00, 0x00, 0x02, 0xfa, 0x7f, 0x72, 0xbb, 0xbb, 0xbe, 0xfc, 0xbb, 0xbb,
    0x20, 0x00, 0x40, 0x6f, 0x73, 0xff, 0xff, 0xff, 0xff, 0xff, 0xff, 0x30, 0x00, 0x00, 0x6f, 0x70,
    0x00, 0x00, 0x0c, 0xf1, 0x00, 0x00, 0x00, 0x00, 0x00, 0x6f, 0x70, 0x00, 0x00, 0x0c, 0xf1, 0x00,
    0x00, 0x00, 0x00, 0x00, 0x6f, 0x70, 0x00, 0x00, 0x0c, 0xf1, 0x00, 0x00, 0x00, 0x00, 0x00, 0x6f,
    0x70, 0x00, 0x00, 0x0d, 0xf1, 0x00, 0x00, 0x00, 0x00, 0x00, 0x6f, 0x70, 0x00, 0xcf, 0xff, 0xe0,
    0x00, 0x00, 0x00, 0x00, 0x00, 0x5c, 0x60, 0x00, 0x7c, 0xca, 0x40, 0x00, 0x00, 0x00, 0x00, 0x00,
    0x00, 0x00, 0x00, 0x00, 0x00, 0x00, 0x00, 0x00, 0x00, 0x00, 0x00, 0x00, 0x00, 0x00, 0x00, 0x00,
    0x00, 0x00, 0x00, 0x00, 0x00, 0x00, 0x00, 0x00, 0x05, 0xc7, 0x00, 0x00, 0x00, 0x00, 0x00, 0x00,
    0x00, 0x00, 0x00, 0x03, 0xfe, 0x10, 0x00, 0x00, 0x00, 0x00, 0x00, 0x6c, 0xcc, 0xcc, 0xcc, 0xff,
    0xdc, 0xcc, 0xcc, 0xc6, 0x00, 0x00, 0x7f, 0xff, 0xff, 0xff, 0xff, 0xff, 0xff, 0xff, 0xf7, 0x00,
    0x00, 0x7f, 0x60, 0x00, 0x00, 0x00, 0x00, 0x00, 0x07, 0xf7, 0x00, 0x00, 0x7f, 0x60, 0x00, 0x00,
    0x00, 0x00, 0x00, 0x07, 0xf7, 0x00, 0x00, 0x7f, 0x60, 0x00, 0x00, 0x00, 0x00, 0x00, 0x07, 0xf7,
    0x00, 0x00, 0x5b, 0x4a, 0xff, 0xff, 0xff, 0xff, 0xff, 0xb5, 0xb5, 0x00, 0x00, 0x00, 0x08, 0xcc,
    0xcc, 0xff, 0xcc, 0xcc, 0x90, 0x00, 0x00, 0x00, 0x00, 0x00, 0x00, 0x00, 0xfe, 0x00, 0x00, 0x00,
    0x00, 0x00, 0x00, 0x00, 0x08, 0x91, 0x00, 0xfe, 0x00, 0x00, 0x00, 0x00, 0x00, 0x00, 0x00, 0x0e,
    0xf1, 0x00, 0xfe, 0x00, 0x00, 0x00, 0x00, 0x00, 0x00, 0x00, 0x1f, 0xd0, 0x00, 0xff, 0xff, 0xff,
    0xfb, 0x00, 0x00, 0x00, 0x00, 0x6f, 0xd0, 0x00, 0xff, 0xcc, 0xcc, 0xc9, 0x00, 0x00, 0x00, 0x00,
    0xbf, 0xf7, 0x00, 0xfe, 0x00, 0x00, 0x00, 0x00, 0x00, 0x00, 0x03, 0xfd, 0xcf, 0x70, 0xfe, 0x00,
    0x00, 0x00, 0x00, 0x00, 0x00, 0x0c, 0xf6, 0x2d, 0xfc, 0xfe, 0x00, 0x00, 0x00, 0x00, 0x00, 0x01,
    0xbf, 0xc0, 0x02, 0xaf, 0xff, 0xfe, 0xed, 0xdd, 0xdd, 0x10, 0x01, 0xbe, 0x20, 0x00, 0x03, 0x8b,
    0xde, 0xff, 0xff, 0xfb, 0x00, 0x00, 0x13, 0x00, 0x00, 0x00, 0x00, 0x00, 0x00, 0x00, 0x00, 0x00,
    0x00, 0x00, 0x00, 0x00, 0x00, 0x00, 0x00, 0x00, 0x00, 0x00, 0x00, 0x00, 0x00, 0x00, 0x00, 0x00,
    0x00, 0x00, 0x00, 0x00, 0x00, 0x00, 0x00, 0x00, 0x00, 0x00, 0x04, 0xa7, 0x00, 0x00, 0x00, 0x00,
    0x00, 0x00, 0x00, 0x00, 0x00, 0x04, 0xfe, 0x10, 0x00, 0x00, 0x00, 0x00, 0x00, 0x7f, 0xff, 0xff,
    0xff, 0xff, 0xff, 0xff, 0xff, 0xf8, 0x00, 0x00, 0x7f, 0xdb, 0xbb, 0xbb, 0xbb, 0xbb, 0xbb, 0xbc,
    0xf8, 0x00, 0x00, 0x7f, 0x60, 0x00, 0x00, 0x00, 0x00, 0x00, 0x05, 0xf8, 0x00, 0x00, 0x7f, 0x67,
    0x99, 0x99, 0x99, 0x99, 0x99, 0x75, 0xf8, 0x00, 0x00, 0x7f, 0x6b, 0xff, 0xff, 0xff, 0xff, 0xff,
    0xb5, 0xf8, 0x00, 0x00, 0x00, 0x00, 0x01, 0x8f, 0xf6, 0x00, 0x00, 0x00, 0x00, 0x00, 0x00, 0x00,
    0x02, 0x8e, 0xff, 0xc0, 0x00, 0x00, 0x93, 0x00, 0x00, 0x00, 0x28, 0xcf, 0xfc, 0x57, 0xf5, 0x00,
    0x1b, 0xf7, 0x10, 0x00, 0x00, 0x2e, 0xfa, 0x50, 0x1a, 0xfe, 0x14, 0xde, 0x50, 0x00, 0x00, 0x00,
    0x03, 0x10, 0x18, 0xef, 0x9f, 0xcf, 0xf8, 0x00, 0x00, 0x00, 0x00, 0x00, 0x39, 0xef, 0xb2, 0x1e,
    0xf8, 0xed, 0x00, 0x00, 0x00, 0x00, 0x5d, 0xff, 0xa4, 0x03, 0xdf, 0xf2, 0x9f, 0x60, 0x00, 0x00,
    0x00, 0x1d, 0x82, 0x01, 0x8f, 0xfd, 0xf4, 0x2f, 0xe2, 0x00, 0x00, 0x00, 0x00, 0x01, 0x7e, 0xfc,
    0x39, 0xf4, 0x08, 0xfc, 0x10, 0x00, 0x00, 0x04, 0x9e, 0xfe, 0x60, 0x0b, 0xf3, 0x00, 0xbf, 0xd4,
    0x00, 0x00, 0xaf, 0xfd, 0x71, 0x10, 0x5f, 0xe0, 0x00, 0x1b, 0xff, 0x20, 0x00, 0x2a, 0x50, 0x01,
    0xff, 0xff, 0x70, 0x00, 0x00, 0x77, 0x00, 0x00, 0x00, 0x00, 0x00, 0x9b, 0xa5, 0x00, 0x00, 0x00,
    0x00, 0x00, 0x00, 0x00, 0x00, 0x00, 0x00, 0x00, 0x00, 0x00, 0x00, 0x00, 0x00, 0x00, 0x00, 0x00,
    0x00, 0x00, 0x00, 0x00, 0x00, 0x00, 0x00, 0x00, 0x00, 0x00, 0x00, 0x00, 0x03, 0xc8, 0x00, 0x00,
    0x00, 0x00, 0x00, 0x00, 0x00, 0x00, 0x00, 0x01, 0xfd, 0x00, 0x00, 0x00, 0x00, 0x00, 0x00, 0x8f,
    0xff, 0xff, 0xff, 0xff, 0xff, 0xff, 0xff, 0xf8, 0x00, 0x00, 0x8f, 0xca, 0xaa, 0xbb, 0xaa, 0xaa,
    0xaa, 0xac, 0xf8, 0x00, 0x00, 0x8f, 0x50, 0x00, 0xbd, 0x50, 0x00, 0x51, 0x05, 0xf8, 0x00, 0x00,
    0x8f, 0x50, 0x00, 0x4c, 0xfb, 0x17, 0xfc, 0x05, 0xf8, 0x00, 0x00, 0x01, 0x74, 0x1f, 0xa0, 0x7b,
    0x7f, 0xd2, 0x52, 0x10, 0x00, 0x00, 0x03, 0xfb, 0x1f, 0xa0, 0x1a, 0xfd, 0x23, 0xfd, 0x20, 0x00,
    0x00, 0x1c, 0xf3, 0x1f, 0xa6, 0xef, 0xa1, 0x16, 0x7f, 0xd1, 0x00, 0x00, 0xbf, 0x80, 0x1f, 0xff,
    0xe5, 0x00, 0x3f, 0x68, 0xfb, 0x00, 0x00, 0x49, 0x48, 0xdf, 0xff, 0x97, 0x78, 0xcf, 0x30, 0xba,
    0x10, 0x01, 0x9e, 0xff, 0xea, 0xdf, 0xff, 0xff, 0xe8, 0x00, 0x10, 0x00, 0x00, 0xbf, 0xa5, 0x00,
    0x00, 0x43, 0x00, 0x00, 0x00, 0x00, 0x00, 0x00, 0x21, 0x44, 0x00, 0x00, 0xfe, 0x00, 0x00, 0x66,
    0x00, 0x00, 0x00, 0x00, 0xdf, 0x00, 0x00, 0xfe, 0x00, 0x00, 0xdf, 0x00, 0x00, 0x00, 0x00, 0xdf,
    0x00, 0x00, 0xfe, 0x00, 0x00, 0xdf, 0x00, 0x00, 0x00, 0x00, 0xdf, 0x00, 0x00, 0xfe, 0x00, 0x00,
    0xdf, 0x00, 0x00, 0x00, 0x00, 0xdf, 0xff, 0xff, 0xff, 0xff, 0xff, 0xff, 0x00, 0x00, 0x00, 0x00,
    0xac, 0xcc, 0xcc, 0xcc, 0xcc, 0xcc, 0xff, 0x00, 0x00, 0x00, 0x00, 0x00, 0x00, 0x00, 0x00, 0x00,
    0x00, 0x89, 0x00, 0x00, 0x00, 0x00, 0x00, 0x00, 0x00, 0x00, 0x00, 0x00, 0x00, 0x00, 0x00, 0x00,
    0x00, 0x00, 0x00, 0x00, 0x00, 0x00, 0x00, 0x00, 0x00, 0x00, 0x00, 0x00, 0x07, 0xb2, 0x00, 0x00,
    0x19, 0x61, 0x00, 0x00, 0x00, 0x00, 0x00, 0x0a, 0xf3, 0x00, 0x00, 0xaf, 0xb0, 0x00, 0x00, 0x00,
    0x00, 0x00, 0x0a, 0xf3, 0x00, 0x1a, 0xff, 0xff, 0xff, 0xf7, 0x00, 0x00, 0x65, 0x0a, 0xf3, 0x06,
    0xef, 0xa8, 0x88, 0x8f, 0xf4, 0x00, 0x01, 0xef, 0x4a, 0xf3, 0xbf, 0xd6, 0x50, 0x00, 0xaf, 0x90,
    0x00, 0x00, 0x3e, 0xec, 0xf3, 0x38, 0x1b, 0xf6, 0x1b, 0xfb, 0x10, 0x00, 0x00, 0x06, 0xfe, 0xf3,
    0x00, 0x01, 0xcf, 0xef, 0x90, 0x00, 0x00, 0x00, 0x00, 0x4a, 0xf3, 0x00, 0x27, 0xdf, 0xe6, 0x00,
    0x00, 0x00, 0x00, 0x00, 0x0a, 0xf3, 0x7d, 0xff, 0xe7, 0x12, 0xfc, 0x00, 0x00, 0x00, 0x00, 0x0a,
    0xf3, 0x5d, 0x94, 0x00, 0x02, 0xfc, 0x00, 0x00, 0x00, 0x00, 0x3e, 0xf3, 0xbb, 0xbb, 0xbb, 0xbc,
    0xfe, 0xbb, 0x10, 0x00, 0x05, 0xef, 0xf3, 0xff, 0xff, 0xff, 0xff, 0xff, 0xff, 0x10, 0x00, 0x7f,
    0xec, 0xf3, 0x00, 0x61, 0x00, 0x02, 0xfc, 0x00, 0x00, 0x02, 0xfe, 0x4a, 0xf3, 0x07, 0xfa, 0x00,
    0x02, 0xfc, 0x00, 0x00, 0x00, 0x94, 0x0a, 0xf3, 0x00, 0xcf, 0x60, 0x02, 0xfc, 0x00, 0x00, 0x00,
    0x00, 0x0a, 0xf3, 0x00, 0x3f, 0xe1, 0x02, 0xfc, 0x00, 0x00, 0x00, 0x00, 0x0a, 0xf3, 0x00, 0x0a,
    0xd2, 0x02, 0xfc, 0x00, 0x00, 0x00, 0x00, 0x0a, 0xf3, 0x00, 0x01, 0x10, 0x02, 0xfc, 0x00, 0x00,
    0x00, 0x00, 0x0a, 0xf3, 0x00, 0x00, 0x0e, 0xff, 0xf9, 0x00, 0x00, 0x00, 0x00, 0x08, 0xc2, 0x00,
    0x00, 0x08, 0xba, 0x81, 0x00, 0x00, 0x00, 0x00, 0x00, 0x00, 0x00, 0x00, 0x00, 0x00, 0x00, 0x00,
    0x00, 0x00, 0x00, 0x00, 0x00, 0x00, 0x00, 0x00, 0x00, 0x00, 0x00, 0x00, 0x00, 0x00, 0x00, 0x00,
    0x00, 0x66, 0x10, 0x00, 0x00, 0x00, 0x00, 0x00, 0x00, 0x00, 0x00, 0x00, 0xff, 0x10, 0x00, 0x00,
    0x00, 0x00, 0x00, 0x00, 0x00, 0x00, 0x00, 0xff, 0x10, 0x00, 0x00, 0x00, 0x00, 0x00, 0x00, 0x00,
    0x00, 0x00, 0xff, 0x10, 0x00, 0x00, 0x00, 0x00, 0x00, 0x00, 0x00, 0x00, 0x00, 0xff, 0x10, 0x00,
    0x00, 0x00, 0x00, 0x00, 0x00, 0x25, 0x20, 0x00, 0xff, 0x10, 0x02, 0x70, 0x00, 0x00, 0x00, 0x00,
    0x7f, 0xc0, 0x00, 0xff, 0x10, 0x0e, 0xf4, 0x00, 0x00, 0x00, 0x00, 0xaf, 0x80, 0x00, 0xff, 0x10,
    0x08, 0xfb, 0x00, 0x00, 0x00, 0x00, 0xef, 0x30, 0x00, 0xff, 0x10, 0x01, 0xef, 0x30, 0x00, 0x00,
    0x03, 0xfe, 0x00, 0x00, 0xff, 0x10, 0x00, 0x9f, 0xb0, 0x00, 0x00, 0x08, 0xfa, 0x00, 0x00, 0xff,
    0x10, 0x00, 0x2f, 0xf2, 0x00, 0x00, 0x0d, 0xf5, 0x00, 0x00, 0xff, 0x10, 0x00, 0x0b, 0xf8, 0x00,
    0x00, 0x5f, 0xe0, 0x00, 0x00, 0xff, 0x10, 0x00, 0x06, 0xfe, 0x00, 0x01, 0xdf, 0x70, 0x00, 0x00,
    0xff, 0x10, 0x00, 0x01, 0xff, 0x30, 0x03, 0xdd, 0x00, 0x00, 0x00, 0xff, 0x10, 0x00, 0x00, 0xcf,
    0x70, 0x00, 0x02, 0x00, 0x00, 0x00, 0xff, 0x10, 0x00, 0x00, 0x66, 0x00, 0x00, 0x00, 0x00, 0x00,
    0x00, 0xff, 0x10, 0x00, 0x00, 0x00, 0x00, 0x00, 0x00, 0x00, 0x00, 0x00, 0xff, 0x10, 0x00, 0x00,
    0x00, 0x00, 0x00, 0x00, 0x00, 0x9e, 0xef, 0xfe, 0x00, 0x00, 0x00, 0x00, 0x00, 0x00, 0x00, 0x00,
    0x4f, 0xed, 0xb3, 0x00, 0x00, 0x00, 0x00, 0x00, 0x00, 0x00, 0x00, 0x00, 0x00, 0x00, 0x00, 0x00,
    0x00, 0x00, 0x00, 0x00, 0x00, 0x00, 0x00, 0x00, 0x00, 0x00, 0x00, 0x00, 0x00, 0x00, 0x00, 0x00,
    0x00, 0x00, 0x03, 0xfa, 0x00, 0x00, 0x00, 0x00, 0x00, 0x00, 0x00, 0x00, 0x00, 0x03, 0xfa, 0x00,
    0x00, 0x00, 0x00, 0x00, 0x00, 0x00, 0x00, 0x00, 0x03, 0xfa, 0x00, 0x00, 0x00, 0x00, 0x00, 0x00,
    0x00, 0x0a, 0xa1, 0x03, 0xfa, 0x00, 0x08, 0xa0, 0x00, 0x00, 0x00, 0x00, 0x3f, 0xc0, 0x03, 0xfa,
    0x00, 0x0b, 0xf5, 0x00, 0x00, 0x00, 0x00, 0xaf, 0x50, 0x03, 0xfa, 0x00, 0x02, 0xee, 0x10, 0x00,
    0x00, 0x02, 0xfd, 0x00, 0x03, 0xfa, 0x00, 0x00, 0x7f, 0x90, 0x00, 0x00, 0x0a, 0xf6, 0x00, 0x03,
    0xfa, 0x00, 0x00, 0x0d, 0xf3, 0x00, 0x00, 0x5f, 0xc0, 0x00, 0x03, 0xfa, 0x00, 0x00, 0x05, 0xfb,
    0x00, 0x00, 0xaf, 0x30, 0x00, 0x03, 0xfa, 0x00, 0x00, 0x00, 0xca, 0x00, 0x00, 0x02, 0x00, 0x00,
    0x03, 0xfa, 0x00, 0x03, 0x71, 0x10, 0x00, 0x00, 0x00, 0x00, 0x00, 0x03, 0xfa, 0x00, 0x2e, 0xf6,
    0x00, 0x00, 0x00, 0x00, 0x00, 0x00, 0x01, 0x64, 0x01, 0xdf, 0x80, 0x00, 0x00, 0x00, 0x00, 0x00,
    0x00, 0x00, 0x00, 0x6e, 0xfa, 0x00, 0x00, 0x00, 0x00, 0x00, 0x00, 0x00, 0x00, 0x4c, 0xff, 0x70,
    0x00, 0x00, 0x00, 0x00, 0x00, 0x00, 0x15, 0xae, 0xff, 0xb2, 0x00, 0x00, 0x00, 0x00, 0x02, 0x68,
    0xbd, 0xff, 0xfe, 0x94, 0x00, 0x00, 0x00, 0x00, 0x00, 0x01, 0xef, 0xff, 0xc9, 0x50, 0x00, 0x00,
    0x00, 0x00, 0x00, 0x00, 0x00, 0x55, 0x30, 0x00, 0x00, 0x00, 0x00, 0x00, 0x00, 0x00, 0x00, 0x00,
    0x00, 0x00, 0x00, 0x00, 0x00, 0x00, 0x00, 0x00, 0x00, 0x00, 0x00, 0x00, 0x00, 0x00, 0x00, 0x00,
    0x00, 0x00, 0x00, 0x00, 0x00, 0x00, 0x00, 0x04, 0x91, 0x00, 0x00, 0x00, 0x98, 0x00, 0x00, 0x00,
    0x00, 0x00, 0x07, 0xf6, 0x00, 0x00, 0x00, 0xec, 0x28, 0x00, 0x00, 0x00, 0x00, 0x02, 0xfc, 0x00,
    0x00, 0x00, 0xfc, 0x6f, 0x70, 0x00, 0x00, 0xff, 0xff, 0xff, 0xff, 0xf2, 0x00, 0xfc, 0x0a, 0xf2,
    0x00, 0x00, 0xaa, 0xaa, 0xaa, 0xaa, 0xa2, 0x00, 0xfb, 0x02, 0xe6, 0x00, 0x00, 0x00, 0x00, 0x00,
    0x00, 0x00, 0x00, 0xfb, 0x00, 0x10, 0x00, 0x00, 0x0f, 0xff, 0xff, 0xff, 0x69, 0xff, 0xff, 0xff,
    0xff, 0x20, 0x00, 0x0f, 0xc8, 0x88, 0xaf, 0x67, 0xbc, 0xfd, 0xbb, 0xbb, 0x20, 0x00, 0x0f, 0xa0,
    0x00, 0x5f, 0x60, 0x04, 0xf8, 0x00, 0x00, 0x00, 0x00, 0x0f, 0xc7, 0x77, 0xaf, 0x60, 0x06, 0xff,
    0xf0, 0x00, 0x00, 0x00, 0x0f, 0xff, 0xff, 0xff, 0x60, 0x07, 0xfd, 0xf0, 0x00, 0x00, 0x00, 0x00,
    0x01, 0xfa, 0x02, 0x00, 0x0b, 0xfa, 0xf0, 0x00, 0x00, 0x00, 0x08, 0xd1, 0xfa, 0x9d, 0x00, 0x0e,
    0xda, 0xf0, 0x00, 0x00, 0x00, 0x0d, 0xc1, 0xfa, 0x4f, 0x50, 0x3f, 0x8a, 0xf0, 0x00, 0x00, 0x00,
    0x2f, 0x81, 0xfa, 0x0d, 0xb0, 0x9f, 0x4a, 0xf0, 0x00, 0x00, 0x00, 0x8f, 0x31, 0xfa, 0x09, 0xc2,
    0xfd, 0x0a, 0xf0, 0x0b, 0x30, 0x01, 0xeb, 0x01, 0xfa, 0x01, 0x09, 0xf6, 0x0a, 0xf0, 0x0f, 0x70,
    0x00, 0x64, 0x01, 0xfa, 0x00, 0x6f, 0xd0, 0x09, 0xf1, 0x2f, 0x60, 0x00, 0x00, 0xbf, 0xf8, 0x01,
    0xee, 0x30, 0x07, 0xff, 0xff, 0x30, 0x00, 0x00, 0x48, 0x60, 0x00, 0x55, 0x00, 0x00, 0x47, 0x63,
    0x00, 0x00, 0x00, 0x00, 0x00, 0x00, 0x00, 0x00, 0x00, 0x00, 0x00, 0x00, 0x00, 0x00, 0x00, 0x00,
    0x00, 0x00, 0x00, 0x00, 0x00, 0x00, 0x00, 0x00, 0x00, 0x00, 0x00, 0x00, 0x88, 0x00, 0x00, 0x00,
    0x00, 0x00, 0x00, 0x00, 0x00, 0x00, 0x00, 0xff, 0x00, 0x00, 0x00, 0x00, 0x00, 0x00, 0x00, 0x00,
    0x00, 0x00, 0xff, 0x00, 0x00, 0x00, 0x00, 0x00, 0x00, 0x00, 0x00, 0x00, 0x00, 0xff, 0x00, 0x00,
    0x00, 0x00, 0x00, 0x00, 0x05, 0x50, 0x00, 0x00, 0xff, 0x00, 0x00, 0x05, 0x60, 0x00, 0x00, 0x0f,
    0xf0, 0x00, 0x00, 0xff, 0x00, 0x00, 0x0e, 0xf0, 0x00, 0x00, 0x0f, 0xf0, 0x00, 0x00, 0xff, 0x00,
    0x00, 0x0e, 0xf0, 0x00, 0x00, 0x0f, 0xf0, 0x00, 0x00, 0xff, 0x00, 0x00, 0x0e, 0xf0, 0x00, 0x00,
    0x0f, 0xf0, 0x00, 0x00, 0xff, 0x00, 0x00, 0x0e, 0xf0, 0x00, 0x00, 0x0f, 0xf0, 0x00, 0x00, 0xff,
    0x00, 0x00, 0x0e, 0xf0, 0x00, 0x00, 0x0f, 0xf0, 0x00, 0x00, 0xff, 0x00, 0x00, 0x0e, 0xf0, 0x00,
    0x00, 0x0f, 0xf0, 0x00, 0x00, 0xff, 0x00, 0x00, 0x0e, 0xf0, 0x00, 0x00, 0x0f, 0xf0, 0x00, 0x00,
    0xff, 0x00, 0x00, 0x0e, 0xf0, 0x00, 0x00, 0x0f, 0xf0, 0x00, 0x00, 0xff, 0x00, 0x00, 0x0e, 0xf0,
    0x00, 0x00, 0x0f, 0xf0, 0x00, 0x00, 0xff, 0x00, 0x00, 0x0e, 0xf0, 0x00, 0x00, 0x0f, 0xf0, 0x00,
    0x00, 0xff, 0x00, 0x00, 0x0e, 0xf0, 0x00, 0x00, 0x0f, 0xfe, 0xee, 0xee, 0xff, 0xee, 0xee, 0xef,
    0xf0, 0x00, 0x00, 0x0f, 0xff, 0xff, 0xff, 0xff, 0xff, 0xff, 0xff, 0xf0, 0x00, 0x00, 0x00, 0x00,
    0x00, 0x00, 0x00, 0x00, 0x00, 0x0e, 0xf0, 0x00, 0x00, 0x00, 0x00, 0x00, 0x00, 0x00, 0x00, 0x00,
    0x09, 0x90, 0x00, 0x00, 0x00, 0x00, 0x00, 0x00, 0x00, 0x00, 0x00, 0x00, 0x00, 0x00, 0x00, 0x00,
    0x00, 0x00, 0x00, 0x00, 0x00, 0x00, 0x00, 0x00, 0x00, 0x00, 0x00, 0x00, 0x00, 0x00, 0xbb, 0x00,
    0x00, 0x00, 0x00, 0x00, 0x00, 0x05, 0x72, 0x00, 0x00, 0xfe, 0x00, 0x00, 0x17, 0x50, 0x00, 0x00,
    0x0a, 0xf3, 0x00, 0x00, 0xfe, 0x00, 0x00, 0x3f, 0xc0, 0x00, 0x00, 0x0a, 0xf3, 0x00, 0x00, 0xfe,
    0x00, 0x00, 0x3f, 0xc0, 0x00, 0x00, 0x0a, 0xff, 0xff, 0xff, 0xff, 0xff, 0xff, 0xff, 0xc0, 0x00,
    0x00, 0x07, 0xbb, 0xbb, 0xbb, 0xbb, 0xbb, 0xbb, 0xbb, 0x90, 0x00, 0x00, 0x00, 0x00, 0x00, 0x00,
    0x00, 0x00, 0x00, 0x00, 0x00, 0x00, 0x00, 0x00, 0x00, 0x00, 0x00, 0x00, 0x00, 0x00, 0x00, 0x00,
    0x00, 0x00, 0xef, 0xff, 0xff, 0xff, 0xff, 0xff, 0xff, 0xff, 0xff, 0x00, 0x00, 0xcc, 0xcc, 0xcf,
    0xfd, 0xcc, 0xcc, 0xcc, 0xcc, 0xcc, 0x00, 0x00, 0x00, 0x00, 0x4f, 0xe1, 0x00, 0x00, 0x00, 0x00,
    0x00, 0x00, 0x00, 0x00, 0x01, 0xdf, 0x50, 0x00, 0x00, 0x00, 0x00, 0x00, 0x00, 0x00, 0x00, 0x0c,
    0xff, 0xbb, 0xbb, 0xbb, 0xbb, 0xbb, 0x70, 0x00, 0x00, 0x01, 0xbf, 0xff, 0xff, 0xff, 0xff, 0xff,
    0xff, 0xa0, 0x00, 0x00, 0x4e, 0xfe, 0xfc, 0x00, 0x00, 0x00, 0x00, 0x5f, 0xa0, 0x00, 0x04, 0xff,
    0xd3, 0xfc, 0x00, 0x00, 0x00, 0x00, 0x5f, 0xa0, 0x00, 0x01, 0xda, 0x11, 0xfc, 0x00, 0x00, 0x00,
    0x00, 0x5f, 0xa0, 0x00, 0x00, 0x20, 0x01, 0xfe, 0xaa, 0xaa, 0xaa, 0xaa, 0xcf, 0xa0, 0x00, 0x00,
    0x00, 0x01, 0xff, 0xff, 0xff, 0xff, 0xff, 0xff, 0xa0, 0x00, 0x00, 0x00, 0x01, 0xda, 0x00, 0x00,
    0x00, 0x00, 0x4c, 0x80, 0x00, 0x00, 0x00, 0x00, 0x00, 0x00, 0x00, 0x00, 0x00, 0x00, 0x00, 0x00,
    0x00, 0x00, 0x00, 0x00, 0x00, 0x00, 0x00, 0x00, 0x00, 0x00, 0x00, 0x00, 0x00, 0x00, 0x00, 0x88,
    0x10, 0x00, 0x00, 0x00, 0x00, 0x00, 0x00, 0x00, 0x00, 0x00, 0xef, 0x00, 0x00, 0x00, 0x00, 0x00,
    0x00, 0x00, 0x00, 0x00, 0x02, 0xfd, 0x00, 0x00, 0x00, 0x00, 0x00, 0x00, 0x00, 0x00, 0x00, 0x05,
    0xfa, 0x00, 0x00, 0x00, 0x00, 0x00, 0x00, 0x00, 0xbf, 0xff, 0xff, 0xff, 0xff, 0xff, 0xff, 0xff,
    0xfb, 0x00, 0x00, 0x9c, 0xcc, 0xcf, 0xfd, 0xcc, 0xcc, 0xcc, 0xcc, 0xc9, 0x00, 0x00, 0x00, 0x00,
    0x1f, 0xe0, 0x00, 0x00, 0x00, 0x00, 0x00, 0x00, 0x00, 0x00, 0x00, 0x5f, 0x90, 0x00, 0x00, 0x00,
    0x00, 0x00, 0x00, 0x00, 0x00, 0x00, 0xaf, 0x40, 0x00, 0x00, 0x00, 0x00, 0x00, 0x00, 0x00, 0x00,
    0x01, 0xff, 0xcc, 0xcc, 0xcc, 0xcc, 0xcc, 0xc3, 0x00, 0x00, 0x00, 0x07, 0xfa, 0xff, 0xff, 0xff,
    0xff, 0xff, 0xf3, 0x00, 0x00, 0x00, 0x0d, 0xf1, 0x00, 0x00, 0xdf, 0x10, 0x00, 0x00, 0x00, 0x00,
    0x00, 0x6f, 0x90, 0x00, 0x00, 0xdf, 0x10, 0x00, 0x00, 0x00, 0x00, 0x01, 0xef, 0x30, 0x00, 0x00,
    0xdf, 0x10, 0x00, 0x00, 0x00, 0x00, 0x09, 0xfa, 0x00, 0x00, 0x00, 0xdf, 0x10, 0x00, 0x00, 0x00,
    0x00, 0x6f, 0xe2, 0x00, 0x00, 0x00, 0xdf, 0x10, 0x00, 0x00, 0x00, 0x03, 0xff, 0x60, 0x00, 0x00,
    0x00, 0xdf, 0x10, 0x00, 0x00, 0x00, 0x02, 0xe8, 0x03, 0xcc, 0xcc, 0xcc, 0xff, 0xcc, 0xcc, 0xcc,
    0x10, 0x00, 0x20, 0x04, 0xff, 0xff, 0xff, 0xff, 0xff, 0xff, 0xff, 0x10, 0x00, 0x00, 0x00, 0x00,
    0x00, 0x00, 0x00, 0x00, 0x00, 0x00, 0x00, 0x00, 0x00, 0x00, 0x00, 0x00, 0x00, 0x00, 0x00, 0x00,
    0x00, 0x00, 0x00, 0x2d, 0xdd, 0xdd, 0xdd, 0xdd, 0xdd, 0xdd, 0xd8, 0x00, 0x00, 0x00, 0x3f, 0xff,
    0xff, 0xff, 0xff, 0xff, 0xff, 0xf9, 0x00, 0x00, 0x00, 0x00, 0x00, 0x00, 0x00, 0x00, 0x00, 0x06,
    0xf9, 0x00, 0x00, 0x00, 0x00, 0x00, 0x00, 0x00, 0x00, 0x00, 0x06, 0xf9, 0x00, 0x00, 0x00, 0x03,
    0xb8, 0x00, 0x00, 0x00, 0x00, 0x06, 0xf9, 0x00, 0x00, 0x00, 0x03, 0xfb, 0x00, 0x00, 0x00, 0x00,
    0x06, 0xf9, 0x00, 0x00, 0x00, 0x03, 0xfb, 0x00, 0x00, 0x00, 0x00, 0x06, 0xf9, 0x00, 0x00, 0x00,
    0x03, 0xfb, 0x00, 0x00, 0x00, 0x00, 0x06, 0xf9, 0x00, 0x00, 0x00, 0x03, 0xff, 0xff, 0xff, 0xff,
    0xff, 0xff, 0xf9, 0x00, 0x00, 0x00, 0x03, 0xfe, 0xdd, 0xdd, 0xdd, 0xdd, 0xde, 0xf9, 0x00, 0x00,
    0x00, 0x03, 0xfb, 0x00, 0x00, 0x00, 0x00, 0x05, 0xc7, 0x00, 0x00, 0x00, 0x03, 0xfb, 0x00, 0x00,
    0x00, 0x00, 0x00, 0x00, 0x00, 0x00, 0x00, 0x03, 0xfb, 0x00, 0x00, 0x00, 0x00, 0x00, 0x00, 0x41,
    0x00, 0x00, 0x03, 0xfb, 0x00, 0x00, 0x00, 0x00, 0x00, 0x00, 0xee, 0x10, 0x00, 0x03, 0xfb, 0x00,
    0x00, 0x00, 0x00, 0x00, 0x01, 0xfe, 0x00, 0x00, 0x02, 0xfd, 0x10, 0x00, 0x00, 0x00, 0x00, 0x09,
    0xfb, 0x00, 0x00, 0x00, 0xcf, 0xfe, 0xdd, 0xdd, 0xdd, 0xdd, 0xff, 0xf4, 0x00, 0x00, 0x00, 0x29,
    0xde, 0xff, 0xff, 0xff, 0xff, 0xdb, 0x40, 0x00, 0x00, 0x00, 0x00, 0x00, 0x00, 0x00, 0x00, 0x00,
    0x00, 0x00, 0x00, 0x00, 0x00, 0x00, 0x00, 0x00, 0x00, 0x00, 0x00, 0x00, 0x00, 0x00, 0x00, 0x00,
    0x00, 0x00, 0x06, 0xc3, 0x00, 0x00, 0x00, 0x00, 0x00, 0x00, 0x00, 0x00, 0x00, 0x07, 0xfb, 0x00,
    0x00, 0x00, 0x00, 0x00, 0x00, 0x00, 0x00, 0x00, 0x01, 0xef, 0x30, 0x00, 0x00, 0x00, 0x00, 0x01,
    0xcc, 0xcc, 0xcc, 0xcc, 0xef, 0xec, 0xcc, 0xcc, 0xcc, 0x10, 0x01, 0xff, 0xff, 0xff, 0xff, 0xff,
    0xff, 0xff, 0xff, 0xff, 0x10, 0x00, 0x00, 0x00, 0x00, 0x01, 0xfe, 0x00, 0x00, 0x00, 0x00, 0x00,
    0x00, 0x00, 0x00, 0x00, 0x01, 0xfe, 0x00, 0x00, 0x00, 0x00, 0x00, 0x00, 0x00, 0x00, 0x00, 0x01,
    0xfe, 0x00, 0x00, 0x00, 0x00, 0x00, 0x00, 0x03, 0xff, 0xff, 0xff, 0xff, 0xff, 0xff, 0xff, 0x60,
    0x00, 0x00, 0x03, 0xfe, 0xdd, 0xdd, 0xff, 0xdd, 0xdd, 0xef, 0x60, 0x00, 0x00, 0x03, 0xfa, 0x00,
    0x01, 0xfe, 0x00, 0x00, 0x8f, 0x60, 0x00, 0x00, 0x03, 0xfa, 0x00, 0x01, 0xfe, 0x00, 0x00, 0x8f,
    0x60, 0x00, 0x00, 0x03, 0xfa, 0x00, 0x01, 0xfe, 0x00, 0x00, 0x8f, 0x60, 0x00, 0x00, 0x03, 0xfa,
    0x00, 0x01, 0xfe, 0x00, 0x00, 0x8f, 0x60, 0x00, 0x00, 0x03, 0xfa, 0x00, 0x01, 0xfe, 0x00, 0x00,
    0x8f, 0x60, 0x00, 0x00, 0x03, 0xfa, 0x00, 0x01, 0xfe, 0x07, 0xcc, 0xef, 0x50, 0x00, 0x00, 0x03,
    0xfa, 0x00, 0x01, 0xfe, 0x04, 0xff, 0xd9, 0x00, 0x00, 0x00, 0x00, 0x11, 0x00, 0x01, 0xfe, 0x00,
    0x00, 0x00, 0x00, 0x00, 0x00, 0x00, 0x00, 0x00, 0x01, 0xfe, 0x00, 0x00, 0x00, 0x00, 0x00, 0x00,
    0x00, 0x00, 0x00, 0x01, 0x98, 0x00, 0x00, 0x00, 0x00, 0x00, 0x00, 0x00, 0x00, 0x00, 0x00, 0x00,
    0x00, 0x00, 0x00, 0x00, 0x00, 0x00, 0x00, 0x00, 0x00, 0x00, 0x00, 0x00, 0x00, 0x00, 0x00, 0x00,
    0x00, 0x00, 0x16, 0x10, 0x00, 0x89, 0x00, 0x01, 0x61, 0x00, 0x00, 0x00, 0x00, 0x8f, 0xa0, 0x00,
    0xef, 0x00, 0x0a, 0xfa, 0x00, 0x00, 0x00, 0x00, 0x1e, 0xf4, 0x00, 0xef, 0x00, 0x4f, 0xc1, 0x00,
    0x00, 0x00, 0x49, 0x9c, 0xd9, 0x99, 0xff, 0xa9, 0xae, 0xb9, 0x95, 0x00, 0x00, 0x6f, 0xff, 0xff,
    0xff, 0xff, 0xff, 0xff, 0xff, 0xf8, 0x00, 0x00, 0x6f, 0x60, 0x00, 0x00, 0x00, 0x00, 0x00, 0x05,
    0xf8, 0x00, 0x00, 0x6f, 0x61, 0x66, 0x66, 0x66, 0x66, 0x66, 0x25, 0xf8, 0x00, 0x00, 0x6f, 0x64,
    0xff, 0xff, 0xff, 0xff, 0xff, 0x55, 0xf8, 0x00, 0x00, 0x00, 0x04, 0xf8, 0x00, 0x00, 0x00, 0x8f,
    0x50, 0x00, 0x00, 0x00, 0x00, 0x04, 0xfb, 0x66, 0x66, 0x66, 0xbf, 0x50, 0x00, 0x00, 0x00, 0x00,
    0x04, 0xff, 0xff, 0xff, 0xff, 0xff, 0x50, 0x00, 0x00, 0x00, 0x00, 0x00, 0x00, 0x00, 0xbf, 0x30,
    0x00, 0x00, 0x00, 0x00, 0x00, 0x01, 0xaa, 0xaa, 0xaa, 0xef, 0xba, 0xaa, 0xaa, 0x40, 0x00, 0x00,
    0x02, 0xff, 0xff, 0xff, 0xff, 0xff, 0xff, 0xff, 0x50, 0x00, 0x00, 0x02, 0xfc, 0x00, 0x00, 0xbf,
    0x30, 0x00, 0x9f, 0x50, 0x00, 0x00, 0x02, 0xfc, 0x00, 0x00, 0xbf, 0x30, 0x00, 0x9f, 0x50, 0x00,
    0x00, 0x02, 0xfc, 0x00, 0x00, 0xbf, 0x30, 0x00, 0x9f, 0x50, 0x00, 0x00, 0x02, 0xfc, 0x00, 0x00,
    0xbf, 0x33, 0xaa, 0xef, 0x40, 0x00, 0x00, 0x01, 0xda, 0x00, 0x00, 0xbf, 0x31, 0xef, 0xe9, 0x00,
    0x00, 0x00, 0x00, 0x00, 0x00, 0x00, 0x9b, 0x20, 0x00, 0x00, 0x00, 0x00, 0x00, 0x00, 0x00, 0x00,
    0x00, 0x00, 0x00, 0x00, 0x00, 0x00, 0x00, 0x00, 0x00, 0x00, 0x00, 0x00, 0x00, 0x00, 0x00, 0x00,
    0x00, 0x00, 0x00, 0x00, 0x03, 0xa4, 0x00, 0x00, 0x00, 0x5a, 0x60, 0x00, 0x00, 0x00, 0x00, 0x05,
    0xfd, 0x10, 0x00, 0x00, 0xbf, 0x90, 0x00, 0x00, 0x00, 0x00, 0x00, 0xaf, 0x80, 0x00, 0x02, 0xfe,
    0x10, 0x00, 0x00, 0x00, 0x00, 0x00, 0x3f, 0xb0, 0x00, 0x09, 0xf8, 0x00, 0x00, 0x00, 0x00, 0x4c,
    0xcc, 0xce, 0xcc, 0xcc, 0xcf, 0xfd, 0xcc, 0xc5, 0x00, 0x00, 0x5f, 0xff, 0xff, 0xff, 0xff, 0xff,
    0xff, 0xff, 0xf7, 0x00, 0x00, 0x00, 0x00, 0x7f, 0x70, 0x00, 0x07, 0xf8, 0x00, 0x00, 0x00, 0x00,
    0x00, 0x00, 0x7f, 0x70, 0x00, 0x07, 0xf8, 0x00, 0x00, 0x00, 0x00, 0x00, 0x00, 0x7f, 0x70, 0x00,
    0x07, 0xf8, 0x00, 0x00, 0x00, 0x00, 0x00, 0x00, 0x7f, 0x70, 0x00, 0x07, 0xf8, 0x00, 0x00, 0x00,
    0x00, 0x00, 0x00, 0x7f, 0x70, 0x00, 0x07, 0xf8, 0x00, 0x00, 0x00, 0x00, 0xff, 0xff, 0xff, 0xff,
    0xff, 0xff, 0xff, 0xff, 0xff, 0x10, 0x00, 0xcc, 0xcc, 0xef, 0xdc, 0xcc, 0xce, 0xfe, 0xcc, 0xcc,
    0x10, 0x00, 0x00, 0x00, 0xcf, 0x30, 0x00, 0x07, 0xf8, 0x00, 0x00, 0x00, 0x00, 0x00, 0x02, 0xff,
    0x10, 0x00, 0x07, 0xf8, 0x00, 0x00, 0x00, 0x00, 0x00, 0x0a, 0xfa, 0x00, 0x00, 0x07, 0xf8, 0x00,
    0x00, 0x00, 0x00, 0x00, 0x7f, 0xf3, 0x00, 0x00, 0x07, 0xf8, 0x00, 0x00, 0x00, 0x00, 0x18, 0xff,
    0x60, 0x00, 0x00, 0x07, 0xf8, 0x00, 0x00, 0x00, 0x00, 0xaf, 0xf7, 0x00, 0x00, 0x00, 0x07, 0xf8,
    0x00, 0x00, 0x00, 0x00, 0x1b, 0x30, 0x00, 0x00, 0x00, 0x05, 0xc7, 0x00, 0x00, 0x00, 0x00, 0x00,
    0x00, 0x00, 0x00, 0x00, 0x00, 0x00, 0x00, 0x00, 0x00, 0x00, 0x00, 0x00, 0x00, 0x00, 0x00, 0x00,
    0x00, 0x00, 0x00, 0x00, 0x00, 0x00, 0x00, 0x00, 0x00, 0x5b, 0x50, 0x00, 0x00, 0x00, 0x00, 0x00,
    0x00, 0x00, 0x00, 0x00, 0x4f, 0xd0, 0x00, 0x00, 0x00, 0x00, 0x00, 0x08, 0xbb, 0xbb, 0xbb, 0xbf,
    0xfc, 0xbb, 0xbb, 0xbb, 0x10, 0x00, 0x0b, 0xff, 0xff, 0xff, 0xff, 0xff, 0xff, 0xff, 0xff, 0x10,
    0x00, 0x0b, 0xf2, 0x00, 0x00, 0x00, 0x00, 0x00, 0x00, 0x00, 0x00, 0x00, 0x0b, 0xf2, 0x18, 0x88,
    0x88, 0x88, 0x88, 0x85, 0x00, 0x00, 0x00, 0x0b, 0xf2, 0x2f, 0xff, 0xff, 0xff, 0xff, 0xfe, 0x10,
    0x00, 0x00, 0x0b, 0xf2, 0x00, 0x01, 0x00, 0x00, 0x8f, 0xe3, 0x00, 0x00, 0x00, 0x0b, 0xf2, 0x00,
    0x3e, 0xc4, 0x1b, 0xfc, 0x20, 0x00, 0x00, 0x00, 0x0b, 0xf2, 0x00, 0x18, 0xff, 0xef, 0x91, 0x00,
    0x00, 0x00, 0x00, 0x0b, 0xf1, 0x00, 0x00, 0x2a, 0xff, 0x91, 0x00, 0x10, 0x00, 0x00, 0x0c, 0xf4,
    0xff, 0xff, 0xff, 0xff, 0xff, 0xff, 0xfa, 0x00, 0x00, 0x0d, 0xe2, 0x99, 0x99, 0x9b, 0xfd, 0x99,
    0x9e, 0xf5, 0x00, 0x00, 0x0f, 0xd0, 0x00, 0x00, 0x05, 0xf9, 0x00, 0x5f, 0xb0, 0x00, 0x00, 0x2f,
    0xb0, 0x00, 0x00, 0x05, 0xf9, 0x02, 0xee, 0x20, 0x00, 0x00, 0x5f, 0x80, 0x00, 0x00, 0x05, 0xf9,
    0x01, 0x74, 0x00, 0x00, 0x00, 0x9f, 0x40, 0x00, 0x00, 0x05, 0xf9, 0x00, 0x00, 0x00, 0x00, 0x01,
    0xee, 0x10, 0x00, 0x00, 0x05, 0xf9, 0x00, 0x00, 0x00, 0x00, 0x05, 0xf9, 0x00, 0x00, 0xbe, 0xef,
    0xf7, 0x00, 0x00, 0x00, 0x00, 0x00, 0x63, 0x00, 0x00, 0x5b, 0xba, 0x70, 0x00, 0x00, 0x00, 0x00,
    0x00, 0x00, 0x00, 0x00, 0x00, 0x00, 0x00, 0x00, 0x00, 0x00, 0x00, 0x00, 0x00, 0x00, 0x00, 0x00,
    0x00, 0x00, 0x00, 0x00, 0x00, 0x00, 0x00, 0x00, 0x00, 0x00, 0x00, 0x49, 0x50, 0x00, 0x00, 0x00,
    0x00, 0x00, 0x00, 0x00, 0x00, 0x00, 0x4f, 0xc0, 0x00, 0x00, 0x00, 0x00, 0x00, 0x08, 0xbb, 0xbb,
    0xbb, 0xbf, 0xfc, 0xbb, 0xbb, 0xbb, 0x10, 0x00, 0x0a, 0xff, 0xff, 0xff, 0xff, 0xff, 0xff, 0xff,
    0xff, 0x20, 0x00, 0x0a, 0xf3, 0x00, 0x00, 0x76, 0x10, 0x00, 0x00, 0x00, 0x00, 0x00, 0x0a, 0xf3,
    0x00, 0x01, 0xef, 0x30, 0x00, 0x00, 0x00, 0x00, 0x00, 0x0a, 0xf3, 0x8a, 0xab, 0xff, 0xaa, 0xaa,
    0xaa, 0xa4, 0x00, 0x00, 0x0a, 0xf3, 0xbf, 0xff, 0xff, 0xff, 0xff, 0xff, 0xf5, 0x00, 0x00, 0x0a,
    0xf3, 0x00, 0x4f, 0xb0, 0x01, 0x10, 0x00, 0x00, 0x00, 0x00, 0x0b, 0xf2, 0x00, 0xcf, 0x30, 0x5f,
    0x90, 0x00, 0x00, 0x00, 0x00, 0x0b, 0xf2, 0x07, 0xf9, 0x00, 0x5f, 0x90, 0x00, 0x00, 0x00, 0x00,
    0x0c, 0xf1, 0x0e, 0xff, 0xff, 0xff, 0xff, 0xff, 0xc0, 0x00, 0x00, 0x0d, 0xf0, 0x0a, 0xcb, 0xbb,
    0xcf, 0xdb, 0xbb, 0x80, 0x00, 0x00, 0x0e, 0xd0, 0x00, 0x00, 0x00, 0x5f, 0x90, 0x00, 0x00, 0x00,
    0x00, 0x2f, 0xb0, 0x00, 0x00, 0x00, 0x5f, 0x90, 0x00, 0x00, 0x00, 0x00, 0x5f, 0x84, 0xff, 0xff,
    0xff, 0xff, 0xff, 0xff, 0xff, 0x20, 0x00, 0x9f, 0x53, 0xbb, 0xbb, 0xbb, 0xcf, 0xdb, 0xbb, 0xbb,
    0x10, 0x01, 0xef, 0x10, 0x00, 0x00, 0x00, 0x5f, 0x90, 0x00, 0x00, 0x00, 0x04, 0xfa, 0x00, 0x00,
    0x00, 0x00, 0x5f, 0x90, 0x00, 0x00, 0x00, 0x00, 0x54, 0x00, 0x00, 0x00, 0x00, 0x3b, 0x60, 0x00,
    0x00, 0x00, 0x00, 0x00, 0x00, 0x00, 0x00, 0x00, 0x00, 0x00, 0x00, 0x00, 0x00, 0x00, 0x00, 0x00,
    0x00, 0x00, 0x00, 0x00, 0x00, 0x00, 0x00, 0x00, 0x00, 0x00, 0x00, 0x00, 0x00, 0x4a, 0x60, 0x00,
    0x00, 0x00, 0x00, 0x00, 0x00, 0x00, 0x00, 0x00, 0x4f, 0xd0, 0x00, 0x00, 0x00, 0x00, 0x00, 0x07,
    0xbb, 0xbb, 0xbb, 0xbf, 0xfc, 0xbb, 0xbb, 0xbb, 0x00, 0x00, 0x09, 0xff, 0xff, 0xff, 0xff, 0xff,
    0xff, 0xff, 0xff, 0x00, 0x00, 0x09, 0xf4, 0x00, 0x26, 0x30, 0x00, 0x16, 0x40, 0x00, 0x00, 0x00,
    0x09, 0xf4, 0x00, 0x4f, 0x80, 0x00, 0x2f, 0xb0, 0x00, 0x00, 0x00, 0x09, 0xf6, 0x88, 0xaf, 0xb8,
    0x88, 0x9f, 0xd8, 0x86, 0x00, 0x00, 0x09, 0xf8, 0xff, 0xff, 0xff, 0xff, 0xff, 0xff, 0xfc, 0x00,
    0x00, 0x09, 0xf4, 0x00, 0x4f, 0x80, 0x00, 0x2f, 0xb0, 0x00, 0x00, 0x00, 0x0a, 0xf3, 0x00, 0x4f,
    0xb7, 0x77, 0x8f, 0xb0, 0x00, 0x00, 0x00, 0x0a, 0xf3, 0x00, 0x4f, 0xff, 0xff, 0xff, 0xb0, 0x00,
    0x00, 0x00, 0x0b, 0xf2, 0x00, 0x00, 0x00, 0x00, 0x00, 0x00, 0x00, 0x00, 0x00, 0x0c, 0xf1, 0x88,
    0x88, 0x88, 0x88, 0x88, 0x88, 0x10, 0x00, 0x00, 0x0e, 0xe1, 0xff, 0xff, 0xff, 0xff, 0xff, 0xff,
    0x40, 0x00, 0x00, 0x2f, 0xc0, 0x02, 0xee, 0x30, 0x00, 0x1b, 0xf8, 0x00, 0x00, 0x00, 0x4f, 0x90,
    0x00, 0x5f, 0xe6, 0x04, 0xdf, 0x90, 0x00, 0x00, 0x00, 0x8f, 0x60, 0x00, 0x04, 0xdf, 0xef, 0xf6,
    0x00, 0x00, 0x00, 0x00, 0xdf, 0x21, 0x35, 0x8c, 0xff, 0xff, 0xfc, 0x85, 0x31, 0x00, 0x03, 0xfc,
    0x0c, 0xff, 0xfe, 0xa5, 0x26, 0xbf, 0xff, 0xfe, 0x10, 0x00, 0x45, 0x04, 0x85, 0x30, 0x00, 0x00,
    0x01, 0x47, 0x95, 0x00, 0x00, 0x00, 0x00, 0x00, 0x00, 0x00, 0x00, 0x00, 0x00, 0x00, 0x00, 0x00,
    0x00, 0x00, 0x00, 0x00, 0x00, 0x00, 0x00, 0x00, 0x00, 0x00, 0x00, 0x00, 0x00, 0x00, 0x00, 0x2a,
    0x70, 0x00, 0x00, 0x00, 0x00, 0x00, 0x00, 0x00, 0x00, 0x00, 0x1e, 0xe0, 0x00, 0x00, 0x00, 0x00,
    0x00, 0x09, 0xaa, 0xaa, 0xaa, 0xae, 0xfb, 0xaa, 0xaa, 0xaa, 0x10, 0x00, 0x0c, 0xff, 0xff, 0xff,
    0xff, 0xff, 0xff, 0xff, 0xff, 0x10, 0x00, 0x0c, 0xf0, 0x00, 0x00, 0x00, 0x00, 0x00, 0x00, 0x00,
    0x00, 0x00, 0x0c, 0xf1, 0x88, 0x89, 0x50, 0x00, 0x35, 0x8d, 0xb0, 0x00, 0x00, 0x0c, 0xf2, 0xff,
    0xff, 0x95, 0xdf, 0xff, 0xfc, 0x91, 0x00, 0x00, 0x0c, 0xf0, 0x00, 0xbe, 0x12, 0xa8, 0x9f, 0x70,
    0x00, 0x00, 0x00, 0x0d, 0xf0, 0x04, 0xf7, 0x00, 0x00, 0x5f, 0x70, 0x00, 0x00, 0x00, 0x0d, 0xf0,
    0x1d, 0xd0, 0x00, 0x99, 0xbf, 0xc9, 0x94, 0x00, 0x00, 0x0d, 0xe1, 0xcf, 0xff, 0xc1, 0xff, 0xff,
    0xff, 0xf7, 0x00, 0x00, 0x0e, 0xd0, 0x97, 0x7f, 0xb0, 0x00, 0x5f, 0x70, 0x00, 0x00, 0x00, 0x0f,
    0xc1, 0x62, 0x4f, 0x70, 0x00, 0x5f, 0x70, 0x00, 0x00, 0x00, 0x1f, 0xb1, 0xe9, 0x9f, 0x30, 0x00,
    0x5f, 0x70, 0x00, 0x00, 0x00, 0x4f, 0x90, 0x8e, 0xeb, 0x0c, 0xff, 0xff, 0xff, 0xfe, 0x00, 0x00,
    0x6f, 0x60, 0x2f, 0xf5, 0x07, 0x99, 0x99, 0x99, 0x98, 0x00, 0x00, 0x9f, 0x40, 0x4f, 0xfb, 0x10,
    0x00, 0x00, 0x00, 0x00, 0x00, 0x00, 0xef, 0x11, 0xdf, 0xef, 0xe7, 0x31, 0x00, 0x00, 0x00, 0x00,
    0x03, 0xfa, 0x2d, 0xf8, 0x1a, 0xff, 0xff, 0xff, 0xff, 0xff, 0x30, 0x00, 0x65, 0x09, 0x70, 0x00,
    0x25, 0x78, 0xaa, 0xaa, 0xa9, 0x00, 0x00, 0x00, 0x00, 0x00, 0x00, 0x00, 0x00, 0x00, 0x00, 0x00,
    0x00, 0x00, 0x00, 0x00, 0x00, 0x00, 0x00, 0x00, 0x00, 0x00, 0x00, 0x00, 0x00, 0x5f, 0xff, 0xff,
    0xff, 0xff, 0xff, 0xff, 0xff, 0xf7, 0x00, 0x00, 0x4c, 0xcc, 0xdf, 0xec, 0xcc, 0xcd, 0xfe, 0xcc,
    0xc5, 0x00, 0x00, 0x00, 0x00, 0x5f, 0x90, 0x00, 0x04, 0xfb, 0x00, 0x00, 0x00, 0x00, 0x00, 0x00,
    0x5f, 0x90, 0x00, 0x04, 0xfb, 0x00, 0x00, 0x00, 0x00, 0x00, 0x00, 0x5f, 0x90, 0x00, 0x04, 0xfb,
    0x00, 0x00, 0x00, 0x00, 0x00, 0x00, 0x5f, 0x90, 0x00, 0x04, 0xfb, 0x00, 0x00, 0x00, 0x00, 0x00,
    0x00, 0x5f, 0x90, 0x00, 0x04, 0xfb, 0x00, 0x00, 0x00, 0x00, 0xcc, 0xcc, 0xdf, 0xec, 0xcc, 0xcd,
    0xfe, 0xcc, 0xcc, 0x10, 0x00, 0xff, 0xff, 0xff, 0xff, 0xff, 0xff, 0xff, 0xff, 0xff, 0x10, 0x00,
    0x00, 0x00, 0x9f, 0x60, 0x00, 0x04, 0xfb, 0x00, 0x00, 0x00, 0x00, 0x00, 0x00, 0xcf, 0x40, 0x00,
    0x04, 0xfb, 0x00, 0x00, 0x00, 0x00, 0x00, 0x01, 0xff, 0x10, 0x00, 0x04, 0xfb, 0x00, 0x00, 0x00,
    0x00, 0x00, 0x07, 0xfa, 0x00, 0x00, 0x04, 0xfb, 0x00, 0x00, 0x00, 0x00, 0x00, 0x2e, 0xf5, 0x00,
    0x00, 0x04, 0xfb, 0x00, 0x00, 0x00, 0x00, 0x01, 0xcf, 0xb0, 0x00, 0x00, 0x04, 0xfb, 0x00, 0x00,
    0x00, 0x00, 0x2c, 0xfe, 0x10, 0x00, 0x00, 0x04, 0xfb, 0x00, 0x00, 0x00, 0x00, 0xbf, 0xd3, 0x00,
    0x00, 0x00, 0x04, 0xfb, 0x00, 0x00, 0x00, 0x00, 0x19, 0x10, 0x00, 0x00, 0x00, 0x03, 0xc9, 0x00,
    0x00, 0x00, 0x00, 0x00, 0x00, 0x00, 0x00, 0x00, 0x00, 0x00, 0x00, 0x00, 0x00, 0x00, 0x00, 0x00,
    0x00, 0x00, 0x00, 0x00, 0x00, 0x00, 0x00, 0x00, 0x00, 0x00, 0x00, 0x00, 0x00, 0x00, 0x9a, 0x11,
    0x71, 0x00, 0x00, 0x00, 0x00, 0x00, 0x00, 0x00, 0x00, 0xdf, 0x27, 0xfc, 0x20, 0x00, 0x00, 0x00,
    0x00, 0x00, 0x00, 0x00, 0xdf, 0x20, 0x8f, 0xd1, 0x00, 0x00, 0x00, 0x00, 0x00, 0x00, 0x00, 0xdf,
    0x20, 0x08, 0x70, 0x00, 0x00, 0xef, 0xff, 0xff, 0xff, 0xff, 0xff, 0xff, 0xff, 0xff, 0x00, 0x00,
    0xdd, 0xdd, 0xdd, 0xdd, 0xdd, 0xef, 0xed, 0xdd, 0xdd, 0x00, 0x00, 0x00, 0x00, 0x00, 0x00, 0x00,
    0xaf, 0x50, 0x00, 0x00, 0x00, 0x00, 0x00, 0x00, 0x00, 0x00, 0x00, 0x8f, 0x70, 0x00, 0x00, 0x00,
    0x00, 0x00, 0x00, 0x00, 0x00, 0x00, 0x6f, 0x90, 0x00, 0x00, 0x00, 0x00, 0x3f, 0xff, 0xff, 0xff,
    0xf8, 0x5f, 0xa0, 0x00, 0x00, 0x00, 0x00, 0x3d, 0xdd, 0xff, 0xdd, 0xd7, 0x3f, 0xc0, 0x00, 0x00,
    0x00, 0x00, 0x00, 0x00, 0xdf, 0x00, 0x00, 0x1f, 0xe0, 0x00, 0x00, 0x00, 0x00, 0x00, 0x00, 0xdf,
    0x00, 0x00, 0x0e, 0xf2, 0x00, 0x00, 0x00, 0x00, 0x00, 0x00, 0xdf, 0x00, 0x00, 0x0b, 0xf5, 0x00,
    0x00, 0x00, 0x00, 0x00, 0x00, 0xdf, 0x00, 0x00, 0x07, 0xf9, 0x00, 0x46, 0x00, 0x00, 0x00, 0x00,
    0xdf, 0x01, 0x47, 0x12, 0xfe, 0x00, 0x5f, 0x60, 0x00, 0x00, 0x13, 0xef, 0xdf, 0xff, 0x20, 0xcf,
    0x50, 0x7f, 0x40, 0x00, 0x8c, 0xff, 0xff, 0xfc, 0x95, 0x10, 0x5f, 0xe3, 0xaf, 0x20, 0x00, 0x9f,
    0xeb, 0x85, 0x10, 0x00, 0x00, 0x0b, 0xff, 0xfc, 0x00, 0x00, 0x23, 0x00, 0x00, 0x00, 0x00, 0x00,
    0x01, 0x9d, 0xc3, 0x00, 0x00, 0x00, 0x00, 0x00, 0x00, 0x00, 0x00, 0x00, 0x00, 0x00, 0x00, 0x00,
    0x00, 0x00, 0x00, 0x00, 0x00, 0x00, 0x00, 0x00, 0x00, 0x00, 0x00, 0x00, 0x00, 0x00, 0x00, 0xbb,
    0x00, 0x00, 0x00, 0x00, 0x00, 0x00, 0x02, 0x83, 0x00, 0x01, 0xff, 0x00, 0x00, 0x6b, 0x50, 0x00,
    0x00, 0x07, 0xfb, 0x00, 0x01, 0xff, 0x00, 0x00, 0xcf, 0x70, 0x00, 0x00, 0x00, 0xdf, 0x50, 0x01,
    0xff, 0x00, 0x03, 0xfe, 0x10, 0x00, 0x00, 0x00, 0x5f, 0xd0, 0x01, 0xff, 0x00, 0x0a, 0xf7, 0x00,
    0x00, 0x00, 0x00, 0x0d, 0xf4, 0x01, 0xff, 0x00, 0x3f, 0xe1, 0x00, 0x00, 0x00, 0x00, 0x07, 0xb3,
    0x01, 0xff, 0x00, 0x6e, 0x60, 0x00, 0x00, 0x00, 0x00, 0x00, 0x00, 0x01, 0xff, 0x00, 0x01, 0x00,
    0x00, 0x00, 0x00, 0x06, 0xff, 0xff, 0xff, 0xff, 0xff, 0xff, 0xff, 0x80, 0x00, 0x00, 0x05, 0xee,
    0xee, 0xee, 0xee, 0xee, 0xee, 0xef, 0x80, 0x00, 0x00, 0x00, 0x00, 0x00, 0x00, 0x00, 0x00, 0x00,
    0x7f, 0x80, 0x00, 0x00, 0x00, 0x00, 0x00, 0x00, 0x00, 0x00, 0x00, 0x7f, 0x80, 0x00, 0x00, 0x00,
    0x8c, 0xcc, 0xcc, 0xcc, 0xcc, 0xcc, 0xef, 0x80, 0x00, 0x00, 0x00, 0xaf, 0xff, 0xff, 0xff, 0xff,
    0xff, 0xff, 0x80, 0x00, 0x00, 0x00, 0x00, 0x00, 0x00, 0x00, 0x00, 0x00, 0x7f, 0x80, 0x00, 0x00,
    0x00, 0x00, 0x00, 0x00, 0x00, 0x00, 0x00, 0x7f, 0x80, 0x00, 0x00, 0x00, 0x00, 0x00, 0x00, 0x00,
    0x00, 0x00, 0x7f, 0x80, 0x00, 0x00, 0x0b, 0xff, 0xff, 0xff, 0xff, 0xff, 0xff, 0xff, 0x80, 0x00,
    0x00, 0x0a, 0xdd, 0xdd, 0xdd, 0xdd, 0xdd, 0xdd, 0xef, 0x80, 0x00, 0x00, 0x00, 0x00, 0x00, 0x00,
    0x00, 0x00, 0x00, 0x6b, 0x60, 0x00, 0x00, 0x00, 0x00, 0x00, 0x00, 0x00, 0x00, 0x00, 0x00, 0x00,
    0x00, 0x00, 0x00, 0x00, 0x00, 0x00, 0x00, 0x00, 0x00, 0x00, 0x00, 0x00, 0x00, 0x00, 0x00, 0x00,
    0x00, 0x00, 0x00, 0x00, 0x04, 0x40, 0x00, 0x00, 0xab, 0xbb, 0xbb, 0xbb, 0xbb, 0x50, 0x00, 0x5f,
    0xe2, 0x00, 0x00, 0xef, 0xff, 0xff, 0xff, 0xff, 0x70, 0x06, 0xfe, 0x30, 0x00, 0x00, 0x00, 0xbf,
    0x00, 0x3f, 0xa0, 0x01, 0xaf, 0xe3, 0x00, 0x00, 0x00, 0x00, 0xbf, 0x00, 0x3f, 0xa0, 0x4e, 0xfc,
    0x20, 0x00, 0x00, 0x00, 0x00, 0xbf, 0x00, 0x3f, 0xa0, 0x1c, 0x90, 0x00, 0x00, 0x00, 0x00, 0x00,
    0xbf, 0x00, 0x3f, 0xa0, 0x00, 0x00, 0x02, 0xb4, 0x00, 0x00, 0x00, 0xbf, 0x00, 0x3f, 0xa0, 0x00,
    0x00, 0x1d, 0xf6, 0x00, 0x03, 0xbb, 0xef, 0xbb, 0xcf, 0xeb, 0x80, 0x02, 0xdf, 0x70, 0x00, 0x04,
    0xff, 0xff, 0xff, 0xff, 0xff, 0xb0, 0x6e, 0xf8, 0x00, 0x00, 0x00, 0x00, 0xcf, 0x00, 0x3f, 0xa0,
    0x1b, 0xff, 0x60, 0x00, 0x00, 0x00, 0x00, 0xde, 0x00, 0x3f, 0xa0, 0x1c, 0xd3, 0x00, 0x10, 0x00,
    0x00, 0x00, 0xfc, 0x00, 0x3f, 0xa0, 0x01, 0x10, 0x00, 0xdc, 0x20, 0x00, 0x03, 0xfa, 0x00, 0x3f,
    0xa0, 0x00, 0x00, 0x08, 0xfc, 0x00, 0x00, 0x06, 0xf7, 0x00, 0x3f, 0xa0, 0x00, 0x00, 0x7f, 0xe2,
    0x00, 0x00, 0x0b, 0xf4, 0x00, 0x3f, 0xa0, 0x00, 0x07, 0xff, 0x40, 0x00, 0x00, 0x2f, 0xd0, 0x00,
    0x3f, 0xa0, 0x01, 0xbf, 0xf5, 0x00, 0x00, 0x00, 0xbf, 0x80, 0x00, 0x3f, 0xa0, 0x6e, 0xfe, 0x40,
    0x00, 0x00, 0x03, 0xfd, 0x10, 0x00, 0x3f, 0xa2, 0xef, 0xb2, 0x00, 0x00, 0x00, 0x00, 0x54, 0x00,
    0x00, 0x2b, 0x70, 0x45, 0x00, 0x00, 0x00, 0x00, 0x00, 0x00, 0x00, 0x00, 0x00, 0x00, 0x00, 0x00,
    0x00, 0x00, 0x00, 0x00, 0x00, 0x00, 0x00, 0x00, 0x00, 0x00, 0x00, 0x00, 0x00, 0x00, 0x00, 0x00,
    0x00, 0x00, 0x01, 0x54, 0x00, 0x00, 0x03, 0x10, 0x00, 0x00, 0x13, 0x56, 0x8a, 0xdf, 0xfe, 0x20,
    0x00, 0x2e, 0xe4, 0x00, 0x01, 0xff, 0xff, 0xff, 0xec, 0x96, 0x10, 0x03, 0xdf, 0x80, 0x00, 0x00,
    0x67, 0x64, 0x33, 0x00, 0x21, 0x00, 0x6e, 0xf9, 0x00, 0x00, 0x00, 0x28, 0x00, 0xdb, 0x00, 0x9f,
    0x6b, 0xff, 0x80, 0x00, 0x00, 0x00, 0x6f, 0x70, 0x8f, 0x30, 0xed, 0x1a, 0xe4, 0x00, 0x00, 0x00,
    0x00, 0x0c, 0xe1, 0x2f, 0x96, 0xf7, 0x00, 0x20, 0x01, 0x61, 0x00, 0x00, 0x05, 0xf5, 0x18, 0x2c,
    0xd0, 0x00, 0x00, 0x0b, 0xfa, 0x00, 0x00, 0x00, 0x30, 0x7f, 0x61, 0x30, 0x00, 0x01, 0xbf, 0xc1,
    0x00, 0x00, 0x00, 0x00, 0x7f, 0x60, 0x00, 0x00, 0x4d, 0xfc, 0x10, 0x00, 0x00, 0xef, 0xff, 0xff,
    0xff, 0xff, 0x59, 0xff, 0xa1, 0x00, 0x00, 0x00, 0xab, 0xbc, 0xff, 0xfc, 0xbb, 0x48, 0xe6, 0x00,
    0x00, 0x00, 0x00, 0x00, 0x09, 0xff, 0xfc, 0x10, 0x00, 0x20, 0x00, 0x65, 0x00, 0x00, 0x00, 0x5f,
    0xff, 0xdf, 0xc1, 0x00, 0x00, 0x04, 0xff, 0x30, 0x00, 0x03, 0xef, 0xaf, 0x69, 0xfb, 0x00, 0x00,
    0x3e, 0xf8, 0x00, 0x00, 0x3e, 0xf6, 0x7f, 0x60, 0xbd, 0x10, 0x03, 0xef, 0xa0, 0x00, 0x04, 0xff,
    0x80, 0x7f, 0x60, 0x12, 0x00, 0x7f, 0xfb, 0x00, 0x00, 0x01, 0xe8, 0x00, 0x7f, 0x60, 0x00, 0x5d,
    0xff, 0x80, 0x00, 0x00, 0x00, 0x20, 0x00, 0x7f, 0x60, 0x01, 0xdf, 0xd5, 0x00, 0x00, 0x00, 0x00,
    0x00, 0x00, 0x5b, 0x40, 0x00, 0x37, 0x10, 0x00, 0x00, 0x00, 0x00, 0x00, 0x00, 0x00, 0x00, 0x00,
    0x00, 0x00, 0x00, 0x00, 0x00, 0x00, 0x00, 0x00, 0x00, 0x00, 0x00, 0x00, 0x00, 0x00, 0x00, 0x00,
    0x00, 0x00, 0x03, 0x60, 0x00, 0x00, 0x09, 0x80, 0x00, 0x00, 0x00, 0x00, 0x00, 0x1d, 0xf5, 0x00,
    0x00, 0x0f, 0xd0, 0x00, 0x00, 0x00, 0x00, 0x01, 0xbf, 0x90, 0x00, 0x00, 0x0f, 0xd0, 0x00, 0x00,
    0x00, 0x00, 0x2c, 0xfb, 0x00, 0x5f, 0xff, 0xff, 0xff, 0xff, 0xf5, 0x00, 0x01, 0xef, 0xb1, 0x00,
    0x3b, 0xbb, 0xbf, 0xeb, 0xbb, 0xb3, 0x00, 0x00, 0xb8, 0x02, 0xc7, 0x00, 0x00, 0x0f, 0xd0, 0x00,
    0x00, 0x00, 0x00, 0x10, 0x0b, 0xf7, 0x00, 0x00, 0x0f, 0xd0, 0x00, 0x00, 0x00, 0x00, 0x00, 0x7f,
    0xc7, 0xff, 0xff, 0xff, 0xff, 0xff, 0xff, 0x50, 0x00, 0x05, 0xff, 0x55, 0xbb, 0xbb, 0xbb, 0xbc,
    0xfe, 0xbb, 0x30, 0x00, 0x5f, 0xff, 0x50, 0x00, 0x00, 0x00, 0x04, 0xf9, 0x00, 0x00, 0x04, 0xff,
    0xef, 0x50, 0x00, 0x00, 0x00, 0x04, 0xf9, 0x00, 0x00, 0x02, 0xf9, 0x7f, 0x54, 0xff, 0xff, 0xff,
    0xff, 0xff, 0xff, 0x20, 0x00, 0x40, 0x7f, 0x53, 0xbb, 0xbb, 0xbb, 0xbc, 0xfe, 0xbb, 0x20, 0x00,
    0x00, 0x7f, 0x50, 0x03, 0xa1, 0x00, 0x04, 0xf9, 0x00, 0x00, 0x00, 0x00, 0x7f, 0x50, 0x08, 0xfa,
    0x00, 0x04, 0xf9, 0x00, 0x00, 0x00, 0x00, 0x7f, 0x50, 0x00, 0xcf, 0x50, 0x04, 0xf9, 0x00, 0x00,
    0x00, 0x00, 0x7f, 0x50, 0x00, 0x4f, 0xc0, 0x04, 0xf9, 0x00, 0x00, 0x00, 0x00, 0x7f, 0x50, 0x00,
    0x08, 0x20, 0x04, 0xf9, 0x00, 0x00, 0x00, 0x00, 0x7f, 0x50, 0x00, 0x00, 0x1e, 0xef, 0xf7, 0x00,
    0x00, 0x00, 0x00, 0x6c, 0x40, 0x00, 0x00, 0x09, 0xcb, 0x81, 0x00, 0x00, 0x00, 0x00, 0x00, 0x00,
    0x00, 0x00, 0x00, 0x00, 0x00, 0x00, 0x00, 0x00, 0x00, 0x00, 0x00, 0x00, 0x00, 0x00, 0x00, 0x00,
    0x00, 0x00, 0x00, 0x00, 0x04, 0x61, 0x00, 0x00, 0x39, 0x40, 0x00, 0x00, 0x00, 0x00, 0x00, 0x1d,
    0xf5, 0x00, 0x00, 0x5f, 0x70, 0x00, 0x00, 0x00, 0x00, 0x01, 0xcf, 0x70, 0x39, 0x99, 0xbf, 0xc9,
    0x99, 0x80, 0x00, 0x00, 0x3d, 0xfa, 0x00, 0x6f, 0xff, 0xff, 0xff, 0xff, 0xe0, 0x00, 0x01, 0xef,
    0x80, 0x10, 0x00, 0x00, 0x5f, 0x70, 0x0e, 0xe0, 0x00, 0x00, 0x85, 0x03, 0xfa, 0x99, 0x99, 0xbf,
    0xc9, 0x9e, 0xf9, 0x30, 0x00, 0x00, 0x0d, 0xf8, 0xff, 0xff, 0xff, 0xff, 0xff, 0xff, 0x40, 0x00,
    0x00, 0x8f, 0xa0, 0x00, 0x00, 0x5f, 0x70, 0x0e, 0xe0, 0x00, 0x00, 0x05, 0xff, 0x40, 0x00, 0x00,
    0x5f, 0x70, 0x0e, 0xe0, 0x00, 0x00, 0x4e, 0xff, 0x30, 0x7f, 0xff, 0xff, 0xff, 0xff, 0xe0, 0x00,
    0x04, 0xef, 0xef, 0x30, 0x48, 0x88, 0xbf, 0xc8, 0x88, 0x80, 0x00, 0x02, 0xf9, 0x8f, 0x30, 0x00,
    0x00, 0x5f, 0x70, 0x00, 0x00, 0x00, 0x00, 0x50, 0x8f, 0x30, 0xbf, 0xff, 0xff, 0xff, 0xff, 0xf3,
    0x00, 0x00, 0x00, 0x8f, 0x30, 0x79, 0x99, 0xbf, 0xc9, 0x99, 0x92, 0x00, 0x00, 0x00, 0x8f, 0x30,
    0x00, 0x00, 0x5f, 0x70, 0x00, 0x00, 0x00, 0x00, 0x00, 0x8f, 0x39, 0xff, 0xff, 0xff, 0xff, 0xff,
    0xff, 0x10, 0x00, 0x00, 0x8f, 0x36, 0xaa, 0xaa, 0xcf, 0xda, 0xaa, 0xaa, 0x10, 0x00, 0x00, 0x8f,
    0x30, 0x00, 0x00, 0x5f, 0x70, 0x00, 0x00, 0x00, 0x00, 0x00, 0x8f, 0x30, 0x00, 0x00, 0x5f, 0x70,
    0x00, 0x00, 0x00, 0x00, 0x00, 0x6b, 0x20, 0x00, 0x00, 0x4b, 0x50, 0x00, 0x00, 0x00, 0x00, 0x00,
    0x00, 0x00, 0x00, 0x00, 0x00, 0x00, 0x00, 0x00, 0x00, 0x00, 0x00, 0x00, 0x00, 0x00, 0x00, 0x00,
    0x00, 0x00, 0x00, 0x00, 0x00, 0x00, 0x00, 0x00, 0x01, 0x00, 0x00, 0x00, 0x00, 0x00, 0x00, 0x00,
    0x00, 0x00, 0x00, 0xac, 0x20, 0x00, 0x00, 0x00, 0x00, 0x00, 0x00, 0x00, 0x00, 0x01, 0xbf, 0xe5,
    0x00, 0x00, 0x00, 0x00, 0x00, 0x00, 0x00, 0x00, 0x00, 0x08, 0xff, 0x90, 0x00, 0x00, 0x00, 0x00,
    0x00, 0x00, 0x00, 0x00, 0x00, 0x5e, 0xfa, 0x00, 0x00, 0x00, 0x00, 0x00, 0x00, 0x00, 0x00, 0x00,
    0x03, 0xef, 0x30, 0x00, 0x00, 0x00, 0x00, 0x00, 0x00, 0x1e, 0xc0, 0x00, 0x35, 0x00, 0x00, 0x00,
    0x00, 0x00, 0x04, 0x41, 0x2f, 0xd0, 0x00, 0x00, 0x00, 0x8e, 0x10, 0x00, 0x00, 0x0a, 0xf4, 0x2f,
    0xd0, 0x00, 0x00, 0x00, 0xaf, 0x60, 0x00, 0x00, 0x0c, 0xf2, 0x2f, 0xd0, 0x00, 0x00, 0x00, 0x4f,
    0xc0, 0x00, 0x00, 0x0e, 0xe0, 0x2f, 0xd0, 0x00, 0x00, 0x00, 0x0d, 0xf3, 0x00, 0x00, 0x2f, 0xc0,
    0x2f, 0xd0, 0x00, 0x00, 0x00, 0x08, 0xf8, 0x00, 0x00, 0x5f, 0x90, 0x2f, 0xd0, 0x00, 0x00, 0x00,
    0x03, 0xfd, 0x00, 0x00, 0x9f, 0x60, 0x2f, 0xd0, 0x00, 0x00, 0x0a, 0x30, 0xef, 0x20, 0x00, 0xdf,
    0x30, 0x2f, 0xd0, 0x00, 0x00, 0x1f, 0xb0, 0xaf, 0x40, 0x01, 0xbe, 0x00, 0x2f, 0xd0, 0x00, 0x00,
    0x3f, 0x90, 0x31, 0x00, 0x00, 0x01, 0x00, 0x1f, 0xe0, 0x00, 0x00, 0x6f, 0x70, 0x00, 0x00, 0x00,
    0x00, 0x00, 0x0e, 0xfd, 0xcb, 0xbc, 0xff, 0x20, 0x00, 0x00, 0x00, 0x00, 0x00, 0x04, 0xce, 0xff,
    0xff, 0xd6, 0x00, 0x00, 0x00, 0x00, 0x00, 0x00, 0x00, 0x00, 0x00, 0x00, 0x00, 0x00, 0x00, 0x00,
    0x00, 0x00, 0x00, 0x00, 0x00, 0x00, 0x00, 0x00, 0x00, 0x00, 0x00, 0x00, 0x00, 0x00, 0x00, 0x00,
    0x00, 0x6a, 0x33, 0x81, 0x00, 0x00, 0x00, 0x00, 0x00, 0x00, 0x00, 0x00, 0x8f, 0x46, 0xfd, 0x20,
    0x00, 0x00, 0x05, 0x88, 0x88, 0x88, 0x88, 0xbf, 0xa8, 0xbf, 0x98, 0x00, 0x00, 0x09, 0xff, 0xff,
    0xff, 0xff, 0xff, 0xff, 0xff, 0xff, 0x00, 0x00, 0x09, 0xf2, 0x00, 0x00, 0x00, 0x4f, 0x80, 0x01,
    0x00, 0x00, 0x00, 0x09, 0xf5, 0xff, 0xff, 0xff, 0x2f, 0xa0, 0x0d, 0xc0, 0x00, 0x00, 0x0a, 0xf3,
    0x55, 0x55, 0x55, 0x0e, 0xc0, 0x5f, 0x80, 0x00, 0x00, 0x0b, 0xf1, 0x55, 0x55, 0x53, 0x0c, 0xf2,
    0xdf, 0x20, 0x00, 0x00, 0x0c, 0xe1, 0xff, 0xff, 0xfb, 0x07, 0xfc, 0xf8, 0x00, 0x00, 0x00, 0x0e,
    0xd0, 0xf8, 0x00, 0xbb, 0x03, 0xff, 0xd0, 0x24, 0x00, 0x00, 0x3f, 0x90, 0xf8, 0x00, 0xbb, 0x04,
    0xff, 0x50, 0x4f, 0x30, 0x00, 0x8f, 0x50, 0xff, 0xff, 0xfb, 0x7f, 0xff, 0xd3, 0x8f, 0x10, 0x01,
    0xee, 0x10, 0x55, 0x55, 0x54, 0xdd, 0x36, 0xff, 0xfc, 0x00, 0x00, 0x76, 0x00, 0x00, 0x04, 0xd4,
    0x11, 0x00, 0x49, 0x92, 0x00, 0x00, 0x03, 0x40, 0xdf, 0x12, 0xee, 0x30, 0x00, 0x6d, 0x20, 0x00,
    0x00, 0x0a, 0xf4, 0xdf, 0x10, 0x4f, 0xd1, 0x13, 0x5f, 0xa0, 0x00, 0x00, 0x2f, 0xd0, 0xdf, 0x10,
    0x07, 0x91, 0x4f, 0x7c, 0xf4, 0x00, 0x00, 0xbf, 0x60, 0xcf, 0x30, 0x00, 0x00, 0x9f, 0x55, 0xfb,
    0x00, 0x01, 0x9c, 0x00, 0x9f, 0xff, 0xff, 0xff, 0xfe, 0x10, 0x84, 0x00, 0x00, 0x00, 0x00, 0x05,
    0x78, 0x88, 0x88, 0x61, 0x00, 0x00, 0x00, 0x00, 0x00, 0x00, 0x00, 0x00, 0x00, 0x00, 0x00, 0x00,
    0x00, 0x00, 0x00, 0x00, 0x00, 0x00, 0x00, 0x00, 0x00, 0x00, 0x00, 0x00, 0x00, 0x00, 0x00, 0x00,
    0x00, 0x01, 0x67, 0x00, 0x00, 0x00, 0x00, 0x00, 0x00, 0x00, 0x00, 0x00, 0x00, 0xef, 0x20, 0x00,
    0x00, 0x00, 0x00, 0x00, 0x04, 0x99, 0x99, 0x99, 0xdf, 0xb9, 0x99, 0x99, 0x80, 0x00, 0x00, 0x07,
    0xff, 0xff, 0xff, 0xff, 0xff, 0xff, 0xff, 0xe0, 0x00, 0x00, 0x07, 0xf7, 0x00, 0x00, 0x00, 0x00,
    0x00, 0x0e, 0xe0, 0x00, 0x00, 0x07, 0xf7, 0x00, 0x00, 0x00, 0x00, 0x00, 0x0e, 0xe0, 0x00, 0x00,
    0x07, 0xff, 0xff, 0xff, 0xff, 0xff, 0xff, 0xff, 0xe0, 0x00, 0x00, 0x07, 0xfc, 0x99, 0x99, 0x9a,
    0xd9, 0x99, 0x99, 0x90, 0x00, 0x00, 0x07, 0xf6, 0x00, 0x00, 0x0b, 0xf4, 0x00, 0x00, 0x00, 0x00,
    0x00, 0x08, 0xf6, 0x00, 0x00, 0x03, 0xf8, 0x00, 0x00, 0x00, 0x00, 0x00, 0x08, 0xf5, 0xff, 0xff,
    0xff, 0xff, 0xff, 0xff, 0xf8, 0x00, 0x00, 0x0a, 0xf4, 0x88, 0x8c, 0xfb, 0x88, 0x88, 0x88, 0x84,
    0x00, 0x00, 0x0b, 0xf2, 0x00, 0x09, 0xf4, 0x00, 0x00, 0x00, 0x00, 0x00, 0x00, 0x0d, 0xf1, 0x00,
    0x0c, 0xf9, 0x77, 0x77, 0x77, 0x20, 0x00, 0x00, 0x1f, 0xd0, 0x00, 0x2f, 0xff, 0xff, 0xff, 0xff,
    0x30, 0x00, 0x00, 0x4f, 0xa0, 0x00, 0x8f, 0x90, 0x00, 0x00, 0xbf, 0x20, 0x00, 0x00, 0x8f, 0x70,
    0x05, 0xfe, 0x20, 0x00, 0x00, 0xdf, 0x00, 0x00, 0x00, 0xef, 0x21, 0x8f, 0xf6, 0x00, 0x11, 0x03,
    0xfc, 0x00, 0x00, 0x04, 0xfc, 0x09, 0xfe, 0x50, 0x00, 0x6f, 0xff, 0xf7, 0x00, 0x00, 0x00, 0x45,
    0x01, 0x71, 0x00, 0x00, 0x17, 0x77, 0x40, 0x00, 0x00, 0x00, 0x00, 0x00, 0x00, 0x00, 0x00, 0x00,
    0x00, 0x00, 0x00, 0x00, 0x00, 0x00, 0x00, 0x00, 0x00, 0x00, 0x00, 0x00, 0x00, 0x00, 0x00, 0x00,
    0x00, 0x00, 0x00, 0x00, 0x00, 0x00, 0x36, 0xa2, 0x00, 0x00, 0x00, 0x00, 0x13, 0x45, 0x67, 0x9b,
    0xdf, 0xff, 0xfc, 0x00, 0x00, 0x00, 0x0a, 0xff, 0xff, 0xff, 0xff, 0xec, 0xa8, 0x41, 0x00, 0x00,
    0x00, 0x04, 0x98, 0x76, 0x54, 0xff, 0x00, 0x00, 0x00, 0x00, 0x00, 0x00, 0x00, 0x00, 0x00, 0x00,
    0xff, 0x00, 0x00, 0x00, 0x00, 0x00, 0x00, 0x00, 0x00, 0x00, 0x00, 0xff, 0x00, 0x00, 0x00, 0x00,
    0x00, 0x00, 0x09, 0xcc, 0xcc, 0xcc, 0xff, 0xcc, 0xcc, 0xcc, 0xb0, 0x00, 0x00, 0x0b, 0xff, 0xff,
    0xff, 0xff, 0xff, 0xff, 0xff, 0xe0, 0x00, 0x00, 0x00, 0x00, 0x00, 0x00, 0xff, 0x00, 0x00, 0x00,
    0x00, 0x00, 0x00, 0x00, 0x00, 0x00, 0x00, 0xff, 0x00, 0x00, 0x00, 0x00, 0x00, 0x00, 0x00, 0x00,
    0x00, 0x00, 0xff, 0x00, 0x00, 0x00, 0x00, 0x00, 0x01, 0xcc, 0xcc, 0xcc, 0xcc, 0xff, 0xcc, 0xcc,
    0xcc, 0xcc, 0x10, 0x01, 0xff, 0xff, 0xff, 0xff, 0xff, 0xff, 0xff, 0xff, 0xff, 0x20, 0x00, 0x00,
    0x00, 0x00, 0x00, 0xff, 0x00, 0x00, 0x00, 0x00, 0x00, 0x00, 0x00, 0x00, 0x00, 0x00, 0xff, 0x00,
    0x00, 0x00, 0x00, 0x00, 0x00, 0x00, 0x00, 0x00, 0x00, 0xff, 0x00, 0x00, 0x00, 0x00, 0x00, 0x00,
    0x00, 0x00, 0x00, 0x00, 0xff, 0x00, 0x00, 0x00, 0x00, 0x00, 0x00, 0x00, 0x00, 0x00, 0x01, 0xff,
    0x00, 0x00, 0x00, 0x00, 0x00, 0x00, 0x00, 0x01, 0xff, 0xff, 0xfc, 0x00, 0x00, 0x00, 0x00, 0x00,
    0x00, 0x00, 0x00, 0x8d, 0xcb, 0x92, 0x00, 0x00, 0x00, 0x00, 0x00, 0x00, 0x00, 0x00, 0x00, 0x00,
    0x00, 0x00, 0x00, 0x00, 0x00, 0x00, 0x00, 0x00, 0x00, 0x00, 0x00, 0x00, 0x00, 0x00, 0x00, 0x00,
    0x00, 0x00, 0x00, 0x2a, 0x60, 0x00, 0x00, 0x00, 0x00, 0x00, 0x00, 0x00, 0x00, 0x00, 0x4f, 0x90,
    0x00, 0x00, 0x00, 0x00, 0x00, 0x00, 0x00, 0x00, 0x00, 0x4f, 0x90, 0x07, 0xbb, 0xbb, 0xbb, 0xbb,
    0xb2, 0x00, 0x00, 0x00, 0x4f, 0x90, 0x09, 0xff, 0xff, 0xff, 0xff, 0xf3, 0x00, 0x01, 0xbb, 0xcf,
    0xdb, 0xb0, 0x00, 0x00, 0x00, 0x09, 0xf3, 0x00, 0x01, 0xff, 0xff, 0xff, 0xf1, 0x00, 0x00, 0x00,
    0x09, 0xf3, 0x00, 0x00, 0x00, 0x4f, 0x90, 0x00, 0x00, 0x00, 0x00, 0x09, 0xf3, 0x00, 0x00, 0x00,
    0x4f, 0x90, 0x00, 0x00, 0x00, 0x00, 0x09, 0xf3, 0x00, 0x00, 0x00, 0x4f, 0x90, 0x00, 0x00, 0x00,
    0x00, 0x09, 0xf3, 0x00, 0x00, 0x00, 0x4f, 0x93, 0x72, 0xff, 0xff, 0xff, 0xff, 0xf3, 0x00, 0x00,
    0x14, 0x9f, 0xff, 0xf4, 0xdd, 0xdd, 0xdd, 0xde, 0xf3, 0x00, 0x03, 0xff, 0xff, 0xea, 0x61, 0x00,
    0x00, 0x00, 0x09, 0xf3, 0x00, 0x00, 0xeb, 0xaf, 0x90, 0x00, 0x00, 0x00, 0x00, 0x09, 0xf3, 0x00,
    0x00, 0x00, 0x4f, 0x90, 0x00, 0x00, 0x00, 0x00, 0x09, 0xf3, 0x00, 0x00, 0x00, 0x4f, 0x90, 0x00,
    0x00, 0x00, 0x00, 0x09, 0xf3, 0x00, 0x00, 0x00, 0x4f, 0x90, 0x00, 0x00, 0x00, 0x00, 0x09, 0xf3,
    0x00, 0x00, 0x00, 0x4f, 0x90, 0x08, 0xbb, 0xbb, 0xbb, 0xbe, 0xf3, 0x00, 0x00, 0x00, 0x5f, 0x90,
    0x0b, 0xff, 0xff, 0xff, 0xff, 0xf3, 0x00, 0x00, 0x7f, 0xff, 0x60, 0x00, 0x00, 0x00, 0x00, 0x09,
    0xf3, 0x00, 0x00, 0x2a, 0xa6, 0x00, 0x00, 0x00, 0x00, 0x00, 0x05, 0x82, 0x00, 0x00, 0x00, 0x00,
    0x00, 0x00, 0x00, 0x00, 0x00, 0x00, 0x00, 0x00, 0x00, 0x00, 0x00, 0x00, 0x00, 0x00, 0x00, 0x00,
    0x00, 0x00, 0x00, 0x00, 0x00, 0x5b, 0x40, 0x00, 0x05, 0xa4, 0x02, 0x10, 0x00, 0x00, 0x00, 0x00,
    0x7f, 0x60, 0x00, 0x07, 0xf7, 0x3e, 0xc1, 0x00, 0x00, 0x00, 0x00, 0x7f, 0x60, 0x00, 0x06, 0xf8,
    0x09, 0xfb, 0x00, 0x00, 0x00, 0x00, 0x7f, 0x60, 0x00, 0x05, 0xf8, 0x00, 0xbf, 0x60, 0x00, 0x02,
    0xbb, 0xdf, 0xdb, 0x80, 0x04, 0xf9, 0x00, 0x16, 0x23, 0x00, 0x02, 0xff, 0xff, 0xff, 0xb4, 0x58,
    0xfd, 0xbd, 0xef, 0xfd, 0x00, 0x00, 0x00, 0x7f, 0x60, 0x0f, 0xff, 0xff, 0xff, 0xec, 0xb8, 0x00,
    0x00, 0x00, 0x7f, 0x60, 0x0a, 0x98, 0xfe, 0x21, 0x00, 0x00, 0x00, 0x00, 0x00, 0x7f, 0x60, 0x00,
    0x00, 0xef, 0x10, 0x0c, 0x70, 0x00, 0x00, 0x00, 0x7f, 0x98, 0x90, 0x00, 0xbf, 0x30, 0x5f, 0x90,
    0x00, 0x00, 0x26, 0xcf, 0xff, 0xd0, 0x00, 0x9f, 0x51, 0xdf, 0x20, 0x00, 0x04, 0xff, 0xff, 0xc7,
    0x20, 0x00, 0x7f, 0x89, 0xf8, 0x00, 0x00, 0x01, 0xea, 0xbf, 0x60, 0x00, 0x00, 0x3f, 0xef, 0xc0,
    0x00, 0x00, 0x00, 0x00, 0x7f, 0x60, 0x00, 0x00, 0x0f, 0xfe, 0x20, 0x11, 0x00, 0x00, 0x00, 0x7f,
    0x60, 0x00, 0x00, 0x3e, 0xf9, 0x00, 0x3d, 0x20, 0x00, 0x00, 0x7f, 0x60, 0x00, 0x05, 0xff, 0xfe,
    0x20, 0x5f, 0x50, 0x00, 0x00, 0x7f, 0x60, 0x01, 0x9f, 0xf9, 0xdf, 0xc2, 0xaf, 0x20, 0x00, 0x00,
    0x7f, 0x60, 0x5e, 0xff, 0x70, 0x2e, 0xff, 0xfc, 0x00, 0x00, 0xaf, 0xff, 0x30, 0x2d, 0xb3, 0x00,
    0x03, 0xcf, 0xf5, 0x00, 0x00, 0x4a, 0x95, 0x00, 0x01, 0x00, 0x00, 0x00, 0x02, 0x20, 0x00, 0x00,
    0x00, 0x00, 0x00, 0x00, 0x00, 0x00, 0x00, 0x00, 0x00, 0x00, 0x00, 0x00, 0x00, 0x00, 0x00, 0x00,
    0x00, 0x00, 0x00, 0x00, 0x00, 0x00, 0x00, 0x7a, 0x20, 0x00, 0x00, 0x00, 0x00, 0x00, 0x00, 0x00,
    0x00, 0x00, 0xaf, 0x20, 0x0a, 0xaa, 0xaa, 0xaa, 0xaa, 0x91, 0x00, 0x00, 0x00, 0xaf, 0x20, 0x1f,
    0xff, 0xff, 0xff, 0xff, 0xd0, 0x00, 0x00, 0x00, 0xaf, 0x20, 0x00, 0x6f, 0x80, 0x01, 0xcf, 0x40,
    0x00, 0x02, 0xbb, 0xef, 0xcb, 0x50, 0x09, 0xf7, 0x1c, 0xf7, 0x00, 0x00, 0x02, 0xff, 0xff, 0xff,
    0x70, 0x00, 0xbf, 0xef, 0x70, 0x00, 0x00, 0x00, 0x00, 0xaf, 0x20, 0x00, 0x01, 0x9f, 0xfe, 0x40,
    0x00, 0x00, 0x00, 0x00, 0xaf, 0x20, 0x02, 0x8e, 0xfd, 0xaf, 0xfb, 0x51, 0x00, 0x00, 0x00, 0xaf,
    0x20, 0xaf, 0xfe, 0x70, 0x04, 0xdf, 0xfe, 0x40, 0x00, 0x00, 0xaf, 0x8b, 0x8c, 0x61, 0x0a, 0xc1,
    0x05, 0xac, 0x00, 0x00, 0x38, 0xef, 0xff, 0x50, 0x00, 0x0c, 0xf2, 0x00, 0x00, 0x00, 0x04, 0xff,
    0xff, 0x93, 0x0b, 0xff, 0xff, 0xff, 0xff, 0xc0, 0x00, 0x01, 0xc7, 0xbf, 0x20, 0x07, 0xaa, 0xae,
    0xfb, 0xaa, 0x80, 0x00, 0x00, 0x00, 0xaf, 0x20, 0x00, 0x00, 0x0c, 0xf2, 0x00, 0x00, 0x00, 0x00,
    0x00, 0xaf, 0x20, 0x00, 0x00, 0x0c, 0xf2, 0x00, 0x00, 0x00, 0x00, 0x00, 0xaf, 0x20, 0xbf, 0xff,
    0xff, 0xff, 0xff, 0xff, 0x30, 0x00, 0x00, 0xaf, 0x20, 0x7a, 0xaa, 0xae, 0xfb, 0xaa, 0xaa, 0x20,
    0x00, 0x00, 0xbf, 0x20, 0x00, 0x00, 0x0c, 0xf2, 0x00, 0x00, 0x00, 0x00, 0x9f, 0xff, 0x10, 0x00,
    0x00, 0x0c, 0xf2, 0x00, 0x00, 0x00, 0x00, 0x4b, 0xa4, 0x00, 0x00, 0x00, 0x0a, 0xd1, 0x00, 0x00,
    0x00, 0x00, 0x00, 0x00, 0x00, 0x00, 0x00, 0x00, 0x00, 0x00, 0x00, 0x00, 0x00, 0x00, 0x00, 0x00,
    0x00, 0x00, 0x00, 0x00, 0x00, 0x00, 0x00, 0x00, 0x00, 0x6b, 0x40, 0x03, 0xb7, 0x00, 0x00, 0x00,
    0x00, 0x00, 0x00, 0x00, 0x8f, 0x50, 0x04, 0xf9, 0x00, 0x00, 0x48, 0x10, 0x00, 0x00, 0x00, 0x8f,
    0x50, 0x04, 0xf9, 0x15, 0x9d, 0xff, 0x90, 0x00, 0x00, 0x00, 0x8f, 0x50, 0x04, 0xfe, 0xff, 0xfd,
    0x83, 0x00, 0x00, 0x02, 0xbb, 0xdf, 0xcb, 0x64, 0xfd, 0x85, 0x10, 0x00, 0x43, 0x00, 0x03, 0xff,
    0xff, 0xff, 0x84, 0xf9, 0x00, 0x00, 0x00, 0x9f, 0x20, 0x00, 0x00, 0x8f, 0x50, 0x03, 0xfc, 0x10,
    0x00, 0x01, 0xdf, 0x00, 0x00, 0x00, 0x8f, 0x50, 0x01, 0xef, 0xff, 0xff, 0xff, 0xfa, 0x00, 0x00,
    0x00, 0x8f, 0x50, 0x00, 0x39, 0xbb, 0xbb, 0xbb, 0x81, 0x00, 0x00, 0x00, 0x8f, 0x77, 0x80, 0x00,
    0x00, 0x00, 0x00, 0x00, 0x00, 0x00, 0x04, 0xbf, 0xff, 0xc2, 0x99, 0x99, 0x99, 0x99, 0x93, 0x00,
    0x05, 0xff, 0xff, 0xc8, 0x34, 0xff, 0xff, 0xff, 0xff, 0xf5, 0x00, 0x02, 0xfc, 0xcf, 0x50, 0x04,
    0xf8, 0x00, 0x00, 0x08, 0xf5, 0x00, 0x00, 0x20, 0x8f, 0x50, 0x04, 0xf8, 0x00, 0x00, 0x08, 0xf5,
    0x00, 0x00, 0x00, 0x8f, 0x50, 0x04, 0xff, 0xff, 0xff, 0xff, 0xf5, 0x00, 0x00, 0x00, 0x8f, 0x50,
    0x04, 0xfb, 0x88, 0x88, 0x8c, 0xf5, 0x00, 0x00, 0x00, 0x8f, 0x50, 0x04, 0xf8, 0x00, 0x00, 0x08,
    0xf5, 0x00, 0x00, 0x00, 0x9f, 0x50, 0x04, 0xff, 0xff, 0xff, 0xff, 0xf5, 0x00, 0x00, 0xaf, 0xff,
    0x30, 0x04, 0xfc, 0x88, 0x88, 0x8c, 0xf5, 0x00, 0x00, 0x4b, 0xa5, 0x00, 0x03, 0xa5, 0x00, 0x00,
    0x04, 0x82, 0x00, 0x00, 0x00, 0x00, 0x00, 0x00, 0x00, 0x00, 0x00, 0x00, 0x00, 0x00, 0x00, 0x00,
    0x00, 0x00, 0x00, 0x00, 0x00, 0x00, 0x00, 0x00, 0x00, 0x00, 0x00, 0x8b, 0x20, 0x00, 0x00, 0x29,
    0x90, 0x00, 0x00, 0x00, 0x00, 0x00, 0xaf, 0x30, 0x00, 0x00, 0x1f, 0xe0, 0x00, 0x00, 0x00, 0x00,
    0x00, 0xaf, 0x30, 0x00, 0x00, 0x0c, 0xf4, 0x00, 0x00, 0x00, 0x00, 0x00, 0xaf, 0x30, 0x5f, 0xff,
    0xff, 0xff, 0xff, 0xff, 0x00, 0x03, 0xbb, 0xef, 0xcb, 0x7f, 0xca, 0xaa, 0xaa, 0xaa, 0xef, 0x00,
    0x03, 0xff, 0xff, 0xff, 0x8f, 0x70, 0x7b, 0x30, 0x00, 0xdf, 0x00, 0x00, 0x00, 0xaf, 0x30, 0x5f,
    0x70, 0xdf, 0x20, 0x00, 0xdf, 0x00, 0x00, 0x00, 0xaf, 0x30, 0x00, 0x03, 0xfc, 0x00, 0x00, 0x00,
    0x00, 0x00, 0x00, 0xaf, 0x30, 0xaa, 0xac, 0xfd, 0xaa, 0xaa, 0xaa, 0x30, 0x00, 0x00, 0xaf, 0x31,
    0xef, 0xff, 0xff, 0xff, 0xff, 0xff, 0x40, 0x00, 0x00, 0xaf, 0xcf, 0x60, 0x5f, 0xa0, 0x00, 0xdf,
    0x20, 0x00, 0x02, 0x8d, 0xff, 0xfd, 0x50, 0xcf, 0x40, 0x02, 0xfd, 0x00, 0x00, 0x05, 0xff, 0xff,
    0x50, 0x04, 0xfd, 0x00, 0x07, 0xf9, 0x00, 0x00, 0x02, 0x83, 0xaf, 0x30, 0x08, 0xff, 0xa2, 0x1e,
    0xf3, 0x00, 0x00, 0x00, 0x00, 0xaf, 0x30, 0x00, 0x5d, 0xfe, 0xbf, 0xa0, 0x00, 0x00, 0x00, 0x00,
    0xaf, 0x30, 0x00, 0x00, 0x7f, 0xff, 0x60, 0x00, 0x00, 0x00, 0x00, 0xaf, 0x30, 0x00, 0x02, 0xaf,
    0xff, 0xf9, 0x10, 0x00, 0x00, 0x00, 0xbf, 0x20, 0x15, 0x9f, 0xfc, 0x36, 0xef, 0xd4, 0x00, 0x00,
    0xcf, 0xff, 0x10, 0xaf, 0xfd, 0x70, 0x00, 0x2b, 0xfd, 0x10, 0x00, 0x6a, 0x94, 0x00, 0x29, 0x40,
    0x00, 0x00, 0x00, 0x72, 0x00, 0x00, 0x00, 0x00, 0x00, 0x00, 0x00, 0x00, 0x00, 0x00, 0x00, 0x00,
    0x00, 0x00, 0x00, 0x00, 0x00, 0x00, 0x00, 0x00, 0x00, 0x00, 0x00, 0x00, 0x00, 0xba, 0x00, 0x00,
    0x06, 0x93, 0x00, 0x00, 0x00, 0x00, 0x00, 0x00, 0xee, 0x00, 0x00, 0x2e, 0xe1, 0x00, 0x00, 0x00,
    0x00, 0x00, 0x00, 0xee, 0x00, 0x00, 0x9f, 0xff, 0xff, 0xfc, 0x20, 0x00, 0x00, 0x00, 0xee, 0x00,
    0x06, 0xfd, 0xaa, 0x9c, 0xfd, 0x10, 0x00, 0x02, 0xbb, 0xff, 0xb8, 0x4f, 0xf3, 0x00, 0x1d, 0xf3,
    0x00, 0x00, 0x02, 0xff, 0xff, 0xfb, 0xef, 0xc7, 0x77, 0xbf, 0xc7, 0x60, 0x00, 0x00, 0x00, 0xee,
    0x00, 0x7f, 0xff, 0xff, 0xff, 0xff, 0xd0, 0x00, 0x00, 0x00, 0xee, 0x00, 0x0e, 0xd0, 0x0e, 0xe0,
    0x1f, 0xd0, 0x00, 0x00, 0x00, 0xee, 0x00, 0x0e, 0xd0, 0x0e, 0xe0, 0x1f, 0xd0, 0x00, 0x00, 0x00,
    0xee, 0x35, 0x0e, 0xd0, 0x0e, 0xe0, 0x1f, 0xd0, 0x00, 0x00, 0x03, 0xff, 0xfd, 0x0e, 0xd0, 0x0f,
    0xd0, 0x1f, 0xd0, 0x00, 0x03, 0xef, 0xff, 0xd8, 0x0e, 0xd0, 0x1f, 0xc0, 0x1f, 0xd0, 0x00, 0x02,
    0xfc, 0xfe, 0x05, 0xff, 0xff, 0xff, 0xff, 0xff, 0xff, 0x20, 0x00, 0x20, 0xee, 0x03, 0xaa, 0xaa,
    0xef, 0xfa, 0xaa, 0xaa, 0x10, 0x00, 0x00, 0xee, 0x00, 0x00, 0x03, 0xfe, 0xf9, 0x00, 0x00, 0x00,
    0x00, 0x00, 0xee, 0x00, 0x00, 0x1d, 0xf4, 0xaf, 0x50, 0x00, 0x00, 0x00, 0x00, 0xee, 0x00, 0x02,
    0xdf, 0x80, 0x1d, 0xf6, 0x00, 0x00, 0x00, 0x01, 0xfd, 0x00, 0x6e, 0xf9, 0x00, 0x02, 0xef, 0xa2,
    0x00, 0x00, 0xbf, 0xfc, 0x2d, 0xfe, 0x60, 0x00, 0x00, 0x2d, 0xff, 0x30, 0x00, 0x6c, 0xa3, 0x08,
    0x91, 0x00, 0x00, 0x00, 0x00, 0x68, 0x00, 0x00, 0x00, 0x00, 0x00, 0x00, 0x00, 0x00, 0x00, 0x00,
    0x00, 0x00, 0x00, 0x00, 0x00, 0x00, 0x00, 0x00, 0x00, 0x00, 0x00, 0x00, 0x00, 0x00, 0x00, 0xb8,
    0x00, 0x00, 0x00, 0x48, 0x20, 0x00, 0x00, 0x00, 0x00, 0x00, 0xfb, 0x00, 0x00, 0x00, 0x5f, 0x90,
    0x00, 0x00, 0x00, 0x00, 0x00, 0xfb, 0x00, 0x39, 0x99, 0x9f, 0xf9, 0x99, 0x96, 0x00, 0x00, 0x00,
    0xfb, 0x00, 0x5f, 0xff, 0xff, 0xff, 0xff, 0xf9, 0x00, 0x03, 0xbb, 0xfe, 0xb7, 0x00, 0x7a, 0x00,
    0x01, 0xb7, 0x00, 0x00, 0x03, 0xff, 0xff, 0xf9, 0x00, 0x8f, 0x50, 0x06, 0xf8, 0x00, 0x00, 0x00,
    0x00, 0xfb, 0x00, 0x00, 0x1f, 0xa0, 0x0d, 0xe1, 0x00, 0x00, 0x00, 0x00, 0xfb, 0x00, 0x99, 0x9d,
    0xa9, 0xbf, 0xd9, 0x99, 0x10, 0x00, 0x00, 0xfb, 0x00, 0xff, 0xff, 0xff, 0xff, 0xff, 0xff, 0x10,
    0x00, 0x00, 0xfb, 0x33, 0x00, 0x00, 0xcc, 0x00, 0x00, 0x00, 0x00, 0x00, 0x15, 0xff, 0xf8, 0x00,
    0x05, 0xf9, 0x00, 0x00, 0x00, 0x00, 0x05, 0xff, 0xfe, 0x97, 0xff, 0xff, 0xff, 0xff, 0xff, 0xff,
    0x50, 0x03, 0xd8, 0xfb, 0x03, 0x99, 0xdf, 0xb9, 0x99, 0xfe, 0x99, 0x30, 0x00, 0x00, 0xfb, 0x00,
    0x01, 0xee, 0x10, 0x04, 0xfa, 0x00, 0x00, 0x00, 0x00, 0xfb, 0x00, 0x0a, 0xfc, 0x30, 0x0c, 0xf5,
    0x00, 0x00, 0x00, 0x00, 0xfb, 0x00, 0x07, 0xdf, 0xfc, 0xaf, 0xb0, 0x00, 0x00, 0x00, 0x00, 0xfb,
    0x00, 0x00, 0x04, 0xbf, 0xff, 0x91, 0x00, 0x00, 0x00, 0x01, 0xfb, 0x00, 0x02, 0x5a, 0xff, 0xdf,
    0xfd, 0x50, 0x00, 0x00, 0xdf, 0xf9, 0x05, 0xef, 0xff, 0xb4, 0x02, 0x9f, 0xf8, 0x00, 0x00, 0x7b,
    0x81, 0x01, 0xa8, 0x52, 0x00, 0x00, 0x03, 0xa1, 0x00, 0x00, 0x00, 0x00, 0x00, 0x00, 0x00, 0x00,
    0x00, 0x00, 0x00, 0x00, 0x00, 0x00, 0x00, 0x00, 0x00, 0x00, 0x00, 0x00, 0x00, 0x00, 0x00, 0x00,
    0x00, 0xa9, 0x00, 0x00, 0x00, 0x27, 0x50, 0x00, 0x00, 0x00, 0x00, 0x00, 0xec, 0x00, 0x00, 0x00,
    0x3f, 0xc0, 0x00, 0x00, 0x00, 0x00, 0x00, 0xec, 0x00, 0x00, 0x00, 0x0c, 0xf3, 0x00, 0x00, 0x00,
    0x00, 0x00, 0xec, 0x00, 0xbf, 0xff, 0xff, 0xff, 0xff, 0xff, 0x10, 0x02, 0xbb, 0xfe, 0xb8, 0xbf,
    0x99, 0x99, 0x99, 0x99, 0xdf, 0x10, 0x03, 0xff, 0xff, 0xfb, 0xbf, 0x01, 0x40, 0x03, 0x10, 0xbf,
    0x10, 0x00, 0x00, 0xec, 0x00, 0x8a, 0x0c, 0xf5, 0x1e, 0xd2, 0x68, 0x10, 0x00, 0x00, 0xec, 0x00,
    0x00, 0xaf, 0x90, 0x06, 0xfd, 0x20, 0x00, 0x00, 0x00, 0xec, 0x00, 0x1c, 0xfc, 0x00, 0x00, 0x6f,
    0xd2, 0x00, 0x00, 0x00, 0xec, 0x02, 0x6f, 0xb1, 0x00, 0x00, 0x07, 0xf6, 0x00, 0x00, 0x00, 0xee,
    0xdb, 0x08, 0x10, 0x00, 0x00, 0x00, 0x40, 0x00, 0x02, 0x7c, 0xff, 0xf9, 0x0c, 0xff, 0xff, 0xff,
    0xff, 0xd0, 0x00, 0x04, 0xff, 0xfd, 0x10, 0x09, 0xaa, 0xaf, 0xfa, 0xaa, 0x90, 0x00, 0x01, 0x82,
    0xec, 0x00, 0x00, 0x00, 0x0e, 0xe0, 0x00, 0x00, 0x00, 0x00, 0x00, 0xec, 0x00, 0x00, 0x00, 0x0e,
    0xe0, 0x00, 0x00, 0x00, 0x00, 0x00, 0xec, 0x00, 0x00, 0x00, 0x0e, 0xe0, 0x00, 0x00, 0x00, 0x00,
    0x00, 0xec, 0x00, 0x00, 0x00, 0x0e, 0xe0, 0x00, 0x00, 0x00, 0x00, 0x00, 0xec, 0x04, 0xaa, 0xaa,
    0xaf, 0xfa, 0xaa, 0xaa, 0x30, 0x00, 0xdf, 0xfa, 0x06, 0xff, 0xff, 0xff, 0xff, 0xff, 0xff, 0x50,
    0x00, 0x7b, 0x82, 0x00, 0x00, 0x00, 0x00, 0x00, 0x00, 0x00, 0x00, 0x00, 0x00, 0x00, 0x00, 0x00,
    0x00, 0x00, 0x00, 0x00, 0x00, 0x00, 0x00, 0x00, 0x00, 0x00, 0x00, 0x00, 0x00, 0x00, 0x00, 0x00,
    0x00, 0x00, 0x00, 0xa8, 0x00, 0x00, 0x3b, 0x60, 0x03, 0xb6, 0x00, 0x00, 0x00, 0x00, 0xec, 0x00,
    0x00, 0x4f, 0x80, 0x04, 0xf9, 0x00, 0x00, 0x00, 0x00, 0xec, 0x00, 0x00, 0x4f, 0x80, 0x04, 0xf9,
    0x00, 0x00, 0x00, 0x00, 0xec, 0x00, 0x9b, 0xcf, 0xdb, 0xbc, 0xfd, 0xbb, 0x10, 0x02, 0xbb, 0xfe,
    0x87, 0xcf, 0xff, 0xff, 0xff, 0xff, 0xff, 0x10, 0x03, 0xff, 0xff, 0xfc, 0x00, 0x4f, 0x80, 0x04,
    0xf9, 0x00, 0x00, 0x00, 0x00, 0xec, 0x00, 0x00, 0x4f, 0x80, 0x04, 0xf9, 0x00, 0x00, 0x00, 0x00,
    0xec, 0x00, 0x00, 0x29, 0x50, 0x02, 0x95, 0x00, 0x00, 0x00, 0x00, 0xec, 0x00, 0x0a, 0xaa, 0xaa,
    0xaa, 0xaa, 0xa4, 0x00, 0x00, 0x00, 0xec, 0x56, 0x1f, 0xff, 0xff, 0xff, 0xff, 0xf7, 0x00, 0x00,
    0x26, 0xff, 0xfd, 0x1f, 0xa0, 0x0b, 0xf0, 0x06, 0xf7, 0x00, 0x05, 0xff, 0xfe, 0x72, 0x1f, 0xa0,
    0x0b, 0xf0, 0x06, 0xf7, 0x00, 0x03, 0xea, 0xfc, 0x00, 0x1f, 0xd9, 0x9d, 0xf9, 0x9b, 0xf7, 0x00,
    0x00, 0x10, 0xec, 0x00, 0x1f, 0xff, 0xff, 0xff, 0xff, 0xf7, 0x00, 0x00, 0x00, 0xec, 0x00, 0x1f,
    0xa0, 0x0b, 0xf0, 0x06, 0xf7, 0x00, 0x00, 0x00, 0xec, 0x00, 0x1f, 0xa0, 0x0b, 0xf0, 0x06, 0xf7,
    0x00, 0x00, 0x00, 0xec, 0x00, 0x1f, 0xa0, 0x0b, 0xf0, 0x06, 0xf7, 0x00, 0x00, 0x00, 0xfc, 0x00,
    0x1f, 0xff, 0xff, 0xff, 0xff, 0xf7, 0x00, 0x00, 0xef, 0xfa, 0x00, 0x1f, 0xda, 0xaa, 0xaa, 0xac,
    0xf7, 0x00, 0x00, 0x7b, 0x81, 0x00, 0x0b, 0x70, 0x00, 0x00, 0x03, 0x94, 0x00, 0x00, 0x00, 0x00,
    0x00, 0x00, 0x00, 0x00, 0x00, 0x00, 0x00, 0x00, 0x00, 0x00, 0x00, 0x00, 0x00, 0x00, 0x00, 0x00,
    0x00, 0x00, 0x00, 0x00, 0x00, 0x9a, 0x00, 0x00, 0x00, 0x09, 0x90, 0x00, 0x00, 0x00, 0x00, 0x00,
    0xde, 0x00, 0x00, 0x3b, 0x6d, 0xc0, 0x00, 0x00, 0x00, 0x00, 0x00, 0xde, 0x00, 0x2b, 0xff, 0xad,
    0xc7, 0xff, 0xf6, 0x00, 0x00, 0x00, 0xde, 0x00, 0x4f, 0x91, 0x0d, 0xc3, 0x8a, 0xf6, 0x00, 0x02,
    0xbb, 0xff, 0xb9, 0x4f, 0x60, 0x0d, 0xc0, 0x04, 0xf6, 0x00, 0x03, 0xff, 0xff, 0xfc, 0x4f, 0xff,
    0x5d, 0xc6, 0xff, 0xf6, 0x00, 0x00, 0x00, 0xde, 0x00, 0x4f, 0xa6, 0x2d, 0xc2, 0x68, 0xf6, 0x00,
    0x00, 0x00, 0xde, 0x00, 0x4f, 0x60, 0x0d, 0xc0, 0x04, 0xf6, 0x00, 0x00, 0x00, 0xde, 0x00, 0x4f,
    0xb8, 0x8e, 0xe8, 0x8a, 0xf6, 0x00, 0x00, 0x00, 0xde, 0x69, 0x4f, 0xff, 0xff, 0xff, 0xff, 0xf6,
    0x00, 0x00, 0x04, 0xef, 0xfe, 0x00, 0x00, 0x0d, 0xc0, 0x00, 0x00, 0x00, 0x03, 0xdf, 0xff, 0xa3,
    0x00, 0x00, 0x0d, 0xc0, 0x00, 0x00, 0x00, 0x01, 0xfc, 0xee, 0x00, 0x6f, 0xff, 0xff, 0xff, 0xff,
    0xe2, 0x00, 0x00, 0x20, 0xde, 0x00, 0x4d, 0xfb, 0x99, 0x99, 0xbf, 0xb0, 0x00, 0x00, 0x00, 0xde,
    0x00, 0x03, 0xfd, 0x20, 0x01, 0xdf, 0x30, 0x00, 0x00, 0x00, 0xde, 0x00, 0x00, 0x5f, 0xd4, 0x3d,
    0xf6, 0x00, 0x00, 0x00, 0x00, 0xde, 0x00, 0x00, 0x05, 0xef, 0xff, 0x50, 0x00, 0x00, 0x00, 0x00,
    0xed, 0x00, 0x01, 0x6b, 0xff, 0xff, 0xb6, 0x20, 0x00, 0x00, 0xbf, 0xfc, 0x08, 0xdf, 0xff, 0xa4,
    0x4a, 0xff, 0xfd, 0x20, 0x00, 0x6c, 0xa3, 0x04, 0xb8, 0x51, 0x00, 0x00, 0x15, 0x97, 0x00, 0x00,
    0x00, 0x00, 0x00, 0x00, 0x00, 0x00, 0x00, 0x00, 0x00, 0x00, 0x00, 0x00, 0x00, 0x00, 0x00, 0x00,
    0x00, 0x00, 0x00, 0x00, 0x00, 0x00, 0x00, 0xaa, 0x00, 0x00, 0x00, 0x00, 0x01, 0x47, 0x40, 0x00,
    0x00, 0x00, 0xdd, 0x00, 0x57, 0x9a, 0xbd, 0xef, 0xff, 0xd1, 0x00, 0x00, 0x00, 0xdd, 0x00, 0x9e,
    0xdd, 0xcf, 0xd7, 0x67, 0x10, 0x00, 0x00, 0x00, 0xdd, 0x00, 0x05, 0xe2, 0x0f, 0xb0, 0x5f, 0x60,
    0x00, 0x02, 0xbb, 0xff, 0xba, 0x02, 0xfa, 0x0f, 0xb0, 0xcd, 0x00, 0x00, 0x03, 0xff, 0xff, 0xfd,
    0x88, 0xdb, 0x8f, 0xd9, 0xfb, 0x88, 0x00, 0x00, 0x00, 0xdd, 0x00, 0xff, 0xff, 0xff, 0xff, 0xff,
    0xff, 0x00, 0x00, 0x00, 0xdd, 0x00, 0x00, 0x1c, 0xff, 0xff, 0xb0, 0x00, 0x00, 0x00, 0x00, 0xdd,
    0x00, 0x01, 0xcf, 0x8f, 0xba, 0xfb, 0x10, 0x00, 0x00, 0x00, 0xde, 0xba, 0x4d, 0xfb, 0x0f, 0xb0,
    0xcf, 0xd4, 0x00, 0x00, 0x16, 0xef, 0xfe, 0xff, 0xa1, 0x0f, 0xb0, 0x1b, 0xff, 0x50, 0x05, 0xef,
    0xfe, 0x55, 0xdd, 0x66, 0x69, 0x86, 0x66, 0xd9, 0x00, 0x04, 0xe9, 0xed, 0x00, 0x0f, 0xff, 0xff,
    0xff, 0xff, 0xe0, 0x00, 0x01, 0x10, 0xdd, 0x00, 0x0f, 0xa0, 0x0f, 0x90, 0x0c, 0xe0, 0x00, 0x00,
    0x00, 0xdd, 0x00, 0x0f, 0xc5, 0x5f, 0xb5, 0x5d, 0xe0, 0x00, 0x00, 0x00, 0xdd, 0x00, 0x0f, 0xff,
    0xff, 0xff, 0xff, 0xe0, 0x00, 0x00, 0x00, 0xdd, 0x00, 0x0f, 0xa0, 0x0f, 0x90, 0x0c, 0xe0, 0x00,
    0x00, 0x00, 0xed, 0x00, 0x0f, 0xc5, 0x5f, 0xb5, 0x5d, 0xe0, 0x00, 0x00, 0xdf, 0xfb, 0x00, 0x0f,
    0xff, 0xff, 0xff, 0xff, 0xe0, 0x00, 0x00, 0x7b, 0x92, 0x00, 0x0c, 0x80, 0x00, 0x00, 0x08, 0xa0,
    0x00, 0x00, 0x00, 0x00, 0x00, 0x00, 0x00, 0x00, 0x00, 0x00, 0x00, 0x00, 0x00, 0x00, 0x00, 0x00,
    0x00, 0x00, 0x00, 0x00, 0x00, 0x00, 0x00, 0x00, 0x00, 0xb8, 0x00, 0x00, 0x00, 0x00, 0x00, 0x00,
    0x00, 0x00, 0x00, 0x01, 0xfb, 0x00, 0x00, 0xdf, 0xff, 0xff, 0xfb, 0x00, 0x00, 0x00, 0x01, 0xfb,
    0x00, 0x00, 0xdd, 0x66, 0x66, 0xfb, 0x00, 0x00, 0x00, 0x01, 0xfb, 0x00, 0x00, 0xdc, 0x00, 0x00,
    0xfb, 0x00, 0x00, 0x02, 0xbb, 0xfe, 0xb6, 0x00, 0xdd, 0x66, 0x66, 0xfb, 0x00, 0x00, 0x02, 0xff,
    0xff, 0xf8, 0x00, 0xdf, 0xff, 0xff, 0xfb, 0x00, 0x00, 0x00, 0x01, 0xfb, 0x00, 0x45, 0x55, 0x52,
    0x35, 0x55, 0x53, 0x00, 0x00, 0x01, 0xfb, 0x00, 0xbf, 0xff, 0xf6, 0x9f, 0xff, 0xfb, 0x00, 0x00,
    0x01, 0xfb, 0x00, 0xba, 0x02, 0xf6, 0x9d, 0x00, 0xdb, 0x00, 0x00, 0x01, 0xfc, 0x85, 0xba, 0x02,
    0xf6, 0x9d, 0x00, 0xdb, 0x00, 0x00, 0x27, 0xff, 0xf9, 0xbf, 0xff, 0xf6, 0x9f, 0xff, 0xfb, 0x00,
    0x04, 0xff, 0xfd, 0x50, 0x45, 0x55, 0x5c, 0xb5, 0x55, 0x53, 0x00, 0x01, 0xea, 0xfb, 0x00, 0x00,
    0x00, 0x0f, 0xc0, 0x00, 0x00, 0x00, 0x00, 0x11, 0xfb, 0x01, 0xff, 0xff, 0xff, 0xff, 0xff, 0xff,
    0x10, 0x00, 0x01, 0xfb, 0x01, 0x88, 0x8a, 0xff, 0xff, 0x98, 0x88, 0x10, 0x00, 0x01, 0xfb, 0x00,
    0x00, 0x4e, 0xff, 0xff, 0xb1, 0x00, 0x00, 0x00, 0x01, 0xfb, 0x00, 0x18, 0xfe, 0x4f, 0xc6, 0xfd,
    0x50, 0x00, 0x00, 0x01, 0xfb, 0x29, 0xff, 0xd2, 0x0f, 0xc0, 0x6f, 0xfc, 0x20, 0x00, 0x8f, 0xf9,
    0x1d, 0xd6, 0x00, 0x0f, 0xc0, 0x02, 0xbb, 0x00, 0x00, 0x3a, 0x81, 0x02, 0x00, 0x00, 0x0c, 0xa0,
    0x00, 0x00, 0x00, 0x00, 0x00, 0x00, 0x00, 0x00, 0x00, 0x00, 0x00, 0x00, 0x00, 0x00, 0x00, 0x00,
    0x00, 0x00, 0x00, 0x00, 0x00, 0x00, 0x00, 0x00, 0x00, 0x00, 0x00, 0x05, 0x80, 0x00, 0x00, 0x09,
    0x60, 0x00, 0x00, 0x00, 0x00, 0x00, 0x0c, 0xf2, 0x00, 0x00, 0x2f, 0xc0, 0x00, 0x00, 0x00, 0x00,
    0x00, 0x07, 0xf6, 0x00, 0x00, 0x5f, 0x90, 0x00, 0x00, 0x00, 0x00, 0x00, 0x03, 0xc5, 0x00, 0x00,
    0x8f, 0x60, 0x00, 0x00, 0x00, 0x03, 0xff, 0xff, 0xff, 0xff, 0xa0, 0xdf, 0xcb, 0xbb, 0xbb, 0x30,
    0x02, 0xbb, 0xfe, 0xbb, 0xbb, 0x82, 0xff, 0xff, 0xff, 0xff, 0x50, 0x00, 0x00, 0xfc, 0x00, 0x00,
    0x08, 0xfb, 0x00, 0x2f, 0xb0, 0x00, 0x00, 0x00, 0xfc, 0x00, 0x00, 0x1e, 0xfe, 0x00, 0x5f, 0x80,
    0x00, 0x00, 0x00, 0xff, 0xff, 0xfe, 0x8f, 0xff, 0x20, 0x8f, 0x40, 0x00, 0x00, 0x00, 0xfe, 0xbb,
    0xfe, 0xff, 0x9f, 0x60, 0xcf, 0x10, 0x00, 0x00, 0x00, 0xfc, 0x00, 0xed, 0x69, 0x1f, 0xb2, 0xfd,
    0x00, 0x00, 0x00, 0x01, 0xfb, 0x00, 0xed, 0x00, 0x0c, 0xf8, 0xf7, 0x00, 0x00, 0x00, 0x02, 0xfa,
    0x00, 0xfc, 0x00, 0x07, 0xff, 0xf1, 0x00, 0x00, 0x00, 0x05, 0xf8, 0x00, 0xfc, 0x00, 0x01, 0xff,
    0xa0, 0x00, 0x00, 0x00, 0x08, 0xf5, 0x01, 0xfb, 0x00, 0x02, 0xef, 0x90, 0x00, 0x00, 0x00, 0x0d,
    0xf2, 0x01, 0xfa, 0x00, 0x1c, 0xff, 0xf6, 0x00, 0x00, 0x00, 0x4f, 0xb0, 0x03, 0xf9, 0x01, 0xbf,
    0xc7, 0xff, 0x40, 0x00, 0x01, 0xdf, 0x51, 0x07, 0xf8, 0x5e, 0xfd, 0x10, 0x9f, 0xf9, 0x00, 0x06,
    0xfa, 0x09, 0xff, 0xf6, 0xff, 0xb1, 0x00, 0x08, 0xff, 0x30, 0x00, 0x71, 0x04, 0xaa, 0x60, 0x75,
    0x00, 0x00, 0x00, 0x46, 0x00, 0x00, 0x00, 0x00, 0x00, 0x00, 0x00, 0x00, 0x00, 0x00, 0x00, 0x00,
    0x00, 0x00, 0x00, 0x00, 0x00, 0x00, 0x00, 0x00, 0x00, 0x00, 0x00, 0x00, 0x02, 0x01, 0xb8, 0x02,
    0x10, 0x06, 0x71, 0x00, 0x00, 0x00, 0x00, 0x3f, 0x61, 0xfa, 0x0b, 0xe1, 0x0c, 0xf0, 0x00, 0x00,
    0x00, 0x00, 0x0c, 0xd1, 0xfa, 0x4f, 0x70, 0x0f, 0xc0, 0x00, 0x00, 0x00, 0x00, 0x06, 0x92, 0xfa,
    0x59, 0x00, 0x3f, 0xa0, 0x00, 0x00, 0x00, 0x01, 0xff, 0xff, 0xff, 0xff, 0xfa, 0x6f, 0xdb, 0xbb,
    0xbb, 0x10, 0x00, 0x88, 0x8e, 0xff, 0xc8, 0x85, 0xaf, 0xff, 0xff, 0xff, 0x10, 0x00, 0x00, 0x9f,
    0xff, 0xf9, 0x10, 0xef, 0x40, 0x2f, 0xa0, 0x00, 0x00, 0x2b, 0xfa, 0xfa, 0x7f, 0xc5, 0xff, 0x80,
    0x4f, 0x70, 0x00, 0x02, 0xef, 0x91, 0xfa, 0x05, 0x5c, 0xfe, 0xb0, 0x7f, 0x40, 0x00, 0x00, 0xa5,
    0x03, 0x84, 0x00, 0x5f, 0xaa, 0xe0, 0xaf, 0x10, 0x00, 0x00, 0x00, 0x0d, 0xe0, 0x00, 0x09, 0x26,
    0xf5, 0xec, 0x00, 0x00, 0x00, 0xaf, 0xff, 0xff, 0xff, 0xc0, 0x02, 0xfd, 0xf7, 0x00, 0x00, 0x00,
    0x69, 0xfe, 0x88, 0xaf, 0x80, 0x00, 0xbf, 0xf2, 0x00, 0x00, 0x00, 0x06, 0xf8, 0x00, 0xbf, 0x30,
    0x00, 0x6f, 0xc0, 0x00, 0x00, 0x00, 0x0c, 0xfc, 0x56, 0xf9, 0x00, 0x01, 0xdf, 0xf3, 0x00, 0x00,
    0x00, 0x01, 0x7e, 0xff, 0xd1, 0x00, 0x0a, 0xfd, 0xfd, 0x10, 0x00, 0x00, 0x00, 0x19, 0xff, 0xf8,
    0x01, 0x9f, 0xc1, 0xaf, 0xb1, 0x00, 0x00, 0x38, 0xef, 0xb4, 0xcb, 0x3d, 0xfd, 0x20, 0x1d, 0xfc,
    0x20, 0x02, 0xef, 0xd6, 0x00, 0x01, 0xcf, 0xb2, 0x00, 0x02, 0xce, 0x20, 0x00, 0x54, 0x00, 0x00,
    0x00, 0x37, 0x00, 0x00, 0x00, 0x13, 0x00, 0x00, 0x00, 0x00, 0x00, 0x00, 0x00, 0x00, 0x00, 0x00,
    0x00, 0x00, 0x00, 0x00, 0x00, 0x00, 0x00, 0x00, 0x00, 0x00, 0x00, 0x00, 0x00, 0x00, 0x00, 0x00,
    0x00, 0x03, 0x98, 0x00, 0x00, 0x00, 0x00, 0x00, 0x00, 0x00, 0x00, 0x00, 0x04, 0xff, 0x20, 0x00,
    0x00, 0x00, 0x00, 0x00, 0x00, 0x00, 0x00, 0x00, 0xdf, 0x80, 0x00, 0x00, 0x00, 0x00, 0x00, 0x00,
    0x00, 0x00, 0x00, 0x7d, 0x60, 0x00, 0x00, 0x00, 0x00, 0x01, 0xff, 0xff, 0xff, 0xff, 0xff, 0xff,
    0xff, 0xff, 0xff, 0x20, 0x01, 0xdd, 0xdf, 0xfd, 0xdd, 0xdd, 0xdd, 0xdf, 0xfd, 0xdd, 0x20, 0x00,
    0x00, 0x09, 0xf5, 0x00, 0x00, 0x00, 0x7f, 0xb0, 0x00, 0x00, 0x00, 0x00, 0x02, 0xfd, 0x00, 0x00,
    0x00, 0xdf, 0x40, 0x00, 0x00, 0x00, 0x00, 0x00, 0xaf, 0x50, 0x00, 0x05, 0xfc, 0x00, 0x00, 0x00,
    0x00, 0x00, 0x00, 0x4f, 0xd1, 0x00, 0x0c, 0xf6, 0x00, 0x00, 0x00, 0x00, 0x00, 0x00, 0x0a, 0xfa,
    0x00, 0x8f, 0xc0, 0x00, 0x00, 0x00, 0x00, 0x00, 0x00, 0x01, 0xef, 0x64, 0xfe, 0x20, 0x00, 0x00,
    0x00, 0x00, 0x00, 0x00, 0x00, 0x4f, 0xfe, 0xf6, 0x00, 0x00, 0x00, 0x00, 0x00, 0x00, 0x00, 0x00,
    0x09, 0xff, 0xb0, 0x00, 0x00, 0x00, 0x00, 0x00, 0x00, 0x00, 0x00, 0x7e, 0xff, 0xf9, 0x10, 0x00,
    0x00, 0x00, 0x00, 0x00, 0x00, 0x2c, 0xff, 0x98, 0xff, 0xd4, 0x00, 0x00, 0x00, 0x00, 0x00, 0x49,
    0xff, 0xd4, 0x00, 0x4d, 0xff, 0xb5, 0x00, 0x00, 0x01, 0x7d, 0xff, 0xfa, 0x10, 0x00, 0x01, 0xaf,
    0xff, 0xe9, 0x20, 0x01, 0xdf, 0xe8, 0x20, 0x00, 0x00, 0x00, 0x02, 0x8e, 0xfc, 0x10, 0x00, 0x46,
    0x10, 0x00, 0x00, 0x00, 0x00, 0x00, 0x00, 0x53, 0x00, 0x00, 0x00, 0x00, 0x00, 0x00, 0x00, 0x00,
    0x00, 0x00, 0x00, 0x00, 0x00, 0x00, 0x00, 0x00, 0x00, 0x00, 0x00, 0x00, 0x00, 0x00, 0x00, 0x00,
    0x00, 0x06, 0xa0, 0x00, 0x00, 0x00, 0x00, 0x02, 0x20, 0x00, 0x00, 0x00, 0x08, 0xf5, 0x00, 0x00,
    0x01, 0x47, 0xcf, 0xe3, 0x00, 0x00, 0x78, 0x8a, 0xfd, 0x88, 0x80, 0xcf, 0xff, 0xfb, 0x72, 0x00,
    0x00, 0xdf, 0xff, 0xff, 0xff, 0xf1, 0xfe, 0x63, 0x00, 0x00, 0x00, 0x00, 0x06, 0xc0, 0x00, 0xca,
    0x00, 0xfc, 0x00, 0x00, 0x00, 0x00, 0x00, 0x06, 0xf4, 0x03, 0xf9, 0x00, 0xfc, 0x00, 0x00, 0x00,
    0x00, 0x00, 0x02, 0xf7, 0x08, 0xf3, 0x00, 0xfc, 0x00, 0x00, 0x00, 0x00, 0x03, 0xff, 0xff, 0xff,
    0xff, 0xf6, 0xfe, 0xbb, 0xbb, 0xbb, 0x30, 0x02, 0x99, 0x9a, 0xfc, 0x99, 0x93, 0xff, 0xff, 0xff,
    0xff, 0x30, 0x00, 0x00, 0x03, 0xf8, 0x00, 0x00, 0xfc, 0x00, 0xaf, 0x30, 0x00, 0x00, 0x00, 0x03,
    0xf8, 0x00, 0x01, 0xfb, 0x00, 0xaf, 0x30, 0x00, 0x01, 0xff, 0xff, 0xff, 0xff, 0xf3, 0xfb, 0x00,
    0xaf, 0x30, 0x00, 0x01, 0x99, 0x9a, 0xfc, 0x99, 0x93, 0xfa, 0x00, 0xaf, 0x30, 0x00, 0x00, 0x06,
    0x63, 0xf8, 0x47, 0x03, 0xf9, 0x00, 0xaf, 0x30, 0x00, 0x00, 0x1e, 0xa3, 0xf8, 0x8f, 0x25, 0xf7,
    0x00, 0xaf, 0x30, 0x00, 0x00, 0x7f, 0x43, 0xf8, 0x1e, 0xa8, 0xf4, 0x00, 0xaf, 0x30, 0x00, 0x02,
    0xfb, 0x03, 0xf8, 0x09, 0xcc, 0xf1, 0x00, 0xaf, 0x30, 0x00, 0x00, 0x62, 0x03, 0xf8, 0x01, 0x4f,
    0xc0, 0x00, 0xaf, 0x30, 0x00, 0x00, 0x00, 0xcf, 0xf6, 0x00, 0x8f, 0x50, 0x00, 0xaf, 0x30, 0x00,
    0x00, 0x00, 0x48, 0x60, 0x00, 0x06, 0x00, 0x00, 0x8c, 0x30, 0x00, 0x00, 0x00, 0x00, 0x00, 0x00,
    0x00, 0x00, 0x00, 0x00, 0x00, 0x00, 0x00, 0x00, 0x00, 0x00, 0x00, 0x00, 0x00, 0x00, 0x00, 0x00,
    0x00, 0x00, 0x00, 0x00, 0x00, 0x01, 0x88, 0x00, 0x00, 0x00, 0x00, 0x00, 0x00, 0x00, 0x00, 0x00,
    0x02, 0xff, 0x20, 0x00, 0x00, 0x00, 0x00, 0x00, 0x00, 0x00, 0x00, 0x00, 0xbf, 0x80, 0x00, 0x00,
    0x00, 0x00, 0x00, 0x00, 0x00, 0x00, 0x00, 0x5e, 0x70, 0x00, 0x00, 0x00, 0x00, 0x00, 0xcf, 0xff,
    0xff, 0xff, 0xff, 0xff, 0xff, 0xff, 0xfd, 0x00, 0x00, 0xad, 0xdd, 0xde, 0xfe, 0xdd, 0xdd, 0xdd,
    0xdd, 0xdb, 0x00, 0x00, 0x00, 0x00, 0x08, 0xf8, 0x00, 0x00, 0x00, 0x00, 0x00, 0x00, 0x00, 0x00,
    0x00, 0x09, 0xf7, 0x00, 0x00, 0x00, 0x00, 0x00, 0x00, 0x00, 0x00, 0x00, 0x0b, 0xf6, 0x00, 0x00,
    0x00, 0x00, 0x00, 0x00, 0x00, 0x00, 0x00, 0x0c, 0xff, 0xff, 0xff, 0xff, 0xfe, 0x00, 0x00, 0x00,
    0x00, 0x00, 0x0f, 0xfd, 0xdd, 0xdd, 0xdd, 0xfd, 0x00, 0x00, 0x00, 0x00, 0x00, 0x3f, 0xe0, 0x00,
    0x00, 0x03, 0xfc, 0x00, 0x00, 0x00, 0x00, 0x00, 0x7f, 0xa0, 0x00, 0x00, 0x04, 0xfa, 0x00, 0x00,
    0x00, 0x00, 0x00, 0xcf, 0x60, 0x00, 0x00, 0x05, 0xf9, 0x00, 0x00, 0x00, 0x00, 0x03, 0xfe, 0x10,
    0x00, 0x00, 0x07, 0xf7, 0x00, 0x00, 0x00, 0x00, 0x0c, 0xf8, 0x00, 0x00, 0x00, 0x09, 0xf6, 0x00,
    0x00, 0x00, 0x00, 0x9f, 0xd1, 0x00, 0x00, 0x00, 0x0d, 0xf3, 0x00, 0x00, 0x00, 0x1a, 0xff, 0x30,
    0x00, 0x11, 0x00, 0x5f, 0xe0, 0x00, 0x00, 0x00, 0xdf, 0xe5, 0x00, 0x00, 0x6f, 0xff, 0xff, 0x80,
    0x00, 0x00, 0x00, 0x4b, 0x20, 0x00, 0x00, 0x1b, 0xcc, 0xb7, 0x00, 0x00, 0x00, 0x00, 0x00, 0x00,
    0x00, 0x00, 0x00, 0x00, 0x00, 0x00, 0x00, 0x00, 0x00, 0x00, 0x00, 0x00, 0x00, 0x00, 0x00, 0x00,
    0x00, 0x00, 0x00, 0x00, 0x00, 0x16, 0x10, 0x00, 0x02, 0x95, 0x00, 0x00, 0x00, 0x00, 0x00, 0x00,
    0x7f, 0x80, 0x00, 0x06, 0xf8, 0x00, 0x00, 0x00, 0x00, 0x00, 0x00, 0x1f, 0xe1, 0x00, 0x0b, 0xf4,
    0x00, 0x00, 0x00, 0x00, 0x00, 0x00, 0x0a, 0xe4, 0x00, 0x2f, 0xff, 0xff, 0xff, 0xff, 0x30, 0x03,
    0xff, 0xff, 0xff, 0xfe, 0x9f, 0xcb, 0xbb, 0xbb, 0xbb, 0x20, 0x02, 0xcc, 0xfe, 0xcc, 0xcd, 0xfe,
    0x10, 0x00, 0x00, 0x00, 0x00, 0x00, 0x02, 0xfa, 0x00, 0x0a, 0xf8, 0x00, 0x00, 0x00, 0x00, 0x00,
    0x00, 0x03, 0xf9, 0x00, 0x01, 0xaf, 0xff, 0xff, 0xff, 0xfd, 0x10, 0x00, 0x03, 0xff, 0xff, 0xf4,
    0x2a, 0xaa, 0xee, 0xaa, 0xfb, 0x00, 0x00, 0x03, 0xfd, 0xbd, 0xf3, 0x00, 0x00, 0xdd, 0x06, 0xf5,
    0x00, 0x00, 0x04, 0xf7, 0x08, 0xf3, 0x08, 0x50, 0xdd, 0x07, 0xd0, 0x00, 0x00, 0x06, 0xf6, 0x08,
    0xf3, 0x1f, 0x90, 0xdd, 0x00, 0x00, 0x00, 0x00, 0x07, 0xf4, 0x09, 0xf2, 0x2f, 0x80, 0xdf, 0xff,
    0xf7, 0x00, 0x00, 0x0a, 0xf2, 0x09, 0xf2, 0x3f, 0x80, 0xde, 0x99, 0x94, 0x00, 0x00, 0x0d, 0xe0,
    0x0a, 0xf1, 0x5f, 0xd0, 0xdd, 0x00, 0x00, 0x00, 0x00, 0x2f, 0xc0, 0x0b, 0xf1, 0x9f, 0xf6, 0xdd,
    0x00, 0x00, 0x00, 0x00, 0x9f, 0x70, 0x0c, 0xf0, 0xec, 0xbf, 0xed, 0x00, 0x00, 0x00, 0x03, 0xff,
    0x20, 0x2e, 0xd8, 0xf6, 0x2d, 0xff, 0xba, 0xaa, 0x30, 0x02, 0xd8, 0x1f, 0xff, 0x98, 0xd0, 0x01,
    0x8c, 0xef, 0xff, 0x10, 0x00, 0x20, 0x08, 0xa8, 0x10, 0x20, 0x00, 0x00, 0x00, 0x00, 0x00, 0x00,
    0x00, 0x00, 0x00, 0x00, 0x00, 0x00, 0x00, 0x00, 0x00, 0x00, 0x00, 0x00, 0x00, 0x00, 0x00, 0x00,
    0x00, 0x00, 0x00, 0x00, 0x00, 0x00, 0x0c, 0xff, 0xff, 0xff, 0xff, 0xff, 0xff, 0xff, 0xf0, 0x00,
    0x00, 0x0a, 0xdd, 0xdd, 0xde, 0xfe, 0xdd, 0xdd, 0xdd, 0xd0, 0x00, 0x00, 0x00, 0x00, 0x00, 0x06,
    0xf8, 0x00, 0x00, 0x00, 0x00, 0x00, 0x00, 0x00, 0x00, 0x00, 0x07, 0xf7, 0x00, 0x00, 0x00, 0x00,
    0x00, 0x00, 0x00, 0x00, 0x00, 0x08, 0xf6, 0x00, 0x00, 0x00, 0x00, 0x00, 0x00, 0x00, 0x00, 0x00,
    0x09, 0xf5, 0x00, 0x00, 0x00, 0x00, 0x00, 0x00, 0xff, 0xff, 0xff, 0xff, 0xff, 0xff, 0xff, 0xff,
    0xff, 0x10, 0x00, 0xdd, 0xdd, 0xdd, 0xdf, 0xff, 0xfd, 0xdd, 0xdd, 0xdd, 0x10, 0x00, 0x00, 0x00,
    0x00, 0x3f, 0xcd, 0xf2, 0x00, 0x00, 0x00, 0x00, 0x00, 0x00, 0x00, 0x00, 0x8f, 0x7d, 0xf2, 0x00,
    0x00, 0x00, 0x00, 0x00, 0x00, 0x00, 0x01, 0xef, 0x3d, 0xf2, 0x00, 0x00, 0x00, 0x00, 0x00, 0x00,
    0x00, 0x09, 0xfa, 0x0d, 0xf2, 0x00, 0x00, 0x00, 0x00, 0x00, 0x00, 0x00, 0x5f, 0xf2, 0x0d, 0xf2,
    0x00, 0x00, 0x77, 0x10, 0x00, 0x00, 0x06, 0xff, 0x70, 0x0d, 0xf2, 0x00, 0x00, 0xaf, 0x30, 0x00,
    0x01, 0x8f, 0xf7, 0x00, 0x0c, 0xf3, 0x00, 0x00, 0xdf, 0x10, 0x01, 0x8e, 0xff, 0x70, 0x00, 0x0a,
    0xfe, 0xdd, 0xde, 0xfc, 0x00, 0x00, 0xbf, 0xc3, 0x00, 0x00, 0x03, 0xce, 0xff, 0xff, 0xc3, 0x00,
    0x00, 0x25, 0x00, 0x00, 0x00, 0x00, 0x00, 0x00, 0x00, 0x00, 0x00, 0x00, 0x00, 0x00, 0x00, 0x00,
    0x00, 0x00, 0x00, 0x00, 0x00, 0x00, 0x00, 0x00, 0x00, 0x00, 0x00, 0x00, 0x00, 0x00, 0x00, 0x00,
    0x00, 0x00, 0x00, 0x00, 0x00, 0x00, 0x00, 0x00, 0x00, 0x8a, 0x10, 0x00, 0x00, 0x00, 0x00, 0x00,
    0x00, 0x00, 0x00, 0x00, 0xdf, 0x10, 0x00, 0x00, 0x7f, 0xff, 0xff, 0xf0, 0x00, 0x00, 0x00, 0xdf,
    0x10, 0x00, 0x00, 0x7f, 0xcb, 0xbe, 0xf0, 0x00, 0x00, 0x00, 0xdf, 0x10, 0x00, 0x00, 0x7f, 0x40,
    0x0b, 0xf2, 0xdd, 0xdd, 0xdd, 0xff, 0xdd, 0x40, 0x00, 0x7f, 0x40, 0x0b, 0xf3, 0xff, 0xff, 0xff,
    0xff, 0xff, 0x50, 0x00, 0x7f, 0x40, 0x0b, 0xf0, 0x00, 0x00, 0x00, 0xdf, 0x10, 0x00, 0x00, 0x7f,
    0x40, 0x0b, 0xf0, 0x00, 0x00, 0x00, 0xdf, 0x10, 0x00, 0x00, 0x7f, 0xff, 0xff, 0xf0, 0x4d, 0x40,
    0x00, 0xdf, 0x10, 0x00, 0x00, 0x7f, 0xba, 0xae, 0xf0, 0x3f, 0xe1, 0x00, 0xdf, 0x10, 0x00, 0x00,
    0x7f, 0x40, 0x0b, 0xf0, 0x08, 0xfa, 0x00, 0xdf, 0x10, 0x00, 0x00, 0x7f, 0x40, 0x0b, 0xf0, 0x01,
    0xdf, 0x40, 0xdf, 0x10, 0x00, 0x00, 0x7f, 0x40, 0x0b, 0xf0, 0x00, 0x5f, 0xb0, 0xdf, 0x10, 0x00,
    0x00, 0x7f, 0x40, 0x0b, 0xf0, 0x00, 0x06, 0x10, 0xdf, 0x10, 0x00, 0x00, 0x7f, 0xff, 0xff, 0xf0,
    0x00, 0x00, 0x00, 0xdf, 0x10, 0x00, 0x00, 0x7f, 0xcb, 0xbb, 0xb0, 0x00, 0x00, 0x00, 0xdf, 0x10,
    0x00, 0x00, 0x7f, 0x40, 0x00, 0x00, 0x00, 0x00, 0x00, 0xdf, 0x10, 0x00, 0x00, 0x7f, 0x40, 0x00,
    0x00, 0x00, 0x00, 0x01, 0xef, 0x10, 0x00, 0x00, 0x00, 0x00, 0x00, 0x00, 0x00, 0xaf, 0xff, 0xfd,
    0x00, 0x00, 0x00, 0x00, 0x00, 0x00, 0x00, 0x00, 0x5d, 0xdc, 0x92, 0x00, 0x00, 0x00, 0x00, 0x00,
    0x00, 0x00, 0x00, 0x00, 0x00, 0x00, 0x00, 0x00, 0x00, 0x00, 0x00, 0x00, 0x00, 0x00, 0x00, 0x00,
    0x00, 0x00, 0x00, 0x00, 0x00, 0xbf, 0xff, 0xff, 0xff, 0xff, 0xff, 0xfb, 0x00, 0x00, 0x00, 0x00,
    0xbf, 0x87, 0x77, 0x77, 0x77, 0x79, 0xfb, 0x00, 0x00, 0x00, 0x00, 0xbf, 0x20, 0x00, 0x00, 0x00,
    0x03, 0xfb, 0x00, 0x00, 0x00, 0x00, 0xbf, 0xff, 0xff, 0xff, 0xff, 0xff, 0xfb, 0x00, 0x00, 0x00,
    0x00, 0xbf, 0x76, 0x66, 0x66, 0x66, 0x68, 0xfb, 0x00, 0x00, 0x00, 0x00, 0xbf, 0x20, 0x00, 0x00,
    0x00, 0x03, 0xfb, 0x00, 0x00, 0x00, 0x00, 0xbf, 0xff, 0xff, 0xff, 0xff, 0xff, 0xfb, 0x00, 0x00,
    0x00, 0x00, 0x5d, 0xb7, 0x77, 0x99, 0x77, 0x77, 0x75, 0x00, 0x00, 0x00, 0x00, 0x3f, 0xe1, 0x00,
    0xef, 0x00, 0x00, 0x00, 0x00, 0x00, 0x00, 0x00, 0xcf, 0xd9, 0x99, 0xff, 0x99, 0x99, 0x99, 0x50,
    0x00, 0x00, 0x09, 0xff, 0xff, 0xff, 0xff, 0xff, 0xff, 0xff, 0x80, 0x00, 0x00, 0x7f, 0xe2, 0x00,
    0x00, 0xef, 0x00, 0x00, 0x00, 0x00, 0x00, 0x00, 0xbf, 0x60, 0x00, 0x00, 0xef, 0x00, 0x00, 0x00,
    0x00, 0x00, 0x00, 0x04, 0x5f, 0xff, 0xff, 0xff, 0xff, 0xff, 0xfa, 0x00, 0x00, 0x00, 0x00, 0x38,
    0x88, 0x88, 0xff, 0x88, 0x88, 0x85, 0x00, 0x00, 0x00, 0x00, 0x00, 0x00, 0x00, 0xef, 0x00, 0x00,
    0x00, 0x00, 0x00, 0x00, 0x79, 0x99, 0x99, 0x99, 0xff, 0x99, 0x99, 0x99, 0x97, 0x00, 0x00, 0xbf,
    0xff, 0xff, 0xff, 0xff, 0xff, 0xff, 0xff, 0xfc, 0x00, 0x00, 0x00, 0x00, 0x00, 0x00, 0x00, 0x00,
    0x00, 0x00, 0x00, 0x00, 0x00, 0x00, 0x00, 0x00, 0x00, 0x00, 0x00, 0x00, 0x00, 0x00, 0x00, 0x00,
    0x00, 0x57, 0x77, 0x77, 0x77, 0x77, 0x77, 0x75, 0x00, 0x00, 0x00, 0x00, 0xaf, 0xff, 0xff, 0xff,
    0xff, 0xff, 0xfb, 0x00, 0x00, 0x00, 0x00, 0xaf, 0x30, 0x00, 0x00, 0x00, 0x03, 0xfb, 0x00, 0x00,
    0x00, 0x00, 0xaf, 0x86, 0x66, 0x66, 0x66, 0x68, 0xfb, 0x00, 0x00, 0x00, 0x00, 0xaf, 0xff, 0xff,
    0xff, 0xff, 0xff, 0xfb, 0x00, 0x00, 0x00, 0x00, 0xaf, 0x30, 0x00, 0x00, 0x00, 0x03, 0xfb, 0x00,
    0x00, 0x00, 0x00, 0xaf, 0x30, 0x00, 0x00, 0x00, 0x03, 0xfb, 0x00, 0x00, 0x00, 0x00, 0xaf, 0xff,
    0xff, 0xff, 0xff, 0xff, 0xfb, 0x00, 0x00, 0x00, 0x00, 0x57, 0x77, 0x77, 0x77, 0x77, 0x77, 0x75,
    0x00, 0x00, 0x00, 0x00, 0x00, 0x02, 0xb7, 0x00, 0x8b, 0x10, 0x00, 0x00, 0x00, 0x00, 0x05, 0xc1,
    0x03, 0xf9, 0x00, 0xbf, 0x10, 0x2e, 0x70, 0x00, 0x00, 0x04, 0xf8, 0x03, 0xf9, 0x00, 0xbf, 0x10,
    0x9f, 0x50, 0x00, 0x00, 0x00, 0xcf, 0x23, 0xf9, 0x00, 0xbf, 0x13, 0xfc, 0x00, 0x00, 0x00, 0x00,
    0x4f, 0x93, 0xf9, 0x00, 0xbf, 0x2d, 0xe2, 0x00, 0x00, 0x00, 0x00, 0x0b, 0x63, 0xf9, 0x00, 0xbf,
    0x29, 0x60, 0x00, 0x00, 0x00, 0x00, 0x00, 0x03, 0xf9, 0x00, 0xbf, 0x10, 0x00, 0x00, 0x00, 0x04,
    0xff, 0xff, 0xff, 0xff, 0xff, 0xff, 0xff, 0xff, 0xff, 0x40, 0x03, 0xcc, 0xcc, 0xcc, 0xcc, 0xcc,
    0xcc, 0xcc, 0xcc, 0xcc, 0x30, 0x00, 0x00, 0x00, 0x00, 0x00, 0x00, 0x00, 0x00, 0x00, 0x00, 0x00,
    0x00, 0x00, 0x00, 0x00, 0x00, 0x00, 0x00, 0x00, 0x00, 0x00, 0x00, 0x00, 0x00, 0x00, 0x00, 0x00,
    0x00, 0x05, 0xa3, 0x00, 0x00, 0x00, 0x00, 0x00, 0x00, 0x00, 0x00, 0x00, 0x07, 0xf5, 0x00, 0x00,
    0x00, 0x00, 0x8f, 0xff, 0xfb, 0x0d, 0xff, 0xff, 0xff, 0xff, 0xfc, 0x00, 0x00, 0x8f, 0xaa, 0xfb,
    0x05, 0x66, 0x6a, 0xf9, 0x66, 0x65, 0x00, 0x00, 0x8f, 0x00, 0xdb, 0x02, 0x55, 0x5a, 0xf8, 0x55,
    0x52, 0x00, 0x00, 0x8f, 0x00, 0xdb, 0x05, 0xff, 0xff, 0xff, 0xff, 0xf7, 0x00, 0x00, 0x8f, 0x00,
    0xdb, 0x00, 0x00, 0x07, 0xf5, 0x00, 0x00, 0x00, 0x00, 0x8f, 0x00, 0xdb, 0x6f, 0xff, 0xff, 0xff,
    0xff, 0xff, 0x30, 0x00, 0x8f, 0xff, 0xfb, 0x36, 0x66, 0x66, 0x66, 0x66, 0x66, 0x10, 0x00, 0x8f,
    0xaa, 0xeb, 0x01, 0x66, 0x66, 0x66, 0x66, 0x61, 0x00, 0x00, 0x8f, 0x00, 0xdb, 0x02, 0xff, 0xff,
    0xff, 0xff, 0xf2, 0x00, 0x00, 0x8f, 0x00, 0xdb, 0x02, 0xfa, 0x00, 0x00, 0x0a, 0xf2, 0x00, 0x00,
    0x8f, 0x00, 0xdb, 0x02, 0xfb, 0x44, 0x44, 0x4b, 0xf2, 0x00, 0x00, 0x8f, 0x00, 0xdb, 0x02, 0xff,
    0xff, 0xff, 0xff, 0xf2, 0x00, 0x00, 0x8f, 0xff, 0xfb, 0x02, 0xfa, 0x00, 0x00, 0x0a, 0xf2, 0x00,
    0x00, 0x8f, 0xaa, 0xa7, 0x02, 0xff, 0xff, 0xff, 0xff, 0xf2, 0x00, 0x00, 0x8f, 0x00, 0x00, 0x02,
    0xfb, 0x44, 0x44, 0x4b, 0xf2, 0x00, 0x00, 0x36, 0x00, 0x00, 0x02, 0xfa, 0x00, 0x00, 0x0a, 0xf1,
    0x00, 0x00, 0x00, 0x00, 0x00, 0x02, 0xfa, 0x00, 0x0b, 0xff, 0xe0, 0x00, 0x00, 0x00, 0x00, 0x00,
    0x01, 0x85, 0x00, 0x04, 0x86, 0x20, 0x00, 0x00, 0x00, 0x00, 0x00, 0x00, 0x00, 0x00, 0x00, 0x00,
    0x00, 0x00, 0x00, 0x00, 0x00, 0x00, 0x00, 0x00, 0x00, 0x00, 0x00, 0x00, 0x00, 0x00, 0x00, 0x08,
    0x82, 0x00, 0x00, 0x00, 0x00, 0x02, 0x50, 0x00, 0x00, 0x67, 0x7f, 0xf7, 0x77, 0x72, 0x58, 0xac,
    0xef, 0xf5, 0x00, 0x00, 0xff, 0xff, 0xff, 0xff, 0xf6, 0xbf, 0xdb, 0x96, 0x30, 0x00, 0x00, 0x05,
    0xf9, 0x14, 0x20, 0x00, 0xbe, 0x00, 0x00, 0x00, 0x00, 0x00, 0x2e, 0xc0, 0x5f, 0x60, 0x00, 0xbe,
    0x00, 0x00, 0x00, 0x00, 0x00, 0xbf, 0xff, 0xff, 0xff, 0xf7, 0xcf, 0xff, 0xff, 0xff, 0x10, 0x00,
    0x59, 0x77, 0xaf, 0xa7, 0x73, 0xde, 0x88, 0xee, 0x88, 0x10, 0x00, 0x00, 0x00, 0x5f, 0x60, 0x11,
    0xfb, 0x00, 0xdd, 0x00, 0x00, 0x00, 0x67, 0x89, 0xcf, 0xef, 0xf7, 0xf8, 0x00, 0xdd, 0x00, 0x00,
    0x00, 0xef, 0xfe, 0xdf, 0xb7, 0x5a, 0xf4, 0x00, 0xdd, 0x00, 0x00, 0x00, 0x32, 0x10, 0x5f, 0x60,
    0x1e, 0xc0, 0x00, 0xdd, 0x00, 0x00, 0x00, 0x00, 0x00, 0x25, 0x20, 0x02, 0x40, 0x00, 0x77, 0x00,
    0x00, 0x00, 0x00, 0x9f, 0xff, 0xff, 0xff, 0xff, 0xff, 0xfb, 0x00, 0x00, 0x00, 0x00, 0x9f, 0x87,
    0x77, 0x77, 0x77, 0x78, 0xfb, 0x00, 0x00, 0x00, 0x00, 0x9f, 0x64, 0x44, 0x44, 0x44, 0x46, 0xfb,
    0x00, 0x00, 0x00, 0x00, 0x9f, 0xff, 0xff, 0xff, 0xff, 0xff, 0xfb, 0x00, 0x00, 0x00, 0x00, 0x9f,
    0x30, 0x00, 0x00, 0x00, 0x03, 0xfb, 0x00, 0x00, 0x00, 0x00, 0x9f, 0x87, 0x77, 0x77, 0x77, 0x78,
    0xfb, 0x00, 0x00, 0x00, 0x00, 0x9f, 0xff, 0xff, 0xff, 0xff, 0xff, 0xfb, 0x00, 0x00, 0x00, 0x00,
    0x7b, 0x20, 0x00, 0x00, 0x00, 0x02, 0xb7, 0x00, 0x00, 0x00, 0x00, 0x00, 0x00, 0x00, 0x00, 0x00,
    0x00, 0x00, 0x00, 0x00, 0x00, 0x00, 0x00, 0x00, 0x00, 0x00, 0x00, 0x00, 0x00, 0x00, 0x00, 0x00,
    0x8a, 0xaa, 0xaa, 0xaa, 0xaa, 0xaa, 0xaa, 0xaa, 0xa8, 0x00, 0x00, 0xbf, 0xff, 0xff, 0xff, 0xff,
    0xff, 0xff, 0xff, 0xfb, 0x00, 0x00, 0x00, 0x00, 0x00, 0x00, 0xdf, 0x20, 0x00, 0x00, 0x00, 0x00,
    0x00, 0x00, 0x88, 0x88, 0x88, 0xef, 0x98, 0x88, 0x88, 0x40, 0x00, 0x00, 0x00, 0xff, 0xff, 0xff,
    0xff, 0xff, 0xff, 0xff, 0x70, 0x00, 0x00, 0x00, 0xfc, 0x00, 0x00, 0xdf, 0x20, 0x00, 0x6f, 0x70,
    0x00, 0x00, 0x00, 0xfc, 0x00, 0x00, 0xdf, 0x20, 0x00, 0x6f, 0x70, 0x00, 0x00, 0x00, 0xff, 0xff,
    0xff, 0xff, 0xff, 0xff, 0xff, 0x70, 0x00, 0x00, 0x00, 0xfe, 0x77, 0x77, 0xef, 0x87, 0x77, 0xaf,
    0x70, 0x00, 0x00, 0x00, 0xfc, 0x00, 0x00, 0xdf, 0x20, 0x00, 0x6f, 0x70, 0x00, 0x00, 0x00, 0xfe,
    0x88, 0x88, 0xef, 0x98, 0x88, 0xbf, 0x70, 0x00, 0x00, 0x00, 0xff, 0xff, 0xff, 0xff, 0xff, 0xff,
    0xff, 0x70, 0x00, 0x00, 0x00, 0x2a, 0x70, 0x05, 0xfb, 0x00, 0x00, 0x00, 0x00, 0x00, 0x00, 0x00,
    0x1e, 0xf5, 0x0c, 0xf6, 0x00, 0x00, 0x00, 0x00, 0x00, 0x00, 0x00, 0x05, 0xff, 0xbf, 0xd0, 0x00,
    0x00, 0x00, 0x00, 0x00, 0x00, 0x00, 0x00, 0x7f, 0xff, 0x80, 0x00, 0x00, 0x00, 0x00, 0x00, 0x00,
    0x01, 0x4a, 0xff, 0xff, 0xfe, 0xa8, 0x53, 0x21, 0x10, 0x00, 0x00, 0xbf, 0xff, 0xe8, 0x25, 0xae,
    0xff, 0xff, 0xff, 0xff, 0x30, 0x00, 0x4d, 0x95, 0x10, 0x00, 0x00, 0x36, 0x89, 0xbc, 0xcb, 0x00,
    0x00, 0x00, 0x00, 0x00, 0x00, 0x00, 0x00, 0x00, 0x00, 0x00, 0x00, 0x00, 0x00, 0x00, 0x00, 0x00,
    0x00, 0x00, 0x00, 0x00, 0x00, 0x00, 0x00, 0x00, 0x8f, 0xff, 0xff, 0xff, 0xff, 0xff, 0xf9, 0x00,
    0x00, 0x00, 0x00, 0x8f, 0x74, 0x44, 0x44, 0x44, 0x47, 0xf9, 0x00, 0x00, 0x00, 0x00, 0x8f, 0x63,
    0x33, 0x33, 0x33, 0x37, 0xf9, 0x00, 0x00, 0x00, 0x00, 0x8f, 0xff, 0xff, 0xff, 0xff, 0xff, 0xf9,
    0x00, 0x00, 0x00, 0x00, 0x8f, 0x40, 0x00, 0x00, 0x00, 0x04, 0xf9, 0x00, 0x00, 0x00, 0x00, 0x8f,
    0xff, 0xff, 0xff, 0xff, 0xff, 0xf9, 0x00, 0x00, 0x00, 0x00, 0x24, 0x44, 0x44, 0x44, 0x44, 0x44,
    0x42, 0x00, 0x00, 0x00, 0x88, 0x88, 0x88, 0x88, 0x88, 0x88, 0x88, 0x88, 0x88, 0x00, 0x01, 0xff,
    0xff, 0xff, 0xff, 0xff, 0xff, 0xff, 0xff, 0xff, 0x00, 0x00, 0x03, 0xf8, 0x00, 0x5f, 0x80, 0x00,
    0x00, 0x00, 0x00, 0x00, 0x00, 0x03, 0xff, 0xff, 0xff, 0x8b, 0xff, 0xff, 0xff, 0xf5, 0x00, 0x00,
    0x03, 0xfa, 0x66, 0x9f, 0x86, 0xed, 0x88, 0x8d, 0xf2, 0x00, 0x00, 0x03, 0xfa, 0x55, 0x8f, 0x80,
    0xbf, 0x30, 0x2f, 0xb0, 0x00, 0x00, 0x03, 0xff, 0xff, 0xff, 0x80, 0x4f, 0xc0, 0xbf, 0x40, 0x00,
    0x00, 0x03, 0xf8, 0x00, 0x5f, 0x80, 0x09, 0xfc, 0xf8, 0x00, 0x00, 0x00, 0x26, 0xfc, 0x9b, 0xdf,
    0xf8, 0x01, 0xef, 0xe1, 0x00, 0x00, 0x01, 0xff, 0xff, 0xff, 0xff, 0xc4, 0x2b, 0xff, 0xfd, 0x50,
    0x00, 0x00, 0xdb, 0x97, 0x53, 0x5f, 0x89, 0xff, 0x92, 0xaf, 0xfd, 0x20, 0x00, 0x00, 0x00, 0x00,
    0x5f, 0x86, 0xa3, 0x00, 0x04, 0xa8, 0x00, 0x00, 0x00, 0x00, 0x00, 0x00, 0x00, 0x00, 0x00, 0x00,
    0x00, 0x00, 0x00, 0x00, 0x00, 0x00, 0x00, 0x00, 0x00, 0x00, 0x00, 0x00, 0x00, 0x00, 0x00, 0x1c,
    0xcc, 0xcc, 0xcc, 0xcc, 0xcc, 0xc7, 0x00, 0x00, 0x00, 0x00, 0x1f, 0xff, 0xff, 0xff, 0xff, 0xff,
    0xf9, 0x00, 0x00, 0x00, 0x00, 0x1f, 0xd0, 0x00, 0x00, 0x00, 0x06, 0xf9, 0x00, 0x00, 0x00, 0x00,
    0x1f, 0xd0, 0x00, 0x00, 0x00, 0x06, 0xf9, 0x00, 0x00, 0x00, 0x00, 0x1f, 0xd0, 0x00, 0x00, 0x00,
    0x06, 0xf9, 0x00, 0x00, 0x00, 0x00, 0x1f, 0xfc, 0xcc, 0xcc, 0xcc, 0xcd, 0xf9, 0x00, 0x00, 0x00,
    0x00, 0x1f, 0xff, 0xff, 0xff, 0xff, 0xff, 0xf9, 0x00, 0x00, 0x00, 0x00, 0x1f, 0xd0, 0x00, 0x00,
    0x00, 0x06, 0xf9, 0x00, 0x00, 0x00, 0x00, 0x2f, 0xc0, 0x00, 0x00, 0x00, 0x06, 0xf9, 0x00, 0x00,
    0x00, 0x00, 0x2f, 0xb0, 0x00, 0x00, 0x00, 0x06, 0xf9, 0x00, 0x00, 0x00, 0x00, 0x5f, 0xec, 0xcc,
    0xcc, 0xcc, 0xcd, 0xf9, 0x00, 0x00, 0x00, 0x00, 0x7f, 0xff, 0xff, 0xff, 0xff, 0xff, 0xf9, 0x00,
    0x00, 0x00, 0x00, 0xaf, 0x40, 0x00, 0x00, 0x00, 0x06, 0xf9, 0x00, 0x00, 0x00, 0x01, 0xfe, 0x00,
    0x00, 0x00, 0x00, 0x06, 0xf9, 0x00, 0x00, 0x00, 0x06, 0xf9, 0x00, 0x00, 0x00, 0x00, 0x06, 0xf9,
    0x00, 0x00, 0x00, 0x1d, 0xf5, 0x00, 0x00, 0x00, 0x00, 0x06, 0xf9, 0x00, 0x00, 0x00, 0xaf, 0xd0,
    0x00, 0x00, 0x00, 0x00, 0x08, 0xf9, 0x00, 0x00, 0x04, 0xff, 0x40, 0x00, 0x00, 0x07, 0xff, 0xff,
    0xf6, 0x00, 0x00, 0x00, 0x86, 0x00, 0x00, 0x00, 0x02, 0xee, 0xec, 0x70, 0x00, 0x00, 0x00, 0x00,
    0x00, 0x00, 0x00, 0x00, 0x00, 0x00, 0x00, 0x00, 0x00, 0x00, 0x00, 0x00, 0x00, 0x00, 0x00, 0x00,
    0x00, 0x00, 0x00, 0x00, 0x00, 0x00, 0x00, 0x00, 0x00, 0x00, 0x00, 0x00, 0x00, 0x00, 0x00, 0x00,
    0x00, 0x00, 0x00, 0x00, 0xaa, 0x00, 0x00, 0x00, 0x00, 0x00, 0x00, 0x00, 0x00, 0x00, 0x00, 0xff,
    0x00, 0x00, 0x00, 0x00, 0x00, 0x00, 0x00, 0x00, 0x00, 0x00, 0xff, 0x00, 0x00, 0x00, 0x00, 0x00,
    0x00, 0x00, 0x00, 0x00, 0x00, 0xff, 0x00, 0x00, 0x00, 0x00, 0x00, 0x00, 0x06, 0xff, 0xff, 0xff,
    0xff, 0xff, 0xff, 0xff, 0x70, 0x00, 0x00, 0x05, 0xdd, 0xdd, 0xdd, 0xff, 0xdd, 0xdd, 0xdd, 0x70,
    0x00, 0x00, 0x00, 0x00, 0x00, 0x00, 0xff, 0x00, 0x00, 0x00, 0x00, 0x00, 0x00, 0x00, 0x00, 0x00,
    0x00, 0xff, 0x00, 0x00, 0x00, 0x00, 0x00, 0x00, 0x00, 0x00, 0x00, 0x00, 0xff, 0x00, 0x00, 0x00,
    0x00, 0x00, 0x00, 0xdf, 0xff, 0xff, 0xff, 0xff, 0xff, 0xff, 0xff, 0xfe, 0x00, 0x00, 0xbd, 0xdd,
    0xdd, 0xdf, 0xff, 0xfd, 0xdd, 0xdd, 0xdc, 0x00, 0x00, 0x00, 0x00, 0x00, 0x8f, 0xff, 0xf7, 0x00,
    0x00, 0x00, 0x00, 0x00, 0x00, 0x00, 0x05, 0xfe, 0xff, 0xdf, 0x50, 0x00, 0x00, 0x00, 0x00, 0x00,
    0x00, 0x5f, 0xe3, 0xff, 0x2e, 0xf5, 0x00, 0x00, 0x00, 0x00, 0x00, 0x07, 0xfe, 0x30, 0xff, 0x03,
    0xef, 0x70, 0x00, 0x00, 0x00, 0x01, 0xbf, 0xf4, 0x00, 0xff, 0x00, 0x4f, 0xfb, 0x10, 0x00, 0x01,
    0x7e, 0xfe, 0x40, 0x00, 0xff, 0x00, 0x04, 0xef, 0xe7, 0x10, 0x02, 0xef, 0xb2, 0x00, 0x00, 0xff,
    0x00, 0x00, 0x2c, 0xfd, 0x20, 0x00, 0x46, 0x00, 0x00, 0x00, 0xff, 0x00, 0x00, 0x00, 0x63, 0x00,
    0x00, 0x00, 0x00, 0x00, 0x00, 0xbb, 0x00, 0x00, 0x00, 0x00, 0x00, 0x00, 0x00, 0x00, 0x00, 0x00,
    0x00, 0x00, 0x00, 0x00, 0x00, 0x00, 0x00, 0x00, 0x00, 0x00, 0x00, 0x00, 0x00, 0x00, 0x00, 0x00,
    0x00, 0x00, 0x00, 0x00, 0x00, 0x00, 0xaa, 0x00, 0x00, 0x00, 0x00, 0x00, 0x00, 0x00, 0x00, 0x00,
    0x00, 0xff, 0x00, 0x00, 0x00, 0x00, 0x00, 0x00, 0x00, 0x00, 0x00, 0x00, 0xff, 0x00, 0x00, 0x00,
    0x00, 0x00, 0x00, 0x00, 0x00, 0x00, 0x00, 0xff, 0x00, 0x00, 0x00, 0x00, 0x00, 0x00, 0x00, 0x00,
    0x00, 0x00, 0xff, 0x00, 0x00, 0x00, 0x00, 0x00, 0x00, 0xbf, 0xff, 0xff, 0xff, 0xff, 0xff, 0xff,
    0xff, 0xfc, 0x00, 0x00, 0xbe, 0xee, 0xee, 0xff, 0xff, 0xff, 0xee, 0xee, 0xeb, 0x00, 0x00, 0x00,
    0x00, 0x07, 0xf8, 0xff, 0x9f, 0x60, 0x00, 0x00, 0x00, 0x00, 0x00, 0x00, 0x1e, 0xe1, 0xff, 0x2f,
    0xd0, 0x00, 0x00, 0x00, 0x00, 0x00, 0x00, 0x8f, 0x80, 0xff, 0x09, 0xf7, 0x00, 0x00, 0x00, 0x00,
    0x00, 0x03, 0xfe, 0x10, 0xff, 0x02, 0xfe, 0x20, 0x00, 0x00, 0x00, 0x00, 0x1c, 0xf6, 0x00, 0xff,
    0x00, 0x7f, 0xc1, 0x00, 0x00, 0x00, 0x00, 0xbf, 0xa0, 0x00, 0xff, 0x00, 0x0b, 0xfb, 0x00, 0x00,
    0x00, 0x0a, 0xfd, 0x10, 0x00, 0xff, 0x00, 0x02, 0xef, 0xb1, 0x00, 0x01, 0xcf, 0xea, 0xff, 0xff,
    0xff, 0xff, 0xff, 0xae, 0xfd, 0x20, 0x01, 0xcd, 0x27, 0xee, 0xee, 0xff, 0xee, 0xee, 0x63, 0xea,
    0x00, 0x00, 0x12, 0x00, 0x00, 0x00, 0xff, 0x00, 0x00, 0x00, 0x20, 0x00, 0x00, 0x00, 0x00, 0x00,
    0x00, 0xff, 0x00, 0x00, 0x00, 0x00, 0x00, 0x00, 0x00, 0x00, 0x00, 0x00, 0xff, 0x00, 0x00, 0x00,
    0x00, 0x00, 0x00, 0x00, 0x00, 0x00, 0x00, 0xbb, 0x00, 0x00, 0x00, 0x00, 0x00, 0x00, 0x00, 0x00,
    0x00, 0x00, 0x00, 0x00, 0x00, 0x00, 0x00, 0x00, 0x00, 0x00, 0x00, 0x00, 0x00, 0x00, 0x00, 0x00,
    0x00, 0x00, 0x00, 0x00, 0x00, 0x00, 0x8f, 0xff, 0xff, 0xff, 0xfa, 0x00, 0x00, 0x00, 0x00, 0x00,
    0x00, 0x8f, 0xdc, 0xcc, 0xcd, 0xfa, 0x00, 0x00, 0x00, 0x00, 0x00, 0x00, 0x9f, 0x50, 0x00, 0x04,
    0xfa, 0x00, 0x00, 0x00, 0x00, 0x00, 0x00, 0xbf, 0x40, 0x00, 0x04, 0xfa, 0x00, 0x00, 0x00, 0x00,
    0x00, 0x02, 0xfe, 0x10, 0x00, 0x04, 0xfa, 0x00, 0x00, 0x00, 0x00, 0x00, 0x2d, 0xf8, 0x00, 0x00,
    0x04, 0xfa, 0x00, 0x00, 0x00, 0x00, 0x16, 0xef, 0xb0, 0x00, 0x00, 0x02, 0xff, 0xcb, 0xca, 0x00,
    0x00, 0x5f, 0xfa, 0x10, 0x01, 0xdc, 0x00, 0x8e, 0xff, 0xfc, 0x00, 0x00, 0x07, 0x30, 0x00, 0x02,
    0xfe, 0x00, 0x00, 0x00, 0x00, 0x00, 0x00, 0x9b, 0xbb, 0xbb, 0xbc, 0xff, 0xbb, 0xbb, 0xbb, 0xb9,
    0x00, 0x00, 0xcf, 0xff, 0xff, 0xff, 0xff, 0xff, 0xff, 0xff, 0xfc, 0x00, 0x00, 0x00, 0x00, 0x00,
    0xaf, 0xff, 0xfa, 0x00, 0x00, 0x00, 0x00, 0x00, 0x00, 0x00, 0x0a, 0xfb, 0xfe, 0xaf, 0xa0, 0x00,
    0x00, 0x00, 0x00, 0x00, 0x02, 0xcf, 0xa2, 0xfe, 0x0b, 0xfc, 0x20, 0x00, 0x00, 0x00, 0x00, 0x7e,
    0xfa, 0x02, 0xfe, 0x00, 0xaf, 0xf8, 0x10, 0x00, 0x01, 0x7d, 0xff, 0x90, 0x02, 0xfe, 0x00, 0x07,
    0xff, 0xe8, 0x10, 0x00, 0xcf, 0xd4, 0x00, 0x02, 0xfe, 0x00, 0x00, 0x3b, 0xfc, 0x00, 0x00, 0x27,
    0x00, 0x00, 0x02, 0xfe, 0x00, 0x00, 0x00, 0x42, 0x00, 0x00, 0x00, 0x00, 0x00, 0x01, 0xba, 0x00,
    0x00, 0x00, 0x00, 0x00, 0x00, 0x00, 0x00, 0x00, 0x00, 0x00, 0x00, 0x00, 0x00, 0x00, 0x00, 0x00,
    0x00, 0x00, 0x00, 0x00, 0x00, 0x00, 0x00, 0x00, 0x00, 0x00, 0x00, 0x00, 0x0b, 0xc0, 0x00, 0x00,
    0x00, 0x00, 0x00, 0x00, 0x00, 0x00, 0x00, 0x0d, 0xe0, 0x00, 0x2c, 0xcc, 0xcc, 0xca, 0x00, 0x00,
    0x00, 0x00, 0x0d, 0xe0, 0x00, 0x2f, 0xff, 0xff, 0xfc, 0x00, 0x00, 0x00, 0x00, 0x0d, 0xe0, 0x00,
    0x2f, 0xa0, 0x01, 0xfc, 0x00, 0x00, 0x00, 0x00, 0x0d, 0xe0, 0x00, 0x2f, 0xa0, 0x01, 0xfc, 0x00,
    0x00, 0x00, 0xff, 0xff, 0xff, 0xfb, 0x2f, 0xa0, 0x01, 0xfc, 0x00, 0x00, 0x00, 0xcc, 0xdf, 0xfc,
    0xc9, 0x2f, 0xa0, 0x01, 0xfc, 0x00, 0x00, 0x00, 0x00, 0x5f, 0xe0, 0x00, 0x2f, 0xa0, 0x01, 0xfc,
    0x00, 0x00, 0x00, 0x00, 0xaf, 0xf2, 0x00, 0x2f, 0xa0, 0x01, 0xfc, 0x00, 0x00, 0x00, 0x01, 0xff,
    0xfd, 0x10, 0x3f, 0xa0, 0x01, 0xfc, 0x00, 0x00, 0x00, 0x06, 0xff, 0xff, 0xb0, 0x3f, 0x90, 0x01,
    0xfc, 0x00, 0x00, 0x00, 0x0c, 0xcd, 0xe7, 0xf8, 0x4f, 0x80, 0x01, 0xfc, 0x00, 0x00, 0x00, 0x5f,
    0x6d, 0xe0, 0xc9, 0x6f, 0x60, 0x01, 0xfc, 0x00, 0x00, 0x01, 0xde, 0x1d, 0xe0, 0x31, 0x9f, 0x40,
    0x01, 0xfc, 0x00, 0x00, 0x06, 0xf7, 0x0d, 0xe0, 0x00, 0xdf, 0x10, 0x01, 0xfc, 0x07, 0x20, 0x01,
    0xb0, 0x0d, 0xe0, 0x03, 0xfb, 0x00, 0x01, 0xfc, 0x0c, 0xa0, 0x00, 0x00, 0x0d, 0xe0, 0x09, 0xf6,
    0x00, 0x01, 0xfc, 0x0c, 0x90, 0x00, 0x00, 0x0d, 0xe0, 0x4f, 0xe1, 0x00, 0x01, 0xfd, 0x0d, 0x80,
    0x00, 0x00, 0x0d, 0xe0, 0xdf, 0x50, 0x00, 0x00, 0xef, 0xff, 0x60, 0x00, 0x00, 0x0b, 0xd0, 0x38,
    0x00, 0x00, 0x00, 0x4b, 0xb8, 0x00, 0x00, 0x00, 0x00, 0x00, 0x00, 0x00, 0x00, 0x00, 0x00, 0x00,
    0x00, 0x00, 0x00, 0x00, 0x00, 0x00, 0x00, 0x00, 0x00, 0x00, 0x00, 0x00, 0x00, 0x00, 0x0a, 0xa0,
    0x00, 0x00, 0x00, 0x00, 0x00, 0x00, 0x00, 0x00, 0x00, 0x0e, 0xd0, 0x00, 0x00, 0x00, 0x00, 0x00,
    0x00, 0x00, 0x00, 0x00, 0x0e, 0xd0, 0x06, 0xcc, 0xcc, 0xcc, 0xcc, 0xd7, 0x00, 0x00, 0x00, 0x0e,
    0xd0, 0x07, 0xff, 0xff, 0xff, 0xff, 0xf9, 0x00, 0x02, 0xbb, 0xbf, 0xfb, 0xb5, 0xcf, 0x00, 0x00,
    0x06, 0xf6, 0x00, 0x02, 0xff, 0xff, 0xff, 0xf6, 0x9f, 0x30, 0x00, 0x0a, 0xf4, 0x00, 0x00, 0x00,
    0x8f, 0xd0, 0x00, 0x6f, 0x60, 0x00, 0x0e, 0xf1, 0x00, 0x00, 0x00, 0xdf, 0xf6, 0x00, 0x2f, 0xa0,
    0x00, 0x3f, 0xb0, 0x00, 0x00, 0x03, 0xff, 0xff, 0x50, 0x0e, 0xe0, 0x00, 0x7f, 0x70, 0x00, 0x00,
    0x08, 0xff, 0xed, 0xe3, 0x09, 0xf5, 0x00, 0xef, 0x20, 0x00, 0x00, 0x0d, 0xce, 0xd4, 0xfe, 0x14,
    0xfc, 0x06, 0xfa, 0x00, 0x00, 0x00, 0x5f, 0x7e, 0xd0, 0x9c, 0x00, 0xef, 0x3d, 0xf4, 0x00, 0x00,
    0x00, 0xcf, 0x1e, 0xd0, 0x13, 0x00, 0x7f, 0xef, 0xb0, 0x00, 0x00, 0x07, 0xfa, 0x0e, 0xd0, 0x00,
    0x00, 0x1e, 0xff, 0x30, 0x00, 0x00, 0x06, 0xf3, 0x0e, 0xd0, 0x00, 0x00, 0x2d, 0xfe, 0x20, 0x00,
    0x00, 0x00, 0x80, 0x0e, 0xd0, 0x00, 0x02, 0xdf, 0xef, 0xd2, 0x00, 0x00, 0x00, 0x00, 0x0e, 0xd0,
    0x00, 0x3d, 0xfb, 0x1b, 0xfd, 0x30, 0x00, 0x00, 0x00, 0x0e, 0xd0, 0x19, 0xff, 0xb0, 0x01, 0xcf,
    0xf7, 0x00, 0x00, 0x00, 0x0e, 0xd0, 0x5f, 0xe7, 0x00, 0x00, 0x1a, 0xfe, 0x20, 0x00, 0x00, 0x0a,
    0x90, 0x07, 0x20, 0x00, 0x00, 0x00, 0x74, 0x00, 0x00, 0x00, 0x00, 0x00, 0x00, 0x00, 0x00, 0x00,
    0x00, 0x00, 0x00, 0x00, 0x00, 0x00, 0x00, 0x00, 0x00, 0x00, 0x00, 0x00, 0x00, 0x00, 0x00, 0x00,
    0x5d, 0x50, 0x00, 0x00, 0x00, 0x00, 0x00, 0x00, 0x00, 0x00, 0x00, 0x5f, 0x50, 0x4b, 0xbb, 0xbb,
    0xbb, 0xb7, 0x00, 0x00, 0x00, 0x00, 0x5f, 0x50, 0x5f, 0xff, 0xff, 0xff, 0xf7, 0x00, 0x00, 0x00,
    0x00, 0x5f, 0x50, 0x00, 0x4f, 0x80, 0x09, 0xf3, 0x00, 0x00, 0x00, 0xab, 0xdf, 0xdb, 0x50, 0x5f,
    0x70, 0x0c, 0xf0, 0x00, 0x00, 0x00, 0xdf, 0xff, 0xff, 0x60, 0x6f, 0x70, 0x1f, 0xc0, 0x00, 0x00,
    0x00, 0x00, 0x9f, 0x60, 0x00, 0x7f, 0x60, 0x4f, 0x80, 0x00, 0x00, 0x00, 0x00, 0xef, 0xd1, 0x00,
    0x7f, 0x40, 0x7f, 0xca, 0xa4, 0x00, 0x00, 0x03, 0xff, 0xf8, 0x00, 0x9f, 0x60, 0xcf, 0xff, 0xf7,
    0x00, 0x00, 0x07, 0xff, 0xcf, 0x20, 0xbf, 0xc0, 0x00, 0x09, 0xf2, 0x00, 0x00, 0x0c, 0xff, 0x6e,
    0x80, 0xef, 0xf3, 0x00, 0x0e, 0xd0, 0x00, 0x00, 0x4f, 0xaf, 0x56, 0x11, 0xfe, 0xfa, 0x00, 0x4f,
    0x90, 0x00, 0x00, 0xbe, 0x6f, 0x50, 0x04, 0xf7, 0xaf, 0x50, 0xcf, 0x30, 0x00, 0x05, 0xf8, 0x5f,
    0x50, 0x09, 0xf3, 0x2e, 0xd6, 0xfa, 0x00, 0x00, 0x02, 0xe1, 0x5f, 0x50, 0x0e, 0xe0, 0x07, 0xff,
    0xf2, 0x00, 0x00, 0x00, 0x40, 0x5f, 0x50, 0x4f, 0xa0, 0x01, 0xff, 0xc0, 0x00, 0x00, 0x00, 0x00,
    0x5f, 0x50, 0xcf, 0x40, 0x1b, 0xff, 0xfb, 0x10, 0x00, 0x00, 0x00, 0x5f, 0x58, 0xfc, 0x04, 0xdf,
    0xc4, 0xdf, 0xe6, 0x00, 0x00, 0x00, 0x5f, 0x7e, 0xf3, 0x1e, 0xfb, 0x10, 0x1b, 0xfe, 0x20, 0x00,
    0x00, 0x4b, 0x43, 0x60, 0x04, 0x60, 0x00, 0x00, 0x54, 0x00, 0x00, 0x00, 0x00, 0x00, 0x00, 0x00,
    0x00, 0x00, 0x00, 0x00, 0x00, 0x00, 0x00, 0x00, 0x00, 0x00, 0x00, 0x00, 0x00, 0x00, 0x00, 0x00,
    0x00, 0x00, 0x89, 0x99, 0x99, 0x99, 0x99, 0x99, 0x99, 0x00, 0x00, 0x00, 0x00, 0xdf, 0xff, 0xff,
    0xff, 0xff, 0xff, 0xff, 0x00, 0x00, 0x00, 0x00, 0xdf, 0x10, 0x00, 0xff, 0x00, 0x00, 0xff, 0x00,
    0x00, 0x00, 0x00, 0xdf, 0x10, 0x00, 0xff, 0x00, 0x00, 0xff, 0x00, 0x00, 0x00, 0x00, 0xdf, 0xff,
    0xff, 0xff, 0xff, 0xff, 0xff, 0x00, 0x00, 0x00, 0x00, 0xdf, 0x88, 0x88, 0xff, 0x88, 0x88, 0xff,
    0x00, 0x00, 0x00, 0x00, 0xdf, 0x10, 0x00, 0xff, 0x00, 0x00, 0xff, 0x00, 0x00, 0x00, 0x00, 0xdf,
    0xff, 0xff, 0xff, 0xff, 0xff, 0xff, 0x00, 0x00, 0x00, 0x00, 0x89, 0x99, 0x99, 0xff, 0x99, 0x99,
    0x99, 0x00, 0x00, 0x00, 0x00, 0x00, 0x00, 0x00, 0xff, 0x00, 0x00, 0x00, 0x00, 0x00, 0x00, 0x9b,
    0xbb, 0xbb, 0xbb, 0xff, 0xbb, 0xbb, 0xbb, 0xb9, 0x00, 0x00, 0xdf, 0xff, 0xff, 0xff, 0xff, 0xff,
    0xff, 0xff, 0xfd, 0x00, 0x00, 0x00, 0x00, 0x02, 0xdf, 0xff, 0xfd, 0x30, 0x00, 0x00, 0x00, 0x00,
    0x00, 0x00, 0x3d, 0xf7, 0xff, 0x5e, 0xf7, 0x00, 0x00, 0x00, 0x00, 0x00, 0x18, 0xff, 0x50, 0xff,
    0x03, 0xef, 0xa2, 0x00, 0x00, 0x00, 0x06, 0xdf, 0xe4, 0x00, 0xff, 0x00, 0x2d, 0xff, 0x82, 0x00,
    0x02, 0xef, 0xfb, 0x20, 0x00, 0xff, 0x00, 0x01, 0x9f, 0xfe, 0x20, 0x00, 0x8c, 0x40, 0x00, 0x00,
    0xff, 0x00, 0x00, 0x03, 0xa6, 0x00, 0x00, 0x00, 0x00, 0x00, 0x00, 0xbb, 0x00, 0x00, 0x00, 0x00,
    0x00, 0x00, 0x00, 0x00, 0x00, 0x00, 0x00, 0x00, 0x00, 0x00, 0x00, 0x00, 0x00, 0x00, 0x00, 0x00,
    0x00, 0x00, 0x00, 0x00, 0x00, 0x00, 0x00, 0x00, 0x00, 0xa7, 0x00, 0x00, 0x00, 0x00, 0x00, 0x09,
    0x70, 0x00, 0x00, 0x00, 0xfa, 0x00, 0x00, 0x00, 0x00, 0x00, 0x0e, 0xc0, 0x00, 0x00, 0x00, 0xfa,
    0x00, 0x00, 0x00, 0x00, 0x00, 0x0e, 0xc0, 0x00, 0x00, 0x00, 0xfa, 0x00, 0xef, 0xff, 0xe1, 0x00,
    0x0e, 0xc0, 0x00, 0x00, 0x00, 0xfa, 0x00, 0x9a, 0xad, 0xe0, 0x00, 0x0e, 0xc0, 0x00, 0x01, 0xff,
    0xff, 0xf6, 0x00, 0x0c, 0xca, 0xff, 0xff, 0xff, 0x30, 0x00, 0xbb, 0xfe, 0xb4, 0x61, 0x0f, 0xb7,
    0xbb, 0xbf, 0xeb, 0x20, 0x00, 0x03, 0xfc, 0x03, 0xf8, 0x2f, 0x90, 0x00, 0x0e, 0xc0, 0x00, 0x00,
    0x06, 0xff, 0x50, 0xbf, 0x7f, 0x61, 0x60, 0x0e, 0xc0, 0x00, 0x00, 0x0a, 0xff, 0xd0, 0x2f, 0xff,
    0x35, 0xf6, 0x0e, 0xc0, 0x00, 0x00, 0x0e, 0xfc, 0xf6, 0x09, 0xfe, 0x00, 0xcd, 0x0e, 0xc0, 0x00,
    0x00, 0x3f, 0xfa, 0xab, 0x02, 0xfe, 0x00, 0x5f, 0x5e, 0xc0, 0x00, 0x00, 0x9d, 0xfa, 0x54, 0x05,
    0xff, 0x60, 0x1e, 0xbe, 0xc0, 0x00, 0x01, 0xe8, 0xfa, 0x00, 0x0b, 0xfe, 0xd0, 0x07, 0x4e, 0xc0,
    0x00, 0x05, 0xf3, 0xfa, 0x00, 0x2f, 0xb8, 0xf6, 0x00, 0x0e, 0xc0, 0x00, 0x01, 0xa0, 0xfa, 0x00,
    0x9f, 0x52, 0xf6, 0x00, 0x0e, 0xc0, 0x00, 0x00, 0x00, 0xfa, 0x03, 0xfd, 0x00, 0x30, 0x00, 0x0e,
    0xc0, 0x00, 0x00, 0x00, 0xfa, 0x0c, 0xf4, 0x00, 0x00, 0x00, 0x0e, 0xc0, 0x00, 0x00, 0x00, 0xfa,
    0x03, 0x80, 0x00, 0x00, 0x8f, 0xff, 0x90, 0x00, 0x00, 0x00, 0xd9, 0x00, 0x00, 0x00, 0x00, 0x3b,
    0xb8, 0x10, 0x00, 0x00, 0x00, 0x00, 0x00, 0x00, 0x00, 0x00, 0x00, 0x00, 0x00, 0x00, 0x00, 0x00,
    0x00, 0x00, 0x00, 0x00, 0x00, 0x00, 0x00, 0x00, 0x00, 0x00, 0x00, 0x4b, 0x40, 0x00, 0x00, 0x3a,
    0x50, 0x00, 0x00, 0x00, 0x00, 0x00, 0x5f, 0x60, 0x00, 0x00, 0x2f, 0xe1, 0x00, 0x00, 0x00, 0x00,
    0x00, 0x5f, 0x60, 0x00, 0x00, 0x08, 0xf6, 0x00, 0x00, 0x00, 0x00, 0x00, 0x5f, 0x60, 0x0b, 0xbb,
    0xbc, 0xdb, 0xbb, 0xbb, 0x10, 0x00, 0xab, 0xdf, 0xb8, 0x4f, 0xff, 0xff, 0xff, 0xff, 0xff, 0x10,
    0x00, 0xdf, 0xff, 0xff, 0x80, 0x06, 0x30, 0x01, 0x91, 0x00, 0x00, 0x00, 0x00, 0xcf, 0x60, 0x00,
    0x3f, 0xe1, 0x06, 0xfc, 0x10, 0x00, 0x00, 0x01, 0xff, 0xc0, 0x01, 0xcf, 0x40, 0x00, 0x9f, 0xb0,
    0x00, 0x00, 0x05, 0xff, 0xf6, 0x0b, 0xf9, 0x00, 0x00, 0x0b, 0xf7, 0x00, 0x00, 0x09, 0xff, 0xee,
    0x8f, 0xfa, 0x40, 0x02, 0xb8, 0xed, 0x00, 0x00, 0x0e, 0xcf, 0x8f, 0x89, 0x4f, 0xa0, 0x07, 0xf8,
    0x52, 0x00, 0x00, 0x5f, 0x8f, 0x6b, 0x70, 0x0b, 0xf2, 0x0c, 0xf2, 0x00, 0x00, 0x00, 0xbd, 0x5f,
    0x63, 0x00, 0x05, 0xfb, 0x6f, 0xb0, 0x00, 0x00, 0x04, 0xf8, 0x5f, 0x60, 0x00, 0x00, 0xbf, 0xef,
    0x30, 0x00, 0x00, 0x03, 0xf2, 0x5f, 0x60, 0x00, 0x00, 0x3f, 0xfa, 0x00, 0x00, 0x00, 0x00, 0x60,
    0x5f, 0x60, 0x00, 0x01, 0xbf, 0xff, 0x60, 0x00, 0x00, 0x00, 0x00, 0x5f, 0x60, 0x00, 0x2c, 0xfd,
    0x8f, 0xfa, 0x20, 0x00, 0x00, 0x00, 0x5f, 0x60, 0x18, 0xff, 0xb1, 0x06, 0xff, 0xf9, 0x20, 0x00,
    0x00, 0x5f, 0x60, 0x9f, 0xe8, 0x00, 0x00, 0x3b, 0xfd, 0x10, 0x00, 0x00, 0x4b, 0x40, 0x18, 0x20,
    0x00, 0x00, 0x00, 0x43, 0x00, 0x00, 0x00, 0x00, 0x00, 0x00, 0x00, 0x00, 0x00, 0x00, 0x00, 0x00,
    0x00, 0x00, 0x00, 0x00, 0x00, 0x00, 0x00, 0x00, 0x00, 0x00, 0x00, 0x00, 0x00, 0x6b, 0x30, 0x00,
    0x56, 0x00, 0x00, 0x0a, 0x50, 0x00, 0x00, 0x00, 0x8f, 0x30, 0x01, 0xef, 0x20, 0x00, 0x4f, 0xc0,
    0x00, 0x00, 0x00, 0x8f, 0x30, 0x00, 0x7f, 0x90, 0x00, 0xaf, 0x50, 0x00, 0x00, 0x00, 0x8f, 0x30,
    0x00, 0x1e, 0xd0, 0x02, 0xfc, 0x00, 0x00, 0x00, 0xbb, 0xdf, 0xcb, 0x3b, 0xbe, 0xbb, 0xbd, 0xfd,
    0xb8, 0x00, 0x00, 0xff, 0xff, 0xff, 0x5f, 0xff, 0xff, 0xff, 0xff, 0xfb, 0x00, 0x00, 0x00, 0xaf,
    0x40, 0x00, 0x00, 0x09, 0xf4, 0x00, 0x00, 0x00, 0x00, 0x00, 0xef, 0xb0, 0x00, 0x00, 0x09, 0xf4,
    0x00, 0x00, 0x00, 0x00, 0x04, 0xff, 0xf7, 0x04, 0xbb, 0xbd, 0xfc, 0xbb, 0xb1, 0x00, 0x00, 0x09,
    0xff, 0xce, 0x26, 0xff, 0xff, 0xff, 0xff, 0xf1, 0x00, 0x00, 0x0d, 0xff, 0x5f, 0x70, 0x00, 0x09,
    0xf4, 0x00, 0x00, 0x00, 0x00, 0x5f, 0xcf, 0x38, 0x10, 0x00, 0x09, 0xf4, 0x00, 0x00, 0x00, 0x00,
    0xcd, 0x9f, 0x30, 0x00, 0x00, 0x09, 0xf4, 0x00, 0x00, 0x00, 0x05, 0xf8, 0x8f, 0x30, 0xaf, 0xff,
    0xff, 0xff, 0xff, 0xff, 0x10, 0x02, 0xe2, 0x8f, 0x30, 0x8b, 0xbb, 0xbe, 0xfc, 0xbb, 0xbb, 0x10,
    0x00, 0x30, 0x8f, 0x30, 0x00, 0x00, 0x09, 0xf4, 0x00, 0x00, 0x00, 0x00, 0x00, 0x8f, 0x30, 0x00,
    0x00, 0x09, 0xf4, 0x00, 0x00, 0x00, 0x00, 0x00, 0x8f, 0x30, 0x00, 0x00, 0x09, 0xf4, 0x00, 0x00,
    0x00, 0x00, 0x00, 0x8f, 0x30, 0x00, 0x00, 0x09, 0xf4, 0x00, 0x00, 0x00, 0x00, 0x00, 0x6b, 0x30,
    0x00, 0x00, 0x07, 0xb3, 0x00, 0x00, 0x00, 0x00, 0x00, 0x00, 0x00, 0x00, 0x00, 0x00, 0x00, 0x00,
    0x00, 0x00, 0x00, 0x00, 0x00, 0x00, 0x00, 0x00, 0x00, 0x00, 0x00, 0x00, 0x00, 0x00, 0x00, 0x2a,
    0x60, 0x00, 0x00, 0x78, 0x20, 0x00, 0x00, 0x00, 0x00, 0x00, 0x3f, 0x90, 0x00, 0x02, 0xfe, 0x10,
    0x00, 0x00, 0x00, 0x00, 0x00, 0x3f, 0x90, 0x00, 0x09, 0xfd, 0x99, 0x99, 0x20, 0x00, 0x00, 0x00,
    0x3f, 0x90, 0x00, 0x4f, 0xff, 0xff, 0xff, 0xc0, 0x00, 0x00, 0x00, 0x3f, 0x90, 0x02, 0xef, 0xa0,
    0x00, 0xbf, 0x60, 0x00, 0x00, 0xff, 0xff, 0xff, 0xfc, 0xff, 0xf3, 0x06, 0xfe, 0x10, 0x00, 0x00,
    0xbb, 0xdf, 0xeb, 0xef, 0xe5, 0xed, 0x2e, 0xf7, 0x00, 0x00, 0x00, 0x00, 0x9f, 0xd1, 0x3d, 0x40,
    0x6f, 0xef, 0xb0, 0x00, 0x00, 0x00, 0x00, 0xef, 0xfa, 0x00, 0x00, 0x1e, 0xfe, 0x10, 0x00, 0x00,
    0x00, 0x04, 0xff, 0xef, 0x60, 0x03, 0xdf, 0xef, 0xc2, 0x00, 0x00, 0x00, 0x09, 0xff, 0xad, 0xd1,
    0x8f, 0xf9, 0x18, 0xff, 0x93, 0x00, 0x00, 0x1e, 0xaf, 0x94, 0xce, 0xfe, 0x50, 0x00, 0x4d, 0xff,
    0x50, 0x00, 0x8f, 0x5f, 0x90, 0xae, 0xef, 0xff, 0xff, 0xff, 0xe9, 0x00, 0x02, 0xfb, 0x3f, 0x90,
    0x11, 0xcf, 0x99, 0x99, 0xaf, 0xb0, 0x00, 0x04, 0xf3, 0x3f, 0x90, 0x00, 0xce, 0x00, 0x00, 0x1f,
    0xb0, 0x00, 0x00, 0x70, 0x3f, 0x90, 0x00, 0xce, 0x00, 0x00, 0x1f, 0xb0, 0x00, 0x00, 0x00, 0x3f,
    0x90, 0x00, 0xce, 0x00, 0x00, 0x1f, 0xb0, 0x00, 0x00, 0x00, 0x3f, 0x90, 0x00, 0xcf, 0x99, 0x99,
    0xaf, 0xb0, 0x00, 0x00, 0x00, 0x3f, 0x90, 0x00, 0xcf, 0xff, 0xff, 0xff, 0xb0, 0x00, 0x00, 0x00,
    0x2b, 0x70, 0x00, 0xac, 0x00, 0x00, 0x1b, 0x80, 0x00, 0x00, 0x00, 0x00, 0x00, 0x00, 0x00, 0x00,
    0x00, 0x00, 0x00, 0x00, 0x00, 0x00, 0x00, 0x00, 0x00, 0x00, 0x00, 0x00, 0x00, 0x00, 0x00, 0x00,
    0x5f, 0xff, 0xff, 0xff, 0xff, 0xff, 0xff, 0xff, 0xf7, 0x00, 0x00, 0x4d, 0xdd, 0xdd, 0xdd, 0xef,
    0xed, 0xdd, 0xdd, 0xd6, 0x00, 0x00, 0x00, 0x00, 0x00, 0x00, 0x7f, 0x80, 0x00, 0x00, 0x00, 0x00,
    0x00, 0x00, 0x00, 0x00, 0x00, 0x7f, 0x80, 0x00, 0x00, 0x00, 0x00, 0x00, 0x00, 0x00, 0x00, 0x00,
    0x7f, 0x80, 0x00, 0x00, 0x00, 0x00, 0x00, 0x00, 0x49, 0x50, 0x00, 0x7f, 0x80, 0x00, 0x00, 0x00,
    0x00, 0x00, 0x00, 0x6f, 0x80, 0x00, 0x7f, 0x80, 0x00, 0x00, 0x00, 0x00, 0x00, 0x00, 0x6f, 0x80,
    0x00, 0x7f, 0xff, 0xff, 0xff, 0x80, 0x00, 0x00, 0x00, 0x6f, 0x80, 0x00, 0x7f, 0xed, 0xdd, 0xdd,
    0x70, 0x00, 0x00, 0x00, 0x6f, 0x80, 0x00, 0x7f, 0x80, 0x00, 0x00, 0x00, 0x00, 0x00, 0x00, 0x6f,
    0x80, 0x00, 0x7f, 0x80, 0x00, 0x00, 0x00, 0x00, 0x00, 0x00, 0x6f, 0x80, 0x00, 0x7f, 0x80, 0x00,
    0x00, 0x00, 0x00, 0x00, 0x00, 0x6f, 0x80, 0x00, 0x7f, 0x80, 0x00, 0x00, 0x00, 0x00, 0x00, 0x00,
    0x6f, 0x80, 0x00, 0x7f, 0x80, 0x00, 0x00, 0x00, 0x00, 0x00, 0x00, 0x6f, 0x80, 0x00, 0x7f, 0x80,
    0x00, 0x00, 0x00, 0x00, 0x01, 0xff, 0xff, 0xff, 0xff, 0xff, 0xff, 0xff, 0xff, 0xff, 0x10, 0x01,
    0xdd, 0xdd, 0xdd, 0xdd, 0xdd, 0xdd, 0xdd, 0xdd, 0xdd, 0x10, 0x00, 0x00, 0x00, 0x00, 0x00, 0x00,
    0x00, 0x00, 0x00, 0x00, 0x00, 0x00, 0x00, 0x00, 0x00, 0x00, 0x00, 0x00, 0x00, 0x00, 0x00, 0x00,
    0x00, 0x00, 0x02, 0xa5, 0x00, 0x00, 0x00, 0x00, 0x00, 0x00, 0x00, 0x00, 0x00, 0x09, 0xf8, 0x00,
    0x00, 0x00, 0x00, 0x00, 0x00, 0x00, 0x00, 0x00, 0x1f, 0xfb, 0x99, 0x99, 0x99, 0x99, 0x99, 0x95,
    0x00, 0x00, 0x00, 0x8f, 0xff, 0xff, 0xff, 0xff, 0xff, 0xff, 0xf9, 0x00, 0x00, 0x01, 0xef, 0x20,
    0x00, 0x00, 0x00, 0x00, 0x00, 0x00, 0x00, 0x00, 0x0a, 0xf9, 0x78, 0x88, 0x88, 0x88, 0x88, 0x88,
    0x00, 0x00, 0x00, 0x7f, 0xe1, 0xdf, 0xff, 0xff, 0xff, 0xff, 0xff, 0x00, 0x00, 0x04, 0xff, 0x40,
    0x00, 0x00, 0x00, 0x00, 0x00, 0x00, 0x00, 0x00, 0x00, 0x76, 0x99, 0x99, 0x99, 0x99, 0x99, 0x99,
    0x50, 0x00, 0x00, 0x00, 0x00, 0xff, 0xff, 0xff, 0xff, 0xff, 0xff, 0x90, 0x00, 0x00, 0x00, 0x00,
    0x00, 0x00, 0x00, 0x00, 0x00, 0x4f, 0x90, 0x00, 0x00, 0x00, 0x00, 0x00, 0x00, 0x00, 0x00, 0x00,
    0x3f, 0xa0, 0x00, 0x00, 0x00, 0x00, 0x00, 0x00, 0x00, 0x00, 0x00, 0x2f, 0xb0, 0x00, 0x00, 0x00,
    0x00, 0x00, 0x00, 0x00, 0x00, 0x00, 0x1f, 0xd0, 0x00, 0x00, 0x00, 0x00, 0x00, 0x00, 0x00, 0x00,
    0x00, 0x0e, 0xf0, 0x00, 0x00, 0x00, 0x00, 0x00, 0x00, 0x00, 0x00, 0x00, 0x0b, 0xf2, 0x08, 0x00,
    0x00, 0x00, 0x00, 0x00, 0x00, 0x00, 0x00, 0x08, 0xf6, 0x0f, 0x40, 0x00, 0x00, 0x00, 0x00, 0x00,
    0x00, 0x00, 0x03, 0xfd, 0x4f, 0x30, 0x00, 0x00, 0x00, 0x00, 0x00, 0x00, 0x00, 0x00, 0xbf, 0xff,
    0x10, 0x00, 0x00, 0x00, 0x00, 0x00, 0x00, 0x00, 0x00, 0x19, 0xc6, 0x00, 0x00, 0x00, 0x00, 0x00,
    0x00, 0x00, 0x00, 0x00, 0x00, 0x00, 0x00, 0x00, 0x00, 0x00, 0x00, 0x00, 0x00, 0x00, 0x00, 0x00,
    0x00, 0x00, 0x00, 0x00, 0x00, 0x00, 0x00, 0x9a, 0x00, 0x00, 0x00, 0x00, 0x00, 0x00, 0x00, 0x00,
    0x00, 0x00, 0xef, 0x10, 0x00, 0x00, 0x00, 0x00, 0x00, 0x00, 0x00, 0x00, 0x00, 0xef, 0x10, 0x00,
    0x00, 0x00, 0x00, 0x00, 0x00, 0x00, 0x00, 0x00, 0xef, 0x10, 0x00, 0x00, 0x00, 0x00, 0x00, 0x00,
    0x00, 0x00, 0x00, 0xef, 0x10, 0x00, 0x04, 0x00, 0x00, 0x00, 0x00, 0x00, 0x00, 0x00, 0xef, 0x10,
    0x00, 0x9f, 0x70, 0x00, 0x00, 0xbf, 0xff, 0xff, 0xd1, 0xef, 0x50, 0x05, 0xff, 0x50, 0x00, 0x00,
    0xae, 0xee, 0xef, 0xe0, 0xef, 0xc0, 0x4f, 0xf5, 0x00, 0x00, 0x00, 0x00, 0x00, 0x4f, 0xa0, 0xef,
    0xf7, 0xef, 0x60, 0x00, 0x00, 0x00, 0x00, 0x00, 0x9f, 0x60, 0xef, 0xff, 0xf5, 0x00, 0x00, 0x00,
    0x00, 0x00, 0x00, 0xef, 0x20, 0xef, 0x9f, 0x90, 0x00, 0x00, 0x00, 0x00, 0x00, 0x06, 0xfb, 0x00,
    0xef, 0x2e, 0xf4, 0x00, 0x00, 0x00, 0x00, 0x00, 0x0d, 0xf4, 0x00, 0xef, 0x16, 0xfe, 0x20, 0x00,
    0x00, 0x00, 0x00, 0x7f, 0xd0, 0x00, 0xef, 0x10, 0xaf, 0xd1, 0x00, 0x00, 0x00, 0x04, 0xff, 0x40,
    0x00, 0xef, 0x10, 0x1d, 0xfd, 0x20, 0x00, 0x00, 0x3e, 0xf9, 0x00, 0x00, 0xef, 0x10, 0x02, 0xdf,
    0xe7, 0x00, 0x02, 0xef, 0xb1, 0x00, 0x00, 0xef, 0x10, 0x00, 0x2c, 0xff, 0x40, 0x00, 0x6b, 0x10,
    0x01, 0x11, 0xff, 0x00, 0x00, 0x00, 0x87, 0x00, 0x00, 0x00, 0x00, 0x0b, 0xff, 0xfd, 0x00, 0x00,
    0x00, 0x00, 0x00, 0x00, 0x00, 0x00, 0x06, 0xfe, 0xb4, 0x00, 0x00, 0x00, 0x00, 0x00, 0x00, 0x00,
    0x00, 0x00, 0x00, 0x00, 0x00, 0x00, 0x00, 0x00, 0x00, 0x00, 0x00, 0x00, 0x00, 0x00, 0x00, 0x00,
    0x00, 0x00, 0x00, 0x00, 0x00, 0x08, 0xa2, 0x00, 0x00, 0x00, 0x8f, 0x70, 0x00, 0x00, 0x00, 0x00,
    0x1c, 0xff, 0x91, 0x00, 0x00, 0x8f, 0x70, 0x00, 0x00, 0x00, 0x00, 0x00, 0x5d, 0xf5, 0x00, 0x00,
    0x8f, 0x70, 0x01, 0x00, 0x00, 0x00, 0x00, 0x01, 0x60, 0x0c, 0x90, 0x8f, 0x70, 0xbe, 0x10, 0x00,
    0x00, 0x00, 0x00, 0x00, 0x3f, 0xc0, 0x8f, 0x70, 0x7f, 0x90, 0x00, 0x00, 0x31, 0x00, 0x00, 0x7f,
    0x80, 0x8f, 0x70, 0x0d, 0xf3, 0x00, 0x02, 0xef, 0x91, 0x00, 0xbf, 0x30, 0x8f, 0x70, 0x06, 0xf9,
    0x00, 0x00, 0x6d, 0xfe, 0x21, 0xfe, 0x00, 0x8f, 0x70, 0x01, 0xee, 0x10, 0x00, 0x01, 0x8b, 0x07,
    0xf9, 0x00, 0x8f, 0x70, 0x00, 0x9a, 0x20, 0x00, 0x00, 0x00, 0x1e, 0xf3, 0x00, 0x8f, 0x70, 0x1d,
    0xb0, 0x00, 0x00, 0x00, 0x01, 0x36, 0x90, 0x00, 0x8f, 0x70, 0x7f, 0x90, 0x00, 0x00, 0x00, 0x09,
    0xe2, 0x00, 0x00, 0x8f, 0x71, 0xef, 0x20, 0x00, 0x00, 0x00, 0x2f, 0xe1, 0x00, 0x00, 0x25, 0x3b,
    0xf9, 0x00, 0x00, 0x00, 0x00, 0xaf, 0x70, 0x00, 0x00, 0x01, 0xbf, 0xb1, 0x00, 0x00, 0x00, 0x04,
    0xfe, 0x10, 0x00, 0x00, 0x4c, 0xfc, 0x10, 0x00, 0x00, 0x00, 0x0c, 0xf6, 0x00, 0x00, 0x4b, 0xff,
    0xa1, 0x00, 0x00, 0x00, 0x00, 0x7f, 0xc0, 0x17, 0xbe, 0xff, 0xd4, 0x00, 0x00, 0x00, 0x00, 0x00,
    0x1b, 0x40, 0x0c, 0xfe, 0xa5, 0x00, 0x00, 0x00, 0x00, 0x00, 0x00, 0x00, 0x00, 0x03, 0x40, 0x00,
    0x00, 0x00, 0x00, 0x00, 0x00, 0x00, 0x00, 0x00, 0x00, 0x00, 0x00, 0x00, 0x00, 0x00, 0x00, 0x00,
    0x00, 0x00, 0x00, 0x00, 0x00, 0x00, 0x00, 0x00, 0x00, 0x00, 0x00, 0x00, 0x03, 0x30, 0x00, 0x00,
    0x00, 0x2b, 0x70, 0x00, 0x00, 0x00, 0x00, 0x1d, 0xf9, 0x10, 0x00, 0x00, 0x3f, 0xa0, 0x00, 0x00,
    0x00, 0x00, 0x05, 0xef, 0xd2, 0x00, 0x00, 0x3f, 0xa0, 0x00, 0x00, 0x00, 0x00, 0x00, 0x1a, 0xc0,
    0xbb, 0xbb, 0xcf, 0xeb, 0xbb, 0xca, 0x10, 0x00, 0x00, 0x00, 0x10, 0xff, 0xff, 0xff, 0xff, 0xff,
    0xfd, 0x00, 0x00, 0x00, 0x00, 0x00, 0xfd, 0x00, 0x3f, 0xa0, 0x06, 0xf8, 0x00, 0x00, 0x98, 0x10,
    0x00, 0xfd, 0x00, 0x3f, 0xa0, 0x0b, 0xf2, 0x00, 0x02, 0xef, 0xe6, 0x00, 0xfd, 0x00, 0x3f, 0xa0,
    0x07, 0x80, 0x00, 0x00, 0x18, 0xfe, 0x10, 0xfe, 0xaa, 0xbf, 0xda, 0xaa, 0x50, 0x00, 0x00, 0x00,
    0x34, 0x00, 0xff, 0xff, 0xff, 0xff, 0xff, 0x90, 0x00, 0x00, 0x00, 0x00, 0x00, 0xfc, 0xbf, 0x10,
    0x00, 0x9f, 0x40, 0x00, 0x00, 0x00, 0x04, 0x01, 0xfb, 0x5f, 0x80, 0x01, 0xee, 0x00, 0x00, 0x00,
    0x00, 0x2f, 0x93, 0xfa, 0x0d, 0xe2, 0x08, 0xf8, 0x00, 0x00, 0x00, 0x00, 0x8f, 0x85, 0xf7, 0x05,
    0xfc, 0x4f, 0xd1, 0x00, 0x00, 0x00, 0x01, 0xef, 0x18, 0xf5, 0x00, 0xaf, 0xff, 0x40, 0x00, 0x00,
    0x00, 0x07, 0xfa, 0x0c, 0xf1, 0x00, 0x3f, 0xfd, 0x10, 0x00, 0x00, 0x00, 0x1e, 0xf3, 0x2f, 0xc0,
    0x06, 0xef, 0xff, 0xd4, 0x00, 0x00, 0x00, 0x7f, 0xb0, 0xaf, 0x75, 0xcf, 0xf8, 0x2b, 0xff, 0xb5,
    0x00, 0x00, 0x8f, 0x41, 0xfe, 0x3e, 0xfd, 0x50, 0x00, 0x7e, 0xfe, 0x20, 0x00, 0x03, 0x00, 0x35,
    0x05, 0x60, 0x00, 0x00, 0x01, 0x75, 0x00, 0x00, 0x00, 0x00, 0x00, 0x00, 0x00, 0x00, 0x00, 0x00,
    0x00, 0x00, 0x00, 0x00, 0x00, 0x00, 0x00, 0x00, 0x00, 0x00, 0x00, 0x00, 0x00, 0x00, 0x01, 0x00,
    0x00, 0x00, 0x01, 0xb9, 0x00, 0x00, 0x00, 0x00, 0x00, 0x1c, 0xc2, 0x00, 0x00, 0x00, 0xdf, 0x20,
    0x00, 0x00, 0x00, 0x00, 0x09, 0xfe, 0x42, 0xaa, 0xaa, 0xdf, 0xca, 0xaa, 0x50, 0x00, 0x00, 0x00,
    0x6f, 0xb3, 0xff, 0xff, 0xff, 0xff, 0xff, 0x80, 0x00, 0x00, 0x00, 0x05, 0x13, 0xfa, 0x00, 0x00,
    0x00, 0x4f, 0x80, 0x00, 0x00, 0x00, 0x00, 0x03, 0xfa, 0x00, 0x00, 0x00, 0x4f, 0x80, 0x00, 0x00,
    0x22, 0x00, 0x03, 0xfd, 0x99, 0x99, 0x99, 0xbf, 0x80, 0x00, 0x01, 0xee, 0x80, 0x03, 0xff, 0xff,
    0xff, 0xff, 0xff, 0x80, 0x00, 0x00, 0x5e, 0xfc, 0x13, 0xfa, 0x00, 0x00, 0x00, 0x4f, 0x80, 0x00,
    0x00, 0x01, 0xba, 0x03, 0xfa, 0x00, 0x00, 0x00, 0x4f, 0x80, 0x00, 0x00, 0x00, 0x01, 0x03, 0xff,
    0xff, 0xff, 0xff, 0xff, 0x80, 0x00, 0x00, 0x00, 0x03, 0x03, 0xfd, 0xaa, 0xdf, 0xba, 0xaa, 0x50,
    0x00, 0x00, 0x00, 0x3f, 0x63, 0xfa, 0x00, 0x4f, 0x90, 0x06, 0x90, 0x00, 0x00, 0x00, 0xaf, 0x63,
    0xfa, 0x00, 0x0d, 0xf2, 0x9f, 0xd2, 0x00, 0x00, 0x02, 0xfe, 0x13, 0xfa, 0x00, 0x07, 0xff, 0xfa,
    0x10, 0x00, 0x00, 0x09, 0xf8, 0x03, 0xfa, 0x00, 0x00, 0xcf, 0xb0, 0x00, 0x00, 0x00, 0x1f, 0xf2,
    0x03, 0xfa, 0x27, 0xb5, 0x3e, 0xfa, 0x10, 0x00, 0x00, 0x9f, 0xa0, 0x07, 0xff, 0xff, 0xf6, 0x03,
    0xef, 0xe7, 0x10, 0x00, 0x5e, 0x30, 0x0c, 0xff, 0xc7, 0x10, 0x00, 0x2b, 0xfc, 0x00, 0x00, 0x01,
    0x00, 0x03, 0x92, 0x00, 0x00, 0x00, 0x00, 0x43, 0x00, 0x00, 0x00, 0x00, 0x00, 0x00, 0x00, 0x00,
    0x00, 0x00, 0x00, 0x00, 0x00, 0x00, 0x00, 0x00, 0x00, 0x00, 0x00, 0x00, 0x00, 0x00, 0x00, 0x00,
    0x02, 0x20, 0x00, 0x05, 0x93, 0x00, 0x00, 0x00, 0x00, 0x00, 0x00, 0x0c, 0xf9, 0x10, 0x0c, 0xf3,
    0x00, 0x00, 0x00, 0x00, 0x00, 0x00, 0x04, 0xdf, 0xe3, 0x3f, 0xfa, 0xaa, 0xaa, 0xaa, 0xa9, 0x00,
    0x00, 0x00, 0x08, 0xc0, 0xaf, 0xff, 0xff, 0xff, 0xff, 0xfd, 0x00, 0x00, 0x00, 0x00, 0x04, 0xfd,
    0x00, 0x00, 0x00, 0x00, 0x00, 0x00, 0x00, 0x00, 0x00, 0x1d, 0xf6, 0x00, 0x00, 0x00, 0x00, 0x00,
    0x00, 0x00, 0x22, 0x00, 0x4f, 0xcc, 0xff, 0xff, 0xff, 0xff, 0xf0, 0x00, 0x01, 0xdf, 0x80, 0x03,
    0x2e, 0xea, 0xbd, 0xaa, 0xae, 0xe0, 0x00, 0x00, 0x5d, 0xfc, 0x00, 0x0f, 0xb0, 0x6f, 0x50, 0x0d,
    0xd0, 0x00, 0x00, 0x01, 0xb8, 0x00, 0x2f, 0x90, 0x08, 0xe2, 0x0d, 0xd0, 0x00, 0x00, 0x00, 0x00,
    0x3b, 0xcf, 0xdb, 0xbb, 0xeb, 0xbf, 0xeb, 0x40, 0x00, 0x00, 0x04, 0x4f, 0xff, 0xff, 0xff, 0xff,
    0xff, 0xff, 0x50, 0x00, 0x00, 0x4f, 0x60, 0x8f, 0x41, 0xd6, 0x00, 0x1f, 0xa0, 0x00, 0x00, 0x00,
    0xaf, 0x30, 0xaf, 0x20, 0x7f, 0x50, 0x2f, 0x90, 0x00, 0x00, 0x01, 0xed, 0x00, 0xcf, 0x00, 0x09,
    0xc0, 0x3f, 0x80, 0x00, 0x00, 0x06, 0xf8, 0x00, 0xef, 0xff, 0xff, 0xff, 0xff, 0xfc, 0x00, 0x00,
    0x0c, 0xf3, 0x01, 0xaa, 0xaa, 0xaa, 0xaa, 0xdf, 0xb8, 0x00, 0x00, 0x4f, 0xb0, 0x00, 0x00, 0x00,
    0x01, 0x01, 0xcf, 0x20, 0x00, 0x00, 0x5e, 0x50, 0x00, 0x00, 0x00, 0x0a, 0xff, 0xfb, 0x00, 0x00,
    0x00, 0x02, 0x00, 0x00, 0x00, 0x00, 0x03, 0x88, 0x61, 0x00, 0x00, 0x00, 0x00, 0x00, 0x00, 0x00,
    0x00, 0x00, 0x00, 0x00, 0x00, 0x00, 0x00, 0x00, 0x00, 0x00, 0x00, 0x00, 0x00, 0x00, 0x00, 0x00,
    0x00, 0x00, 0x03, 0x20, 0x00, 0x00, 0x00, 0x1b, 0x90, 0x00, 0x10, 0x00, 0x00, 0x2e, 0xe7, 0x00,
    0x8c, 0x00, 0x1f, 0xc0, 0x04, 0xe8, 0x00, 0x00, 0x07, 0xef, 0xa1, 0x9f, 0x80, 0x1f, 0xc0, 0x0a,
    0xf6, 0x00, 0x00, 0x00, 0x2d, 0xc0, 0x1e, 0xe1, 0x1f, 0xc0, 0x3f, 0xd0, 0x00, 0x00, 0x00, 0x01,
    0x20, 0x09, 0xf6, 0x1f, 0xc0, 0xaf, 0x50, 0x00, 0x00, 0x00, 0x00, 0x00, 0x02, 0x50, 0x1f, 0xc0,
    0x15, 0x00, 0x00, 0x00, 0x88, 0x10, 0x00, 0x5b, 0xbb, 0xcf, 0xeb, 0xbb, 0xb1, 0x00, 0x01, 0xdf,
    0xd4, 0x00, 0x7f, 0xff, 0xff, 0xff, 0xff, 0xf1, 0x00, 0x00, 0x19, 0xff, 0x20, 0x7f, 0x60, 0x00,
    0x00, 0x0c, 0xf1, 0x00, 0x00, 0x00, 0x69, 0x00, 0x7f, 0x60, 0x00, 0x00, 0x0c, 0xf1, 0x00, 0x00,
    0x00, 0x00, 0x00, 0x7f, 0xff, 0xff, 0xff, 0xff, 0xf1, 0x00, 0x00, 0x00, 0x03, 0x00, 0x7f, 0xc9,
    0x99, 0x99, 0x9e, 0xf1, 0x00, 0x00, 0x00, 0x0b, 0xa0, 0x7f, 0x60, 0x00, 0x00, 0x0c, 0xf1, 0x00,
    0x00, 0x00, 0x3f, 0xc0, 0x7f, 0x60, 0x00, 0x00, 0x0c, 0xf1, 0x00, 0x00, 0x00, 0x9f, 0x60, 0x7f,
    0xff, 0xff, 0xff, 0xff, 0xf1, 0x00, 0x00, 0x02, 0xfe, 0x10, 0x7f, 0xc9, 0x99, 0x99, 0x9e, 0xf1,
    0x00, 0x00, 0x09, 0xf8, 0x00, 0x7f, 0x60, 0x00, 0x00, 0x0c, 0xf1, 0x00, 0x00, 0x2f, 0xe1, 0x00,
    0x7f, 0x60, 0x00, 0x00, 0x0d, 0xf1, 0x00, 0x00, 0x7f, 0x80, 0x00, 0x7f, 0x60, 0x00, 0x7e, 0xef,
    0xe0, 0x00, 0x00, 0x06, 0x10, 0x00, 0x6d, 0x50, 0x00, 0x2c, 0xca, 0x30, 0x00, 0x00, 0x00, 0x00,
    0x00, 0x00, 0x00, 0x00, 0x00, 0x00, 0x00, 0x00, 0x00, 0x00, 0x00, 0x00, 0x00, 0x00, 0x00, 0x00,
    0x00, 0x00, 0x00, 0x00, 0x05, 0x10, 0x00, 0x00, 0x00, 0x00, 0x00, 0x00, 0x00, 0x00, 0x00, 0x3f,
    0xe7, 0x04, 0x99, 0x99, 0x99, 0x99, 0x99, 0x95, 0x00, 0x00, 0x07, 0xef, 0x97, 0xff, 0xff, 0xff,
    0xff, 0xff, 0xf8, 0x00, 0x00, 0x00, 0x2b, 0x27, 0xf3, 0x00, 0x00, 0x00, 0x04, 0xf8, 0x00, 0x00,
    0x00, 0x00, 0x07, 0xf3, 0x6c, 0x40, 0x6d, 0x34, 0xf8, 0x00, 0x00, 0x00, 0x00, 0x00, 0x03, 0xfe,
    0x10, 0x3e, 0xe3, 0x00, 0x00, 0x00, 0xa8, 0x10, 0x00, 0x2d, 0xf5, 0x00, 0x04, 0xfe, 0x20, 0x00,
    0x02, 0xef, 0xe4, 0x04, 0xef, 0x80, 0x00, 0x00, 0x6f, 0xc0, 0x00, 0x00, 0x19, 0xfe, 0x04, 0xf7,
    0x00, 0x7e, 0x60, 0x0a, 0xc1, 0x00, 0x00, 0x00, 0x56, 0x00, 0x20, 0x00, 0x7f, 0x60, 0x01, 0x00,
    0x00, 0x00, 0x00, 0x00, 0x06, 0xaa, 0xaa, 0xdf, 0xca, 0xaa, 0xa5, 0x00, 0x00, 0x00, 0x06, 0x08,
    0xff, 0xff, 0xff, 0xff, 0xff, 0xf8, 0x00, 0x00, 0x00, 0x4f, 0x50, 0x00, 0x1d, 0xff, 0xfc, 0x10,
    0x00, 0x00, 0x00, 0x00, 0xbf, 0x20, 0x00, 0xbf, 0xdf, 0xdf, 0x90, 0x00, 0x00, 0x00, 0x03, 0xfb,
    0x00, 0x07, 0xfa, 0x8f, 0x6c, 0xf5, 0x00, 0x00, 0x00, 0x0a, 0xf4, 0x00, 0x6f, 0xd1, 0x7f, 0x62,
    0xef, 0x50, 0x00, 0x00, 0x3f, 0xd0, 0x1a, 0xfe, 0x30, 0x7f, 0x60, 0x5f, 0xf8, 0x00, 0x00, 0xaf,
    0x60, 0x6f, 0xe3, 0x00, 0x7f, 0x60, 0x05, 0xfa, 0x00, 0x00, 0x6d, 0x00, 0x06, 0x10, 0x00, 0x7f,
    0x60, 0x00, 0x41, 0x00, 0x00, 0x02, 0x00, 0x00, 0x00, 0x00, 0x49, 0x30, 0x00, 0x00, 0x00, 0x00,
    0x00, 0x00, 0x00, 0x00, 0x00, 0x00, 0x00, 0x00, 0x00, 0x00, 0x00, 0x00, 0x00, 0x00, 0x00, 0x00,
    0x00, 0x00, 0x00, 0x00, 0x00, 0x00, 0x03, 0x40, 0x00, 0x00, 0x00, 0x00, 0x00, 0x00, 0x00, 0x00,
    0x00, 0x1d, 0xfc, 0x30, 0xbf, 0xff, 0xff, 0xff, 0xff, 0xe0, 0x00, 0x00, 0x03, 0xbf, 0xf2, 0xbf,
    0x98, 0x88, 0x88, 0x8f, 0xe0, 0x00, 0x00, 0x00, 0x08, 0xa0, 0xbf, 0x00, 0x00, 0x00, 0x0e, 0xe0,
    0x00, 0x00, 0x00, 0x00, 0x00, 0xbf, 0x77, 0x77, 0x77, 0x7f, 0xe0, 0x00, 0x00, 0x00, 0x00, 0x00,
    0xbf, 0xff, 0xff, 0xff, 0xff, 0xe0, 0x00, 0x00, 0xaa, 0x20, 0x00, 0xbf, 0x00, 0x00, 0x00, 0x0e,
    0xe0, 0x00, 0x02, 0xef, 0xe5, 0x00, 0xbf, 0x00, 0x00, 0x00, 0x0e, 0xe0, 0x00, 0x00, 0x19, 0xff,
    0x20, 0xbf, 0xff, 0xff, 0xff, 0xff, 0xe0, 0x00, 0x00, 0x00, 0x46, 0x00, 0x79, 0x99, 0x99, 0x99,
    0x99, 0x80, 0x00, 0x00, 0x00, 0x00, 0x00, 0x00, 0x1c, 0x80, 0x8c, 0x20, 0x00, 0x00, 0x00, 0x00,
    0x03, 0x04, 0x91, 0x1f, 0xa0, 0x9f, 0x20, 0xb7, 0x00, 0x00, 0x00, 0x5f, 0x56, 0xf6, 0x1f, 0xa0,
    0x9f, 0x24, 0xfa, 0x00, 0x00, 0x00, 0xbf, 0x41, 0xed, 0x1f, 0xa0, 0x9f, 0x29, 0xf3, 0x00, 0x00,
    0x02, 0xfd, 0x00, 0x9f, 0x3f, 0xa0, 0x9f, 0x3e, 0xb0, 0x00, 0x00, 0x09, 0xf7, 0x00, 0x5f, 0x8f,
    0xa0, 0x9f, 0x8f, 0x40, 0x00, 0x00, 0x1e, 0xe1, 0x00, 0x15, 0x1f, 0xa0, 0x9f, 0x35, 0x00, 0x00,
    0x00, 0x8f, 0x90, 0x7a, 0xaa, 0xaf, 0xda, 0xdf, 0xba, 0xaa, 0x30, 0x00, 0x4d, 0x20, 0xbf, 0xff,
    0xff, 0xff, 0xff, 0xff, 0xff, 0x40, 0x00, 0x00, 0x00, 0x00, 0x00, 0x00, 0x00, 0x00, 0x00, 0x00,
    0x00, 0x00, 0x00, 0x00, 0x00, 0x00, 0x00, 0x00, 0x00, 0x00, 0x00, 0x00, 0x00, 0x00, 0x00, 0x00,
    0x00, 0x00, 0x00, 0x00, 0x00, 0x00, 0x00, 0x00, 0x01, 0x20, 0x00, 0x00, 0x00, 0x00, 0x00, 0x00,
    0x00, 0x00, 0x00, 0x0c, 0xe6, 0x00, 0x3f, 0xff, 0xff, 0xff, 0xff, 0x00, 0x00, 0x00, 0x06, 0xef,
    0xa1, 0x3f, 0xb7, 0x77, 0x77, 0xdf, 0x00, 0x00, 0x00, 0x00, 0x3d, 0xf3, 0x3f, 0x93, 0x33, 0x10,
    0xcf, 0x00, 0x00, 0x00, 0x00, 0x01, 0x50, 0x3f, 0xff, 0xff, 0x60, 0xcf, 0x00, 0x00, 0x00, 0x00,
    0x00, 0x00, 0x3f, 0x80, 0x2f, 0x60, 0xcf, 0x00, 0x00, 0x00, 0x33, 0x00, 0x17, 0x9f, 0xb7, 0x8f,
    0xa7, 0xdf, 0x77, 0x10, 0x01, 0xef, 0x91, 0x3f, 0xff, 0xff, 0xff, 0xff, 0xff, 0xff, 0x10, 0x00,
    0x4d, 0xfd, 0x4f, 0x80, 0x00, 0x00, 0x00, 0x00, 0xbf, 0x10, 0x00, 0x01, 0x99, 0x3f, 0xa7, 0x77,
    0x77, 0x77, 0x77, 0xcf, 0x10, 0x00, 0x00, 0x00, 0x00, 0x5f, 0xff, 0xff, 0xff, 0xff, 0x10, 0x00,
    0x00, 0x00, 0x03, 0x10, 0x5f, 0x70, 0x00, 0x00, 0xaf, 0x10, 0x00, 0x00, 0x00, 0x0c, 0xd0, 0x5f,
    0xff, 0xff, 0xff, 0xff, 0x10, 0x00, 0x00, 0x00, 0x4f, 0xb0, 0x5f, 0x95, 0x55, 0x55, 0xcf, 0x10,
    0x00, 0x00, 0x00, 0xbf, 0x50, 0x5f, 0x70, 0x00, 0x00, 0xaf, 0x10, 0x00, 0x00, 0x03, 0xfe, 0x00,
    0x5f, 0xff, 0xff, 0xff, 0xff, 0x10, 0x00, 0x00, 0x0a, 0xf8, 0x00, 0x5f, 0x95, 0x55, 0x55, 0xcf,
    0x10, 0x00, 0x00, 0x2f, 0xf2, 0x00, 0x5f, 0x70, 0x00, 0x00, 0xaf, 0x10, 0x00, 0x00, 0x4f, 0x90,
    0x00, 0x5f, 0x70, 0x00, 0x77, 0xef, 0x10, 0x00, 0x00, 0x03, 0x20, 0x00, 0x5f, 0x60, 0x00, 0xcf,
    0xd8, 0x00, 0x00, 0x00, 0x00, 0x00, 0x00, 0x00, 0x00, 0x00, 0x00, 0x00, 0x00, 0x00, 0x00, 0x00,
    0x00, 0x00, 0x00, 0x00, 0x00, 0x00, 0x00, 0x00, 0x00, 0x00, 0x02, 0x00, 0x00, 0x00, 0x01, 0x98,
    0x00, 0x00, 0x00, 0x00, 0x00, 0x1e, 0xb1, 0x00, 0x00, 0x00, 0xee, 0x10, 0x00, 0x00, 0x00, 0x00,
    0x2b, 0xfd, 0x6f, 0xff, 0xff, 0xff, 0xff, 0xff, 0xfa, 0x00, 0x00, 0x00, 0x7f, 0x58, 0x8b, 0xe8,
    0x88, 0x8f, 0xc8, 0x86, 0x00, 0x00, 0x00, 0x03, 0x00, 0x09, 0xf3, 0x00, 0x3f, 0xa0, 0x00, 0x00,
    0x00, 0x00, 0x00, 0x00, 0x04, 0xe6, 0x00, 0x8f, 0x30, 0x00, 0x00, 0x00, 0x84, 0x00, 0x0c, 0xff,
    0xff, 0xff, 0xff, 0xff, 0xf0, 0x00, 0x02, 0xff, 0x90, 0x0c, 0xf8, 0x88, 0xde, 0x88, 0x8e, 0xf0,
    0x00, 0x00, 0x4e, 0xf9, 0x0c, 0xe0, 0x00, 0xbc, 0x00, 0x0c, 0xf0, 0x00, 0x00, 0x02, 0xd5, 0x0c,
    0xe2, 0x55, 0xcd, 0x55, 0x2c, 0xf0, 0x00, 0x00, 0x00, 0x20, 0x0c, 0xe5, 0xff, 0xff, 0xff, 0x5c,
    0xf0, 0x00, 0x00, 0x00, 0x01, 0x0c, 0xe0, 0x00, 0xbc, 0x00, 0x0c, 0xf0, 0x00, 0x00, 0x00, 0x2d,
    0x1c, 0xe0, 0x34, 0xcd, 0x43, 0x0c, 0xf0, 0x00, 0x00, 0x00, 0x9f, 0x5c, 0xe0, 0xbf, 0xff, 0xfc,
    0x0c, 0xf0, 0x00, 0x00, 0x01, 0xee, 0x0c, 0xe0, 0xb9, 0x00, 0x8c, 0x0c, 0xf0, 0x00, 0x00, 0x07,
    0xf7, 0x0c, 0xe0, 0xbb, 0x44, 0xac, 0x0c, 0xf0, 0x00, 0x00, 0x1e, 0xe1, 0x0c, 0xe0, 0xbf, 0xff,
    0xfc, 0x0c, 0xf0, 0x00, 0x00, 0x8f, 0x80, 0x0c, 0xe0, 0x76, 0x00, 0x00, 0x0d, 0xe0, 0x00, 0x00,
    0x6e, 0x10, 0x0c, 0xe0, 0x00, 0x00, 0x0d, 0xff, 0xc0, 0x00, 0x00, 0x02, 0x00, 0x08, 0x90, 0x00,
    0x00, 0x06, 0x98, 0x20, 0x00, 0x00, 0x00, 0x00, 0x00, 0x00, 0x00, 0x00, 0x00, 0x00, 0x00, 0x00,
    0x00, 0x00, 0x00, 0x00, 0x00, 0x00, 0x00, 0x00, 0x00, 0x00, 0x00, 0x00, 0x05, 0x10, 0x00, 0x00,
    0x00, 0x00, 0x00, 0x00, 0x00, 0x00, 0x00, 0x4f, 0xe5, 0x0a, 0xff, 0xff, 0xff, 0xff, 0xff, 0xf6,
    0x00, 0x00, 0x1a, 0xff, 0x8a, 0xf9, 0x88, 0x88, 0x88, 0x8b, 0xf6, 0x00, 0x00, 0x00, 0x5e, 0x3a,
    0xf2, 0x00, 0x00, 0x00, 0x06, 0xf6, 0x00, 0x00, 0x00, 0x01, 0x0a, 0xf9, 0x88, 0x88, 0x88, 0x8b,
    0xf6, 0x00, 0x00, 0x00, 0x00, 0x0a, 0xff, 0xff, 0xff, 0xff, 0xff, 0xf6, 0x00, 0x00, 0x54, 0x00,
    0x0a, 0xf2, 0x00, 0x00, 0x00, 0x00, 0x00, 0x00, 0x01, 0xef, 0xb2, 0x0a, 0xf9, 0x88, 0x88, 0x88,
    0x88, 0x87, 0x00, 0x00, 0x4c, 0xfe, 0x1a, 0xff, 0xff, 0xff, 0xff, 0xff, 0xff, 0x00, 0x00, 0x00,
    0x87, 0x0a, 0xf1, 0x00, 0x07, 0xf1, 0x00, 0x00, 0x00, 0x00, 0x00, 0x00, 0x0b, 0xf7, 0x77, 0x7b,
    0xf7, 0x77, 0x75, 0x00, 0x00, 0x00, 0x00, 0x0d, 0xdf, 0xff, 0xff, 0xff, 0xff, 0xfb, 0x00, 0x00,
    0x00, 0x97, 0x0e, 0xbf, 0x82, 0x07, 0xf2, 0x20, 0xdb, 0x00, 0x00, 0x01, 0xed, 0x2f, 0x9f, 0x9e,
    0xa8, 0xf8, 0xe4, 0xdb, 0x00, 0x00, 0x06, 0xf8, 0x5f, 0x7f, 0x82, 0xc9, 0xf1, 0x77, 0xdb, 0x00,
    0x00, 0x0c, 0xf3, 0x8f, 0x4f, 0x85, 0x07, 0xf6, 0x40, 0xdb, 0x00, 0x00, 0x3f, 0xc0, 0xde, 0x0f,
    0xad, 0xb8, 0xf8, 0xf6, 0xdb, 0x00, 0x00, 0xaf, 0x65, 0xfa, 0x0f, 0x81, 0xa8, 0xf1, 0x53, 0xdb,
    0x00, 0x00, 0xde, 0x19, 0xf3, 0x0f, 0x80, 0x07, 0xf1, 0x39, 0xfa, 0x00, 0x00, 0x04, 0x00, 0x60,
    0x05, 0x30, 0x01, 0x30, 0x7f, 0xd5, 0x00, 0x00, 0x00, 0x00, 0x00, 0x00, 0x00, 0x00, 0x00, 0x00,
    0x00, 0x00, 0x00, 0x00, 0x00, 0x00, 0x00, 0x00, 0x00, 0x00, 0x00, 0x00, 0x00, 0x00, 0x00, 0x00,
    0x00, 0x01, 0xff, 0x00, 0x00, 0x00, 0x00, 0x00, 0x00, 0x00, 0x00, 0x00, 0x02, 0xff, 0x00, 0x00,
    0x00, 0x00, 0x00, 0x00, 0x00, 0x00, 0x00, 0x02, 0xff, 0x00, 0x00, 0x00, 0x00, 0x00, 0x00, 0x00,
    0x01, 0x00, 0x02, 0xff, 0x00, 0x00, 0x01, 0x00, 0x00, 0x00, 0x00, 0x3f, 0x90, 0x03, 0xfe, 0x00,
    0x00, 0x0e, 0xb2, 0x00, 0x00, 0x00, 0x8f, 0x80, 0x03, 0xfc, 0x00, 0x00, 0x5f, 0xe1, 0x00, 0x00,
    0x00, 0xdf, 0x30, 0x05, 0xfb, 0x00, 0x00, 0xaf, 0x70, 0x00, 0x00, 0x05, 0xfd, 0x00, 0x07, 0xfa,
    0x00, 0x02, 0xfe, 0x10, 0x00, 0x00, 0x1d, 0xf7, 0x00, 0x0a, 0xfe, 0x10, 0x0a, 0xf7, 0x00, 0x00,
    0x00, 0x3d, 0xd1, 0x00, 0x0e, 0xff, 0x50, 0x0c, 0xd0, 0x00, 0x00, 0x00, 0x00, 0x20, 0x00, 0x4f,
    0xff, 0xb0, 0x00, 0x10, 0x00, 0x00, 0x00, 0x00, 0x00, 0x00, 0xbf, 0x8b, 0xf5, 0x00, 0x00, 0x00,
    0x00, 0x00, 0x00, 0x00, 0x05, 0xff, 0x13, 0xfe, 0x10, 0x00, 0x00, 0x00, 0x00, 0x00, 0x00, 0x2e,
    0xf7, 0x00, 0xaf, 0xb1, 0x00, 0x00, 0x00, 0x00, 0x00, 0x03, 0xef, 0xb0, 0x00, 0x1c, 0xfd, 0x30,
    0x00, 0x00, 0x00, 0x01, 0x7f, 0xfb, 0x10, 0x00, 0x02, 0xcf, 0xf9, 0x30, 0x00, 0x00, 0x7e, 0xff,
    0x90, 0x00, 0x00, 0x00, 0x09, 0xff, 0xfc, 0x10, 0x00, 0x7f, 0xb3, 0x00, 0x00, 0x00, 0x00, 0x00,
    0x39, 0xe8, 0x00, 0x00, 0x03, 0x00, 0x00, 0x00, 0x00, 0x00, 0x00, 0x00, 0x11, 0x00, 0x00, 0x00,
    0x00, 0x00, 0x00, 0x00, 0x00, 0x00, 0x00, 0x00, 0x00, 0x00, 0x00, 0x00, 0x00, 0x00, 0x00, 0x00,
    0x00, 0x00, 0x00, 0x00, 0x00, 0x00, 0x00, 0x00, 0x01, 0xba, 0x00, 0x00, 0x00, 0x00, 0x00, 0x00,
    0x00, 0x00, 0x00, 0x01, 0xfc, 0x00, 0x00, 0x00, 0x00, 0x00, 0x00, 0x00, 0x00, 0x00, 0x01, 0xfe,
    0xbb, 0xbb, 0xbb, 0xb3, 0x00, 0x00, 0x00, 0x00, 0x00, 0x01, 0xff, 0xff, 0xff, 0xff, 0xf4, 0x00,
    0x00, 0x00, 0x00, 0x00, 0x01, 0xfc, 0x00, 0x00, 0x00, 0x00, 0x00, 0x00, 0x00, 0x00, 0x00, 0x01,
    0xfc, 0x00, 0x00, 0x00, 0x00, 0x00, 0x00, 0x00, 0x9b, 0xbb, 0xbc, 0xfe, 0xbb, 0xbb, 0xb9, 0x00,
    0x00, 0x00, 0x00, 0xcf, 0xff, 0xff, 0xff, 0xff, 0xff, 0xfc, 0x00, 0x00, 0x00, 0x00, 0xcf, 0x00,
    0x00, 0x00, 0x00, 0x01, 0xfc, 0x00, 0x00, 0x00, 0x00, 0xcf, 0x00, 0x00, 0x00, 0x00, 0x01, 0xfc,
    0x00, 0x00, 0x00, 0x00, 0xcf, 0x00, 0x00, 0x00, 0x00, 0x01, 0xfc, 0x00, 0x00, 0x00, 0x00, 0xcf,
    0x00, 0x00, 0x00, 0x00, 0x01, 0xfc, 0x00, 0x00, 0x00, 0x00, 0xcf, 0xff, 0xff, 0xff, 0xff, 0xff,
    0xfc, 0x00, 0x00, 0x00, 0x00, 0x9b, 0xbb, 0xbb, 0xbb, 0xbb, 0xbb, 0xba, 0x00, 0x00, 0x00, 0x00,
    0x10, 0x00, 0x00, 0x00, 0x00, 0x00, 0x02, 0x00, 0x00, 0x00, 0x01, 0xec, 0x03, 0x95, 0x01, 0xa9,
    0x00, 0xde, 0x20, 0x00, 0x00, 0x08, 0xf8, 0x04, 0xf9, 0x00, 0xdf, 0x10, 0x6f, 0xc0, 0x00, 0x00,
    0x3e, 0xe2, 0x02, 0xfc, 0x00, 0x7f, 0x70, 0x0c, 0xf6, 0x00, 0x01, 0xdf, 0x60, 0x01, 0xfd, 0x00,
    0x3f, 0xc0, 0x04, 0xfd, 0x00, 0x00, 0x47, 0x00, 0x00, 0x86, 0x00, 0x06, 0x30, 0x00, 0x62, 0x00,
    0x00, 0x00, 0x00, 0x00, 0x00, 0x00, 0x00, 0x00, 0x00, 0x00, 0x00, 0x00, 0x00, 0x00, 0x00, 0x00,
    0x00, 0x00, 0x00, 0x00, 0x00, 0x00, 0x00, 0x00, 0x28, 0x40, 0x00, 0x00, 0x00, 0x00, 0x00, 0x00,
    0x00, 0x00, 0x00, 0x5f, 0x70, 0x09, 0xaa, 0xaa, 0xaa, 0xaa, 0xa6, 0x00, 0x00, 0x00, 0x5f, 0x70,
    0x0d, 0xff, 0xff, 0xff, 0xff, 0xf9, 0x00, 0x00, 0x00, 0x5f, 0x70, 0x0d, 0xc0, 0x02, 0x60, 0x03,
    0xf9, 0x00, 0x00, 0x33, 0x5f, 0x76, 0xce, 0xc0, 0x07, 0xf1, 0x03, 0xf9, 0x00, 0x00, 0x9c, 0x5f,
    0x7a, 0xee, 0xc0, 0x07, 0xf1, 0x03, 0xf9, 0x00, 0x00, 0xab, 0x5f, 0x7e, 0x9d, 0xc0, 0x07, 0xf1,
    0x03, 0xf9, 0x00, 0x00, 0xca, 0x5f, 0xbf, 0x3d, 0xcb, 0xff, 0xff, 0xf8, 0xf9, 0x00, 0x01, 0xf7,
    0x5f, 0xa8, 0x0d, 0xc7, 0x9c, 0xf9, 0x96, 0xf9, 0x00, 0x03, 0xf4, 0x6f, 0x60, 0x0d, 0xc0, 0x0a,
    0xe0, 0x03, 0xf9, 0x00, 0x00, 0x31, 0x6f, 0x50, 0x0d, 0xc0, 0x0c, 0xf6, 0x03, 0xf9, 0x00, 0x00,
    0x00, 0x8f, 0x40, 0x0d, 0xc0, 0x1f, 0xfe, 0x13, 0xf9, 0x00, 0x00, 0x00, 0xaf, 0x90, 0x0d, 0xc0,
    0x7f, 0x5f, 0x83, 0xf9, 0x00, 0x00, 0x00, 0xdf, 0xf4, 0x0d, 0xc1, 0xec, 0x0a, 0xe3, 0xf9, 0x00,
    0x00, 0x02, 0xfd, 0xed, 0x1d, 0xc9, 0xf5, 0x03, 0xf9, 0xf9, 0x00, 0x00, 0x07, 0xf7, 0x7f, 0x9d,
    0xdd, 0x90, 0x00, 0xba, 0xf9, 0x00, 0x00, 0x1d, 0xf2, 0x0d, 0xde, 0xc2, 0x10, 0x00, 0x13, 0xf9,
    0x00, 0x00, 0x8f, 0xb0, 0x05, 0x3d, 0xff, 0xff, 0xff, 0xff, 0xf9, 0x00, 0x01, 0xfe, 0x10, 0x00,
    0x0d, 0xeb, 0xbb, 0xbb, 0xbc, 0xf9, 0x00, 0x00, 0x55, 0x00, 0x00, 0x0b, 0xa0, 0x00, 0x00, 0x02,
    0xb6, 0x00, 0x00, 0x00, 0x00, 0x00, 0x00, 0x00, 0x00, 0x00, 0x00, 0x00, 0x00, 0x00, 0x00, 0x00,
    0x00, 0x00, 0x00, 0x00, 0x00, 0x00, 0x00, 0x00, 0x00, 0x00, 0x0a, 0x90, 0x00, 0x00, 0xaa, 0x00,
    0x00, 0x00, 0x00, 0x00, 0x00, 0x0e, 0xc0, 0x00, 0x00, 0xed, 0x00, 0x00, 0x00, 0x00, 0x00, 0x00,
    0x0e, 0xc0, 0x00, 0x00, 0xed, 0x00, 0x00, 0x00, 0x00, 0x00, 0x8b, 0xbf, 0xeb, 0xb5, 0x99, 0xfe,
    0x99, 0x98, 0x00, 0x00, 0x00, 0xbf, 0xff, 0xff, 0xf8, 0xff, 0xff, 0xff, 0xfd, 0x00, 0x00, 0x00,
    0x00, 0x0e, 0xc0, 0x00, 0x01, 0xfb, 0x00, 0xec, 0x00, 0x00, 0x00, 0x00, 0x0e, 0xc0, 0x10, 0x02,
    0xfa, 0x00, 0xec, 0x00, 0x00, 0x00, 0x00, 0x0e, 0xeb, 0xf2, 0x64, 0xf8, 0x00, 0xec, 0x00, 0x00,
    0x01, 0x6a, 0xef, 0xff, 0xea, 0xfe, 0xf5, 0x00, 0xec, 0x00, 0x00, 0x01, 0xff, 0xff, 0xd3, 0x01,
    0x9f, 0xf8, 0x00, 0xdc, 0x00, 0x00, 0x00, 0x86, 0x1e, 0xc0, 0x00, 0x2f, 0xff, 0xc2, 0xdc, 0x01,
    0x00, 0x00, 0x00, 0x0e, 0xc0, 0x00, 0xbf, 0x7b, 0xf8, 0xbd, 0x0e, 0x40, 0x00, 0x00, 0x1e, 0xc0,
    0x09, 0xfc, 0x00, 0x71, 0x9f, 0x4f, 0x50, 0x00, 0x1f, 0xff, 0xa0, 0x7f, 0xd2, 0x00, 0x00, 0x3f,
    0xff, 0x20, 0x00, 0x08, 0x97, 0x10, 0x08, 0x10, 0x00, 0x00, 0x05, 0x95, 0x00, 0x00, 0x00, 0xa8,
    0x01, 0x42, 0x00, 0x55, 0x00, 0x8c, 0x10, 0x00, 0x00, 0x07, 0xfa, 0x03, 0xf9, 0x00, 0xee, 0x10,
    0x8f, 0xa0, 0x00, 0x00, 0x2e, 0xf2, 0x01, 0xfc, 0x00, 0x9f, 0x50, 0x0d, 0xf5, 0x00, 0x00, 0xcf,
    0x70, 0x00, 0xed, 0x00, 0x5f, 0x90, 0x04, 0xfd, 0x10, 0x00, 0x6a, 0x00, 0x00, 0x86, 0x00, 0x17,
    0x40, 0x00, 0x96, 0x00, 0x00, 0x00, 0x00, 0x00, 0x00, 0x00, 0x00, 0x00, 0x00, 0x00, 0x00, 0x00,
    0x00, 0x00, 0x00, 0x00, 0x00, 0x00, 0x00, 0x00, 0x00, 0x00, 0x00, 0x00, 0x37, 0x20, 0x00, 0x00,
    0x08, 0xb0, 0x00, 0x00, 0x00, 0x00, 0x00, 0x6f, 0x40, 0x00, 0x00, 0x0a, 0xf4, 0x00, 0x00, 0x00,
    0x00, 0x00, 0x6f, 0x40, 0x28, 0x88, 0x8a, 0xfd, 0x88, 0x87, 0x00, 0x00, 0x00, 0x6f, 0x42, 0x4f,
    0xff, 0xff, 0xff, 0xff, 0xfe, 0x00, 0x00, 0x45, 0x6f, 0x4c, 0xef, 0x80, 0x00, 0x00, 0x00, 0xee,
    0x00, 0x00, 0x9b, 0x6f, 0x6f, 0x8f, 0x87, 0xa2, 0x04, 0xc3, 0xee, 0x00, 0x00, 0xaa, 0x6f, 0xae,
    0x10, 0x5f, 0xc0, 0x02, 0xee, 0x40, 0x00, 0x00, 0xc8, 0x6f, 0xe8, 0x06, 0xfe, 0x26, 0xb4, 0x3e,
    0xe3, 0x00, 0x01, 0xf5, 0x7f, 0x71, 0x1d, 0xe3, 0x2e, 0xf7, 0x04, 0xfa, 0x00, 0x03, 0xe2, 0x7f,
    0x30, 0x02, 0x21, 0xdf, 0xef, 0x70, 0x30, 0x00, 0x00, 0x10, 0x8f, 0x20, 0x00, 0x1c, 0xf9, 0x2c,
    0xf9, 0x10, 0x00, 0x00, 0x00, 0xaf, 0x20, 0x03, 0xdf, 0x90, 0x01, 0xbf, 0xe6, 0x00, 0x00, 0x00,
    0xcf, 0x80, 0x9f, 0xfe, 0x88, 0x88, 0x8e, 0xff, 0x60, 0x00, 0x01, 0xff, 0xf4, 0x8d, 0xcf, 0xff,
    0xff, 0xff, 0xba, 0x00, 0x00, 0x05, 0xfa, 0xed, 0x10, 0x9f, 0x10, 0x00, 0x3f, 0x90, 0x00, 0x00,
    0x0a, 0xf3, 0x6f, 0x90, 0x9f, 0x10, 0x00, 0x3f, 0x90, 0x00, 0x00, 0x3f, 0xd0, 0x0d, 0x70, 0x9f,
    0x10, 0x00, 0x3f, 0x90, 0x00, 0x00, 0xcf, 0x50, 0x02, 0x00, 0x9f, 0x98, 0x88, 0xaf, 0x90, 0x00,
    0x03, 0xfa, 0x00, 0x00, 0x00, 0x9f, 0xff, 0xff, 0xff, 0x90, 0x00, 0x00, 0x51, 0x00, 0x00, 0x00,
    0x7c, 0x10, 0x00, 0x2b, 0x60, 0x00, 0x00, 0x00, 0x00, 0x00, 0x00, 0x00, 0x00, 0x00, 0x00, 0x00,
    0x00, 0x00, 0x00, 0x00, 0x00, 0x00, 0x00, 0x00, 0x00, 0x00, 0x00, 0x00, 0x00, 0x00, 0x00, 0x00,
    0x00, 0x00, 0x00, 0x13, 0x56, 0x00, 0x00, 0x00, 0x06, 0x78, 0x99, 0xab, 0xbc, 0xef, 0xff, 0xff,
    0x30, 0x00, 0x00, 0x0a, 0xff, 0xfe, 0xdc, 0xcc, 0xa9, 0x8a, 0x73, 0x00, 0x00, 0x00, 0x00, 0x06,
    0xd0, 0x00, 0xd8, 0x00, 0x1e, 0xd0, 0x00, 0x00, 0x00, 0x00, 0x05, 0xf4, 0x00, 0xcd, 0x00, 0x7f,
    0x50, 0x00, 0x00, 0x00, 0x49, 0x9a, 0xfc, 0x99, 0xcf, 0xa9, 0xef, 0x99, 0x95, 0x00, 0x00, 0x7f,
    0xff, 0xff, 0xff, 0xff, 0xff, 0xff, 0xff, 0xf8, 0x00, 0x00, 0x7f, 0x10, 0x01, 0x84, 0x00, 0x00,
    0x00, 0x02, 0xf8, 0x00, 0x00, 0x7f, 0x10, 0x04, 0xf8, 0x00, 0x00, 0x00, 0x02, 0xf8, 0x00, 0x00,
    0x00, 0xef, 0xff, 0xff, 0xff, 0xff, 0xff, 0xff, 0x00, 0x00, 0x00, 0x00, 0x89, 0x9e, 0xf9, 0x99,
    0x99, 0x99, 0x99, 0x00, 0x00, 0x00, 0x00, 0x00, 0x1f, 0xd0, 0x00, 0x00, 0x00, 0x00, 0x00, 0x00,
    0x00, 0x00, 0x00, 0x7f, 0xd9, 0x99, 0x99, 0x99, 0x80, 0x00, 0x00, 0x00, 0x00, 0x00, 0xdf, 0xff,
    0xff, 0xff, 0xff, 0xe2, 0x00, 0x00, 0x00, 0x00, 0x07, 0xfb, 0xde, 0x30, 0x01, 0xbf, 0x60, 0x00,
    0x00, 0x00, 0x00, 0x3e, 0xe1, 0x2c, 0xf8, 0x4d, 0xf8, 0x00, 0x00, 0x00, 0x00, 0x02, 0xef, 0x40,
    0x01, 0xdf, 0xff, 0x90, 0x00, 0x00, 0x00, 0x00, 0x6e, 0xf7, 0x37, 0xae, 0xff, 0xdf, 0xfe, 0xa7,
    0x52, 0x00, 0x01, 0xde, 0x50, 0x9f, 0xfd, 0x82, 0x03, 0x8d, 0xff, 0xf4, 0x00, 0x00, 0x23, 0x00,
    0x26, 0x20, 0x00, 0x00, 0x00, 0x14, 0x60, 0x00, 0x00, 0x00, 0x00, 0x00, 0x00, 0x00, 0x00, 0x00,
    0x00, 0x00, 0x00, 0x00, 0x00, 0x00, 0x00, 0x00, 0x00, 0x00, 0x00, 0x00, 0x00, 0x00, 0x00, 0x04,
    0x30, 0x6c, 0x30, 0x00, 0x00, 0x00, 0x14, 0x71, 0x00, 0x00, 0x1f, 0xa0, 0x7f, 0x30, 0x27, 0x9a,
    0xce, 0xff, 0xfa, 0x00, 0x00, 0x1f, 0xa0, 0x7f, 0x30, 0x6f, 0xff, 0xfd, 0xc9, 0x64, 0x00, 0x00,
    0x1f, 0xa0, 0x7f, 0x30, 0x6f, 0x82, 0x00, 0x00, 0x00, 0x00, 0x00, 0x1f, 0xa0, 0x7f, 0x30, 0x6f,
    0x60, 0x00, 0x00, 0x00, 0x00, 0x00, 0x1f, 0xa0, 0x7f, 0x30, 0x6f, 0x60, 0x00, 0x00, 0x00, 0x00,
    0x00, 0x1f, 0xff, 0xff, 0xfc, 0x6f, 0xdb, 0xbb, 0xbb, 0xb7, 0x00, 0x00, 0x1f, 0xea, 0xaa, 0xa9,
    0x6f, 0xff, 0xff, 0xff, 0xf8, 0x00, 0x00, 0x1f, 0xa0, 0x00, 0x00, 0x6f, 0xbf, 0x20, 0x05, 0xf5,
    0x00, 0x00, 0x1f, 0xa0, 0x00, 0x00, 0x6f, 0x7f, 0x70, 0x09, 0xf2, 0x00, 0x00, 0x2f, 0xda, 0xaa,
    0x70, 0x7f, 0x6c, 0xb0, 0x0d, 0xe0, 0x00, 0x00, 0x3f, 0xff, 0xff, 0xb0, 0x7f, 0x58, 0xf2, 0x4f,
    0xa0, 0x00, 0x00, 0x3f, 0x80, 0x0f, 0xb0, 0x9f, 0x43, 0xf8, 0xaf, 0x40, 0x00, 0x00, 0x4f, 0x70,
    0x0f, 0xb0, 0xaf, 0x20, 0xce, 0xfc, 0x00, 0x00, 0x00, 0x6f, 0x50, 0x0f, 0xb0, 0xcf, 0x10, 0x6f,
    0xf6, 0x00, 0x00, 0x00, 0x9f, 0x30, 0x0f, 0xb0, 0xfd, 0x00, 0x6f, 0xf4, 0x00, 0x00, 0x00, 0xcf,
    0x10, 0x0f, 0xb3, 0xfa, 0x04, 0xff, 0xfe, 0x20, 0x00, 0x02, 0xfc, 0x00, 0x0f, 0xb8, 0xf6, 0x6e,
    0xf7, 0x9f, 0xd3, 0x00, 0x05, 0xf7, 0x00, 0x0f, 0xbd, 0xf7, 0xff, 0x80, 0x0b, 0xff, 0x20, 0x00,
    0x71, 0x00, 0x0d, 0xa6, 0x90, 0xb4, 0x00, 0x00, 0x87, 0x00, 0x00, 0x00, 0x00, 0x00, 0x00, 0x00,
    0x00, 0x00, 0x00, 0x00, 0x00, 0x00, 0x00, 0x00, 0x00, 0x00, 0x00, 0x00, 0x00, 0x00, 0x00, 0x00,
    0x00, 0x00, 0x00, 0x00, 0x00, 0x00, 0x00, 0x00, 0x00, 0x00, 0x00, 0x00, 0x08, 0xcc, 0xcc, 0xcc,
    0xcc, 0xcc, 0xcc, 0xcc, 0xb0, 0x00, 0x00, 0x09, 0xff, 0xff, 0xff, 0xff, 0xff, 0xff, 0xff, 0xd0,
    0x00, 0x00, 0x00, 0x02, 0x10, 0x00, 0x00, 0x07, 0xf7, 0x00, 0x00, 0x00, 0x00, 0x00, 0x1f, 0xe0,
    0x00, 0x00, 0x07, 0xf7, 0x00, 0x00, 0x00, 0x00, 0x00, 0x4f, 0xa0, 0x00, 0x00, 0x07, 0xf7, 0x00,
    0x00, 0x00, 0x00, 0x00, 0x7f, 0x60, 0x00, 0x00, 0x07, 0xf7, 0x00, 0x00, 0x00, 0x00, 0x00, 0xbf,
    0x20, 0x00, 0x00, 0x07, 0xf7, 0x00, 0x00, 0x00, 0x00, 0x01, 0xff, 0xcc, 0xcc, 0xcc, 0xce, 0xfe,
    0xcc, 0xca, 0x00, 0x00, 0x05, 0xff, 0xff, 0xff, 0xff, 0xff, 0xff, 0xff, 0xfc, 0x00, 0x00, 0x00,
    0x00, 0x00, 0x00, 0x2e, 0xfc, 0xf7, 0x00, 0x00, 0x00, 0x00, 0x00, 0x00, 0x00, 0x02, 0xdf, 0x87,
    0xf7, 0x00, 0x00, 0x00, 0x00, 0x00, 0x00, 0x00, 0x3d, 0xfb, 0x07, 0xf7, 0x00, 0x00, 0x00, 0x00,
    0x00, 0x00, 0x05, 0xef, 0xb1, 0x07, 0xf7, 0x00, 0x00, 0x00, 0x00, 0x00, 0x01, 0x8f, 0xfa, 0x00,
    0x07, 0xf7, 0x00, 0x00, 0x00, 0x00, 0x00, 0x4d, 0xff, 0x80, 0x00, 0x07, 0xf7, 0x00, 0x00, 0x00,
    0x00, 0x4c, 0xff, 0xe4, 0x00, 0x00, 0x07, 0xf7, 0x00, 0x00, 0x00, 0x01, 0xdf, 0xf9, 0x10, 0x00,
    0x00, 0x08, 0xf7, 0x00, 0x00, 0x00, 0x00, 0x3a, 0x20, 0x00, 0x00, 0x9e, 0xef, 0xf4, 0x00, 0x00,
    0x00, 0x00, 0x00, 0x00, 0x00, 0x00, 0x4e, 0xec, 0x80, 0x00, 0x00, 0x00, 0x00, 0x00, 0x00, 0x00,
    0x00, 0x00, 0x00, 0x00, 0x00, 0x00, 0x00, 0x00, 0x00, 0x00, 0x00, 0x00, 0x00, 0x00, 0x00, 0x00,
    0x00, 0x00, 0x00, 0x01, 0x00, 0x10, 0x00, 0x4b, 0x50, 0x04, 0xb5, 0x00, 0x00, 0x00, 0x7e, 0x40,
    0xca, 0x00, 0x5f, 0x70, 0x06, 0xf7, 0x00, 0x00, 0x00, 0x3e, 0xea, 0xfa, 0x00, 0x5f, 0x70, 0x06,
    0xf7, 0x00, 0x00, 0x00, 0x05, 0xff, 0xd1, 0xbb, 0xcf, 0xdb, 0xbc, 0xfd, 0xbb, 0x00, 0x00, 0x05,
    0xff, 0x70, 0xff, 0xff, 0xff, 0xff, 0xff, 0xff, 0x00, 0x00, 0x6f, 0xff, 0xc0, 0x00, 0x5f, 0x70,
    0x06, 0xf7, 0x00, 0x00, 0x03, 0xfe, 0x4c, 0xf2, 0x00, 0x5f, 0x70, 0x06, 0xf7, 0x00, 0x00, 0x00,
    0x73, 0x08, 0xf5, 0x00, 0x39, 0x40, 0x03, 0x94, 0x00, 0x00, 0x00, 0x00, 0x08, 0xf7, 0x2a, 0xaa,
    0xaa, 0xaa, 0xaa, 0xa3, 0x00, 0x00, 0x00, 0x3f, 0xf8, 0x3f, 0xff, 0xff, 0xff, 0xff, 0xf5, 0x00,
    0x00, 0x01, 0xdf, 0xf9, 0x3f, 0x80, 0x0d, 0xd0, 0x07, 0xf5, 0x00, 0x00, 0x1b, 0xfa, 0xf9, 0x3f,
    0x80, 0x0d, 0xd0, 0x07, 0xf5, 0x00, 0x02, 0xcf, 0xa3, 0xf9, 0x3f, 0xc9, 0x9e, 0xe9, 0x9c, 0xf5,
    0x00, 0x01, 0xcb, 0x04, 0xf8, 0x3f, 0xff, 0xff, 0xff, 0xff, 0xf5, 0x00, 0x00, 0x10, 0x04, 0xf7,
    0x3f, 0x80, 0x0d, 0xd0, 0x07, 0xf5, 0x00, 0x00, 0x00, 0x06, 0xf6, 0x3f, 0x80, 0x0d, 0xd0, 0x07,
    0xf5, 0x00, 0x00, 0x00, 0x08, 0xf3, 0x3f, 0x80, 0x0d, 0xd0, 0x07, 0xf5, 0x00, 0x00, 0x4b, 0x7e,
    0xd0, 0x3f, 0xff, 0xff, 0xff, 0xff, 0xf5, 0x00, 0x00, 0x2f, 0xec, 0x30, 0x3f, 0xda, 0xaa, 0xaa,
    0xac, 0xf5, 0x00, 0x00, 0x00, 0x00, 0x00, 0x2b, 0x60, 0x00, 0x00, 0x04, 0x93, 0x00, 0x00, 0x00,
    0x00, 0x00, 0x00, 0x00, 0x00, 0x00, 0x00, 0x00, 0x00, 0x00, 0x00, 0x00, 0x00, 0x00, 0x00, 0x00,
    0x00, 0x00, 0x00, 0x00, 0x00, 0x00, 0x00, 0x00, 0x00, 0x00, 0x07, 0xa1, 0x22, 0x00, 0x00, 0x00,
    0x00, 0x00, 0x00, 0x00, 0x00, 0x0b, 0xf2, 0xce, 0x40, 0x00, 0x03, 0xff, 0xff, 0xff, 0x10, 0x00,
    0x0b, 0xf2, 0x2d, 0xe2, 0x00, 0x02, 0xbb, 0xff, 0xbb, 0x10, 0x00, 0x0b, 0xf2, 0x03, 0xa0, 0x00,
    0x00, 0x00, 0xed, 0x00, 0x7f, 0xff, 0xff, 0xff, 0xff, 0xff, 0x30, 0x00, 0x00, 0xed, 0x00, 0x5b,
    0xbb, 0xbe, 0xfb, 0xbb, 0xbb, 0x30, 0x00, 0x00, 0xed, 0x00, 0x00, 0x00, 0x0b, 0xf2, 0x00, 0x00,
    0x00, 0x00, 0x00, 0xed, 0x00, 0x19, 0x70, 0x0b, 0xf4, 0x01, 0xc6, 0x00, 0x01, 0xff, 0xff, 0xfb,
    0x0d, 0xe2, 0x0b, 0xf7, 0x08, 0xf9, 0x00, 0x00, 0xbb, 0xff, 0xb8, 0x04, 0xfa, 0x0b, 0xfb, 0x4f,
    0xc0, 0x00, 0x00, 0x00, 0xed, 0x00, 0x00, 0xbf, 0x2b, 0xfe, 0xee, 0x20, 0x00, 0x00, 0x00, 0xed,
    0x00, 0x00, 0x33, 0x3e, 0xff, 0xf3, 0x00, 0x00, 0x00, 0x00, 0xed, 0x00, 0x00, 0x04, 0xef, 0xff,
    0xc0, 0x00, 0x00, 0x00, 0x00, 0xed, 0x00, 0x00, 0x5f, 0xed, 0xfa, 0xf7, 0x00, 0x00, 0x00, 0x00,
    0xee, 0x9d, 0x47, 0xfe, 0x3b, 0xf2, 0xee, 0x20, 0x00, 0x01, 0x5a, 0xff, 0xff, 0xdf, 0xe3, 0x0b,
    0xf2, 0x5f, 0xe3, 0x00, 0x05, 0xff, 0xea, 0x52, 0xee, 0x30, 0x0b, 0xf2, 0x07, 0xfe, 0x30, 0x01,
    0x94, 0x00, 0x00, 0x53, 0x00, 0x0b, 0xf1, 0x00, 0x7e, 0x20, 0x00, 0x00, 0x00, 0x00, 0x00, 0x5f,
    0xff, 0xe0, 0x00, 0x02, 0x00, 0x00, 0x00, 0x00, 0x00, 0x00, 0x1c, 0xca, 0x30, 0x00, 0x00, 0x00,
    0x00, 0x00, 0x00, 0x00, 0x00, 0x00, 0x00, 0x00, 0x00, 0x00, 0x00, 0x00, 0x00, 0x00, 0x00, 0x00,
    0x00, 0x00, 0x00, 0x00, 0x00, 0x00, 0x00, 0x03, 0x60, 0x00, 0x00, 0x00, 0x54, 0x01, 0x63, 0x00,
    0x00, 0x00, 0x09, 0xf2, 0x00, 0x15, 0x9e, 0xfe, 0x21, 0xfa, 0x00, 0x00, 0x00, 0x03, 0xf8, 0x00,
    0xef, 0xfc, 0xd7, 0x00, 0xaf, 0x10, 0x00, 0x02, 0xff, 0xff, 0xf9, 0xe7, 0xc7, 0xb7, 0xcf, 0xff,
    0xff, 0x00, 0x01, 0x9a, 0x8a, 0xb5, 0xe6, 0xb7, 0xa7, 0x7b, 0x88, 0xca, 0x00, 0x00, 0x8c, 0x06,
    0xf1, 0xe6, 0xc7, 0xa8, 0x3f, 0x20, 0xe9, 0x00, 0x00, 0x5f, 0x19, 0xc0, 0xe6, 0xc7, 0xa8, 0x0e,
    0x61, 0xf5, 0x00, 0x00, 0x3f, 0x3c, 0x80, 0xe5, 0xc7, 0x99, 0x0d, 0x85, 0xf1, 0x00, 0x02, 0x9d,
    0x9f, 0xa5, 0xe5, 0xc7, 0x8a, 0x7c, 0x9b, 0xe8, 0x20, 0x04, 0xff, 0xff, 0xfa, 0xf4, 0xd6, 0x7b,
    0xef, 0xff, 0xff, 0x50, 0x00, 0x01, 0xfa, 0x01, 0xf3, 0xd5, 0x6c, 0x00, 0xbf, 0x00, 0x00, 0x00,
    0x01, 0xfa, 0x02, 0xf2, 0xe4, 0x5d, 0x00, 0xbf, 0x00, 0x00, 0x00, 0x89, 0xfd, 0x86, 0xf2, 0xf3,
    0x4f, 0x00, 0xbf, 0x00, 0x00, 0x00, 0xff, 0xff, 0xfb, 0xe3, 0xf1, 0x3f, 0x9f, 0xff, 0xff, 0x10,
    0x00, 0x02, 0xf8, 0x07, 0xc6, 0xe7, 0x8f, 0x88, 0xdf, 0x88, 0x00, 0x00, 0x05, 0xf6, 0x0a, 0xa9,
    0xa4, 0xbd, 0x60, 0xbf, 0x00, 0x00, 0x00, 0x09, 0xf2, 0x0d, 0x7e, 0x86, 0xea, 0x90, 0xbf, 0x00,
    0x00, 0x00, 0x2f, 0xc0, 0x3f, 0x7f, 0xff, 0xf8, 0xe0, 0xbf, 0x00, 0x00, 0x00, 0xcf, 0x30, 0x6e,
    0x2d, 0xa5, 0xc6, 0xf3, 0xbf, 0x00, 0x00, 0x00, 0x35, 0x00, 0x04, 0x00, 0x00, 0x31, 0x50, 0x8b,
    0x00, 0x00, 0x00, 0x00, 0x00, 0x00, 0x00, 0x00, 0x00, 0x00, 0x00, 0x00, 0x00, 0x00, 0x00, 0x00,
    0x00, 0x00, 0x00, 0x00, 0x00, 0x00, 0x00, 0x00, 0x00, 0x01, 0xff, 0xff, 0xff, 0xff, 0xff, 0xff,
    0xff, 0xd0, 0x00, 0x00, 0x01, 0xff, 0xcc, 0xcc, 0xef, 0xcc, 0xcc, 0xcf, 0xd0, 0x00, 0x00, 0x01,
    0xfc, 0x00, 0x00, 0xcf, 0x10, 0x00, 0x0f, 0xd0, 0x00, 0x00, 0x01, 0xfc, 0x00, 0x00, 0xcf, 0x10,
    0x00, 0x0f, 0xd0, 0x00, 0x00, 0x01, 0xfc, 0x00, 0x00, 0xcf, 0x10, 0x00, 0x0f, 0xd0, 0x00, 0x00,
    0x01, 0xff, 0xff, 0xff, 0xff, 0xff, 0xff, 0xff, 0xd0, 0x00, 0x00, 0x01, 0xfe, 0xbb, 0xbb, 0xef,
    0xcb, 0xbb, 0xcf, 0xd0, 0x00, 0x00, 0x01, 0xfc, 0x00, 0x00, 0xcf, 0x10, 0x00, 0x0f, 0xd0, 0x00,
    0x00, 0x01, 0xfc, 0x00, 0x00, 0xcf, 0x10, 0x00, 0x0f, 0xd0, 0x00, 0x00, 0x01, 0xfb, 0x00, 0x00,
    0xcf, 0x10, 0x00, 0x0f, 0xd0, 0x00, 0x00, 0x03, 0xff, 0xff, 0xff, 0xff, 0xff, 0xff, 0xff, 0xd0,
    0x00, 0x00, 0x05, 0xfe, 0xcc, 0xcc, 0xef, 0xcc, 0xcc, 0xcf, 0xd0, 0x00, 0x00, 0x07, 0xf6, 0x00,
    0x00, 0xcf, 0x10, 0x00, 0x0f, 0xd0, 0x00, 0x00, 0x0c, 0xf2, 0x00, 0x00, 0xcf, 0x10, 0x00, 0x0f,
    0xd0, 0x00, 0x00, 0x1f, 0xd0, 0x00, 0x00, 0xcf, 0x10, 0x00, 0x0f, 0xd0, 0x00, 0x00, 0xaf, 0x80,
    0x00, 0x00, 0xcf, 0x10, 0x00, 0x1f, 0xd0, 0x00, 0x03, 0xfe, 0x20, 0x00, 0x00, 0xcf, 0x15, 0xff,
    0xff, 0xa0, 0x00, 0x00, 0x86, 0x00, 0x00, 0x00, 0x9b, 0x11, 0xcc, 0xb8, 0x10, 0x00, 0x00, 0x00,
    0x00, 0x00, 0x00, 0x00, 0x00, 0x00, 0x00, 0x00, 0x00, 0x00, 0x00, 0x00, 0x00, 0x00, 0x00, 0x00,
    0x00, 0x00, 0x00, 0x00, 0x00, 0x00, 0x00, 0x00, 0x02, 0xb9, 0x00, 0x00, 0x00, 0x00, 0x00, 0x00,
    0x00, 0x00, 0x00, 0x03, 0xfd, 0x00, 0x00, 0x00, 0x00, 0x00, 0x00, 0x00, 0x00, 0x00, 0x03, 0xfd,
    0x00, 0x00, 0x00, 0x00, 0x00, 0x00, 0x08, 0xcc, 0xcc, 0xcd, 0xff, 0xcc, 0xcc, 0xcc, 0x50, 0x00,
    0x00, 0x09, 0xff, 0xff, 0xff, 0xff, 0xff, 0xff, 0xff, 0x60, 0x00, 0x00, 0x09, 0xf5, 0x00, 0x03,
    0xfd, 0x00, 0x00, 0x8f, 0x60, 0x00, 0x00, 0x09, 0xf5, 0x00, 0x03, 0xfd, 0x00, 0x00, 0x8f, 0x60,
    0x00, 0x00, 0x09, 0xf5, 0x00, 0x03, 0xfd, 0x00, 0x00, 0x8f, 0x60, 0x00, 0x00, 0x09, 0xff, 0xff,
    0xff, 0xff, 0xff, 0xff, 0xff, 0x60, 0x00, 0x00, 0x09, 0xfd, 0xbb, 0xbc, 0xff, 0xbb, 0xbb, 0xdf,
    0x60, 0x00, 0x00, 0x09, 0xf5, 0x00, 0x03, 0xfd, 0x00, 0x00, 0x8f, 0x60, 0x00, 0x00, 0x09, 0xf5,
    0x00, 0x03, 0xfd, 0x00, 0x00, 0x8f, 0x60, 0x00, 0x00, 0x09, 0xfd, 0xcc, 0xcd, 0xff, 0xcc, 0xcc,
    0xef, 0x60, 0x00, 0x00, 0x09, 0xff, 0xff, 0xff, 0xff, 0xff, 0xff, 0xff, 0x60, 0x00, 0x00, 0x09,
    0xf5, 0x00, 0x03, 0xfd, 0x00, 0x00, 0x00, 0x88, 0x10, 0x00, 0x02, 0x31, 0x00, 0x02, 0xfd, 0x00,
    0x00, 0x00, 0xbf, 0x40, 0x00, 0x00, 0x00, 0x00, 0x01, 0xfe, 0x10, 0x00, 0x01, 0xef, 0x10, 0x00,
    0x00, 0x00, 0x00, 0x00, 0xdf, 0xed, 0xdd, 0xdf, 0xfb, 0x00, 0x00, 0x00, 0x00, 0x00, 0x00, 0x4c,
    0xef, 0xff, 0xfe, 0xb2, 0x00, 0x00, 0x00, 0x00, 0x00, 0x00, 0x00, 0x00, 0x00, 0x00, 0x00, 0x00,
    0x00, 0x00, 0x00, 0x00, 0x00, 0x00, 0x00, 0x00, 0x00, 0x00, 0x00, 0x00, 0x6f, 0xff, 0xff, 0xff,
    0xff, 0xff, 0xff, 0xff, 0xf7, 0x00, 0x00, 0x5b, 0xbb, 0xbb, 0xbb, 0xbb, 0xbb, 0xbb, 0xbb, 0xb5,
    0x00, 0x00, 0x00, 0x00, 0x00, 0x00, 0x00, 0x00, 0x00, 0x00, 0x00, 0x00, 0x00, 0x00, 0x00, 0x78,
    0x88, 0x88, 0x88, 0x86, 0x00, 0x00, 0x00, 0x00, 0x13, 0x20, 0xcf, 0xff, 0xff, 0xff, 0xfc, 0x03,
    0x52, 0x00, 0x00, 0x5f, 0x90, 0xcb, 0x00, 0xeb, 0x00, 0xdc, 0x08, 0xf5, 0x00, 0x00, 0x5f, 0x90,
    0xcb, 0x00, 0xeb, 0x00, 0xdc, 0x08, 0xf5, 0x00, 0x00, 0x5f, 0x90, 0xcd, 0x77, 0xed, 0x77, 0xec,
    0x08, 0xf5, 0x00, 0x00, 0x5f, 0x90, 0xcf, 0xff, 0xff, 0xff, 0xfc, 0x08, 0xf5, 0x00, 0x00, 0x5f,
    0x90, 0xcb, 0x00, 0xeb, 0x00, 0xdc, 0x08, 0xf5, 0x00, 0x00, 0x5f, 0x90, 0xcb, 0x00, 0xeb, 0x00,
    0xdc, 0x08, 0xf5, 0x00, 0x00, 0x5f, 0x90, 0xcd, 0x88, 0xed, 0x88, 0xec, 0x08, 0xf5, 0x00, 0x00,
    0x5f, 0x90, 0xcf, 0xff, 0xff, 0xff, 0xfc, 0x08, 0xf5, 0x00, 0x00, 0x5f, 0x90, 0x00, 0x00, 0x00,
    0x00, 0x00, 0x08, 0xf5, 0x00, 0x00, 0x5f, 0x90, 0x00, 0x00, 0x00, 0x00, 0x00, 0x08, 0xf5, 0x00,
    0x00, 0x5f, 0xff, 0xff, 0xff, 0xff, 0xff, 0xff, 0xff, 0xf5, 0x00, 0x00, 0x4c, 0xcc, 0xcc, 0xcc,
    0xcc, 0xcc, 0xcc, 0xce, 0xf5, 0x00, 0x00, 0x00, 0x00, 0x00, 0x00, 0x00, 0x00, 0x00, 0x06, 0xb4,
    0x00, 0x00, 0x00, 0x00, 0x00, 0x00, 0x00, 0x00, 0x00, 0x00, 0x00, 0x00, 0x00, 0x00, 0x00, 0x00,
    0x00, 0x00, 0x00, 0x00, 0x00, 0x00, 0x00, 0x00, 0x00, 0x00, 0x00, 0x02, 0xba, 0x10, 0x00, 0x00,
    0x00, 0x00, 0x00, 0x00, 0x00, 0x00, 0x06, 0xfc, 0x00, 0x00, 0x00, 0x00, 0x00, 0x00, 0x00, 0xdf,
    0xff, 0xff, 0xff, 0xff, 0xff, 0xfe, 0x00, 0x00, 0x00, 0x00, 0xdf, 0x88, 0x88, 0x88, 0x88, 0x88,
    0xfe, 0x00, 0x00, 0x00, 0x00, 0xdf, 0x10, 0x00, 0x00, 0x00, 0x01, 0xfe, 0x00, 0x00, 0x00, 0x00,
    0xdf, 0xff, 0xff, 0xff, 0xff, 0xff, 0xfe, 0x00, 0x00, 0x00, 0x00, 0xdf, 0x76, 0x66, 0x66, 0x66,
    0x67, 0xfe, 0x00, 0x00, 0x00, 0x00, 0xdf, 0x10, 0x00, 0x00, 0x00, 0x01, 0xfe, 0x00, 0x00, 0x00,
    0x00, 0xdf, 0x87, 0x77, 0x77, 0x77, 0x78, 0xfe, 0x00, 0x00, 0x00, 0x00, 0xdf, 0xff, 0xff, 0xff,
    0xff, 0xff, 0xfe, 0x00, 0x00, 0x00, 0x00, 0x00, 0x00, 0x00, 0x00, 0x00, 0x00, 0x00, 0x00, 0x00,
    0x00, 0x06, 0x99, 0x99, 0x99, 0x99, 0x99, 0x99, 0x99, 0x60, 0x00, 0x00, 0x09, 0xff, 0xff, 0xff,
    0xff, 0xff, 0xff, 0xff, 0xb0, 0x00, 0x00, 0x00, 0x00, 0x00, 0x00, 0xef, 0x10, 0x00, 0x00, 0x00,
    0x00, 0x00, 0x00, 0x69, 0x99, 0x99, 0xef, 0x99, 0x99, 0x97, 0x00, 0x00, 0x00, 0x00, 0xaf, 0xff,
    0xff, 0xff, 0xff, 0xff, 0xfc, 0x00, 0x00, 0x00, 0x00, 0x00, 0x00, 0x00, 0xef, 0x10, 0x00, 0x00,
    0x00, 0x00, 0x00, 0x9a, 0xaa, 0xaa, 0xaa, 0xff, 0xaa, 0xaa, 0xaa, 0xa9, 0x00, 0x00, 0xdf, 0xff,
    0xff, 0xff, 0xff, 0xff, 0xff, 0xff, 0xfe, 0x00, 0x00, 0x00, 0x00, 0x00, 0x00, 0x00, 0x00, 0x00,
    0x00, 0x00, 0x00, 0x00, 0x00, 0x00, 0x00, 0x00, 0x00, 0x00, 0x00, 0x00, 0x00, 0x00, 0x00, 0xbf,
    0xff, 0xff, 0xff, 0xff, 0xff, 0xff, 0xff, 0xfc, 0x00, 0x00, 0xad, 0xdd, 0xde, 0xff, 0xdd, 0xdd,
    0xdd, 0xdd, 0xda, 0x00, 0x00, 0x00, 0x00, 0x07, 0xfa, 0x00, 0x00, 0x00, 0x00, 0x00, 0x00, 0x00,
    0x00, 0x00, 0x0d, 0xf3, 0x00, 0x00, 0x00, 0x00, 0x00, 0x00, 0x00, 0x00, 0x00, 0x4f, 0xc0, 0x00,
    0x00, 0x00, 0x00, 0x00, 0x00, 0x00, 0x00, 0x00, 0xcf, 0x50, 0x00, 0x00, 0x00, 0x00, 0x00, 0x00,
    0x00, 0x00, 0x06, 0xfd, 0x00, 0x00, 0x00, 0x00, 0x00, 0x00, 0x00, 0x00, 0x00, 0x1e, 0xff, 0xff,
    0xff, 0xff, 0xff, 0xff, 0x90, 0x00, 0x00, 0x00, 0xbf, 0xfe, 0xcc, 0xcc, 0xcc, 0xcc, 0xdf, 0x90,
    0x00, 0x00, 0x09, 0xff, 0xfa, 0x00, 0x00, 0x00, 0x00, 0x6f, 0x90, 0x00, 0x00, 0xaf, 0xd6, 0xfa,
    0x00, 0x00, 0x00, 0x00, 0x6f, 0x90, 0x00, 0x05, 0xfd, 0x23, 0xfa, 0x00, 0x00, 0x00, 0x00, 0x6f,
    0x90, 0x00, 0x00, 0x62, 0x03, 0xfa, 0x00, 0x00, 0x00, 0x00, 0x6f, 0x90, 0x00, 0x00, 0x00, 0x03,
    0xfa, 0x00, 0x00, 0x00, 0x00, 0x6f, 0x90, 0x00, 0x00, 0x00, 0x03, 0xfe, 0xcc, 0xcc, 0xcc, 0xcc,
    0xdf, 0x90, 0x00, 0x00, 0x00, 0x03, 0xff, 0xff, 0xff, 0xff, 0xff, 0xff, 0x90, 0x00, 0x00, 0x00,
    0x03, 0xfa, 0x00, 0x00, 0x00, 0x00, 0x6f, 0x90, 0x00, 0x00, 0x00, 0x02, 0xa7, 0x00, 0x00, 0x00,
    0x00, 0x49, 0x50, 0x00, 0x00, 0x00, 0x00, 0x00, 0x00, 0x00, 0x00, 0x00, 0x00, 0x00, 0x00, 0x00,
    0x00, 0x00, 0x00, 0x00, 0x00, 0x00, 0x00, 0x00, 0x00, 0x00, 0x01, 0xbb, 0xbb, 0xbb, 0xa2, 0xbb,
    0xbb, 0xbb, 0xbb, 0x30, 0x00, 0x01, 0xff, 0xff, 0xff, 0xe3, 0xff, 0xff, 0xff, 0xff, 0x30, 0x00,
    0x00, 0x00, 0xde, 0x00, 0x00, 0x00, 0x00, 0x00, 0xaf, 0x20, 0x00, 0x00, 0x02, 0xfa, 0x00, 0x00,
    0x3c, 0x60, 0x00, 0xcf, 0x00, 0x00, 0x00, 0x05, 0xf7, 0x00, 0x00, 0x5f, 0x60, 0x00, 0xde, 0x00,
    0x00, 0x00, 0x09, 0xf3, 0x00, 0x00, 0x6f, 0x50, 0x00, 0xfc, 0x00, 0x00, 0x00, 0x0d, 0xe0, 0x00,
    0x00, 0x7f, 0x40, 0x01, 0xfb, 0x00, 0x00, 0x00, 0x4f, 0xff, 0xff, 0x70, 0x9f, 0x20, 0x03, 0xf9,
    0x00, 0x00, 0x00, 0xaf, 0xea, 0xbf, 0x70, 0xbf, 0xa9, 0x9b, 0xfc, 0x98, 0x00, 0x04, 0xff, 0xc0,
    0x3f, 0x70, 0xdf, 0xff, 0xff, 0xff, 0xfc, 0x00, 0x04, 0xfe, 0xc0, 0x3f, 0x70, 0x00, 0x00, 0x00,
    0x01, 0xfa, 0x00, 0x00, 0x8c, 0xc0, 0x3f, 0x70, 0x00, 0x00, 0x00, 0x03, 0xf9, 0x00, 0x00, 0x0c,
    0xc0, 0x3f, 0x77, 0xaa, 0xaa, 0xaa, 0x75, 0xf7, 0x00, 0x00, 0x0c, 0xc0, 0x3f, 0x7b, 0xff, 0xff,
    0xff, 0xb7, 0xf6, 0x00, 0x00, 0x0c, 0xea, 0xbf, 0x70, 0x00, 0x00, 0x00, 0x09, 0xf3, 0x00, 0x00,
    0x0c, 0xff, 0xff, 0x70, 0x00, 0x00, 0x00, 0x0c, 0xf1, 0x00, 0x00, 0x0c, 0xc0, 0x00, 0x00, 0x00,
    0x00, 0x10, 0x3f, 0xd0, 0x00, 0x00, 0x0a, 0xa0, 0x00, 0x00, 0x00, 0x00, 0xef, 0xff, 0x70, 0x00,
    0x00, 0x00, 0x00, 0x00, 0x00, 0x00, 0x00, 0x7a, 0xa6, 0x00, 0x00, 0x00, 0x00, 0x00, 0x00, 0x00,
    0x00, 0x00, 0x00, 0x00, 0x00, 0x00, 0x00, 0x00, 0x00, 0x00, 0x00, 0x00, 0x00, 0x00, 0x00, 0x00,
    0x00, 0x00, 0x00, 0x00, 0x00, 0x00, 0x04, 0x92, 0x00, 0x00, 0x00, 0x00, 0x00, 0xab, 0xbb, 0xbb,
    0xa0, 0x0c, 0xf2, 0x00, 0x00, 0x00, 0x00, 0x00, 0xff, 0xff, 0xff, 0xd0, 0x4f, 0xff, 0xff, 0xfa,
    0x00, 0x00, 0x00, 0x00, 0xce, 0x00, 0x00, 0xbf, 0x98, 0x8d, 0xf8, 0x00, 0x00, 0x00, 0x01, 0xfb,
    0x00, 0x06, 0xf8, 0x00, 0x3f, 0xc0, 0x00, 0x00, 0x00, 0x04, 0xf7, 0x00, 0x3e, 0xfa, 0x99, 0xdf,
    0xb9, 0x96, 0x00, 0x00, 0x08, 0xf4, 0x00, 0xdf, 0xff, 0xff, 0xff, 0xff, 0xfa, 0x00, 0x00, 0x0c,
    0xf1, 0x00, 0x8b, 0xf8, 0x04, 0xf7, 0x03, 0xfa, 0x00, 0x00, 0x2f, 0xff, 0xff, 0x53, 0xf8, 0x04,
    0xf7, 0x03, 0xfa, 0x00, 0x00, 0x9f, 0xea, 0xbf, 0x53, 0xfb, 0x79, 0xfb, 0x78, 0xfa, 0x00, 0x03,
    0xff, 0xd0, 0x4f, 0x53, 0xff, 0xff, 0xff, 0xff, 0xfa, 0x00, 0x02, 0xff, 0xd0, 0x4f, 0x53, 0xf8,
    0x04, 0xf7, 0x03, 0xfa, 0x00, 0x00, 0x8b, 0xd0, 0x4f, 0x54, 0xf8, 0x04, 0xf7, 0x03, 0xfa, 0x00,
    0x00, 0x0b, 0xd0, 0x4f, 0x55, 0xff, 0xff, 0xff, 0xff, 0xfa, 0x00, 0x00, 0x0b, 0xd0, 0x4f, 0x57,
    0xfb, 0xab, 0xfc, 0xab, 0xfa, 0x00, 0x00, 0x0b, 0xea, 0xbf, 0x5a, 0xf1, 0x04, 0xf7, 0x03, 0xfa,
    0x00, 0x00, 0x0b, 0xff, 0xff, 0x5e, 0xd0, 0x04, 0xf7, 0x03, 0xfa, 0x00, 0x00, 0x0b, 0xd0, 0x00,
    0x7f, 0x80, 0x04, 0xf7, 0x03, 0xfa, 0x00, 0x00, 0x08, 0xa0, 0x01, 0xee, 0x10, 0x04, 0xf7, 0xef,
    0xf7, 0x00, 0x00, 0x00, 0x00, 0x00, 0x55, 0x00, 0x00, 0x00, 0x79, 0x60, 0x00, 0x00, 0x00, 0x00,
    0x00, 0x00, 0x00, 0x00, 0x00, 0x00, 0x00, 0x00, 0x00, 0x00, 0x00, 0x00, 0x00, 0x00, 0x00, 0x00,
    0x00, 0x00, 0x00, 0x00, 0x01, 0xff, 0xff, 0xff, 0xff, 0xff, 0xff, 0xff, 0x10, 0x00, 0x00, 0x01,
    0xdd, 0xdd, 0xdd, 0xdd, 0xdd, 0xdd, 0xdd, 0x10, 0x00, 0x00, 0x00, 0x00, 0x00, 0x00, 0x00, 0x00,
    0x00, 0x00, 0x00, 0x00, 0x00, 0x00, 0x00, 0x00, 0x00, 0x00, 0x00, 0x00, 0x00, 0x00, 0x00, 0x00,
    0x00, 0x00, 0x00, 0x00, 0x00, 0x00, 0x00, 0x00, 0x00, 0x00, 0x00, 0xdf, 0xff, 0xff, 0xff, 0xff,
    0xff, 0xff, 0xff, 0xfd, 0x00, 0x00, 0xcd, 0xdd, 0xdd, 0xdd, 0xff, 0xed, 0xdd, 0xdd, 0xdc, 0x00,
    0x00, 0x00, 0x00, 0x00, 0x00, 0xff, 0x10, 0x00, 0x00, 0x00, 0x00, 0x00, 0x00, 0x02, 0x00, 0x00,
    0xff, 0x10, 0x00, 0x10, 0x00, 0x00, 0x00, 0x00, 0x1e, 0xe2, 0x00, 0xff, 0x10, 0x3d, 0xc0, 0x00,
    0x00, 0x00, 0x00, 0x7f, 0xc0, 0x00, 0xff, 0x10, 0x0d, 0xf6, 0x00, 0x00, 0x00, 0x00, 0xef, 0x50,
    0x00, 0xff, 0x10, 0x05, 0xfe, 0x10, 0x00, 0x00, 0x07, 0xfc, 0x00, 0x00, 0xff, 0x10, 0x00, 0xbf,
    0x90, 0x00, 0x00, 0x3f, 0xf4, 0x00, 0x00, 0xff, 0x10, 0x00, 0x3f, 0xf2, 0x00, 0x02, 0xdf, 0xa0,
    0x00, 0x00, 0xff, 0x10, 0x00, 0x0b, 0xf7, 0x00, 0x01, 0x9c, 0x10, 0x00, 0x00, 0xff, 0x10, 0x00,
    0x05, 0xd6, 0x00, 0x00, 0x01, 0x00, 0x5f, 0xef, 0xfe, 0x00, 0x00, 0x00, 0x00, 0x00, 0x00, 0x00,
    0x00, 0x0e, 0xfe, 0xb4, 0x00, 0x00, 0x00, 0x00, 0x00, 0x00, 0x00, 0x00, 0x00, 0x00, 0x00, 0x00,
    0x00, 0x00, 0x00, 0x00, 0x00, 0x00, 0x00, 0x00, 0x00, 0x00, 0x00, 0x00, 0x00, 0x00, 0x00, 0x00,
    0x00, 0x00, 0x35, 0x00, 0x00, 0x02, 0xb6, 0x00, 0x10, 0x00, 0x00, 0x14, 0x8c, 0xfe, 0x25, 0xd2,
    0x03, 0xf9, 0x00, 0xcb, 0x10, 0x00, 0xdf, 0xff, 0xc6, 0x14, 0xfb, 0x03, 0xf9, 0x03, 0xfb, 0x00,
    0x00, 0x56, 0x7f, 0x60, 0x00, 0xbf, 0x33, 0xf9, 0x0b, 0xf4, 0x00, 0x00, 0x00, 0x4f, 0x60, 0x00,
    0x4f, 0x83, 0xf9, 0x3f, 0xa0, 0x00, 0x00, 0x00, 0x4f, 0x60, 0x00, 0x05, 0x03, 0xf9, 0x03, 0x20,
    0x00, 0x02, 0xbb, 0xcf, 0xdb, 0x83, 0xbb, 0xbc, 0xfd, 0xbb, 0xb6, 0x00, 0x03, 0xff, 0xff, 0xff,
    0xb4, 0xff, 0xff, 0xff, 0xff, 0xf7, 0x00, 0x00, 0x00, 0xef, 0x70, 0x04, 0xf7, 0x00, 0x00, 0x04,
    0xf7, 0x00, 0x00, 0x04, 0xff, 0xe3, 0x04, 0xf7, 0x00, 0x00, 0x04, 0xf7, 0x00, 0x00, 0x09, 0xff,
    0xed, 0x14, 0xff, 0xff, 0xff, 0xff, 0xf7, 0x00, 0x00, 0x1e, 0xdf, 0x7e, 0x84, 0xfc, 0x99, 0x99,
    0x9b, 0xf7, 0x00, 0x00, 0x7f, 0x7f, 0x66, 0x14, 0xf7, 0x00, 0x00, 0x04, 0xf7, 0x00, 0x02, 0xec,
    0x4f, 0x60, 0x04, 0xf7, 0x00, 0x00, 0x04, 0xf7, 0x00, 0x02, 0xf5, 0x4f, 0x60, 0x04, 0xff, 0xff,
    0xff, 0xff, 0xf7, 0x00, 0x00, 0x70, 0x4f, 0x60, 0x04, 0xfc, 0x99, 0x99, 0x9b, 0xf7, 0x00, 0x00,
    0x00, 0x4f, 0x60, 0x04, 0xf7, 0x00, 0x00, 0x04, 0xf7, 0x00, 0x00, 0x00, 0x4f, 0x60, 0x04, 0xf7,
    0x00, 0x00, 0x05, 0xf7, 0x00, 0x00, 0x00, 0x4f, 0x60, 0x04, 0xf7, 0x00, 0x0c, 0xff, 0xf5, 0x00,
    0x00, 0x00, 0x3b, 0x50, 0x03, 0xc6, 0x00, 0x06, 0xba, 0x70, 0x00, 0x00, 0x00, 0x00, 0x00, 0x00,
    0x00, 0x00, 0x00, 0x00, 0x00, 0x00, 0x00, 0x00, 0x00, 0x00, 0x00, 0x00, 0x00, 0x00, 0x00, 0x00,
    0x00, 0x00, 0x00, 0x00, 0x00, 0x03, 0x96, 0x00, 0x00, 0x00, 0x00, 0x00, 0x00, 0x00, 0x00, 0x00,
    0x07, 0xfd, 0x00, 0x00, 0x00, 0x00, 0x00, 0x00, 0x00, 0x00, 0x00, 0x01, 0xff, 0x40, 0x00, 0x00,
    0x00, 0x00, 0x00, 0x9f, 0xff, 0xff, 0xff, 0xff, 0xff, 0xff, 0xff, 0xfa, 0x00, 0x00, 0x9f, 0xcb,
    0xbb, 0xbb, 0xbb, 0xbb, 0xbb, 0xbc, 0xfa, 0x00, 0x00, 0x9f, 0x40, 0x00, 0x10, 0x00, 0x00, 0x00,
    0x05, 0xfa, 0x00, 0x00, 0x9f, 0x40, 0x05, 0xe5, 0x00, 0x5e, 0x71, 0x05, 0xfa, 0x00, 0x00, 0x8e,
    0x31, 0xaf, 0xf6, 0x00, 0x7e, 0xfe, 0x60, 0x00, 0x00, 0x00, 0x01, 0x8e, 0xfd, 0x30, 0x00, 0x02,
    0xaf, 0xfc, 0x40, 0x00, 0x00, 0x3e, 0xff, 0x91, 0x00, 0x00, 0x00, 0x03, 0xcf, 0xf4, 0x00, 0x00,
    0x0c, 0xb3, 0x00, 0x00, 0x00, 0x00, 0x00, 0x08, 0x90, 0x00, 0x00, 0x01, 0x4f, 0xff, 0xff, 0xff,
    0xff, 0xff, 0xf6, 0x00, 0x00, 0x00, 0x00, 0x3b, 0xbb, 0xbb, 0xff, 0xbb, 0xbb, 0xb4, 0x00, 0x00,
    0x00, 0x00, 0x00, 0x00, 0x01, 0xfe, 0x00, 0x00, 0x00, 0x00, 0x00, 0x00, 0x00, 0x00, 0x00, 0x01,
    0xfe, 0x00, 0x00, 0x00, 0x00, 0x00, 0x00, 0x00, 0x00, 0x00, 0x01, 0xfe, 0x00, 0x00, 0x00, 0x00,
    0x00, 0x00, 0x00, 0x00, 0x00, 0x01, 0xfe, 0x00, 0x00, 0x00, 0x00, 0x00, 0x00, 0x6b, 0xbb, 0xbb,
    0xbb, 0xff, 0xbb, 0xbb, 0xbb, 0xb6, 0x00, 0x00, 0x8f, 0xff, 0xff, 0xff, 0xff, 0xff, 0xff, 0xff,
    0xf9, 0x00, 0x00, 0x00, 0x00, 0x00, 0x00, 0x00, 0x00, 0x00, 0x00, 0x00, 0x00, 0x00, 0x00, 0x00,
    0x00, 0x00, 0x00, 0x00, 0x00, 0x00, 0x00, 0x00, 0x00, 0x00, 0x6a, 0x30, 0x00, 0x00, 0x79, 0x20,
    0x00, 0x00, 0x00, 0x00, 0x00, 0xcf, 0x30, 0x00, 0x00, 0xef, 0x10, 0x00, 0x00, 0x00, 0x00, 0x03,
    0xff, 0x99, 0x99, 0x85, 0xfe, 0x99, 0x99, 0x99, 0x00, 0x00, 0x0a, 0xff, 0xff, 0xff, 0xed, 0xff,
    0xff, 0xff, 0xfe, 0x00, 0x00, 0x6f, 0xd1, 0xed, 0x00, 0x9f, 0x80, 0x8f, 0x70, 0x00, 0x00, 0x02,
    0xef, 0x50, 0x9f, 0x45, 0xfd, 0x10, 0x1e, 0xe1, 0x00, 0x00, 0x00, 0x69, 0x00, 0x5b, 0x30, 0x74,
    0x00, 0x09, 0xa6, 0x00, 0x00, 0x00, 0x00, 0x12, 0x34, 0x56, 0x79, 0xbd, 0xff, 0xff, 0x30, 0x00,
    0x00, 0x06, 0xff, 0xff, 0xff, 0xff, 0xfe, 0xca, 0x74, 0x10, 0x00, 0x00, 0x02, 0x98, 0x76, 0x55,
    0xff, 0x20, 0x00, 0x00, 0x00, 0x00, 0x00, 0x00, 0x00, 0x00, 0x02, 0xff, 0x00, 0x00, 0x00, 0x00,
    0x00, 0x00, 0x00, 0x00, 0x00, 0x04, 0xfc, 0x00, 0x00, 0x00, 0x00, 0x00, 0x00, 0xef, 0xff, 0xff,
    0xff, 0xff, 0xff, 0xff, 0xff, 0xff, 0x00, 0x00, 0x9a, 0xaa, 0xaa, 0xaf, 0xff, 0xfa, 0xaa, 0xaa,
    0xaa, 0x00, 0x00, 0x00, 0x00, 0x00, 0x8f, 0xcb, 0xf7, 0x00, 0x00, 0x00, 0x00, 0x00, 0x00, 0x00,
    0x06, 0xff, 0x31, 0xef, 0x70, 0x00, 0x00, 0x00, 0x00, 0x00, 0x01, 0x9f, 0xf5, 0x00, 0x3e, 0xfb,
    0x20, 0x00, 0x00, 0x00, 0x04, 0x9e, 0xfe, 0x40, 0x00, 0x02, 0xdf, 0xfa, 0x51, 0x00, 0x00, 0xaf,
    0xfe, 0x81, 0x00, 0x00, 0x00, 0x07, 0xef, 0xfc, 0x00, 0x00, 0x29, 0x40, 0x00, 0x00, 0x00, 0x00,
    0x00, 0x15, 0xa3, 0x00, 0x00, 0x00, 0x00, 0x00, 0x00, 0x00, 0x00, 0x00, 0x00, 0x00, 0x00, 0x00,
    0x00, 0x00, 0x00, 0x00, 0x00, 0x00, 0x00, 0x00, 0x00, 0x00, 0x00, 0x00, 0x8a, 0x20, 0x00, 0x00,
    0x8a, 0x30, 0x00, 0x00, 0x00, 0x00, 0x01, 0xee, 0x10, 0x00, 0x01, 0xef, 0x10, 0x00, 0x00, 0x00,
    0x00, 0x07, 0xff, 0xff, 0xff, 0x97, 0xff, 0xff, 0xff, 0xfd, 0x00, 0x00, 0x2e, 0xfa, 0xfd, 0x99,
    0x8e, 0xf9, 0xdf, 0xa9, 0x98, 0x00, 0x00, 0xbf, 0x80, 0xde, 0x11, 0xdf, 0x80, 0x5f, 0x80, 0x00,
    0x00, 0x02, 0xed, 0x10, 0x6f, 0x62, 0xcc, 0x00, 0x0c, 0x71, 0x00, 0x00, 0x00, 0x23, 0x00, 0x15,
    0x01, 0x25, 0x57, 0x9c, 0xfc, 0x00, 0x00, 0x00, 0x04, 0x9b, 0xcd, 0xef, 0xff, 0xff, 0xff, 0xda,
    0x20, 0x00, 0x00, 0x05, 0xee, 0xdc, 0xbe, 0xf9, 0x64, 0x31, 0x00, 0x00, 0x00, 0x00, 0x00, 0x00,
    0x00, 0x0b, 0xf3, 0x01, 0x34, 0x56, 0x10, 0x00, 0x00, 0x04, 0x57, 0x89, 0xae, 0xfe, 0xff, 0xff,
    0xff, 0x30, 0x00, 0x00, 0x0d, 0xff, 0xff, 0xff, 0xfc, 0xa9, 0x86, 0x54, 0x10, 0x00, 0x00, 0x05,
    0x54, 0x32, 0x0b, 0xf3, 0x00, 0x00, 0x00, 0x00, 0x00, 0x00, 0x00, 0x00, 0x00, 0x2c, 0xf7, 0x68,
    0x9a, 0xcd, 0xed, 0x00, 0x00, 0x8a, 0xbd, 0xef, 0xff, 0xff, 0xff, 0xff, 0xfd, 0xca, 0x00, 0x00,
    0xcf, 0xfe, 0xdc, 0xae, 0xf8, 0x54, 0x21, 0x01, 0x10, 0x00, 0x00, 0x22, 0x10, 0x00, 0x0b, 0xf3,
    0x00, 0x00, 0x03, 0xe6, 0x00, 0x00, 0x00, 0x00, 0x00, 0x0a, 0xf6, 0x00, 0x00, 0x08, 0xf6, 0x00,
    0x00, 0x00, 0x00, 0x00, 0x07, 0xff, 0xff, 0xff, 0xff, 0xf2, 0x00, 0x00, 0x00, 0x00, 0x00, 0x00,
    0x59, 0xaa, 0xaa, 0xa8, 0x30, 0x00, 0x00, 0x00, 0x00, 0x00, 0x00, 0x00, 0x00, 0x00, 0x00, 0x00,
    0x00, 0x00, 0x00, 0x00, 0x00, 0x00, 0x00, 0x00, 0x00, 0x00, 0x00, 0x00, 0x00, 0x00, 0x67, 0x10,
    0x00, 0x00, 0x78, 0x10, 0x00, 0x00, 0x00, 0x00, 0x00, 0xef, 0x20, 0x00, 0x01, 0xef, 0x10, 0x00,
    0x00, 0x00, 0x00, 0x05, 0xfe, 0x99, 0x99, 0x56, 0xfe, 0x99, 0x99, 0x97, 0x00, 0x00, 0x0c, 0xff,
    0xff, 0xff, 0x9d, 0xff, 0xff, 0xff, 0xfc, 0x00, 0x00, 0x7f, 0xb1, 0xed, 0x00, 0x9f, 0xa0, 0x8f,
    0x70, 0x00, 0x00, 0x02, 0xff, 0x30, 0x9f, 0x54, 0xfe, 0x20, 0x1e, 0xe1, 0x00, 0x00, 0x00, 0x78,
    0x00, 0x6a, 0x30, 0x65, 0x00, 0x04, 0x20, 0x00, 0x00, 0x00, 0x00, 0x07, 0xfa, 0x00, 0x00, 0x00,
    0x07, 0xf5, 0x00, 0x00, 0x00, 0x00, 0x1e, 0xf3, 0x00, 0x00, 0x00, 0x07, 0xf5, 0x00, 0x00, 0x00,
    0x00, 0xaf, 0xa2, 0xff, 0xff, 0xff, 0xff, 0xff, 0xfd, 0x00, 0x00, 0x07, 0xff, 0x81, 0xbb, 0xbb,
    0xbb, 0xbd, 0xfd, 0xba, 0x00, 0x00, 0x6f, 0xff, 0x80, 0x00, 0x10, 0x00, 0x07, 0xf5, 0x00, 0x00,
    0x02, 0xff, 0xbf, 0x80, 0x0c, 0xc0, 0x00, 0x07, 0xf5, 0x00, 0x00, 0x00, 0x99, 0x4f, 0x80, 0x09,
    0xf8, 0x00, 0x07, 0xf5, 0x00, 0x00, 0x00, 0x00, 0x4f, 0x80, 0x01, 0xef, 0x30, 0x07, 0xf5, 0x00,
    0x00, 0x00, 0x00, 0x4f, 0x80, 0x00, 0x6f, 0xa0, 0x07, 0xf5, 0x00, 0x00, 0x00, 0x00, 0x4f, 0x80,
    0x00, 0x07, 0x10, 0x07, 0xf5, 0x00, 0x00, 0x00, 0x00, 0x4f, 0x80, 0x00, 0x00, 0x00, 0x08, 0xf5,
    0x00, 0x00, 0x00, 0x00, 0x4f, 0x80, 0x00, 0x00, 0xdf, 0xff, 0xf3, 0x00, 0x00, 0x00, 0x00, 0x3c,
    0x70, 0x00, 0x00, 0x7c, 0xca, 0x50, 0x00, 0x00, 0x00, 0x00, 0x00, 0x00, 0x00, 0x00, 0x00, 0x00,
    0x00, 0x00, 0x00, 0x00, 0x00, 0x00, 0x00, 0x00, 0x00, 0x00, 0x00, 0x00, 0x00, 0x00, 0x00, 0x00,
    0x2b, 0x60, 0x00, 0x00, 0x3b, 0x60, 0x00, 0x00, 0x00, 0x00, 0x00, 0x9f, 0x70, 0x00, 0x00, 0x9f,
    0x70, 0x00, 0x00, 0x00, 0x00, 0x01, 0xff, 0xff, 0xff, 0xf4, 0xef, 0xff, 0xff, 0xff, 0x10, 0x00,
    0x0b, 0xf8, 0xbf, 0x96, 0x6b, 0xfa, 0x7f, 0xf7, 0x66, 0x10, 0x00, 0xaf, 0xa0, 0x2f, 0xa0, 0x6f,
    0xe1, 0x07, 0xf8, 0x00, 0x00, 0x00, 0x8c, 0x10, 0x09, 0x60, 0x2a, 0x40, 0x00, 0xa4, 0x00, 0x00,
    0x00, 0x06, 0xff, 0xff, 0xff, 0xff, 0xff, 0xff, 0xff, 0x50, 0x00, 0x00, 0x04, 0x99, 0x99, 0x9a,
    0xfe, 0x99, 0x99, 0xcf, 0x50, 0x00, 0x00, 0x00, 0x00, 0x00, 0x02, 0xfc, 0x00, 0x00, 0x7f, 0x50,
    0x00, 0x00, 0x00, 0x69, 0x99, 0x99, 0xfe, 0x99, 0x99, 0xcf, 0x50, 0x00, 0x00, 0x00, 0xcf, 0xff,
    0xff, 0xff, 0xff, 0xff, 0xff, 0x50, 0x00, 0x00, 0x00, 0xed, 0x00, 0x02, 0xfc, 0x00, 0x00, 0x00,
    0x00, 0x00, 0x00, 0x01, 0xfb, 0x00, 0x02, 0xfc, 0x00, 0x00, 0x00, 0x00, 0x00, 0x00, 0x04, 0xff,
    0xff, 0xff, 0xff, 0xff, 0xff, 0xff, 0xf2, 0x00, 0x00, 0x04, 0x99, 0x99, 0xef, 0xfe, 0x99, 0x99,
    0x9e, 0xf0, 0x00, 0x00, 0x00, 0x00, 0x2b, 0xfb, 0xfc, 0x00, 0x00, 0x0f, 0xe0, 0x00, 0x00, 0x00,
    0x17, 0xef, 0x72, 0xfc, 0x00, 0x10, 0x5f, 0xb0, 0x00, 0x00, 0x29, 0xef, 0xd4, 0x02, 0xfc, 0x03,
    0xff, 0xff, 0x60, 0x00, 0x00, 0x5f, 0xe7, 0x10, 0x02, 0xfc, 0x00, 0x9a, 0x96, 0x00, 0x00, 0x00,
    0x06, 0x10, 0x00, 0x01, 0xa8, 0x00, 0x00, 0x00, 0x00, 0x00, 0x00, 0x00, 0x00, 0x00, 0x00, 0x00,
    0x00, 0x00, 0x00, 0x00, 0x00, 0x00, 0x00, 0x00, 0x00, 0x00, 0x00, 0x00, 0x00, 0x00, 0x00, 0x00,
    0x00, 0x00, 0x79, 0x20, 0x00, 0x00, 0x79, 0x20, 0x00, 0x00, 0x00, 0x00, 0x01, 0xef, 0x20, 0x00,
    0x01, 0xef, 0x10, 0x00, 0x00, 0x00, 0x00, 0x08, 0xff, 0xff, 0xff, 0xc8, 0xff, 0xff, 0xff, 0xff,
    0x00, 0x00, 0x4f, 0xeb, 0xfc, 0x88, 0xbf, 0xe8, 0xef, 0xa8, 0x88, 0x00, 0x02, 0xef, 0x51, 0xfc,
    0x01, 0xef, 0x50, 0x5f, 0x90, 0x00, 0x00, 0x01, 0xa9, 0x00, 0x97, 0x00, 0xee, 0x00, 0x0b, 0x70,
    0x00, 0x00, 0x00, 0x01, 0x99, 0x99, 0x99, 0xff, 0x99, 0x99, 0x99, 0x20, 0x00, 0x00, 0x01, 0xff,
    0xff, 0xff, 0xff, 0xff, 0xff, 0xff, 0x40, 0x00, 0x00, 0x00, 0x00, 0x00, 0x00, 0xfe, 0x00, 0x00,
    0x00, 0x00, 0x00, 0x00, 0x00, 0x00, 0x00, 0x00, 0xfe, 0x00, 0x00, 0x00, 0x00, 0x00, 0x01, 0xff,
    0xff, 0xff, 0xff, 0xff, 0xff, 0xff, 0xff, 0xff, 0x20, 0x01, 0xaa, 0xaa, 0xaa, 0xaa, 0xaa, 0xaa,
    0xff, 0xaa, 0xaa, 0x10, 0x00, 0x00, 0x00, 0x00, 0x00, 0x00, 0x00, 0xff, 0x00, 0x00, 0x00, 0x00,
    0x6f, 0xff, 0xff, 0xff, 0xff, 0xff, 0xff, 0xff, 0xf9, 0x00, 0x00, 0x4a, 0xaa, 0xeb, 0xaa, 0xaa,
    0xaa, 0xff, 0xaa, 0xa6, 0x00, 0x00, 0x00, 0x05, 0xfd, 0x30, 0x00, 0x00, 0xff, 0x00, 0x00, 0x00,
    0x00, 0x00, 0x00, 0x9f, 0xe3, 0x00, 0x00, 0xff, 0x00, 0x00, 0x00, 0x00, 0x00, 0x00, 0x08, 0xfc,
    0x00, 0x00, 0xfe, 0x00, 0x00, 0x00, 0x00, 0x00, 0x00, 0x00, 0x82, 0x1e, 0xef, 0xfc, 0x00, 0x00,
    0x00, 0x00, 0x00, 0x00, 0x00, 0x00, 0x07, 0xbb, 0x92, 0x00, 0x00, 0x00, 0x00, 0x00, 0x00, 0x00,
    0x00, 0x00, 0x00, 0x00, 0x00, 0x00, 0x00, 0x00, 0x00, 0x00, 0x00, 0x00, 0x00, 0x00, 0x00, 0x00,
    0x00, 0x00, 0x00, 0x00, 0x4b, 0x40, 0x00, 0x00, 0x5a, 0x40, 0x00, 0x00, 0x00, 0x00, 0x00, 0xcf,
    0x60, 0x00, 0x00, 0xcf, 0x50, 0x00, 0x00, 0x00, 0x00, 0x04, 0xff, 0xff, 0xff, 0xd3, 0xff, 0xff,
    0xff, 0xfe, 0x00, 0x00, 0x2e, 0xfa, 0xcf, 0xb9, 0x9d, 0xfa, 0x9f, 0xf9, 0x99, 0x00, 0x01, 0xdf,
    0x80, 0x3f, 0xa0, 0x9f, 0xa0, 0x0a, 0xf5, 0x00, 0x00, 0x00, 0x49, 0x02, 0x9b, 0x10, 0x07, 0x10,
    0xa9, 0x81, 0x00, 0x00, 0x00, 0x00, 0x01, 0xdf, 0x30, 0x00, 0x07, 0xfb, 0x00, 0x00, 0x00, 0x02,
    0xff, 0xff, 0xff, 0xff, 0xff, 0xff, 0xff, 0xff, 0xff, 0x10, 0x01, 0x88, 0x88, 0x88, 0x88, 0x88,
    0x88, 0x88, 0x88, 0x88, 0x10, 0x00, 0x03, 0x55, 0x55, 0x55, 0x30, 0x00, 0x00, 0x1a, 0x80, 0x00,
    0x00, 0x09, 0xff, 0xff, 0xff, 0xa0, 0x3e, 0x80, 0x1f, 0xc0, 0x00, 0x00, 0x09, 0xf2, 0x00, 0x2f,
    0xa0, 0x3f, 0x80, 0x1f, 0xc0, 0x00, 0x00, 0x09, 0xff, 0xff, 0xff, 0xa0, 0x3f, 0x80, 0x1f, 0xc0,
    0x00, 0x00, 0x09, 0xf7, 0x55, 0x6f, 0xa0, 0x3f, 0x80, 0x1f, 0xc0, 0x00, 0x00, 0x09, 0xf2, 0x00,
    0x2f, 0xa0, 0x3f, 0x80, 0x1f, 0xc0, 0x00, 0x00, 0x09, 0xff, 0xff, 0xff, 0xa0, 0x3f, 0x80, 0x1f,
    0xc0, 0x00, 0x00, 0x09, 0xf7, 0x66, 0x7f, 0xa0, 0x00, 0x00, 0x1f, 0xc0, 0x00, 0x00, 0x09, 0xf2,
    0x00, 0x2f, 0xa0, 0x00, 0x00, 0x2f, 0xc0, 0x00, 0x00, 0x09, 0xf2, 0x0d, 0xff, 0x80, 0x00, 0xce,
    0xff, 0x90, 0x00, 0x00, 0x06, 0xa2, 0x05, 0x86, 0x10, 0x00, 0x4b, 0xa7, 0x10, 0x00, 0x00, 0x00,
    0x00, 0x00, 0x00, 0x00, 0x00, 0x00, 0x00, 0x00, 0x00, 0x00, 0x00, 0x00, 0x00, 0x00, 0x00, 0x00,
    0x00, 0x00, 0x00, 0x00, 0x00, 0x00, 0x4b, 0x40, 0x00, 0x00, 0x08, 0x90, 0x00, 0x00, 0x00, 0x00,
    0x21, 0x6f, 0x61, 0x40, 0x00, 0x0d, 0xf1, 0x00, 0x00, 0x00, 0x00, 0xe6, 0x6f, 0x65, 0xf3, 0x00,
    0x08, 0xf5, 0x00, 0x00, 0x00, 0x00, 0xab, 0x6f, 0x69, 0xd0, 0x00, 0x04, 0xb4, 0x00, 0x00, 0x00,
    0x00, 0x7e, 0x6f, 0x6c, 0x88, 0xff, 0xff, 0xff, 0xff, 0xfa, 0x00, 0x00, 0x4f, 0x8f, 0x8f, 0x36,
    0xcc, 0xcc, 0xcc, 0xcc, 0xc8, 0x00, 0x00, 0x17, 0x7f, 0x77, 0x00, 0x00, 0x00, 0x00, 0x12, 0x00,
    0x00, 0x02, 0xbb, 0xdf, 0xdb, 0xb0, 0x5f, 0x40, 0x00, 0x5f, 0x90, 0x00, 0x02, 0xff, 0xff, 0xff,
    0xf1, 0x4f, 0x70, 0x00, 0x7f, 0x60, 0x00, 0x00, 0x00, 0xdf, 0x70, 0x00, 0x1f, 0xa0, 0x00, 0x9f,
    0x40, 0x00, 0x00, 0x04, 0xff, 0xe2, 0x00, 0x0d, 0xd0, 0x00, 0xbf, 0x10, 0x00, 0x00, 0x09, 0xff,
    0xfc, 0x10, 0x0a, 0xf1, 0x00, 0xdd, 0x00, 0x00, 0x00, 0x1e, 0xdf, 0xbf, 0x90, 0x08, 0xf4, 0x01,
    0xfa, 0x00, 0x00, 0x00, 0x8f, 0x8f, 0x6b, 0xd1, 0x06, 0xf6, 0x04, 0xf7, 0x00, 0x00, 0x02, 0xfb,
    0x6f, 0x63, 0x30, 0x04, 0xf8, 0x07, 0xf4, 0x00, 0x00, 0x03, 0xf4, 0x6f, 0x60, 0x00, 0x02, 0xf7,
    0x0a, 0xf1, 0x00, 0x00, 0x00, 0x70, 0x6f, 0x60, 0x00, 0x00, 0x10, 0x0d, 0xc0, 0x00, 0x00, 0x00,
    0x00, 0x6f, 0x60, 0x5f, 0xff, 0xff, 0xff, 0xff, 0xff, 0x30, 0x00, 0x00, 0x6f, 0x60, 0x4d, 0xdd,
    0xdd, 0xdd, 0xdd, 0xdd, 0x30, 0x00, 0x00, 0x4a, 0x40, 0x00, 0x00, 0x00, 0x00, 0x00, 0x00, 0x00,
    0x00, 0x00, 0x00, 0x00, 0x00, 0x00, 0x00, 0x00, 0x00, 0x00, 0x00, 0x00, 0x00, 0x00, 0x00, 0x00,
    0x00, 0x00, 0x00, 0x00, 0x00, 0x00, 0x00, 0x00, 0x00, 0x00, 0x00, 0xbb, 0x00, 0x00, 0x00, 0x00,
    0x00, 0x00, 0x00, 0x00, 0x00, 0x00, 0xff, 0x00, 0x00, 0x00, 0x00, 0x00, 0x00, 0x7f, 0xff, 0xff,
    0xff, 0xff, 0xff, 0xff, 0xff, 0xf7, 0x00, 0x00, 0x5a, 0xaa, 0xaa, 0xaa, 0xff, 0xaa, 0xaa, 0xaa,
    0xa5, 0x00, 0x00, 0x00, 0x00, 0x00, 0x00, 0xff, 0x00, 0x00, 0x00, 0x00, 0x00, 0x00, 0x79, 0x99,
    0x99, 0x99, 0xff, 0x99, 0x99, 0x99, 0x98, 0x00, 0x00, 0xcf, 0xff, 0xff, 0xff, 0xff, 0xff, 0xff,
    0xff, 0xfd, 0x00, 0x00, 0xcf, 0x00, 0x00, 0x6f, 0xe2, 0x00, 0x10, 0x00, 0xfd, 0x00, 0x00, 0xcf,
    0x00, 0x2b, 0xfa, 0x10, 0x19, 0xe3, 0x00, 0xfd, 0x00, 0x00, 0x00, 0x29, 0xfe, 0x73, 0x46, 0xdf,
    0xb3, 0x00, 0x00, 0x00, 0x00, 0x00, 0x6f, 0xff, 0xff, 0xff, 0xd5, 0x17, 0x00, 0x00, 0x00, 0x00,
    0x00, 0x15, 0x36, 0xdf, 0xd6, 0x00, 0x7f, 0xb1, 0x00, 0x00, 0x00, 0x00, 0x04, 0xbf, 0xc6, 0x23,
    0x34, 0x5c, 0xfc, 0x10, 0x00, 0x00, 0x08, 0xdf, 0xff, 0xff, 0xff, 0xff, 0xfe, 0xef, 0xb0, 0x00,
    0x00, 0x0b, 0xed, 0xba, 0x98, 0xcf, 0x51, 0x00, 0x0a, 0xf5, 0x00, 0x00, 0x01, 0x01, 0xa7, 0x10,
    0x9f, 0x41, 0xaa, 0x11, 0x40, 0x00, 0x00, 0x00, 0x3d, 0xf9, 0x00, 0x9f, 0x41, 0xaf, 0xe6, 0x00,
    0x00, 0x00, 0x19, 0xff, 0x70, 0x00, 0x9f, 0x40, 0x05, 0xef, 0xb1, 0x00, 0x00, 0x8f, 0xc3, 0x06,
    0xff, 0xff, 0x20, 0x00, 0x1b, 0xf8, 0x00, 0x00, 0x04, 0x00, 0x01, 0xbb, 0x94, 0x00, 0x00, 0x00,
    0x30, 0x00, 0x00, 0x00, 0x00, 0x00, 0x00, 0x00, 0x00, 0x00, 0x00, 0x00, 0x00, 0x00, 0x00, 0x00,
    0x00, 0x00, 0x00, 0x00, 0x00, 0x00, 0x00, 0x00, 0x00, 0x00, 0x48, 0x20, 0x00, 0x00, 0x06, 0x81,
    0x00, 0x00, 0x00, 0x00, 0x00, 0x9f, 0x60, 0x00, 0x00, 0x1e, 0xf2, 0x00, 0x00, 0x00, 0x00, 0x00,
    0xef, 0x10, 0x00, 0x00, 0x8f, 0xf9, 0x00, 0x00, 0x00, 0x00, 0x04, 0xfa, 0x00, 0x00, 0x04, 0xfd,
    0xbf, 0x70, 0x00, 0x00, 0x00, 0x0a, 0xf3, 0x21, 0x00, 0x2d, 0xf4, 0x1d, 0xf6, 0x00, 0x00, 0x00,
    0x2f, 0xb0, 0xad, 0x21, 0xdf, 0x70, 0x03, 0xef, 0x60, 0x00, 0x00, 0x9f, 0x32, 0xfd, 0x3d, 0xfb,
    0x00, 0x00, 0x4e, 0xf9, 0x00, 0x04, 0xff, 0xce, 0xf4, 0xbf, 0xeb, 0xaa, 0xaa, 0xab, 0xee, 0x00,
    0x02, 0xfe, 0xdf, 0xa0, 0x4a, 0x6f, 0xff, 0xff, 0xfa, 0x25, 0x00, 0x00, 0x10, 0xcf, 0x20, 0x00,
    0x00, 0x00, 0x00, 0x00, 0x00, 0x00, 0x00, 0x06, 0xf8, 0x00, 0x00, 0x00, 0x00, 0x00, 0x00, 0x00,
    0x00, 0x00, 0x3e, 0xf8, 0xbd, 0x1f, 0xff, 0xff, 0xff, 0xff, 0xf7, 0x00, 0x02, 0xef, 0xff, 0xea,
    0x1b, 0xbc, 0xff, 0xcb, 0xbb, 0xb6, 0x00, 0x01, 0xec, 0x84, 0x00, 0x00, 0x05, 0xfa, 0x00, 0x00,
    0x00, 0x00, 0x00, 0x20, 0x00, 0x05, 0x00, 0x0d, 0xf2, 0x05, 0xe4, 0x00, 0x00, 0x00, 0x00, 0x39,
    0xef, 0x10, 0x7f, 0x90, 0x01, 0xed, 0x10, 0x00, 0x01, 0x8d, 0xff, 0xd7, 0x12, 0xee, 0x11, 0x34,
    0xaf, 0x80, 0x00, 0x02, 0xff, 0xb4, 0x00, 0x5e, 0xff, 0xff, 0xff, 0xff, 0xf2, 0x00, 0x00, 0x72,
    0x00, 0x00, 0x4f, 0xfd, 0xb9, 0x86, 0x47, 0xf9, 0x00, 0x00, 0x00, 0x00, 0x00, 0x03, 0x00, 0x00,
    0x00, 0x00, 0x92, 0x00, 0x00, 0x00, 0x00, 0x00, 0x00, 0x00, 0x00, 0x00, 0x00, 0x00, 0x00, 0x00,
    0x00, 0x00, 0x00, 0x00, 0x00, 0x00, 0x00, 0x00, 0x00, 0x00, 0x00, 0x00, 0x00, 0x00, 0x00, 0x00,
    0x00, 0x00, 0x00, 0x00, 0x00, 0x00, 0x00, 0x07, 0x20, 0x00, 0x01, 0xd9, 0x00, 0x00, 0x00, 0x00,
    0x00, 0x00, 0x2f, 0xe1, 0x00, 0x07, 0xf8, 0x00, 0x00, 0x00, 0x00, 0x00, 0x00, 0x8f, 0x90, 0x00,
    0x1e, 0xfc, 0xbb, 0xbb, 0xa2, 0x00, 0x00, 0x00, 0xef, 0x20, 0x00, 0x9f, 0xff, 0xff, 0xff, 0xf4,
    0x00, 0x00, 0x06, 0xf9, 0x01, 0x06, 0xff, 0x60, 0x00, 0x5f, 0xa0, 0x00, 0x00, 0x1d, 0xe1, 0x1e,
    0x9f, 0xfe, 0xe1, 0x01, 0xef, 0x30, 0x00, 0x00, 0x8f, 0x60, 0x9f, 0xcf, 0x74, 0xfc, 0x2c, 0xf6,
    0x00, 0x00, 0x05, 0xff, 0xef, 0xfd, 0x15, 0x00, 0x7f, 0xff, 0x80, 0x00, 0x00, 0x01, 0xff, 0xdf,
    0xf4, 0x00, 0x00, 0x7f, 0xff, 0x50, 0x00, 0x00, 0x00, 0x30, 0x6f, 0x90, 0x01, 0x5d, 0xff, 0xaf,
    0xfb, 0x50, 0x00, 0x00, 0x02, 0xed, 0x10, 0x6e, 0xff, 0xc2, 0x03, 0xcf, 0xfe, 0x30, 0x00, 0x1d,
    0xf9, 0x9c, 0x9f, 0xc5, 0x00, 0x00, 0x05, 0xce, 0x00, 0x02, 0xcf, 0xff, 0xfe, 0x53, 0xdf, 0xff,
    0xff, 0xff, 0xd1, 0x00, 0x01, 0xee, 0xb7, 0x30, 0x00, 0xde, 0xaa, 0xaa, 0xaf, 0xd0, 0x00, 0x00,
    0x41, 0x00, 0x00, 0x00, 0xdd, 0x00, 0x00, 0x0f, 0xd0, 0x00, 0x00, 0x00, 0x02, 0x7c, 0x90, 0xdd,
    0x00, 0x00, 0x0f, 0xd0, 0x00, 0x00, 0x37, 0xcf, 0xff, 0x90, 0xdd, 0x00, 0x00, 0x0f, 0xd0, 0x00,
    0x02, 0xff, 0xfc, 0x61, 0x00, 0xdf, 0xff, 0xff, 0xff, 0xd0, 0x00, 0x00, 0xb7, 0x20, 0x00, 0x00,
    0xde, 0xaa, 0xaa, 0xaf, 0xd0, 0x00, 0x00, 0x00, 0x00, 0x00, 0x00, 0x99, 0x00, 0x00, 0x09, 0x80,
    0x00, 0x00, 0x00, 0x00, 0x00, 0x00, 0x00, 0x00, 0x00, 0x00, 0x00, 0x00, 0x00, 0x00, 0x00, 0x00,
    0x00, 0x00, 0x00, 0x00, 0x00, 0x00, 0x00, 0x00, 0x00, 0x09, 0x20, 0x00, 0x00, 0x00, 0x28, 0x30,
    0x00, 0x00, 0x00, 0x00, 0x5f, 0xb0, 0x0b, 0xb0, 0x10, 0x3f, 0x60, 0x10, 0x00, 0x00, 0x00, 0xaf,
    0x40, 0x0d, 0xd4, 0xe1, 0x3f, 0x60, 0xe8, 0x00, 0x00, 0x01, 0xfd, 0x00, 0x0d, 0xd1, 0xe6, 0x3f,
    0x63, 0xf4, 0x00, 0x00, 0x07, 0xf6, 0x01, 0x0d, 0xd0, 0xba, 0x3f, 0x69, 0xd0, 0x00, 0x00, 0x1d,
    0xd0, 0x2e, 0x6d, 0xd0, 0x7d, 0x3f, 0x6d, 0x60, 0x00, 0x00, 0x8f, 0x50, 0x9f, 0x5d, 0xd0, 0x10,
    0x3f, 0x61, 0x00, 0x00, 0x04, 0xff, 0xbc, 0xfb, 0x0d, 0xda, 0xff, 0xff, 0xff, 0xff, 0x00, 0x01,
    0xfe, 0xcf, 0xf3, 0x0d, 0xd6, 0x99, 0xef, 0xd9, 0x99, 0x00, 0x00, 0x20, 0x7f, 0x70, 0x0d, 0xd0,
    0x03, 0xff, 0xf4, 0x00, 0x00, 0x00, 0x03, 0xfb, 0x00, 0x0d, 0xd0, 0x0a, 0xef, 0xde, 0x20, 0x00,
    0x00, 0x1d, 0xf6, 0x7a, 0x4d, 0xd0, 0x4f, 0x8f, 0x6d, 0xc1, 0x00, 0x01, 0xdf, 0xff, 0xfe, 0x4d,
    0xd2, 0xec, 0x3f, 0x64, 0xf9, 0x00, 0x00, 0xed, 0x96, 0x30, 0x0d, 0xd8, 0xf3, 0x3f, 0x60, 0x98,
    0x00, 0x00, 0x20, 0x00, 0x00, 0x0d, 0xd2, 0x60, 0x3f, 0x60, 0x10, 0x00, 0x00, 0x00, 0x03, 0x7a,
    0x6d, 0xd0, 0x00, 0x3f, 0x60, 0x00, 0x00, 0x01, 0x8c, 0xff, 0xfe, 0x6d, 0xd0, 0x00, 0x15, 0x20,
    0x00, 0x00, 0x01, 0xff, 0xb8, 0x40, 0x0d, 0xff, 0xff, 0xff, 0xff, 0xff, 0x30, 0x00, 0x30, 0x00,
    0x00, 0x09, 0xaa, 0xaa, 0xaa, 0xaa, 0xaa, 0x20, 0x00, 0x00, 0x00, 0x00, 0x00, 0x00, 0x00, 0x00,
    0x00, 0x00, 0x00, 0x00, 0x00, 0x00, 0x00, 0x00, 0x00, 0x00, 0x00, 0x00, 0x00, 0x00, 0x00, 0x00,
    0x06, 0x10, 0x00, 0x00, 0x4a, 0x40, 0x00, 0x00, 0x00, 0x00, 0x00, 0x1f, 0xc0, 0x00, 0x00, 0x5f,
    0x70, 0x00, 0x51, 0x00, 0x00, 0x00, 0x6f, 0x70, 0x00, 0x00, 0x5f, 0x70, 0x05, 0xfa, 0x00, 0x00,
    0x00, 0xce, 0x10, 0x07, 0xff, 0xff, 0xff, 0xec, 0xf3, 0x00, 0x00, 0x04, 0xf9, 0x00, 0x05, 0xaa,
    0xcf, 0xca, 0xdf, 0xa0, 0x00, 0x00, 0x0b, 0xe1, 0x0b, 0x50, 0x00, 0x5f, 0x72, 0xee, 0x20, 0x00,
    0x00, 0x5f, 0x70, 0x5f, 0x80, 0x00, 0x5f, 0x7c, 0xf6, 0x00, 0x00, 0x02, 0xef, 0x9a, 0xed, 0x8f,
    0xff, 0xff, 0xff, 0xff, 0xff, 0x40, 0x01, 0xff, 0xef, 0xf5, 0x5b, 0xbb, 0xbf, 0xfc, 0xbb, 0xbb,
    0x30, 0x00, 0x31, 0x4f, 0x90, 0x00, 0x03, 0xdf, 0xa0, 0x00, 0x00, 0x00, 0x00, 0x02, 0xec, 0x00,
    0x01, 0x7f, 0xfe, 0x99, 0x99, 0x91, 0x00, 0x00, 0x1c, 0xf7, 0x7a, 0x7d, 0xff, 0xff, 0xff, 0xff,
    0xf3, 0x00, 0x01, 0xcf, 0xff, 0xff, 0xaf, 0xcf, 0x90, 0x00, 0x0a, 0xf3, 0x00, 0x00, 0xef, 0xb8,
    0x41, 0x16, 0x2f, 0x90, 0x00, 0x0a, 0xf3, 0x00, 0x00, 0x31, 0x00, 0x00, 0x00, 0x2f, 0xff, 0xff,
    0xff, 0xf3, 0x00, 0x00, 0x00, 0x00, 0x37, 0x80, 0x2f, 0xc7, 0x77, 0x7c, 0xf3, 0x00, 0x00, 0x47,
    0xbe, 0xff, 0xd0, 0x2f, 0x90, 0x00, 0x0a, 0xf3, 0x00, 0x01, 0xff, 0xfd, 0x95, 0x10, 0x2f, 0xd9,
    0x99, 0x9d, 0xf3, 0x00, 0x00, 0x96, 0x20, 0x00, 0x00, 0x2f, 0xff, 0xff, 0xff, 0xf3, 0x00, 0x00,
    0x00, 0x00, 0x00, 0x00, 0x2b, 0x70, 0x00, 0x07, 0xa2, 0x00, 0x00, 0x00, 0x00, 0x00, 0x00, 0x00,
    0x00, 0x00, 0x00, 0x00, 0x00, 0x00, 0x00, 0x00, 0x00, 0x00, 0x00, 0x00, 0x00, 0x00, 0x00, 0x00,
    0x00, 0x00, 0x07, 0x30, 0x00, 0x00, 0x08, 0xb1, 0x00, 0x00, 0x00, 0x00, 0x00, 0x2f, 0xc0, 0x00,
    0x00, 0x0b, 0xf2, 0x00, 0x00, 0x00, 0x00, 0x00, 0x7f, 0x60, 0x04, 0xff, 0xff, 0xff, 0xff, 0xc0,
    0x00, 0x00, 0x00, 0xdd, 0x00, 0x02, 0x99, 0x9e, 0xfa, 0x99, 0x70, 0x00, 0x00, 0x05, 0xf6, 0x03,
    0x00, 0x00, 0x0b, 0xf2, 0x00, 0x00, 0x00, 0x00, 0x0d, 0xd0, 0x5f, 0x49, 0x99, 0x9e, 0xfa, 0x99,
    0x96, 0x00, 0x00, 0x7f, 0x41, 0xde, 0x1f, 0xff, 0xff, 0xff, 0xff, 0xf9, 0x00, 0x03, 0xff, 0xff,
    0xf6, 0x00, 0x03, 0x01, 0x53, 0x05, 0xf5, 0x00, 0x00, 0xdb, 0xaf, 0xc0, 0x00, 0x5f, 0x84, 0xf8,
    0x0a, 0xe1, 0x00, 0x00, 0x00, 0x9f, 0x30, 0x04, 0x25, 0xe9, 0xf8, 0x07, 0x70, 0x00, 0x00, 0x05,
    0xf8, 0x14, 0x0c, 0xe5, 0x24, 0xf7, 0x00, 0x00, 0x00, 0x00, 0x2e, 0xfc, 0xff, 0x10, 0x9f, 0x25,
    0xf6, 0x00, 0x00, 0x00, 0x01, 0xef, 0xfe, 0xa6, 0x4a, 0xad, 0xac, 0xfc, 0xaa, 0xa8, 0x00, 0x00,
    0xb8, 0x30, 0x00, 0x6f, 0xff, 0xff, 0xff, 0xff, 0xfc, 0x00, 0x00, 0x00, 0x00, 0x38, 0x00, 0x00,
    0x6f, 0xa1, 0x00, 0x00, 0x00, 0x00, 0x01, 0x6c, 0xff, 0x30, 0x02, 0xef, 0x3c, 0xa1, 0x00, 0x00,
    0x01, 0xaf, 0xff, 0xa3, 0x00, 0x3d, 0xf7, 0x08, 0xfd, 0x30, 0x00, 0x01, 0xfd, 0x71, 0x00, 0x17,
    0xff, 0x80, 0x00, 0x5e, 0xe4, 0x00, 0x00, 0x30, 0x00, 0x00, 0x9f, 0xe6, 0x00, 0x00, 0x04, 0xee,
    0x10, 0x00, 0x00, 0x00, 0x00, 0x18, 0x10, 0x00, 0x00, 0x00, 0x45, 0x00, 0x00, 0x00, 0x00, 0x00,
    0x00, 0x00, 0x00, 0x00, 0x00, 0x00, 0x00, 0x00, 0x00, 0x00, 0x00, 0x00, 0x00, 0x00, 0x00, 0x00,
    0x00, 0x00, 0x00, 0x4c, 0xcc, 0xcc, 0xcc, 0xcc, 0xcc, 0xcc, 0xcc, 0xc5, 0x00, 0x00, 0x5f, 0xff,
    0xff, 0xff, 0xff, 0xff, 0xff, 0xff, 0xf6, 0x00, 0x00, 0x5f, 0x80, 0x00, 0x00, 0x00, 0x00, 0x00,
    0x07, 0xf6, 0x00, 0x00, 0x5f, 0x80, 0x00, 0x3a, 0x40, 0x00, 0x69, 0x17, 0xf6, 0x00, 0x00, 0x5f,
    0x81, 0x00, 0x6f, 0x51, 0x00, 0xbf, 0x07, 0xf6, 0x00, 0x00, 0x5f, 0x9c, 0x80, 0x8f, 0x5d, 0x40,
    0xec, 0x07, 0xf6, 0x00, 0x00, 0x5f, 0x8b, 0xf5, 0xbf, 0x2e, 0xe3, 0xfa, 0x07, 0xf6, 0x00, 0x00,
    0x5f, 0x81, 0xee, 0xec, 0x05, 0xfd, 0xf7, 0x07, 0xf6, 0x00, 0x00, 0x5f, 0x80, 0x5f, 0xf9, 0x00,
    0x9f, 0xf3, 0x07, 0xf6, 0x00, 0x00, 0x5f, 0x80, 0x0a, 0xf8, 0x00, 0x1e, 0xf2, 0x07, 0xf6, 0x00,
    0x00, 0x5f, 0x80, 0x0c, 0xfe, 0x20, 0x3f, 0xfa, 0x07, 0xf6, 0x00, 0x00, 0x5f, 0x80, 0x3f, 0xdf,
    0xb0, 0x9f, 0xef, 0x37, 0xf6, 0x00, 0x00, 0x5f, 0x80, 0xaf, 0x4a, 0xf2, 0xed, 0x3f, 0xa7, 0xf6,
    0x00, 0x00, 0x5f, 0x84, 0xfc, 0x02, 0x59, 0xf6, 0x0b, 0xa8, 0xf6, 0x00, 0x00, 0x5f, 0x9d, 0xf4,
    0x00, 0x5f, 0xd1, 0x02, 0x07, 0xf6, 0x00, 0x00, 0x5f, 0xce, 0x80, 0x00, 0xcf, 0x30, 0x00, 0x07,
    0xf6, 0x00, 0x00, 0x5f, 0x82, 0x00, 0x00, 0x15, 0x00, 0x00, 0x08, 0xf6, 0x00, 0x00, 0x5f, 0x80,
    0x00, 0x00, 0x00, 0x00, 0xde, 0xef, 0xf3, 0x00, 0x00, 0x5e, 0x70, 0x00, 0x00, 0x00, 0x00, 0x8d,
    0xdb, 0x60, 0x00, 0x00, 0x00, 0x00, 0x00, 0x00, 0x00, 0x00, 0x00, 0x00, 0x00, 0x00, 0x00, 0x00,
    0x00, 0x00, 0x00, 0x00, 0x00, 0x00, 0x00, 0x00, 0x00, 0x00, 0x0b, 0xff, 0xff, 0xff, 0xff, 0xff,
    0xff, 0xff, 0xe0, 0x00, 0x00, 0x0b, 0xf5, 0x57, 0xfa, 0x55, 0xbf, 0x65, 0x5f, 0xe0, 0x00, 0x00,
    0x0b, 0xf0, 0x03, 0xf8, 0x00, 0x9f, 0x20, 0x0f, 0xe0, 0x00, 0x00, 0x0b, 0xff, 0xff, 0xff, 0xff,
    0xff, 0xff, 0xff, 0xe0, 0x00, 0x00, 0x04, 0x55, 0x55, 0x56, 0xfd, 0x55, 0x55, 0x55, 0x50, 0x00,
    0x00, 0x46, 0x66, 0x66, 0x68, 0xfc, 0x66, 0x66, 0x66, 0x63, 0x00, 0x00, 0xaf, 0xff, 0xff, 0xff,
    0xff, 0xff, 0xff, 0xff, 0xf7, 0x00, 0x00, 0x00, 0x00, 0x00, 0x08, 0xf4, 0x00, 0x00, 0x00, 0x00,
    0x00, 0x00, 0x00, 0x6f, 0xff, 0xff, 0xff, 0xff, 0xff, 0xf5, 0x00, 0x00, 0x00, 0x00, 0x6f, 0x83,
    0x33, 0x33, 0x33, 0x39, 0xf5, 0x00, 0x00, 0x00, 0x00, 0x6f, 0xff, 0xff, 0xff, 0xff, 0xff, 0xf5,
    0x00, 0x00, 0x00, 0x00, 0x6f, 0x61, 0x11, 0x11, 0x11, 0x18, 0xf5, 0x00, 0x00, 0x00, 0x00, 0x6f,
    0xff, 0xff, 0xff, 0xff, 0xff, 0xf5, 0x00, 0x00, 0x00, 0x00, 0x6f, 0x60, 0x00, 0x00, 0x00, 0x08,
    0xf5, 0x00, 0x00, 0x00, 0x00, 0x6f, 0x60, 0x00, 0x00, 0x00, 0x08, 0xf5, 0x00, 0x00, 0x00, 0x00,
    0x6f, 0xff, 0xff, 0xff, 0xff, 0xff, 0xf5, 0x00, 0x00, 0x00, 0x56, 0x9f, 0x96, 0x66, 0x66, 0x66,
    0x6b, 0xf9, 0x65, 0x00, 0x00, 0xef, 0xff, 0xff, 0xff, 0xff, 0xff, 0xff, 0xff, 0xff, 0x00, 0x00,
    0x00, 0x00, 0x00, 0x00, 0x00, 0x00, 0x00, 0x00, 0x00, 0x00, 0x00, 0x00, 0x00, 0x00, 0x00, 0x00,
    0x00, 0x00, 0x00, 0x00, 0x00, 0x00, 0x00, 0x00, 0x00, 0x00, 0x00, 0x53, 0x00, 0x04, 0x93, 0x00,
    0x00, 0x29, 0x99, 0x99, 0x99, 0x21, 0xec, 0x00, 0x0a, 0xf4, 0x00, 0x00, 0x3f, 0xff, 0xff, 0xff,
    0x40, 0x8f, 0x30, 0x1e, 0xc0, 0x00, 0x00, 0x00, 0x1f, 0xb0, 0x7f, 0x40, 0x3f, 0x70, 0x6f, 0x50,
    0x00, 0x00, 0x00, 0x2f, 0xa0, 0x7f, 0x45, 0xbe, 0xbb, 0xbd, 0xba, 0x00, 0x03, 0xff, 0xff, 0xff,
    0xff, 0xfc, 0xff, 0xff, 0xff, 0xfe, 0x00, 0x02, 0x99, 0xbf, 0xc9, 0xcf, 0xb3, 0x00, 0x4f, 0x80,
    0x00, 0x00, 0x00, 0x00, 0x7f, 0x50, 0x7f, 0x40, 0x00, 0x4f, 0x80, 0x00, 0x00, 0x00, 0x39, 0xdf,
    0xa9, 0xcf, 0x42, 0xbb, 0xcf, 0xdb, 0xb6, 0x00, 0x00, 0x4f, 0xff, 0xff, 0xff, 0x43, 0xff, 0xff,
    0xff, 0xf8, 0x00, 0x00, 0x03, 0xfa, 0x00, 0x00, 0x00, 0x00, 0x4f, 0x80, 0x00, 0x00, 0x00, 0x09,
    0xf5, 0x00, 0x00, 0x00, 0x00, 0x4f, 0x80, 0x00, 0x00, 0x00, 0x2e, 0xff, 0xff, 0xff, 0x80, 0x00,
    0x4f, 0x80, 0x00, 0x00, 0x00, 0xbf, 0xfd, 0xaa, 0xbf, 0x8a, 0xbb, 0xcf, 0xdb, 0xbb, 0x40, 0x05,
    0xfe, 0xf9, 0x00, 0x4f, 0x8d, 0xff, 0xff, 0xff, 0xff, 0x50, 0x00, 0x95, 0xf9, 0x00, 0x4f, 0x80,
    0x00, 0x4f, 0x80, 0x00, 0x00, 0x00, 0x03, 0xf9, 0x00, 0x4f, 0x80, 0x00, 0x4f, 0x80, 0x00, 0x00,
    0x00, 0x03, 0xff, 0xff, 0xff, 0x80, 0x00, 0x4f, 0x80, 0x00, 0x00, 0x00, 0x03, 0xfd, 0xaa, 0xaa,
    0x60, 0x00, 0x4f, 0x80, 0x00, 0x00, 0x00, 0x02, 0xb6, 0x00, 0x00, 0x00, 0x00, 0x3b, 0x60, 0x00,
    0x00, 0x00, 0x00, 0x00, 0x00, 0x00, 0x00, 0x00, 0x00, 0x00, 0x00, 0x00, 0x00, 0x00, 0x00, 0x00,
    0x00, 0x00, 0x00, 0x00, 0x00, 0x00, 0x00, 0x00, 0x00, 0x00, 0x00, 0x35, 0x00, 0x00, 0x00, 0x00,
    0x00, 0x00, 0x00, 0x46, 0x8a, 0xce, 0xff, 0x47, 0x99, 0x95, 0x99, 0x97, 0x00, 0x00, 0xbd, 0x45,
    0xfb, 0x74, 0x1c, 0xff, 0xf8, 0xff, 0xfc, 0x00, 0x00, 0x1f, 0x54, 0xf5, 0x5e, 0x20, 0x04, 0xf4,
    0x00, 0xcc, 0x00, 0x00, 0x0c, 0xa4, 0xf5, 0xbb, 0x00, 0x04, 0xf4, 0x00, 0xcc, 0x00, 0x01, 0x6b,
    0xa8, 0xf9, 0xfa, 0x49, 0x54, 0xf7, 0xc0, 0xcc, 0x00, 0x01, 0xff, 0xff, 0xff, 0xff, 0xa9, 0xb4,
    0xf5, 0xf5, 0xcc, 0x00, 0x00, 0x00, 0x6f, 0xfe, 0x60, 0x04, 0xf6, 0xf4, 0xba, 0xcc, 0x00, 0x00,
    0x05, 0xfd, 0xfc, 0xfa, 0x10, 0xfa, 0xf4, 0x7e, 0xcc, 0x00, 0x00, 0x7f, 0xd5, 0xf5, 0x7f, 0xa0,
    0x66, 0xf4, 0x23, 0xcc, 0x00, 0x03, 0xfd, 0x24, 0xf5, 0x06, 0x30, 0x07, 0xf4, 0x02, 0xec, 0x00,
    0x00, 0xc9, 0x77, 0xa8, 0x77, 0x30, 0x4f, 0xf4, 0x1d, 0xfc, 0x00, 0x00, 0x7f, 0xff, 0xff, 0xff,
    0x73, 0xec, 0xf5, 0xce, 0xec, 0x00, 0x00, 0x7f, 0x02, 0xf3, 0x1f, 0x7e, 0x94, 0xfb, 0xf4, 0xcc,
    0x00, 0x00, 0x7f, 0xff, 0xff, 0xff, 0x75, 0x04, 0xf4, 0x50, 0xcc, 0x00, 0x00, 0x7f, 0x46, 0xf6,
    0x5f, 0x70, 0x04, 0xf4, 0x00, 0xcc, 0x00, 0x00, 0x7f, 0x02, 0xf3, 0x1f, 0x70, 0x04, 0xf4, 0x00,
    0xcc, 0x00, 0x00, 0x7f, 0xff, 0xff, 0xff, 0x70, 0x06, 0xf4, 0x00, 0xcc, 0x00, 0x00, 0x7f, 0x77,
    0x77, 0x7f, 0x72, 0xff, 0xf2, 0xcf, 0xfa, 0x00, 0x00, 0x5a, 0x00, 0x00, 0x06, 0x30, 0x88, 0x40,
    0x5a, 0x81, 0x00, 0x00, 0x00, 0x00, 0x00, 0x00, 0x00, 0x00, 0x00, 0x00, 0x00, 0x00, 0x00, 0x00,
    0x00, 0x00, 0x00, 0x00, 0x00, 0x00, 0x00, 0x00, 0x00, 0x00, 0x00, 0x00, 0x00, 0x3a, 0x60, 0x00,
    0x00, 0x00, 0x00, 0x00, 0x00, 0x00, 0x00, 0x00, 0x4f, 0x90, 0x00, 0x00, 0x0b, 0x50, 0x00, 0x00,
    0x00, 0x00, 0x00, 0x4f, 0x90, 0x00, 0x00, 0x9f, 0xb0, 0x00, 0x00, 0x03, 0xff, 0xff, 0xff, 0xff,
    0xff, 0xfa, 0xfd, 0x10, 0x00, 0x00, 0x02, 0xaa, 0xaa, 0xbf, 0xda, 0xaa, 0xdf, 0xe3, 0x00, 0x00,
    0x00, 0x00, 0x00, 0x00, 0x4f, 0x90, 0x06, 0xfe, 0x40, 0x00, 0x00, 0x00, 0x00, 0x00, 0x00, 0x4f,
    0x90, 0x8f, 0xe3, 0x00, 0x00, 0x00, 0x00, 0xff, 0xff, 0xff, 0xff, 0xff, 0xff, 0xff, 0xff, 0xfe,
    0x00, 0x00, 0xaa, 0xaa, 0xaa, 0xae, 0xff, 0xca, 0xaa, 0xaa, 0xaa, 0x00, 0x00, 0x00, 0x00, 0x05,
    0xcf, 0xd5, 0x00, 0x00, 0x00, 0x00, 0x00, 0x00, 0x00, 0x05, 0xcf, 0xff, 0x99, 0x99, 0x99, 0x95,
    0x00, 0x00, 0x00, 0x28, 0xdf, 0xff, 0xff, 0xff, 0xff, 0xff, 0xf8, 0x00, 0x00, 0x03, 0xff, 0xfb,
    0xef, 0x00, 0x00, 0x00, 0x06, 0xf8, 0x00, 0x00, 0x00, 0xab, 0x30, 0xdf, 0x00, 0x00, 0x00, 0x06,
    0xf8, 0x00, 0x00, 0x00, 0x00, 0x00, 0xdf, 0xff, 0xff, 0xff, 0xff, 0xf8, 0x00, 0x00, 0x00, 0x00,
    0x00, 0xdf, 0x77, 0x77, 0x77, 0x7a, 0xf8, 0x00, 0x00, 0x00, 0x00, 0x00, 0xdf, 0x00, 0x00, 0x00,
    0x06, 0xf8, 0x00, 0x00, 0x00, 0x00, 0x00, 0xdf, 0x99, 0x99, 0x99, 0x9b, 0xf8, 0x00, 0x00, 0x00,
    0x00, 0x00, 0xdf, 0xff, 0xff, 0xff, 0xff, 0xf8, 0x00, 0x00, 0x00, 0x00, 0x00, 0xab, 0x00, 0x00,
    0x00, 0x04, 0xa5, 0x00, 0x00, 0x00, 0x00, 0x00, 0x00, 0x00, 0x00, 0x00, 0x00, 0x00, 0x00, 0x00,
    0x00, 0x00, 0x00, 0x00, 0x00, 0x00, 0x00, 0x00, 0x00, 0x00, 0x00, 0x00, 0x00, 0x00, 0x00, 0x00,
    0x00, 0x08, 0x81, 0x00, 0x00, 0x00, 0x00, 0x3b, 0xbb, 0xbb, 0x10, 0x00, 0x3f, 0xf1, 0x00, 0x00,
    0x00, 0x00, 0x4f, 0xff, 0xff, 0x20, 0x00, 0xcf, 0xfb, 0x00, 0x00, 0x00, 0x00, 0x4f, 0x50, 0x8f,
    0x20, 0x08, 0xf9, 0x9f, 0x90, 0x00, 0x00, 0x00, 0x4f, 0x50, 0x8f, 0x20, 0x5f, 0xc0, 0x0b, 0xf9,
    0x00, 0x00, 0x00, 0x4f, 0x50, 0x8f, 0x24, 0xfe, 0x20, 0x01, 0xcf, 0xb1, 0x00, 0x00, 0x4f, 0xff,
    0xff, 0x8f, 0xf5, 0x00, 0x00, 0x2d, 0xfd, 0x30, 0x00, 0x4f, 0xcb, 0xdf, 0xff, 0xcf, 0xff, 0xff,
    0xf8, 0xbf, 0x50, 0x00, 0x4f, 0x50, 0x8f, 0x94, 0x59, 0x99, 0x99, 0x94, 0x06, 0x00, 0x00, 0x4f,
    0x50, 0x8f, 0x20, 0x00, 0x00, 0x00, 0x00, 0x20, 0x00, 0x00, 0x4f, 0x50, 0x8f, 0x23, 0x70, 0x0b,
    0xb0, 0x05, 0xf6, 0x00, 0x00, 0x5f, 0xff, 0xff, 0x26, 0xf2, 0x09, 0xe0, 0x0a, 0xf1, 0x00, 0x00,
    0x6f, 0xcb, 0xdf, 0x22, 0xf7, 0x06, 0xf2, 0x1f, 0xa0, 0x00, 0x00, 0x6f, 0x20, 0x8f, 0x20, 0xdb,
    0x04, 0xf4, 0x6f, 0x30, 0x00, 0x00, 0x8f, 0x10, 0x8f, 0x20, 0xae, 0x02, 0xf5, 0xcc, 0x00, 0x00,
    0x00, 0xae, 0x00, 0x8f, 0x20, 0x57, 0x00, 0x04, 0xf5, 0x00, 0x00, 0x00, 0xdc, 0x00, 0x8f, 0x20,
    0x00, 0x00, 0x0b, 0xd0, 0x00, 0x00, 0x02, 0xf9, 0x00, 0x9f, 0x9f, 0xff, 0xff, 0xff, 0xff, 0xff,
    0x10, 0x06, 0xf6, 0x3f, 0xff, 0x5a, 0xaa, 0xaa, 0xaa, 0xaa, 0xaa, 0x10, 0x01, 0x81, 0x0b, 0xa5,
    0x00, 0x00, 0x00, 0x00, 0x00, 0x00, 0x00, 0x00, 0x00, 0x00, 0x00, 0x00, 0x00, 0x00, 0x00, 0x00,
    0x00, 0x00, 0x00, 0x00, 0x00, 0x00, 0x00, 0x00, 0x00, 0x00, 0x00, 0x00, 0x00, 0x00, 0x00, 0x00,
    0x00, 0x03, 0xa8, 0x00, 0x00, 0x00, 0x00, 0x00, 0x00, 0x00, 0x00, 0x00, 0x06, 0xfb, 0x00, 0x00,
    0x00, 0x00, 0x00, 0x00, 0x00, 0x00, 0x00, 0x0a, 0xf6, 0x00, 0x00, 0x00, 0x00, 0x00, 0x00, 0x00,
    0xbc, 0xcc, 0xce, 0xfd, 0xcc, 0xcc, 0xcc, 0x20, 0x00, 0x00, 0x00, 0xef, 0xff, 0xff, 0xff, 0xff,
    0xff, 0xff, 0x30, 0x00, 0x00, 0x00, 0xef, 0x00, 0x00, 0x00, 0x00, 0x00, 0xcf, 0x30, 0x00, 0x00,
    0x00, 0xef, 0x00, 0x00, 0x00, 0x00, 0x00, 0xcf, 0x30, 0x00, 0x00, 0x00, 0xef, 0x00, 0x00, 0x00,
    0x00, 0x00, 0xcf, 0x30, 0x00, 0x00, 0x00, 0xef, 0xff, 0xff, 0xff, 0xff, 0xff, 0xff, 0x30, 0x00,
    0x00, 0x00, 0xef, 0xcc, 0xcc, 0xcc, 0xcc, 0xcc, 0xef, 0x30, 0x00, 0x00, 0x00, 0xef, 0x00, 0x00,
    0x00, 0x00, 0x00, 0xcf, 0x30, 0x00, 0x00, 0x00, 0xef, 0x00, 0x00, 0x00, 0x00, 0x00, 0xcf, 0x30,
    0x00, 0x00, 0x00, 0xef, 0xbb, 0xbb, 0xbb, 0xbb, 0xbb, 0xef, 0x30, 0x00, 0x00, 0x00, 0xef, 0xff,
    0xff, 0xff, 0xff, 0xff, 0xff, 0x30, 0x00, 0x00, 0x00, 0xef, 0x00, 0x00, 0x00, 0x00, 0x00, 0xcf,
    0x30, 0x00, 0x00, 0x00, 0xef, 0x00, 0x00, 0x00, 0x00, 0x00, 0xcf, 0x30, 0x00, 0x00, 0x00, 0xef,
    0x00, 0x00, 0x00, 0x00, 0x00, 0xcf, 0x30, 0x00, 0x00, 0x00, 0xef, 0xff, 0xff, 0xff, 0xff, 0xff,
    0xff, 0x30, 0x00, 0x00, 0x00, 0xef, 0xcc, 0xcc, 0xcc, 0xcc, 0xcc, 0xef, 0x30, 0x00, 0x00, 0x00,
    0xbc, 0x00, 0x00, 0x00, 0x00, 0x00, 0x9b, 0x20, 0x00, 0x00, 0x00, 0x00, 0x00, 0x00, 0x00, 0x00,
    0x00, 0x00, 0x00, 0x00, 0x00, 0x00, 0x00, 0x00, 0x00, 0x00, 0x00, 0x00, 0x00, 0x00, 0x00, 0x00,
    0x00, 0x00, 0x2b, 0x80, 0x00, 0x07, 0xb3, 0x00, 0x00, 0x00, 0x00, 0x00, 0x00, 0x3f, 0xb0, 0x00,
    0x09, 0xf5, 0x00, 0x00, 0x00, 0x00, 0xac, 0xcc, 0xdf, 0xec, 0xcc, 0xce, 0xfd, 0xcc, 0xca, 0x00,
    0x00, 0xdf, 0xff, 0xff, 0xff, 0xff, 0xff, 0xff, 0xff, 0xfd, 0x00, 0x00, 0x00, 0x00, 0x3f, 0xb0,
    0x00, 0x09, 0xf5, 0x00, 0x00, 0x00, 0x00, 0x00, 0x00, 0x2b, 0x80, 0x00, 0x07, 0xc4, 0x00, 0x00,
    0x00, 0x00, 0x00, 0x00, 0x5c, 0x60, 0x08, 0xc3, 0x00, 0x00, 0x00, 0x00, 0x00, 0x00, 0x00, 0xdf,
    0x50, 0x0a, 0xf4, 0x00, 0x02, 0x10, 0x00, 0x00, 0x00, 0x08, 0xfb, 0x00, 0x0a, 0xf4, 0x00, 0x6e,
    0xb0, 0x00, 0x00, 0x00, 0x4f, 0xf3, 0x00, 0x0a, 0xf4, 0x2b, 0xff, 0xa1, 0x00, 0x00, 0x03, 0xef,
    0xf2, 0x00, 0x0a, 0xfb, 0xff, 0xd4, 0x00, 0x00, 0x00, 0x4e, 0xff, 0xf2, 0x00, 0x1b, 0xff, 0xe7,
    0x00, 0x00, 0x00, 0x00, 0xbf, 0x9c, 0xf2, 0x18, 0xef, 0xf9, 0x10, 0x00, 0x00, 0x00, 0x00, 0x06,
    0x0c, 0xf2, 0x8f, 0xdd, 0xf4, 0x00, 0x00, 0x00, 0x00, 0x00, 0x00, 0x0c, 0xf2, 0x15, 0x0a, 0xf4,
    0x00, 0x00, 0x67, 0x10, 0x00, 0x00, 0x0c, 0xf2, 0x00, 0x0a, 0xf4, 0x00, 0x00, 0x8f, 0x40, 0x00,
    0x00, 0x0c, 0xf2, 0x00, 0x0a, 0xf5, 0x00, 0x00, 0xbf, 0x20, 0x00, 0x00, 0x0c, 0xf2, 0x00, 0x07,
    0xfe, 0xcc, 0xcd, 0xfd, 0x00, 0x00, 0x00, 0x0c, 0xf2, 0x00, 0x01, 0xbe, 0xff, 0xff, 0xd4, 0x00,
    0x00, 0x00, 0x05, 0x71, 0x00, 0x00, 0x00, 0x00, 0x00, 0x00, 0x00, 0x00, 0x00, 0x00, 0x00, 0x00,
    0x00, 0x00, 0x00, 0x00, 0x00, 0x00, 0x00, 0x00, 0x00, 0x00, 0x00, 0x00, 0x00, 0x00, 0x00, 0x00,
    0x00, 0x00, 0x00, 0x00, 0x6b, 0x30, 0x00, 0x04, 0xb6, 0x00, 0x00, 0x00, 0x00, 0x00, 0x00, 0x9f,
    0x40, 0x00, 0x05, 0xf8, 0x00, 0x00, 0x00, 0x00, 0xcf, 0xff, 0xff, 0xff, 0xff, 0xff, 0xff, 0xff,
    0xfd, 0x00, 0x00, 0x9b, 0xbb, 0xdf, 0xcb, 0xbb, 0xbc, 0xfd, 0xbb, 0xb9, 0x00, 0x00, 0x00, 0x00,
    0x9f, 0x40, 0x00, 0x05, 0xf8, 0x00, 0x00, 0x00, 0x00, 0x00, 0x00, 0x46, 0x10, 0x00, 0x02, 0x63,
    0x00, 0x00, 0x00, 0x00, 0x0c, 0xff, 0xff, 0xff, 0xff, 0xff, 0xff, 0xff, 0xd0, 0x00, 0x00, 0x09,
    0xbb, 0xbb, 0xbb, 0xff, 0xbb, 0xbb, 0xbb, 0x90, 0x00, 0x00, 0x00, 0x8d, 0x20, 0x00, 0xfd, 0x00,
    0x05, 0xd7, 0x00, 0x00, 0x00, 0x00, 0x4f, 0xc0, 0x00, 0xfd, 0x00, 0x0c, 0xf4, 0x00, 0x00, 0x00,
    0x00, 0x0a, 0xf6, 0x00, 0xfd, 0x00, 0x7f, 0x90, 0x00, 0x00, 0x00, 0x00, 0x02, 0xfb, 0x00, 0xfd,
    0x01, 0xdd, 0x10, 0x00, 0x00, 0x00, 0xbb, 0xbb, 0xdb, 0xbb, 0xff, 0xbb, 0xbc, 0xbb, 0xbb, 0x00,
    0x00, 0xff, 0xff, 0xff, 0xff, 0xff, 0xff, 0xff, 0xff, 0xff, 0x00, 0x00, 0x00, 0x00, 0x00, 0x00,
    0xfd, 0x00, 0x00, 0x00, 0x00, 0x00, 0x00, 0x00, 0x00, 0x00, 0x00, 0xfd, 0x00, 0x00, 0x00, 0x00,
    0x00, 0x00, 0x00, 0x00, 0x00, 0x00, 0xfd, 0x00, 0x00, 0x00, 0x00, 0x00, 0x00, 0x00, 0x00, 0x00,
    0x00, 0xfd, 0x00, 0x00, 0x00, 0x00, 0x00, 0x00, 0x00, 0x00, 0x00, 0x00, 0xfd, 0x00, 0x00, 0x00,
    0x00, 0x00, 0x00, 0x00, 0x00, 0x00, 0x00, 0xba, 0x00, 0x00, 0x00, 0x00, 0x00, 0x00, 0x00, 0x00,
    0x00, 0x00, 0x00, 0x00, 0x00, 0x00, 0x00, 0x00, 0x00, 0x00, 0x00, 0x00, 0x00, 0x00, 0x00, 0x00,
    0x00, 0x00, 0x00, 0x00, 0x00, 0x00, 0x49, 0x40, 0x00, 0x05, 0x93, 0x00, 0x00, 0x00, 0x00, 0x00,
    0x00, 0x6f, 0x70, 0x00, 0x07, 0xf5, 0x00, 0x00, 0x00, 0x00, 0xcf, 0xff, 0xff, 0xff, 0xff, 0xff,
    0xff, 0xff, 0xfd, 0x00, 0x00, 0x9a, 0xaa, 0xcf, 0xca, 0xaa, 0xad, 0xfc, 0xaa, 0xa9, 0x00, 0x00,
    0x00, 0x00, 0x6f, 0x70, 0x00, 0x07, 0xf5, 0x00, 0x00, 0x00, 0x00, 0x00, 0x57, 0x89, 0x87, 0x77,
    0x78, 0x98, 0x75, 0x00, 0x00, 0x00, 0x00, 0xbf, 0xff, 0xff, 0xff, 0xff, 0xff, 0xfb, 0x00, 0x00,
    0x00, 0x00, 0xbf, 0x10, 0x00, 0x00, 0x00, 0x03, 0xfb, 0x00, 0x00, 0x00, 0x00, 0xbf, 0x76, 0x66,
    0x66, 0x66, 0x67, 0xfb, 0x00, 0x00, 0x00, 0x00, 0xbf, 0xff, 0xff, 0xff, 0xff, 0xff, 0xfb, 0x00,
    0x00, 0x00, 0x00, 0xbf, 0x10, 0x00, 0x00, 0x00, 0x03, 0xfb, 0x00, 0x00, 0x00, 0x00, 0xbf, 0x87,
    0x77, 0x77, 0x77, 0x78, 0xfb, 0x00, 0x00, 0x00, 0x00, 0xbf, 0xff, 0xff, 0xff, 0xff, 0xff, 0xfb,
    0x00, 0x00, 0x00, 0x00, 0x00, 0x00, 0x01, 0xfd, 0x00, 0x00, 0x00, 0x00, 0x00, 0x00, 0x00, 0x00,
    0x00, 0x01, 0xfd, 0x00, 0x00, 0x00, 0x00, 0x00, 0x00, 0xef, 0xff, 0xff, 0xff, 0xff, 0xff, 0xff,
    0xff, 0xfe, 0x00, 0x00, 0xab, 0xbb, 0xbb, 0xbb, 0xff, 0xbb, 0xbb, 0xbb, 0xbb, 0x00, 0x00, 0x00,
    0x00, 0x00, 0x01, 0xfd, 0x00, 0x00, 0x00, 0x00, 0x00, 0x00, 0x00, 0x00, 0x00, 0x01, 0xfd, 0x00,
    0x00, 0x00, 0x00, 0x00, 0x00, 0x00, 0x00, 0x00, 0x01, 0xca, 0x00, 0x00, 0x00, 0x00, 0x00, 0x00,
    0x00, 0x00, 0x00, 0x00, 0x00, 0x00, 0x00, 0x00, 0x00, 0x00, 0x00, 0x00, 0x00, 0x00, 0x00, 0x00,
    0x00, 0x00, 0x00, 0x00, 0x00, 0x00, 0x00, 0x00, 0x7c, 0x30, 0x00, 0x04, 0xc6, 0x00, 0x00, 0x00,
    0x00, 0x88, 0x88, 0xcf, 0xa8, 0x88, 0x8b, 0xfc, 0x88, 0x88, 0x00, 0x00, 0xef, 0xff, 0xff, 0xff,
    0xff, 0xff, 0xff, 0xff, 0xfe, 0x00, 0x00, 0x00, 0x00, 0x9f, 0x40, 0x33, 0x05, 0xf8, 0x00, 0x00,
    0x00, 0x00, 0x00, 0x00, 0x35, 0x10, 0xfd, 0x02, 0x63, 0x00, 0x00, 0x00, 0x00, 0x00, 0x9f, 0xff,
    0xff, 0xff, 0xff, 0xff, 0xfc, 0x00, 0x00, 0x00, 0x00, 0x47, 0x77, 0x77, 0xfe, 0x77, 0x77, 0x76,
    0x00, 0x00, 0x00, 0x00, 0x00, 0x00, 0x00, 0xfd, 0x00, 0x00, 0x00, 0x00, 0x00, 0x00, 0xef, 0xff,
    0xff, 0xff, 0xff, 0xff, 0xff, 0xff, 0xfe, 0x00, 0x00, 0x78, 0x88, 0x8c, 0xc8, 0x88, 0x8d, 0xd8,
    0x88, 0x87, 0x00, 0x00, 0x00, 0x16, 0xdf, 0xe3, 0x00, 0x1e, 0xfe, 0xa5, 0x00, 0x00, 0x00, 0x2a,
    0xef, 0xe7, 0x3a, 0x70, 0x00, 0x5a, 0xff, 0xe5, 0x00, 0x00, 0x0b, 0xc6, 0x04, 0xdf, 0xa5, 0x55,
    0x55, 0x27, 0xd2, 0x00, 0x00, 0x00, 0x02, 0x9f, 0xff, 0xff, 0xff, 0xff, 0xb0, 0x00, 0x00, 0x00,
    0x05, 0xaf, 0xff, 0x90, 0x00, 0x05, 0xfe, 0x20, 0x00, 0x00, 0x00, 0x0a, 0xf9, 0x39, 0xfa, 0x21,
    0x9f, 0xd3, 0x00, 0x00, 0x00, 0x00, 0x01, 0x10, 0x00, 0x7f, 0xfe, 0xfa, 0x10, 0x00, 0x00, 0x00,
    0x00, 0x13, 0x46, 0x9c, 0xff, 0xff, 0xfe, 0xb8, 0x54, 0x21, 0x00, 0x01, 0xef, 0xff, 0xfd, 0x95,
    0x22, 0x6a, 0xef, 0xff, 0xfc, 0x00, 0x00, 0x67, 0x53, 0x10, 0x00, 0x00, 0x00, 0x02, 0x45, 0x73,
    0x00, 0x00, 0x00, 0x00, 0x00, 0x00, 0x00, 0x00, 0x00, 0x00, 0x00, 0x00, 0x00, 0x00, 0x00, 0x00,
    0x00, 0x00, 0x00, 0x00, 0x00, 0x00, 0x00, 0x00, 0x00, 0x00, 0x6c, 0x50, 0x00, 0x05, 0xc6, 0x00,
    0x00, 0x00, 0x00, 0x89, 0x99, 0xcf, 0xc9, 0x99, 0x9b, 0xfc, 0x99, 0x98, 0x00, 0x00, 0xef, 0xff,
    0xff, 0xff, 0xff, 0xff, 0xff, 0xff, 0xfe, 0x00, 0x00, 0x00, 0x00, 0x7f, 0x70, 0x00, 0x06, 0xf7,
    0x00, 0x00, 0x00, 0x00, 0x00, 0x00, 0x14, 0x20, 0x00, 0x57, 0x62, 0x00, 0x00, 0x00, 0x00, 0x00,
    0x00, 0x0b, 0xd0, 0x00, 0xdf, 0x10, 0x00, 0x00, 0x00, 0x00, 0x07, 0xf4, 0x0c, 0xf0, 0x03, 0xfe,
    0x99, 0x99, 0x92, 0x00, 0x00, 0x07, 0xf4, 0x0c, 0xf0, 0x07, 0xff, 0xff, 0xff, 0xf3, 0x00, 0x00,
    0x07, 0xf4, 0x0c, 0xf0, 0x1e, 0xe1, 0x25, 0x00, 0x00, 0x00, 0x00, 0x07, 0xf4, 0x0c, 0xf0, 0x9f,
    0x80, 0xbf, 0x50, 0x00, 0x00, 0x00, 0x07, 0xf4, 0x0c, 0xf1, 0xbe, 0x10, 0x1e, 0xe1, 0x00, 0x00,
    0x00, 0x06, 0xc3, 0x0c, 0xf0, 0x03, 0x00, 0x06, 0xf7, 0x00, 0x00, 0x00, 0x00, 0x00, 0x04, 0x40,
    0x00, 0x00, 0x00, 0x50, 0x00, 0x00, 0x00, 0x00, 0xef, 0xff, 0xff, 0xff, 0xff, 0xff, 0xff, 0x10,
    0x00, 0x00, 0x00, 0xee, 0x88, 0xde, 0x88, 0xde, 0x88, 0xdf, 0x10, 0x00, 0x00, 0x00, 0xec, 0x00,
    0xcc, 0x00, 0xbc, 0x00, 0xbf, 0x10, 0x00, 0x00, 0x00, 0xec, 0x00, 0xcc, 0x00, 0xbc, 0x00, 0xbf,
    0x10, 0x00, 0x01, 0x99, 0xfe, 0x99, 0xee, 0x99, 0xee, 0x99, 0xef, 0xa9, 0x10, 0x02, 0xff, 0xff,
    0xff, 0xff, 0xff, 0xff, 0xff, 0xff, 0xff, 0x20, 0x00, 0x00, 0x00, 0x00, 0x00, 0x00, 0x00, 0x00,
    0x00, 0x00, 0x00, 0x00, 0x00, 0x00, 0x00, 0x00, 0x00, 0x00, 0x00, 0x00, 0x00, 0x00, 0x00, 0x00,
    0x06, 0xa1, 0x00, 0x00, 0x00, 0x00, 0x00, 0x00, 0x00, 0x00, 0x00, 0x09, 0xf2, 0x00, 0x00, 0x00,
    0x00, 0x00, 0x00, 0x00, 0x00, 0x00, 0x09, 0xf2, 0x00, 0x4c, 0xcc, 0xcc, 0xcc, 0xcb, 0x00, 0x00,
    0x00, 0x09, 0xf2, 0x00, 0x5f, 0xff, 0xff, 0xff, 0xfd, 0x00, 0x00, 0x9f, 0xff, 0xff, 0xff, 0x20,
    0x00, 0xbf, 0x40, 0x00, 0x00, 0x00, 0x9e, 0x9b, 0xf9, 0xbf, 0x20, 0x00, 0xbf, 0x40, 0x00, 0x00,
    0x00, 0x9e, 0x06, 0xf0, 0x6f, 0x20, 0x00, 0xbf, 0x40, 0x00, 0x00, 0x00, 0x9e, 0x06, 0xf0, 0x6f,
    0x20, 0x00, 0xbf, 0x40, 0x00, 0x00, 0x00, 0x9e, 0x06, 0xf0, 0x6f, 0x20, 0x00, 0xbf, 0x40, 0x00,
    0x00, 0x00, 0x9e, 0x06, 0xf0, 0x6f, 0x20, 0x00, 0xbf, 0x40, 0x00, 0x00, 0x00, 0x9e, 0x9b, 0xf9,
    0xbf, 0x20, 0x00, 0xbf, 0x40, 0x00, 0x00, 0x00, 0x9f, 0xff, 0xff, 0xff, 0x20, 0x00, 0xbf, 0x40,
    0x00, 0x00, 0x00, 0x9d, 0x09, 0xf2, 0x00, 0x00, 0x00, 0xbf, 0x40, 0x00, 0x00, 0x00, 0x00, 0x09,
    0xf2, 0x6a, 0x00, 0x00, 0xbf, 0x40, 0x00, 0x00, 0x00, 0x00, 0x09, 0xf2, 0x6f, 0x20, 0x00, 0xbf,
    0x40, 0x00, 0x00, 0x00, 0x00, 0x09, 0xf6, 0x9f, 0x70, 0x00, 0xbf, 0x40, 0x00, 0x00, 0x01, 0x79,
    0xcf, 0xff, 0xff, 0xb0, 0x00, 0xbf, 0x40, 0x00, 0x00, 0x02, 0xff, 0xfd, 0xa7, 0x4a, 0xff, 0xff,
    0xff, 0xff, 0xff, 0x40, 0x00, 0x63, 0x10, 0x00, 0x01, 0x9c, 0xcc, 0xcc, 0xcc, 0xcc, 0x30, 0x00,
    0x00, 0x00, 0x00, 0x00, 0x00, 0x00, 0x00, 0x00, 0x00, 0x00, 0x00, 0x00, 0x00, 0x00, 0x00, 0x00,
    0x00, 0x00, 0x00, 0x00, 0x00, 0x00, 0x00, 0x6a, 0x00, 0x00, 0x38, 0x10, 0x00, 0x00, 0x00, 0x00,
    0x00, 0x00, 0x8e, 0x00, 0x00, 0x6f, 0x30, 0x5f, 0xff, 0xfa, 0x00, 0x00, 0x00, 0x8e, 0x00, 0x00,
    0x6f, 0x30, 0x5f, 0xa9, 0xea, 0x00, 0x00, 0x00, 0x8e, 0x00, 0x00, 0x6f, 0x30, 0x5f, 0x30, 0xda,
    0x00, 0x00, 0x9f, 0xff, 0xff, 0x00, 0x6f, 0x30, 0x5f, 0x30, 0xda, 0x00, 0x00, 0x9d, 0xbd, 0xbf,
    0x7f, 0xff, 0xff, 0x8f, 0x30, 0xda, 0x00, 0x00, 0x9a, 0x6b, 0x4f, 0x59, 0xcf, 0xa9, 0x7f, 0xff,
    0xfa, 0x00, 0x00, 0x9a, 0x6b, 0x4f, 0x00, 0x6f, 0x30, 0x5f, 0x98, 0xea, 0x00, 0x00, 0x9a, 0x6b,
    0x4f, 0x00, 0x6f, 0x30, 0x5f, 0x30, 0xda, 0x00, 0x00, 0x9a, 0x6b, 0x4f, 0x00, 0x6f, 0x30, 0x5f,
    0x30, 0xda, 0x00, 0x00, 0x9d, 0xbd, 0xaf, 0x1f, 0xff, 0xfb, 0x5f, 0x30, 0xda, 0x00, 0x00, 0x9f,
    0xff, 0xff, 0x1f, 0xa7, 0xdb, 0x6f, 0xff, 0xfa, 0x00, 0x00, 0x9a, 0x7c, 0x00, 0x1f, 0x50, 0xbb,
    0x7f, 0x88, 0xea, 0x00, 0x00, 0x11, 0x7c, 0x5a, 0x1f, 0x50, 0xbb, 0x8e, 0x00, 0xda, 0x00, 0x00,
    0x00, 0x7c, 0x5f, 0x2f, 0x50, 0xbb, 0xbc, 0x00, 0xda, 0x00, 0x00, 0x00, 0x7c, 0x2f, 0x5f, 0x97,
    0xdb, 0xe9, 0x00, 0xda, 0x00, 0x02, 0x8b, 0xef, 0xff, 0x7f, 0xff, 0xfe, 0xf6, 0x00, 0xda, 0x00,
    0x02, 0xff, 0xda, 0x7c, 0x9d, 0x40, 0x08, 0xf2, 0x00, 0xea, 0x00, 0x00, 0x41, 0x00, 0x05, 0x40,
    0x00, 0x1e, 0xb0, 0x8f, 0xf8, 0x00, 0x00, 0x00, 0x00, 0x00, 0x00, 0x00, 0x06, 0x30, 0x28, 0x61,
    0x00, 0x00, 0x00, 0x00, 0x00, 0x00, 0x00, 0x00, 0x00, 0x00, 0x00, 0x00, 0x00, 0x00, 0x00, 0x00,
    0x00, 0x00, 0x00, 0x00, 0x00, 0x00, 0x00, 0x00, 0x00, 0x5a, 0x00, 0x01, 0x21, 0x09, 0x60, 0x29,
    0x40, 0x00, 0x00, 0x00, 0x7e, 0x00, 0x05, 0xf5, 0x0f, 0xa0, 0x4f, 0x70, 0x00, 0x00, 0x00, 0x7e,
    0x00, 0x05, 0xf5, 0x0f, 0xa0, 0x4f, 0x70, 0x00, 0x00, 0x00, 0x7e, 0x00, 0x8f, 0xff, 0xff, 0xff,
    0xff, 0xff, 0x30, 0x00, 0xbf, 0xff, 0xff, 0x9b, 0xfb, 0x8f, 0xd8, 0xaf, 0xc8, 0x10, 0x00, 0xbd,
    0xbe, 0x9f, 0x55, 0xf5, 0x0f, 0xa0, 0x4f, 0x70, 0x00, 0x00, 0xb9, 0x4c, 0x0f, 0x55, 0xf5, 0x0f,
    0xc5, 0x8f, 0x70, 0x00, 0x00, 0xb9, 0x4c, 0x0f, 0x55, 0xf5, 0x0f, 0xff, 0xff, 0x70, 0x00, 0x00,
    0xb9, 0x4c, 0x0f, 0x55, 0xf5, 0x00, 0x00, 0x00, 0x00, 0x00, 0x00, 0xb9, 0x4c, 0x0f, 0x55, 0xff,
    0xff, 0xff, 0xff, 0xfb, 0x00, 0x00, 0xbc, 0xae, 0x9f, 0x53, 0x88, 0x8c, 0xf9, 0x88, 0x86, 0x00,
    0x00, 0xbf, 0xff, 0xff, 0x50, 0x00, 0x09, 0xf3, 0x00, 0x00, 0x00, 0x00, 0xb9, 0x6e, 0x00, 0x19,
    0x99, 0x9d, 0xfa, 0x99, 0x99, 0x20, 0x00, 0x11, 0x6e, 0x2b, 0x3f, 0xff, 0xff, 0xff, 0xff, 0xff,
    0x30, 0x00, 0x00, 0x6e, 0x0e, 0x50, 0x01, 0xdf, 0xff, 0x80, 0x00, 0x00, 0x00, 0x00, 0x7f, 0xaf,
    0xa0, 0x1c, 0xfc, 0xfb, 0xf8, 0x00, 0x00, 0x02, 0x9d, 0xff, 0xfd, 0xd2, 0xcf, 0x59, 0xf3, 0xbf,
    0xa2, 0x00, 0x02, 0xfe, 0xa5, 0x13, 0xfe, 0xf8, 0x09, 0xf3, 0x1b, 0xfe, 0x30, 0x00, 0x30, 0x00,
    0x00, 0x6f, 0x60, 0x09, 0xf3, 0x00, 0x9b, 0x00, 0x00, 0x00, 0x00, 0x00, 0x02, 0x00, 0x07, 0xb2,
    0x00, 0x00, 0x00, 0x00, 0x00, 0x00, 0x00, 0x00, 0x00, 0x00, 0x00, 0x00, 0x00, 0x00, 0x00, 0x00,
    0x00, 0x00, 0x00, 0x00, 0x00, 0x00, 0x00, 0x00, 0x00, 0x00, 0x00, 0x3a, 0x20, 0x00, 0x00, 0x00,
    0x00, 0x00, 0x00, 0x00, 0x00, 0x00, 0x5f, 0x30, 0x08, 0xff, 0xff, 0xff, 0xff, 0xf4, 0x00, 0x00,
    0x00, 0x5f, 0x30, 0x08, 0xf7, 0x6a, 0xf7, 0x6a, 0xf4, 0x00, 0x00, 0x00, 0x5f, 0x30, 0x08, 0xf2,
    0x07, 0xf3, 0x07, 0xf4, 0x00, 0x00, 0xaf, 0xff, 0xff, 0x98, 0xff, 0xff, 0xff, 0xff, 0xf4, 0x00,
    0x00, 0xad, 0x9f, 0x9e, 0x98, 0xf6, 0x49, 0xf6, 0x49, 0xf4, 0x00, 0x00, 0xab, 0x2f, 0x0d, 0x98,
    0xf7, 0x6a, 0xf7, 0x6a, 0xf4, 0x00, 0x00, 0xab, 0x2f, 0x0d, 0x98, 0xff, 0xff, 0xff, 0xff, 0xf4,
    0x00, 0x00, 0xab, 0x2f, 0x0d, 0x90, 0x04, 0xfd, 0x11, 0x70, 0x00, 0x00, 0x00, 0xab, 0x2f, 0x0d,
    0x90, 0x5e, 0xd1, 0x1b, 0xf8, 0x00, 0x00, 0x00, 0xad, 0x9f, 0x9e, 0x93, 0xff, 0xff, 0xff, 0x80,
    0x00, 0x00, 0x00, 0xaf, 0xff, 0xff, 0x90, 0x97, 0xcf, 0xe5, 0x3d, 0x30, 0x00, 0x00, 0x9a, 0x5f,
    0x30, 0x00, 0x2a, 0xfa, 0x10, 0x2e, 0xd1, 0x00, 0x00, 0x00, 0x5f, 0x6e, 0x29, 0xff, 0xfe, 0xff,
    0xff, 0xf9, 0x00, 0x00, 0x00, 0x5f, 0x4e, 0x79, 0xdb, 0xaa, 0xfa, 0x54, 0x9e, 0x10, 0x00, 0x00,
    0x5f, 0x9d, 0xc0, 0x38, 0x24, 0xf7, 0x4a, 0x11, 0x00, 0x02, 0xac, 0xff, 0xff, 0xf2, 0xde, 0x24,
    0xf7, 0x5f, 0x90, 0x00, 0x02, 0xff, 0xc9, 0x54, 0xed, 0xf6, 0x04, 0xf7, 0x08, 0xf5, 0x00, 0x00,
    0x41, 0x00, 0x00, 0x3e, 0x93, 0xff, 0xf5, 0x01, 0xd9, 0x00, 0x00, 0x00, 0x00, 0x00, 0x02, 0x00,
    0x88, 0x50, 0x00, 0x10, 0x00, 0x00, 0x00, 0x00, 0x00, 0x00, 0x00, 0x00, 0x00, 0x00, 0x00, 0x00,
    0x00, 0x00, 0x00, 0x00, 0x00, 0x00, 0x00, 0x00, 0x00, 0x00, 0x00, 0x00, 0x00, 0x00, 0x0a, 0xa3,
    0x00, 0x00, 0x00, 0x00, 0x00, 0x00, 0x00, 0x00, 0x00, 0x4f, 0xfa, 0x99, 0x99, 0x93, 0x00, 0x00,
    0x00, 0x00, 0x00, 0x01, 0xdf, 0xff, 0xff, 0xff, 0xfd, 0x00, 0x00, 0x00, 0x00, 0x00, 0x0a, 0xfa,
    0x00, 0x00, 0x1e, 0xf4, 0x00, 0x00, 0x00, 0x00, 0x00, 0x8f, 0xe2, 0x00, 0x00, 0x9f, 0x90, 0x00,
    0x00, 0x00, 0x00, 0x08, 0xff, 0xda, 0xaa, 0xab, 0xff, 0xba, 0xaa, 0x70, 0x00, 0x00, 0x9f, 0xff,
    0xff, 0xff, 0xff, 0xff, 0xff, 0xff, 0xa0, 0x00, 0x00, 0x3e, 0x9f, 0xa0, 0x00, 0x6f, 0x70, 0x00,
    0x4f, 0xa0, 0x00, 0x00, 0x01, 0x5f, 0xa0, 0x00, 0x6f, 0x70, 0x00, 0x4f, 0xa0, 0x00, 0x00, 0x00,
    0x5f, 0xd9, 0x99, 0xcf, 0xc9, 0x99, 0xbf, 0xa0, 0x00, 0x00, 0x00, 0x5f, 0xff, 0xff, 0xff, 0xff,
    0xff, 0xff, 0xa0, 0x00, 0x00, 0x00, 0x5f, 0x90, 0x00, 0x6f, 0x70, 0x00, 0x4f, 0xa0, 0x00, 0x00,
    0x00, 0x6f, 0x80, 0x00, 0x6f, 0x70, 0x00, 0x4f, 0xa0, 0x00, 0x00, 0x00, 0x8f, 0xda, 0xaa, 0xcf,
    0xda, 0xaa, 0xbf, 0xa0, 0x00, 0x00, 0x00, 0xaf, 0xff, 0xff, 0xff, 0xff, 0xff, 0xff, 0xa0, 0x00,
    0x00, 0x01, 0xef, 0x10, 0x00, 0x6f, 0x70, 0x00, 0x4f, 0xa0, 0x00, 0x00, 0x05, 0xfb, 0x00, 0x00,
    0x6f, 0x70, 0x00, 0x4f, 0xa0, 0x00, 0x00, 0x1d, 0xf6, 0x00, 0x00, 0x6f, 0x70, 0x00, 0x5f, 0xa0,
    0x00, 0x00, 0x8f, 0xc0, 0x00, 0x00, 0x6f, 0x73, 0xff, 0xff, 0x70, 0x00, 0x00, 0x1a, 0x20, 0x00,
    0x00, 0x37, 0x30, 0xbc, 0xb8, 0x10, 0x00, 0x00, 0x00, 0x00, 0x00, 0x00, 0x00, 0x00, 0x00, 0x00,
    0x00, 0x00, 0x00, 0x00, 0x00, 0x00, 0x00, 0x00, 0x00, 0x00, 0x00, 0x00, 0x00, 0x00, 0x00, 0x00,
    0x00, 0x00, 0x00, 0x00, 0x00, 0x00, 0x00, 0x00, 0x00, 0x00, 0x69, 0x20, 0x00, 0x00, 0x00, 0x8b,
    0x20, 0x00, 0x00, 0x00, 0x00, 0xdf, 0x10, 0x00, 0x00, 0x00, 0xbf, 0x30, 0x00, 0x00, 0x00, 0x03,
    0xff, 0xff, 0xe4, 0x00, 0x00, 0xbf, 0x30, 0x00, 0x00, 0x00, 0x08, 0xf9, 0x8c, 0xf3, 0x00, 0x00,
    0xbf, 0x30, 0x00, 0x00, 0x00, 0x1e, 0xe0, 0x0d, 0xc0, 0x0d, 0xff, 0xff, 0xff, 0xf6, 0x00, 0x00,
    0x8f, 0xc7, 0x8f, 0xb7, 0x2d, 0xd9, 0xcf, 0x9a, 0xf6, 0x00, 0x03, 0xff, 0xff, 0xff, 0xff, 0x5d,
    0xa0, 0x8f, 0x03, 0xf6, 0x00, 0x00, 0x9f, 0x80, 0xf5, 0x3f, 0x5d, 0xa0, 0x8f, 0x03, 0xf6, 0x00,
    0x00, 0x0f, 0x80, 0xf5, 0x3f, 0x5d, 0xa0, 0x8f, 0x03, 0xf6, 0x00, 0x00, 0x0f, 0xb6, 0xf9, 0x7f,
    0x5d, 0xa0, 0x8f, 0x03, 0xf6, 0x00, 0x00, 0x0f, 0xff, 0xff, 0xff, 0x5d, 0xd9, 0xcf, 0x9a, 0xf6,
    0x00, 0x00, 0x0f, 0x80, 0xf5, 0x3f, 0x5d, 0xff, 0xff, 0xff, 0xf6, 0x00, 0x00, 0x0f, 0x80, 0xf5,
    0x3f, 0x50, 0x00, 0xbf, 0x30, 0x00, 0x00, 0x00, 0x1f, 0xff, 0xff, 0xff, 0x50, 0x00, 0xbf, 0x39,
    0x80, 0x00, 0x00, 0x2f, 0xa7, 0xfa, 0x8f, 0x50, 0x00, 0xbf, 0x3b, 0xe1, 0x00, 0x00, 0x5f, 0x30,
    0xf5, 0x3f, 0x50, 0x00, 0xbf, 0x36, 0xf6, 0x00, 0x00, 0x8f, 0x10, 0xf5, 0x3f, 0x75, 0x79, 0xef,
    0xef, 0xfb, 0x00, 0x00, 0xcd, 0x00, 0xf5, 0x4f, 0xaf, 0xff, 0xff, 0xec, 0xdf, 0x10, 0x02, 0xf7,
    0x00, 0xf9, 0xff, 0x6a, 0x86, 0x42, 0x00, 0x6f, 0x40, 0x00, 0x52, 0x00, 0x00, 0x74, 0x00, 0x00,
    0x00, 0x00, 0x24, 0x00, 0x00, 0x00, 0x00, 0x00, 0x00, 0x00, 0x00, 0x00, 0x00, 0x00, 0x00, 0x00,
    0x00, 0x00, 0x00, 0x00, 0x00, 0x00, 0x00, 0x00, 0x00, 0x00, 0x00, 0x00, 0x00, 0x00, 0x05, 0xa3,
    0x00, 0x00, 0x00, 0x00, 0x00, 0x00, 0x00, 0x00, 0x00, 0x07, 0xfc, 0x00, 0x00, 0x00, 0x00, 0x00,
    0x00, 0x00, 0x00, 0x00, 0x00, 0xdf, 0x60, 0x00, 0x00, 0x00, 0x00, 0x00, 0x99, 0x99, 0x99, 0x99,
    0xcf, 0xe9, 0x99, 0x99, 0x99, 0x10, 0x00, 0xff, 0xff, 0xff, 0xff, 0xff, 0xff, 0xff, 0xff, 0xff,
    0x10, 0x00, 0x00, 0x00, 0x00, 0x00, 0x00, 0x00, 0x00, 0x00, 0x00, 0x00, 0x00, 0x00, 0x18, 0x88,
    0x88, 0x88, 0x88, 0x88, 0x82, 0x00, 0x00, 0x00, 0x00, 0x2f, 0xff, 0xff, 0xff, 0xff, 0xff, 0xf3,
    0x00, 0x00, 0x00, 0x00, 0x00, 0x00, 0x00, 0x00, 0x00, 0x00, 0x00, 0x00, 0x00, 0x00, 0x00, 0x18,
    0x88, 0x88, 0x88, 0x88, 0x88, 0x82, 0x00, 0x00, 0x00, 0x00, 0x2f, 0xff, 0xff, 0xff, 0xff, 0xff,
    0xf3, 0x00, 0x00, 0x00, 0x00, 0x00, 0x00, 0x00, 0x00, 0x00, 0x00, 0x00, 0x00, 0x00, 0x00, 0x00,
    0x00, 0x00, 0x00, 0x00, 0x00, 0x00, 0x00, 0x00, 0x00, 0x00, 0x00, 0x5f, 0xff, 0xff, 0xff, 0xff,
    0xff, 0xf7, 0x00, 0x00, 0x00, 0x00, 0x5f, 0xc9, 0x99, 0x99, 0x99, 0x9c, 0xf7, 0x00, 0x00, 0x00,
    0x00, 0x5f, 0x80, 0x00, 0x00, 0x00, 0x07, 0xf7, 0x00, 0x00, 0x00, 0x00, 0x5f, 0x80, 0x00, 0x00,
    0x00, 0x07, 0xf7, 0x00, 0x00, 0x00, 0x00, 0x5f, 0xc9, 0x99, 0x99, 0x99, 0x9c, 0xf7, 0x00, 0x00,
    0x00, 0x00, 0x5f, 0xff, 0xff, 0xff, 0xff, 0xff, 0xf7, 0x00, 0x00, 0x00, 0x00, 0x4c, 0x60, 0x00,
    0x00, 0x00, 0x05, 0xb5, 0x00, 0x00, 0x00, 0x00, 0x00, 0x00, 0x00, 0x00, 0x00, 0x00, 0x00, 0x00,
    0x00, 0x00, 0x00, 0x00, 0x00, 0x00, 0x00, 0x00, 0x00, 0x00, 0x00, 0x00, 0x00, 0x00, 0x20, 0x00,
    0x00, 0x00, 0x06, 0xa3, 0x00, 0x00, 0x00, 0x00, 0x02, 0xeb, 0x10, 0x00, 0x00, 0x0a, 0xf5, 0x00,
    0x00, 0x00, 0x00, 0x01, 0xcf, 0xc1, 0x00, 0x00, 0x0a, 0xf5, 0x00, 0x00, 0x00, 0x00, 0x00, 0x1c,
    0xfb, 0x00, 0x00, 0x0a, 0xf5, 0x00, 0x00, 0x00, 0x00, 0x00, 0x01, 0xd7, 0x00, 0x00, 0x0a, 0xf5,
    0x00, 0x00, 0x00, 0x00, 0x00, 0x00, 0x10, 0x00, 0x00, 0x0a, 0xf5, 0x00, 0x00, 0x00, 0x00, 0x00,
    0x00, 0x00, 0x00, 0x00, 0x0a, 0xf5, 0x00, 0x00, 0x00, 0x02, 0xff, 0xff, 0xc0, 0x9e, 0xee, 0xef,
    0xff, 0xee, 0xee, 0x40, 0x02, 0xdd, 0xef, 0xc0, 0x9f, 0xff, 0xff, 0xff, 0xff, 0xff, 0x40, 0x00,
    0x00, 0x1f, 0xc0, 0x00, 0x00, 0x0a, 0xf5, 0x00, 0x00, 0x00, 0x00, 0x00, 0x1f, 0xc0, 0x00, 0x00,
    0x0a, 0xf5, 0x00, 0x00, 0x00, 0x00, 0x00, 0x1f, 0xc0, 0x00, 0x00, 0x0a, 0xf5, 0x00, 0x00, 0x00,
    0x00, 0x00, 0x1f, 0xc0, 0x00, 0x00, 0x0a, 0xf5, 0x00, 0x00, 0x00, 0x00, 0x00, 0x1f, 0xc0, 0x00,
    0x00, 0x0a, 0xf5, 0x00, 0x00, 0x00, 0x00, 0x00, 0x1f, 0xc1, 0xb4, 0x00, 0x0a, 0xf5, 0x00, 0x00,
    0x00, 0x00, 0x00, 0x1f, 0xee, 0xf8, 0x00, 0x0a, 0xf5, 0x00, 0x00, 0x00, 0x00, 0x00, 0x5f, 0xff,
    0x80, 0x00, 0x0a, 0xf5, 0x00, 0x00, 0x00, 0x00, 0x00, 0xdf, 0xe4, 0x00, 0x00, 0x0a, 0xf5, 0x00,
    0x00, 0x00, 0x00, 0x00, 0xac, 0x20, 0x00, 0x00, 0x0a, 0xf5, 0x00, 0x00, 0x00, 0x00, 0x00, 0x21,
    0x00, 0x00, 0x00, 0x07, 0xb4, 0x00, 0x00, 0x00, 0x00, 0x00, 0x00, 0x00, 0x00, 0x00, 0x00, 0x00,
    0x00, 0x00, 0x00, 0x00, 0x00, 0x00, 0x00, 0x00, 0x00, 0x00, 0x00, 0x00, 0x00, 0x00, 0x00, 0x00,
    0x20, 0x00, 0x00, 0x00, 0x00, 0x00, 0x00, 0x00, 0x00, 0x00, 0x06, 0xf7, 0x00, 0x00, 0x5f, 0xff,
    0xff, 0xf5, 0x00, 0x00, 0x00, 0x02, 0xdf, 0x80, 0x00, 0x5f, 0xdb, 0xbd, 0xf5, 0x00, 0x00, 0x00,
    0x00, 0x1d, 0xf5, 0x00, 0x6f, 0x50, 0x07, 0xf5, 0x00, 0x00, 0x00, 0x00, 0x01, 0x80, 0x00, 0x9f,
    0x30, 0x07, 0xf5, 0x00, 0x00, 0x00, 0x00, 0x00, 0x00, 0x04, 0xfd, 0x00, 0x06, 0xf5, 0x00, 0x00,
    0x02, 0xcc, 0xcc, 0x30, 0x7e, 0xf5, 0x00, 0x05, 0xfc, 0x9a, 0x00, 0x03, 0xff, 0xff, 0x41, 0xcf,
    0x70, 0x00, 0x01, 0xcf, 0xfe, 0x10, 0x00, 0x00, 0x9f, 0x40, 0x33, 0x00, 0x00, 0x00, 0x00, 0x00,
    0x00, 0x00, 0x00, 0x9f, 0x40, 0x4b, 0xbb, 0xbb, 0xbb, 0xbc, 0x90, 0x00, 0x00, 0x00, 0x9f, 0x40,
    0x5f, 0xff, 0xff, 0xff, 0xff, 0xc0, 0x00, 0x00, 0x00, 0x9f, 0x40, 0x07, 0xf6, 0x00, 0x00, 0x8f,
    0x50, 0x00, 0x00, 0x00, 0x9f, 0x40, 0x01, 0xee, 0x10, 0x02, 0xfe, 0x00, 0x00, 0x00, 0x00, 0x9f,
    0x41, 0x20, 0x7f, 0xb0, 0x1c, 0xf6, 0x00, 0x00, 0x00, 0x00, 0x9f, 0x5c, 0x90, 0x0b, 0xfa, 0xbf,
    0x90, 0x00, 0x00, 0x00, 0x00, 0x9f, 0xff, 0x90, 0x01, 0xdf, 0xfc, 0x00, 0x00, 0x00, 0x00, 0x00,
    0xdf, 0xf8, 0x00, 0x19, 0xff, 0xfe, 0x81, 0x00, 0x00, 0x00, 0x06, 0xff, 0x51, 0x5a, 0xef, 0xe7,
    0x9f, 0xfe, 0x95, 0x10, 0x00, 0x01, 0xe4, 0x02, 0xff, 0xe9, 0x10, 0x04, 0xcf, 0xfe, 0x10, 0x00,
    0x00, 0x10, 0x00, 0x75, 0x10, 0x00, 0x00, 0x02, 0x85, 0x00, 0x00, 0x00, 0x00, 0x00, 0x00, 0x00,
    0x00, 0x00, 0x00, 0x00, 0x00, 0x00, 0x00, 0x00, 0x00, 0x00, 0x00, 0x00, 0x00, 0x00, 0x00, 0x00,
    0x00, 0x00, 0x00, 0x00, 0x00, 0x00, 0x00, 0x00, 0x00, 0x00, 0x00, 0x00, 0x1b, 0xb1, 0x00, 0xef,
    0xff, 0xff, 0xff, 0xff, 0xf9, 0x00, 0x00, 0x0a, 0xfc, 0x10, 0xaa, 0xab, 0xfe, 0xaa, 0xaa, 0xa6,
    0x00, 0x00, 0x00, 0xbf, 0xb0, 0x00, 0x03, 0xfb, 0x00, 0x00, 0x00, 0x00, 0x00, 0x00, 0x1d, 0xb0,
    0x00, 0x05, 0xf8, 0x00, 0x01, 0x00, 0x00, 0x00, 0x00, 0x02, 0x10, 0x4f, 0xff, 0xff, 0xff, 0xff,
    0x40, 0x00, 0x00, 0x00, 0x00, 0x00, 0x2a, 0xae, 0xfa, 0xaa, 0xdf, 0x30, 0x00, 0x03, 0xff, 0xff,
    0x30, 0x00, 0x0e, 0xe0, 0x00, 0xaf, 0x10, 0x00, 0x02, 0xcc, 0xef, 0x30, 0x00, 0x3f, 0xa0, 0x00,
    0xbf, 0x00, 0x00, 0x00, 0x00, 0x9f, 0x3a, 0xff, 0xff, 0xff, 0xff, 0xff, 0xff, 0x40, 0x00, 0x00,
    0x9f, 0x37, 0xbb, 0xbb, 0xbb, 0xbb, 0xbb, 0xbb, 0x30, 0x00, 0x00, 0x9f, 0x30, 0x00, 0x00, 0x00,
    0x00, 0x00, 0x00, 0x00, 0x00, 0x00, 0x9f, 0x30, 0x1a, 0xaa, 0xaa, 0xaa, 0xaa, 0x90, 0x00, 0x00,
    0x00, 0x9f, 0x30, 0x1f, 0xff, 0xff, 0xff, 0xff, 0xe0, 0x00, 0x00, 0x00, 0x9f, 0x32, 0x5f, 0xb0,
    0x00, 0x00, 0x0e, 0xe0, 0x00, 0x00, 0x00, 0x9f, 0x9e, 0xcf, 0xb0, 0x00, 0x00, 0x0e, 0xe0, 0x00,
    0x00, 0x00, 0xbf, 0xfd, 0x5f, 0xb0, 0x00, 0x00, 0x0e, 0xe0, 0x00, 0x00, 0x03, 0xff, 0xa1, 0x1f,
    0xe9, 0x99, 0x99, 0x9f, 0xe0, 0x00, 0x00, 0x00, 0xd7, 0x00, 0x1f, 0xff, 0xff, 0xff, 0xff, 0xe0,
    0x00, 0x00, 0x00, 0x10, 0x00, 0x1b, 0x80, 0x00, 0x00, 0x0a, 0xa0, 0x00, 0x00, 0x00, 0x00, 0x00,
    0x00, 0x00, 0x00, 0x00, 0x00, 0x00, 0x00, 0x00, 0x00, 0x00, 0x00, 0x00, 0x00, 0x00, 0x00, 0x00,
    0x00, 0x00, 0x00, 0x00, 0x10, 0x00, 0x00, 0x00, 0x09, 0xa0, 0x00, 0x00, 0x00, 0x00, 0x09, 0xc1,
    0x00, 0x00, 0x00, 0x0d, 0xf0, 0x00, 0x00, 0x00, 0x00, 0x0a, 0xfc, 0x10, 0x6f, 0xff, 0xff, 0xff,
    0xff, 0xfa, 0x00, 0x00, 0x00, 0xaf, 0xc0, 0x26, 0x66, 0x6e, 0xf6, 0x66, 0x64, 0x00, 0x00, 0x00,
    0x0c, 0xb0, 0x04, 0x55, 0x5e, 0xf5, 0x55, 0x50, 0x00, 0x00, 0x00, 0x02, 0x10, 0x0d, 0xff, 0xff,
    0xff, 0xff, 0xf0, 0x00, 0x00, 0x00, 0x00, 0x00, 0x00, 0x00, 0x0d, 0xf0, 0x00, 0x00, 0x00, 0x04,
    0xff, 0xff, 0x50, 0xff, 0xff, 0xff, 0xff, 0xff, 0xff, 0x40, 0x03, 0xcc, 0xef, 0x50, 0x66, 0x66,
    0x66, 0x66, 0x66, 0x66, 0x10, 0x00, 0x00, 0x7f, 0x50, 0x04, 0x66, 0x66, 0x66, 0x66, 0x50, 0x00,
    0x00, 0x00, 0x7f, 0x50, 0x09, 0xff, 0xff, 0xff, 0xff, 0xb0, 0x00, 0x00, 0x00, 0x7f, 0x50, 0x09,
    0xf2, 0x00, 0x00, 0x1f, 0xb0, 0x00, 0x00, 0x00, 0x7f, 0x50, 0x09, 0xf5, 0x44, 0x44, 0x4f, 0xb0,
    0x00, 0x00, 0x00, 0x7f, 0x50, 0x09, 0xff, 0xff, 0xff, 0xff, 0xb0, 0x00, 0x00, 0x00, 0x7f, 0x56,
    0x59, 0xf2, 0x00, 0x00, 0x1f, 0xb0, 0x00, 0x00, 0x00, 0x7f, 0xef, 0x99, 0xff, 0xff, 0xff, 0xff,
    0xb0, 0x00, 0x00, 0x00, 0xbf, 0xf9, 0x09, 0xf6, 0x55, 0x55, 0x5f, 0xb0, 0x00, 0x00, 0x04, 0xff,
    0x70, 0x09, 0xf2, 0x00, 0x00, 0x1f, 0xb0, 0x00, 0x00, 0x01, 0xd5, 0x00, 0x09, 0xf2, 0x00, 0x6e,
    0xff, 0x90, 0x00, 0x00, 0x00, 0x10, 0x00, 0x06, 0xa2, 0x00, 0x19, 0x97, 0x10, 0x00, 0x00, 0x00,
    0x00, 0x00, 0x00, 0x00, 0x00, 0x00, 0x00, 0x00, 0x00, 0x00, 0x00, 0x00, 0x00, 0x00, 0x00, 0x00,
    0x00, 0x00, 0x00, 0x00, 0x00, 0x00, 0x00, 0x00, 0x00, 0x00, 0x05, 0x40, 0x00, 0x00, 0x00, 0x00,
    0x3a, 0xaa, 0xaa, 0xaa, 0x10, 0x0e, 0xd0, 0x00, 0x00, 0x00, 0x00, 0x5f, 0xff, 0xff, 0xff, 0x10,
    0x3f, 0x90, 0x00, 0x00, 0x00, 0x00, 0x5f, 0x30, 0x00, 0x7f, 0x10, 0x7f, 0x60, 0x00, 0x00, 0x00,
    0x00, 0x5f, 0x35, 0xa2, 0x7f, 0x10, 0xbf, 0xff, 0xff, 0xff, 0x00, 0x00, 0x5f, 0x37, 0xf3, 0x7f,
    0x11, 0xfd, 0xbb, 0xbf, 0xeb, 0x00, 0x00, 0x5f, 0x37, 0xf3, 0x7f, 0x18, 0xf5, 0x00, 0x1f, 0x90,
    0x00, 0x00, 0x5f, 0x37, 0xf3, 0x7f, 0x2e, 0xf2, 0x00, 0x3f, 0x70, 0x00, 0x00, 0x5f, 0x37, 0xf3,
    0x7f, 0xaf, 0xf6, 0x00, 0x6f, 0x40, 0x00, 0x00, 0x5f, 0x37, 0xf3, 0x7f, 0x6e, 0xeb, 0x00, 0x8f,
    0x10, 0x00, 0x00, 0x5f, 0x37, 0xf2, 0x7f, 0x13, 0x9f, 0x10, 0xdd, 0x00, 0x00, 0x00, 0x5f, 0x38,
    0xf1, 0x7f, 0x10, 0x3f, 0x83, 0xf8, 0x00, 0x00, 0x00, 0x5f, 0x3a, 0xf0, 0x7f, 0x10, 0x0c, 0xe9,
    0xf4, 0x00, 0x00, 0x00, 0x5f, 0x3d, 0xc0, 0x7f, 0x10, 0x05, 0xff, 0xd0, 0x00, 0x00, 0x00, 0x01,
    0x2f, 0x92, 0x20, 0x00, 0x00, 0xcf, 0x70, 0x00, 0x00, 0x00, 0x00, 0x9f, 0x4e, 0xb0, 0x00, 0x04,
    0xff, 0xe2, 0x00, 0x00, 0x00, 0x03, 0xfb, 0x08, 0xf6, 0x00, 0x2e, 0xf9, 0xfd, 0x20, 0x00, 0x00,
    0x3e, 0xf3, 0x00, 0xde, 0x25, 0xef, 0x50, 0x8f, 0xe5, 0x00, 0x01, 0xef, 0x50, 0x00, 0x4e, 0x6f,
    0xe6, 0x00, 0x07, 0xfe, 0x20, 0x00, 0x54, 0x00, 0x00, 0x01, 0x05, 0x30, 0x00, 0x00, 0x35, 0x00,
    0x00, 0x00, 0x00, 0x00, 0x00, 0x00, 0x00, 0x00, 0x00, 0x00, 0x00, 0x00, 0x00, 0x00, 0x00, 0x00,
    0x00, 0x00, 0x00, 0x00, 0x00, 0x00, 0x00, 0x00, 0x00, 0x00, 0x01, 0xac, 0x00, 0x00, 0x00, 0x00,
    0x00, 0x00, 0x47, 0x77, 0x77, 0x77, 0xef, 0x97, 0x77, 0x77, 0x75, 0x00, 0x00, 0xaf, 0xff, 0xff,
    0xff, 0xff, 0xff, 0xff, 0xff, 0xfb, 0x00, 0x00, 0xaf, 0x10, 0x01, 0x10, 0x00, 0x01, 0x10, 0x02,
    0xfb, 0x00, 0x00, 0xaf, 0x21, 0x1d, 0xe1, 0x11, 0x1e, 0xd1, 0x13, 0xfb, 0x00, 0x00, 0x00, 0xbf,
    0xff, 0xff, 0xff, 0xff, 0xff, 0xfb, 0x00, 0x00, 0x00, 0x00, 0x00, 0x0d, 0xe0, 0x00, 0x0e, 0xd0,
    0x00, 0x00, 0x00, 0x00, 0x00, 0x7f, 0xff, 0xff, 0xff, 0xff, 0xff, 0xf8, 0x00, 0x00, 0x00, 0x00,
    0x00, 0x0c, 0xe0, 0x00, 0x0e, 0xd0, 0x00, 0x00, 0x00, 0x00, 0xcf, 0xff, 0xff, 0xff, 0xff, 0xff,
    0xff, 0xff, 0xfd, 0x00, 0x00, 0x56, 0x68, 0xff, 0x76, 0x66, 0x66, 0xdf, 0xa6, 0x65, 0x00, 0x00,
    0x01, 0x7f, 0xf9, 0x66, 0x66, 0x66, 0x7f, 0xfc, 0x51, 0x00, 0x02, 0x9e, 0xfe, 0xff, 0xff, 0xff,
    0xff, 0xff, 0xfe, 0xfe, 0x20, 0x00, 0xcb, 0x3b, 0xf0, 0x00, 0x45, 0x00, 0x0d, 0xe1, 0x77, 0x00,
    0x00, 0x10, 0x0b, 0xf0, 0x01, 0xfc, 0x00, 0x0d, 0xe0, 0x00, 0x00, 0x00, 0x00, 0x0b, 0xf0, 0x07,
    0xf7, 0x20, 0x0d, 0xe0, 0x00, 0x00, 0x00, 0x00, 0x06, 0x90, 0x7f, 0xc5, 0xfd, 0x9a, 0x60, 0x00,
    0x00, 0x00, 0x00, 0x24, 0x8d, 0xfd, 0x11, 0x5a, 0xef, 0xea, 0x40, 0x00, 0x00, 0x9f, 0xff, 0xfc,
    0x60, 0x00, 0x00, 0x15, 0xbf, 0xfa, 0x00, 0x00, 0x39, 0x74, 0x10, 0x00, 0x00, 0x00, 0x00, 0x02,
    0x82, 0x00, 0x00, 0x00, 0x00, 0x00, 0x00, 0x00, 0x00, 0x00, 0x00, 0x00, 0x00, 0x00, 0x00, 0x00,
    0x00, 0x00, 0x00, 0x00, 0x00, 0x00, 0x00, 0x00, 0x00, 0x00, 0x06, 0xc3, 0x00, 0x00, 0x00, 0x00,
    0x00, 0x00, 0x00, 0x00, 0x00, 0x08, 0xf3, 0x00, 0x2f, 0xff, 0xff, 0xff, 0xfa, 0x00, 0x00, 0x6a,
    0xad, 0xfb, 0xaa, 0x49, 0x9d, 0xfa, 0x9a, 0xf9, 0x00, 0x00, 0x9f, 0xff, 0xff, 0xff, 0x40, 0x0e,
    0xf0, 0x04, 0xf8, 0x00, 0x00, 0x00, 0x08, 0xf3, 0x00, 0x00, 0x4f, 0xc0, 0x05, 0xf7, 0x00, 0x00,
    0x00, 0x08, 0xf3, 0x00, 0x00, 0xaf, 0x60, 0x06, 0xf6, 0x00, 0x00, 0x00, 0x08, 0xf3, 0x00, 0x07,
    0xfe, 0x18, 0x8b, 0xf3, 0x00, 0x00, 0xff, 0xff, 0xff, 0xff, 0xef, 0xf5, 0x0b, 0xff, 0xa0, 0x00,
    0x00, 0xaa, 0xab, 0xfd, 0xaa, 0x9d, 0x50, 0x00, 0x10, 0x00, 0x00, 0x00, 0x00, 0x03, 0xf7, 0x00,
    0x05, 0x88, 0x88, 0x88, 0x82, 0x00, 0x00, 0x4e, 0x63, 0xf7, 0x00, 0x08, 0xff, 0xff, 0xff, 0xf3,
    0x00, 0x00, 0x5f, 0x63, 0xff, 0xff, 0x68, 0xf3, 0x00, 0x0a, 0xf3, 0x00, 0x00, 0x6f, 0x53, 0xfc,
    0xaa, 0x48, 0xf3, 0x00, 0x0a, 0xf3, 0x00, 0x00, 0x6f, 0x93, 0xf7, 0x00, 0x08, 0xf3, 0x00, 0x0a,
    0xf3, 0x00, 0x00, 0x7f, 0xf6, 0xf7, 0x00, 0x08, 0xff, 0xff, 0xff, 0xf3, 0x00, 0x00, 0x9f, 0xfe,
    0xf7, 0x00, 0x05, 0x88, 0x88, 0x88, 0x82, 0x00, 0x00, 0xcd, 0x6f, 0xfa, 0x30, 0x00, 0x00, 0x00,
    0x00, 0x00, 0x00, 0x02, 0xfa, 0x07, 0xef, 0xfe, 0xdd, 0xcc, 0xcc, 0xcc, 0xdd, 0x40, 0x06, 0xf6,
    0x00, 0x27, 0xbd, 0xef, 0xff, 0xff, 0xff, 0xfd, 0x00, 0x00, 0x51, 0x00, 0x00, 0x00, 0x00, 0x00,
    0x00, 0x00, 0x00, 0x00, 0x00, 0x00, 0x00, 0x00, 0x00, 0x00, 0x00, 0x00, 0x00, 0x00, 0x00, 0x00,
    0x00, 0x00, 0x00, 0x00, 0x00, 0x00, 0x00, 0x00, 0x00, 0x00, 0x00, 0x00, 0x00, 0x00, 0x00, 0x03,
    0xb5, 0x1b, 0x70, 0x00, 0x00, 0x00, 0x39, 0x99, 0x99, 0x50, 0x04, 0xf7, 0x2f, 0x90, 0x00, 0x00,
    0x00, 0x5f, 0xff, 0xff, 0x90, 0x04, 0xf7, 0x2f, 0x90, 0x00, 0x00, 0x00, 0x5f, 0x30, 0x1f, 0xa9,
    0x44, 0xf7, 0x2f, 0x90, 0xb8, 0x10, 0x00, 0x5f, 0x30, 0x1f, 0xaf, 0xc4, 0xf7, 0x2f, 0x92, 0xfd,
    0x00, 0x00, 0x5f, 0x30, 0x1f, 0x99, 0xf8, 0xf7, 0x2f, 0x98, 0xf5, 0x00, 0x00, 0x5f, 0xa9, 0x9f,
    0x93, 0xfd, 0xf7, 0x2f, 0xae, 0xc0, 0x00, 0x00, 0x5f, 0xff, 0xff, 0x90, 0xee, 0xf7, 0x2f, 0xef,
    0x40, 0x00, 0x00, 0x00, 0x0e, 0xa0, 0x00, 0x24, 0xf7, 0x2f, 0x93, 0x00, 0x00, 0x00, 0x27, 0x0e,
    0xa0, 0x00, 0x04, 0xf6, 0x2f, 0xa1, 0x00, 0x00, 0x00, 0x5f, 0x0e, 0xda, 0x70, 0x08, 0xf6, 0x2f,
    0xfc, 0x20, 0x00, 0x00, 0x5f, 0x0e, 0xff, 0xa3, 0xcf, 0xf5, 0x2f, 0xef, 0xe3, 0x00, 0x00, 0x5f,
    0x0e, 0xa0, 0x8f, 0xfd, 0xf4, 0x2f, 0x97, 0xfe, 0x20, 0x00, 0x5f, 0x0e, 0xa0, 0x8f, 0x69, 0xf1,
    0x2f, 0x90, 0x8d, 0x10, 0x00, 0x5f, 0x0e, 0xa0, 0x14, 0x0d, 0xd0, 0x2f, 0x90, 0x02, 0x00, 0x00,
    0x5f, 0x0e, 0xc9, 0xd0, 0x3f, 0x90, 0x2f, 0x90, 0x13, 0x00, 0x01, 0x7f, 0xcf, 0xff, 0xe1, 0xbf,
    0x30, 0x2f, 0x90, 0x2f, 0x50, 0x04, 0xff, 0xfd, 0x84, 0x07, 0xfb, 0x00, 0x2f, 0xb0, 0x4f, 0x50,
    0x01, 0xa6, 0x20, 0x00, 0x8f, 0xe2, 0x00, 0x0e, 0xff, 0xff, 0x10, 0x00, 0x00, 0x00, 0x00, 0x2b,
    0x20, 0x00, 0x05, 0xab, 0xa5, 0x00, 0x00, 0x00, 0x00, 0x00, 0x00, 0x00, 0x00, 0x00, 0x00, 0x00,
    0x00, 0x00, 0x00, 0x00, 0x00, 0x00, 0x00, 0x00, 0x00, 0x00, 0x00, 0x00, 0x00, 0x00, 0x85, 0x00,
    0x00, 0x00, 0x02, 0x92, 0x00, 0x00, 0x00, 0x00, 0x00, 0xfb, 0x00, 0x00, 0x00, 0x0b, 0xf7, 0x00,
    0x00, 0x00, 0x00, 0x02, 0xf9, 0x00, 0x00, 0x00, 0xaf, 0xfe, 0x30, 0x00, 0x00, 0x03, 0xff, 0xff,
    0xff, 0x50, 0x1b, 0xfb, 0x5e, 0xe4, 0x00, 0x00, 0x02, 0xbd, 0xfb, 0xbb, 0x45, 0xef, 0x90, 0x03,
    0xdf, 0xa3, 0x00, 0x00, 0x0a, 0xd0, 0x00, 0xcf, 0xfd, 0x88, 0x88, 0x9f, 0xff, 0x40, 0x00, 0x0e,
    0x99, 0xa0, 0x5b, 0xbf, 0xff, 0xff, 0xff, 0x69, 0x00, 0x00, 0x3f, 0x5b, 0xd0, 0x00, 0x00, 0x00,
    0x00, 0x00, 0x11, 0x00, 0x00, 0x7f, 0x1b, 0xd0, 0x0c, 0xff, 0xff, 0xa2, 0x40, 0xd9, 0x00, 0x01,
    0xde, 0xae, 0xea, 0x3c, 0xd7, 0x7e, 0xa6, 0xf0, 0xd9, 0x00, 0x00, 0xef, 0xff, 0xff, 0x4c, 0xb0,
    0x0d, 0xa6, 0xf0, 0xd9, 0x00, 0x00, 0x20, 0x0b, 0xd0, 0x0c, 0xff, 0xff, 0xa6, 0xf0, 0xd9, 0x00,
    0x00, 0x00, 0x0b, 0xd0, 0x0c, 0xd6, 0x6e, 0xa6, 0xf0, 0xd9, 0x00, 0x00, 0x00, 0x3d, 0xed, 0x5c,
    0xb0, 0x0d, 0xa6, 0xf0, 0xd9, 0x00, 0x02, 0xcf, 0xff, 0xfd, 0x4c, 0xff, 0xff, 0xa6, 0xf0, 0xd9,
    0x00, 0x00, 0xfd, 0x9d, 0xd0, 0x0c, 0xd6, 0x6e, 0xa6, 0xf0, 0xd9, 0x00, 0x00, 0x10, 0x0b, 0xd0,
    0x0c, 0xb0, 0x0d, 0xa2, 0x50, 0xd9, 0x00, 0x00, 0x00, 0x0b, 0xd0, 0x0c, 0xb0, 0x0e, 0xa0, 0x00,
    0xe9, 0x00, 0x00, 0x00, 0x0b, 0xd0, 0x0c, 0xb4, 0xff, 0x81, 0xef, 0xf7, 0x00, 0x00, 0x00, 0x08,
    0x90, 0x07, 0x60, 0x76, 0x10, 0x67, 0x50, 0x00, 0x00, 0x00, 0x00, 0x00, 0x00, 0x00, 0x00, 0x00,
    0x00, 0x00, 0x00, 0x00, 0x00, 0x00, 0x00, 0x00, 0x00, 0x00, 0x00, 0x00, 0x00, 0x00, 0x00, 0x02,
    0x20, 0x00, 0x00, 0x01, 0x76, 0x00, 0x00, 0x00, 0x00, 0x00, 0x3e, 0xd1, 0x00, 0x00, 0x02, 0xfd,
    0x00, 0x00, 0x00, 0x00, 0x00, 0x0a, 0xfc, 0x10, 0x00, 0x03, 0xfc, 0x00, 0x00, 0x00, 0x00, 0x00,
    0x01, 0xcf, 0xa0, 0x00, 0x03, 0xfc, 0x00, 0x00, 0x00, 0x00, 0x00, 0x00, 0x2e, 0x83, 0xff, 0xff,
    0xff, 0xff, 0xff, 0xf8, 0x00, 0x00, 0x00, 0x01, 0x02, 0xdd, 0xde, 0xfe, 0xdd, 0xde, 0xf8, 0x00,
    0x00, 0x00, 0x00, 0x00, 0x00, 0x07, 0xf8, 0x00, 0x07, 0xf7, 0x00, 0x03, 0xdd, 0xdd, 0x20, 0x00,
    0x09, 0xf5, 0x00, 0x08, 0xf6, 0x00, 0x03, 0xff, 0xff, 0x20, 0x00, 0x0c, 0xf3, 0x00, 0x08, 0xf6,
    0x00, 0x00, 0x00, 0xbf, 0x20, 0x00, 0x2f, 0xe0, 0x00, 0x09, 0xf5, 0x00, 0x00, 0x00, 0xbf, 0x20,
    0x00, 0x7f, 0x90, 0x00, 0x0a, 0xf4, 0x00, 0x00, 0x00, 0xbf, 0x20, 0x01, 0xef, 0x40, 0x00, 0x0c,
    0xf3, 0x00, 0x00, 0x00, 0xbf, 0x20, 0x09, 0xfb, 0x00, 0x00, 0x0e, 0xf1, 0x00, 0x00, 0x00, 0xbf,
    0x20, 0x7f, 0xf2, 0x00, 0x00, 0x3f, 0xe0, 0x00, 0x00, 0x00, 0xbf, 0x27, 0xff, 0x50, 0x09, 0xdd,
    0xff, 0x90, 0x00, 0x00, 0x04, 0xef, 0x51, 0xc4, 0x00, 0x04, 0xff, 0xfb, 0x10, 0x00, 0x00, 0x4f,
    0xff, 0xf8, 0x00, 0x00, 0x00, 0x00, 0x00, 0x00, 0x00, 0x02, 0xef, 0xb8, 0xff, 0xc6, 0x32, 0x10,
    0x12, 0x24, 0x57, 0x40, 0x06, 0xfc, 0x00, 0x4d, 0xff, 0xff, 0xff, 0xff, 0xff, 0xff, 0x30, 0x00,
    0xa3, 0x00, 0x00, 0x49, 0xcd, 0xdd, 0xdd, 0xcc, 0xba, 0x00, 0x00, 0x00, 0x00, 0x00, 0x00, 0x00,
    0x00, 0x00, 0x00, 0x00, 0x00, 0x00, 0x00, 0x00, 0x00, 0x00, 0x00, 0x00, 0x00, 0x00, 0x00, 0x00,
    0x00, 0x00, 0x00, 0x00, 0x00, 0x00, 0x00, 0x00, 0x00, 0x00, 0x00, 0x00, 0x00, 0x00, 0x00, 0x00,
    0x00, 0x00, 0x00, 0x02, 0x20, 0x00, 0x00, 0x1a, 0x30, 0x00, 0x01, 0x24, 0x57, 0x9b, 0xef, 0xe2,
    0x00, 0x00, 0x6f, 0xe2, 0x00, 0x6f, 0xff, 0xff, 0xff, 0xfd, 0xa5, 0x00, 0x00, 0x07, 0xfd, 0x20,
    0x6f, 0xc8, 0x65, 0x42, 0x00, 0x00, 0x00, 0x00, 0x00, 0x9e, 0x40, 0x6f, 0x70, 0x00, 0x00, 0x00,
    0x00, 0x00, 0x00, 0x00, 0x01, 0x00, 0x6f, 0xda, 0xaa, 0xaa, 0xab, 0x90, 0x00, 0x00, 0x00, 0x00,
    0x00, 0x6f, 0xff, 0xff, 0xff, 0xff, 0xd0, 0x00, 0x00, 0x00, 0x00, 0x00, 0x6f, 0x70, 0x00, 0x00,
    0x6f, 0x80, 0x00, 0x02, 0xff, 0xff, 0x30, 0x7f, 0x64, 0x40, 0x00, 0xcf, 0x30, 0x00, 0x01, 0xcc,
    0xef, 0x30, 0x9f, 0x6e, 0xf7, 0x04, 0xfc, 0x00, 0x00, 0x00, 0x00, 0xbf, 0x30, 0xbf, 0x23, 0xdf,
    0x9d, 0xf3, 0x00, 0x00, 0x00, 0x00, 0xbf, 0x31, 0xee, 0x00, 0x2c, 0xff, 0x90, 0x00, 0x00, 0x00,
    0x00, 0xbf, 0x34, 0xfa, 0x00, 0x2c, 0xff, 0xc2, 0x00, 0x00, 0x00, 0x00, 0xbf, 0x3c, 0xf5, 0x05,
    0xef, 0xba, 0xfd, 0x20, 0x00, 0x00, 0x00, 0xbf, 0x7f, 0xd2, 0xdf, 0xf8, 0x00, 0xaf, 0xe1, 0x00,
    0x00, 0x03, 0xdf, 0x55, 0x40, 0xbb, 0x30, 0x00, 0x0a, 0x80, 0x00, 0x00, 0x6f, 0xff, 0xfa, 0x51,
    0x00, 0x00, 0x00, 0x00, 0x02, 0x10, 0x04, 0xff, 0x42, 0xaf, 0xff, 0xed, 0xcc, 0xdd, 0xee, 0xff,
    0x20, 0x00, 0xc6, 0x00, 0x02, 0x7b, 0xde, 0xff, 0xfe, 0xed, 0xda, 0x00, 0x00, 0x10, 0x00, 0x00,
    0x00, 0x00, 0x00, 0x00, 0x00, 0x00, 0x00, 0x00, 0x00, 0x00, 0x00, 0x00, 0x00, 0x00, 0x00, 0x00,
    0x00, 0x00, 0x00, 0x00, 0x00, 0x00, 0x00, 0x00, 0x00, 0x00, 0x00, 0x00, 0x00, 0x00, 0x02, 0x00,
    0x00, 0x00, 0x24, 0x10, 0x03, 0x30, 0x00, 0x00, 0x00, 0x3e, 0x90, 0x00, 0x00, 0x8f, 0x50, 0x0c,
    0xf1, 0x00, 0x00, 0x00, 0x1c, 0xf9, 0x00, 0x00, 0x8f, 0x50, 0x0c, 0xf1, 0x00, 0x00, 0x00, 0x01,
    0xdf, 0x60, 0x00, 0x8f, 0x50, 0x0c, 0xf1, 0x00, 0x00, 0x00, 0x00, 0x3e, 0x73, 0xff, 0xff, 0xff,
    0xff, 0xff, 0xf8, 0x00, 0x00, 0x00, 0x01, 0x03, 0xcc, 0xef, 0xdc, 0xce, 0xfd, 0xc7, 0x00, 0x00,
    0x00, 0x00, 0x00, 0x00, 0x8f, 0x50, 0x0c, 0xf1, 0x00, 0x00, 0x00, 0x00, 0x00, 0x00, 0x00, 0x8f,
    0x50, 0x0c, 0xf1, 0x00, 0x00, 0x01, 0xff, 0xff, 0x50, 0x00, 0x8f, 0x50, 0x0c, 0xf1, 0x00, 0x00,
    0x01, 0xbb, 0xdf, 0x54, 0xcc, 0xef, 0xdc, 0xce, 0xfc, 0xcb, 0x00, 0x00, 0x00, 0x7f, 0x55, 0xff,
    0xff, 0xff, 0xff, 0xff, 0xfe, 0x00, 0x00, 0x00, 0x7f, 0x50, 0x01, 0xee, 0x00, 0x0c, 0xf1, 0x00,
    0x00, 0x00, 0x00, 0x7f, 0x50, 0x05, 0xf9, 0x00, 0x0c, 0xf1, 0x00, 0x00, 0x00, 0x00, 0x7f, 0x50,
    0x1d, 0xf5, 0x00, 0x0c, 0xf1, 0x00, 0x00, 0x00, 0x00, 0x7f, 0x50, 0xbf, 0xc0, 0x00, 0x0c, 0xf1,
    0x00, 0x00, 0x00, 0x02, 0xcf, 0x90, 0x7e, 0x30, 0x00, 0x0c, 0xf1, 0x00, 0x00, 0x00, 0x4e, 0xfd,
    0xfc, 0x63, 0x00, 0x00, 0x01, 0x20, 0x01, 0x10, 0x02, 0xff, 0x50, 0x6e, 0xff, 0xdc, 0xbb, 0xcc,
    0xde, 0xff, 0x30, 0x00, 0xb8, 0x00, 0x01, 0x5a, 0xde, 0xff, 0xff, 0xee, 0xdc, 0x00, 0x00, 0x10,
    0x00, 0x00, 0x00, 0x00, 0x00, 0x00, 0x00, 0x00, 0x00, 0x00, 0x00, 0x00, 0x00, 0x00, 0x00, 0x00,
    0x00, 0x00, 0x00, 0x00, 0x00, 0x00, 0x00, 0x00, 0x00, 0x00, 0x00, 0x00, 0x00, 0x00, 0x00, 0x00,
    0x03, 0x20, 0x00, 0x00, 0x08, 0x61, 0x00, 0x00, 0x00, 0x00, 0x00, 0x3f, 0xc1, 0x00, 0x00, 0x2f,
    0xe1, 0x00, 0x00, 0x00, 0x00, 0x00, 0x09, 0xfa, 0x05, 0x99, 0xbf, 0xe9, 0x99, 0x99, 0x95, 0x00,
    0x00, 0x00, 0xcf, 0x67, 0xff, 0xff, 0xff, 0xff, 0xff, 0xf9, 0x00, 0x00, 0x00, 0x3e, 0x50, 0x03,
    0xfc, 0x01, 0x10, 0x00, 0x00, 0x00, 0x00, 0x00, 0x01, 0x00, 0x0a, 0xf4, 0x0a, 0xf4, 0x00, 0x00,
    0x00, 0x00, 0x00, 0x00, 0x00, 0x2f, 0xc0, 0x0a, 0xf4, 0x00, 0x00, 0x00, 0x02, 0xbb, 0xbb, 0x20,
    0xcf, 0xdb, 0xbe, 0xfc, 0xbb, 0xb0, 0x00, 0x02, 0xff, 0xff, 0x20, 0xdf, 0xff, 0xff, 0xff, 0xff,
    0xe0, 0x00, 0x00, 0x00, 0xaf, 0x20, 0x42, 0x00, 0x0a, 0xf4, 0x00, 0x00, 0x00, 0x00, 0x00, 0xaf,
    0x20, 0x00, 0x00, 0x0a, 0xf4, 0x00, 0x00, 0x00, 0x00, 0x00, 0xaf, 0x20, 0x00, 0x00, 0x0a, 0xf4,
    0x00, 0x00, 0x00, 0x00, 0x00, 0xaf, 0x2a, 0xff, 0xff, 0xff, 0xff, 0xff, 0xfd, 0x00, 0x00, 0x00,
    0xaf, 0x28, 0xcc, 0xcc, 0xce, 0xfd, 0xcc, 0xca, 0x00, 0x00, 0x00, 0xaf, 0x20, 0x00, 0x00, 0x0a,
    0xf4, 0x00, 0x00, 0x00, 0x00, 0x00, 0xbf, 0x20, 0x00, 0x00, 0x0a, 0xf4, 0x00, 0x00, 0x00, 0x00,
    0x1b, 0xff, 0xc2, 0x00, 0x00, 0x0a, 0xf4, 0x00, 0x00, 0x00, 0x01, 0xcf, 0xdb, 0xff, 0x94, 0x21,
    0x05, 0x73, 0x23, 0x45, 0x30, 0x05, 0xfd, 0x10, 0x5d, 0xff, 0xff, 0xff, 0xff, 0xff, 0xff, 0x40,
    0x00, 0x94, 0x00, 0x00, 0x49, 0xcd, 0xdd, 0xdd, 0xcc, 0xba, 0x10, 0x00, 0x00, 0x00, 0x00, 0x00,
    0x00, 0x00, 0x00, 0x00, 0x00, 0x00, 0x00, 0x00, 0x00, 0x00, 0x00, 0x00, 0x00, 0x00, 0x00, 0x00,
    0x00, 0x00, 0x00, 0x00, 0x00, 0x00, 0x00, 0x00, 0x00, 0x00, 0x00, 0x00, 0x00, 0x00, 0x00, 0x00,
    0x00, 0x00, 0x7a, 0x00, 0x00, 0x00, 0x00, 0x00, 0x05, 0x10, 0x00, 0x00, 0x00, 0xbf, 0x60, 0x00,
    0x00, 0x00, 0x00, 0x6f, 0xd3, 0x00, 0x00, 0x00, 0x4f, 0xd0, 0x00, 0x00, 0x00, 0x00, 0x08, 0xff,
    0x55, 0xff, 0xff, 0xff, 0xff, 0xff, 0xff, 0x10, 0x00, 0x00, 0x4e, 0xa4, 0xbb, 0xbe, 0xfb, 0xcf,
    0xdb, 0xbb, 0x10, 0x00, 0x00, 0x02, 0x00, 0x00, 0x0b, 0xf0, 0x5f, 0x70, 0x00, 0x00, 0x00, 0x00,
    0x00, 0x00, 0x49, 0x3b, 0xf0, 0x5f, 0x77, 0x60, 0x00, 0x01, 0xbb, 0xbb, 0x20, 0xaf, 0x2b, 0xf0,
    0x5f, 0x7d, 0xd0, 0x00, 0x01, 0xff, 0xff, 0x21, 0xec, 0x0c, 0xe0, 0x5f, 0x77, 0xf5, 0x00, 0x00,
    0x00, 0xaf, 0x26, 0xf7, 0x0e, 0xd0, 0x5f, 0x71, 0xfb, 0x00, 0x00, 0x00, 0xaf, 0x3e, 0xe1, 0x2f,
    0xa0, 0x5f, 0x70, 0xce, 0x00, 0x00, 0x00, 0xaf, 0x8f, 0x70, 0x6f, 0x70, 0x5f, 0x70, 0x8f, 0x40,
    0x00, 0x00, 0xaf, 0x24, 0x10, 0xcf, 0x30, 0x5f, 0x70, 0x35, 0x00, 0x00, 0x00, 0xaf, 0x20, 0x04,
    0xfb, 0x00, 0x5f, 0x70, 0x00, 0x00, 0x00, 0x00, 0xaf, 0x20, 0x2e, 0xf4, 0x00, 0x6f, 0x60, 0x00,
    0x00, 0x00, 0x00, 0xaf, 0x30, 0xcf, 0x90, 0x5f, 0xff, 0x40, 0x00, 0x00, 0x00, 0x08, 0xff, 0xe6,
    0x39, 0x00, 0x0a, 0x96, 0x00, 0x00, 0x00, 0x00, 0x9f, 0xe8, 0xef, 0xc6, 0x32, 0x00, 0x12, 0x23,
    0x57, 0x20, 0x02, 0xfe, 0x20, 0x1a, 0xff, 0xff, 0xff, 0xff, 0xff, 0xfe, 0x00, 0x00, 0x74, 0x00,
    0x00, 0x16, 0x9b, 0xbb, 0xbb, 0xaa, 0x97, 0x00, 0x00, 0x00, 0x00, 0x00, 0x00, 0x00, 0x00, 0x00,
    0x00, 0x00, 0x00, 0x00, 0x00, 0x00, 0x00, 0x00, 0x00, 0x00, 0x00, 0x00, 0x00, 0x00, 0x00, 0x00,
    0x00, 0x00, 0x00, 0x00, 0x00, 0x00, 0x00, 0x00, 0x00, 0x00, 0x3c, 0x60, 0x00, 0x4f, 0xff, 0xff,
    0xff, 0xff, 0x30, 0x00, 0x00, 0x3e, 0xf5, 0x00, 0x4f, 0xd8, 0x88, 0x88, 0xdf, 0x30, 0x00, 0x00,
    0x05, 0xfe, 0x20, 0x4f, 0xa0, 0x00, 0x00, 0xaf, 0x30, 0x00, 0x00, 0x00, 0x8f, 0x90, 0x4f, 0xc6,
    0x66, 0x66, 0xcf, 0x30, 0x00, 0x00, 0x00, 0x08, 0x10, 0x4f, 0xff, 0xff, 0xff, 0xff, 0x30, 0x00,
    0x00, 0x00, 0x00, 0x00, 0x4f, 0xa0, 0x00, 0x00, 0xaf, 0x30, 0x00, 0x00, 0x00, 0x00, 0x00, 0x4f,
    0xd8, 0x88, 0x88, 0xcf, 0x30, 0x00, 0x01, 0xff, 0xff, 0x50, 0x4f, 0xff, 0xff, 0xff, 0xff, 0x40,
    0x00, 0x00, 0xbb, 0xdf, 0x50, 0x4f, 0xa0, 0x05, 0x00, 0x08, 0xe4, 0x00, 0x00, 0x00, 0x7f, 0x50,
    0x4f, 0xa0, 0x8f, 0xb2, 0xbf, 0xd3, 0x00, 0x00, 0x00, 0x7f, 0x50, 0x4f, 0xa0, 0x08, 0xff, 0xf9,
    0x10, 0x00, 0x00, 0x00, 0x7f, 0x50, 0x4f, 0xa0, 0x02, 0x6f, 0xe3, 0x00, 0x00, 0x00, 0x00, 0x7f,
    0x50, 0x7f, 0xca, 0xde, 0x04, 0xfe, 0x30, 0x00, 0x00, 0x00, 0x7f, 0x50, 0xef, 0xff, 0xd9, 0x00,
    0x4f, 0xe2, 0x00, 0x00, 0x00, 0x9f, 0x80, 0x9b, 0x62, 0x00, 0x00, 0x06, 0x90, 0x00, 0x00, 0x2c,
    0xff, 0xfc, 0x51, 0x00, 0x00, 0x00, 0x00, 0x00, 0x00, 0x02, 0xef, 0x81, 0x5d, 0xff, 0xcb, 0xba,
    0xbb, 0xcc, 0xdf, 0x30, 0x00, 0xb8, 0x00, 0x00, 0x49, 0xcd, 0xef, 0xfe, 0xed, 0xdc, 0x00, 0x00,
    0x10, 0x00, 0x00, 0x00, 0x00, 0x00, 0x00, 0x00, 0x00, 0x00, 0x00, 0x00, 0x00, 0x00, 0x00, 0x00,
    0x00, 0x00, 0x00, 0x00, 0x00, 0x00, 0x00, 0x00, 0x00, 0x00, 0x00, 0x00, 0x00, 0x00, 0x00, 0x00,
    0x00, 0x00, 0x00, 0x00, 0x00, 0x00, 0x0a, 0x80, 0x00, 0x00, 0x00, 0x00, 0x5d, 0x30, 0x00, 0x08,
    0xe4, 0x1f, 0xc0, 0x00, 0x00, 0x00, 0x00, 0x7f, 0xe4, 0x00, 0x0d, 0xf2, 0x1f, 0xc0, 0x00, 0x00,
    0x00, 0x00, 0x06, 0xfe, 0x20, 0x4f, 0xff, 0xff, 0xff, 0xff, 0xf4, 0x00, 0x00, 0x00, 0x8e, 0x41,
    0xdf, 0xa9, 0x9f, 0xe9, 0x99, 0x92, 0x00, 0x00, 0x00, 0x02, 0x07, 0xf9, 0x00, 0x1f, 0xc0, 0x00,
    0x00, 0x00, 0x00, 0x00, 0x00, 0x00, 0x61, 0x00, 0x1f, 0xc0, 0x00, 0x00, 0x00, 0x00, 0x00, 0x00,
    0x06, 0xaa, 0xaa, 0xaf, 0xea, 0xaa, 0xaa, 0x10, 0x00, 0xde, 0xee, 0x39, 0xff, 0xff, 0xff, 0xff,
    0xff, 0xff, 0x10, 0x00, 0xff, 0xff, 0x30, 0x00, 0x4f, 0xa0, 0x8f, 0x50, 0x00, 0x00, 0x00, 0x00,
    0x9f, 0x30, 0x00, 0x7f, 0x70, 0x8f, 0x50, 0x00, 0x00, 0x00, 0x00, 0x9f, 0x30, 0x00, 0xcf, 0x40,
    0x8f, 0x50, 0x10, 0x00, 0x00, 0x00, 0x9f, 0x30, 0x05, 0xfd, 0x00, 0x8f, 0x50, 0x6b, 0x20, 0x00,
    0x00, 0x9f, 0x30, 0x4e, 0xf5, 0x00, 0x8f, 0x50, 0x7f, 0x30, 0x00, 0x00, 0x9f, 0x3a, 0xff, 0x80,
    0x00, 0x7f, 0xdb, 0xef, 0x10, 0x00, 0x00, 0x9f, 0x66, 0xe6, 0x00, 0x00, 0x2c, 0xff, 0xe7, 0x00,
    0x00, 0x04, 0xef, 0xfa, 0x10, 0x00, 0x00, 0x00, 0x00, 0x00, 0x00, 0x00, 0x5f, 0xfc, 0xdf, 0xd7,
    0x32, 0x10, 0x11, 0x23, 0x46, 0x20, 0x01, 0xef, 0x80, 0x08, 0xef, 0xff, 0xff, 0xff, 0xff, 0xff,
    0x10, 0x00, 0x58, 0x00, 0x00, 0x15, 0x9a, 0xbc, 0xcb, 0xba, 0xa8, 0x00, 0x00, 0x00, 0x00, 0x00,
    0x00, 0x00, 0x00, 0x00, 0x00, 0x00, 0x00, 0x00, 0x00, 0x00, 0x00, 0x00, 0x00, 0x00, 0x00, 0x00,
    0x00, 0x00, 0x00, 0x00, 0x00, 0x00, 0x00, 0x00, 0x00, 0x00, 0x00, 0x00, 0x00, 0x00, 0x00, 0x00,
    0x00, 0x00, 0x00, 0x4a, 0x40, 0x00, 0x00, 0x00, 0x00, 0x2a, 0x20, 0x00, 0x00, 0x00, 0x6f, 0x60,
    0x00, 0x00, 0x00, 0x00, 0x8f, 0xd2, 0x06, 0x99, 0x99, 0xcf, 0xc9, 0x99, 0x98, 0x00, 0x00, 0x09,
    0xfc, 0x19, 0xff, 0xff, 0xff, 0xff, 0xff, 0xfe, 0x00, 0x00, 0x00, 0xbf, 0x80, 0x00, 0x00, 0x6f,
    0x60, 0x00, 0x00, 0x00, 0x00, 0x00, 0x18, 0x00, 0x67, 0x77, 0xaf, 0xa7, 0x77, 0x71, 0x00, 0x00,
    0x00, 0x00, 0x00, 0xef, 0xff, 0xff, 0xff, 0xff, 0xf2, 0x00, 0x00, 0x00, 0x00, 0x00, 0xec, 0x00,
    0x6f, 0x60, 0x0b, 0xf2, 0x00, 0x02, 0xff, 0xff, 0x60, 0xec, 0x00, 0x6f, 0x60, 0x0b, 0xf2, 0x00,
    0x01, 0xbb, 0xdf, 0x60, 0xee, 0x77, 0xaf, 0xa7, 0x7d, 0xf2, 0x00, 0x00, 0x00, 0x6f, 0x60, 0xef,
    0xff, 0xff, 0xff, 0xff, 0xf2, 0x00, 0x00, 0x00, 0x6f, 0x60, 0x00, 0x0b, 0xff, 0xfa, 0x10, 0x00,
    0x00, 0x00, 0x00, 0x6f, 0x60, 0x00, 0xbf, 0xcf, 0xcf, 0xe5, 0x00, 0x00, 0x00, 0x00, 0x6f, 0x60,
    0x3c, 0xf8, 0x6f, 0x64, 0xef, 0x80, 0x00, 0x00, 0x00, 0x6f, 0x68, 0xff, 0x80, 0x6f, 0x60, 0x1c,
    0xf7, 0x00, 0x00, 0x00, 0x8f, 0x84, 0xd3, 0x00, 0x6f, 0x60, 0x01, 0x80, 0x00, 0x00, 0x2b, 0xff,
    0xfc, 0x51, 0x00, 0x38, 0x30, 0x00, 0x00, 0x00, 0x02, 0xef, 0x91, 0x6e, 0xff, 0xcb, 0xba, 0xbb,
    0xcc, 0xdf, 0x30, 0x00, 0xba, 0x00, 0x01, 0x59, 0xcd, 0xef, 0xff, 0xee, 0xdc, 0x00, 0x00, 0x10,
    0x00, 0x00, 0x00, 0x00, 0x00, 0x00, 0x00, 0x00, 0x00, 0x00, 0x00, 0x00, 0x00, 0x00, 0x00, 0x00,
    0x00, 0x00, 0x00, 0x00, 0x00, 0x00, 0x00, 0x00, 0x00, 0x00, 0x00, 0x00, 0x00, 0x00, 0x00, 0x00,
    0xff, 0xff, 0xff, 0xff, 0xf2, 0xcc, 0xcc, 0xcc, 0xc8, 0x00, 0x00, 0xaa, 0xbf, 0xbf, 0xca, 0xa2,
    0xff, 0xff, 0xff, 0xfa, 0x00, 0x00, 0x00, 0x3f, 0x1d, 0x70, 0x00, 0x00, 0x00, 0x03, 0xfa, 0x00,
    0x00, 0x00, 0x3f, 0x1d, 0x70, 0x00, 0x00, 0x00, 0x03, 0xfa, 0x00, 0x00, 0x8f, 0xff, 0xff, 0xff,
    0xa0, 0x00, 0x00, 0x03, 0xfa, 0x00, 0x00, 0x8f, 0x9e, 0xaf, 0x9e, 0xa0, 0x00, 0x00, 0x03, 0xfa,
    0x00, 0x00, 0x8e, 0x0e, 0x1e, 0x0e, 0xa0, 0x00, 0x00, 0x03, 0xfa, 0x00, 0x00, 0x8e, 0x0e, 0x1e,
    0x0e, 0xa0, 0xff, 0xff, 0xff, 0xfa, 0x00, 0x00, 0x8e, 0x0e, 0x0e, 0x0e, 0xa0, 0xff, 0xcc, 0xcd,
    0xfa, 0x00, 0x00, 0x8e, 0x3b, 0x0e, 0x0e, 0xa0, 0xfd, 0x00, 0x03, 0xfa, 0x00, 0x00, 0x8e, 0xb6,
    0x0c, 0xff, 0xa0, 0xfd, 0x00, 0x01, 0x53, 0x00, 0x00, 0x8e, 0x50, 0x00, 0x0e, 0xa0, 0xfd, 0x00,
    0x00, 0x00, 0x00, 0x00, 0x8e, 0x55, 0x55, 0x5e, 0xa0, 0xfd, 0x00, 0x00, 0x00, 0x00, 0x00, 0x8f,
    0xff, 0xff, 0xff, 0xa0, 0xfd, 0x00, 0x00, 0x22, 0x00, 0x00, 0x8e, 0x00, 0x00, 0x0e, 0xa0, 0xfd,
    0x00, 0x00, 0x5f, 0x50, 0x00, 0x8f, 0x77, 0x77, 0x7e, 0xa0, 0xfd, 0x00, 0x00, 0x7f, 0x40, 0x00,
    0x8f, 0xff, 0xff, 0xff, 0xa0, 0xee, 0x10, 0x00, 0xbf, 0x20, 0x00, 0x8e, 0x00, 0x00, 0x0e, 0xa0,
    0xcf, 0xff, 0xff, 0xfd, 0x00, 0x00, 0x48, 0x00, 0x00, 0x03, 0x20, 0x2a, 0xbc, 0xcc, 0xa2, 0x00,
    0x00, 0x00, 0x00, 0x00, 0x00, 0x00, 0x00, 0x00, 0x00, 0x00, 0x00, 0x00, 0x00, 0x00, 0x00, 0x00,
    0x00, 0x00, 0x00, 0x00, 0x00, 0x00, 0x00, 0x00, 0x00, 0x00, 0x00, 0x00, 0x00, 0x00, 0x00, 0x00,
    0x00, 0x00, 0x00, 0x7f, 0xff, 0xff, 0xff, 0xff, 0xff, 0xf7, 0x00, 0x00, 0x00, 0x00, 0x7f, 0x50,
    0x00, 0x00, 0x00, 0x07, 0xf7, 0x00, 0x00, 0x00, 0x00, 0x7f, 0xff, 0xff, 0xff, 0xff, 0xff, 0xf7,
    0x00, 0x00, 0x00, 0x00, 0x7f, 0x50, 0x00, 0x00, 0x00, 0x07, 0xf7, 0x00, 0x00, 0x00, 0x00, 0x7f,
    0xff, 0xff, 0xff, 0xff, 0xff, 0xf7, 0x00, 0x00, 0x00, 0x00, 0x00, 0x00, 0x00, 0x00, 0x00, 0x00,
    0x00, 0x00, 0x00, 0x00, 0xff, 0xff, 0xff, 0xff, 0xff, 0xff, 0xff, 0xff, 0xff, 0x10, 0x00, 0x66,
    0x66, 0x66, 0x66, 0x66, 0x66, 0x66, 0x66, 0x66, 0x00, 0x00, 0x00, 0xdf, 0xff, 0xff, 0xff, 0xff,
    0xff, 0xff, 0x00, 0x00, 0x00, 0x00, 0xde, 0x11, 0x11, 0xee, 0x11, 0x11, 0xdf, 0x00, 0x00, 0x00,
    0x00, 0xdf, 0xff, 0xff, 0xff, 0xff, 0xff, 0xff, 0x00, 0x00, 0x00, 0x00, 0xde, 0x00, 0x00, 0xed,
    0x00, 0x00, 0xdf, 0x00, 0x00, 0x00, 0x00, 0xdf, 0xff, 0xff, 0xff, 0xff, 0xff, 0xff, 0x00, 0x00,
    0x00, 0x00, 0x11, 0x11, 0x11, 0xed, 0x11, 0x11, 0x11, 0x00, 0x00, 0x00, 0x01, 0x44, 0x44, 0x44,
    0xee, 0x44, 0x44, 0x44, 0x20, 0x00, 0x00, 0x06, 0xff, 0xff, 0xff, 0xff, 0xff, 0xff, 0xff, 0x60,
    0x00, 0x01, 0x66, 0x66, 0x66, 0x66, 0xfe, 0x66, 0x66, 0x66, 0x66, 0x10, 0x01, 0xff, 0xff, 0xff,
    0xff, 0xff, 0xff, 0xff, 0xff, 0xff, 0x20, 0x00, 0x00, 0x00, 0x00, 0x00, 0x00, 0x00, 0x00, 0x00,
    0x00, 0x00, 0x00, 0x00, 0x00, 0x00, 0x00, 0x00, 0x00, 0x00, 0x00, 0x00, 0x00, 0x00, 0x00, 0x00,
    0x00, 0x00, 0x7a, 0x30, 0x00, 0x00, 0x00, 0x00, 0x00, 0x00, 0x00, 0x00, 0x05, 0xff, 0x50, 0x00,
    0x00, 0x00, 0x00, 0x00, 0x00, 0x00, 0x00, 0x5e, 0xff, 0xe3, 0x00, 0x00, 0x00, 0x00, 0x00, 0x00,
    0x00, 0x08, 0xff, 0x76, 0xfe, 0x70, 0x00, 0x00, 0x00, 0x00, 0x00, 0x04, 0xcf, 0xf6, 0x00, 0x4e,
    0xfc, 0x40, 0x00, 0x00, 0x00, 0x04, 0xbf, 0xfd, 0x30, 0x00, 0x02, 0xbf, 0xfb, 0x40, 0x00, 0x03,
    0xdf, 0xff, 0xfc, 0xbb, 0xbb, 0xbb, 0xbf, 0xef, 0xfd, 0x30, 0x00, 0xbe, 0x86, 0xff, 0xff, 0xff,
    0xff, 0xff, 0x46, 0xdb, 0x00, 0x00, 0x11, 0x00, 0x00, 0x01, 0xfe, 0x00, 0x00, 0x00, 0x01, 0x00,
    0x00, 0x00, 0x00, 0x00, 0x01, 0xfe, 0x00, 0x00, 0x00, 0x00, 0x00, 0x00, 0x00, 0x00, 0x00, 0x01,
    0xfe, 0x00, 0x00, 0x00, 0x00, 0x00, 0x00, 0x0b, 0xff, 0xff, 0xff, 0xff, 0xff, 0xff, 0xff, 0xb0,
    0x00, 0x00, 0x08, 0xbb, 0xbb, 0xbb, 0xff, 0xbb, 0xbb, 0xbb, 0x80, 0x00, 0x00, 0x00, 0x1b, 0xa0,
    0x01, 0xfe, 0x00, 0x0c, 0xa1, 0x00, 0x00, 0x00, 0x00, 0x0a, 0xf5, 0x01, 0xfe, 0x00, 0x4f, 0xb0,
    0x00, 0x00, 0x00, 0x00, 0x02, 0xfc, 0x01, 0xfe, 0x00, 0xde, 0x20, 0x00, 0x00, 0x00, 0x00, 0x00,
    0xac, 0x11, 0xfe, 0x03, 0xe6, 0x00, 0x00, 0x00, 0x00, 0x7b, 0xbb, 0xcb, 0xbb, 0xff, 0xbb, 0xcb,
    0xbb, 0xb8, 0x00, 0x00, 0xaf, 0xff, 0xff, 0xff, 0xff, 0xff, 0xff, 0xff, 0xfb, 0x00, 0x00, 0x00,
    0x00, 0x00, 0x00, 0x00, 0x00, 0x00, 0x00, 0x00, 0x00, 0x00, 0x00, 0x00, 0x00, 0x00, 0x00, 0x00,
    0x00, 0x00, 0x00, 0x00, 0x00, 0x00, 0x87, 0x00, 0x00, 0x00, 0x01, 0x97, 0x00, 0x00, 0x00, 0x00,
    0x02, 0xfc, 0x00, 0x00, 0x00, 0x02, 0xfb, 0x00, 0x00, 0x00, 0x00, 0x09, 0xfd, 0xbb, 0xb3, 0x00,
    0x02, 0xfb, 0x00, 0x00, 0x00, 0x00, 0x4f, 0xff, 0xff, 0xf5, 0x00, 0x02, 0xfb, 0x00, 0x00, 0x00,
    0x01, 0xef, 0x40, 0x00, 0x00, 0x00, 0x02, 0xfb, 0x00, 0x00, 0x00, 0x03, 0xfb, 0x00, 0x00, 0x02,
    0xff, 0xff, 0xff, 0xff, 0xfd, 0x00, 0x00, 0xa9, 0xaa, 0xaa, 0xa2, 0xfe, 0xcd, 0xfe, 0xcc, 0xfd,
    0x00, 0x00, 0x0b, 0xff, 0xff, 0xe2, 0xf9, 0x02, 0xfb, 0x00, 0xed, 0x00, 0x00, 0x00, 0x1f, 0xb0,
    0x02, 0xf9, 0x02, 0xfb, 0x00, 0xed, 0x00, 0x00, 0x00, 0x1f, 0xb0, 0x02, 0xf9, 0x02, 0xfb, 0x00,
    0xed, 0x00, 0x00, 0x00, 0x1f, 0xb0, 0x02, 0xf9, 0x02, 0xfb, 0x00, 0xed, 0x00, 0x00, 0xdf, 0xff,
    0xff, 0xf7, 0xff, 0xff, 0xff, 0xff, 0xfd, 0x00, 0x00, 0x9b, 0xbf, 0xeb, 0xb5, 0xfe, 0xdd, 0xfe,
    0xdd, 0xfd, 0x00, 0x00, 0x00, 0x1f, 0xb0, 0x02, 0xf9, 0x02, 0xfb, 0x00, 0xed, 0x00, 0x00, 0x00,
    0x1f, 0xb0, 0x00, 0x21, 0x02, 0xfb, 0x00, 0x00, 0x00, 0x00, 0x00, 0x1f, 0xb0, 0x43, 0x00, 0x02,
    0xfb, 0x00, 0x00, 0x00, 0x00, 0x00, 0x2f, 0xdc, 0xf8, 0x00, 0x02, 0xfb, 0x00, 0x00, 0x00, 0x00,
    0x00, 0x8f, 0xff, 0x81, 0x00, 0x02, 0xfb, 0x00, 0x00, 0x00, 0x00, 0x01, 0xef, 0x92, 0x00, 0x00,
    0x02, 0xfb, 0x00, 0x00, 0x00, 0x00, 0x00, 0x53, 0x00, 0x00, 0x00, 0x01, 0xb9, 0x00, 0x00, 0x00,
    0x00, 0x00, 0x00, 0x00, 0x00, 0x00, 0x00, 0x00, 0x00, 0x00, 0x00, 0x00, 0x00, 0x00, 0x00, 0x00,
    0x00, 0x00, 0x00, 0x00, 0x00, 0x00, 0x00, 0x00, 0x87, 0x00, 0x00, 0x00, 0x06, 0xb3, 0x00, 0x00,
    0x00, 0x00, 0x02, 0xfc, 0x00, 0x00, 0x00, 0x08, 0xf4, 0x00, 0x00, 0x00, 0x00, 0x09, 0xfd, 0xbb,
    0xb8, 0x00, 0x08, 0xf4, 0x00, 0x00, 0x00, 0x00, 0x4f, 0xff, 0xff, 0xfb, 0x00, 0x08, 0xf4, 0x00,
    0x00, 0x00, 0x01, 0xef, 0x40, 0x00, 0x00, 0x00, 0x08, 0xfc, 0xbb, 0xbb, 0x30, 0x03, 0xfb, 0x00,
    0x00, 0x00, 0x00, 0x08, 0xff, 0xff, 0xff, 0x40, 0x00, 0xa9, 0xaa, 0xaa, 0xa1, 0x00, 0x08, 0xf4,
    0x00, 0x00, 0x00, 0x00, 0x0b, 0xff, 0xff, 0xf1, 0x00, 0x08, 0xf4, 0x00, 0x00, 0x00, 0x00, 0x00,
    0x1f, 0xb0, 0x00, 0x00, 0x08, 0xf4, 0x00, 0x00, 0x00, 0x00, 0x00, 0x1f, 0xb0, 0x00, 0x00, 0x08,
    0xf4, 0x00, 0x00, 0x00, 0x00, 0x00, 0x1f, 0xb0, 0x00, 0x9b, 0xbd, 0xfc, 0xbb, 0xb6, 0x00, 0x00,
    0xdf, 0xff, 0xff, 0xf5, 0xcf, 0xff, 0xff, 0xff, 0xf8, 0x00, 0x00, 0x9b, 0xbf, 0xeb, 0xb3, 0xcf,
    0x00, 0x00, 0x05, 0xf8, 0x00, 0x00, 0x00, 0x1f, 0xb0, 0x00, 0xcf, 0x00, 0x00, 0x05, 0xf8, 0x00,
    0x00, 0x00, 0x1f, 0xb0, 0x00, 0xcf, 0x00, 0x00, 0x05, 0xf8, 0x00, 0x00, 0x00, 0x1f, 0xb0, 0x42,
    0xcf, 0x00, 0x00, 0x05, 0xf8, 0x00, 0x00, 0x00, 0x2f, 0xdc, 0xf5, 0xcf, 0x00, 0x00, 0x05, 0xf8,
    0x00, 0x00, 0x00, 0x8f, 0xfe, 0x81, 0xcf, 0xff, 0xff, 0xff, 0xf8, 0x00, 0x00, 0x01, 0xef, 0x91,
    0x00, 0xcf, 0xbb, 0xbb, 0xbd, 0xf8, 0x00, 0x00, 0x00, 0x43, 0x00, 0x00, 0xab, 0x00, 0x00, 0x03,
    0xa5, 0x00, 0x00, 0x00, 0x00, 0x00, 0x00, 0x00, 0x00, 0x00, 0x00, 0x00, 0x00, 0x00, 0x00, 0x00,
    0x00, 0x00, 0x00, 0x00, 0x00, 0x00, 0x00, 0x00, 0x00, 0x00, 0x77, 0x10, 0x00, 0x00, 0x00, 0x00,
    0x00, 0x00, 0x00, 0x00, 0x02, 0xfd, 0x00, 0x00, 0x7a, 0xaa, 0xaa, 0xaa, 0xa1, 0x00, 0x00, 0x09,
    0xfe, 0xcc, 0xc1, 0xbf, 0xff, 0xff, 0xff, 0xf1, 0x00, 0x00, 0x4f, 0xff, 0xff, 0xf2, 0xbf, 0x20,
    0x00, 0x0a, 0xf1, 0x00, 0x01, 0xef, 0x50, 0x00, 0x00, 0xbf, 0x20, 0x00, 0x0a, 0xf1, 0x00, 0x02,
    0xfb, 0x00, 0x00, 0x00, 0xbf, 0xff, 0xff, 0xff, 0xf1, 0x00, 0x00, 0x99, 0xaa, 0xaa, 0x90, 0xbf,
    0x98, 0x88, 0x8d, 0xf1, 0x00, 0x00, 0x0b, 0xff, 0xff, 0xd0, 0xbf, 0x20, 0x00, 0x0a, 0xf1, 0x00,
    0x00, 0x00, 0x3f, 0xa0, 0x00, 0xbf, 0x20, 0x00, 0x0a, 0xf1, 0x00, 0x00, 0x00, 0x3f, 0xa0, 0x00,
    0xbf, 0xff, 0xff, 0xff, 0xf1, 0x00, 0x00, 0x00, 0x3f, 0xa0, 0x00, 0xbf, 0xac, 0xfb, 0xaa, 0xa1,
    0x00, 0x00, 0xcf, 0xff, 0xff, 0xf5, 0xbf, 0x22, 0xf7, 0x00, 0x74, 0x00, 0x00, 0x9b, 0xbf, 0xdb,
    0xb3, 0xbf, 0x20, 0xdd, 0x08, 0xfc, 0x00, 0x00, 0x00, 0x3f, 0xa0, 0x00, 0xbf, 0x20, 0x8f, 0xcf,
    0xb1, 0x00, 0x00, 0x00, 0x3f, 0xa0, 0x00, 0xbf, 0x20, 0x2f, 0xf7, 0x00, 0x00, 0x00, 0x00, 0x3f,
    0xa0, 0x32, 0xbf, 0x20, 0x09, 0xf7, 0x00, 0x00, 0x00, 0x00, 0x3f, 0xcb, 0xf6, 0xbf, 0x23, 0x75,
    0xef, 0x60, 0x00, 0x00, 0x00, 0x7f, 0xff, 0x92, 0xef, 0xff, 0xf6, 0x4f, 0xfa, 0x10, 0x00, 0x00,
    0xdf, 0x92, 0x06, 0xff, 0xea, 0x61, 0x05, 0xed, 0x10, 0x00, 0x00, 0x43, 0x00, 0x00, 0x94, 0x00,
    0x00, 0x00, 0x24, 0x00, 0x00, 0x00, 0x00, 0x00, 0x00, 0x00, 0x00, 0x00, 0x00, 0x00, 0x00, 0x00,
    0x00, 0x00, 0x00, 0x00, 0x00, 0x00, 0x00, 0x00, 0x00, 0x00, 0x00, 0x02, 0xb4, 0x00, 0x00, 0x00,
    0x00, 0x29, 0x20, 0x00, 0x00, 0x00, 0x07, 0xf5, 0x00, 0xbb, 0xbc, 0x10, 0x3f, 0x40, 0x00, 0x00,
    0x00, 0x0d, 0xfb, 0xb7, 0xff, 0xff, 0x6f, 0xff, 0xff, 0xf2, 0x00, 0x00, 0x5f, 0xff, 0xfa, 0x00,
    0xea, 0x25, 0x7f, 0x87, 0xf2, 0x00, 0x01, 0xde, 0x10, 0x00, 0x05, 0xf5, 0x66, 0x8f, 0x88, 0xf7,
    0x20, 0x06, 0xf8, 0x00, 0x00, 0x0a, 0xd0, 0xef, 0xff, 0xff, 0xff, 0x50, 0x01, 0xda, 0x99, 0x96,
    0x1f, 0x70, 0x00, 0x3f, 0x43, 0xf2, 0x00, 0x00, 0x4f, 0xff, 0xfa, 0xaf, 0x98, 0x35, 0x7f, 0x87,
    0xf2, 0x00, 0x00, 0x00, 0xda, 0x03, 0xff, 0xff, 0x6f, 0xff, 0xff, 0xf2, 0x00, 0x00, 0x00, 0xda,
    0x00, 0x30, 0x8f, 0x00, 0x3f, 0x40, 0x00, 0x00, 0x00, 0xaa, 0xee, 0xa8, 0x00, 0x9d, 0x37, 0x8f,
    0x97, 0x73, 0x00, 0x00, 0xff, 0xff, 0xfc, 0x95, 0xbc, 0x6f, 0xff, 0xff, 0xf6, 0x00, 0x00, 0x00,
    0xda, 0x00, 0xba, 0xd9, 0x00, 0x3f, 0x40, 0x00, 0x00, 0x00, 0x00, 0xda, 0x00, 0x7e, 0xf6, 0x67,
    0x8f, 0x97, 0x76, 0x00, 0x00, 0x00, 0xda, 0x00, 0x1f, 0xf2, 0xef, 0xff, 0xff, 0xfd, 0x00, 0x00,
    0x00, 0xda, 0x49, 0x0d, 0xf3, 0x00, 0x3f, 0x40, 0x00, 0x00, 0x00, 0x00, 0xee, 0xfd, 0x5f, 0xfe,
    0x30, 0x3f, 0x40, 0x00, 0x00, 0x00, 0x04, 0xff, 0xa3, 0xdd, 0x3e, 0xfa, 0x67, 0x20, 0x00, 0x00,
    0x00, 0x0a, 0xf7, 0x1d, 0xf4, 0x02, 0xaf, 0xff, 0xff, 0xff, 0x30, 0x00, 0x02, 0x40, 0x09, 0x40,
    0x00, 0x01, 0x57, 0x88, 0x88, 0x00, 0x00, 0x00, 0x00, 0x00, 0x00, 0x00, 0x00, 0x00, 0x00, 0x00,
    0x00, 0x00, 0x00, 0x00, 0x00, 0x00, 0x00, 0x00, 0x00, 0x00, 0x00, 0x00, 0x00, 0x00, 0x03, 0xa7,
    0x00, 0x00, 0x00, 0x00, 0x30, 0x00, 0x00, 0x00, 0x00, 0x04, 0xfb, 0x00, 0x00, 0x00, 0x09, 0xfb,
    0x00, 0x00, 0x00, 0x00, 0x04, 0xfb, 0x00, 0x00, 0x01, 0xaf, 0xe3, 0x00, 0x00, 0x00, 0x00, 0x04,
    0xfb, 0x00, 0x00, 0x5d, 0xfd, 0x30, 0x00, 0x00, 0x00, 0x00, 0x04, 0xfb, 0x00, 0x4c, 0xff, 0xb1,
    0x00, 0x00, 0x00, 0x00, 0x00, 0x04, 0xfb, 0x0a, 0xff, 0xe6, 0x00, 0x00, 0x00, 0x00, 0x00, 0x00,
    0x04, 0xfb, 0x03, 0xe9, 0x10, 0x00, 0x00, 0x00, 0x00, 0x00, 0x00, 0x04, 0xfb, 0x00, 0x10, 0x00,
    0x00, 0x00, 0x00, 0x00, 0x00, 0xcd, 0xde, 0xfe, 0xdd, 0xdd, 0xdd, 0xdd, 0xdd, 0xdc, 0x00, 0x00,
    0xef, 0xff, 0xff, 0xff, 0xff, 0xff, 0xff, 0xff, 0xfe, 0x00, 0x00, 0x00, 0x04, 0xfb, 0x00, 0x3f,
    0xc0, 0x00, 0x00, 0x00, 0x00, 0x00, 0x00, 0x04, 0xfb, 0x00, 0x0b, 0xf5, 0x00, 0x00, 0x00, 0x00,
    0x00, 0x00, 0x04, 0xfb, 0x00, 0x04, 0xfd, 0x10, 0x00, 0x00, 0x00, 0x00, 0x00, 0x04, 0xfb, 0x00,
    0x00, 0xbf, 0xb0, 0x00, 0x00, 0x00, 0x00, 0x00, 0x04, 0xfb, 0x00, 0x00, 0x1d, 0xfa, 0x10, 0x00,
    0x00, 0x00, 0x00, 0x04, 0xfb, 0x00, 0x26, 0x34, 0xff, 0xd3, 0x00, 0x00, 0x00, 0x00, 0x05, 0xfd,
    0x9d, 0xff, 0x60, 0x3e, 0xff, 0xa4, 0x00, 0x00, 0x00, 0x0c, 0xff, 0xff, 0xea, 0x30, 0x02, 0xcf,
    0xfe, 0x20, 0x00, 0x00, 0x0d, 0xfc, 0x83, 0x00, 0x00, 0x00, 0x04, 0xc6, 0x00, 0x00, 0x00, 0x04,
    0x20, 0x00, 0x00, 0x00, 0x00, 0x00, 0x00, 0x00, 0x00, 0x00, 0x00, 0x00, 0x00, 0x00, 0x00, 0x00,
    0x00, 0x00, 0x00, 0x00, 0x00, 0x00, 0x00, 0x00, 0x00, 0x00, 0x00, 0x00, 0x00, 0x00, 0x00, 0x00,
    0x50, 0x00, 0x00, 0x00, 0x00, 0x00, 0x00, 0x00, 0x00, 0x00, 0x07, 0xf9, 0x00, 0xac, 0xcc, 0xcc,
    0xcc, 0xcc, 0xc6, 0x00, 0x00, 0x01, 0xcf, 0x70, 0xcf, 0xff, 0xff, 0xff, 0xff, 0xf7, 0x00, 0x00,
    0x00, 0x2e, 0xf4, 0x00, 0x00, 0x00, 0x00, 0x07, 0xf7, 0x00, 0x00, 0x00, 0x05, 0xf7, 0x00, 0x11,
    0x00, 0x00, 0x07, 0xf7, 0x00, 0x00, 0x7e, 0x50, 0x30, 0x00, 0x9f, 0x40, 0x00, 0x07, 0xf7, 0x00,
    0x00, 0x7f, 0x60, 0x00, 0x00, 0xdf, 0x10, 0x00, 0x07, 0xf7, 0x00, 0x00, 0x7f, 0x60, 0x00, 0x02,
    0xfc, 0x00, 0x00, 0x07, 0xf7, 0x00, 0x00, 0x7f, 0x60, 0x00, 0x07, 0xf9, 0x00, 0x00, 0x07, 0xf7,
    0x00, 0x00, 0x7f, 0x60, 0x00, 0x0d, 0xff, 0x40, 0x00, 0x07, 0xf7, 0x00, 0x00, 0x7f, 0x60, 0x00,
    0x5f, 0xef, 0xe3, 0x00, 0x07, 0xf7, 0x00, 0x00, 0x7f, 0x60, 0x01, 0xdf, 0x47, 0xfe, 0x20, 0x07,
    0xf7, 0x00, 0x00, 0x7f, 0x60, 0x09, 0xfa, 0x00, 0xaf, 0xc1, 0x07, 0xf7, 0x00, 0x00, 0x7f, 0x60,
    0x9f, 0xf2, 0x00, 0x0c, 0xf9, 0x07, 0xf7, 0x00, 0x00, 0x7f, 0x67, 0xff, 0x40, 0x00, 0x02, 0xef,
    0x27, 0xf7, 0x00, 0x00, 0x7f, 0x61, 0xe5, 0x00, 0x00, 0x00, 0x68, 0x07, 0xf7, 0x00, 0x00, 0x7f,
    0x60, 0x10, 0x00, 0x00, 0x00, 0x00, 0x07, 0xf7, 0x00, 0x00, 0x7f, 0x60, 0x00, 0x00, 0x00, 0x00,
    0x00, 0x07, 0xf6, 0x00, 0x00, 0x7f, 0x60, 0x00, 0x00, 0x00, 0x00, 0xde, 0xef, 0xf4, 0x00, 0x00,
    0x7e, 0x50, 0x00, 0x00, 0x00, 0x00, 0x7e, 0xec, 0x70, 0x00, 0x00, 0x00, 0x00, 0x00, 0x00, 0x00,
    0x00, 0x00, 0x00, 0x00, 0x00, 0x00, 0x00, 0x00, 0x00, 0x00, 0x00, 0x00, 0x00, 0x00, 0x00, 0x00,
    0x00, 0x02, 0x60, 0x00, 0x00, 0x00, 0x00, 0x00, 0x00, 0x00, 0x00, 0x00, 0x0c, 0xf7, 0x00, 0xbb,
    0xbb, 0xbb, 0xbb, 0xbb, 0xb5, 0x00, 0x00, 0x02, 0xef, 0x50, 0xff, 0xff, 0xff, 0xff, 0xff, 0xf7,
    0x00, 0x00, 0x00, 0x5f, 0x90, 0x00, 0x00, 0x00, 0x00, 0x06, 0xf7, 0x00, 0x00, 0x00, 0x04, 0x00,
    0x00, 0x00, 0xab, 0x00, 0x06, 0xf7, 0x00, 0x00, 0x6e, 0x60, 0x00, 0x00, 0x00, 0xef, 0x00, 0x06,
    0xf7, 0x00, 0x00, 0x6f, 0x70, 0x00, 0x00, 0x00, 0xef, 0x00, 0x06, 0xf7, 0x00, 0x00, 0x6f, 0x72,
    0xbb, 0xbb, 0xbb, 0xff, 0xcb, 0x76, 0xf7, 0x00, 0x00, 0x6f, 0x73, 0xff, 0xff, 0xff, 0xff, 0xff,
    0x96, 0xf7, 0x00, 0x00, 0x6f, 0x70, 0x00, 0x00, 0x6f, 0xff, 0x00, 0x06, 0xf7, 0x00, 0x00, 0x6f,
    0x70, 0x00, 0x03, 0xfe, 0xff, 0x00, 0x06, 0xf7, 0x00, 0x00, 0x6f, 0x70, 0x00, 0x3e, 0xf4, 0xef,
    0x00, 0x06, 0xf7, 0x00, 0x00, 0x6f, 0x70, 0x06, 0xef, 0x50, 0xef, 0x00, 0x06, 0xf7, 0x00, 0x00,
    0x6f, 0x71, 0xaf, 0xf6, 0x00, 0xef, 0x00, 0x06, 0xf7, 0x00, 0x00, 0x6f, 0x7c, 0xfd, 0x30, 0x00,
    0xef, 0x00, 0x06, 0xf7, 0x00, 0x00, 0x6f, 0x73, 0x91, 0x00, 0x01, 0xef, 0x00, 0x06, 0xf7, 0x00,
    0x00, 0x6f, 0x70, 0x00, 0x0c, 0xff, 0xfd, 0x00, 0x06, 0xf7, 0x00, 0x00, 0x6f, 0x70, 0x00, 0x06,
    0xcb, 0x93, 0x00, 0x06, 0xf7, 0x00, 0x00, 0x6f, 0x70, 0x00, 0x00, 0x00, 0x00, 0x0b, 0xef, 0xf5,
    0x00, 0x00, 0x5b, 0x50, 0x00, 0x00, 0x00, 0x00, 0x05, 0xba, 0x60, 0x00, 0x00, 0x00, 0x00, 0x00,
    0x00, 0x00, 0x00, 0x00, 0x00, 0x00, 0x00, 0x00, 0x00, 0x00, 0x00, 0x00, 0x00, 0x00, 0x00, 0x00,
    0x00, 0x00, 0x00, 0x02, 0x60, 0x00, 0x00, 0x00, 0x00, 0x00, 0x00, 0x00, 0x00, 0x00, 0x0c, 0xf7,
    0x01, 0xbb, 0xbb, 0xbb, 0xbb, 0xbb, 0xb5, 0x00, 0x00, 0x02, 0xef, 0x41, 0xff, 0xff, 0xff, 0xff,
    0xff, 0xf7, 0x00, 0x00, 0x00, 0x5f, 0x90, 0x00, 0x00, 0x00, 0x00, 0x07, 0xf7, 0x00, 0x00, 0x00,
    0x05, 0x00, 0x00, 0x00, 0x00, 0x00, 0x07, 0xf7, 0x00, 0x00, 0x4c, 0x70, 0x00, 0x00, 0x00, 0x00,
    0x00, 0x07, 0xf7, 0x00, 0x00, 0x6f, 0x90, 0x07, 0x88, 0x88, 0x88, 0x80, 0x07, 0xf7, 0x00, 0x00,
    0x6f, 0x90, 0x0e, 0xff, 0xff, 0xff, 0xe0, 0x07, 0xf7, 0x00, 0x00, 0x6f, 0x90, 0x0e, 0xc0, 0x00,
    0x0c, 0xe0, 0x07, 0xf7, 0x00, 0x00, 0x6f, 0x90, 0x0e, 0xc0, 0x00, 0x0c, 0xe0, 0x07, 0xf7, 0x00,
    0x00, 0x6f, 0x90, 0x0e, 0xe8, 0x88, 0x8e, 0xe0, 0x07, 0xf7, 0x00, 0x00, 0x6f, 0x90, 0x0e, 0xff,
    0xff, 0xff, 0xe0, 0x07, 0xf7, 0x00, 0x00, 0x6f, 0x90, 0x0e, 0xc0, 0x00, 0x0c, 0xe0, 0x07, 0xf7,
    0x00, 0x00, 0x6f, 0x90, 0x0e, 0xc0, 0x00, 0x0c, 0xe0, 0x07, 0xf7, 0x00, 0x00, 0x6f, 0x90, 0x0e,
    0xe8, 0x88, 0x8e, 0xe0, 0x07, 0xf7, 0x00, 0x00, 0x6f, 0x90, 0x0e, 0xff, 0xff, 0xff, 0xe0, 0x07,
    0xf7, 0x00, 0x00, 0x6f, 0x90, 0x00, 0x00, 0x00, 0x00, 0x00, 0x07, 0xf7, 0x00, 0x00, 0x6f, 0x90,
    0x00, 0x00, 0x00, 0x00, 0x00, 0x08, 0xf7, 0x00, 0x00, 0x6f, 0x90, 0x00, 0x00, 0x00, 0x00, 0x07,
    0xff, 0xf5, 0x00, 0x00, 0x5c, 0x70, 0x00, 0x00, 0x00, 0x00, 0x02, 0xba, 0x60, 0x00, 0x00, 0x00,
    0x00, 0x00, 0x00, 0x00, 0x00, 0x00, 0x00, 0x00, 0x00, 0x00, 0x00, 0x00, 0x00, 0x00, 0x00, 0x00,
    0x00, 0x00, 0x00, 0x00, 0x00, 0x00, 0x00, 0x00, 0x00, 0x00, 0x00, 0x00, 0x00, 0x00, 0x00, 0x00,
    0x6f, 0xff, 0xff, 0xc2, 0x9b, 0xbb, 0xbb, 0xbb, 0xb3, 0x00, 0x00, 0x6f, 0xcb, 0xbf, 0xe1, 0xdf,
    0xff, 0xff, 0xff, 0xf4, 0x00, 0x00, 0x6f, 0x60, 0x4f, 0x90, 0xdf, 0x00, 0x00, 0x09, 0xf4, 0x00,
    0x00, 0x6f, 0x60, 0xaf, 0x30, 0xdf, 0x00, 0x00, 0x09, 0xf4, 0x00, 0x00, 0x6f, 0x61, 0xec, 0x00,
    0xdf, 0x00, 0x00, 0x09, 0xf4, 0x00, 0x00, 0x6f, 0x65, 0xf5, 0x00, 0xdf, 0x00, 0x00, 0x09, 0xf4,
    0x00, 0x00, 0x6f, 0x6a, 0xf2, 0x00, 0xdf, 0x00, 0x00, 0x09, 0xf4, 0x00, 0x00, 0x6f, 0x63, 0xeb,
    0x00, 0xdf, 0x00, 0x00, 0x09, 0xf4, 0x00, 0x00, 0x6f, 0x60, 0x6f, 0x60, 0xdf, 0xff, 0xff, 0xff,
    0xf4, 0x00, 0x00, 0x6f, 0x60, 0x0e, 0xd0, 0xdf, 0xbb, 0xbb, 0xbe, 0xf4, 0x00, 0x00, 0x6f, 0x60,
    0x0b, 0xf1, 0xdf, 0x00, 0x00, 0x09, 0xf4, 0x00, 0x00, 0x6f, 0x60, 0x1d, 0xf0, 0xdf, 0x00, 0x00,
    0x09, 0xf4, 0x00, 0x00, 0x6f, 0x7f, 0xff, 0xa0, 0xdf, 0x00, 0x00, 0x09, 0xf4, 0x00, 0x00, 0x6f,
    0x69, 0xa7, 0x10, 0xdf, 0x00, 0x00, 0x09, 0xf4, 0x00, 0x00, 0x6f, 0x60, 0x00, 0x00, 0xdf, 0x00,
    0x00, 0x09, 0xf4, 0x00, 0x00, 0x6f, 0x60, 0x00, 0x00, 0xdf, 0xbb, 0xbb, 0xbe, 0xf4, 0x00, 0x00,
    0x6f, 0x60, 0x00, 0x00, 0xdf, 0xff, 0xff, 0xff, 0xf4, 0x00, 0x00, 0x6f, 0x60, 0x00, 0x00, 0xdf,
    0x00, 0x00, 0x09, 0xf4, 0x00, 0x00, 0x4b, 0x40, 0x00, 0x00, 0x79, 0x00, 0x00, 0x04, 0x62, 0x00,
    0x00, 0x00, 0x00, 0x00, 0x00, 0x00, 0x00, 0x00, 0x00, 0x00, 0x00, 0x00, 0x00, 0x00, 0x00, 0x00,
    0x00, 0x00, 0x00, 0x00, 0x00, 0x00, 0x00, 0x00, 0x00, 0x00, 0x00, 0x00, 0x00, 0x00, 0x00, 0x00,
    0x00, 0x00, 0x6f, 0xff, 0xff, 0xb2, 0x5b, 0xbb, 0xbb, 0xbb, 0xb5, 0x00, 0x00, 0x6f, 0xcb, 0xbf,
    0xf1, 0x7f, 0xff, 0xff, 0xff, 0xf6, 0x00, 0x00, 0x6f, 0x60, 0x3f, 0xb0, 0x7f, 0x50, 0x00, 0x06,
    0xf6, 0x00, 0x00, 0x6f, 0x60, 0x6f, 0x60, 0x7f, 0x50, 0x00, 0x06, 0xf6, 0x00, 0x00, 0x6f, 0x60,
    0xbf, 0x10, 0x7f, 0x50, 0x00, 0x06, 0xf6, 0x00, 0x00, 0x6f, 0x61, 0xfb, 0x00, 0x7f, 0xca, 0xaa,
    0xac, 0xf6, 0x00, 0x00, 0x6f, 0x64, 0xf8, 0x00, 0x7f, 0xff, 0xff, 0xff, 0xf6, 0x00, 0x00, 0x6f,
    0x60, 0xbf, 0x20, 0x7f, 0x50, 0x00, 0x06, 0xf6, 0x00, 0x00, 0x6f, 0x60, 0x3f, 0x90, 0x7f, 0x50,
    0x00, 0x06, 0xf6, 0x00, 0x00, 0x6f, 0x60, 0x0e, 0xd0, 0x7f, 0x50, 0x00, 0x06, 0xf6, 0x00, 0x00,
    0x6f, 0x60, 0x0b, 0xf0, 0x8f, 0xcb, 0xbb, 0xbd, 0xf6, 0x00, 0x00, 0x6f, 0x60, 0x1e, 0xe0, 0x9f,
    0xff, 0xff, 0xff, 0xf6, 0x00, 0x00, 0x6f, 0x69, 0xff, 0xa0, 0xbf, 0x10, 0x00, 0x06, 0xf6, 0x00,
    0x00, 0x6f, 0x64, 0xb8, 0x10, 0xdd, 0x00, 0x00, 0x06, 0xf6, 0x00, 0x00, 0x6f, 0x60, 0x00, 0x03,
    0xfa, 0x00, 0x00, 0x06, 0xf6, 0x00, 0x00, 0x6f, 0x60, 0x00, 0x08, 0xf7, 0x00, 0x00, 0x06, 0xf6,
    0x00, 0x00, 0x6f, 0x60, 0x00, 0x1e, 0xf2, 0x00, 0x00, 0x07, 0xf6, 0x00, 0x00, 0x6f, 0x60, 0x00,
    0xaf, 0x90, 0x00, 0x0d, 0xff, 0xf4, 0x00, 0x00, 0x6e, 0x50, 0x00, 0x8d, 0x10, 0x00, 0x08, 0xcb,
    0x70, 0x00, 0x00, 0x00, 0x00, 0x00, 0x00, 0x00, 0x00, 0x00, 0x00, 0x00, 0x00, 0x00, 0x00, 0x00,
    0x00, 0x00, 0x00, 0x00, 0x00, 0x00, 0x00, 0x00, 0x00, 0x00, 0x00, 0x00, 0x00, 0x00, 0x00, 0x00,
    0x00, 0x00, 0x00, 0x00, 0x00, 0x00, 0x00, 0x00, 0x00, 0x00, 0x00, 0x00, 0x00, 0x00, 0x00, 0x5f,
    0xff, 0xff, 0x72, 0xaa, 0xaa, 0xaa, 0xaa, 0x70, 0x00, 0x00, 0x5f, 0xff, 0xff, 0xc3, 0xff, 0xff,
    0xff, 0xff, 0xb0, 0x00, 0x00, 0x5f, 0x50, 0x4f, 0x73, 0xfa, 0x00, 0x00, 0x1f, 0xb0, 0x00, 0x00,
    0x5f, 0x50, 0x9f, 0x13, 0xfa, 0x00, 0x00, 0x1f, 0xb0, 0x00, 0x00, 0x5f, 0x50, 0xdb, 0x03, 0xff,
    0xff, 0xff, 0xff, 0xb0, 0x00, 0x00, 0x5f, 0x53, 0xf6, 0x03, 0xfd, 0x88, 0x88, 0x9f, 0xb0, 0x00,
    0x00, 0x5f, 0x56, 0xf4, 0x03, 0xfa, 0x00, 0x00, 0x1f, 0xb0, 0x00, 0x00, 0x5f, 0x50, 0xdd, 0x03,
    0xfa, 0x00, 0x00, 0x1f, 0xb0, 0x00, 0x00, 0x5f, 0x50, 0x6f, 0x53, 0xff, 0xff, 0xff, 0xff, 0xb0,
    0x00, 0x00, 0x5f, 0x50, 0x2f, 0x93, 0xfd, 0xad, 0xfa, 0xaa, 0x70, 0x00, 0x00, 0x5f, 0x50, 0x0e,
    0xb3, 0xfa, 0x06, 0xf4, 0x01, 0xa3, 0x00, 0x00, 0x5f, 0x50, 0x2f, 0xa3, 0xfa, 0x02, 0xfa, 0x3d,
    0xf9, 0x00, 0x00, 0x5f, 0x5c, 0xff, 0x63, 0xfa, 0x00, 0xcf, 0xfe, 0x60, 0x00, 0x00, 0x5f, 0x55,
    0x95, 0x03, 0xfa, 0x00, 0x4f, 0xe2, 0x00, 0x00, 0x00, 0x5f, 0x50, 0x00, 0x03, 0xfa, 0x00, 0x0c,
    0xf8, 0x00, 0x00, 0x00, 0x5f, 0x50, 0x00, 0x03, 0xfa, 0x37, 0xa3, 0xff, 0x70, 0x00, 0x00, 0x5f,
    0x50, 0x00, 0x08, 0xff, 0xff, 0xe0, 0x6f, 0xfb, 0x10, 0x00, 0x5f, 0x50, 0x00, 0x0c, 0xff, 0xb7,
    0x20, 0x06, 0xec, 0x10, 0x00, 0x3a, 0x40, 0x00, 0x04, 0x61, 0x00, 0x00, 0x00, 0x33, 0x00, 0x00,
    0x00, 0x00, 0x00, 0x00, 0x00, 0x00, 0x00, 0x00, 0x00, 0x00, 0x00, 0x00, 0x00, 0x00, 0x00, 0x00,
    0x00, 0x00, 0x00, 0x00, 0x00, 0x00, 0x00, 0x00, 0x00, 0x00, 0x00, 0x03, 0xc4, 0x00, 0x00, 0x00,
    0x00, 0x8f, 0xff, 0xfd, 0x20, 0x00, 0x0d, 0xf6, 0x00, 0x00, 0x00, 0x00, 0x8f, 0xbb, 0xef, 0x20,
    0x00, 0xaf, 0xee, 0x30, 0x00, 0x00, 0x00, 0x8f, 0x20, 0xec, 0x00, 0x08, 0xfb, 0x3e, 0xe3, 0x00,
    0x00, 0x00, 0x8f, 0x23, 0xf7, 0x00, 0x8f, 0xd1, 0x05, 0xfe, 0x50, 0x00, 0x00, 0x8f, 0x27, 0xf2,
    0x1a, 0xfe, 0x20, 0x00, 0x7f, 0xf9, 0x00, 0x00, 0x8f, 0x2c, 0xc0, 0xdf, 0xe2, 0x00, 0x00, 0x07,
    0xff, 0x50, 0x00, 0x8f, 0x3f, 0x90, 0x6b, 0xdf, 0xff, 0xff, 0xff, 0x78, 0x00, 0x00, 0x8f, 0x2a,
    0xe2, 0x00, 0x8a, 0xac, 0xfc, 0xaa, 0x20, 0x00, 0x00, 0x8f, 0x22, 0xf9, 0x00, 0x00, 0x07, 0xf5,
    0x00, 0x00, 0x00, 0x00, 0x8f, 0x20, 0xcd, 0x00, 0x00, 0x07, 0xf5, 0x00, 0x00, 0x00, 0x00, 0x8f,
    0x20, 0x9f, 0x9f, 0xff, 0xff, 0xff, 0xff, 0xff, 0x10, 0x00, 0x8f, 0x20, 0xaf, 0x7b, 0xbb, 0xbd,
    0xfc, 0xbb, 0xbb, 0x10, 0x00, 0x8f, 0x9f, 0xfc, 0x00, 0x95, 0x07, 0xf5, 0x4b, 0x10, 0x00, 0x00,
    0x8f, 0x49, 0x71, 0x06, 0xf8, 0x07, 0xf5, 0x5f, 0xa0, 0x00, 0x00, 0x8f, 0x20, 0x00, 0x1d, 0xe1,
    0x07, 0xf5, 0x0a, 0xf6, 0x00, 0x00, 0x8f, 0x20, 0x00, 0xaf, 0x70, 0x07, 0xf5, 0x01, 0xed, 0x10,
    0x00, 0x8f, 0x20, 0x02, 0xeb, 0x00, 0x08, 0xf5, 0x00, 0x7e, 0x30, 0x00, 0x8f, 0x20, 0x00, 0x32,
    0x0d, 0xff, 0xf3, 0x00, 0x12, 0x00, 0x00, 0x6a, 0x10, 0x00, 0x00, 0x06, 0xa9, 0x50, 0x00, 0x00,
    0x00, 0x00, 0x00, 0x00, 0x00, 0x00, 0x00, 0x00, 0x00, 0x00, 0x00, 0x00, 0x00, 0x00, 0x00, 0x00,
    0x00, 0x00, 0x00, 0x00, 0x00, 0x00, 0x00, 0x00, 0x00, 0x00, 0x00, 0x00, 0x00, 0x00, 0x89, 0x00,
    0x00, 0x00, 0x00, 0x5a, 0xaa, 0xb5, 0x00, 0x00, 0x00, 0xec, 0x00, 0x00, 0x00, 0x00, 0x7f, 0xff,
    0xfd, 0xa3, 0x09, 0x9a, 0xfd, 0x99, 0x99, 0x10, 0x00, 0x7f, 0x22, 0xf7, 0xdd, 0x0f, 0xff, 0xff,
    0xff, 0xff, 0x20, 0x00, 0x7f, 0x26, 0xf3, 0x5f, 0x60, 0x1f, 0xc0, 0x00, 0x00, 0x00, 0x00, 0x7f,
    0x29, 0xe0, 0x0d, 0x90, 0x8f, 0x70, 0x00, 0x00, 0x00, 0x00, 0x7f, 0x2d, 0xa0, 0x02, 0x02, 0xef,
    0xff, 0xff, 0xf6, 0x00, 0x00, 0x7f, 0x4f, 0x60, 0x00, 0x1d, 0xff, 0xb7, 0x79, 0xf6, 0x00, 0x00,
    0x7f, 0x3d, 0xc4, 0x99, 0xac, 0x7f, 0xa5, 0x58, 0xf6, 0x00, 0x00, 0x7f, 0x25, 0xfa, 0xff, 0xd1,
    0x2f, 0xff, 0xff, 0xf6, 0x00, 0x00, 0x7f, 0x21, 0xf7, 0x0c, 0xd0, 0x2f, 0x70, 0x04, 0xf6, 0x00,
    0x00, 0x7f, 0x20, 0xe9, 0x0c, 0xd0, 0x2f, 0xa5, 0x58, 0xf6, 0x00, 0x00, 0x7f, 0x20, 0xea, 0x0c,
    0xd0, 0x2f, 0xff, 0xff, 0xf6, 0x00, 0x00, 0x7f, 0x69, 0xf7, 0x0c, 0xd0, 0x2f, 0x70, 0x04, 0xf6,
    0x00, 0x00, 0x7f, 0x6f, 0xb1, 0x0c, 0xd0, 0x2f, 0x70, 0x05, 0xf6, 0x00, 0x00, 0x7f, 0x20, 0x00,
    0x1d, 0xd0, 0x2f, 0x70, 0xaf, 0xf3, 0x00, 0x00, 0x7f, 0x20, 0x03, 0xee, 0xfc, 0x56, 0x30, 0x26,
    0x30, 0x00, 0x00, 0x7f, 0x20, 0x1e, 0xe2, 0x2c, 0xfd, 0xba, 0xaa, 0xbc, 0x30, 0x00, 0x7f, 0x20,
    0x0a, 0x60, 0x00, 0x5b, 0xdf, 0xff, 0xee, 0x10, 0x00, 0x48, 0x10, 0x01, 0x00, 0x00, 0x00, 0x00,
    0x00, 0x00, 0x00, 0x00, 0x00, 0x00, 0x00, 0x00, 0x00, 0x00, 0x00, 0x00, 0x00, 0x00, 0x00, 0x00,
    0x00, 0x00, 0x00, 0x00, 0x00, 0x00, 0x00, 0x00, 0x00, 0x00, 0xff, 0xff, 0xff, 0xff, 0xff, 0xff,
    0xff, 0xff, 0xff, 0x00, 0x00, 0xdd, 0xdd, 0xdd, 0xdd, 0xff, 0xdd, 0xdd, 0xdd, 0xdd, 0x00, 0x00,
    0x00, 0x00, 0x00, 0x00, 0xfd, 0x00, 0x00, 0x00, 0x00, 0x00, 0x00, 0x00, 0x00, 0x00, 0x00, 0xfd,
    0x00, 0x00, 0x00, 0x00, 0x00, 0x00, 0x1f, 0xff, 0xff, 0xff, 0xff, 0xff, 0xff, 0xff, 0xf3, 0x00,
    0x00, 0x1f, 0xeb, 0xbb, 0xbb, 0xff, 0xbb, 0xbb, 0xbe, 0xf3, 0x00, 0x00, 0x1f, 0xb0, 0x10, 0x00,
    0xfd, 0x01, 0x00, 0x0a, 0xf3, 0x00, 0x00, 0x1f, 0xb6, 0xe6, 0x00, 0xfd, 0x4f, 0x91, 0x0a, 0xf3,
    0x00, 0x00, 0x1f, 0xb2, 0xcf, 0xb2, 0xfd, 0x1a, 0xfd, 0x4a, 0xf3, 0x00, 0x00, 0x1f, 0xb0, 0x08,
    0xf5, 0xfd, 0x00, 0x5e, 0x8a, 0xf3, 0x00, 0x00, 0x1f, 0xb0, 0x00, 0x20, 0xfd, 0x01, 0x02, 0x0a,
    0xf3, 0x00, 0x00, 0x1f, 0xb7, 0xc3, 0x00, 0xfd, 0x7d, 0x40, 0x0a, 0xf3, 0x00, 0x00, 0x1f, 0xb5,
    0xef, 0x60, 0xfd, 0x4d, 0xf9, 0x1a, 0xf3, 0x00, 0x00, 0x1f, 0xb0, 0x2d, 0xf5, 0xfd, 0x01, 0xbf,
    0x8a, 0xf3, 0x00, 0x00, 0x1f, 0xb0, 0x01, 0x70, 0xfd, 0x00, 0x06, 0x0a, 0xf3, 0x00, 0x00, 0x1f,
    0xb0, 0x00, 0x00, 0xfd, 0x00, 0x00, 0x0b, 0xf2, 0x00, 0x00, 0x1f, 0xb0, 0x00, 0x00, 0xfd, 0x00,
    0x9f, 0xff, 0xe0, 0x00, 0x00, 0x1c, 0x80, 0x00, 0x00, 0x87, 0x00, 0x3a, 0xa8, 0x30, 0x00, 0x00,
    0x00, 0x00, 0x00, 0x00, 0x00, 0x00, 0x00, 0x00, 0x00, 0x00, 0x00, 0x00, 0x00, 0x00, 0x00, 0x00,
    0x00, 0x00, 0x00, 0x00, 0x00, 0x00, 0x06, 0xff, 0xff, 0xff, 0xff, 0xff, 0xff, 0xff, 0x50, 0x00,
    0x00, 0x03, 0x88, 0x88, 0x88, 0xfe, 0x88, 0x88, 0x88, 0x30, 0x00, 0x00, 0x00, 0x00, 0x00, 0x00,
    0xfd, 0x00, 0x00, 0x00, 0x00, 0x00, 0x00, 0x9f, 0xff, 0xff, 0xff, 0xff, 0xff, 0xff, 0xff, 0xfa,
    0x00, 0x00, 0x9f, 0x88, 0x88, 0x88, 0xfe, 0x88, 0x88, 0x89, 0xfa, 0x00, 0x00, 0x9f, 0x24, 0x44,
    0x41, 0xfd, 0x14, 0x44, 0x42, 0xfa, 0x00, 0x00, 0x9f, 0x3f, 0xff, 0xf3, 0xfd, 0x4f, 0xff, 0xf3,
    0xfa, 0x00, 0x00, 0x00, 0x00, 0x00, 0x00, 0xfd, 0x00, 0x00, 0x00, 0x00, 0x00, 0x00, 0x00, 0x8f,
    0xff, 0xf3, 0xfd, 0x4f, 0xff, 0xf8, 0x00, 0x00, 0x00, 0x00, 0x24, 0x44, 0x41, 0xa9, 0x14, 0x44,
    0x42, 0x00, 0x00, 0x00, 0x00, 0x78, 0x88, 0x88, 0x88, 0x88, 0x88, 0x85, 0x00, 0x00, 0x00, 0x00,
    0xdf, 0xff, 0xff, 0xff, 0xff, 0xff, 0xfa, 0x00, 0x00, 0x00, 0x00, 0x00, 0x00, 0x00, 0x00, 0x00,
    0x03, 0xfa, 0x00, 0x00, 0x00, 0x00, 0x37, 0x77, 0x77, 0x77, 0x77, 0x78, 0xfa, 0x00, 0x00, 0x00,
    0x00, 0x6f, 0xff, 0xff, 0xff, 0xff, 0xff, 0xfa, 0x00, 0x00, 0x00, 0x00, 0x00, 0x00, 0x00, 0x00,
    0x00, 0x03, 0xfa, 0x00, 0x00, 0x00, 0x01, 0x88, 0x88, 0x88, 0x88, 0x88, 0x8a, 0xfa, 0x00, 0x00,
    0x00, 0x03, 0xff, 0xff, 0xff, 0xff, 0xff, 0xff, 0xfa, 0x00, 0x00, 0x00, 0x00, 0x00, 0x00, 0x00,
    0x00, 0x00, 0x03, 0xc8, 0x00, 0x00, 0x00, 0x00, 0x00, 0x00, 0x00, 0x00, 0x00, 0x00, 0x00, 0x00,
    0x00, 0x00, 0x00, 0x00, 0x00, 0x00, 0x00, 0x00, 0x00, 0x00, 0x00, 0x00, 0x00, 0x06, 0xff, 0xff,
    0xff, 0xff, 0xff, 0xff, 0xff, 0x50, 0x00, 0x00, 0x03, 0x88, 0x88, 0x88, 0xfe, 0x88, 0x88, 0x88,
    0x30, 0x00, 0x00, 0x00, 0x00, 0x00, 0x00, 0xfd, 0x00, 0x00, 0x00, 0x00, 0x00, 0x00, 0x9f, 0xff,
    0xff, 0xff, 0xff, 0xff, 0xff, 0xff, 0xfa, 0x00, 0x00, 0x9f, 0x87, 0x77, 0x77, 0xfe, 0x77, 0x77,
    0x78, 0xfa, 0x00, 0x00, 0x9f, 0x24, 0x44, 0x41, 0xfd, 0x14, 0x44, 0x42, 0xfa, 0x00, 0x00, 0x9f,
    0x3f, 0xff, 0xf3, 0xfd, 0x4f, 0xff, 0xf3, 0xfa, 0x00, 0x00, 0x00, 0x00, 0x00, 0x00, 0xfd, 0x00,
    0x00, 0x00, 0x00, 0x00, 0x00, 0x00, 0x8f, 0xff, 0xf3, 0xfd, 0x4f, 0xff, 0xf8, 0x00, 0x00, 0x00,
    0x00, 0x25, 0x55, 0x51, 0xdb, 0x15, 0x55, 0x52, 0x00, 0x00, 0x00, 0x00, 0x67, 0x77, 0x77, 0x77,
    0x77, 0x77, 0x76, 0x00, 0x00, 0x00, 0x00, 0xdf, 0xff, 0xff, 0xff, 0xff, 0xff, 0xfd, 0x00, 0x00,
    0x00, 0x00, 0xde, 0x00, 0x00, 0xfd, 0x00, 0x00, 0xfd, 0x00, 0x00, 0x00, 0x00, 0xde, 0x77, 0x77,
    0xfe, 0x77, 0x77, 0xfd, 0x00, 0x00, 0x00, 0x00, 0xdf, 0xff, 0xff, 0xff, 0xff, 0xff, 0xfd, 0x00,
    0x00, 0x00, 0x00, 0xde, 0x00, 0x00, 0xfd, 0x00, 0x00, 0xfd, 0x00, 0x00, 0x00, 0x00, 0xdf, 0x77,
    0x77, 0xfe, 0x77, 0x77, 0xfd, 0x00, 0x00, 0x00, 0x00, 0xdf, 0xff, 0xff, 0xff, 0xff, 0xff, 0xfd,
    0x00, 0x00, 0x00, 0x00, 0x9a, 0x00, 0x00, 0x00, 0x00, 0x00, 0x87, 0x00, 0x00, 0x00, 0x00, 0x00,
    0x00, 0x00, 0x00, 0x00, 0x00, 0x00, 0x00, 0x00, 0x00, 0x00, 0x00, 0x00, 0x00, 0x00, 0x00, 0x00,
    0x00, 0x00, 0x00, 0x00, 0x08, 0xff, 0xff, 0xff, 0xff, 0xff, 0xff, 0xff, 0x80, 0x00, 0x00, 0x02,
    0x44, 0x44, 0x44, 0xfe, 0x44, 0x44, 0x44, 0x20, 0x00, 0x00, 0x9f, 0xff, 0xff, 0xff, 0xff, 0xff,
    0xff, 0xff, 0xf9, 0x00, 0x00, 0x9f, 0x32, 0x22, 0x22, 0xfe, 0x22, 0x22, 0x25, 0xf9, 0x00, 0x00,
    0x9f, 0x3f, 0xff, 0xf1, 0xfd, 0x4f, 0xff, 0xf3, 0xf9, 0x00, 0x00, 0x9f, 0x10, 0x00, 0x00, 0xfd,
    0x01, 0x11, 0x13, 0xf9, 0x00, 0x00, 0x00, 0x2f, 0xff, 0xf0, 0xfd, 0x4f, 0xff, 0xf1, 0x00, 0x00,
    0x00, 0x00, 0x00, 0x2a, 0x60, 0x00, 0x00, 0x00, 0x00, 0x00, 0x00, 0x00, 0x00, 0x16, 0xef, 0xff,
    0xff, 0xff, 0xff, 0xfd, 0x10, 0x00, 0x00, 0x28, 0xef, 0xfb, 0x44, 0x44, 0x45, 0xaf, 0xd3, 0x00,
    0x00, 0x00, 0x1c, 0xa4, 0x7e, 0xea, 0x56, 0xae, 0xe7, 0x10, 0x00, 0x00, 0x00, 0x13, 0x46, 0x79,
    0xff, 0xff, 0xff, 0xca, 0xa9, 0x87, 0x20, 0x02, 0xff, 0xff, 0xfd, 0xa8, 0x65, 0x68, 0xac, 0xcd,
    0xed, 0x00, 0x00, 0x55, 0x32, 0x00, 0x06, 0xf7, 0x00, 0x00, 0x00, 0x00, 0x00, 0x00, 0x06, 0xff,
    0xff, 0xff, 0xff, 0xff, 0xff, 0xfb, 0x00, 0x00, 0x00, 0x02, 0x66, 0x67, 0xef, 0x96, 0x66, 0x67,
    0xf9, 0x00, 0x00, 0x00, 0x00, 0x13, 0x8e, 0xf8, 0x00, 0x10, 0x07, 0xf6, 0x00, 0x00, 0x00, 0x1c,
    0xff, 0xea, 0x30, 0x00, 0x5f, 0xff, 0xe1, 0x00, 0x00, 0x00, 0x04, 0x84, 0x00, 0x00, 0x00, 0x16,
    0x76, 0x20, 0x00, 0x00, 0x00, 0x00, 0x00, 0x00, 0x00, 0x00, 0x00, 0x00, 0x00, 0x00, 0x00, 0x00,
    0x00, 0x00, 0x00, 0x00, 0x00, 0x00, 0x00, 0x00, 0x00, 0x00, 0x00, 0x06, 0xff, 0xff, 0xff, 0xff,
    0xff, 0xff, 0xff, 0x50, 0x00, 0x00, 0x02, 0x66, 0x66, 0x66, 0xfe, 0x66, 0x66, 0x66, 0x20, 0x00,
    0x00, 0x23, 0x33, 0x33, 0x33, 0xfd, 0x33, 0x33, 0x33, 0x32, 0x00, 0x00, 0x9f, 0xff, 0xff, 0xff,
    0xff, 0xff, 0xff, 0xff, 0xf9, 0x00, 0x00, 0x9f, 0x37, 0x77, 0x71, 0xfd, 0x27, 0x77, 0x74, 0xf9,
    0x00, 0x00, 0x9f, 0x4f, 0xff, 0xf3, 0xfd, 0x4f, 0xff, 0xf5, 0xf9, 0x00, 0x00, 0x00, 0x00, 0x00,
    0x00, 0xfd, 0x00, 0x00, 0x00, 0x00, 0x00, 0x00, 0x00, 0x8f, 0xff, 0xf3, 0xfd, 0x4f, 0xff, 0xf8,
    0x00, 0x00, 0x00, 0x02, 0x55, 0x55, 0x55, 0x55, 0x55, 0x55, 0x55, 0x51, 0x00, 0x00, 0x06, 0xff,
    0xff, 0xff, 0xff, 0xff, 0xff, 0xff, 0xf4, 0x00, 0x00, 0x06, 0xf5, 0x23, 0x33, 0x33, 0x33, 0x33,
    0x33, 0x00, 0x00, 0x00, 0x06, 0xf5, 0xbf, 0xff, 0xff, 0xff, 0xff, 0xff, 0x20, 0x00, 0x00, 0x07,
    0xf8, 0x44, 0x44, 0x44, 0x44, 0x44, 0x44, 0x44, 0x00, 0x00, 0x09, 0xff, 0xff, 0xff, 0xff, 0xff,
    0xff, 0xff, 0xff, 0x10, 0x00, 0x0c, 0xf1, 0x5f, 0x70, 0x06, 0xf9, 0x00, 0x6e, 0x60, 0x00, 0x00,
    0x2f, 0xb0, 0x6f, 0x70, 0x00, 0x8f, 0xcc, 0xe8, 0x10, 0x00, 0x00, 0xaf, 0x60, 0xbf, 0xa7, 0x9b,
    0x95, 0xef, 0xea, 0x75, 0x10, 0x04, 0xfc, 0x03, 0xff, 0xff, 0xeb, 0x60, 0x16, 0xbf, 0xfe, 0x10,
    0x00, 0x73, 0x00, 0x87, 0x41, 0x00, 0x00, 0x00, 0x00, 0x33, 0x00, 0x00, 0x00, 0x00, 0x00, 0x00,
    0x00, 0x00, 0x00, 0x00, 0x00, 0x00, 0x00, 0x00, 0x00, 0x00, 0x00, 0x00, 0x00, 0x00, 0x00, 0x00,
    0x00, 0x00, 0x00, 0x07, 0xb2, 0x00, 0x00, 0x1b, 0x60, 0x00, 0x00, 0x00, 0x00, 0x00, 0x09, 0xf2,
    0x00, 0x00, 0x7f, 0x60, 0x00, 0x00, 0x00, 0x00, 0xef, 0xff, 0xff, 0xff, 0x70, 0xdf, 0xff, 0xfb,
    0x10, 0x00, 0x00, 0x56, 0x6b, 0xf7, 0x66, 0x38, 0xf9, 0x7a, 0xfb, 0x00, 0x00, 0x00, 0x25, 0x5b,
    0xf6, 0x55, 0x4f, 0xd0, 0x0a, 0xf4, 0x00, 0x00, 0x00, 0x7f, 0xff, 0xff, 0xff, 0xdf, 0x50, 0x3f,
    0xa0, 0x00, 0x00, 0x00, 0x00, 0x09, 0xf2, 0x00, 0x2d, 0xff, 0xff, 0xff, 0xf3, 0x00, 0x04, 0xff,
    0xff, 0xff, 0xff, 0xa4, 0x69, 0xfc, 0x8c, 0xf3, 0x00, 0x02, 0x66, 0x66, 0x66, 0x66, 0x40, 0x04,
    0xf7, 0x07, 0xf3, 0x00, 0x00, 0x16, 0x66, 0x66, 0x64, 0x59, 0x9a, 0xfc, 0x9c, 0xfa, 0x30, 0x00,
    0x2f, 0xff, 0xff, 0xfb, 0x9f, 0xff, 0xff, 0xff, 0xff, 0x60, 0x00, 0x2f, 0x80, 0x00, 0xfb, 0x00,
    0x04, 0xf7, 0x07, 0xf3, 0x00, 0x00, 0x2f, 0xff, 0xff, 0xfb, 0x00, 0x04, 0xf7, 0x07, 0xf3, 0x00,
    0x00, 0x2f, 0xa5, 0x55, 0xfb, 0x0c, 0xff, 0xff, 0xff, 0xf3, 0x00, 0x00, 0x2f, 0x80, 0x00, 0xfb,
    0x07, 0x8a, 0xfc, 0x8c, 0xf3, 0x00, 0x00, 0x2f, 0xff, 0xff, 0xfb, 0x00, 0x04, 0xf7, 0x03, 0x72,
    0x00, 0x00, 0x2f, 0xa4, 0x44, 0xfb, 0x00, 0x04, 0xf7, 0x00, 0x00, 0x00, 0x00, 0x2f, 0x80, 0x00,
    0xfb, 0x00, 0x05, 0xf7, 0x00, 0x00, 0x00, 0x00, 0x2f, 0x80, 0xbf, 0xf9, 0x08, 0xff, 0xf5, 0x00,
    0x00, 0x00, 0x00, 0x18, 0x40, 0x48, 0x61, 0x02, 0xba, 0x60, 0x00, 0x00, 0x00, 0x00, 0x00, 0x00,
    0x00, 0x00, 0x00, 0x00, 0x00, 0x00, 0x00, 0x00, 0x00, 0x00, 0x00, 0x00, 0x00, 0x00, 0x00, 0x00,
    0x00, 0x00, 0x00, 0x00, 0x00, 0x00, 0x00, 0x04, 0xc9, 0x00, 0x00, 0x00, 0x00, 0x00, 0x00, 0x00,
    0x00, 0x00, 0x01, 0xef, 0x20, 0x00, 0x00, 0x00, 0x00, 0x00, 0x0c, 0xff, 0xff, 0xff, 0xff, 0xff,
    0xff, 0xff, 0xf0, 0x00, 0x00, 0x09, 0xbb, 0xbc, 0xbb, 0xbb, 0xbb, 0xdc, 0xbb, 0xb0, 0x00, 0x00,
    0x00, 0x01, 0xee, 0x10, 0x00, 0x00, 0xdf, 0x50, 0x00, 0x00, 0x00, 0x00, 0x00, 0xbf, 0x60, 0x00,
    0x04, 0xfd, 0x00, 0x00, 0x00, 0x00, 0x00, 0x00, 0x6f, 0xa0, 0x00, 0x09, 0xf7, 0x00, 0x00, 0x00,
    0x00, 0xef, 0xff, 0xff, 0xff, 0xff, 0xff, 0xff, 0xff, 0xfe, 0x00, 0x00, 0xab, 0xbb, 0xbb, 0xbb,
    0xbb, 0xbb, 0xbb, 0xbb, 0xba, 0x00, 0x00, 0x00, 0x00, 0x00, 0x00, 0x00, 0x00, 0x00, 0x00, 0x00,
    0x00, 0x00, 0x00, 0x39, 0x99, 0x99, 0x99, 0x99, 0x99, 0x94, 0x00, 0x00, 0x00, 0x00, 0x5f, 0xff,
    0xff, 0xff, 0xff, 0xff, 0xf8, 0x00, 0x00, 0x00, 0x00, 0x5f, 0x90, 0x00, 0x00, 0x00, 0x07, 0xf8,
    0x00, 0x00, 0x00, 0x00, 0x5f, 0x90, 0x00, 0x00, 0x00, 0x07, 0xf8, 0x00, 0x00, 0x00, 0x00, 0x5f,
    0xff, 0xff, 0xff, 0xff, 0xff, 0xf8, 0x00, 0x00, 0x00, 0x00, 0x5f, 0xc7, 0x77, 0x77, 0x77, 0x7b,
    0xf8, 0x00, 0x00, 0x00, 0x00, 0x5f, 0x90, 0x00, 0x00, 0x00, 0x07, 0xf8, 0x00, 0x00, 0x00, 0x00,
    0x5f, 0xc9, 0x99, 0x99, 0x99, 0x9b, 0xf8, 0x00, 0x00, 0x00, 0x00, 0x5f, 0xff, 0xff, 0xff, 0xff,
    0xff, 0xf8, 0x00, 0x00, 0x00, 0x00, 0x4b, 0x70, 0x00, 0x00, 0x00, 0x05, 0xb6, 0x00, 0x00, 0x00,
    0x00, 0x00, 0x00, 0x00, 0x00, 0x00, 0x00, 0x00, 0x00, 0x00, 0x00, 0x00, 0x00, 0x00, 0x00, 0x00,
    0x00, 0x00, 0x00, 0x00, 0x00, 0x00, 0x7b, 0xbb, 0xbb, 0xbb, 0xbb, 0xbb, 0xbb, 0xbb, 0xb8, 0x00,
    0x00, 0x9f, 0xff, 0xff, 0xff, 0xff, 0xff, 0xff, 0xff, 0xfb, 0x00, 0x00, 0x00, 0x00, 0x00, 0x08,
    0xf9, 0x00, 0x00, 0x00, 0x00, 0x00, 0x00, 0x00, 0x00, 0x00, 0x0d, 0xf2, 0x00, 0x00, 0x00, 0x00,
    0x00, 0x00, 0x00, 0x8b, 0xbb, 0xbf, 0xeb, 0xbb, 0xbb, 0xbb, 0x00, 0x00, 0x00, 0x00, 0xbf, 0xff,
    0xff, 0xff, 0xff, 0xff, 0xff, 0x00, 0x00, 0x00, 0x00, 0xbf, 0x20, 0x00, 0x00, 0x00, 0x00, 0xff,
    0x00, 0x00, 0x00, 0x00, 0xbf, 0x20, 0x00, 0xcd, 0x00, 0x00, 0xff, 0x00, 0x00, 0x00, 0x00, 0xbf,
    0x20, 0x00, 0xef, 0x00, 0x00, 0xff, 0x00, 0x00, 0x00, 0x00, 0xbf, 0x20, 0x00, 0xef, 0x00, 0x00,
    0xff, 0x00, 0x00, 0x00, 0x00, 0xbf, 0x20, 0x00, 0xef, 0x00, 0x00, 0xff, 0x00, 0x00, 0x00, 0x00,
    0xbf, 0x20, 0x00, 0xfe, 0x00, 0x00, 0xff, 0x00, 0x00, 0x00, 0x00, 0xbf, 0x20, 0x03, 0xfc, 0x00,
    0x00, 0xff, 0x00, 0x00, 0x00, 0x00, 0xbf, 0x20, 0x0a, 0xf9, 0x35, 0x00, 0xff, 0x00, 0x00, 0x00,
    0x00, 0x12, 0x00, 0x8f, 0xe2, 0xdf, 0xc5, 0x21, 0x00, 0x00, 0x00, 0x00, 0x00, 0x5c, 0xfe, 0x40,
    0x2a, 0xff, 0xd4, 0x00, 0x00, 0x00, 0x14, 0x8d, 0xff, 0xc3, 0x00, 0x00, 0x3b, 0xff, 0xa1, 0x00,
    0x00, 0xbf, 0xff, 0xb5, 0x00, 0x00, 0x00, 0x00, 0x5d, 0xf8, 0x00, 0x00, 0x2a, 0x61, 0x00, 0x00,
    0x00, 0x00, 0x00, 0x01, 0x80, 0x00, 0x00, 0x00, 0x00, 0x00, 0x00, 0x00, 0x00, 0x00, 0x00, 0x00,
    0x00, 0x00, 0x00, 0x00, 0x00, 0x00, 0x00, 0x00, 0x00, 0x00, 0x00, 0x00, 0x00, 0x5e, 0x30, 0x00,
    0xdc, 0x5f, 0xff, 0xff, 0xff, 0xff, 0x30, 0x00, 0x6f, 0x34, 0x60, 0xdc, 0x39, 0x99, 0xef, 0xa9,
    0x99, 0x20, 0x00, 0x6f, 0x38, 0xd0, 0xdc, 0x00, 0x00, 0xee, 0x00, 0x00, 0x00, 0x00, 0x6f, 0x38,
    0xd0, 0xdc, 0x00, 0x02, 0xfb, 0x00, 0x00, 0x00, 0x00, 0x6f, 0x38, 0xd0, 0xdc, 0x0d, 0xff, 0xff,
    0xff, 0xf7, 0x00, 0x00, 0x6f, 0x38, 0xd0, 0xdc, 0x0d, 0xeb, 0xbb, 0xbc, 0xf7, 0x00, 0x00, 0x6f,
    0x38, 0xd0, 0xdc, 0x0d, 0xc0, 0x00, 0x04, 0xf7, 0x00, 0x00, 0x6f, 0x38, 0xd0, 0xdc, 0x0d, 0xc0,
    0x8e, 0x24, 0xf7, 0x00, 0x00, 0x6f, 0x38, 0xd0, 0xdc, 0x0d, 0xc0, 0x9f, 0x24, 0xf7, 0x00, 0x00,
    0x6f, 0x38, 0xd0, 0xdc, 0x0d, 0xc0, 0x9f, 0x24, 0xf7, 0x00, 0x00, 0x7f, 0x28, 0xd0, 0xdc, 0x0d,
    0xc0, 0x9f, 0x24, 0xf7, 0x00, 0x00, 0x7f, 0x28, 0xd0, 0xdc, 0x0d, 0xc0, 0x9f, 0x14, 0xf7, 0x00,
    0x00, 0x8f, 0x18, 0xd0, 0xdc, 0x0d, 0xc0, 0xbf, 0x04, 0xf7, 0x00, 0x00, 0x9f, 0x08, 0xd0, 0xdc,
    0x0b, 0xa1, 0xfe, 0x23, 0xc6, 0x00, 0x00, 0xbe, 0x08, 0xd0, 0xdc, 0x00, 0x07, 0xff, 0xe4, 0x00,
    0x00, 0x00, 0xeb, 0x06, 0xa0, 0xdc, 0x00, 0x4f, 0xe5, 0xef, 0x50, 0x00, 0x04, 0xf8, 0x00, 0x00,
    0xdc, 0x07, 0xff, 0x40, 0x3e, 0xf5, 0x00, 0x05, 0xf3, 0x00, 0x00, 0xdc, 0xbf, 0xe4, 0x00, 0x03,
    0xed, 0x00, 0x00, 0x50, 0x00, 0x00, 0x00, 0x38, 0x10, 0x00, 0x00, 0x42, 0x00, 0x00, 0x00, 0x00,
    0x00, 0x00, 0x00, 0x00, 0x00, 0x00, 0x00, 0x00, 0x00, 0x00, 0x00, 0x00, 0x00, 0x00, 0x00, 0x00,
    0x00, 0x00, 0x00, 0x00, 0x0f, 0xff, 0xff, 0xff, 0x1f, 0xff, 0xff, 0xff, 0xff, 0x30, 0x00, 0x0f,
    0xc5, 0x55, 0xcf, 0x18, 0x88, 0xcf, 0xa8, 0x88, 0x10, 0x00, 0x0f, 0xb4, 0x44, 0xcf, 0x00, 0x00,
    0xce, 0x10, 0x00, 0x00, 0x00, 0x0f, 0xff, 0xff, 0xff, 0x02, 0x66, 0xfc, 0x66, 0x62, 0x00, 0x00,
    0x0f, 0xa0, 0x00, 0xbf, 0x05, 0xff, 0xff, 0xff, 0xf4, 0x00, 0x00, 0x0f, 0xc5, 0x55, 0xcf, 0x05,
    0xf3, 0x00, 0x04, 0xf4, 0x00, 0x00, 0x0f, 0xff, 0xff, 0xff, 0x05, 0xf3, 0x3c, 0x44, 0xf4, 0x00,
    0x00, 0x00, 0x00, 0x00, 0x00, 0x05, 0xf3, 0x5f, 0x44, 0xf4, 0x00, 0x00, 0x66, 0x66, 0x66, 0x66,
    0x65, 0xf3, 0x6f, 0x34, 0xf4, 0x00, 0x01, 0xff, 0xff, 0xff, 0xff, 0xf5, 0xf3, 0x7f, 0x24, 0xf4,
    0x00, 0x00, 0x01, 0x12, 0xf7, 0x00, 0x05, 0xf3, 0xae, 0x04, 0xf4, 0x00, 0x00, 0x0d, 0xb2, 0xf7,
    0x00, 0x05, 0xf4, 0xdb, 0x04, 0xf4, 0x00, 0x00, 0x0e, 0xa2, 0xff, 0xff, 0x93, 0x97, 0xf7, 0x74,
    0x82, 0x00, 0x00, 0x1f, 0xb2, 0xfa, 0x66, 0x40, 0x2e, 0xe3, 0xee, 0x50, 0x00, 0x00, 0x2f, 0xf7,
    0xf7, 0x00, 0x16, 0xef, 0x40, 0x2c, 0xf6, 0x00, 0x00, 0x5f, 0xdf, 0xf7, 0x00, 0x9f, 0xc3, 0x00,
    0x01, 0xcc, 0x00, 0x00, 0xae, 0x1c, 0xfc, 0x73, 0x24, 0x00, 0x00, 0x00, 0x12, 0x00, 0x03, 0xf9,
    0x01, 0x7e, 0xff, 0xff, 0xff, 0xff, 0xff, 0xff, 0x20, 0x01, 0x92, 0x00, 0x00, 0x25, 0x77, 0x88,
    0x88, 0x88, 0x87, 0x00, 0x00, 0x00, 0x00, 0x00, 0x00, 0x00, 0x00, 0x00, 0x00, 0x00, 0x00, 0x00,
    0x00, 0x00, 0x00, 0x00, 0x00, 0x00, 0x00, 0x00, 0x00, 0x00, 0x00, 0x00, 0xcc, 0xcc, 0xcc, 0xcc,
    0xcc, 0xcc, 0xc9, 0x00, 0x00, 0x00, 0x00, 0xef, 0xff, 0xff, 0xff, 0xff, 0xff, 0xfc, 0x00, 0x00,
    0x00, 0x00, 0xef, 0x00, 0x00, 0x00, 0x00, 0x02, 0xfb, 0x00, 0x00, 0x00, 0x00, 0xef, 0x00, 0x00,
    0x00, 0x28, 0x32, 0xfb, 0x00, 0x00, 0x00, 0x00, 0xef, 0x18, 0x70, 0x00, 0x8f, 0x52, 0xfb, 0x00,
    0x00, 0x00, 0x00, 0xef, 0x1d, 0xf4, 0x00, 0xee, 0x02, 0xfb, 0x00, 0x00, 0x00, 0x00, 0xef, 0x03,
    0xfe, 0x25, 0xf8, 0x02, 0xfb, 0x00, 0x00, 0x00, 0x00, 0xff, 0x00, 0x7f, 0xcc, 0xf1, 0x01, 0xfb,
    0x00, 0x00, 0x00, 0x00, 0xfe, 0x00, 0x0a, 0xff, 0xa0, 0x01, 0xfb, 0x00, 0x00, 0x00, 0x01, 0xfd,
    0x00, 0x01, 0xff, 0x70, 0x01, 0xfc, 0x00, 0x00, 0x00, 0x03, 0xfb, 0x00, 0x09, 0xff, 0xe2, 0x00,
    0xfc, 0x00, 0x00, 0x00, 0x05, 0xf9, 0x00, 0x5f, 0xe9, 0xfb, 0x00, 0xed, 0x00, 0x00, 0x00, 0x08,
    0xf7, 0x03, 0xef, 0x41, 0xdf, 0x60, 0xde, 0x00, 0x00, 0x00, 0x0c, 0xf3, 0x4e, 0xf8, 0x00, 0x4f,
    0xe1, 0xcf, 0x07, 0x10, 0x00, 0x1f, 0xe1, 0xef, 0x90, 0x00, 0x0a, 0xf5, 0xaf, 0x2b, 0x70, 0x00,
    0x8f, 0xa0, 0x49, 0x00, 0x00, 0x02, 0x30, 0x7f, 0x7d, 0x60, 0x01, 0xff, 0x30, 0x00, 0x00, 0x00,
    0x00, 0x00, 0x2f, 0xff, 0x40, 0x00, 0x9b, 0x00, 0x00, 0x00, 0x00, 0x00, 0x00, 0x06, 0xeb, 0x00,
    0x00, 0x02, 0x00, 0x00, 0x00, 0x00, 0x00, 0x00, 0x00, 0x00, 0x00, 0x00, 0x00, 0x00, 0x00, 0x00,
    0x00, 0x00, 0x00, 0x00, 0x00, 0x00, 0x00, 0x00, 0x00, 0x00, 0x00, 0x00, 0x00, 0x00, 0x00, 0x00,
    0x00, 0x00, 0xbf, 0xff, 0xff, 0xff, 0xff, 0xff, 0x50, 0x00, 0x00, 0x00, 0x00, 0xbf, 0xff, 0xff,
    0xff, 0xff, 0xff, 0x50, 0x01, 0x50, 0x00, 0x00, 0x00, 0x00, 0x00, 0x00, 0x00, 0x8f, 0x60, 0x0b,
    0xf7, 0x00, 0x00, 0x00, 0x00, 0x00, 0x00, 0x00, 0x8f, 0x60, 0xaf, 0xb0, 0x00, 0x00, 0x00, 0x00,
    0x00, 0x00, 0x00, 0x7f, 0x7a, 0xfc, 0x10, 0x00, 0x00, 0x00, 0x00, 0x00, 0x00, 0x00, 0x7f, 0xef,
    0xb1, 0x00, 0x00, 0x00, 0x00, 0x00, 0x00, 0x00, 0x00, 0x6f, 0xfc, 0x00, 0x00, 0x00, 0x00, 0x00,
    0x00, 0x00, 0x00, 0x00, 0x5f, 0xff, 0xa2, 0x00, 0x00, 0x00, 0x00, 0x00, 0x00, 0x00, 0x00, 0x3f,
    0xcc, 0xfe, 0x70, 0x00, 0x00, 0x00, 0x00, 0x00, 0x00, 0x00, 0x2f, 0xc0, 0x6e, 0xfa, 0x00, 0x00,
    0x00, 0x00, 0x00, 0x00, 0x00, 0x0f, 0xe0, 0x02, 0xc8, 0x00, 0x00, 0x00, 0x00, 0x00, 0x00, 0x00,
    0x0d, 0xf2, 0x00, 0x11, 0x00, 0x00, 0x00, 0x00, 0x00, 0x00, 0x00, 0x09, 0xf5, 0x00, 0x13, 0x00,
    0x00, 0x00, 0x00, 0x00, 0x00, 0x00, 0x06, 0xfa, 0x00, 0x3e, 0x20, 0x00, 0x00, 0x00, 0x00, 0x00,
    0x00, 0x01, 0xff, 0x20, 0x4f, 0x30, 0x00, 0x00, 0x00, 0x00, 0x00, 0x00, 0x00, 0x9f, 0xc2, 0x8f,
    0x10, 0x00, 0x00, 0x00, 0x00, 0x00, 0x00, 0x00, 0x1d, 0xff, 0xfc, 0x00, 0x00, 0x00, 0x00, 0x00,
    0x00, 0x00, 0x00, 0x01, 0xae, 0xd4, 0x00, 0x00, 0x00, 0x00, 0x00, 0x00, 0x00, 0x00, 0x00, 0x00,
    0x00, 0x00, 0x00, 0x00, 0x00, 0x00, 0x00, 0x00, 0x00, 0x00, 0x00, 0x00, 0x00, 0x00, 0x00, 0x00,
    0x00, 0x02, 0x98, 0x00, 0x00, 0x00, 0x00, 0x00, 0x00, 0x00, 0x00, 0x00, 0x02, 0xfe, 0x00, 0x00,
    0x00, 0x00, 0x00, 0x00, 0x89, 0x99, 0x99, 0x99, 0xef, 0xa9, 0x99, 0x99, 0x97, 0x00, 0x00, 0xdf,
    0xff, 0xff, 0xff, 0xff, 0xff, 0xff, 0xff, 0xfc, 0x00, 0x00, 0x00, 0x00, 0x00, 0x00, 0x00, 0x00,
    0x00, 0x00, 0x00, 0x00, 0x00, 0x00, 0x0f, 0xff, 0xff, 0xff, 0xff, 0xff, 0xf2, 0x00, 0x00, 0x00,
    0x00, 0x0f, 0xe5, 0x55, 0x55, 0x55, 0x5d, 0xf2, 0x00, 0x00, 0x00, 0x00, 0x0f, 0xd0, 0x00, 0x00,
    0x00, 0x0c, 0xf2, 0x00, 0x00, 0x00, 0x00, 0x0f, 0xff, 0xff, 0xff, 0xff, 0xff, 0xf2, 0x00, 0x00,
    0x00, 0x00, 0x05, 0x55, 0x55, 0x55, 0x55, 0x55, 0x51, 0x00, 0x00, 0x00, 0x28, 0x88, 0x88, 0x88,
    0x88, 0x88, 0x88, 0x88, 0x82, 0x00, 0x00, 0x3f, 0xff, 0xff, 0xff, 0xff, 0xff, 0xff, 0xff, 0xf3,
    0x00, 0x00, 0x3f, 0xa0, 0x00, 0x00, 0x00, 0x00, 0x00, 0x0a, 0xf3, 0x00, 0x00, 0x3f, 0xa0, 0x7f,
    0xff, 0xff, 0xff, 0xf3, 0x0a, 0xf3, 0x00, 0x00, 0x3f, 0xa0, 0x7f, 0x85, 0x55, 0x5a, 0xf3, 0x0a,
    0xf3, 0x00, 0x00, 0x3f, 0xa0, 0x7f, 0x50, 0x00, 0x07, 0xf3, 0x0a, 0xf3, 0x00, 0x00, 0x3f, 0xa0,
    0x7f, 0xff, 0xff, 0xff, 0xf3, 0x0a, 0xf3, 0x00, 0x00, 0x3f, 0xa0, 0x7f, 0x85, 0x55, 0x55, 0x51,
    0x0b, 0xf3, 0x00, 0x00, 0x3f, 0xa0, 0x36, 0x20, 0x00, 0x00, 0x0d, 0xff, 0xe1, 0x00, 0x00, 0x28,
    0x50, 0x00, 0x00, 0x00, 0x00, 0x04, 0x64, 0x10, 0x00, 0x00, 0x00, 0x00, 0x00, 0x00, 0x00, 0x00,
    0x00, 0x00, 0x00, 0x00, 0x00, 0x00, 0x00, 0x00, 0x00, 0x00, 0x00, 0x00, 0x00, 0x00, 0x00, 0x00,
    0x00, 0x00, 0x08, 0x93, 0x00, 0x00, 0x00, 0x00, 0x00, 0x00, 0x00, 0x00, 0x00, 0x3f, 0xf2, 0x00,
    0x00, 0x00, 0x00, 0x00, 0x00, 0x00, 0x00, 0x01, 0xdf, 0xff, 0xff, 0xff, 0xc2, 0x00, 0x00, 0x00,
    0x00, 0x00, 0x0a, 0xfc, 0xaa, 0xaa, 0xdf, 0xd0, 0x00, 0x00, 0x00, 0x00, 0x00, 0x9f, 0xd1, 0x00,
    0x01, 0xdf, 0x50, 0x00, 0x00, 0x00, 0x00, 0x0a, 0xff, 0x30, 0x00, 0x09, 0xfa, 0x00, 0x00, 0x00,
    0x00, 0x00, 0xcf, 0xff, 0xff, 0xff, 0xff, 0xff, 0xff, 0xff, 0x10, 0x00, 0x00, 0x6d, 0xdf, 0x99,
    0x99, 0xef, 0x99, 0x99, 0xef, 0x10, 0x00, 0x00, 0x00, 0xcf, 0x00, 0x00, 0xde, 0x00, 0x00, 0xcf,
    0x10, 0x00, 0x00, 0x00, 0xcf, 0x77, 0x77, 0xef, 0x77, 0x77, 0xef, 0x10, 0x00, 0x00, 0x00, 0xcf,
    0xff, 0xff, 0xff, 0xff, 0xff, 0xff, 0x10, 0x00, 0x00, 0x00, 0xcf, 0x00, 0x00, 0xde, 0x00, 0x00,
    0xcf, 0x10, 0x00, 0x00, 0x00, 0xcf, 0x00, 0x00, 0xde, 0x00, 0x00, 0xcf, 0x10, 0x00, 0x00, 0x00,
    0xcf, 0x99, 0x99, 0xef, 0x99, 0x99, 0xef, 0x10, 0x00, 0x00, 0x00, 0xcf, 0xff, 0xff, 0xff, 0xff,
    0xff, 0xff, 0x10, 0x00, 0x00, 0x00, 0x00, 0x00, 0x00, 0x00, 0x00, 0x00, 0x00, 0x00, 0x00, 0x00,
    0x00, 0x00, 0x00, 0x00, 0x00, 0x00, 0x00, 0x00, 0x00, 0x00, 0x00, 0xdf, 0xff, 0xff, 0xff, 0xff,
    0xff, 0xff, 0xff, 0xfd, 0x00, 0x00, 0xac, 0xcc, 0xcc, 0xcc, 0xcc, 0xcc, 0xcc, 0xcc, 0xca, 0x00,
    0x00, 0x00, 0x00, 0x00, 0x00, 0x00, 0x00, 0x00, 0x00, 0x00, 0x00, 0x00, 0x00, 0x00, 0x00, 0x00,
    0x00, 0x00, 0x00, 0x00, 0x00, 0x00, 0x00, 0x00, 0x00, 0x00, 0x05, 0xa7, 0x00, 0x00, 0x00, 0x00,
    0x00, 0x00, 0x00, 0x00, 0x00, 0x0b, 0xf6, 0x00, 0x00, 0x00, 0x00, 0x00, 0x00, 0x00, 0x5a, 0xaa,
    0xaf, 0xfb, 0xaa, 0xaa, 0xa4, 0x00, 0x00, 0x00, 0x00, 0x7f, 0xff, 0xff, 0xff, 0xff, 0xff, 0xf5,
    0x00, 0x00, 0x00, 0x00, 0x7f, 0x50, 0x10, 0x00, 0x00, 0x07, 0xf4, 0x00, 0x00, 0x00, 0x00, 0x7f,
    0x52, 0xeb, 0x40, 0x00, 0x09, 0xf2, 0x00, 0x00, 0x00, 0x00, 0x7f, 0x51, 0x7e, 0xfa, 0x20, 0x0c,
    0xf1, 0x00, 0x00, 0x00, 0x00, 0x7f, 0x50, 0x01, 0x9e, 0x49, 0xaf, 0xc0, 0x00, 0x00, 0x00, 0x00,
    0x7f, 0x50, 0x00, 0x01, 0x0d, 0xfd, 0x40, 0x00, 0x00, 0x00, 0x00, 0x7f, 0x50, 0x00, 0x00, 0x00,
    0x00, 0x00, 0x00, 0x00, 0x00, 0x00, 0x7f, 0xff, 0xff, 0xff, 0xff, 0xff, 0xff, 0xf8, 0x00, 0x00,
    0x00, 0x5b, 0xbb, 0xbb, 0xbb, 0xbb, 0xbb, 0xbc, 0xf7, 0x00, 0x00, 0x00, 0x00, 0x00, 0x00, 0x00,
    0x00, 0x00, 0x07, 0xf6, 0x00, 0x00, 0x00, 0x00, 0x00, 0x00, 0x00, 0x00, 0x00, 0x08, 0xf5, 0x00,
    0x01, 0xff, 0xff, 0xff, 0xff, 0xff, 0xff, 0xf8, 0x0a, 0xf3, 0x00, 0x01, 0xaa, 0xaa, 0xaa, 0xaa,
    0xaa, 0xaa, 0xa5, 0x0b, 0xf2, 0x00, 0x00, 0x00, 0x00, 0x00, 0x00, 0x00, 0x00, 0x00, 0x0e, 0xf0,
    0x00, 0x00, 0x00, 0x00, 0x00, 0x00, 0x00, 0x01, 0x00, 0x5f, 0xc0, 0x00, 0x00, 0x00, 0x00, 0x00,
    0x00, 0x00, 0x05, 0xff, 0xff, 0x60, 0x00, 0x00, 0x00, 0x00, 0x00, 0x00, 0x00, 0x01, 0x9a, 0x95,
    0x00, 0x00, 0x00, 0x00, 0x00, 0x00, 0x00, 0x00, 0x00, 0x00, 0x00, 0x00, 0x00, 0x00, 0x00, 0x00,
    0x00, 0x00, 0x00, 0x00, 0x00, 0x00, 0x00, 0x00, 0x00, 0x00, 0x00, 0x1b, 0x90, 0x00, 0x09, 0xb2,
    0x00, 0x00, 0x00, 0x00, 0x00, 0x00, 0x1f, 0xc0, 0x00, 0x0c, 0xf2, 0x00, 0x00, 0x00, 0x00, 0x08,
    0xff, 0xff, 0xff, 0xff, 0xff, 0xff, 0xff, 0xa0, 0x00, 0x00, 0x05, 0xaa, 0xbf, 0xea, 0xaa, 0xae,
    0xfb, 0xaa, 0x70, 0x00, 0x00, 0x00, 0x00, 0x1f, 0xc0, 0x00, 0x0c, 0xf2, 0x00, 0x00, 0x00, 0x00,
    0xbb, 0xbb, 0xbf, 0xeb, 0xbb, 0xbe, 0xfc, 0xbb, 0xbb, 0x00, 0x00, 0xef, 0xff, 0xff, 0xff, 0xff,
    0xff, 0xff, 0xff, 0xff, 0x00, 0x00, 0x00, 0x00, 0x00, 0x00, 0xff, 0x00, 0x00, 0x00, 0x00, 0x00,
    0x00, 0x00, 0x55, 0x55, 0x55, 0xff, 0x55, 0x55, 0x55, 0x00, 0x00, 0x00, 0x00, 0xdf, 0xff, 0xff,
    0xff, 0xff, 0xff, 0xff, 0x00, 0x00, 0x00, 0x00, 0xdf, 0x00, 0x00, 0xff, 0x00, 0x00, 0xdf, 0x00,
    0x00, 0x00, 0x00, 0xdf, 0x44, 0x44, 0xff, 0x44, 0x44, 0xdf, 0x00, 0x00, 0x00, 0x00, 0xdf, 0xff,
    0xff, 0xff, 0xff, 0xff, 0xff, 0x00, 0x00, 0x00, 0x00, 0xdf, 0x00, 0x00, 0xff, 0x00, 0x00, 0xdf,
    0x00, 0x00, 0x00, 0x00, 0xdf, 0x55, 0x55, 0xff, 0x55, 0x55, 0xef, 0x00, 0x00, 0x00, 0x00, 0xdf,
    0xff, 0xff, 0xff, 0xff, 0xff, 0xff, 0x00, 0x00, 0x00, 0x00, 0x00, 0x2a, 0x80, 0x00, 0x09, 0x94,
    0x00, 0x00, 0x00, 0x00, 0x01, 0x5a, 0xff, 0xd3, 0x00, 0x1a, 0xff, 0xd8, 0x20, 0x00, 0x00, 0x8f,
    0xff, 0xc5, 0x00, 0x00, 0x00, 0x16, 0xdf, 0xf7, 0x00, 0x00, 0x1a, 0x72, 0x00, 0x00, 0x00, 0x00,
    0x00, 0x04, 0x91, 0x00, 0x00, 0x00, 0x00, 0x00, 0x00, 0x00, 0x00, 0x00, 0x00, 0x00, 0x00, 0x00,
    0x00, 0x00, 0x00, 0x00, 0x00, 0x00, 0x00, 0x00, 0x00, 0x00, 0x00, 0x00, 0x2b, 0xe6, 0x00, 0x00,
    0x00, 0x00, 0x00, 0x00, 0x00, 0x00, 0x00, 0x6f, 0xfe, 0x00, 0x00, 0x00, 0x00, 0x00, 0x00, 0x00,
    0x00, 0x00, 0x2e, 0xff, 0x20, 0x00, 0x00, 0x00, 0x00, 0x00, 0x00, 0x00, 0x00, 0x00, 0xaf, 0x00,
    0x00, 0x00, 0x00, 0x00, 0x00, 0x00, 0x00, 0x00, 0x01, 0xeb, 0x00, 0x00, 0x00, 0x00, 0x00, 0x00,
    0x00, 0x00, 0x00, 0x3d, 0xf3, 0x00, 0x00, 0x00, 0x00, 0x00, 0x00, 0x00, 0x00, 0x00, 0xde, 0x40,
    0x00, 0x00, 0x00, 0x00, 0x00, 0x00, 0x00, 0x00, 0x00, 0x41, 0x00, 0x00, 0x00, 0x00, 0x00, 0x00,
    0x00, 0x00, 0x00, 0x00, 0x00, 0x00, 0x00, 0x00, 0x00, 0x00, 0x00, 0x00, 0x00, 0x00, 0x00, 0x00,
    0x00, 0x00, 0x00, 0x00, 0x00, 0x00, 0x00, 0x00, 0x00, 0x00, 0x00, 0x00, 0x00, 0x00, 0x00, 0x00,
    0x00, 0x1a, 0x20, 0x00, 0x00, 0x00, 0x00, 0x00, 0x00, 0x00, 0x00, 0x01, 0xb7, 0x00, 0x00, 0x00,
    0x00, 0x00, 0x00, 0x00, 0x00, 0x00, 0x1b, 0x70, 0x00, 0x00, 0x00, 0x00, 0x00, 0x00, 0x00, 0x00,
    0x01, 0xb7, 0x00, 0x00, 0x00, 0x00, 0x00, 0x00, 0x00, 0x00, 0x00, 0x1b, 0x70, 0x00, 0x00, 0x00,
    0x00, 0x00, 0x00, 0x00, 0x00, 0x01, 0xb7, 0x00, 0x00, 0x00, 0x00, 0x00, 0x00, 0x00, 0x00, 0x00,
    0x1b, 0x70, 0x00, 0x00, 0x00, 0x00, 0x00, 0x00, 0x00, 0x00, 0x01, 0xb7, 0x00, 0x00, 0x00, 0x00,
    0x00, 0x00, 0x00, 0x00, 0x00, 0x1b, 0x70, 0x00, 0x00, 0x00, 0x00, 0x00, 0x00, 0x00, 0x00, 0x01,
    0xb7, 0x00, 0x00, 0x00, 0x00, 0x00, 0x00, 0x00, 0x00, 0x00, 0x1b, 0x70, 0x00, 0x00, 0x00, 0x00,
    0x00, 0x00, 0x00, 0x00, 0x01, 0xb7, 0x00, 0x00, 0x00, 0x00, 0x00, 0x00, 0x00, 0x00, 0x00, 0x1b,
    0x70, 0x00, 0x00, 0x00, 0x00, 0x00, 0x00, 0x00, 0x00, 0x01, 0xb7, 0x00, 0x00, 0x00, 0x00, 0x00,
    0x00, 0x00, 0x00, 0x00, 0x1b, 0x70, 0x00, 0x00, 0x00, 0x00, 0x00, 0x00, 0x00, 0x00, 0x01, 0xb7,
    0x00, 0x00, 0x00, 0x00, 0x00, 0x00, 0x00, 0x00, 0x00, 0x1b, 0x70, 0x00, 0x00, 0x00, 0x00, 0x00,
    0x00, 0x00, 0x00, 0x01, 0xb7, 0x00, 0x00, 0x00, 0x00, 0x00, 0x00, 0x00, 0x00, 0x00, 0x02, 0x60,
    0x00, 0x00, 0x00, 0x00, 0x00, 0x00, 0x00, 0x00, 0x00, 0x00, 0x00, 0x00, 0x00, 0x00, 0x00, 0x00,
    0x00, 0x00, 0x00, 0x00, 0x00, 0x00, 0x00, 0x00, 0x00, 0x00, 0x00, 0x00, 0x00, 0x00, 0x00, 0x00,
    0x00, 0x02, 0x20, 0x00, 0x00, 0x00, 0x00, 0x00, 0x00, 0x00, 0x00, 0x00, 0x5f, 0xf5, 0x00, 0x00,
    0x00, 0x00, 0x00, 0x00, 0x00, 0x00, 0x00, 0x9f, 0xf8, 0x00, 0x00, 0x00, 0x00, 0x00, 0x00, 0x00,
    0x00, 0x00, 0x3c, 0xc2, 0x00, 0x00, 0x00, 0x00, 0x00, 0x00, 0x00, 0x00, 0x00, 0x00, 0x00, 0x00,
    0x00, 0x00, 0x00, 0x00, 0x00, 0x00, 0x00, 0x00, 0x00, 0x00, 0x00, 0x00, 0x00, 0x00, 0x00, 0x00,
    0x00, 0x00, 0x00, 0x00, 0x00, 0x00, 0x00, 0x00, 0x00, 0x00, 0x00, 0x00, 0x00, 0x00, 0x00, 0x00,
    0x00, 0x00, 0x00, 0x00, 0x00, 0x00, 0x00, 0x00, 0x00, 0x00, 0x00, 0x00, 0x00, 0x00, 0x00, 0x00,
    0x00, 0x00, 0x00, 0x00, 0x00, 0x00, 0x00, 0x00, 0x00, 0x00, 0x00, 0x00, 0x00, 0x00, 0x00, 0x02,
    0x20, 0x00, 0x00, 0x00, 0x00, 0x00, 0x00, 0x00, 0x00, 0x00, 0x5f, 0xf5, 0x00, 0x00, 0x00, 0x00,
    0x00, 0x00, 0x00, 0x00, 0x00, 0x9f, 0xf8, 0x00, 0x00, 0x00, 0x00, 0x00, 0x00, 0x00, 0x00, 0x00,
    0x3c, 0xc2, 0x00, 0x00, 0x00, 0x00, 0x00, 0x00, 0x00, 0x00, 0x00, 0x00, 0x00, 0x00, 0x00, 0x00,
    0x00, 0x00, 0x00, 0x00,
};

const ui_font_t g_source_han_sans_cn_20 = {
    .glyphs = kGlyphs,
    .bitmap = kBitmap,
    .glyph_count = 367,
    .bitmap_size = 74388,
    .fallback_codepoint = 0x25a1,
    .pixel_size = 20,
    .ascent = 24,
    .descent = 6,
    .line_height = 30,
    .letter_spacing = 1,
};
