// Generated by tools/generate_ui_font.py; do not edit manually.
// Font: Source Han Sans CN Medium, 24px, source SHA-256 0430409f0ccbfa2c1a9e21b75bcd92ee1431e2256e9957e3f3a2248ce294a3eb
// Subset: 291 glyphs, 4-bit grayscale, 78549 bitmap bytes.
#include "ui_font_source_han_24.h"

static const ui_glyph_t kGlyphs[] = {
    {0x0020, 0, 7, 7, 2, 5, -1, -1},
    {0x0021, 7, 105, 10, 21, 8, -1, -20},
    {0x0022, 112, 147, 14, 21, 12, -1, -20},
    {0x0023, 259, 160, 16, 20, 14, -1, -19},
    {0x0024, 419, 208, 16, 26, 14, -1, -22},
    {0x0025, 627, 250, 25, 20, 23, -1, -19},
    {0x0026, 877, 190, 19, 20, 17, -1, -19},
    {0x0027, 1067, 95, 9, 21, 7, -1, -20},
    {0x0028, 1162, 149, 11, 27, 9, -1, -21},
    {0x0029, 1311, 149, 11, 27, 9, -1, -21},
    {0x002a, 1460, 147, 14, 21, 12, -1, -20},
    {0x002b, 1607, 144, 16, 18, 14, -1, -17},
    {0x002c, 1751, 50, 9, 11, 7, -1, -5},
    {0x002d, 1801, 55, 11, 10, 9, -1, -9},
    {0x002e, 1856, 27, 9, 6, 7, -1, -5},
    {0x002f, 1883, 143, 11, 26, 9, -1, -20},
    {0x0030, 2026, 160, 16, 20, 14, -1, -19},
    {0x0031, 2186, 160, 16, 20, 14, -1, -19},
    {0x0032, 2346, 160, 16, 20, 14, -1, -19},
    {0x0033, 2506, 160, 16, 20, 14, -1, -19},
    {0x0034, 2666, 160, 16, 20, 14, -1, -19},
    {0x0035, 2826, 160, 16, 20, 14, -1, -19},
    {0x0036, 2986, 160, 16, 20, 14, -1, -19},
    {0x0037, 3146, 160, 16, 20, 14, -1, -19},
    {0x0038, 3306, 160, 16, 20, 14, -1, -19},
    {0x0039, 3466, 160, 16, 20, 14, -1, -19},
    {0x003a, 3626, 68, 9, 15, 7, -1, -14},
    {0x003b, 3694, 90, 9, 20, 7, -1, -14},
    {0x003c, 3784, 136, 16, 17, 14, -1, -16},
    {0x003d, 3920, 120, 16, 15, 14, -1, -14},
    {0x003e, 4040, 136, 16, 17, 14, -1, -16},
    {0x003f, 4176, 147, 14, 21, 12, -1, -20},
    {0x0040, 4323, 300, 25, 24, 23, -1, -19},
    {0x0041, 4623, 170, 17, 20, 15, -1, -19},
    {0x0042, 4793, 180, 18, 20, 16, -1, -19},
    {0x0043, 4973, 180, 18, 20, 16, -1, -19},
    {0x0044, 5153, 190, 19, 20, 17, -1, -19},
    {0x0045, 5343, 160, 16, 20, 14, -1, -19},
    {0x0046, 5503, 160, 16, 20, 14, -1, -19},
    {0x0047, 5663, 190, 19, 20, 17, -1, -19},
    {0x0048, 5853, 200, 20, 20, 18, -1, -19},
    {0x0049, 6053, 90, 9, 20, 7, -1, -19},
    {0x004a, 6143, 150, 15, 20, 13, -1, -19},
    {0x004b, 6293, 180, 18, 20, 16, -1, -19},
    {0x004c, 6473, 150, 15, 20, 13, -1, -19},
    {0x004d, 6623, 220, 22, 20, 20, -1, -19},
    {0x004e, 6843, 200, 20, 20, 18, -1, -19},
    {0x004f, 7043, 200, 20, 20, 18, -1, -19},
    {0x0050, 7243, 180, 18, 20, 16, -1, -19},
    {0x0051, 7423, 250, 20, 25, 18, -1, -19},
    {0x0052, 7673, 180, 18, 20, 16, -1, -19},
    {0x0053, 7853, 170, 17, 20, 15, -1, -19},
    {0x0054, 8023, 170, 17, 20, 15, -1, -19},
    {0x0055, 8193, 200, 20, 20, 18, -1, -19},
    {0x0056, 8393, 180, 18, 20, 14, -2, -19},
    {0x0057, 8573, 230, 23, 20, 21, -1, -19},
    {0x0058, 8803, 160, 16, 20, 14, -1, -19},
    {0x0059, 8963, 170, 17, 20, 13, -2, -19},
    {0x005a, 9133, 170, 17, 20, 15, -1, -19},
    {0x005b, 9303, 138, 11, 25, 9, -1, -20},
    {0x005c, 9441, 156, 12, 26, 9, -1, -20},
    {0x005d, 9597, 138, 11, 25, 9, -1, -20},
    {0x005e, 9735, 160, 16, 20, 14, -1, -19},
    {0x005f, 9895, 48, 16, 6, 13, -1, -1},
    {0x0060, 9943, 187, 17, 22, 15, -1, -21},
    {0x0061, 10130, 128, 16, 16, 14, -1, -14},
    {0x0062, 10258, 187, 17, 22, 15, -1, -20},
    {0x0063, 10445, 105, 14, 15, 12, -1, -14},
    {0x0064, 10550, 187, 17, 22, 15, -1, -20},
    {0x0065, 10737, 120, 16, 15, 14, -1, -14},
    {0x0066, 10857, 132, 12, 22, 8, -1, -21},
    {0x0067, 10989, 168, 16, 21, 14, -1, -14},
    {0x0068, 11157, 179, 17, 21, 15, -1, -20},
    {0x0069, 11336, 95, 9, 21, 7, -1, -20},
    {0x006a, 11431, 149, 11, 27, 7, -3, -20},
    {0x006b, 11580, 168, 16, 21, 14, -1, -20},
    {0x006c, 11748, 99, 9, 22, 7, -1, -21},
    {0x006d, 11847, 188, 25, 15, 23, -1, -14},
    {0x006e, 12035, 128, 17, 15, 15, -1, -14},
    {0x006f, 12163, 128, 17, 15, 15, -1, -14},
    {0x0070, 12291, 179, 17, 21, 15, -1, -14},
    {0x0071, 12470, 179, 17, 21, 15, -1, -14},
    {0x0072, 12649, 90, 12, 15, 10, -1, -14},
    {0x0073, 12739, 105, 14, 15, 12, -1, -14},
    {0x0074, 12844, 120, 12, 20, 10, -1, -19},
    {0x0075, 12964, 128, 17, 15, 15, -1, -14},
    {0x0076, 13092, 113, 15, 15, 13, -1, -14},
    {0x0077, 13205, 165, 22, 15, 20, -1, -14},
    {0x0078, 13370, 113, 15, 15, 13, -1, -14},
    {0x0079, 13483, 158, 15, 21, 13, -1, -14},
    {0x007a, 13641, 105, 14, 15, 12, -1, -14},
    {0x007b, 13746, 138, 11, 25, 9, -1, -20},
    {0x007c, 13884, 131, 9, 29, 7, -1, -21},
    {0x007d, 14015, 138, 11, 25, 9, -1, -20},
    {0x007e, 14153, 112, 16, 14, 14, -1, -13},
    {0x00b0, 14265, 116, 11, 21, 9, -1, -20},
    {0x00b7, 14381, 182, 26, 14, 24, -1, -13},
    {0x25a1, 14563, 286, 26, 22, 24, -1, -20},
    {0x3002, 14849, 130, 26, 10, 24, -1, -7},
    {0x4e00, 14979, 169, 26, 13, 24, -1, -12},
    {0x4e0a, 15148, 325, 26, 25, 24, -1, -22},
    {0x4e0b, 15473, 312, 26, 24, 24, -1, -20},
    {0x4e2a, 15785, 325, 26, 25, 24, -1, -22},
    {0x4e2d, 16110, 338, 26, 26, 24, -1, -22},
    {0x4e3b, 16448, 325, 26, 25, 24, -1, -22},
    {0x4e50, 16773, 338, 26, 26, 24, -1, -22},
    {0x4e8e, 17111, 312, 26, 24, 24, -1, -20},
    {0x4e91, 17423, 312, 26, 24, 24, -1, -20},
    {0x4eae, 17735, 338, 26, 26, 24, -1, -22},
    {0x4ec5, 18073, 338, 26, 26, 24, -1, -22},
    {0x4f4d, 18411, 338, 26, 26, 24, -1, -22},
    {0x4f4e, 18749, 338, 26, 26, 24, -1, -22},
    {0x4f53, 19087, 338, 26, 26, 24, -1, -22},
    {0x4f5c, 19425, 338, 26, 26, 24, -1, -22},
    {0x4f8b, 19763, 338, 26, 26, 24, -1, -22},
    {0x4fdd, 20101, 338, 26, 26, 24, -1, -22},
    {0x5012, 20439, 338, 26, 26, 24, -1, -22},
    {0x505c, 20777, 338, 26, 26, 24, -1, -22},
    {0x5148, 21115, 338, 26, 26, 24, -1, -22},
    {0x5149, 21453, 338, 26, 26, 24, -1, -22},
    {0x5165, 21791, 312, 26, 24, 24, -1, -21},
    {0x5173, 22103, 338, 26, 26, 24, -1, -22},
    {0x5199, 22441, 325, 26, 25, 24, -1, -21},
    {0x51c6, 22766, 338, 26, 26, 24, -1, -22},
    {0x51fa, 23104, 338, 26, 26, 24, -1, -22},
    {0x51fb, 23442, 338, 26, 26, 24, -1, -22},
    {0x5206, 23780, 338, 26, 26, 24, -1, -22},
    {0x5220, 24118, 351, 26, 27, 24, -1, -22},
    {0x5230, 24469, 338, 26, 26, 24, -1, -22},
    {0x5237, 24807, 325, 26, 25, 24, -1, -21},
    {0x524d, 25132, 338, 26, 26, 24, -1, -22},
    {0x52a0, 25470, 338, 26, 26, 24, -1, -22},
    {0x52a8, 25808, 338, 26, 26, 24, -1, -22},
    {0x5355, 26146, 338, 26, 26, 24, -1, -22},
    {0x5357, 26484, 338, 26, 26, 24, -1, -22},
    {0x535a, 26822, 338, 26, 26, 24, -1, -22},
    {0x53cc, 27160, 325, 26, 25, 24, -1, -21},
    {0x53d6, 27485, 325, 26, 25, 24, -1, -21},
    {0x53f3, 27810, 338, 26, 26, 24, -1, -22},
    {0x540e, 28148, 338, 26, 26, 24, -1, -22},
    {0x5411, 28486, 338, 26, 26, 24, -1, -22},
    {0x542f, 28824, 338, 26, 26, 24, -1, -22},
    {0x548c, 29162, 338, 26, 26, 24, -1, -22},
    {0x5668, 29500, 325, 26, 25, 24, -1, -21},
    {0x56de, 29825, 325, 26, 25, 24, -1, -21},
    {0x5728, 30150, 338, 26, 26, 24, -1, -22},
    {0x5730, 30488, 338, 26, 26, 24, -1, -22},
    {0x57ce, 30826, 338, 26, 26, 24, -1, -22},
    {0x58f0, 31164, 338, 26, 26, 24, -1, -22},
    {0x5907, 31502, 338, 26, 26, 24, -1, -22},
    {0x590d, 31840, 338, 26, 26, 24, -1, -22},
    {0x591a, 32178, 338, 26, 26, 24, -1, -22},
    {0x5927, 32516, 338, 26, 26, 24, -1, -22},
    {0x5929, 32854, 312, 26, 24, 24, -1, -20},
    {0x5931, 33166, 338, 26, 26, 24, -1, -22},
    {0x5982, 33504, 338, 26, 26, 24, -1, -22},
    {0x5b50, 33842, 325, 26, 25, 24, -1, -21},
    {0x5b57, 34167, 338, 26, 26, 24, -1, -22},
    {0x5b58, 34505, 338, 26, 26, 24, -1, -22},
    {0x5b9a, 34843, 338, 26, 26, 24, -1, -22},
    {0x5bb6, 35181, 338, 26, 26, 24, -1, -22},
    {0x5bc6, 35519, 338, 26, 26, 24, -1, -22},
    {0x5c06, 35857, 338, 26, 26, 24, -1, -22},
    {0x5c0f, 36195, 338, 26, 26, 24, -1, -22},
    {0x5c11, 36533, 325, 26, 25, 24, -1, -21},
    {0x5c31, 36858, 338, 26, 26, 24, -1, -22},
    {0x5ca9, 37196, 338, 26, 26, 24, -1, -22},
    {0x5de6, 37534, 325, 26, 25, 24, -1, -22},
    {0x5df2, 37859, 299, 26, 23, 24, -1, -20},
    {0x5e02, 38158, 338, 26, 26, 24, -1, -22},
    {0x5e38, 38496, 338, 26, 26, 24, -1, -22},
    {0x5e76, 38834, 338, 26, 26, 24, -1, -22},
    {0x5ea6, 39172, 338, 26, 26, 24, -1, -22},
    {0x5ead, 39510, 338, 26, 26, 24, -1, -22},
    {0x5f00, 39848, 312, 26, 24, 24, -1, -20},
    {0x5f53, 40160, 338, 26, 26, 24, -1, -22},
    {0x5f69, 40498, 338, 26, 26, 24, -1, -22},
    {0x5f85, 40836, 338, 26, 26, 24, -1, -22},
    {0x5f8b, 41174, 338, 26, 26, 24, -1, -22},
    {0x5fc3, 41512, 325, 26, 25, 24, -1, -21},
    {0x6062, 41837, 338, 26, 26, 24, -1, -22},
    {0x611f, 42175, 325, 26, 25, 24, -1, -22},
    {0x624b, 42500, 338, 26, 26, 24, -1, -22},
    {0x626b, 42838, 338, 26, 26, 24, -1, -22},
    {0x627e, 43176, 338, 26, 26, 24, -1, -22},
    {0x62e9, 43514, 338, 26, 26, 24, -1, -22},
    {0x6307, 43852, 338, 26, 26, 24, -1, -22},
    {0x6309, 44190, 351, 26, 27, 24, -1, -22},
    {0x63a5, 44541, 338, 26, 26, 24, -1, -22},
    {0x63a7, 44879, 338, 26, 26, 24, -1, -22},
    {0x63cf, 45217, 338, 26, 26, 24, -1, -22},
    {0x641c, 45555, 338, 26, 26, 24, -1, -22},
    {0x64ad, 45893, 338, 26, 26, 24, -1, -22},
    {0x64cd, 46231, 338, 26, 26, 24, -1, -22},
    {0x653e, 46569, 338, 26, 26, 24, -1, -22},
    {0x6563, 46907, 338, 26, 26, 24, -1, -22},
    {0x6570, 47245, 338, 26, 26, 24, -1, -22},
    {0x6587, 47583, 338, 26, 26, 24, -1, -22},
    {0x65b0, 47921, 338, 26, 26, 24, -1, -22},
    {0x65f6, 48259, 338, 26, 26, 24, -1, -22},
    {0x663e, 48597, 299, 26, 23, 24, -1, -20},
    {0x6674, 48896, 338, 26, 26, 24, -1, -22},
    {0x6682, 49234, 338, 26, 26, 24, -1, -22},
    {0x66f4, 49572, 325, 26, 25, 24, -1, -21},
    {0x6700, 49897, 325, 26, 25, 24, -1, -21},
    {0x672a, 50222, 338, 26, 26, 24, -1, -22},
    {0x672c, 50560, 338, 26, 26, 24, -1, -22},
    {0x673a, 50898, 338, 26, 26, 24, -1, -22},
    {0x6781, 51236, 338, 26, 26, 24, -1, -22},
    {0x6821, 51574, 338, 26, 26, 24, -1, -22},
    {0x683c, 51912, 338, 26, 26, 24, -1, -22},
    {0x6b63, 52250, 299, 26, 23, 24, -1, -20},
    {0x6c14, 52549, 338, 26, 26, 24, -1, -22},
    {0x6c34, 52887, 338, 26, 26, 24, -1, -22},
    {0x6d77, 53225, 338, 26, 26, 24, -1, -22},
    {0x6d88, 53563, 338, 26, 26, 24, -1, -22},
    {0x6db2, 53901, 338, 26, 26, 24, -1, -22},
    {0x6df1, 54239, 338, 26, 26, 24, -1, -22},
    {0x6e7f, 54577, 338, 26, 26, 24, -1, -22},
    {0x6ed1, 54915, 338, 26, 26, 24, -1, -22},
    {0x70b9, 55253, 338, 26, 26, 24, -1, -22},
    {0x70ed, 55591, 338, 26, 26, 24, -1, -22},
    {0x7194, 55929, 338, 26, 26, 24, -1, -22},
    {0x7206, 56267, 338, 26, 26, 24, -1, -22},
    {0x7259, 56605, 325, 26, 25, 24, -1, -21},
    {0x7528, 56930, 312, 26, 24, 24, -1, -20},
    {0x7535, 57242, 338, 26, 26, 24, -1, -22},
    {0x77f3, 57580, 312, 26, 24, 24, -1, -20},
    {0x7801, 57892, 325, 26, 25, 24, -1, -21},
    {0x786e, 58217, 338, 26, 26, 24, -1, -22},
    {0x793a, 58555, 312, 26, 24, 24, -1, -20},
    {0x7a0d, 58867, 338, 26, 26, 24, -1, -22},
    {0x7a7a, 59205, 325, 26, 25, 24, -1, -22},
    {0x7b14, 59530, 325, 26, 25, 24, -1, -22},
    {0x7b49, 59855, 338, 26, 26, 24, -1, -22},
    {0x7c92, 60193, 338, 26, 26, 24, -1, -22},
    {0x7d22, 60531, 338, 26, 26, 24, -1, -22},
    {0x7edc, 60869, 338, 26, 26, 24, -1, -22},
    {0x7ee7, 61207, 312, 26, 24, 24, -1, -22},
    {0x7eea, 61519, 338, 26, 26, 24, -1, -22},
    {0x7eed, 61857, 338, 26, 26, 24, -1, -22},
    {0x7f51, 62195, 325, 26, 25, 24, -1, -21},
    {0x7f6e, 62520, 312, 26, 24, 24, -1, -21},
    {0x81ea, 62832, 338, 26, 26, 24, -1, -22},
    {0x84dd, 63170, 325, 26, 25, 24, -1, -22},
    {0x8679, 63495, 325, 26, 25, 24, -1, -22},
    {0x89e6, 63820, 338, 26, 26, 24, -1, -22},
    {0x8a00, 64158, 338, 26, 26, 24, -1, -22},
    {0x8ba1, 64496, 338, 26, 26, 24, -1, -22},
    {0x8bbe, 64834, 338, 26, 26, 24, -1, -22},
    {0x8bed, 65172, 338, 26, 26, 24, -1, -22},
    {0x8bf7, 65510, 338, 26, 26, 24, -1, -22},
    {0x8d25, 65848, 338, 26, 26, 24, -1, -22},
    {0x8d5b, 66186, 338, 26, 26, 24, -1, -22},
    {0x8d85, 66524, 338, 26, 26, 24, -1, -22},
    {0x8f93, 66862, 338, 26, 26, 24, -1, -22},
    {0x8fd4, 67200, 338, 26, 26, 24, -1, -22},
    {0x8fdb, 67538, 338, 26, 26, 24, -1, -22},
    {0x8fde, 67876, 338, 26, 26, 24, -1, -22},
    {0x8ff9, 68214, 338, 26, 26, 24, -1, -22},
    {0x9000, 68552, 325, 26, 25, 24, -1, -21},
    {0x9009, 68877, 338, 26, 26, 24, -1, -22},
    {0x901f, 69215, 338, 26, 26, 24, -1, -22},
    {0x914d, 69553, 325, 26, 25, 24, -1, -21},
    {0x91cd, 69878, 325, 26, 25, 24, -1, -22},
    {0x91cf, 70203, 312, 26, 24, 24, -1, -21},
    {0x91d1, 70515, 325, 26, 25, 24, -1, -22},
    {0x949f, 70840, 338, 26, 26, 24, -1, -22},
    {0x94bb, 71178, 338, 26, 26, 24, -1, -22},
    {0x94f6, 71516, 338, 26, 26, 24, -1, -22},
    {0x952e, 71854, 338, 26, 26, 24, -1, -22},
    {0x957f, 72192, 338, 26, 26, 24, -1, -22},
    {0x95ed, 72530, 338, 26, 26, 24, -1, -22},
    {0x95f4, 72868, 338, 26, 26, 24, -1, -22},
    {0x9634, 73206, 338, 26, 26, 24, -1, -22},
    {0x9664, 73544, 338, 26, 26, 24, -1, -22},
    {0x96e8, 73882, 312, 26, 24, 24, -1, -20},
    {0x96ea, 74194, 325, 26, 25, 24, -1, -21},
    {0x96f7, 74519, 325, 26, 25, 24, -1, -21},
    {0x96fe, 74844, 325, 26, 25, 24, -1, -21},
    {0x9707, 75169, 325, 26, 25, 24, -1, -21},
    {0x9759, 75494, 338, 26, 26, 24, -1, -22},
    {0x97f3, 75832, 338, 26, 26, 24, -1, -22},
    {0x9898, 76170, 325, 26, 25, 24, -1, -21},
    {0x98ce, 76495, 325, 26, 25, 24, -1, -21},
    {0x9a7b, 76820, 338, 26, 26, 24, -1, -22},
    {0x9ad8, 77158, 338, 26, 26, 24, -1, -22},
    {0x9ec4, 77496, 338, 26, 26, 24, -1, -22},
    {0xff0c, 77834, 143, 26, 11, 24, -1, -6},
    {0xff0f, 77977, 325, 26, 25, 24, -1, -21},
    {0xff1a, 78302, 247, 26, 19, 24, -1, -17},
};

static const uint8_t kBitmap[] = {
    0x00, 0x00, 0x00, 0x00, 0x00, 0x00, 0x00, 0x00, 0x00, 0x00, 0x00, 0x00, 0x00, 0x02, 0x66, 0x30,
    0x00, 0x00, 0x04, 0xff, 0x70, 0x00, 0x00, 0x04, 0xff, 0x70, 0x00, 0x00, 0x03, 0xff, 0x70, 0x00,
    0x00, 0x02, 0xff, 0x60, 0x00, 0x00, 0x02, 0xff, 0x50, 0x00, 0x00, 0x01, 0xff, 0x50, 0x00, 0x00,
    0x01, 0xff, 0x40, 0x00, 0x00, 0x00, 0xff, 0x30, 0x00, 0x00, 0x00, 0xef, 0x30, 0x00, 0x00, 0x00,
    0xef, 0x20, 0x00, 0x00, 0x00, 0xdf, 0x10, 0x00, 0x00, 0x00, 0xdf, 0x10, 0x00, 0x00, 0x00, 0x00,
    0x00, 0x00, 0x00, 0x00, 0x00, 0x00, 0x00, 0x00, 0x02, 0xbc, 0x40, 0x00, 0x00, 0x09, 0xff, 0xd0,
    0x00, 0x00, 0x0a, 0xff, 0xd0, 0x00, 0x00, 0x03, 0xde, 0x50, 0x00, 0x00, 0x00, 0x00, 0x00, 0x00,
    0x00, 0x00, 0x00, 0x00, 0x00, 0x00, 0x00, 0x00, 0x08, 0x99, 0x00, 0x59, 0x92, 0x00, 0x00, 0x0d,
    0xfe, 0x00, 0x9f, 0xf3, 0x00, 0x00, 0x0c, 0xfe, 0x00, 0x8f, 0xf3, 0x00, 0x00, 0x0b, 0xfd, 0x00,
    0x7f, 0xf2, 0x00, 0x00, 0x0a, 0xfc, 0x00, 0x6f, 0xf1, 0x00, 0x00, 0x08, 0xfa, 0x00, 0x4f, 0xe0,
    0x00, 0x00, 0x06, 0xf8, 0x00, 0x2f, 0xc0, 0x00, 0x00, 0x05, 0xf7, 0x00, 0x0f, 0xa0, 0x00, 0x00,
    0x00, 0x00, 0x00, 0x00, 0x00, 0x00, 0x00, 0x00, 0x00, 0x00, 0x00, 0x00, 0x00, 0x00, 0x00, 0x00,
    0x00, 0x00, 0x00, 0x00, 0x00, 0x00, 0x00, 0x00, 0x00, 0x00, 0x00, 0x00, 0x00, 0x00, 0x00, 0x00,
    0x00, 0x00, 0x00, 0x00, 0x00, 0x00, 0x00, 0x00, 0x00, 0x00, 0x00, 0x00, 0x00, 0x00, 0x00, 0x00,
    0x00, 0x00, 0x00, 0x00, 0x00, 0x00, 0x00, 0x00, 0x00, 0x00, 0x00, 0x00, 0x00, 0x00, 0x00, 0x00,
    0x00, 0x00, 0x00, 0x00, 0x00, 0x00, 0x00, 0x00, 0x00, 0x00, 0x00, 0x00, 0x00, 0x00, 0x00, 0x00,
    0x00, 0x00, 0x00, 0x00, 0x00, 0x00, 0x00, 0x00, 0x00, 0x00, 0x00, 0x00, 0x00, 0x05, 0xa2, 0x00,
    0x4a, 0x20, 0x00, 0x00, 0x00, 0x09, 0xf2, 0x00, 0x8f, 0x20, 0x00, 0x00, 0x00, 0x0b, 0xf0, 0x00,
    0xaf, 0x10, 0x00, 0x00, 0x00, 0x0d, 0xd0, 0x00, 0xce, 0x00, 0x00, 0x00, 0x00, 0x0e, 0xb0, 0x00,
    0xec, 0x00, 0x00, 0x00, 0x7d, 0xdf, 0xed, 0xdd, 0xfe, 0xdb, 0x00, 0x00, 0x8f, 0xff, 0xff, 0xff,
    0xff, 0xfd, 0x00, 0x00, 0x00, 0x5f, 0x50, 0x05, 0xf7, 0x00, 0x00, 0x00, 0x00, 0x7f, 0x40, 0x06,
    0xf5, 0x00, 0x00, 0x00, 0x00, 0x9f, 0x20, 0x08, 0xf3, 0x00, 0x00, 0x00, 0x00, 0xaf, 0x00, 0x0a,
    0xf1, 0x00, 0x00, 0x01, 0xff, 0xff, 0xff, 0xff, 0xff, 0xf5, 0x00, 0x01, 0xdd, 0xff, 0xdd, 0xdf,
    0xfd, 0xd4, 0x00, 0x00, 0x01, 0xfa, 0x00, 0x0f, 0xb0, 0x00, 0x00, 0x00, 0x02, 0xf8, 0x00, 0x2f,
    0x90, 0x00, 0x00, 0x00, 0x04, 0xf6, 0x00, 0x4f, 0x70, 0x00, 0x00, 0x00, 0x06, 0xf4, 0x00, 0x6f,
    0x50, 0x00, 0x00, 0x00, 0x08, 0xf2, 0x00, 0x8f, 0x30, 0x00, 0x00, 0x00, 0x00, 0x00, 0x00, 0x00,
    0x00, 0x00, 0x00, 0x00, 0x00, 0x00, 0x00, 0x00, 0x00, 0x00, 0x00, 0x00, 0x00, 0x00, 0x1e, 0xc0,
    0x00, 0x00, 0x00, 0x00, 0x00, 0x00, 0x1f, 0xd0, 0x00, 0x00, 0x00, 0x00, 0x00, 0x00, 0x2f, 0xd0,
    0x00, 0x00, 0x00, 0x00, 0x00, 0x1a, 0xff, 0xfc, 0x71, 0x00, 0x00, 0x00, 0x01, 0xef, 0xff, 0xff,
    0xfe, 0x40, 0x00, 0x00, 0x09, 0xff, 0x81, 0x14, 0xce, 0x40, 0x00, 0x00, 0x0d, 0xfc, 0x00, 0x00,
    0x13, 0x00, 0x00, 0x00, 0x0f, 0xfa, 0x00, 0x00, 0x00, 0x00, 0x00, 0x00, 0x0d, 0xfe, 0x10, 0x00,
    0x00, 0x00, 0x00, 0x00, 0x08, 0xff, 0xd3, 0x00, 0x00, 0x00, 0x00, 0x00, 0x00, 0xbf, 0xff, 0x91,
    0x00, 0x00, 0x00, 0x00, 0x00, 0x07, 0xff, 0xfe, 0x40, 0x00, 0x00, 0x00, 0x00, 0x00, 0x3d, 0xff,
    0xf8, 0x00, 0x00, 0x00, 0x00, 0x00, 0x00, 0x7f, 0xff, 0x50, 0x00, 0x00, 0x00, 0x00, 0x00, 0x04,
    0xff, 0xc0, 0x00, 0x00, 0x00, 0x00, 0x00, 0x00, 0xcf, 0xf0, 0x00, 0x00, 0x00, 0x00, 0x00, 0x00,
    0xaf, 0xe0, 0x00, 0x00, 0x0a, 0x50, 0x00, 0x01, 0xef, 0xc0, 0x00, 0x00, 0x7f, 0xfb, 0x75, 0x6d,
    0xff, 0x50, 0x00, 0x00, 0x1a, 0xff, 0xff, 0xff, 0xf9, 0x00, 0x00, 0x00, 0x00, 0x59, 0xdf, 0xfc,
    0x60, 0x00, 0x00, 0x00, 0x00, 0x00, 0x1f, 0xd0, 0x00, 0x00, 0x00, 0x00, 0x00, 0x00, 0x1f, 0xd0,
    0x00, 0x00, 0x00, 0x00, 0x00, 0x00, 0x1e, 0xc0, 0x00, 0x00, 0x00, 0x00, 0x00, 0x00, 0x00, 0x00,
    0x00, 0x00, 0x00, 0x00, 0x00, 0x00, 0x00, 0x00, 0x00, 0x00, 0x00, 0x00, 0x00, 0x00, 0x00, 0x00,
    0x00, 0x1a, 0xdd, 0xa1, 0x00, 0x00, 0x00, 0x2e, 0xa0, 0x00, 0x00, 0x00, 0x00, 0x1d, 0xfc, 0xcf,
    0xd1, 0x00, 0x00, 0x09, 0xf3, 0x00, 0x00, 0x00, 0x00, 0x08, 0xf9, 0x00, 0x9f, 0x80, 0x00, 0x02,
    0xf9, 0x00, 0x00, 0x00, 0x00, 0x00, 0xdf, 0x20, 0x02, 0xfd, 0x00, 0x00, 0xaf, 0x20, 0x00, 0x00,
    0x00, 0x00, 0x0f, 0xe0, 0x00, 0x0f, 0xf0, 0x00, 0x3f, 0x80, 0x00, 0x00, 0x00, 0x00, 0x02, 0xfd,
    0x00, 0x00, 0xef, 0x20, 0x0b, 0xe1, 0x00, 0x00, 0x00, 0x00, 0x00, 0x0f, 0xf0, 0x00, 0x0f, 0xf0,
    0x04, 0xf7, 0x00, 0x00, 0x00, 0x00, 0x00, 0x00, 0xdf, 0x20, 0x03, 0xfd, 0x00, 0xcd, 0x10, 0x5c,
    0xec, 0x60, 0x00, 0x00, 0x08, 0xf9, 0x00, 0x9f, 0x70, 0x5f, 0x60, 0x6f, 0xeb, 0xef, 0x70, 0x00,
    0x00, 0x1d, 0xfb, 0xbf, 0xd1, 0x0d, 0xd0, 0x1e, 0xf2, 0x02, 0xee, 0x10, 0x00, 0x00, 0x1a, 0xdd,
    0xa1, 0x07, 0xf5, 0x05, 0xfa, 0x00, 0x09, 0xf6, 0x00, 0x00, 0x00, 0x00, 0x00, 0x01, 0xec, 0x00,
    0x7f, 0x80, 0x00, 0x6f, 0x80, 0x00, 0x00, 0x00, 0x00, 0x00, 0x8f, 0x40, 0x08, 0xf7, 0x00, 0x05,
    0xfa, 0x00, 0x00, 0x00, 0x00, 0x00, 0x1e, 0xb0, 0x00, 0x7f, 0x80, 0x00, 0x6f, 0x80, 0x00, 0x00,
    0x00, 0x00, 0x09, 0xf3, 0x00, 0x05, 0xfa, 0x00, 0x09, 0xf6, 0x00, 0x00, 0x00, 0x00, 0x02, 0xf9,
    0x00, 0x00, 0x1e, 0xf3, 0x02, 0xee, 0x10, 0x00, 0x00, 0x00, 0x00, 0xaf, 0x20, 0x00, 0x00, 0x6f,
    0xeb, 0xef, 0x70, 0x00, 0x00, 0x00, 0x00, 0x3f, 0x80, 0x00, 0x00, 0x00, 0x5c, 0xec, 0x60, 0x00,
    0x00, 0x00, 0x00, 0x00, 0x00, 0x00, 0x00, 0x00, 0x00, 0x00, 0x00, 0x00, 0x00, 0x00, 0x00, 0x00,
    0x00, 0x00, 0x00, 0x00, 0x00, 0x00, 0x00, 0x00, 0x00, 0x18, 0xce, 0xc6, 0x00, 0x00, 0x00, 0x00,
    0x00, 0x00, 0x1d, 0xff, 0xef, 0xf7, 0x00, 0x00, 0x00, 0x00, 0x00, 0x08, 0xfe, 0x30, 0x8f, 0xe0,
    0x00, 0x00, 0x00, 0x00, 0x00, 0xcf, 0x80, 0x02, 0xff, 0x10, 0x00, 0x00, 0x00, 0x00, 0x0d, 0xf7,
    0x00, 0x5f, 0xe0, 0x00, 0x00, 0x00, 0x00, 0x00, 0xbf, 0x90, 0x2d, 0xf8, 0x00, 0x00, 0x00, 0x00,
    0x00, 0x07, 0xfe, 0x5e, 0xfc, 0x10, 0x00, 0x00, 0x00, 0x00, 0x00, 0x1f, 0xff, 0xfa, 0x00, 0x00,
    0x00, 0x00, 0x00, 0x00, 0x04, 0xef, 0xf8, 0x00, 0x00, 0x05, 0xcc, 0x20, 0x00, 0x06, 0xff, 0xff,
    0xd1, 0x00, 0x00, 0xbf, 0xc0, 0x00, 0x05, 0xff, 0xc5, 0xff, 0xb0, 0x00, 0x2f, 0xf6, 0x00, 0x00,
    0xdf, 0xd1, 0x06, 0xff, 0xb1, 0x0a, 0xfe, 0x10, 0x00, 0x1f, 0xf8, 0x00, 0x08, 0xff, 0xc6, 0xff,
    0x50, 0x00, 0x02, 0xff, 0x90, 0x00, 0x08, 0xff, 0xff, 0xb0, 0x00, 0x00, 0x0e, 0xfd, 0x10, 0x00,
    0x09, 0xff, 0xfa, 0x20, 0x00, 0x00, 0x7f, 0xfd, 0x63, 0x5a, 0xff, 0xff, 0xff, 0xa3, 0x00, 0x00,
    0xaf, 0xff, 0xff, 0xff, 0xb3, 0x9f, 0xff, 0x40, 0x00, 0x00, 0x4a, 0xdf, 0xeb, 0x50, 0x00, 0x28,
    0xc0, 0x00, 0x00, 0x00, 0x00, 0x00, 0x00, 0x00, 0x00, 0x00, 0x00, 0x00, 0x00, 0x00, 0x00, 0x00,
    0x00, 0x89, 0x90, 0x00, 0x00, 0x0d, 0xfe, 0x00, 0x00, 0x00, 0xcf, 0xe0, 0x00, 0x00, 0x0b, 0xfd,
    0x00, 0x00, 0x00, 0xaf, 0xc0, 0x00, 0x00, 0x08, 0xfa, 0x00, 0x00, 0x00, 0x6f, 0x80, 0x00, 0x00,
    0x05, 0xf7, 0x00, 0x00, 0x00, 0x00, 0x00, 0x00, 0x00, 0x00, 0x00, 0x00, 0x00, 0x00, 0x00, 0x00,
    0x00, 0x00, 0x00, 0x00, 0x00, 0x00, 0x00, 0x00, 0x00, 0x00, 0x00, 0x00, 0x00, 0x00, 0x00, 0x00,
    0x00, 0x00, 0x00, 0x00, 0x00, 0x00, 0x00, 0x00, 0x00, 0x00, 0x00, 0x00, 0x00, 0x00, 0x00, 0x00,
    0x00, 0x00, 0x00, 0x00, 0x00, 0x00, 0x00, 0x00, 0x00, 0x00, 0x00, 0x00, 0x00, 0x00, 0x00, 0x00,
    0x00, 0x00, 0x08, 0x92, 0x00, 0x00, 0x00, 0x02, 0xfe, 0x10, 0x00, 0x00, 0x00, 0xaf, 0x80, 0x00,
    0x00, 0x00, 0x1f, 0xf1, 0x00, 0x00, 0x00, 0x07, 0xfb, 0x00, 0x00, 0x00, 0x00, 0xdf, 0x60, 0x00,
    0x00, 0x00, 0x2f, 0xf2, 0x00, 0x00, 0x00, 0x05, 0xfe, 0x00, 0x00, 0x00, 0x00, 0x8f, 0xb0, 0x00,
    0x00, 0x00, 0x0a, 0xf9, 0x00, 0x00, 0x00, 0x00, 0xbf, 0x80, 0x00, 0x00, 0x00, 0x0c, 0xf7, 0x00,
    0x00, 0x00, 0x00, 0xdf, 0x60, 0x00, 0x00, 0x00, 0x0c, 0xf7, 0x00, 0x00, 0x00, 0x00, 0xbf, 0x80,
    0x00, 0x00, 0x00, 0x0a, 0xf9, 0x00, 0x00, 0x00, 0x00, 0x7f, 0xc0, 0x00, 0x00, 0x00, 0x04, 0xff,
    0x00, 0x00, 0x00, 0x00, 0x1f, 0xf3, 0x00, 0x00, 0x00, 0x00, 0xaf, 0x80, 0x00, 0x00, 0x00, 0x05,
    0xfd, 0x00, 0x00, 0x00, 0x00, 0x0e, 0xf4, 0x00, 0x00, 0x00, 0x00, 0x6f, 0xb0, 0x00, 0x00, 0x00,
    0x00, 0xdf, 0x30, 0x00, 0x00, 0x00, 0x04, 0x30, 0x00, 0x00, 0x00, 0x00, 0x00, 0x00, 0x00, 0x00,
    0x00, 0x00, 0x00, 0x00, 0x00, 0x06, 0xc2, 0x00, 0x00, 0x00, 0x00, 0x8f, 0x90, 0x00, 0x00, 0x00,
    0x01, 0xef, 0x30, 0x00, 0x00, 0x00, 0x09, 0xf9, 0x00, 0x00, 0x00, 0x00, 0x3f, 0xe1, 0x00, 0x00,
    0x00, 0x00, 0xdf, 0x50, 0x00, 0x00, 0x00, 0x09, 0xf9, 0x00, 0x00, 0x00, 0x00, 0x6f, 0xd0, 0x00,
    0x00, 0x00, 0x03, 0xff, 0x10, 0x00, 0x00, 0x00, 0x1f, 0xf3, 0x00, 0x00, 0x00, 0x00, 0xff, 0x40,
    0x00, 0x00, 0x00, 0x0e, 0xf5, 0x00, 0x00, 0x00, 0x00, 0xdf, 0x60, 0x00, 0x00, 0x00, 0x0e, 0xf5,
    0x00, 0x00, 0x00, 0x00, 0xff, 0x40, 0x00, 0x00, 0x00, 0x1f, 0xf3, 0x00, 0x00, 0x00, 0x04, 0xff,
    0x00, 0x00, 0x00, 0x00, 0x7f, 0xb0, 0x00, 0x00, 0x00, 0x0a, 0xf8, 0x00, 0x00, 0x00, 0x01, 0xff,
    0x30, 0x00, 0x00, 0x00, 0x5f, 0xd0, 0x00, 0x00, 0x00, 0x0b, 0xf7, 0x00, 0x00, 0x00, 0x04, 0xfe,
    0x10, 0x00, 0x00, 0x00, 0xbf, 0x60, 0x00, 0x00, 0x00, 0x01, 0x60, 0x00, 0x00, 0x00, 0x00, 0x00,
    0x00, 0x00, 0x00, 0x00, 0x00, 0x00, 0x00, 0x00, 0x00, 0x00, 0x00, 0x00, 0x00, 0x00, 0xf9, 0x00,
    0x00, 0x00, 0x00, 0x00, 0x02, 0xfa, 0x00, 0x00, 0x00, 0x00, 0x28, 0x44, 0xfc, 0x26, 0x70, 0x00,
    0x00, 0x7f, 0xff, 0xff, 0xff, 0xf1, 0x00, 0x00, 0x04, 0xbf, 0xff, 0xe8, 0x20, 0x00, 0x00, 0x00,
    0x3f, 0xff, 0xc0, 0x00, 0x00, 0x00, 0x00, 0xcf, 0x8d, 0xf6, 0x00, 0x00, 0x00, 0x03, 0xfa, 0x02,
    0xec, 0x00, 0x00, 0x00, 0x00, 0x30, 0x00, 0x31, 0x00, 0x00, 0x00, 0x00, 0x00, 0x00, 0x00, 0x00,
    0x00, 0x00, 0x00, 0x00, 0x00, 0x00, 0x00, 0x00, 0x00, 0x00, 0x00, 0x00, 0x00, 0x00, 0x00, 0x00,
    0x00, 0x00, 0x00, 0x00, 0x00, 0x00, 0x00, 0x00, 0x00, 0x00, 0x00, 0x00, 0x00, 0x00, 0x00, 0x00,
    0x00, 0x00, 0x00, 0x00, 0x00, 0x00, 0x00, 0x00, 0x00, 0x00, 0x00, 0x00, 0x00, 0x00, 0x00, 0x00,
    0x00, 0x00, 0x00, 0x00, 0x00, 0x00, 0x00, 0x00, 0x00, 0x00, 0x00, 0x00, 0x00, 0x00, 0x00, 0x00,
    0x00, 0x00, 0x00, 0x00, 0x00, 0x00, 0x00, 0x00, 0x00, 0x00, 0x00, 0x00, 0x00, 0x00, 0x00, 0x00,
    0x00, 0x00, 0x13, 0x30, 0x00, 0x00, 0x00, 0x00, 0x00, 0x00, 0x4f, 0xd0, 0x00, 0x00, 0x00, 0x00,
    0x00, 0x00, 0x4f, 0xd0, 0x00, 0x00, 0x00, 0x00, 0x00, 0x00, 0x4f, 0xd0, 0x00, 0x00, 0x00, 0x00,
    0x00, 0x00, 0x4f, 0xd0, 0x00, 0x00, 0x00, 0x00, 0x00, 0x00, 0x4f, 0xd0, 0x00, 0x00, 0x00, 0x01,
    0xff, 0xff, 0xff, 0xff, 0xff, 0xfb, 0x00, 0x01, 0xff, 0xff, 0xff, 0xff, 0xff, 0xfb, 0x00, 0x00,
    0x00, 0x00, 0x4f, 0xd0, 0x00, 0x00, 0x00, 0x00, 0x00, 0x00, 0x4f, 0xd0, 0x00, 0x00, 0x00, 0x00,
    0x00, 0x00, 0x4f, 0xd0, 0x00, 0x00, 0x00, 0x00, 0x00, 0x00, 0x4f, 0xd0, 0x00, 0x00, 0x00, 0x00,
    0x00, 0x00, 0x4f, 0xd0, 0x00, 0x00, 0x00, 0x00, 0x00, 0x00, 0x13, 0x30, 0x00, 0x00, 0x00, 0x00,
    0x00, 0x00, 0x00, 0x00, 0x00, 0x00, 0x00, 0x00, 0x00, 0x00, 0x00, 0x00, 0x00, 0x00, 0x00, 0x00,
    0x00, 0x00, 0x00, 0x00, 0x00, 0x00, 0x00, 0x00, 0x00, 0x00, 0x00, 0x00, 0x00, 0x27, 0x50, 0x00,
    0x00, 0x1e, 0xff, 0x50, 0x00, 0x03, 0xff, 0xfb, 0x00, 0x00, 0x08, 0xef, 0xc0, 0x00, 0x00, 0x03,
    0xfa, 0x00, 0x00, 0x00, 0x9f, 0x60, 0x00, 0x00, 0x7f, 0xd0, 0x00, 0x00, 0x8f, 0xd2, 0x00, 0x00,
    0x03, 0x81, 0x00, 0x00, 0x00, 0x00, 0x00, 0x00, 0x00, 0x00, 0x00, 0x00, 0x00, 0x00, 0x00, 0x0d,
    0xff, 0xff, 0xf7, 0x00, 0x00, 0xdf, 0xff, 0xff, 0x70, 0x00, 0x01, 0x11, 0x11, 0x10, 0x00, 0x00,
    0x00, 0x00, 0x00, 0x00, 0x00, 0x00, 0x00, 0x00, 0x00, 0x00, 0x00, 0x00, 0x00, 0x00, 0x00, 0x00,
    0x00, 0x00, 0x00, 0x00, 0x00, 0x00, 0x00, 0x00, 0x00, 0x00, 0x00, 0x00, 0x00, 0x00, 0x00, 0x00,
    0x00, 0x00, 0x00, 0x00, 0x00, 0x00, 0x7d, 0x90, 0x00, 0x00, 0x3f, 0xff, 0x50, 0x00, 0x03, 0xff,
    0xf5, 0x00, 0x00, 0x09, 0xea, 0x00, 0x00, 0x00, 0x00, 0x00, 0x00, 0x00, 0x00, 0x00, 0x00, 0x00,
    0x00, 0x00, 0x00, 0x00, 0x3f, 0xa0, 0x00, 0x00, 0x00, 0x07, 0xf6, 0x00, 0x00, 0x00, 0x00, 0xbf,
    0x20, 0x00, 0x00, 0x00, 0x1f, 0xd0, 0x00, 0x00, 0x00, 0x05, 0xf9, 0x00, 0x00, 0x00, 0x00, 0x9f,
    0x40, 0x00, 0x00, 0x00, 0x0d, 0xf1, 0x00, 0x00, 0x00, 0x03, 0xfb, 0x00, 0x00, 0x00, 0x00, 0x7f,
    0x70, 0x00, 0x00, 0x00, 0x0b, 0xf2, 0x00, 0x00, 0x00, 0x01, 0xfd, 0x00, 0x00, 0x00, 0x00, 0x5f,
    0x90, 0x00, 0x00, 0x00, 0x09, 0xf5, 0x00, 0x00, 0x00, 0x00, 0xdf, 0x10, 0x00, 0x00, 0x00, 0x2f,
    0xb0, 0x00, 0x00, 0x00, 0x07, 0xf7, 0x00, 0x00, 0x00, 0x00, 0xbf, 0x30, 0x00, 0x00, 0x00, 0x1f,
    0xe0, 0x00, 0x00, 0x00, 0x04, 0xf9, 0x00, 0x00, 0x00, 0x00, 0x9f, 0x50, 0x00, 0x00, 0x00, 0x0d,
    0xf1, 0x00, 0x00, 0x00, 0x02, 0xfc, 0x00, 0x00, 0x00, 0x00, 0x7f, 0x70, 0x00, 0x00, 0x00, 0x05,
    0x72, 0x00, 0x00, 0x00, 0x00, 0x00, 0x00, 0x00, 0x00, 0x00, 0x00, 0x00, 0x00, 0x00, 0x00, 0x00,
    0x00, 0x00, 0x00, 0x00, 0x06, 0xce, 0xeb, 0x30, 0x00, 0x00, 0x00, 0x00, 0xaf, 0xff, 0xff, 0xf5,
    0x00, 0x00, 0x00, 0x07, 0xff, 0xb4, 0x6d, 0xff, 0x20, 0x00, 0x00, 0x0e, 0xfc, 0x00, 0x03, 0xff,
    0x90, 0x00, 0x00, 0x5f, 0xf6, 0x00, 0x00, 0xbf, 0xe0, 0x00, 0x00, 0x8f, 0xf2, 0x00, 0x00, 0x6f,
    0xf3, 0x00, 0x00, 0xbf, 0xe0, 0x00, 0x00, 0x4f, 0xf6, 0x00, 0x00, 0xcf, 0xc0, 0x00, 0x00, 0x2f,
    0xf7, 0x00, 0x00, 0xdf, 0xc0, 0x00, 0x00, 0x2f, 0xf8, 0x00, 0x00, 0xdf, 0xc0, 0x00, 0x00, 0x2f,
    0xf8, 0x00, 0x00, 0xcf, 0xd0, 0x00, 0x00, 0x2f, 0xf7, 0x00, 0x00, 0xbf, 0xe0, 0x00, 0x00, 0x4f,
    0xf6, 0x00, 0x00, 0x8f, 0xf1, 0x00, 0x00, 0x6f, 0xf3, 0x00, 0x00, 0x4f, 0xf5, 0x00, 0x00, 0xaf,
    0xe0, 0x00, 0x00, 0x0e, 0xfc, 0x10, 0x03, 0xff, 0x90, 0x00, 0x00, 0x06, 0xff, 0xb5, 0x6d, 0xfe,
    0x20, 0x00, 0x00, 0x00, 0xaf, 0xff, 0xff, 0xf5, 0x00, 0x00, 0x00, 0x00, 0x06, 0xce, 0xeb, 0x30,
    0x00, 0x00, 0x00, 0x00, 0x00, 0x00, 0x00, 0x00, 0x00, 0x00, 0x00, 0x00, 0x00, 0x00, 0x00, 0x00,
    0x00, 0x00, 0x00, 0x00, 0x01, 0x7e, 0xfb, 0x00, 0x00, 0x00, 0x00, 0x02, 0xcf, 0xff, 0xfb, 0x00,
    0x00, 0x00, 0x00, 0x04, 0xff, 0xff, 0xfb, 0x00, 0x00, 0x00, 0x00, 0x00, 0x22, 0x3f, 0xfb, 0x00,
    0x00, 0x00, 0x00, 0x00, 0x00, 0x1f, 0xfb, 0x00, 0x00, 0x00, 0x00, 0x00, 0x00, 0x1f, 0xfb, 0x00,
    0x00, 0x00, 0x00, 0x00, 0x00, 0x1f, 0xfb, 0x00, 0x00, 0x00, 0x00, 0x00, 0x00, 0x1f, 0xfb, 0x00,
    0x00, 0x00, 0x00, 0x00, 0x00, 0x1f, 0xfb, 0x00, 0x00, 0x00, 0x00, 0x00, 0x00, 0x1f, 0xfb, 0x00,
    0x00, 0x00, 0x00, 0x00, 0x00, 0x1f, 0xfb, 0x00, 0x00, 0x00, 0x00, 0x00, 0x00, 0x1f, 0xfb, 0x00,
    0x00, 0x00, 0x00, 0x00, 0x00, 0x1f, 0xfb, 0x00, 0x00, 0x00, 0x00, 0x00, 0x00, 0x1f, 0xfb, 0x00,
    0x00, 0x00, 0x00, 0x00, 0x00, 0x1f, 0xfb, 0x00, 0x00, 0x00, 0x00, 0x04, 0x44, 0x5f, 0xfc, 0x44,
    0x41, 0x00, 0x00, 0x0f, 0xff, 0xff, 0xff, 0xff, 0xf2, 0x00, 0x00, 0x0f, 0xff, 0xff, 0xff, 0xff,
    0xf2, 0x00, 0x00, 0x00, 0x00, 0x00, 0x00, 0x00, 0x00, 0x00, 0x00, 0x00, 0x00, 0x00, 0x00, 0x00,
    0x00, 0x00, 0x00, 0x00, 0x5b, 0xee, 0xc8, 0x10, 0x00, 0x00, 0x00, 0x1a, 0xff, 0xff, 0xff, 0xe3,
    0x00, 0x00, 0x00, 0xbf, 0xf9, 0x55, 0xaf, 0xfc, 0x00, 0x00, 0x00, 0x4e, 0x40, 0x00, 0x09, 0xff,
    0x50, 0x00, 0x00, 0x01, 0x00, 0x00, 0x03, 0xff, 0x70, 0x00, 0x00, 0x00, 0x00, 0x00, 0x02, 0xff,
    0x90, 0x00, 0x00, 0x00, 0x00, 0x00, 0x05, 0xff, 0x80, 0x00, 0x00, 0x00, 0x00, 0x00, 0x08, 0xff,
    0x40, 0x00, 0x00, 0x00, 0x00, 0x00, 0x1e, 0xfc, 0x00, 0x00, 0x00, 0x00, 0x00, 0x00, 0x9f, 0xf4,
    0x00, 0x00, 0x00, 0x00, 0x00, 0x04, 0xff, 0xb0, 0x00, 0x00, 0x00, 0x00, 0x00, 0x2e, 0xfd, 0x10,
    0x00, 0x00, 0x00, 0x00, 0x01, 0xdf, 0xe3, 0x00, 0x00, 0x00, 0x00, 0x00, 0x1c, 0xff, 0x40, 0x00,
    0x00, 0x00, 0x00, 0x02, 0xdf, 0xf4, 0x00, 0x00, 0x00, 0x00, 0x00, 0x3d, 0xff, 0x84, 0x56, 0x66,
    0x63, 0x00, 0x00, 0xef, 0xff, 0xff, 0xff, 0xff, 0xf7, 0x00, 0x00, 0xef, 0xff, 0xff, 0xff, 0xff,
    0xf7, 0x00, 0x00, 0x00, 0x00, 0x00, 0x00, 0x00, 0x00, 0x00, 0x00, 0x00, 0x00, 0x00, 0x00, 0x00,
    0x00, 0x00, 0x00, 0x00, 0x5b, 0xee, 0xca, 0x30, 0x00, 0x00, 0x00, 0x1a, 0xff, 0xff, 0xff, 0xf7,
    0x00, 0x00, 0x00, 0x6f, 0xfa, 0x64, 0x8f, 0xff, 0x30, 0x00, 0x00, 0x09, 0x50, 0x00, 0x06, 0xff,
    0x80, 0x00, 0x00, 0x00, 0x00, 0x00, 0x02, 0xff, 0xb0, 0x00, 0x00, 0x00, 0x00, 0x00, 0x03, 0xff,
    0x90, 0x00, 0x00, 0x00, 0x00, 0x00, 0x0a, 0xff, 0x50, 0x00, 0x00, 0x00, 0x01, 0x35, 0xbf, 0xfa,
    0x00, 0x00, 0x00, 0x00, 0x0a, 0xff, 0xfe, 0x60, 0x00, 0x00, 0x00, 0x00, 0x0a, 0xff, 0xff, 0xb3,
    0x00, 0x00, 0x00, 0x00, 0x00, 0x23, 0x7d, 0xff, 0x50, 0x00, 0x00, 0x00, 0x00, 0x00, 0x02, 0xdf,
    0xe0, 0x00, 0x00, 0x00, 0x00, 0x00, 0x00, 0x9f, 0xf3, 0x00, 0x00, 0x00, 0x00, 0x00, 0x00, 0x9f,
    0xf4, 0x00, 0x00, 0x7b, 0x20, 0x00, 0x02, 0xef, 0xf0, 0x00, 0x02, 0xff, 0xe9, 0x65, 0x8e, 0xff,
    0x80, 0x00, 0x00, 0x5e, 0xff, 0xff, 0xff, 0xfa, 0x00, 0x00, 0x00, 0x01, 0x7c, 0xef, 0xda, 0x40,
    0x00, 0x00, 0x00, 0x00, 0x00, 0x00, 0x00, 0x00, 0x00, 0x00, 0x00, 0x00, 0x00, 0x00, 0x00, 0x00,
    0x00, 0x00, 0x00, 0x00, 0x00, 0x00, 0xcf, 0xfb, 0x00, 0x00, 0x00, 0x00, 0x00, 0x07, 0xff, 0xfb,
    0x00, 0x00, 0x00, 0x00, 0x00, 0x2e, 0xfe, 0xfb, 0x00, 0x00, 0x00, 0x00, 0x00, 0xaf, 0xcc, 0xfb,
    0x00, 0x00, 0x00, 0x00, 0x04, 0xff, 0x4c, 0xfb, 0x00, 0x00, 0x00, 0x00, 0x1d, 0xfb, 0x0d, 0xfb,
    0x00, 0x00, 0x00, 0x00, 0x8f, 0xf2, 0x0d, 0xfb, 0x00, 0x00, 0x00, 0x03, 0xff, 0x80, 0x0d, 0xfb,
    0x00, 0x00, 0x00, 0x0c, 0xfd, 0x00, 0x0d, 0xfb, 0x00, 0x00, 0x00, 0x6f, 0xf4, 0x00, 0x0d, 0xfb,
    0x00, 0x00, 0x01, 0xef, 0x90, 0x00, 0x0d, 0xfb, 0x00, 0x00, 0x08, 0xff, 0xff, 0xff, 0xff, 0xff,
    0xfe, 0x00, 0x08, 0xff, 0xff, 0xff, 0xff, 0xff, 0xfe, 0x00, 0x01, 0x33, 0x33, 0x33, 0x3d, 0xfc,
    0x32, 0x00, 0x00, 0x00, 0x00, 0x00, 0x0d, 0xfb, 0x00, 0x00, 0x00, 0x00, 0x00, 0x00, 0x0d, 0xfb,
    0x00, 0x00, 0x00, 0x00, 0x00, 0x00, 0x0d, 0xfb, 0x00, 0x00, 0x00, 0x00, 0x00, 0x00, 0x0d, 0xfb,
    0x00, 0x00, 0x00, 0x00, 0x00, 0x00, 0x00, 0x00, 0x00, 0x00, 0x00, 0x00, 0x00, 0x00, 0x00, 0x00,
    0x00, 0x00, 0x00, 0x07, 0xff, 0xff, 0xff, 0xff, 0x80, 0x00, 0x00, 0x08, 0xff, 0xff, 0xff, 0xff,
    0x80, 0x00, 0x00, 0x09, 0xff, 0x55, 0x55, 0x55, 0x30, 0x00, 0x00, 0x0a, 0xfd, 0x00, 0x00, 0x00,
    0x00, 0x00, 0x00, 0x0b, 0xfc, 0x00, 0x00, 0x00, 0x00, 0x00, 0x00, 0x0c, 0xfa, 0x00, 0x00, 0x00,
    0x00, 0x00, 0x00, 0x0d, 0xfc, 0xbe, 0xeb, 0x60, 0x00, 0x00, 0x00, 0x0d, 0xff, 0xff, 0xff, 0xfc,
    0x00, 0x00, 0x00, 0x06, 0xe7, 0x32, 0x5d, 0xff, 0x80, 0x00, 0x00, 0x00, 0x00, 0x00, 0x02, 0xef,
    0xf0, 0x00, 0x00, 0x00, 0x00, 0x00, 0x00, 0x9f, 0xf2, 0x00, 0x00, 0x00, 0x00, 0x00, 0x00, 0x7f,
    0xf5, 0x00, 0x00, 0x00, 0x00, 0x00, 0x00, 0x8f, 0xf3, 0x00, 0x00, 0x00, 0x00, 0x00, 0x00, 0xbf,
    0xf1, 0x00, 0x00, 0x9c, 0x20, 0x00, 0x05, 0xff, 0xc0, 0x00, 0x02, 0xff, 0xe9, 0x56, 0x9f, 0xff,
    0x30, 0x00, 0x00, 0x5e, 0xff, 0xff, 0xff, 0xe5, 0x00, 0x00, 0x00, 0x01, 0x7c, 0xee, 0xc9, 0x20,
    0x00, 0x00, 0x00, 0x00, 0x00, 0x00, 0x00, 0x00, 0x00, 0x00, 0x00, 0x00, 0x00, 0x00, 0x00, 0x00,
    0x00, 0x00, 0x00, 0x00, 0x00, 0x7c, 0xee, 0xc6, 0x00, 0x00, 0x00, 0x00, 0x2d, 0xff, 0xff, 0xff,
    0xb1, 0x00, 0x00, 0x00, 0xdf, 0xfa, 0x66, 0xaf, 0xc1, 0x00, 0x00, 0x07, 0xff, 0x70, 0x00, 0x05,
    0x10, 0x00, 0x00, 0x0e, 0xfb, 0x00, 0x00, 0x00, 0x00, 0x00, 0x00, 0x4f, 0xf5, 0x00, 0x00, 0x00,
    0x00, 0x00, 0x00, 0x7f, 0xf1, 0x00, 0x00, 0x00, 0x00, 0x00, 0x00, 0x9f, 0xe0, 0x5c, 0xfd, 0xa3,
    0x00, 0x00, 0x00, 0xaf, 0xd8, 0xff, 0xff, 0xff, 0x50, 0x00, 0x00, 0xbf, 0xff, 0x83, 0x15, 0xef,
    0xe1, 0x00, 0x00, 0xaf, 0xf5, 0x00, 0x00, 0x5f, 0xf6, 0x00, 0x00, 0x9f, 0xe0, 0x00, 0x00, 0x1f,
    0xf8, 0x00, 0x00, 0x6f, 0xf2, 0x00, 0x00, 0x0e, 0xf9, 0x00, 0x00, 0x2f, 0xf7, 0x00, 0x00, 0x1f,
    0xf7, 0x00, 0x00, 0x0b, 0xfd, 0x10, 0x00, 0x7f, 0xf4, 0x00, 0x00, 0x03, 0xff, 0xc5, 0x37, 0xff,
    0xb0, 0x00, 0x00, 0x00, 0x5f, 0xff, 0xff, 0xfc, 0x20, 0x00, 0x00, 0x00, 0x03, 0xae, 0xec, 0x70,
    0x00, 0x00, 0x00, 0x00, 0x00, 0x00, 0x00, 0x00, 0x00, 0x00, 0x00, 0x00, 0x00, 0x00, 0x00, 0x00,
    0x00, 0x00, 0x00, 0xcf, 0xff, 0xff, 0xff, 0xff, 0xf8, 0x00, 0x00, 0xcf, 0xff, 0xff, 0xff, 0xff,
    0xf8, 0x00, 0x00, 0x45, 0x55, 0x55, 0x55, 0xcf, 0xe1, 0x00, 0x00, 0x00, 0x00, 0x00, 0x03, 0xff,
    0x40, 0x00, 0x00, 0x00, 0x00, 0x00, 0x0c, 0xfa, 0x00, 0x00, 0x00, 0x00, 0x00, 0x00, 0x6f, 0xf1,
    0x00, 0x00, 0x00, 0x00, 0x00, 0x00, 0xdf, 0xa0, 0x00, 0x00, 0x00, 0x00, 0x00, 0x05, 0xff, 0x40,
    0x00, 0x00, 0x00, 0x00, 0x00, 0x0b, 0xfd, 0x00, 0x00, 0x00, 0x00, 0x00, 0x00, 0x1f, 0xf8, 0x00,
    0x00, 0x00, 0x00, 0x00, 0x00, 0x5f, 0xf5, 0x00, 0x00, 0x00, 0x00, 0x00, 0x00, 0x8f, 0xf2, 0x00,
    0x00, 0x00, 0x00, 0x00, 0x00, 0xbf, 0xe0, 0x00, 0x00, 0x00, 0x00, 0x00, 0x00, 0xef, 0xc0, 0x00,
    0x00, 0x00, 0x00, 0x00, 0x01, 0xff, 0xa0, 0x00, 0x00, 0x00, 0x00, 0x00, 0x02, 0xff, 0x90, 0x00,
    0x00, 0x00, 0x00, 0x00, 0x04, 0xff, 0x80, 0x00, 0x00, 0x00, 0x00, 0x00, 0x05, 0xff, 0x70, 0x00,
    0x00, 0x00, 0x00, 0x00, 0x00, 0x00, 0x00, 0x00, 0x00, 0x00, 0x00, 0x00, 0x00, 0x00, 0x00, 0x00,
    0x00, 0x00, 0x00, 0x00, 0x06, 0xbe, 0xeb, 0x50, 0x00, 0x00, 0x00, 0x00, 0xcf, 0xff, 0xff, 0xfa,
    0x00, 0x00, 0x00, 0x09, 0xff, 0x61, 0x28, 0xff, 0x60, 0x00, 0x00, 0x0e, 0xf9, 0x00, 0x00, 0xbf,
    0xb0, 0x00, 0x00, 0x1f, 0xf6, 0x00, 0x00, 0x7f, 0xd0, 0x00, 0x00, 0x0e, 0xf9, 0x00, 0x00, 0x9f,
    0xc0, 0x00, 0x00, 0x09, 0xff, 0x50, 0x00, 0xdf, 0x60, 0x00, 0x00, 0x01, 0xcf, 0xfa, 0x39, 0xfb,
    0x00, 0x00, 0x00, 0x00, 0x1e, 0xff, 0xff, 0xc0, 0x00, 0x00, 0x00, 0x02, 0xcf, 0xac, 0xff, 0xf6,
    0x00, 0x00, 0x00, 0x1d, 0xf9, 0x00, 0x4d, 0xff, 0x80, 0x00, 0x00, 0x7f, 0xd0, 0x00, 0x01, 0xcf,
    0xf2, 0x00, 0x00, 0xcf, 0x90, 0x00, 0x00, 0x4f, 0xf6, 0x00, 0x00, 0xdf, 0xa0, 0x00, 0x00, 0x2f,
    0xf8, 0x00, 0x00, 0xaf, 0xe1, 0x00, 0x00, 0x6f, 0xf5, 0x00, 0x00, 0x4f, 0xfd, 0x51, 0x16, 0xef,
    0xd1, 0x00, 0x00, 0x06, 0xff, 0xff, 0xff, 0xfd, 0x30, 0x00, 0x00, 0x00, 0x29, 0xce, 0xeb, 0x71,
    0x00, 0x00, 0x00, 0x00, 0x00, 0x00, 0x00, 0x00, 0x00, 0x00, 0x00, 0x00, 0x00, 0x00, 0x00, 0x00,
    0x00, 0x00, 0x00, 0x00, 0x29, 0xde, 0xd8, 0x10, 0x00, 0x00, 0x00, 0x05, 0xef, 0xff, 0xff, 0xd2,
    0x00, 0x00, 0x00, 0x1e, 0xfd, 0x53, 0x7e, 0xfd, 0x10, 0x00, 0x00, 0x9f, 0xf3, 0x00, 0x04, 0xff,
    0x70, 0x00, 0x00, 0xcf, 0xb0, 0x00, 0x00, 0xbf, 0xd0, 0x00, 0x00, 0xef, 0x90, 0x00, 0x00, 0x7f,
    0xf2, 0x00, 0x00, 0xdf, 0xb0, 0x00, 0x00, 0x5f, 0xf4, 0x00, 0x00, 0xbf, 0xe1, 0x00, 0x00, 0xaf,
    0xf5, 0x00, 0x00, 0x5f, 0xfb, 0x31, 0x3b, 0xff, 0xf6, 0x00, 0x00, 0x0a, 0xff, 0xff, 0xfe, 0x7f,
    0xf5, 0x00, 0x00, 0x00, 0x6c, 0xee, 0xa2, 0x5f, 0xf4, 0x00, 0x00, 0x00, 0x00, 0x00, 0x00, 0x7f,
    0xf1, 0x00, 0x00, 0x00, 0x00, 0x00, 0x00, 0xbf, 0xd0, 0x00, 0x00, 0x00, 0x00, 0x00, 0x02, 0xff,
    0x80, 0x00, 0x00, 0x04, 0x20, 0x00, 0x1b, 0xff, 0x20, 0x00, 0x00, 0x3e, 0xe8, 0x57, 0xdf, 0xf8,
    0x00, 0x00, 0x00, 0x4d, 0xff, 0xff, 0xff, 0x90, 0x00, 0x00, 0x00, 0x01, 0x8d, 0xee, 0xb5, 0x00,
    0x00, 0x00, 0x00, 0x00, 0x00, 0x00, 0x00, 0x00, 0x00, 0x00, 0x00, 0x00, 0x00, 0x00, 0x00, 0x00,
    0x9e, 0xa0, 0x00, 0x00, 0x3f, 0xff, 0x50, 0x00, 0x03, 0xff, 0xf5, 0x00, 0x00, 0x07, 0xd9, 0x00,
    0x00, 0x00, 0x00, 0x00, 0x00, 0x00, 0x00, 0x00, 0x00, 0x00, 0x00, 0x00, 0x00, 0x00, 0x00, 0x00,
    0x00, 0x00, 0x00, 0x00, 0x00, 0x00, 0x00, 0x00, 0x07, 0xd9, 0x00, 0x00, 0x03, 0xff, 0xf5, 0x00,
    0x00, 0x3f, 0xff, 0x50, 0x00, 0x00, 0x9e, 0xa0, 0x00, 0x00, 0x00, 0x00, 0x00, 0x00, 0x00, 0x00,
    0x00, 0x00, 0x00, 0x00, 0x9e, 0xa0, 0x00, 0x00, 0x3f, 0xff, 0x50, 0x00, 0x03, 0xff, 0xf5, 0x00,
    0x00, 0x07, 0xd9, 0x00, 0x00, 0x00, 0x00, 0x00, 0x00, 0x00, 0x00, 0x00, 0x00, 0x00, 0x00, 0x00,
    0x00, 0x00, 0x00, 0x00, 0x00, 0x00, 0x00, 0x00, 0x00, 0x00, 0x00, 0x00, 0x02, 0x75, 0x00, 0x00,
    0x01, 0xef, 0xf5, 0x00, 0x00, 0x3f, 0xff, 0xb0, 0x00, 0x00, 0x8e, 0xfc, 0x00, 0x00, 0x00, 0x3f,
    0xa0, 0x00, 0x00, 0x09, 0xf6, 0x00, 0x00, 0x07, 0xfd, 0x00, 0x00, 0x08, 0xfd, 0x20, 0x00, 0x00,
    0x38, 0x10, 0x00, 0x00, 0x00, 0x00, 0x00, 0x00, 0x00, 0x00, 0x00, 0x00, 0x00, 0x00, 0x00, 0x00,
    0x00, 0x00, 0x00, 0x00, 0x00, 0x00, 0x02, 0x00, 0x00, 0x00, 0x00, 0x00, 0x00, 0x17, 0xdb, 0x00,
    0x00, 0x00, 0x00, 0x00, 0x4a, 0xff, 0xfb, 0x00, 0x00, 0x00, 0x02, 0x8d, 0xff, 0xfc, 0x72, 0x00,
    0x00, 0x05, 0xbf, 0xff, 0xd8, 0x30, 0x00, 0x00, 0x01, 0xef, 0xfe, 0xa4, 0x00, 0x00, 0x00, 0x00,
    0x01, 0xff, 0xe6, 0x00, 0x00, 0x00, 0x00, 0x00, 0x01, 0x9e, 0xff, 0xe9, 0x30, 0x00, 0x00, 0x00,
    0x00, 0x01, 0x6c, 0xff, 0xfd, 0x82, 0x00, 0x00, 0x00, 0x00, 0x00, 0x38, 0xef, 0xff, 0xc6, 0x00,
    0x00, 0x00, 0x00, 0x00, 0x05, 0xbf, 0xfb, 0x00, 0x00, 0x00, 0x00, 0x00, 0x00, 0x02, 0x8a, 0x00,
    0x00, 0x00, 0x00, 0x00, 0x00, 0x00, 0x00, 0x00, 0x00, 0x00, 0x00, 0x00, 0x00, 0x00, 0x00, 0x00,
    0x00, 0x00, 0x00, 0x00, 0x00, 0x00, 0x00, 0x00, 0x00, 0x00, 0x00, 0x00, 0x00, 0x00, 0x00, 0x00,
    0x00, 0x00, 0x00, 0x00, 0x00, 0x00, 0x00, 0x00, 0x01, 0xff, 0xff, 0xff, 0xff, 0xff, 0xfb, 0x00,
    0x01, 0xff, 0xff, 0xff, 0xff, 0xff, 0xfb, 0x00, 0x00, 0x00, 0x00, 0x00, 0x00, 0x00, 0x00, 0x00,
    0x00, 0x00, 0x00, 0x00, 0x00, 0x00, 0x00, 0x00, 0x00, 0x00, 0x00, 0x00, 0x00, 0x00, 0x00, 0x00,
    0x00, 0x00, 0x00, 0x00, 0x00, 0x00, 0x00, 0x00, 0x01, 0xff, 0xff, 0xff, 0xff, 0xff, 0xfb, 0x00,
    0x01, 0xff, 0xff, 0xff, 0xff, 0xff, 0xfb, 0x00, 0x00, 0x00, 0x00, 0x00, 0x00, 0x00, 0x00, 0x00,
    0x00, 0x00, 0x00, 0x00, 0x00, 0x00, 0x00, 0x00, 0x00, 0x00, 0x00, 0x00, 0x00, 0x00, 0x00, 0x00,
    0x00, 0x00, 0x00, 0x00, 0x00, 0x00, 0x00, 0x00, 0x00, 0x00, 0x00, 0x00, 0x00, 0x00, 0x00, 0x00,
    0x00, 0x00, 0x00, 0x00, 0x00, 0x00, 0x00, 0x00, 0x00, 0x00, 0x00, 0x00, 0x00, 0x00, 0x00, 0x00,
    0x00, 0x20, 0x00, 0x00, 0x00, 0x00, 0x00, 0x00, 0x01, 0xfb, 0x50, 0x00, 0x00, 0x00, 0x00, 0x00,
    0x01, 0xff, 0xfe, 0x82, 0x00, 0x00, 0x00, 0x00, 0x00, 0x39, 0xef, 0xff, 0xb6, 0x10, 0x00, 0x00,
    0x00, 0x00, 0x04, 0xaf, 0xff, 0xe9, 0x30, 0x00, 0x00, 0x00, 0x00, 0x01, 0x6b, 0xff, 0xfa, 0x00,
    0x00, 0x00, 0x00, 0x00, 0x01, 0x9f, 0xfb, 0x00, 0x00, 0x00, 0x00, 0x15, 0xbf, 0xff, 0xd6, 0x00,
    0x00, 0x00, 0x49, 0xef, 0xff, 0xa4, 0x00, 0x00, 0x00, 0x8e, 0xff, 0xfc, 0x61, 0x00, 0x00, 0x00,
    0x01, 0xff, 0xe9, 0x30, 0x00, 0x00, 0x00, 0x00, 0x01, 0xc6, 0x10, 0x00, 0x00, 0x00, 0x00, 0x00,
    0x00, 0x00, 0x00, 0x00, 0x00, 0x00, 0x00, 0x00, 0x00, 0x00, 0x00, 0x00, 0x00, 0x00, 0x00, 0x00,
    0x00, 0x00, 0x00, 0x00, 0x00, 0x00, 0x00, 0x00, 0x00, 0x00, 0x00, 0x00, 0x00, 0x00, 0x00, 0x00,
    0x00, 0x00, 0x00, 0x00, 0x00, 0x00, 0x00, 0x00, 0x01, 0x7c, 0xed, 0xb4, 0x00, 0x00, 0x00, 0x2c,
    0xff, 0xff, 0xff, 0x70, 0x00, 0x00, 0xaf, 0xe8, 0x58, 0xef, 0xf2, 0x00, 0x00, 0x08, 0x20, 0x00,
    0x7f, 0xf6, 0x00, 0x00, 0x00, 0x00, 0x00, 0x3f, 0xf8, 0x00, 0x00, 0x00, 0x00, 0x00, 0x5f, 0xf6,
    0x00, 0x00, 0x00, 0x00, 0x00, 0xcf, 0xe1, 0x00, 0x00, 0x00, 0x00, 0x08, 0xff, 0x50, 0x00, 0x00,
    0x00, 0x00, 0x4f, 0xf9, 0x00, 0x00, 0x00, 0x00, 0x01, 0xdf, 0xd1, 0x00, 0x00, 0x00, 0x00, 0x07,
    0xff, 0x30, 0x00, 0x00, 0x00, 0x00, 0x0b, 0xfc, 0x00, 0x00, 0x00, 0x00, 0x00, 0x0b, 0xfa, 0x00,
    0x00, 0x00, 0x00, 0x00, 0x00, 0x00, 0x00, 0x00, 0x00, 0x00, 0x00, 0x00, 0x00, 0x00, 0x00, 0x00,
    0x00, 0x00, 0x08, 0xd8, 0x00, 0x00, 0x00, 0x00, 0x00, 0x3f, 0xff, 0x40, 0x00, 0x00, 0x00, 0x00,
    0x4f, 0xff, 0x40, 0x00, 0x00, 0x00, 0x00, 0x09, 0xea, 0x00, 0x00, 0x00, 0x00, 0x00, 0x00, 0x00,
    0x00, 0x00, 0x00, 0x00, 0x00, 0x00, 0x00, 0x00, 0x00, 0x00, 0x00, 0x00, 0x00, 0x00, 0x00, 0x00,
    0x00, 0x00, 0x00, 0x00, 0x26, 0xbd, 0xee, 0xda, 0x50, 0x00, 0x00, 0x00, 0x00, 0x00, 0x00, 0x01,
    0x9f, 0xff, 0xec, 0xde, 0xff, 0xd4, 0x00, 0x00, 0x00, 0x00, 0x00, 0x03, 0xef, 0xd7, 0x20, 0x00,
    0x04, 0xbf, 0xf6, 0x00, 0x00, 0x00, 0x00, 0x04, 0xff, 0x81, 0x00, 0x00, 0x00, 0x00, 0x7f, 0xf4,
    0x00, 0x00, 0x00, 0x02, 0xef, 0x60, 0x00, 0x00, 0x00, 0x00, 0x00, 0x6f, 0xd0, 0x00, 0x00, 0x00,
    0xcf, 0x80, 0x00, 0x00, 0x00, 0x00, 0x00, 0x00, 0xdf, 0x50, 0x00, 0x00, 0x5f, 0xd0, 0x00, 0x02,
    0xae, 0xd6, 0x7c, 0x30, 0x05, 0xf9, 0x00, 0x00, 0x0c, 0xf5, 0x00, 0x03, 0xef, 0xfe, 0xfe, 0xf1,
    0x00, 0x3f, 0xc0, 0x00, 0x01, 0xfe, 0x00, 0x01, 0xef, 0xa1, 0x0b, 0xfd, 0x00, 0x00, 0xfe, 0x00,
    0x00, 0x5f, 0xa0, 0x00, 0x7f, 0xc0, 0x00, 0x6f, 0xa0, 0x00, 0x0e, 0xe0, 0x00, 0x07, 0xf7, 0x00,
    0x0d, 0xf5, 0x00, 0x08, 0xf7, 0x00, 0x00, 0xfd, 0x00, 0x00, 0x9f, 0x50, 0x01, 0xff, 0x10, 0x00,
    0xbf, 0x40, 0x00, 0x2f, 0xb0, 0x00, 0x0a, 0xf5, 0x00, 0x3f, 0xe0, 0x00, 0x0d, 0xf2, 0x00, 0x08,
    0xf7, 0x00, 0x00, 0x8f, 0x60, 0x02, 0xff, 0x10, 0x03, 0xff, 0x10, 0x02, 0xee, 0x10, 0x00, 0x07,
    0xf8, 0x00, 0x0e, 0xf9, 0x34, 0xef, 0xf7, 0x14, 0xdf, 0x60, 0x00, 0x00, 0x3f, 0xc0, 0x00, 0x6f,
    0xff, 0xfb, 0x6f, 0xff, 0xff, 0x60, 0x00, 0x00, 0x00, 0xef, 0x40, 0x00, 0x5b, 0xc7, 0x00, 0x49,
    0xb8, 0x30, 0x00, 0x00, 0x00, 0x06, 0xfd, 0x10, 0x00, 0x00, 0x00, 0x00, 0x00, 0x00, 0x00, 0x00,
    0x00, 0x00, 0x0b, 0xfc, 0x30, 0x00, 0x00, 0x00, 0x00, 0x00, 0x00, 0x00, 0x00, 0x00, 0x00, 0x1c,
    0xff, 0xa3, 0x10, 0x00, 0x16, 0x90, 0x00, 0x00, 0x00, 0x00, 0x00, 0x00, 0x08, 0xef, 0xff, 0xed,
    0xef, 0xfe, 0x10, 0x00, 0x00, 0x00, 0x00, 0x00, 0x00, 0x01, 0x7a, 0xde, 0xec, 0xb6, 0x00, 0x00,
    0x00, 0x00, 0x00, 0x00, 0x00, 0x00, 0x00, 0x00, 0x00, 0x00, 0x00, 0x00, 0x00, 0x00, 0x00, 0x00,
    0x00, 0x00, 0x00, 0x00, 0x00, 0x00, 0x00, 0x00, 0x00, 0x00, 0x05, 0xff, 0xf3, 0x00, 0x00, 0x00,
    0x00, 0x00, 0x00, 0xaf, 0xff, 0x80, 0x00, 0x00, 0x00, 0x00, 0x00, 0x0e, 0xfb, 0xfd, 0x00, 0x00,
    0x00, 0x00, 0x00, 0x04, 0xff, 0x4f, 0xf3, 0x00, 0x00, 0x00, 0x00, 0x00, 0x9f, 0xb0, 0xef, 0x80,
    0x00, 0x00, 0x00, 0x00, 0x0e, 0xf7, 0x0a, 0xfd, 0x00, 0x00, 0x00, 0x00, 0x04, 0xff, 0x30, 0x6f,
    0xf3, 0x00, 0x00, 0x00, 0x00, 0x9f, 0xe0, 0x02, 0xff, 0x80, 0x00, 0x00, 0x00, 0x0e, 0xfa, 0x00,
    0x0d, 0xfc, 0x00, 0x00, 0x00, 0x04, 0xff, 0x60, 0x00, 0x8f, 0xf2, 0x00, 0x00, 0x00, 0x9f, 0xf5,
    0x33, 0x37, 0xff, 0x70, 0x00, 0x00, 0x0d, 0xff, 0xff, 0xff, 0xff, 0xfc, 0x00, 0x00, 0x03, 0xff,
    0xff, 0xff, 0xff, 0xff, 0xf2, 0x00, 0x00, 0x8f, 0xf3, 0x00, 0x00, 0x06, 0xff, 0x70, 0x00, 0x0d,
    0xfd, 0x00, 0x00, 0x00, 0x1f, 0xfc, 0x00, 0x03, 0xff, 0x90, 0x00, 0x00, 0x00, 0xcf, 0xf2, 0x00,
    0x8f, 0xf4, 0x00, 0x00, 0x00, 0x07, 0xff, 0x60, 0x0d, 0xfe, 0x00, 0x00, 0x00, 0x00, 0x3f, 0xfb,
    0x00, 0x00, 0x00, 0x00, 0x00, 0x00, 0x00, 0x00, 0x00, 0x00, 0x00, 0x00, 0x00, 0x00, 0x00, 0x00,
    0x00, 0x00, 0x00, 0x0a, 0xff, 0xff, 0xfe, 0xda, 0x40, 0x00, 0x00, 0x00, 0x0a, 0xff, 0xff, 0xff,
    0xff, 0xfb, 0x00, 0x00, 0x00, 0x0a, 0xff, 0x43, 0x34, 0x7e, 0xff, 0x80, 0x00, 0x00, 0x0a, 0xff,
    0x20, 0x00, 0x02, 0xff, 0xc0, 0x00, 0x00, 0x0a, 0xff, 0x20, 0x00, 0x00, 0xcf, 0xf0, 0x00, 0x00,
    0x0a, 0xff, 0x20, 0x00, 0x00, 0xcf, 0xe0, 0x00, 0x00, 0x0a, 0xff, 0x20, 0x00, 0x03, 0xff, 0xa0,
    0x00, 0x00, 0x0a, 0xff, 0x32, 0x23, 0x7e, 0xfe, 0x20, 0x00, 0x00, 0x0a, 0xff, 0xff, 0xff, 0xff,
    0xd2, 0x00, 0x00, 0x00, 0x0a, 0xff, 0xff, 0xff, 0xff, 0xfd, 0x50, 0x00, 0x00, 0x0a, 0xff, 0x20,
    0x01, 0x27, 0xef, 0xf4, 0x00, 0x00, 0x0a, 0xff, 0x20, 0x00, 0x00, 0x2f, 0xfc, 0x00, 0x00, 0x0a,
    0xff, 0x20, 0x00, 0x00, 0x0c, 0xfe, 0x00, 0x00, 0x0a, 0xff, 0x20, 0x00, 0x00, 0x0e, 0xfe, 0x00,
    0x00, 0x0a, 0xff, 0x20, 0x00, 0x00, 0x6f, 0xfb, 0x00, 0x00, 0x0a, 0xff, 0x43, 0x33, 0x5a, 0xff,
    0xe3, 0x00, 0x00, 0x0a, 0xff, 0xff, 0xff, 0xff, 0xfe, 0x40, 0x00, 0x00, 0x0a, 0xff, 0xff, 0xff,
    0xdb, 0x61, 0x00, 0x00, 0x00, 0x00, 0x00, 0x00, 0x00, 0x00, 0x00, 0x00, 0x00, 0x00, 0x00, 0x00,
    0x00, 0x00, 0x00, 0x00, 0x00, 0x00, 0x00, 0x00, 0x00, 0x17, 0xbe, 0xfd, 0x93, 0x00, 0x00, 0x00,
    0x00, 0x05, 0xef, 0xff, 0xff, 0xff, 0x60, 0x00, 0x00, 0x00, 0x5f, 0xff, 0xda, 0x7a, 0xef, 0xe2,
    0x00, 0x00, 0x01, 0xef, 0xf8, 0x00, 0x00, 0x19, 0x30, 0x00, 0x00, 0x09, 0xff, 0x80, 0x00, 0x00,
    0x00, 0x00, 0x00, 0x00, 0x2f, 0xfe, 0x10, 0x00, 0x00, 0x00, 0x00, 0x00, 0x00, 0x5f, 0xf9, 0x00,
    0x00, 0x00, 0x00, 0x00, 0x00, 0x00, 0x8f, 0xf6, 0x00, 0x00, 0x00, 0x00, 0x00, 0x00, 0x00, 0x9f,
    0xf4, 0x00, 0x00, 0x00, 0x00, 0x00, 0x00, 0x00, 0x9f, 0xf4, 0x00, 0x00, 0x00, 0x00, 0x00, 0x00,
    0x00, 0x8f, 0xf6, 0x00, 0x00, 0x00, 0x00, 0x00, 0x00, 0x00, 0x6f, 0xf9, 0x00, 0x00, 0x00, 0x00,
    0x00, 0x00, 0x00, 0x2f, 0xfe, 0x10, 0x00, 0x00, 0x00, 0x00, 0x00, 0x00, 0x0b, 0xff, 0x80, 0x00,
    0x00, 0x00, 0x00, 0x00, 0x00, 0x03, 0xff, 0xf8, 0x00, 0x00, 0x09, 0xc1, 0x00, 0x00, 0x00, 0x7f,
    0xff, 0xda, 0x7a, 0xdf, 0xf7, 0x00, 0x00, 0x00, 0x06, 0xef, 0xff, 0xff, 0xff, 0x80, 0x00, 0x00,
    0x00, 0x00, 0x17, 0xce, 0xfd, 0x93, 0x00, 0x00, 0x00, 0x00, 0x00, 0x00, 0x00, 0x00, 0x00, 0x00,
    0x00, 0x00, 0x00, 0x00, 0x00, 0x00, 0x00, 0x00, 0x00, 0x00, 0x00, 0x00, 0xaf, 0xff, 0xfe, 0xda,
    0x61, 0x00, 0x00, 0x00, 0x00, 0x0a, 0xff, 0xff, 0xff, 0xff, 0xe5, 0x00, 0x00, 0x00, 0x00, 0xaf,
    0xf5, 0x46, 0x9d, 0xff, 0xf6, 0x00, 0x00, 0x00, 0x0a, 0xff, 0x20, 0x00, 0x08, 0xff, 0xe2, 0x00,
    0x00, 0x00, 0xaf, 0xf2, 0x00, 0x00, 0x0a, 0xff, 0x90, 0x00, 0x00, 0x0a, 0xff, 0x20, 0x00, 0x00,
    0x2f, 0xfe, 0x00, 0x00, 0x00, 0xaf, 0xf2, 0x00, 0x00, 0x00, 0xcf, 0xf3, 0x00, 0x00, 0x0a, 0xff,
    0x20, 0x00, 0x00, 0x0a, 0xff, 0x50, 0x00, 0x00, 0xaf, 0xf2, 0x00, 0x00, 0x00, 0x8f, 0xf6, 0x00,
    0x00, 0x0a, 0xff, 0x20, 0x00, 0x00, 0x08, 0xff, 0x60, 0x00, 0x00, 0xaf, 0xf2, 0x00, 0x00, 0x00,
    0xaf, 0xf5, 0x00, 0x00, 0x0a, 0xff, 0x20, 0x00, 0x00, 0x0c, 0xff, 0x30, 0x00, 0x00, 0xaf, 0xf2,
    0x00, 0x00, 0x02, 0xff, 0xe0, 0x00, 0x00, 0x0a, 0xff, 0x20, 0x00, 0x00, 0xaf, 0xf8, 0x00, 0x00,
    0x00, 0xaf, 0xf2, 0x00, 0x01, 0x9f, 0xfe, 0x20, 0x00, 0x00, 0x0a, 0xff, 0x54, 0x68, 0xdf, 0xff,
    0x50, 0x00, 0x00, 0x00, 0xaf, 0xff, 0xff, 0xff, 0xfe, 0x40, 0x00, 0x00, 0x00, 0x0a, 0xff, 0xff,
    0xfd, 0xb6, 0x10, 0x00, 0x00, 0x00, 0x00, 0x00, 0x00, 0x00, 0x00, 0x00, 0x00, 0x00, 0x00, 0x00,
    0x00, 0x00, 0x00, 0x00, 0x00, 0x00, 0x00, 0x00, 0x0a, 0xff, 0xff, 0xff, 0xff, 0xfb, 0x00, 0x00,
    0x0a, 0xff, 0xff, 0xff, 0xff, 0xfb, 0x00, 0x00, 0x0a, 0xff, 0x65, 0x55, 0x55, 0x54, 0x00, 0x00,
    0x0a, 0xff, 0x20, 0x00, 0x00, 0x00, 0x00, 0x00, 0x0a, 0xff, 0x20, 0x00, 0x00, 0x00, 0x00, 0x00,
    0x0a, 0xff, 0x20, 0x00, 0x00, 0x00, 0x00, 0x00, 0x0a, 0xff, 0x20, 0x00, 0x00, 0x00, 0x00, 0x00,
    0x0a, 0xff, 0x65, 0x55, 0x55, 0x30, 0x00, 0x00, 0x0a, 0xff, 0xff, 0xff, 0xff, 0x90, 0x00, 0x00,
    0x0a, 0xff, 0xff, 0xff, 0xff, 0x90, 0x00, 0x00, 0x0a, 0xff, 0x20, 0x00, 0x00, 0x00, 0x00, 0x00,
    0x0a, 0xff, 0x20, 0x00, 0x00, 0x00, 0x00, 0x00, 0x0a, 0xff, 0x20, 0x00, 0x00, 0x00, 0x00, 0x00,
    0x0a, 0xff, 0x20, 0x00, 0x00, 0x00, 0x00, 0x00, 0x0a, 0xff, 0x20, 0x00, 0x00, 0x00, 0x00, 0x00,
    0x0a, 0xff, 0x76, 0x66, 0x66, 0x66, 0x00, 0x00, 0x0a, 0xff, 0xff, 0xff, 0xff, 0xff, 0x00, 0x00,
    0x0a, 0xff, 0xff, 0xff, 0xff, 0xff, 0x00, 0x00, 0x00, 0x00, 0x00, 0x00, 0x00, 0x00, 0x00, 0x00,
    0x00, 0x00, 0x00, 0x00, 0x00, 0x00, 0x00, 0x00, 0x0a, 0xff, 0xff, 0xff, 0xff, 0xfc, 0x00, 0x00,
    0x0a, 0xff, 0xff, 0xff, 0xff, 0xfc, 0x00, 0x00, 0x0a, 0xff, 0x65, 0x55, 0x55, 0x54, 0x00, 0x00,
    0x0a, 0xff, 0x20, 0x00, 0x00, 0x00, 0x00, 0x00, 0x0a, 0xff, 0x20, 0x00, 0x00, 0x00, 0x00, 0x00,
    0x0a, 0xff, 0x20, 0x00, 0x00, 0x00, 0x00, 0x00, 0x0a, 0xff, 0x20, 0x00, 0x00, 0x00, 0x00, 0x00,
    0x0a, 0xff, 0x20, 0x00, 0x00, 0x00, 0x00, 0x00, 0x0a, 0xff, 0xff, 0xff, 0xff, 0xa0, 0x00, 0x00,
    0x0a, 0xff, 0xff, 0xff, 0xff, 0xa0, 0x00, 0x00, 0x0a, 0xff, 0x65, 0x55, 0x55, 0x30, 0x00, 0x00,
    0x0a, 0xff, 0x20, 0x00, 0x00, 0x00, 0x00, 0x00, 0x0a, 0xff, 0x20, 0x00, 0x00, 0x00, 0x00, 0x00,
    0x0a, 0xff, 0x20, 0x00, 0x00, 0x00, 0x00, 0x00, 0x0a, 0xff, 0x20, 0x00, 0x00, 0x00, 0x00, 0x00,
    0x0a, 0xff, 0x20, 0x00, 0x00, 0x00, 0x00, 0x00, 0x0a, 0xff, 0x20, 0x00, 0x00, 0x00, 0x00, 0x00,
    0x0a, 0xff, 0x20, 0x00, 0x00, 0x00, 0x00, 0x00, 0x00, 0x00, 0x00, 0x00, 0x00, 0x00, 0x00, 0x00,
    0x00, 0x00, 0x00, 0x00, 0x00, 0x00, 0x00, 0x00, 0x00, 0x00, 0x00, 0x00, 0x6b, 0xdf, 0xdb, 0x60,
    0x00, 0x00, 0x00, 0x00, 0x04, 0xdf, 0xff, 0xff, 0xff, 0xd2, 0x00, 0x00, 0x00, 0x04, 0xff, 0xfe,
    0xa7, 0x9c, 0xff, 0x80, 0x00, 0x00, 0x02, 0xef, 0xfa, 0x10, 0x00, 0x05, 0xa0, 0x00, 0x00, 0x00,
    0x9f, 0xf9, 0x00, 0x00, 0x00, 0x00, 0x00, 0x00, 0x00, 0x1f, 0xff, 0x20, 0x00, 0x00, 0x00, 0x00,
    0x00, 0x00, 0x05, 0xff, 0x90, 0x00, 0x00, 0x00, 0x00, 0x00, 0x00, 0x00, 0x8f, 0xf7, 0x00, 0x00,
    0x00, 0x00, 0x00, 0x00, 0x00, 0x09, 0xff, 0x50, 0x00, 0x04, 0x44, 0x44, 0x40, 0x00, 0x00, 0xaf,
    0xf4, 0x00, 0x00, 0xef, 0xff, 0xff, 0x20, 0x00, 0x08, 0xff, 0x60, 0x00, 0x0e, 0xff, 0xff, 0xf2,
    0x00, 0x00, 0x6f, 0xf8, 0x00, 0x00, 0x00, 0x07, 0xff, 0x20, 0x00, 0x02, 0xff, 0xd0, 0x00, 0x00,
    0x00, 0x7f, 0xf2, 0x00, 0x00, 0x0c, 0xff, 0x70, 0x00, 0x00, 0x07, 0xff, 0x20, 0x00, 0x00, 0x4f,
    0xff, 0x80, 0x00, 0x00, 0x7f, 0xf2, 0x00, 0x00, 0x00, 0x7f, 0xff, 0xda, 0x78, 0xbf, 0xff, 0x20,
    0x00, 0x00, 0x00, 0x6e, 0xff, 0xff, 0xff, 0xfe, 0x60, 0x00, 0x00, 0x00, 0x00, 0x17, 0xbe, 0xfe,
    0xc7, 0x10, 0x00, 0x00, 0x00, 0x00, 0x00, 0x00, 0x00, 0x00, 0x00, 0x00, 0x00, 0x00, 0x00, 0x00,
    0x00, 0x00, 0x00, 0x00, 0x00, 0x00, 0x00, 0x00, 0x0a, 0xff, 0x20, 0x00, 0x00, 0x05, 0xff, 0x70,
    0x00, 0x00, 0x0a, 0xff, 0x20, 0x00, 0x00, 0x05, 0xff, 0x70, 0x00, 0x00, 0x0a, 0xff, 0x20, 0x00,
    0x00, 0x05, 0xff, 0x70, 0x00, 0x00, 0x0a, 0xff, 0x20, 0x00, 0x00, 0x05, 0xff, 0x70, 0x00, 0x00,
    0x0a, 0xff, 0x20, 0x00, 0x00, 0x05, 0xff, 0x70, 0x00, 0x00, 0x0a, 0xff, 0x20, 0x00, 0x00, 0x05,
    0xff, 0x70, 0x00, 0x00, 0x0a, 0xff, 0x20, 0x00, 0x00, 0x05, 0xff, 0x70, 0x00, 0x00, 0x0a, 0xff,
    0x76, 0x66, 0x66, 0x69, 0xff, 0x70, 0x00, 0x00, 0x0a, 0xff, 0xff, 0xff, 0xff, 0xff, 0xff, 0x70,
    0x00, 0x00, 0x0a, 0xff, 0xff, 0xff, 0xff, 0xff, 0xff, 0x70, 0x00, 0x00, 0x0a, 0xff, 0x20, 0x00,
    0x00, 0x05, 0xff, 0x70, 0x00, 0x00, 0x0a, 0xff, 0x20, 0x00, 0x00, 0x05, 0xff, 0x70, 0x00, 0x00,
    0x0a, 0xff, 0x20, 0x00, 0x00, 0x05, 0xff, 0x70, 0x00, 0x00, 0x0a, 0xff, 0x20, 0x00, 0x00, 0x05,
    0xff, 0x70, 0x00, 0x00, 0x0a, 0xff, 0x20, 0x00, 0x00, 0x05, 0xff, 0x70, 0x00, 0x00, 0x0a, 0xff,
    0x20, 0x00, 0x00, 0x05, 0xff, 0x70, 0x00, 0x00, 0x0a, 0xff, 0x20, 0x00, 0x00, 0x05, 0xff, 0x70,
    0x00, 0x00, 0x0a, 0xff, 0x20, 0x00, 0x00, 0x05, 0xff, 0x70, 0x00, 0x00, 0x00, 0x00, 0x00, 0x00,
    0x00, 0x00, 0x00, 0x00, 0x00, 0x00, 0x00, 0x00, 0x00, 0x00, 0x00, 0xaf, 0xf2, 0x00, 0x00, 0x0a,
    0xff, 0x20, 0x00, 0x00, 0xaf, 0xf2, 0x00, 0x00, 0x0a, 0xff, 0x20, 0x00, 0x00, 0xaf, 0xf2, 0x00,
    0x00, 0x0a, 0xff, 0x20, 0x00, 0x00, 0xaf, 0xf2, 0x00, 0x00, 0x0a, 0xff, 0x20, 0x00, 0x00, 0xaf,
    0xf2, 0x00, 0x00, 0x0a, 0xff, 0x20, 0x00, 0x00, 0xaf, 0xf2, 0x00, 0x00, 0x0a, 0xff, 0x20, 0x00,
    0x00, 0xaf, 0xf2, 0x00, 0x00, 0x0a, 0xff, 0x20, 0x00, 0x00, 0xaf, 0xf2, 0x00, 0x00, 0x0a, 0xff,
    0x20, 0x00, 0x00, 0xaf, 0xf2, 0x00, 0x00, 0x0a, 0xff, 0x20, 0x00, 0x00, 0x00, 0x00, 0x00, 0x00,
    0x00, 0x00, 0x00, 0x00, 0x00, 0x00, 0x00, 0x00, 0x00, 0x00, 0x00, 0xdf, 0xf0, 0x00, 0x00, 0x00,
    0x00, 0x00, 0x0d, 0xff, 0x00, 0x00, 0x00, 0x00, 0x00, 0x00, 0xdf, 0xf0, 0x00, 0x00, 0x00, 0x00,
    0x00, 0x0d, 0xff, 0x00, 0x00, 0x00, 0x00, 0x00, 0x00, 0xdf, 0xf0, 0x00, 0x00, 0x00, 0x00, 0x00,
    0x0d, 0xff, 0x00, 0x00, 0x00, 0x00, 0x00, 0x00, 0xdf, 0xf0, 0x00, 0x00, 0x00, 0x00, 0x00, 0x0d,
    0xff, 0x00, 0x00, 0x00, 0x00, 0x00, 0x00, 0xdf, 0xf0, 0x00, 0x00, 0x00, 0x00, 0x00, 0x0d, 0xff,
    0x00, 0x00, 0x00, 0x00, 0x00, 0x00, 0xdf, 0xf0, 0x00, 0x00, 0x00, 0x00, 0x00, 0x0d, 0xff, 0x00,
    0x00, 0x00, 0x00, 0x00, 0x00, 0xef, 0xe0, 0x00, 0x00, 0x01, 0x00, 0x00, 0x1f, 0xfc, 0x00, 0x00,
    0x07, 0xe4, 0x00, 0x07, 0xff, 0x90, 0x00, 0x01, 0xdf, 0xfa, 0x7a, 0xff, 0xf2, 0x00, 0x00, 0x03,
    0xef, 0xff, 0xff, 0xf6, 0x00, 0x00, 0x00, 0x02, 0x9d, 0xfd, 0xa3, 0x00, 0x00, 0x00, 0x00, 0x00,
    0x00, 0x00, 0x00, 0x00, 0x00, 0x00, 0x00, 0x00, 0x00, 0x00, 0x00, 0x00, 0x00, 0x00, 0x00, 0x0a,
    0xff, 0x20, 0x00, 0x00, 0x8f, 0xf9, 0x00, 0x00, 0x0a, 0xff, 0x20, 0x00, 0x05, 0xff, 0xc0, 0x00,
    0x00, 0x0a, 0xff, 0x20, 0x00, 0x2e, 0xfe, 0x20, 0x00, 0x00, 0x0a, 0xff, 0x20, 0x01, 0xcf, 0xf4,
    0x00, 0x00, 0x00, 0x0a, 0xff, 0x20, 0x0a, 0xff, 0x70, 0x00, 0x00, 0x00, 0x0a, 0xff, 0x20, 0x7f,
    0xfa, 0x00, 0x00, 0x00, 0x00, 0x0a, 0xff, 0x24, 0xff, 0xd1, 0x00, 0x00, 0x00, 0x00, 0x0a, 0xff,
    0x3e, 0xff, 0xc0, 0x00, 0x00, 0x00, 0x00, 0x0a, 0xff, 0xdf, 0xff, 0xf6, 0x00, 0x00, 0x00, 0x00,
    0x0a, 0xff, 0xff, 0xae, 0xfe, 0x10, 0x00, 0x00, 0x00, 0x0a, 0xff, 0xfc, 0x06, 0xff, 0x80, 0x00,
    0x00, 0x00, 0x0a, 0xff, 0xd1, 0x00, 0xdf, 0xf2, 0x00, 0x00, 0x00, 0x0a, 0xff, 0x40, 0x00, 0x5f,
    0xfb, 0x00, 0x00, 0x00, 0x0a, 0xff, 0x20, 0x00, 0x0b, 0xff, 0x40, 0x00, 0x00, 0x0a, 0xff, 0x20,
    0x00, 0x03, 0xff, 0xd0, 0x00, 0x00, 0x0a, 0xff, 0x20, 0x00, 0x00, 0x9f, 0xf7, 0x00, 0x00, 0x0a,
    0xff, 0x20, 0x00, 0x00, 0x1e, 0xfe, 0x10, 0x00, 0x0a, 0xff, 0x20, 0x00, 0x00, 0x07, 0xff, 0x90,
    0x00, 0x00, 0x00, 0x00, 0x00, 0x00, 0x00, 0x00, 0x00, 0x00, 0x00, 0x00, 0x00, 0x00, 0x00, 0x00,
    0x00, 0x00, 0xaf, 0xf2, 0x00, 0x00, 0x00, 0x00, 0x00, 0x0a, 0xff, 0x20, 0x00, 0x00, 0x00, 0x00,
    0x00, 0xaf, 0xf2, 0x00, 0x00, 0x00, 0x00, 0x00, 0x0a, 0xff, 0x20, 0x00, 0x00, 0x00, 0x00, 0x00,
    0xaf, 0xf2, 0x00, 0x00, 0x00, 0x00, 0x00, 0x0a, 0xff, 0x20, 0x00, 0x00, 0x00, 0x00, 0x00, 0xaf,
    0xf2, 0x00, 0x00, 0x00, 0x00, 0x00, 0x0a, 0xff, 0x20, 0x00, 0x00, 0x00, 0x00, 0x00, 0xaf, 0xf2,
    0x00, 0x00, 0x00, 0x00, 0x00, 0x0a, 0xff, 0x20, 0x00, 0x00, 0x00, 0x00, 0x00, 0xaf, 0xf2, 0x00,
    0x00, 0x00, 0x00, 0x00, 0x0a, 0xff, 0x20, 0x00, 0x00, 0x00, 0x00, 0x00, 0xaf, 0xf2, 0x00, 0x00,
    0x00, 0x00, 0x00, 0x0a, 0xff, 0x20, 0x00, 0x00, 0x00, 0x00, 0x00, 0xaf, 0xf2, 0x00, 0x00, 0x00,
    0x00, 0x00, 0x0a, 0xff, 0x76, 0x66, 0x66, 0x63, 0x00, 0x00, 0xaf, 0xff, 0xff, 0xff, 0xff, 0x90,
    0x00, 0x0a, 0xff, 0xff, 0xff, 0xff, 0xf9, 0x00, 0x00, 0x00, 0x00, 0x00, 0x00, 0x00, 0x00, 0x00,
    0x00, 0x00, 0x00, 0x00, 0x00, 0x00, 0x00, 0x00, 0x00, 0x00, 0x00, 0x0a, 0xff, 0xb0, 0x00, 0x00,
    0x00, 0x0c, 0xff, 0x90, 0x00, 0x00, 0x0a, 0xff, 0xf1, 0x00, 0x00, 0x00, 0x2f, 0xff, 0x90, 0x00,
    0x00, 0x0a, 0xff, 0xf6, 0x00, 0x00, 0x00, 0x8f, 0xff, 0x90, 0x00, 0x00, 0x0a, 0xfd, 0xfc, 0x00,
    0x00, 0x00, 0xdf, 0xcf, 0x90, 0x00, 0x00, 0x0a, 0xf9, 0xff, 0x20, 0x00, 0x03, 0xfd, 0xbf, 0x90,
    0x00, 0x00, 0x0a, 0xfa, 0xbf, 0x80, 0x00, 0x09, 0xf8, 0xcf, 0x90, 0x00, 0x00, 0x0a, 0xfb, 0x6f,
    0xd0, 0x00, 0x0e, 0xf3, 0xdf, 0x90, 0x00, 0x00, 0x0a, 0xfc, 0x1f, 0xf3, 0x00, 0x4f, 0xd0, 0xef,
    0x90, 0x00, 0x00, 0x0a, 0xfc, 0x0a, 0xf9, 0x00, 0x9f, 0x80, 0xef, 0x90, 0x00, 0x00, 0x0a, 0xfd,
    0x05, 0xfe, 0x00, 0xef, 0x20, 0xff, 0x90, 0x00, 0x00, 0x0a, 0xfd, 0x00, 0xef, 0x44, 0xfc, 0x00,
    0xff, 0x90, 0x00, 0x00, 0x0a, 0xfd, 0x00, 0x9f, 0x99, 0xf6, 0x00, 0xff, 0x90, 0x00, 0x00, 0x0a,
    0xfd, 0x00, 0x3f, 0xee, 0xf1, 0x00, 0xff, 0x90, 0x00, 0x00, 0x0a, 0xfd, 0x00, 0x0d, 0xff, 0xb0,
    0x00, 0xff, 0x90, 0x00, 0x00, 0x0a, 0xfd, 0x00, 0x07, 0xff, 0x50, 0x00, 0xff, 0x90, 0x00, 0x00,
    0x0a, 0xfd, 0x00, 0x02, 0xfe, 0x10, 0x00, 0xff, 0x90, 0x00, 0x00, 0x0a, 0xfd, 0x00, 0x00, 0x00,
    0x00, 0x00, 0xff, 0x90, 0x00, 0x00, 0x0a, 0xfd, 0x00, 0x00, 0x00, 0x00, 0x00, 0xff, 0x90, 0x00,
    0x00, 0x00, 0x00, 0x00, 0x00, 0x00, 0x00, 0x00, 0x00, 0x00, 0x00, 0x00, 0x00, 0x00, 0x00, 0x00,
    0x00, 0x00, 0x00, 0x00, 0x00, 0x00, 0x0a, 0xff, 0x70, 0x00, 0x00, 0x06, 0xff, 0x40, 0x00, 0x00,
    0x0a, 0xff, 0xe1, 0x00, 0x00, 0x06, 0xff, 0x40, 0x00, 0x00, 0x0a, 0xff, 0xf8, 0x00, 0x00, 0x06,
    0xff, 0x40, 0x00, 0x00, 0x0a, 0xfe, 0xff, 0x20, 0x00, 0x06, 0xff, 0x40, 0x00, 0x00, 0x0a, 0xfa,
    0xcf, 0xa0, 0x00, 0x06, 0xff, 0x40, 0x00, 0x00, 0x0a, 0xfb, 0x5f, 0xf3, 0x00, 0x06, 0xff, 0x40,
    0x00, 0x00, 0x0a, 0xfc, 0x0d, 0xfb, 0x00, 0x06, 0xff, 0x40, 0x00, 0x00, 0x0a, 0xfd, 0x06, 0xff,
    0x50, 0x06, 0xff, 0x40, 0x00, 0x00, 0x0a, 0xfd, 0x00, 0xcf, 0xd0, 0x06, 0xff, 0x40, 0x00, 0x00,
    0x0a, 0xfe, 0x00, 0x4f, 0xf6, 0x05, 0xff, 0x40, 0x00, 0x00, 0x0a, 0xfe, 0x00, 0x0b, 0xfe, 0x14,
    0xff, 0x40, 0x00, 0x00, 0x0a, 0xfe, 0x00, 0x03, 0xff, 0x74, 0xff, 0x40, 0x00, 0x00, 0x0a, 0xfe,
    0x00, 0x00, 0x9f, 0xe3, 0xff, 0x40, 0x00, 0x00, 0x0a, 0xfe, 0x00, 0x00, 0x2e, 0xf7, 0xff, 0x40,
    0x00, 0x00, 0x0a, 0xfe, 0x00, 0x00, 0x08, 0xfe, 0xff, 0x40, 0x00, 0x00, 0x0a, 0xfe, 0x00, 0x00,
    0x01, 0xef, 0xff, 0x40, 0x00, 0x00, 0x0a, 0xfe, 0x00, 0x00, 0x00, 0x6f, 0xff, 0x40, 0x00, 0x00,
    0x0a, 0xfe, 0x00, 0x00, 0x00, 0x0d, 0xff, 0x40, 0x00, 0x00, 0x00, 0x00, 0x00, 0x00, 0x00, 0x00,
    0x00, 0x00, 0x00, 0x00, 0x00, 0x00, 0x00, 0x00, 0x00, 0x00, 0x00, 0x00, 0x00, 0x00, 0x00, 0x00,
    0x28, 0xde, 0xed, 0x93, 0x00, 0x00, 0x00, 0x00, 0x00, 0x08, 0xff, 0xff, 0xff, 0xff, 0x90, 0x00,
    0x00, 0x00, 0x00, 0x9f, 0xff, 0xc8, 0x8c, 0xff, 0xfa, 0x00, 0x00, 0x00, 0x04, 0xff, 0xf5, 0x00,
    0x00, 0x4e, 0xff, 0x60, 0x00, 0x00, 0x0c, 0xff, 0x60, 0x00, 0x00, 0x04, 0xff, 0xd0, 0x00, 0x00,
    0x2f, 0xfd, 0x00, 0x00, 0x00, 0x00, 0xcf, 0xf4, 0x00, 0x00, 0x6f, 0xf8, 0x00, 0x00, 0x00, 0x00,
    0x6f, 0xf7, 0x00, 0x00, 0x8f, 0xf6, 0x00, 0x00, 0x00, 0x00, 0x4f, 0xfa, 0x00, 0x00, 0x9f, 0xf4,
    0x00, 0x00, 0x00, 0x00, 0x2f, 0xfb, 0x00, 0x00, 0x9f, 0xf4, 0x00, 0x00, 0x00, 0x00, 0x3f, 0xfb,
    0x00, 0x00, 0x8f, 0xf6, 0x00, 0x00, 0x00, 0x00, 0x5f, 0xf9, 0x00, 0x00, 0x6f, 0xf8, 0x00, 0x00,
    0x00, 0x00, 0x7f, 0xf7, 0x00, 0x00, 0x2f, 0xfe, 0x00, 0x00, 0x00, 0x00, 0xdf, 0xf3, 0x00, 0x00,
    0x0a, 0xff, 0x60, 0x00, 0x00, 0x05, 0xff, 0xb0, 0x00, 0x00, 0x02, 0xff, 0xf6, 0x00, 0x00, 0x5e,
    0xff, 0x30, 0x00, 0x00, 0x00, 0x7f, 0xff, 0xc8, 0x8c, 0xff, 0xf9, 0x00, 0x00, 0x00, 0x00, 0x07,
    0xff, 0xff, 0xff, 0xff, 0x80, 0x00, 0x00, 0x00, 0x00, 0x00, 0x28, 0xce, 0xed, 0x93, 0x00, 0x00,
    0x00, 0x00, 0x00, 0x00, 0x00, 0x00, 0x00, 0x00, 0x00, 0x00, 0x00, 0x00, 0x00, 0x00, 0x00, 0x00,
    0x00, 0x00, 0x00, 0x00, 0x00, 0x0a, 0xff, 0xff, 0xfe, 0xca, 0x40, 0x00, 0x00, 0x00, 0x0a, 0xff,
    0xff, 0xff, 0xff, 0xfb, 0x00, 0x00, 0x00, 0x0a, 0xff, 0x54, 0x45, 0x8e, 0xff, 0x90, 0x00, 0x00,
    0x0a, 0xff, 0x20, 0x00, 0x01, 0xdf, 0xf2, 0x00, 0x00, 0x0a, 0xff, 0x20, 0x00, 0x00, 0x7f, 0xf5,
    0x00, 0x00, 0x0a, 0xff, 0x20, 0x00, 0x00, 0x5f, 0xf6, 0x00, 0x00, 0x0a, 0xff, 0x20, 0x00, 0x00,
    0x7f, 0xf5, 0x00, 0x00, 0x0a, 0xff, 0x20, 0x00, 0x01, 0xdf, 0xf2, 0x00, 0x00, 0x0a, 0xff, 0x20,
    0x02, 0x5c, 0xff, 0x90, 0x00, 0x00, 0x0a, 0xff, 0xff, 0xff, 0xff, 0xfc, 0x00, 0x00, 0x00, 0x0a,
    0xff, 0xff, 0xff, 0xfd, 0x60, 0x00, 0x00, 0x00, 0x0a, 0xff, 0x54, 0x43, 0x10, 0x00, 0x00, 0x00,
    0x00, 0x0a, 0xff, 0x20, 0x00, 0x00, 0x00, 0x00, 0x00, 0x00, 0x0a, 0xff, 0x20, 0x00, 0x00, 0x00,
    0x00, 0x00, 0x00, 0x0a, 0xff, 0x20, 0x00, 0x00, 0x00, 0x00, 0x00, 0x00, 0x0a, 0xff, 0x20, 0x00,
    0x00, 0x00, 0x00, 0x00, 0x00, 0x0a, 0xff, 0x20, 0x00, 0x00, 0x00, 0x00, 0x00, 0x00, 0x0a, 0xff,
    0x20, 0x00, 0x00, 0x00, 0x00, 0x00, 0x00, 0x00, 0x00, 0x00, 0x00, 0x00, 0x00, 0x00, 0x00, 0x00,
    0x00, 0x00, 0x00, 0x00, 0x00, 0x00, 0x00, 0x00, 0x00, 0x00, 0x00, 0x00, 0x28, 0xde, 0xed, 0x93,
    0x00, 0x00, 0x00, 0x00, 0x00, 0x08, 0xff, 0xff, 0xff, 0xff, 0x80, 0x00, 0x00, 0x00, 0x00, 0x8f,
    0xff, 0xc8, 0x8c, 0xff, 0xfa, 0x00, 0x00, 0x00, 0x04, 0xff, 0xf6, 0x00, 0x00, 0x5e, 0xff, 0x50,
    0x00, 0x00, 0x0c, 0xff, 0x60, 0x00, 0x00, 0x05, 0xff, 0xd0, 0x00, 0x00, 0x2f, 0xfd, 0x00, 0x00,
    0x00, 0x00, 0xcf, 0xf4, 0x00, 0x00, 0x6f, 0xf8, 0x00, 0x00, 0x00, 0x00, 0x7f, 0xf7, 0x00, 0x00,
    0x8f, 0xf6, 0x00, 0x00, 0x00, 0x00, 0x5f, 0xfa, 0x00, 0x00, 0x9f, 0xf4, 0x00, 0x00, 0x00, 0x00,
    0x3f, 0xfb, 0x00, 0x00, 0x9f, 0xf4, 0x00, 0x00, 0x00, 0x00, 0x3f, 0xfa, 0x00, 0x00, 0x7f, 0xf6,
    0x00, 0x00, 0x00, 0x00, 0x4f, 0xf8, 0x00, 0x00, 0x5f, 0xf8, 0x00, 0x00, 0x00, 0x00, 0x6f, 0xf6,
    0x00, 0x00, 0x2f, 0xfc, 0x00, 0x00, 0x00, 0x00, 0xbf, 0xf4, 0x00, 0x00, 0x0b, 0xff, 0x40, 0x00,
    0x00, 0x03, 0xff, 0xc0, 0x00, 0x00, 0x04, 0xff, 0xd2, 0x00, 0x00, 0x2d, 0xff, 0x50, 0x00, 0x00,
    0x00, 0x9f, 0xfe, 0x74, 0x37, 0xdf, 0xfa, 0x00, 0x00, 0x00, 0x00, 0x08, 0xff, 0xff, 0xff, 0xff,
    0xa0, 0x00, 0x00, 0x00, 0x00, 0x00, 0x49, 0xef, 0xff, 0xa4, 0x00, 0x00, 0x00, 0x00, 0x00, 0x00,
    0x00, 0x1e, 0xfe, 0x30, 0x00, 0x00, 0x00, 0x00, 0x00, 0x00, 0x00, 0x05, 0xff, 0xe8, 0x41, 0x12,
    0x00, 0x00, 0x00, 0x00, 0x00, 0x00, 0x6f, 0xff, 0xff, 0xfe, 0x00, 0x00, 0x00, 0x00, 0x00, 0x00,
    0x03, 0xaf, 0xff, 0xff, 0x30, 0x00, 0x00, 0x00, 0x00, 0x00, 0x00, 0x00, 0x24, 0x31, 0x00, 0x00,
    0x00, 0x00, 0x00, 0x00, 0x00, 0x00, 0x00, 0x00, 0x00, 0x00, 0x00, 0x00, 0x00, 0x00, 0x00, 0x00,
    0x00, 0x00, 0x00, 0x0a, 0xff, 0xff, 0xfe, 0xdb, 0x50, 0x00, 0x00, 0x00, 0x0a, 0xff, 0xff, 0xff,
    0xff, 0xfd, 0x10, 0x00, 0x00, 0x0a, 0xff, 0x54, 0x45, 0x7d, 0xff, 0xb0, 0x00, 0x00, 0x0a, 0xff,
    0x20, 0x00, 0x01, 0xcf, 0xf2, 0x00, 0x00, 0x0a, 0xff, 0x20, 0x00, 0x00, 0x6f, 0xf5, 0x00, 0x00,
    0x0a, 0xff, 0x20, 0x00, 0x00, 0x5f, 0xf7, 0x00, 0x00, 0x0a, 0xff, 0x20, 0x00, 0x00, 0x7f, 0xf5,
    0x00, 0x00, 0x0a, 0xff, 0x20, 0x00, 0x01, 0xef, 0xf2, 0x00, 0x00, 0x0a, 0xff, 0x53, 0x35, 0x7e,
    0xff, 0xa0, 0x00, 0x00, 0x0a, 0xff, 0xff, 0xff, 0xff, 0xfb, 0x10, 0x00, 0x00, 0x0a, 0xff, 0xff,
    0xff, 0xfe, 0x50, 0x00, 0x00, 0x00, 0x0a, 0xff, 0x20, 0x0b, 0xff, 0x40, 0x00, 0x00, 0x00, 0x0a,
    0xff, 0x20, 0x03, 0xff, 0xd0, 0x00, 0x00, 0x00, 0x0a, 0xff, 0x20, 0x00, 0x9f, 0xf7, 0x00, 0x00,
    0x00, 0x0a, 0xff, 0x20, 0x00, 0x1e, 0xfe, 0x20, 0x00, 0x00, 0x0a, 0xff, 0x20, 0x00, 0x07, 0xff,
    0xa0, 0x00, 0x00, 0x0a, 0xff, 0x20, 0x00, 0x00, 0xdf, 0xf3, 0x00, 0x00, 0x0a, 0xff, 0x20, 0x00,
    0x00, 0x5f, 0xfc, 0x00, 0x00, 0x00, 0x00, 0x00, 0x00, 0x00, 0x00, 0x00, 0x00, 0x00, 0x00, 0x00,
    0x00, 0x00, 0x00, 0x00, 0x00, 0x00, 0x00, 0x00, 0x3a, 0xce, 0xeb, 0x60, 0x00, 0x00, 0x00, 0x00,
    0x8f, 0xff, 0xff, 0xff, 0xc3, 0x00, 0x00, 0x00, 0x6f, 0xfe, 0x97, 0x9c, 0xff, 0xa0, 0x00, 0x00,
    0x0d, 0xff, 0x30, 0x00, 0x05, 0xb1, 0x00, 0x00, 0x01, 0xff, 0xc0, 0x00, 0x00, 0x00, 0x00, 0x00,
    0x00, 0x0f, 0xfe, 0x10, 0x00, 0x00, 0x00, 0x00, 0x00, 0x00, 0xbf, 0xfc, 0x40, 0x00, 0x00, 0x00,
    0x00, 0x00, 0x03, 0xef, 0xff, 0xc5, 0x00, 0x00, 0x00, 0x00, 0x00, 0x03, 0xcf, 0xff, 0xfe, 0x71,
    0x00, 0x00, 0x00, 0x00, 0x00, 0x5b, 0xff, 0xff, 0xd2, 0x00, 0x00, 0x00, 0x00, 0x00, 0x03, 0x9f,
    0xff, 0xd0, 0x00, 0x00, 0x00, 0x00, 0x00, 0x00, 0x3e, 0xff, 0x50, 0x00, 0x00, 0x00, 0x00, 0x00,
    0x00, 0x6f, 0xf8, 0x00, 0x00, 0x03, 0x00, 0x00, 0x00, 0x06, 0xff, 0x70, 0x00, 0x03, 0xec, 0x30,
    0x00, 0x01, 0xcf, 0xf3, 0x00, 0x00, 0xaf, 0xff, 0xb8, 0x79, 0xef, 0xfa, 0x00, 0x00, 0x00, 0x8f,
    0xff, 0xff, 0xff, 0xfb, 0x10, 0x00, 0x00, 0x00, 0x28, 0xce, 0xec, 0xa4, 0x00, 0x00, 0x00, 0x00,
    0x00, 0x00, 0x00, 0x00, 0x00, 0x00, 0x00, 0x00, 0x00, 0x00, 0x00, 0x00, 0x00, 0x00, 0x00, 0x00,
    0x4f, 0xff, 0xff, 0xff, 0xff, 0xff, 0xfe, 0x00, 0x04, 0xff, 0xff, 0xff, 0xff, 0xff, 0xff, 0xe0,
    0x00, 0x15, 0x55, 0x56, 0xff, 0xc5, 0x55, 0x55, 0x00, 0x00, 0x00, 0x00, 0x2f, 0xfb, 0x00, 0x00,
    0x00, 0x00, 0x00, 0x00, 0x02, 0xff, 0xb0, 0x00, 0x00, 0x00, 0x00, 0x00, 0x00, 0x2f, 0xfb, 0x00,
    0x00, 0x00, 0x00, 0x00, 0x00, 0x02, 0xff, 0xb0, 0x00, 0x00, 0x00, 0x00, 0x00, 0x00, 0x2f, 0xfb,
    0x00, 0x00, 0x00, 0x00, 0x00, 0x00, 0x02, 0xff, 0xb0, 0x00, 0x00, 0x00, 0x00, 0x00, 0x00, 0x2f,
    0xfb, 0x00, 0x00, 0x00, 0x00, 0x00, 0x00, 0x02, 0xff, 0xb0, 0x00, 0x00, 0x00, 0x00, 0x00, 0x00,
    0x2f, 0xfb, 0x00, 0x00, 0x00, 0x00, 0x00, 0x00, 0x02, 0xff, 0xb0, 0x00, 0x00, 0x00, 0x00, 0x00,
    0x00, 0x2f, 0xfb, 0x00, 0x00, 0x00, 0x00, 0x00, 0x00, 0x02, 0xff, 0xb0, 0x00, 0x00, 0x00, 0x00,
    0x00, 0x00, 0x2f, 0xfb, 0x00, 0x00, 0x00, 0x00, 0x00, 0x00, 0x02, 0xff, 0xb0, 0x00, 0x00, 0x00,
    0x00, 0x00, 0x00, 0x2f, 0xfb, 0x00, 0x00, 0x00, 0x00, 0x00, 0x00, 0x00, 0x00, 0x00, 0x00, 0x00,
    0x00, 0x00, 0x00, 0x00, 0x00, 0x00, 0x00, 0x00, 0x00, 0x00, 0x00, 0x00, 0x0c, 0xff, 0x00, 0x00,
    0x00, 0x05, 0xff, 0x50, 0x00, 0x00, 0x0c, 0xff, 0x00, 0x00, 0x00, 0x05, 0xff, 0x50, 0x00, 0x00,
    0x0c, 0xff, 0x00, 0x00, 0x00, 0x05, 0xff, 0x50, 0x00, 0x00, 0x0c, 0xff, 0x00, 0x00, 0x00, 0x05,
    0xff, 0x50, 0x00, 0x00, 0x0c, 0xff, 0x00, 0x00, 0x00, 0x05, 0xff, 0x50, 0x00, 0x00, 0x0c, 0xff,
    0x00, 0x00, 0x00, 0x05, 0xff, 0x50, 0x00, 0x00, 0x0c, 0xff, 0x00, 0x00, 0x00, 0x05, 0xff, 0x50,
    0x00, 0x00, 0x0c, 0xff, 0x00, 0x00, 0x00, 0x05, 0xff, 0x50, 0x00, 0x00, 0x0c, 0xff, 0x00, 0x00,
    0x00, 0x05, 0xff, 0x50, 0x00, 0x00, 0x0c, 0xff, 0x00, 0x00, 0x00, 0x05, 0xff, 0x50, 0x00, 0x00,
    0x0b, 0xff, 0x10, 0x00, 0x00, 0x05, 0xff, 0x50, 0x00, 0x00, 0x0b, 0xff, 0x20, 0x00, 0x00, 0x07,
    0xff, 0x40, 0x00, 0x00, 0x09, 0xff, 0x40, 0x00, 0x00, 0x09, 0xff, 0x20, 0x00, 0x00, 0x06, 0xff,
    0x90, 0x00, 0x00, 0x1e, 0xfe, 0x00, 0x00, 0x00, 0x01, 0xef, 0xf4, 0x00, 0x00, 0x9f, 0xf9, 0x00,
    0x00, 0x00, 0x00, 0x7f, 0xff, 0xa7, 0x8c, 0xff, 0xe2, 0x00, 0x00, 0x00, 0x00, 0x09, 0xff, 0xff,
    0xff, 0xfe, 0x40, 0x00, 0x00, 0x00, 0x00, 0x00, 0x4a, 0xce, 0xdb, 0x82, 0x00, 0x00, 0x00, 0x00,
    0x00, 0x00, 0x00, 0x00, 0x00, 0x00, 0x00, 0x00, 0x00, 0x00, 0x00, 0x00, 0x00, 0x00, 0x00, 0x00,
    0x00, 0x00, 0x00, 0xef, 0xf1, 0x00, 0x00, 0x00, 0x0a, 0xff, 0x20, 0x00, 0x9f, 0xf4, 0x00, 0x00,
    0x00, 0x0e, 0xfd, 0x00, 0x00, 0x5f, 0xf8, 0x00, 0x00, 0x00, 0x4f, 0xf8, 0x00, 0x00, 0x1e, 0xfc,
    0x00, 0x00, 0x00, 0x8f, 0xf3, 0x00, 0x00, 0x0b, 0xff, 0x10, 0x00, 0x00, 0xdf, 0xe0, 0x00, 0x00,
    0x06, 0xff, 0x50, 0x00, 0x02, 0xff, 0x90, 0x00, 0x00, 0x01, 0xff, 0x90, 0x00, 0x06, 0xff, 0x40,
    0x00, 0x00, 0x00, 0xcf, 0xd0, 0x00, 0x0b, 0xfe, 0x00, 0x00, 0x00, 0x00, 0x7f, 0xf2, 0x00, 0x1f,
    0xfa, 0x00, 0x00, 0x00, 0x00, 0x3f, 0xf6, 0x00, 0x4f, 0xf5, 0x00, 0x00, 0x00, 0x00, 0x0d, 0xfb,
    0x00, 0x9f, 0xf1, 0x00, 0x00, 0x00, 0x00, 0x09, 0xfe, 0x00, 0xdf, 0xb0, 0x00, 0x00, 0x00, 0x00,
    0x04, 0xff, 0x42, 0xff, 0x60, 0x00, 0x00, 0x00, 0x00, 0x00, 0xef, 0x86, 0xff, 0x10, 0x00, 0x00,
    0x00, 0x00, 0x00, 0xaf, 0xca, 0xfb, 0x00, 0x00, 0x00, 0x00, 0x00, 0x00, 0x6f, 0xfe, 0xf7, 0x00,
    0x00, 0x00, 0x00, 0x00, 0x00, 0x1f, 0xff, 0xf2, 0x00, 0x00, 0x00, 0x00, 0x00, 0x00, 0x0b, 0xff,
    0xc0, 0x00, 0x00, 0x00, 0x00, 0x00, 0x00, 0x00, 0x00, 0x00, 0x00, 0x00, 0x00, 0x00, 0x00, 0x00,
    0x00, 0x00, 0x00, 0x00, 0x00, 0x00, 0x00, 0x00, 0x00, 0x5f, 0xf7, 0x00, 0x00, 0x08, 0xff, 0x20,
    0x00, 0x00, 0xdf, 0xc0, 0x02, 0xff, 0xa0, 0x00, 0x00, 0xcf, 0xf6, 0x00, 0x00, 0x1f, 0xf9, 0x00,
    0x0e, 0xfd, 0x00, 0x00, 0x1f, 0xff, 0xa0, 0x00, 0x04, 0xff, 0x60, 0x00, 0xcf, 0xf0, 0x00, 0x05,
    0xff, 0xfd, 0x00, 0x00, 0x7f, 0xf3, 0x00, 0x09, 0xff, 0x30, 0x00, 0x8f, 0xaf, 0xf2, 0x00, 0x09,
    0xff, 0x00, 0x00, 0x6f, 0xf5, 0x00, 0x0c, 0xf5, 0xef, 0x50, 0x00, 0xcf, 0xc0, 0x00, 0x03, 0xff,
    0x80, 0x01, 0xff, 0x2b, 0xf9, 0x00, 0x0f, 0xf9, 0x00, 0x00, 0x0f, 0xfa, 0x00, 0x5f, 0xe0, 0x8f,
    0xc0, 0x03, 0xff, 0x60, 0x00, 0x00, 0xcf, 0xd0, 0x08, 0xfa, 0x05, 0xff, 0x10, 0x5f, 0xf3, 0x00,
    0x00, 0x09, 0xff, 0x10, 0xcf, 0x70, 0x2f, 0xf4, 0x08, 0xff, 0x00, 0x00, 0x00, 0x6f, 0xf3, 0x0f,
    0xf3, 0x00, 0xdf, 0x70, 0xaf, 0xc0, 0x00, 0x00, 0x03, 0xff, 0x53, 0xfe, 0x00, 0x0a, 0xfb, 0x0d,
    0xf9, 0x00, 0x00, 0x00, 0x0f, 0xf8, 0x6f, 0xb0, 0x00, 0x6f, 0xe0, 0xff, 0x60, 0x00, 0x00, 0x00,
    0xcf, 0xa9, 0xf8, 0x00, 0x02, 0xff, 0x4f, 0xf3, 0x00, 0x00, 0x00, 0x09, 0xfc, 0xcf, 0x40, 0x00,
    0x0e, 0xf9, 0xff, 0x10, 0x00, 0x00, 0x00, 0x6f, 0xff, 0xf1, 0x00, 0x00, 0xaf, 0xff, 0xc0, 0x00,
    0x00, 0x00, 0x03, 0xff, 0xfc, 0x00, 0x00, 0x07, 0xff, 0xfa, 0x00, 0x00, 0x00, 0x00, 0x1f, 0xff,
    0x80, 0x00, 0x00, 0x3f, 0xff, 0x70, 0x00, 0x00, 0x00, 0x00, 0x00, 0x00, 0x00, 0x00, 0x00, 0x00,
    0x00, 0x00, 0x00, 0x00, 0x00, 0x00, 0x00, 0x00, 0x00, 0x00, 0x00, 0x01, 0xef, 0xe1, 0x00, 0x00,
    0x09, 0xff, 0x50, 0x00, 0x7f, 0xf8, 0x00, 0x00, 0x1f, 0xfc, 0x00, 0x00, 0x1e, 0xfe, 0x10, 0x00,
    0x8f, 0xf4, 0x00, 0x00, 0x06, 0xff, 0x80, 0x01, 0xef, 0xb0, 0x00, 0x00, 0x00, 0xdf, 0xe1, 0x08,
    0xff, 0x30, 0x00, 0x00, 0x00, 0x5f, 0xf8, 0x1e, 0xfa, 0x00, 0x00, 0x00, 0x00, 0x0c, 0xfe, 0x8f,
    0xf2, 0x00, 0x00, 0x00, 0x00, 0x03, 0xff, 0xff, 0x90, 0x00, 0x00, 0x00, 0x00, 0x00, 0xbf, 0xff,
    0x10, 0x00, 0x00, 0x00, 0x00, 0x01, 0xef, 0xff, 0x40, 0x00, 0x00, 0x00, 0x00, 0x08, 0xfe, 0xef,
    0xc0, 0x00, 0x00, 0x00, 0x00, 0x2f, 0xf8, 0x8f, 0xf5, 0x00, 0x00, 0x00, 0x00, 0x9f, 0xf1, 0x1e,
    0xfd, 0x00, 0x00, 0x00, 0x03, 0xff, 0x90, 0x07, 0xff, 0x70, 0x00, 0x00, 0x0b, 0xff, 0x20, 0x01,
    0xef, 0xe1, 0x00, 0x00, 0x4f, 0xf9, 0x00, 0x00, 0x7f, 0xf8, 0x00, 0x00, 0xcf, 0xf2, 0x00, 0x00,
    0x1e, 0xff, 0x20, 0x05, 0xff, 0x90, 0x00, 0x00, 0x06, 0xff, 0xa0, 0x00, 0x00, 0x00, 0x00, 0x00,
    0x00, 0x00, 0x00, 0x00, 0x00, 0x00, 0x00, 0x00, 0x00, 0x00, 0x00, 0x00, 0x0d, 0xff, 0x20, 0x00,
    0x00, 0x0c, 0xff, 0x20, 0x00, 0x6f, 0xf8, 0x00, 0x00, 0x03, 0xff, 0x90, 0x00, 0x00, 0xdf, 0xe0,
    0x00, 0x00, 0xaf, 0xf2, 0x00, 0x00, 0x06, 0xff, 0x60, 0x00, 0x1f, 0xfa, 0x00, 0x00, 0x00, 0x1e,
    0xfc, 0x00, 0x07, 0xff, 0x30, 0x00, 0x00, 0x00, 0x7f, 0xf3, 0x00, 0xef, 0xb0, 0x00, 0x00, 0x00,
    0x01, 0xef, 0xa0, 0x5f, 0xf4, 0x00, 0x00, 0x00, 0x00, 0x08, 0xff, 0x1c, 0xfc, 0x00, 0x00, 0x00,
    0x00, 0x00, 0x1f, 0xfa, 0xff, 0x50, 0x00, 0x00, 0x00, 0x00, 0x00, 0x9f, 0xff, 0xc0, 0x00, 0x00,
    0x00, 0x00, 0x00, 0x02, 0xff, 0xf5, 0x00, 0x00, 0x00, 0x00, 0x00, 0x00, 0x0c, 0xff, 0x00, 0x00,
    0x00, 0x00, 0x00, 0x00, 0x00, 0xcf, 0xf0, 0x00, 0x00, 0x00, 0x00, 0x00, 0x00, 0x0c, 0xff, 0x00,
    0x00, 0x00, 0x00, 0x00, 0x00, 0x00, 0xcf, 0xf0, 0x00, 0x00, 0x00, 0x00, 0x00, 0x00, 0x0c, 0xff,
    0x00, 0x00, 0x00, 0x00, 0x00, 0x00, 0x00, 0xcf, 0xf0, 0x00, 0x00, 0x00, 0x00, 0x00, 0x00, 0x0c,
    0xff, 0x00, 0x00, 0x00, 0x00, 0x00, 0x00, 0x00, 0x00, 0x00, 0x00, 0x00, 0x00, 0x00, 0x00, 0x00,
    0x00, 0x00, 0x00, 0x00, 0x00, 0x00, 0x01, 0xff, 0xff, 0xff, 0xff, 0xff, 0xf6, 0x00, 0x00, 0x1f,
    0xff, 0xff, 0xff, 0xff, 0xff, 0x60, 0x00, 0x00, 0x55, 0x55, 0x55, 0x58, 0xff, 0xd0, 0x00, 0x00,
    0x00, 0x00, 0x00, 0x00, 0xbf, 0xf4, 0x00, 0x00, 0x00, 0x00, 0x00, 0x00, 0x6f, 0xf9, 0x00, 0x00,
    0x00, 0x00, 0x00, 0x00, 0x1e, 0xfe, 0x10, 0x00, 0x00, 0x00, 0x00, 0x00, 0x0a, 0xff, 0x50, 0x00,
    0x00, 0x00, 0x00, 0x00, 0x04, 0xff, 0xb0, 0x00, 0x00, 0x00, 0x00, 0x00, 0x01, 0xdf, 0xe2, 0x00,
    0x00, 0x00, 0x00, 0x00, 0x00, 0x8f, 0xf7, 0x00, 0x00, 0x00, 0x00, 0x00, 0x00, 0x3f, 0xfc, 0x00,
    0x00, 0x00, 0x00, 0x00, 0x00, 0x0c, 0xff, 0x30, 0x00, 0x00, 0x00, 0x00, 0x00, 0x07, 0xff, 0x80,
    0x00, 0x00, 0x00, 0x00, 0x00, 0x02, 0xef, 0xd1, 0x00, 0x00, 0x00, 0x00, 0x00, 0x00, 0xbf, 0xf4,
    0x00, 0x00, 0x00, 0x00, 0x00, 0x00, 0x5f, 0xfd, 0x66, 0x66, 0x66, 0x66, 0x30, 0x00, 0x0d, 0xff,
    0xff, 0xff, 0xff, 0xff, 0xf7, 0x00, 0x00, 0xdf, 0xff, 0xff, 0xff, 0xff, 0xff, 0x70, 0x00, 0x00,
    0x00, 0x00, 0x00, 0x00, 0x00, 0x00, 0x00, 0x00, 0x00, 0x00, 0x00, 0x00, 0x00, 0x00, 0x8f, 0xff,
    0xf9, 0x00, 0x00, 0x08, 0xfc, 0x88, 0x50, 0x00, 0x00, 0x8f, 0x80, 0x00, 0x00, 0x00, 0x08, 0xf8,
    0x00, 0x00, 0x00, 0x00, 0x8f, 0x80, 0x00, 0x00, 0x00, 0x08, 0xf8, 0x00, 0x00, 0x00, 0x00, 0x8f,
    0x80, 0x00, 0x00, 0x00, 0x08, 0xf8, 0x00, 0x00, 0x00, 0x00, 0x8f, 0x80, 0x00, 0x00, 0x00, 0x08,
    0xf8, 0x00, 0x00, 0x00, 0x00, 0x8f, 0x80, 0x00, 0x00, 0x00, 0x08, 0xf8, 0x00, 0x00, 0x00, 0x00,
    0x8f, 0x80, 0x00, 0x00, 0x00, 0x08, 0xf8, 0x00, 0x00, 0x00, 0x00, 0x8f, 0x80, 0x00, 0x00, 0x00,
    0x08, 0xf8, 0x00, 0x00, 0x00, 0x00, 0x8f, 0x80, 0x00, 0x00, 0x00, 0x08, 0xf8, 0x00, 0x00, 0x00,
    0x00, 0x8f, 0x80, 0x00, 0x00, 0x00, 0x08, 0xf8, 0x00, 0x00, 0x00, 0x00, 0x8f, 0x80, 0x00, 0x00,
    0x00, 0x08, 0xfc, 0x88, 0x50, 0x00, 0x00, 0x8f, 0xff, 0xf9, 0x00, 0x00, 0x00, 0x00, 0x00, 0x00,
    0x00, 0x00, 0x00, 0x00, 0x00, 0x00, 0x00, 0x05, 0xf8, 0x00, 0x00, 0x00, 0x00, 0x01, 0xfc, 0x00,
    0x00, 0x00, 0x00, 0x00, 0xcf, 0x10, 0x00, 0x00, 0x00, 0x00, 0x8f, 0x60, 0x00, 0x00, 0x00, 0x00,
    0x3f, 0xa0, 0x00, 0x00, 0x00, 0x00, 0x0e, 0xe0, 0x00, 0x00, 0x00, 0x00, 0x0a, 0xf3, 0x00, 0x00,
    0x00, 0x00, 0x06, 0xf8, 0x00, 0x00, 0x00, 0x00, 0x02, 0xfc, 0x00, 0x00, 0x00, 0x00, 0x00, 0xcf,
    0x10, 0x00, 0x00, 0x00, 0x00, 0x8f, 0x50, 0x00, 0x00, 0x00, 0x00, 0x4f, 0xa0, 0x00, 0x00, 0x00,
    0x00, 0x0e, 0xe0, 0x00, 0x00, 0x00, 0x00, 0x0a, 0xf3, 0x00, 0x00, 0x00, 0x00, 0x06, 0xf7, 0x00,
    0x00, 0x00, 0x00, 0x02, 0xfc, 0x00, 0x00, 0x00, 0x00, 0x00, 0xdf, 0x10, 0x00, 0x00, 0x00, 0x00,
    0x8f, 0x50, 0x00, 0x00, 0x00, 0x00, 0x4f, 0x90, 0x00, 0x00, 0x00, 0x00, 0x0e, 0xe0, 0x00, 0x00,
    0x00, 0x00, 0x0b, 0xf3, 0x00, 0x00, 0x00, 0x00, 0x06, 0xf7, 0x00, 0x00, 0x00, 0x00, 0x02, 0xfb,
    0x00, 0x00, 0x00, 0x00, 0x00, 0x77, 0x00, 0x00, 0x00, 0x00, 0x00, 0x00, 0x00, 0x00, 0x00, 0x00,
    0x00, 0x00, 0x00, 0x1f, 0xff, 0xff, 0x10, 0x00, 0x00, 0x88, 0x9f, 0xf1, 0x00, 0x00, 0x00, 0x01,
    0xff, 0x10, 0x00, 0x00, 0x00, 0x1f, 0xf1, 0x00, 0x00, 0x00, 0x01, 0xff, 0x10, 0x00, 0x00, 0x00,
    0x1f, 0xf1, 0x00, 0x00, 0x00, 0x01, 0xff, 0x10, 0x00, 0x00, 0x00, 0x1f, 0xf1, 0x00, 0x00, 0x00,
    0x01, 0xff, 0x10, 0x00, 0x00, 0x00, 0x1f, 0xf1, 0x00, 0x00, 0x00, 0x01, 0xff, 0x10, 0x00, 0x00,
    0x00, 0x1f, 0xf1, 0x00, 0x00, 0x00, 0x01, 0xff, 0x10, 0x00, 0x00, 0x00, 0x1f, 0xf1, 0x00, 0x00,
    0x00, 0x01, 0xff, 0x10, 0x00, 0x00, 0x00, 0x1f, 0xf1, 0x00, 0x00, 0x00, 0x01, 0xff, 0x10, 0x00,
    0x00, 0x00, 0x1f, 0xf1, 0x00, 0x00, 0x00, 0x01, 0xff, 0x10, 0x00, 0x00, 0x00, 0x1f, 0xf1, 0x00,
    0x00, 0x00, 0x01, 0xff, 0x10, 0x00, 0x00, 0x88, 0x8f, 0xf1, 0x00, 0x00, 0x1f, 0xff, 0xff, 0x10,
    0x00, 0x00, 0x00, 0x00, 0x00, 0x00, 0x00, 0x00, 0x00, 0x00, 0x00, 0x00, 0x00, 0x00, 0x00, 0x00,
    0x00, 0x00, 0x8f, 0xf3, 0x00, 0x00, 0x00, 0x00, 0x00, 0x00, 0xef, 0xf9, 0x00, 0x00, 0x00, 0x00,
    0x00, 0x05, 0xfd, 0xfe, 0x10, 0x00, 0x00, 0x00, 0x00, 0x0b, 0xf7, 0xcf, 0x60, 0x00, 0x00, 0x00,
    0x00, 0x2f, 0xf1, 0x6f, 0xc0, 0x00, 0x00, 0x00, 0x00, 0x8f, 0xb0, 0x1f, 0xf3, 0x00, 0x00, 0x00,
    0x00, 0xdf, 0x50, 0x0b, 0xf8, 0x00, 0x00, 0x00, 0x04, 0xfe, 0x10, 0x05, 0xfe, 0x00, 0x00, 0x00,
    0x0a, 0xf9, 0x00, 0x00, 0xef, 0x50, 0x00, 0x00, 0x1f, 0xf4, 0x00, 0x00, 0x9f, 0xb0, 0x00, 0x00,
    0x38, 0x70, 0x00, 0x00, 0x28, 0x80, 0x00, 0x00, 0x00, 0x00, 0x00, 0x00, 0x00, 0x00, 0x00, 0x00,
    0x00, 0x00, 0x00, 0x00, 0x00, 0x00, 0x00, 0x00, 0x00, 0x00, 0x00, 0x00, 0x00, 0x00, 0x00, 0x00,
    0x00, 0x00, 0x00, 0x00, 0x00, 0x00, 0x00, 0x00, 0x00, 0x00, 0x00, 0x00, 0x00, 0x00, 0x00, 0x00,
    0x00, 0x00, 0x00, 0x00, 0x00, 0x00, 0x00, 0x00, 0x00, 0x00, 0x00, 0x00, 0x00, 0x00, 0x00, 0x00,
    0x00, 0x00, 0x00, 0x00, 0x00, 0x00, 0x00, 0x00, 0x00, 0x00, 0x00, 0x00, 0x00, 0x00, 0x00, 0x00,
    0x00, 0x00, 0x00, 0x00, 0x00, 0x00, 0x00, 0x00, 0x00, 0x00, 0x00, 0x00, 0x00, 0x00, 0x00, 0x0a,
    0xff, 0xff, 0xff, 0xff, 0xff, 0xff, 0x30, 0x07, 0xbb, 0xbb, 0xbb, 0xbb, 0xbb, 0xbb, 0x20, 0x00,
    0x00, 0x00, 0x00, 0x00, 0x00, 0x00, 0x00, 0x00, 0x00, 0x00, 0x00, 0x00, 0x00, 0x00, 0x00, 0x00,
    0x00, 0x0a, 0xff, 0x80, 0x00, 0x00, 0x00, 0x00, 0x00, 0x00, 0x1b, 0xff, 0x40, 0x00, 0x00, 0x00,
    0x00, 0x00, 0x00, 0x0b, 0xfe, 0x10, 0x00, 0x00, 0x00, 0x00, 0x00, 0x00, 0x0b, 0xfb, 0x00, 0x00,
    0x00, 0x00, 0x00, 0x00, 0x00, 0x08, 0x93, 0x00, 0x00, 0x00, 0x00, 0x00, 0x00, 0x00, 0x00, 0x00,
    0x00, 0x00, 0x00, 0x00, 0x00, 0x00, 0x00, 0x00, 0x00, 0x00, 0x00, 0x00, 0x00, 0x00, 0x00, 0x00,
    0x00, 0x00, 0x00, 0x00, 0x00, 0x00, 0x00, 0x00, 0x00, 0x00, 0x00, 0x00, 0x00, 0x00, 0x00, 0x00,
    0x00, 0x00, 0x00, 0x00, 0x00, 0x00, 0x00, 0x00, 0x00, 0x00, 0x00, 0x00, 0x00, 0x00, 0x00, 0x00,
    0x00, 0x00, 0x00, 0x00, 0x00, 0x00, 0x00, 0x00, 0x00, 0x00, 0x00, 0x00, 0x00, 0x00, 0x00, 0x00,
    0x00, 0x00, 0x00, 0x00, 0x00, 0x00, 0x00, 0x00, 0x00, 0x00, 0x00, 0x00, 0x00, 0x00, 0x00, 0x00,
    0x00, 0x00, 0x00, 0x00, 0x00, 0x00, 0x00, 0x00, 0x00, 0x00, 0x00, 0x00, 0x00, 0x00, 0x00, 0x00,
    0x00, 0x00, 0x00, 0x00, 0x00, 0x00, 0x00, 0x00, 0x00, 0x00, 0x00, 0x00, 0x00, 0x00, 0x00, 0x00,
    0x00, 0x00, 0x00, 0x00, 0x00, 0x00, 0x00, 0x00, 0x00, 0x00, 0x00, 0x00, 0x00, 0x00, 0x00, 0x00,
    0x00, 0x00, 0x00, 0x00, 0x00, 0x00, 0x00, 0x00, 0x00, 0x00, 0x00, 0x00, 0x28, 0xce, 0xeb, 0x70,
    0x00, 0x00, 0x00, 0x09, 0xff, 0xff, 0xff, 0xfb, 0x00, 0x00, 0x00, 0x0b, 0xfb, 0x75, 0x6d, 0xff,
    0x50, 0x00, 0x00, 0x02, 0x30, 0x00, 0x02, 0xff, 0xb0, 0x00, 0x00, 0x00, 0x00, 0x00, 0x00, 0xdf,
    0xd0, 0x00, 0x00, 0x00, 0x01, 0x59, 0xce, 0xff, 0xe0, 0x00, 0x00, 0x01, 0x9f, 0xfe, 0xb9, 0xdf,
    0xf0, 0x00, 0x00, 0x1d, 0xfd, 0x50, 0x00, 0xcf, 0xf0, 0x00, 0x00, 0x6f, 0xf3, 0x00, 0x00, 0xcf,
    0xf0, 0x00, 0x00, 0x9f, 0xf1, 0x00, 0x02, 0xef, 0xf0, 0x00, 0x00, 0x8f, 0xfa, 0x14, 0x8f, 0xff,
    0xf0, 0x00, 0x00, 0x3f, 0xff, 0xef, 0xfb, 0x9f, 0xf0, 0x00, 0x00, 0x05, 0xef, 0xec, 0x60, 0x5f,
    0xf0, 0x00, 0x00, 0x00, 0x13, 0x10, 0x00, 0x00, 0x00, 0x00, 0x00, 0x00, 0x00, 0x00, 0x00, 0x00,
    0x00, 0x00, 0x00, 0x00, 0x00, 0x00, 0x00, 0x00, 0x00, 0x00, 0x00, 0x00, 0x89, 0x70, 0x00, 0x00,
    0x00, 0x00, 0x00, 0x00, 0x0e, 0xfd, 0x00, 0x00, 0x00, 0x00, 0x00, 0x00, 0x00, 0xef, 0xd0, 0x00,
    0x00, 0x00, 0x00, 0x00, 0x00, 0x0e, 0xfd, 0x00, 0x00, 0x00, 0x00, 0x00, 0x00, 0x00, 0xef, 0xd0,
    0x00, 0x00, 0x00, 0x00, 0x00, 0x00, 0x0e, 0xfd, 0x00, 0x00, 0x00, 0x00, 0x00, 0x00, 0x00, 0xef,
    0xc0, 0x6b, 0xec, 0x92, 0x00, 0x00, 0x00, 0x0e, 0xfd, 0xbf, 0xff, 0xff, 0xe4, 0x00, 0x00, 0x00,
    0xef, 0xff, 0xb6, 0x6b, 0xff, 0xd0, 0x00, 0x00, 0x0e, 0xfe, 0x50, 0x00, 0x0a, 0xff, 0x60, 0x00,
    0x00, 0xef, 0xd0, 0x00, 0x00, 0x3f, 0xfa, 0x00, 0x00, 0x0e, 0xfd, 0x00, 0x00, 0x00, 0xff, 0xc0,
    0x00, 0x00, 0xef, 0xd0, 0x00, 0x00, 0x0f, 0xfd, 0x00, 0x00, 0x0e, 0xfd, 0x00, 0x00, 0x01, 0xff,
    0xb0, 0x00, 0x00, 0xef, 0xd0, 0x00, 0x00, 0x5f, 0xf8, 0x00, 0x00, 0x0e, 0xfd, 0x10, 0x00, 0x1d,
    0xff, 0x30, 0x00, 0x00, 0xef, 0xfe, 0x72, 0x7d, 0xff, 0x90, 0x00, 0x00, 0x0e, 0xfe, 0xff, 0xff,
    0xff, 0xa1, 0x00, 0x00, 0x00, 0xef, 0x55, 0xef, 0xeb, 0x60, 0x00, 0x00, 0x00, 0x00, 0x00, 0x00,
    0x31, 0x00, 0x00, 0x00, 0x00, 0x00, 0x00, 0x00, 0x00, 0x00, 0x00, 0x00, 0x00, 0x00, 0x00, 0x00,
    0x00, 0x00, 0x00, 0x00, 0x00, 0x00, 0x02, 0x9c, 0xed, 0xa3, 0x00, 0x00, 0x00, 0x7f, 0xff, 0xff,
    0xff, 0x40, 0x00, 0x06, 0xff, 0xf9, 0x56, 0xbb, 0x00, 0x00, 0x2e, 0xfe, 0x30, 0x00, 0x00, 0x00,
    0x00, 0x8f, 0xf7, 0x00, 0x00, 0x00, 0x00, 0x00, 0xcf, 0xf2, 0x00, 0x00, 0x00, 0x00, 0x00, 0xcf,
    0xf1, 0x00, 0x00, 0x00, 0x00, 0x00, 0xaf, 0xf2, 0x00, 0x00, 0x00, 0x00, 0x00, 0x8f, 0xf7, 0x00,
    0x00, 0x00, 0x00, 0x00, 0x3f, 0xfe, 0x20, 0x00, 0x02, 0x00, 0x00, 0x08, 0xff, 0xe8, 0x56, 0xaf,
    0x30, 0x00, 0x00, 0x9f, 0xff, 0xff, 0xff, 0x60, 0x00, 0x00, 0x04, 0xac, 0xec, 0x92, 0x00, 0x00,
    0x00, 0x00, 0x00, 0x00, 0x00, 0x00, 0x00, 0x00, 0x00, 0x00, 0x00, 0x00, 0x00, 0x00, 0x00, 0x00,
    0x00, 0x00, 0x00, 0x00, 0x69, 0x90, 0x00, 0x00, 0x00, 0x00, 0x00, 0x00, 0x0b, 0xff, 0x10, 0x00,
    0x00, 0x00, 0x00, 0x00, 0x00, 0xbf, 0xf1, 0x00, 0x00, 0x00, 0x00, 0x00, 0x00, 0x0b, 0xff, 0x10,
    0x00, 0x00, 0x00, 0x00, 0x00, 0x00, 0xbf, 0xf1, 0x00, 0x00, 0x00, 0x00, 0x00, 0x00, 0x0a, 0xff,
    0x10, 0x00, 0x00, 0x00, 0x5a, 0xed, 0xa2, 0xaf, 0xf1, 0x00, 0x00, 0x00, 0x9f, 0xff, 0xff, 0xed,
    0xff, 0x10, 0x00, 0x00, 0x7f, 0xfe, 0x85, 0x8d, 0xff, 0xf1, 0x00, 0x00, 0x2e, 0xfe, 0x20, 0x00,
    0x1c, 0xff, 0x10, 0x00, 0x07, 0xff, 0x70, 0x00, 0x00, 0xbf, 0xf1, 0x00, 0x00, 0x9f, 0xf3, 0x00,
    0x00, 0x0b, 0xff, 0x10, 0x00, 0x0b, 0xff, 0x10, 0x00, 0x00, 0xbf, 0xf1, 0x00, 0x00, 0xbf, 0xf2,
    0x00, 0x00, 0x0b, 0xff, 0x10, 0x00, 0x09, 0xff, 0x60, 0x00, 0x00, 0xbf, 0xf1, 0x00, 0x00, 0x6f,
    0xfc, 0x00, 0x00, 0x3e, 0xff, 0x10, 0x00, 0x00, 0xdf, 0xfb, 0x34, 0x9f, 0xff, 0xf1, 0x00, 0x00,
    0x05, 0xff, 0xff, 0xff, 0xd9, 0xff, 0x10, 0x00, 0x00, 0x04, 0xdf, 0xfd, 0x81, 0x4f, 0xf1, 0x00,
    0x00, 0x00, 0x00, 0x23, 0x00, 0x00, 0x00, 0x00, 0x00, 0x00, 0x00, 0x00, 0x00, 0x00, 0x00, 0x00,
    0x00, 0x00, 0x00, 0x00, 0x00, 0x00, 0x00, 0x00, 0x00, 0x00, 0x00, 0x04, 0xad, 0xeb, 0x70, 0x00,
    0x00, 0x00, 0x00, 0x9f, 0xff, 0xff, 0xfc, 0x20, 0x00, 0x00, 0x08, 0xff, 0xa4, 0x47, 0xef, 0xa0,
    0x00, 0x00, 0x3f, 0xf8, 0x00, 0x00, 0x4f, 0xf3, 0x00, 0x00, 0x9f, 0xf1, 0x00, 0x00, 0x0e, 0xf6,
    0x00, 0x00, 0xcf, 0xfe, 0xee, 0xee, 0xef, 0xf8, 0x00, 0x00, 0xcf, 0xff, 0xff, 0xff, 0xff, 0xf7,
    0x00, 0x00, 0xaf, 0xe0, 0x00, 0x00, 0x00, 0x00, 0x00, 0x00, 0x7f, 0xf4, 0x00, 0x00, 0x00, 0x00,
    0x00, 0x00, 0x2e, 0xfd, 0x10, 0x00, 0x00, 0x00, 0x00, 0x00, 0x07, 0xff, 0xd6, 0x44, 0x6c, 0x70,
    0x00, 0x00, 0x00, 0x8f, 0xff, 0xff, 0xff, 0xc0, 0x00, 0x00, 0x00, 0x03, 0x9c, 0xed, 0xa6, 0x00,
    0x00, 0x00, 0x00, 0x00, 0x00, 0x00, 0x00, 0x00, 0x00, 0x00, 0x00, 0x00, 0x00, 0x00, 0x00, 0x00,
    0x00, 0x00, 0x02, 0x20, 0x00, 0x00, 0x00, 0x19, 0xff, 0xfd, 0x00, 0x00, 0x00, 0xaf, 0xff, 0xfa,
    0x00, 0x00, 0x03, 0xff, 0xc2, 0x12, 0x00, 0x00, 0x05, 0xff, 0x60, 0x00, 0x00, 0x00, 0x07, 0xff,
    0x50, 0x00, 0x00, 0x00, 0x07, 0xff, 0x40, 0x00, 0x00, 0x05, 0xef, 0xff, 0xff, 0xe0, 0x00, 0x06,
    0xff, 0xff, 0xff, 0xe0, 0x00, 0x01, 0x39, 0xff, 0x73, 0x30, 0x00, 0x00, 0x07, 0xff, 0x40, 0x00,
    0x00, 0x00, 0x07, 0xff, 0x40, 0x00, 0x00, 0x00, 0x07, 0xff, 0x40, 0x00, 0x00, 0x00, 0x07, 0xff,
    0x40, 0x00, 0x00, 0x00, 0x07, 0xff, 0x40, 0x00, 0x00, 0x00, 0x07, 0xff, 0x40, 0x00, 0x00, 0x00,
    0x07, 0xff, 0x40, 0x00, 0x00, 0x00, 0x07, 0xff, 0x40, 0x00, 0x00, 0x00, 0x07, 0xff, 0x40, 0x00,
    0x00, 0x00, 0x07, 0xff, 0x40, 0x00, 0x00, 0x00, 0x00, 0x00, 0x00, 0x00, 0x00, 0x00, 0x00, 0x00,
    0x00, 0x00, 0x00, 0x00, 0x00, 0x00, 0x00, 0x18, 0xce, 0xff, 0xff, 0xff, 0x40, 0x00, 0x02, 0xef,
    0xff, 0xff, 0xff, 0xff, 0x40, 0x00, 0x0d, 0xfe, 0x40, 0x2b, 0xfe, 0x21, 0x00, 0x00, 0x3f, 0xf6,
    0x00, 0x01, 0xff, 0x70, 0x00, 0x00, 0x6f, 0xf3, 0x00, 0x00, 0xdf, 0x90, 0x00, 0x00, 0x3f, 0xf6,
    0x00, 0x01, 0xff, 0x60, 0x00, 0x00, 0x0b, 0xfe, 0x51, 0x2b, 0xfe, 0x20, 0x00, 0x00, 0x01, 0xdf,
    0xff, 0xff, 0xe4, 0x00, 0x00, 0x00, 0x06, 0xfb, 0x8b, 0xa8, 0x10, 0x00, 0x00, 0x00, 0x0e, 0xf3,
    0x00, 0x00, 0x00, 0x00, 0x00, 0x00, 0x1f, 0xfa, 0x43, 0x33, 0x21, 0x00, 0x00, 0x00, 0x09, 0xff,
    0xff, 0xff, 0xff, 0xb3, 0x00, 0x00, 0x04, 0xff, 0xff, 0xff, 0xff, 0xfe, 0x20, 0x00, 0x3e, 0xe3,
    0x00, 0x00, 0x2a, 0xff, 0x60, 0x00, 0x9f, 0x90, 0x00, 0x00, 0x04, 0xff, 0x60, 0x00, 0xcf, 0x90,
    0x00, 0x00, 0x08, 0xff, 0x20, 0x00, 0x9f, 0xf6, 0x10, 0x01, 0x7f, 0xf9, 0x00, 0x00, 0x1d, 0xff,
    0xfd, 0xdf, 0xff, 0xa0, 0x00, 0x00, 0x01, 0x6c, 0xdf, 0xdb, 0x92, 0x00, 0x00, 0x00, 0x00, 0x00,
    0x00, 0x00, 0x00, 0x00, 0x00, 0x00, 0x00, 0x00, 0x00, 0x00, 0x00, 0x00, 0x00, 0x00, 0x00, 0x89,
    0x70, 0x00, 0x00, 0x00, 0x00, 0x00, 0x00, 0x0e, 0xfd, 0x00, 0x00, 0x00, 0x00, 0x00, 0x00, 0x00,
    0xef, 0xd0, 0x00, 0x00, 0x00, 0x00, 0x00, 0x00, 0x0e, 0xfd, 0x00, 0x00, 0x00, 0x00, 0x00, 0x00,
    0x00, 0xef, 0xd0, 0x00, 0x00, 0x00, 0x00, 0x00, 0x00, 0x0e, 0xfd, 0x00, 0x00, 0x00, 0x00, 0x00,
    0x00, 0x00, 0xef, 0xc0, 0x4b, 0xee, 0xb2, 0x00, 0x00, 0x00, 0x0e, 0xfb, 0x8f, 0xff, 0xff, 0xe2,
    0x00, 0x00, 0x00, 0xef, 0xff, 0xd8, 0x7d, 0xff, 0x90, 0x00, 0x00, 0x0e, 0xff, 0x90, 0x00, 0x1f,
    0xfd, 0x00, 0x00, 0x00, 0xef, 0xd0, 0x00, 0x00, 0xcf, 0xf0, 0x00, 0x00, 0x0e, 0xfd, 0x00, 0x00,
    0x0b, 0xff, 0x10, 0x00, 0x00, 0xef, 0xd0, 0x00, 0x00, 0xbf, 0xf1, 0x00, 0x00, 0x0e, 0xfd, 0x00,
    0x00, 0x0b, 0xff, 0x10, 0x00, 0x00, 0xef, 0xd0, 0x00, 0x00, 0xbf, 0xf1, 0x00, 0x00, 0x0e, 0xfd,
    0x00, 0x00, 0x0b, 0xff, 0x10, 0x00, 0x00, 0xef, 0xd0, 0x00, 0x00, 0xbf, 0xf1, 0x00, 0x00, 0x0e,
    0xfd, 0x00, 0x00, 0x0b, 0xff, 0x10, 0x00, 0x00, 0xef, 0xd0, 0x00, 0x00, 0xbf, 0xf1, 0x00, 0x00,
    0x00, 0x00, 0x00, 0x00, 0x00, 0x00, 0x00, 0x00, 0x00, 0x00, 0x00, 0x00, 0x00, 0x00, 0x9e, 0x80,
    0x00, 0x00, 0x3f, 0xff, 0x10, 0x00, 0x00, 0xdf, 0xc0, 0x00, 0x00, 0x00, 0x30, 0x00, 0x00, 0x00,
    0x00, 0x00, 0x00, 0x00, 0x00, 0x00, 0x00, 0x00, 0x00, 0xef, 0xd0, 0x00, 0x00, 0x0e, 0xfd, 0x00,
    0x00, 0x00, 0xef, 0xd0, 0x00, 0x00, 0x0e, 0xfd, 0x00, 0x00, 0x00, 0xef, 0xd0, 0x00, 0x00, 0x0e,
    0xfd, 0x00, 0x00, 0x00, 0xef, 0xd0, 0x00, 0x00, 0x0e, 0xfd, 0x00, 0x00, 0x00, 0xef, 0xd0, 0x00,
    0x00, 0x0e, 0xfd, 0x00, 0x00, 0x00, 0xef, 0xd0, 0x00, 0x00, 0x0e, 0xfd, 0x00, 0x00, 0x00, 0xef,
    0xd0, 0x00, 0x00, 0x00, 0x00, 0x00, 0x00, 0x00, 0x00, 0x00, 0x00, 0x00, 0x00, 0x00, 0x00, 0x9e,
    0x80, 0x00, 0x00, 0x00, 0x2f, 0xff, 0x10, 0x00, 0x00, 0x00, 0xdf, 0xc0, 0x00, 0x00, 0x00, 0x00,
    0x30, 0x00, 0x00, 0x00, 0x00, 0x00, 0x00, 0x00, 0x00, 0x00, 0x00, 0x00, 0x00, 0x00, 0x00, 0x00,
    0xef, 0xd0, 0x00, 0x00, 0x00, 0x0e, 0xfd, 0x00, 0x00, 0x00, 0x00, 0xef, 0xd0, 0x00, 0x00, 0x00,
    0x0e, 0xfd, 0x00, 0x00, 0x00, 0x00, 0xef, 0xd0, 0x00, 0x00, 0x00, 0x0e, 0xfd, 0x00, 0x00, 0x00,
    0x00, 0xef, 0xd0, 0x00, 0x00, 0x00, 0x0e, 0xfd, 0x00, 0x00, 0x00, 0x00, 0xef, 0xd0, 0x00, 0x00,
    0x00, 0x0e, 0xfd, 0x00, 0x00, 0x00, 0x00, 0xef, 0xd0, 0x00, 0x00, 0x00, 0x0e, 0xfd, 0x00, 0x00,
    0x00, 0x00, 0xef, 0xd0, 0x00, 0x00, 0x00, 0x0e, 0xfd, 0x00, 0x00, 0x00, 0x00, 0xef, 0xd0, 0x00,
    0x00, 0x00, 0x1f, 0xfb, 0x00, 0x00, 0x04, 0x39, 0xff, 0x80, 0x00, 0x00, 0xdf, 0xff, 0xe1, 0x00,
    0x00, 0x1c, 0xfd, 0xa2, 0x00, 0x00, 0x00, 0x00, 0x00, 0x00, 0x00, 0x00, 0x00, 0x00, 0x00, 0x00,
    0x00, 0x00, 0x00, 0x00, 0x00, 0x0c, 0xdb, 0x00, 0x00, 0x00, 0x00, 0x00, 0x00, 0x0e, 0xfc, 0x00,
    0x00, 0x00, 0x00, 0x00, 0x00, 0x0e, 0xfc, 0x00, 0x00, 0x00, 0x00, 0x00, 0x00, 0x0e, 0xfc, 0x00,
    0x00, 0x00, 0x00, 0x00, 0x00, 0x0e, 0xfc, 0x00, 0x00, 0x00, 0x00, 0x00, 0x00, 0x0e, 0xfc, 0x00,
    0x00, 0x00, 0x00, 0x00, 0x00, 0x0e, 0xfc, 0x00, 0x00, 0x6f, 0xfa, 0x00, 0x00, 0x0e, 0xfc, 0x00,
    0x04, 0xff, 0xc0, 0x00, 0x00, 0x0e, 0xfc, 0x00, 0x2e, 0xfd, 0x10, 0x00, 0x00, 0x0e, 0xfc, 0x00,
    0xcf, 0xe3, 0x00, 0x00, 0x00, 0x0e, 0xfc, 0x0a, 0xff, 0x50, 0x00, 0x00, 0x00, 0x0e, 0xfc, 0x7f,
    0xfc, 0x00, 0x00, 0x00, 0x00, 0x0e, 0xfe, 0xff, 0xff, 0x60, 0x00, 0x00, 0x00, 0x0e, 0xff, 0xfa,
    0xcf, 0xe1, 0x00, 0x00, 0x00, 0x0e, 0xff, 0xc0, 0x3f, 0xfa, 0x00, 0x00, 0x00, 0x0e, 0xfe, 0x10,
    0x08, 0xff, 0x50, 0x00, 0x00, 0x0e, 0xfc, 0x00, 0x01, 0xdf, 0xe1, 0x00, 0x00, 0x0e, 0xfc, 0x00,
    0x00, 0x5f, 0xf9, 0x00, 0x00, 0x0e, 0xfc, 0x00, 0x00, 0x0b, 0xff, 0x40, 0x00, 0x00, 0x00, 0x00,
    0x00, 0x00, 0x00, 0x00, 0x00, 0x00, 0x00, 0x00, 0x00, 0x00, 0x56, 0x50, 0x00, 0x00, 0x0e, 0xfd,
    0x00, 0x00, 0x00, 0xef, 0xd0, 0x00, 0x00, 0x0e, 0xfd, 0x00, 0x00, 0x00, 0xef, 0xd0, 0x00, 0x00,
    0x0e, 0xfd, 0x00, 0x00, 0x00, 0xef, 0xd0, 0x00, 0x00, 0x0e, 0xfd, 0x00, 0x00, 0x00, 0xef, 0xd0,
    0x00, 0x00, 0x0e, 0xfd, 0x00, 0x00, 0x00, 0xef, 0xd0, 0x00, 0x00, 0x0e, 0xfd, 0x00, 0x00, 0x00,
    0xef, 0xd0, 0x00, 0x00, 0x0e, 0xfd, 0x00, 0x00, 0x00, 0xef, 0xd0, 0x00, 0x00, 0x0e, 0xfd, 0x00,
    0x00, 0x00, 0xef, 0xd0, 0x00, 0x00, 0x0c, 0xff, 0x50, 0x00, 0x00, 0x9f, 0xff, 0x10, 0x00, 0x01,
    0xae, 0xe3, 0x00, 0x00, 0x00, 0x00, 0x00, 0x00, 0x00, 0x00, 0x00, 0x00, 0x00, 0x00, 0x00, 0x00,
    0x00, 0x00, 0x00, 0x00, 0x00, 0xef, 0x60, 0x5c, 0xee, 0x91, 0x00, 0x5c, 0xed, 0x80, 0x00, 0x00,
    0x00, 0x0e, 0xf8, 0x8f, 0xff, 0xff, 0xc0, 0x8f, 0xff, 0xff, 0xb0, 0x00, 0x00, 0x00, 0xef, 0xff,
    0xc8, 0x8e, 0xff, 0xdf, 0xc7, 0x8f, 0xff, 0x40, 0x00, 0x00, 0x0e, 0xff, 0x80, 0x00, 0x6f, 0xff,
    0x70, 0x00, 0x7f, 0xf8, 0x00, 0x00, 0x00, 0xef, 0xd0, 0x00, 0x01, 0xff, 0xc0, 0x00, 0x02, 0xff,
    0x90, 0x00, 0x00, 0x0e, 0xfd, 0x00, 0x00, 0x0f, 0xfb, 0x00, 0x00, 0x1f, 0xfb, 0x00, 0x00, 0x00,
    0xef, 0xd0, 0x00, 0x00, 0xff, 0xb0, 0x00, 0x01, 0xff, 0xb0, 0x00, 0x00, 0x0e, 0xfd, 0x00, 0x00,
    0x0f, 0xfb, 0x00, 0x00, 0x1f, 0xfb, 0x00, 0x00, 0x00, 0xef, 0xd0, 0x00, 0x00, 0xff, 0xb0, 0x00,
    0x01, 0xff, 0xb0, 0x00, 0x00, 0x0e, 0xfd, 0x00, 0x00, 0x0f, 0xfb, 0x00, 0x00, 0x1f, 0xfb, 0x00,
    0x00, 0x00, 0xef, 0xd0, 0x00, 0x00, 0xff, 0xb0, 0x00, 0x01, 0xff, 0xb0, 0x00, 0x00, 0x0e, 0xfd,
    0x00, 0x00, 0x0f, 0xfb, 0x00, 0x00, 0x1f, 0xfb, 0x00, 0x00, 0x00, 0xef, 0xd0, 0x00, 0x00, 0xff,
    0xb0, 0x00, 0x01, 0xff, 0xb0, 0x00, 0x00, 0x00, 0x00, 0x00, 0x00, 0x00, 0x00, 0x00, 0x00, 0x00,
    0x00, 0x00, 0x00, 0x00, 0x00, 0x00, 0x00, 0x00, 0x00, 0x00, 0x00, 0x00, 0x00, 0xef, 0x60, 0x4b,
    0xee, 0xb2, 0x00, 0x00, 0x00, 0x0e, 0xf8, 0x8f, 0xff, 0xff, 0xe2, 0x00, 0x00, 0x00, 0xef, 0xff,
    0xd8, 0x7d, 0xff, 0x90, 0x00, 0x00, 0x0e, 0xff, 0x90, 0x00, 0x1f, 0xfd, 0x00, 0x00, 0x00, 0xef,
    0xd0, 0x00, 0x00, 0xcf, 0xf0, 0x00, 0x00, 0x0e, 0xfd, 0x00, 0x00, 0x0b, 0xff, 0x10, 0x00, 0x00,
    0xef, 0xd0, 0x00, 0x00, 0xbf, 0xf1, 0x00, 0x00, 0x0e, 0xfd, 0x00, 0x00, 0x0b, 0xff, 0x10, 0x00,
    0x00, 0xef, 0xd0, 0x00, 0x00, 0xbf, 0xf1, 0x00, 0x00, 0x0e, 0xfd, 0x00, 0x00, 0x0b, 0xff, 0x10,
    0x00, 0x00, 0xef, 0xd0, 0x00, 0x00, 0xbf, 0xf1, 0x00, 0x00, 0x0e, 0xfd, 0x00, 0x00, 0x0b, 0xff,
    0x10, 0x00, 0x00, 0xef, 0xd0, 0x00, 0x00, 0xbf, 0xf1, 0x00, 0x00, 0x00, 0x00, 0x00, 0x00, 0x00,
    0x00, 0x00, 0x00, 0x00, 0x00, 0x00, 0x00, 0x00, 0x00, 0x00, 0x00, 0x00, 0x00, 0x00, 0x39, 0xce,
    0xc9, 0x10, 0x00, 0x00, 0x00, 0x00, 0x8f, 0xff, 0xff, 0xfe, 0x50, 0x00, 0x00, 0x00, 0x7f, 0xfd,
    0x75, 0x8f, 0xff, 0x30, 0x00, 0x00, 0x2f, 0xfd, 0x10, 0x00, 0x3f, 0xfd, 0x00, 0x00, 0x08, 0xff,
    0x60, 0x00, 0x00, 0xaf, 0xf4, 0x00, 0x00, 0xcf, 0xf2, 0x00, 0x00, 0x06, 0xff, 0x70, 0x00, 0x0d,
    0xff, 0x00, 0x00, 0x00, 0x4f, 0xf8, 0x00, 0x00, 0xcf, 0xf2, 0x00, 0x00, 0x06, 0xff, 0x70, 0x00,
    0x08, 0xff, 0x60, 0x00, 0x00, 0x9f, 0xf4, 0x00, 0x00, 0x2f, 0xfd, 0x10, 0x00, 0x3f, 0xfd, 0x00,
    0x00, 0x00, 0x7f, 0xfd, 0x75, 0x8f, 0xff, 0x30, 0x00, 0x00, 0x00, 0x8f, 0xff, 0xff, 0xfe, 0x50,
    0x00, 0x00, 0x00, 0x00, 0x3a, 0xce, 0xc9, 0x20, 0x00, 0x00, 0x00, 0x00, 0x00, 0x00, 0x00, 0x00,
    0x00, 0x00, 0x00, 0x00, 0x00, 0x00, 0x00, 0x00, 0x00, 0x00, 0x00, 0x00, 0x00, 0xef, 0x60, 0x6c,
    0xec, 0x92, 0x00, 0x00, 0x00, 0x0e, 0xfa, 0xcf, 0xff, 0xff, 0xe4, 0x00, 0x00, 0x00, 0xef, 0xff,
    0xa6, 0x6b, 0xff, 0xd0, 0x00, 0x00, 0x0e, 0xfe, 0x20, 0x00, 0x0a, 0xff, 0x60, 0x00, 0x00, 0xef,
    0xd0, 0x00, 0x00, 0x3f, 0xfa, 0x00, 0x00, 0x0e, 0xfd, 0x00, 0x00, 0x00, 0xff, 0xc0, 0x00, 0x00,
    0xef, 0xd0, 0x00, 0x00, 0x0f, 0xfd, 0x00, 0x00, 0x0e, 0xfd, 0x00, 0x00, 0x01, 0xff, 0xb0, 0x00,
    0x00, 0xef, 0xd0, 0x00, 0x00, 0x5f, 0xf8, 0x00, 0x00, 0x0e, 0xfe, 0x20, 0x00, 0x1d, 0xff, 0x30,
    0x00, 0x00, 0xef, 0xfe, 0x96, 0x7d, 0xff, 0x90, 0x00, 0x00, 0x0e, 0xfe, 0xef, 0xff, 0xff, 0xa1,
    0x00, 0x00, 0x00, 0xef, 0xc1, 0x8d, 0xeb, 0x60, 0x00, 0x00, 0x00, 0x0e, 0xfc, 0x00, 0x00, 0x00,
    0x00, 0x00, 0x00, 0x00, 0xef, 0xd0, 0x00, 0x00, 0x00, 0x00, 0x00, 0x00, 0x0e, 0xfd, 0x00, 0x00,
    0x00, 0x00, 0x00, 0x00, 0x00, 0xef, 0xd0, 0x00, 0x00, 0x00, 0x00, 0x00, 0x00, 0x0e, 0xfd, 0x00,
    0x00, 0x00, 0x00, 0x00, 0x00, 0x00, 0xef, 0xd0, 0x00, 0x00, 0x00, 0x00, 0x00, 0x00, 0x00, 0x00,
    0x00, 0x00, 0x00, 0x00, 0x00, 0x00, 0x00, 0x00, 0x00, 0x00, 0x00, 0x00, 0x00, 0x00, 0x00, 0x00,
    0x00, 0x5b, 0xed, 0xb5, 0x4f, 0xf1, 0x00, 0x00, 0x00, 0xaf, 0xff, 0xff, 0xfe, 0xff, 0x10, 0x00,
    0x00, 0x8f, 0xfe, 0x85, 0x8d, 0xff, 0xf1, 0x00, 0x00, 0x2f, 0xfe, 0x20, 0x00, 0x1c, 0xff, 0x10,
    0x00, 0x07, 0xff, 0x70, 0x00, 0x00, 0xbf, 0xf1, 0x00, 0x00, 0xaf, 0xf3, 0x00, 0x00, 0x0b, 0xff,
    0x10, 0x00, 0x0c, 0xff, 0x10, 0x00, 0x00, 0xbf, 0xf1, 0x00, 0x00, 0xaf, 0xf2, 0x00, 0x00, 0x0b,
    0xff, 0x10, 0x00, 0x08, 0xff, 0x60, 0x00, 0x00, 0xbf, 0xf1, 0x00, 0x00, 0x4f, 0xfd, 0x10, 0x00,
    0x3e, 0xff, 0x10, 0x00, 0x00, 0xbf, 0xfd, 0x76, 0x9f, 0xff, 0xf1, 0x00, 0x00, 0x02, 0xdf, 0xff,
    0xff, 0xdc, 0xff, 0x10, 0x00, 0x00, 0x01, 0x8c, 0xec, 0x81, 0xaf, 0xf1, 0x00, 0x00, 0x00, 0x00,
    0x00, 0x00, 0x0a, 0xff, 0x10, 0x00, 0x00, 0x00, 0x00, 0x00, 0x00, 0xbf, 0xf1, 0x00, 0x00, 0x00,
    0x00, 0x00, 0x00, 0x0b, 0xff, 0x10, 0x00, 0x00, 0x00, 0x00, 0x00, 0x00, 0xbf, 0xf1, 0x00, 0x00,
    0x00, 0x00, 0x00, 0x00, 0x0b, 0xff, 0x10, 0x00, 0x00, 0x00, 0x00, 0x00, 0x00, 0xbf, 0xf1, 0x00,
    0x00, 0x00, 0x00, 0x00, 0x00, 0x00, 0x00, 0x00, 0x00, 0x00, 0x00, 0x00, 0x00, 0x00, 0x00, 0x00,
    0x0e, 0xf6, 0x06, 0xcf, 0xb0, 0x00, 0x0e, 0xf7, 0x8f, 0xff, 0x80, 0x00, 0x0e, 0xfc, 0xfe, 0x98,
    0x30, 0x00, 0x0e, 0xff, 0xd1, 0x00, 0x00, 0x00, 0x0e, 0xff, 0x30, 0x00, 0x00, 0x00, 0x0e, 0xfd,
    0x00, 0x00, 0x00, 0x00, 0x0e, 0xfd, 0x00, 0x00, 0x00, 0x00, 0x0e, 0xfd, 0x00, 0x00, 0x00, 0x00,
    0x0e, 0xfd, 0x00, 0x00, 0x00, 0x00, 0x0e, 0xfd, 0x00, 0x00, 0x00, 0x00, 0x0e, 0xfd, 0x00, 0x00,
    0x00, 0x00, 0x0e, 0xfd, 0x00, 0x00, 0x00, 0x00, 0x0e, 0xfd, 0x00, 0x00, 0x00, 0x00, 0x00, 0x00,
    0x00, 0x00, 0x00, 0x00, 0x00, 0x00, 0x00, 0x00, 0x00, 0x00, 0x00, 0x00, 0x5b, 0xee, 0xb8, 0x10,
    0x00, 0x00, 0x09, 0xff, 0xff, 0xff, 0xe2, 0x00, 0x00, 0x4f, 0xfa, 0x33, 0x5b, 0xa0, 0x00, 0x00,
    0x7f, 0xf2, 0x00, 0x00, 0x00, 0x00, 0x00, 0x6f, 0xf9, 0x10, 0x00, 0x00, 0x00, 0x00, 0x1c, 0xff,
    0xe9, 0x40, 0x00, 0x00, 0x00, 0x01, 0x8e, 0xff, 0xfc, 0x30, 0x00, 0x00, 0x00, 0x00, 0x5b, 0xff,
    0xe2, 0x00, 0x00, 0x00, 0x00, 0x00, 0x6f, 0xf8, 0x00, 0x00, 0x12, 0x00, 0x00, 0x1f, 0xf9, 0x00,
    0x00, 0xce, 0x84, 0x23, 0xaf, 0xf5, 0x00, 0x01, 0x9f, 0xff, 0xff, 0xff, 0x90, 0x00, 0x00, 0x03,
    0xad, 0xfd, 0xb5, 0x00, 0x00, 0x00, 0x00, 0x00, 0x00, 0x00, 0x00, 0x00, 0x00, 0x00, 0x00, 0x00,
    0x00, 0x00, 0x00, 0x00, 0x33, 0x10, 0x00, 0x00, 0x00, 0x01, 0xff, 0x40, 0x00, 0x00, 0x00, 0x02,
    0xff, 0x40, 0x00, 0x00, 0x00, 0x03, 0xff, 0x40, 0x00, 0x00, 0x00, 0x05, 0xff, 0x40, 0x00, 0x00,
    0x05, 0xef, 0xff, 0xff, 0xfb, 0x00, 0x06, 0xff, 0xff, 0xff, 0xfb, 0x00, 0x01, 0x39, 0xff, 0x73,
    0x32, 0x00, 0x00, 0x07, 0xff, 0x40, 0x00, 0x00, 0x00, 0x07, 0xff, 0x40, 0x00, 0x00, 0x00, 0x07,
    0xff, 0x40, 0x00, 0x00, 0x00, 0x07, 0xff, 0x40, 0x00, 0x00, 0x00, 0x07, 0xff, 0x40, 0x00, 0x00,
    0x00, 0x07, 0xff, 0x40, 0x00, 0x00, 0x00, 0x06, 0xff, 0x60, 0x00, 0x00, 0x00, 0x03, 0xff, 0xd5,
    0x44, 0x00, 0x00, 0x00, 0xaf, 0xff, 0xfd, 0x00, 0x00, 0x00, 0x08, 0xce, 0xda, 0x10, 0x00, 0x00,
    0x00, 0x00, 0x00, 0x00, 0x00, 0x00, 0x00, 0x00, 0x00, 0x00, 0x00, 0x00, 0x00, 0x02, 0xff, 0xa0,
    0x00, 0x00, 0xef, 0xc0, 0x00, 0x00, 0x2f, 0xfa, 0x00, 0x00, 0x0e, 0xfc, 0x00, 0x00, 0x02, 0xff,
    0xa0, 0x00, 0x00, 0xef, 0xc0, 0x00, 0x00, 0x2f, 0xfa, 0x00, 0x00, 0x0e, 0xfc, 0x00, 0x00, 0x02,
    0xff, 0xa0, 0x00, 0x00, 0xef, 0xc0, 0x00, 0x00, 0x2f, 0xfa, 0x00, 0x00, 0x0e, 0xfc, 0x00, 0x00,
    0x02, 0xff, 0xa0, 0x00, 0x00, 0xef, 0xc0, 0x00, 0x00, 0x2f, 0xfa, 0x00, 0x00, 0x0e, 0xfc, 0x00,
    0x00, 0x01, 0xff, 0xb0, 0x00, 0x00, 0xef, 0xc0, 0x00, 0x00, 0x0e, 0xfe, 0x10, 0x00, 0x8f, 0xfc,
    0x00, 0x00, 0x00, 0xaf, 0xfc, 0x78, 0xcf, 0xef, 0xc0, 0x00, 0x00, 0x03, 0xff, 0xff, 0xff, 0x59,
    0xfc, 0x00, 0x00, 0x00, 0x03, 0xbe, 0xeb, 0x30, 0x7f, 0xc0, 0x00, 0x00, 0x00, 0x00, 0x00, 0x00,
    0x00, 0x00, 0x00, 0x00, 0x00, 0x00, 0x00, 0x00, 0x00, 0x00, 0x00, 0x00, 0x7f, 0xf4, 0x00, 0x00,
    0x02, 0xff, 0x80, 0x02, 0xff, 0x90, 0x00, 0x00, 0x7f, 0xf3, 0x00, 0x0c, 0xfe, 0x00, 0x00, 0x0b,
    0xfd, 0x00, 0x00, 0x6f, 0xf4, 0x00, 0x01, 0xff, 0x80, 0x00, 0x01, 0xff, 0x90, 0x00, 0x6f, 0xf2,
    0x00, 0x00, 0x0b, 0xfe, 0x00, 0x0b, 0xfc, 0x00, 0x00, 0x00, 0x5f, 0xf3, 0x01, 0xff, 0x70, 0x00,
    0x00, 0x01, 0xef, 0x80, 0x5f, 0xf2, 0x00, 0x00, 0x00, 0x0a, 0xfd, 0x0a, 0xfc, 0x00, 0x00, 0x00,
    0x00, 0x4f, 0xf2, 0xef, 0x60, 0x00, 0x00, 0x00, 0x00, 0xef, 0xbf, 0xf1, 0x00, 0x00, 0x00, 0x00,
    0x09, 0xff, 0xfb, 0x00, 0x00, 0x00, 0x00, 0x00, 0x3f, 0xff, 0x60, 0x00, 0x00, 0x00, 0x00, 0x00,
    0x00, 0x00, 0x00, 0x00, 0x00, 0x00, 0x00, 0x00, 0x00, 0x00, 0x00, 0x00, 0x00, 0x00, 0x00, 0x00,
    0x03, 0xff, 0x80, 0x00, 0x06, 0xff, 0x60, 0x00, 0x07, 0xff, 0x20, 0x00, 0xef, 0xc0, 0x00, 0x0a,
    0xff, 0xa0, 0x00, 0x0b, 0xfd, 0x00, 0x00, 0xaf, 0xf1, 0x00, 0x0e, 0xff, 0xe0, 0x00, 0x0e, 0xf9,
    0x00, 0x00, 0x6f, 0xf4, 0x00, 0x3f, 0xbd, 0xf3, 0x00, 0x3f, 0xf5, 0x00, 0x00, 0x2f, 0xf8, 0x00,
    0x7f, 0x8a, 0xf7, 0x00, 0x7f, 0xf1, 0x00, 0x00, 0x0d, 0xfc, 0x00, 0xbf, 0x46, 0xfb, 0x00, 0xbf,
    0xc0, 0x00, 0x00, 0x09, 0xff, 0x10, 0xef, 0x13, 0xff, 0x10, 0xef, 0x80, 0x00, 0x00, 0x05, 0xff,
    0x44, 0xfc, 0x00, 0xef, 0x43, 0xff, 0x40, 0x00, 0x00, 0x01, 0xff, 0x77, 0xf8, 0x00, 0xaf, 0x86,
    0xff, 0x00, 0x00, 0x00, 0x00, 0xcf, 0xab, 0xf5, 0x00, 0x6f, 0xc9, 0xfb, 0x00, 0x00, 0x00, 0x00,
    0x7f, 0xde, 0xf1, 0x00, 0x2f, 0xfd, 0xf7, 0x00, 0x00, 0x00, 0x00, 0x3f, 0xff, 0xc0, 0x00, 0x0d,
    0xff, 0xf3, 0x00, 0x00, 0x00, 0x00, 0x0e, 0xff, 0x80, 0x00, 0x09, 0xff, 0xe0, 0x00, 0x00, 0x00,
    0x00, 0x00, 0x00, 0x00, 0x00, 0x00, 0x00, 0x00, 0x00, 0x00, 0x00, 0x00, 0x00, 0x00, 0x00, 0x00,
    0x00, 0x00, 0x1e, 0xfe, 0x10, 0x00, 0x3f, 0xf9, 0x00, 0x00, 0x6f, 0xf8, 0x00, 0x0b, 0xfe, 0x10,
    0x00, 0x00, 0xbf, 0xf2, 0x04, 0xff, 0x60, 0x00, 0x00, 0x02, 0xff, 0xb0, 0xbf, 0xc0, 0x00, 0x00,
    0x00, 0x07, 0xff, 0x8f, 0xf3, 0x00, 0x00, 0x00, 0x00, 0x0c, 0xff, 0xf9, 0x00, 0x00, 0x00, 0x00,
    0x00, 0x9f, 0xff, 0x20, 0x00, 0x00, 0x00, 0x00, 0x3f, 0xff, 0xf9, 0x00, 0x00, 0x00, 0x00, 0x0c,
    0xfb, 0x8f, 0xf4, 0x00, 0x00, 0x00, 0x06, 0xff, 0x31, 0xdf, 0xd1, 0x00, 0x00, 0x02, 0xef, 0xa0,
    0x05, 0xff, 0x90, 0x00, 0x00, 0xaf, 0xf2, 0x00, 0x0b, 0xff, 0x40, 0x00, 0x5f, 0xf8, 0x00, 0x00,
    0x2e, 0xfd, 0x10, 0x00, 0x00, 0x00, 0x00, 0x00, 0x00, 0x00, 0x00, 0x00, 0x00, 0x00, 0x00, 0x00,
    0x00, 0x00, 0x00, 0x7f, 0xf5, 0x00, 0x00, 0x01, 0xff, 0x80, 0x01, 0xff, 0xa0, 0x00, 0x00, 0x6f,
    0xf3, 0x00, 0x0a, 0xfe, 0x10, 0x00, 0x0a, 0xfd, 0x00, 0x00, 0x4f, 0xf5, 0x00, 0x01, 0xef, 0x80,
    0x00, 0x00, 0xdf, 0xb0, 0x00, 0x5f, 0xf3, 0x00, 0x00, 0x08, 0xff, 0x10, 0x09, 0xfd, 0x00, 0x00,
    0x00, 0x2f, 0xf6, 0x00, 0xef, 0x80, 0x00, 0x00, 0x00, 0xbf, 0xb0, 0x3f, 0xf3, 0x00, 0x00, 0x00,
    0x05, 0xff, 0x17, 0xfd, 0x00, 0x00, 0x00, 0x00, 0x0e, 0xf6, 0xbf, 0x70, 0x00, 0x00, 0x00, 0x00,
    0x8f, 0xcf, 0xf2, 0x00, 0x00, 0x00, 0x00, 0x02, 0xff, 0xfc, 0x00, 0x00, 0x00, 0x00, 0x00, 0x0c,
    0xff, 0x70, 0x00, 0x00, 0x00, 0x00, 0x00, 0x8f, 0xf2, 0x00, 0x00, 0x00, 0x00, 0x00, 0x0d, 0xfc,
    0x00, 0x00, 0x00, 0x00, 0x00, 0x06, 0xff, 0x50, 0x00, 0x00, 0x00, 0x03, 0x47, 0xef, 0xc0, 0x00,
    0x00, 0x00, 0x00, 0xaf, 0xff, 0xe2, 0x00, 0x00, 0x00, 0x00, 0x0b, 0xed, 0x91, 0x00, 0x00, 0x00,
    0x00, 0x00, 0x00, 0x00, 0x00, 0x00, 0x00, 0x00, 0x00, 0x00, 0x00, 0x00, 0x00, 0x00, 0x00, 0x00,
    0x00, 0x6f, 0xff, 0xff, 0xff, 0xfd, 0x00, 0x00, 0x6f, 0xff, 0xff, 0xff, 0xfc, 0x00, 0x00, 0x13,
    0x33, 0x34, 0xdf, 0xf3, 0x00, 0x00, 0x00, 0x00, 0x07, 0xff, 0x70, 0x00, 0x00, 0x00, 0x00, 0x3f,
    0xfb, 0x00, 0x00, 0x00, 0x00, 0x01, 0xdf, 0xe2, 0x00, 0x00, 0x00, 0x00, 0x09, 0xff, 0x50, 0x00,
    0x00, 0x00, 0x00, 0x5f, 0xfa, 0x00, 0x00, 0x00, 0x00, 0x01, 0xef, 0xd1, 0x00, 0x00, 0x00, 0x00,
    0x0b, 0xff, 0x40, 0x00, 0x00, 0x00, 0x00, 0x6f, 0xfb, 0x33, 0x33, 0x33, 0x00, 0x01, 0xef, 0xff,
    0xff, 0xff, 0xff, 0x20, 0x02, 0xff, 0xff, 0xff, 0xff, 0xff, 0x20, 0x00, 0x00, 0x00, 0x00, 0x00,
    0x00, 0x00, 0x00, 0x00, 0x00, 0x00, 0x00, 0x00, 0x00, 0x01, 0xae, 0xf9, 0x00, 0x00, 0x00, 0xaf,
    0xe9, 0x50, 0x00, 0x00, 0x0e, 0xf6, 0x00, 0x00, 0x00, 0x01, 0xff, 0x40, 0x00, 0x00, 0x00, 0x0f,
    0xf4, 0x00, 0x00, 0x00, 0x00, 0xff, 0x40, 0x00, 0x00, 0x00, 0x0e, 0xf4, 0x00, 0x00, 0x00, 0x00,
    0xdf, 0x50, 0x00, 0x00, 0x00, 0x0d, 0xf5, 0x00, 0x00, 0x00, 0x03, 0xff, 0x30, 0x00, 0x00, 0x1c,
    0xff, 0x90, 0x00, 0x00, 0x01, 0xff, 0xd4, 0x00, 0x00, 0x00, 0x02, 0x9f, 0xf1, 0x00, 0x00, 0x00,
    0x00, 0xef, 0x40, 0x00, 0x00, 0x00, 0x0d, 0xf5, 0x00, 0x00, 0x00, 0x00, 0xdf, 0x50, 0x00, 0x00,
    0x00, 0x0e, 0xf4, 0x00, 0x00, 0x00, 0x00, 0xff, 0x40, 0x00, 0x00, 0x00, 0x0f, 0xf3, 0x00, 0x00,
    0x00, 0x00, 0xff, 0x40, 0x00, 0x00, 0x00, 0x0e, 0xf6, 0x00, 0x00, 0x00, 0x00, 0xaf, 0xe9, 0x50,
    0x00, 0x00, 0x01, 0xae, 0xf9, 0x00, 0x00, 0x00, 0x00, 0x00, 0x00, 0x00, 0x00, 0x00, 0x00, 0x00,
    0x00, 0x00, 0x8f, 0x50, 0x00, 0x00, 0x08, 0xf5, 0x00, 0x00, 0x00, 0x8f, 0x50, 0x00, 0x00, 0x08,
    0xf5, 0x00, 0x00, 0x00, 0x8f, 0x50, 0x00, 0x00, 0x08, 0xf5, 0x00, 0x00, 0x00, 0x8f, 0x50, 0x00,
    0x00, 0x08, 0xf5, 0x00, 0x00, 0x00, 0x8f, 0x50, 0x00, 0x00, 0x08, 0xf5, 0x00, 0x00, 0x00, 0x8f,
    0x50, 0x00, 0x00, 0x08, 0xf5, 0x00, 0x00, 0x00, 0x8f, 0x50, 0x00, 0x00, 0x08, 0xf5, 0x00, 0x00,
    0x00, 0x8f, 0x50, 0x00, 0x00, 0x08, 0xf5, 0x00, 0x00, 0x00, 0x8f, 0x50, 0x00, 0x00, 0x08, 0xf5,
    0x00, 0x00, 0x00, 0x8f, 0x50, 0x00, 0x00, 0x08, 0xf5, 0x00, 0x00, 0x00, 0x8f, 0x50, 0x00, 0x00,
    0x08, 0xf5, 0x00, 0x00, 0x00, 0x8f, 0x50, 0x00, 0x00, 0x08, 0xf5, 0x00, 0x00, 0x00, 0x8f, 0x50,
    0x00, 0x00, 0x08, 0xf5, 0x00, 0x00, 0x00, 0x8f, 0x50, 0x00, 0x00, 0x00, 0x00, 0x00, 0x00, 0x00,
    0x00, 0x00, 0x00, 0x00, 0x00, 0x1f, 0xfd, 0x50, 0x00, 0x00, 0x00, 0x8c, 0xff, 0x20, 0x00, 0x00,
    0x00, 0x0d, 0xf6, 0x00, 0x00, 0x00, 0x00, 0xbf, 0x80, 0x00, 0x00, 0x00, 0x0b, 0xf8, 0x00, 0x00,
    0x00, 0x00, 0xbf, 0x70, 0x00, 0x00, 0x00, 0x0c, 0xf6, 0x00, 0x00, 0x00, 0x00, 0xcf, 0x60, 0x00,
    0x00, 0x00, 0x0c, 0xf5, 0x00, 0x00, 0x00, 0x00, 0xaf, 0xb0, 0x00, 0x00, 0x00, 0x03, 0xef, 0xd7,
    0x00, 0x00, 0x00, 0x19, 0xff, 0x90, 0x00, 0x00, 0x08, 0xfe, 0x41, 0x00, 0x00, 0x00, 0xbf, 0x70,
    0x00, 0x00, 0x00, 0x0c, 0xf5, 0x00, 0x00, 0x00, 0x00, 0xcf, 0x60, 0x00, 0x00, 0x00, 0x0b, 0xf7,
    0x00, 0x00, 0x00, 0x00, 0xbf, 0x70, 0x00, 0x00, 0x00, 0x0b, 0xf8, 0x00, 0x00, 0x00, 0x00, 0xbf,
    0x80, 0x00, 0x00, 0x00, 0x0d, 0xf6, 0x00, 0x00, 0x00, 0x8c, 0xff, 0x20, 0x00, 0x00, 0x1f, 0xfd,
    0x50, 0x00, 0x00, 0x00, 0x00, 0x00, 0x00, 0x00, 0x00, 0x00, 0x00, 0x00, 0x00, 0x00, 0x00, 0x00,
    0x00, 0x00, 0x00, 0x00, 0x00, 0x00, 0x00, 0x00, 0x00, 0x00, 0x04, 0xcf, 0xc5, 0x00, 0x00, 0x50,
    0x00, 0x00, 0x5f, 0xff, 0xff, 0xa3, 0x2a, 0xf7, 0x00, 0x00, 0xcf, 0x61, 0x6e, 0xff, 0xff, 0xe2,
    0x00, 0x00, 0x15, 0x00, 0x02, 0xbf, 0xfb, 0x20, 0x00, 0x00, 0x00, 0x00, 0x00, 0x01, 0x10, 0x00,
    0x00, 0x00, 0x00, 0x00, 0x00, 0x00, 0x00, 0x00, 0x00, 0x00, 0x00, 0x00, 0x00, 0x00, 0x00, 0x00,
    0x00, 0x00, 0x00, 0x00, 0x00, 0x00, 0x00, 0x00, 0x00, 0x00, 0x00, 0x00, 0x00, 0x00, 0x00, 0x00,
    0x00, 0x00, 0x00, 0x00, 0x00, 0x00, 0x00, 0x00, 0x00, 0x00, 0x00, 0x00, 0x00, 0x00, 0x00, 0x00,
    0x00, 0x00, 0x00, 0x00, 0x00, 0x00, 0x00, 0x00, 0x00, 0x00, 0x00, 0x00, 0x00, 0x00, 0x00, 0x00,
    0x03, 0x64, 0x00, 0x00, 0x00, 0x0a, 0xff, 0xfc, 0x20, 0x00, 0x08, 0xf6, 0x14, 0xeb, 0x00, 0x00,
    0xcb, 0x00, 0x08, 0xf1, 0x00, 0x0c, 0xb0, 0x00, 0x8f, 0x10, 0x00, 0x8f, 0x61, 0x4e, 0xb0, 0x00,
    0x00, 0xbf, 0xff, 0xd2, 0x00, 0x00, 0x00, 0x36, 0x40, 0x00, 0x00, 0x00, 0x00, 0x00, 0x00, 0x00,
    0x00, 0x00, 0x00, 0x00, 0x00, 0x00, 0x00, 0x00, 0x00, 0x00, 0x00, 0x00, 0x00, 0x00, 0x00, 0x00,
    0x00, 0x00, 0x00, 0x00, 0x00, 0x00, 0x00, 0x00, 0x00, 0x00, 0x00, 0x00, 0x00, 0x00, 0x00, 0x00,
    0x00, 0x00, 0x00, 0x00, 0x00, 0x00, 0x00, 0x00, 0x00, 0x00, 0x00, 0x00, 0x00, 0x00, 0x00, 0x00,
    0x00, 0x00, 0x00, 0x00, 0x00, 0x00, 0x00, 0x00, 0x00, 0x00, 0x00, 0x00, 0x00, 0x00, 0x00, 0x00,
    0x00, 0x00, 0x00, 0x00, 0x00, 0x00, 0x00, 0x00, 0x00, 0x00, 0x00, 0x00, 0x00, 0x00, 0x00, 0x02,
    0x77, 0x20, 0x00, 0x00, 0x00, 0x00, 0x00, 0x00, 0x00, 0x00, 0x00, 0x00, 0x3e, 0xff, 0xe2, 0x00,
    0x00, 0x00, 0x00, 0x00, 0x00, 0x00, 0x00, 0x00, 0x00, 0xaf, 0xff, 0xf9, 0x00, 0x00, 0x00, 0x00,
    0x00, 0x00, 0x00, 0x00, 0x00, 0x00, 0xbf, 0xff, 0xfb, 0x00, 0x00, 0x00, 0x00, 0x00, 0x00, 0x00,
    0x00, 0x00, 0x00, 0x6f, 0xff, 0xf6, 0x00, 0x00, 0x00, 0x00, 0x00, 0x00, 0x00, 0x00, 0x00, 0x00,
    0x08, 0xee, 0x80, 0x00, 0x00, 0x00, 0x00, 0x00, 0x00, 0x00, 0x00, 0x00, 0x00, 0x00, 0x00, 0x00,
    0x00, 0x00, 0x00, 0x00, 0x00, 0x00, 0x00, 0x00, 0x00, 0x00, 0x00, 0x00, 0x00, 0x00, 0x00, 0x00,
    0x00, 0x00, 0x00, 0x00, 0x00, 0x00, 0x00, 0x00, 0x00, 0x00, 0x00, 0x00, 0x00, 0x00, 0x00, 0x00,
    0x00, 0x00, 0x00, 0x00, 0x00, 0x00, 0x00, 0x00, 0x00, 0x00, 0x00, 0x00, 0x00, 0x00, 0x00, 0x00,
    0x00, 0x00, 0x00, 0x00, 0x00, 0x00, 0x00, 0x00, 0x00, 0x00, 0x00, 0x00, 0x00, 0x00, 0x00, 0x00,
    0x00, 0x00, 0x00, 0x00, 0x00, 0x00, 0x00, 0x00, 0x00, 0x00, 0x00, 0x00, 0x00, 0x00, 0x00, 0x00,
    0x00, 0x00, 0x00, 0x00, 0x00, 0x00, 0x00, 0x00, 0x00, 0x00, 0x00, 0x00, 0x00, 0x00, 0x00, 0x00,
    0x00, 0x09, 0xee, 0xee, 0xee, 0xee, 0xee, 0xee, 0xee, 0xee, 0xee, 0x80, 0x00, 0x00, 0x09, 0x50,
    0x00, 0x00, 0x00, 0x00, 0x00, 0x00, 0x00, 0x05, 0x90, 0x00, 0x00, 0x09, 0x50, 0x00, 0x00, 0x00,
    0x00, 0x00, 0x00, 0x00, 0x05, 0x90, 0x00, 0x00, 0x09, 0x50, 0x00, 0x00, 0x00, 0x00, 0x00, 0x00,
    0x00, 0x05, 0x90, 0x00, 0x00, 0x09, 0x50, 0x00, 0x00, 0x00, 0x00, 0x00, 0x00, 0x00, 0x05, 0x90,
    0x00, 0x00, 0x09, 0x50, 0x00, 0x00, 0x00, 0x00, 0x00, 0x00, 0x00, 0x05, 0x90, 0x00, 0x00, 0x09,
    0x50, 0x00, 0x00, 0x00, 0x00, 0x00, 0x00, 0x00, 0x05, 0x90, 0x00, 0x00, 0x09, 0x50, 0x00, 0x00,
    0x00, 0x00, 0x00, 0x00, 0x00, 0x05, 0x90, 0x00, 0x00, 0x09, 0x50, 0x00, 0x00, 0x00, 0x00, 0x00,
    0x00, 0x00, 0x05, 0x90, 0x00, 0x00, 0x09, 0x50, 0x00, 0x00, 0x00, 0x00, 0x00, 0x00, 0x00, 0x05,
    0x90, 0x00, 0x00, 0x09, 0x50, 0x00, 0x00, 0x00, 0x00, 0x00, 0x00, 0x00, 0x05, 0x90, 0x00, 0x00,
    0x09, 0x50, 0x00, 0x00, 0x00, 0x00, 0x00, 0x00, 0x00, 0x05, 0x90, 0x00, 0x00, 0x09, 0x50, 0x00,
    0x00, 0x00, 0x00, 0x00, 0x00, 0x00, 0x05, 0x90, 0x00, 0x00, 0x09, 0x50, 0x00, 0x00, 0x00, 0x00,
    0x00, 0x00, 0x00, 0x05, 0x90, 0x00, 0x00, 0x09, 0x50, 0x00, 0x00, 0x00, 0x00, 0x00, 0x00, 0x00,
    0x05, 0x90, 0x00, 0x00, 0x09, 0x50, 0x00, 0x00, 0x00, 0x00, 0x00, 0x00, 0x00, 0x05, 0x90, 0x00,
    0x00, 0x09, 0x50, 0x00, 0x00, 0x00, 0x00, 0x00, 0x00, 0x00, 0x05, 0x90, 0x00, 0x00, 0x09, 0x50,
    0x00, 0x00, 0x00, 0x00, 0x00, 0x00, 0x00, 0x05, 0x90, 0x00, 0x00, 0x09, 0x50, 0x00, 0x00, 0x00,
    0x00, 0x00, 0x00, 0x00, 0x05, 0x90, 0x00, 0x00, 0x09, 0xfe, 0xee, 0xee, 0xee, 0xee, 0xee, 0xee,
    0xee, 0xef, 0x90, 0x00, 0x00, 0x00, 0x00, 0x00, 0x00, 0x00, 0x00, 0x00, 0x00, 0x00, 0x00, 0x00,
    0x00, 0x00, 0x00, 0x00, 0x00, 0x00, 0x00, 0x00, 0x00, 0x00, 0x00, 0x00, 0x00, 0x00, 0x00, 0x00,
    0x36, 0x41, 0x00, 0x00, 0x00, 0x00, 0x00, 0x00, 0x00, 0x00, 0x00, 0x00, 0x1a, 0xff, 0xfd, 0x30,
    0x00, 0x00, 0x00, 0x00, 0x00, 0x00, 0x00, 0x00, 0x00, 0x9f, 0x51, 0x3d, 0xd0, 0x00, 0x00, 0x00,
    0x00, 0x00, 0x00, 0x00, 0x00, 0x00, 0xe8, 0x00, 0x04, 0xf3, 0x00, 0x00, 0x00, 0x00, 0x00, 0x00,
    0x00, 0x00, 0x01, 0xf6, 0x00, 0x02, 0xf5, 0x00, 0x00, 0x00, 0x00, 0x00, 0x00, 0x00, 0x00, 0x00,
    0xdb, 0x00, 0x07, 0xf2, 0x00, 0x00, 0x00, 0x00, 0x00, 0x00, 0x00, 0x00, 0x00, 0x4f, 0xc7, 0xaf,
    0x90, 0x00, 0x00, 0x00, 0x00, 0x00, 0x00, 0x00, 0x00, 0x00, 0x04, 0xbe, 0xc7, 0x00, 0x00, 0x00,
    0x00, 0x00, 0x00, 0x00, 0x00, 0x00, 0x00, 0x00, 0x00, 0x00, 0x00, 0x00, 0x00, 0x00, 0x00, 0x00,
    0x00, 0x00, 0x00, 0x00, 0x00, 0x00, 0x00, 0x00, 0x00, 0x00, 0x00, 0x00, 0x00, 0x00, 0x00, 0x00,
    0x00, 0x77, 0x77, 0x77, 0x77, 0x77, 0x77, 0x77, 0x77, 0x77, 0x77, 0x77, 0x10, 0x00, 0xff, 0xff,
    0xff, 0xff, 0xff, 0xff, 0xff, 0xff, 0xff, 0xff, 0xff, 0x10, 0x00, 0xff, 0xff, 0xff, 0xff, 0xff,
    0xff, 0xff, 0xff, 0xff, 0xff, 0xff, 0x10, 0x00, 0x00, 0x00, 0x00, 0x00, 0x00, 0x00, 0x00, 0x00,
    0x00, 0x00, 0x00, 0x00, 0x00, 0x00, 0x00, 0x00, 0x00, 0x00, 0x00, 0x00, 0x00, 0x00, 0x00, 0x00,
    0x00, 0x00, 0x00, 0x00, 0x00, 0x00, 0x00, 0x00, 0x00, 0x00, 0x00, 0x00, 0x00, 0x00, 0x00, 0x00,
    0x00, 0x00, 0x00, 0x00, 0x00, 0x00, 0x00, 0x00, 0x00, 0x00, 0x00, 0x00, 0x00, 0x00, 0x00, 0x00,
    0x00, 0x00, 0x00, 0x00, 0x00, 0x00, 0x00, 0x00, 0x00, 0x00, 0x00, 0x00, 0x00, 0x00, 0x00, 0x00,
    0x00, 0x00, 0x00, 0x00, 0x00, 0x00, 0x00, 0x00, 0x00, 0x00, 0x00, 0x00, 0x00, 0x00, 0x00, 0x00,
    0x00, 0x00, 0x00, 0x00, 0x00, 0x00, 0x00, 0x00, 0x00, 0x00, 0x00, 0x00, 0x00, 0x00, 0x00, 0x00,
    0x00, 0x00, 0x00, 0x00, 0x00, 0x00, 0x00, 0x00, 0x00, 0x00, 0x00, 0x00, 0x00, 0x00, 0x00, 0x00,
    0x00, 0x00, 0x00, 0x00, 0x00, 0x00, 0x00, 0x00, 0x00, 0x00, 0x00, 0x00, 0x00, 0x00, 0x04, 0x42,
    0x00, 0x00, 0x00, 0x00, 0x00, 0x00, 0x00, 0x00, 0x00, 0x00, 0x00, 0x0f, 0xf6, 0x00, 0x00, 0x00,
    0x00, 0x00, 0x00, 0x00, 0x00, 0x00, 0x00, 0x00, 0x0f, 0xf6, 0x00, 0x00, 0x00, 0x00, 0x00, 0x00,
    0x00, 0x00, 0x00, 0x00, 0x00, 0x0f, 0xf6, 0x00, 0x00, 0x00, 0x00, 0x00, 0x00, 0x00, 0x00, 0x00,
    0x00, 0x00, 0x0f, 0xf6, 0x00, 0x00, 0x00, 0x00, 0x00, 0x00, 0x00, 0x00, 0x00, 0x00, 0x00, 0x0f,
    0xf6, 0x00, 0x00, 0x00, 0x00, 0x00, 0x00, 0x00, 0x00, 0x00, 0x00, 0x00, 0x0f, 0xf6, 0x00, 0x00,
    0x00, 0x00, 0x00, 0x00, 0x00, 0x00, 0x00, 0x00, 0x00, 0x0f, 0xf6, 0x00, 0x00, 0x00, 0x00, 0x00,
    0x00, 0x00, 0x00, 0x00, 0x00, 0x00, 0x0f, 0xff, 0xff, 0xff, 0xff, 0xff, 0x30, 0x00, 0x00, 0x00,
    0x00, 0x00, 0x00, 0x0f, 0xff, 0xff, 0xff, 0xff, 0xff, 0x30, 0x00, 0x00, 0x00, 0x00, 0x00, 0x00,
    0x0f, 0xf9, 0x44, 0x44, 0x44, 0x44, 0x10, 0x00, 0x00, 0x00, 0x00, 0x00, 0x00, 0x0f, 0xf6, 0x00,
    0x00, 0x00, 0x00, 0x00, 0x00, 0x00, 0x00, 0x00, 0x00, 0x00, 0x0f, 0xf6, 0x00, 0x00, 0x00, 0x00,
    0x00, 0x00, 0x00, 0x00, 0x00, 0x00, 0x00, 0x0f, 0xf6, 0x00, 0x00, 0x00, 0x00, 0x00, 0x00, 0x00,
    0x00, 0x00, 0x00, 0x00, 0x0f, 0xf6, 0x00, 0x00, 0x00, 0x00, 0x00, 0x00, 0x00, 0x00, 0x00, 0x00,
    0x00, 0x0f, 0xf6, 0x00, 0x00, 0x00, 0x00, 0x00, 0x00, 0x00, 0x00, 0x00, 0x00, 0x00, 0x0f, 0xf6,
    0x00, 0x00, 0x00, 0x00, 0x00, 0x00, 0x00, 0x00, 0x00, 0x00, 0x00, 0x0f, 0xf6, 0x00, 0x00, 0x00,
    0x00, 0x00, 0x00, 0x00, 0x00, 0x00, 0x00, 0x00, 0x0f, 0xf6, 0x00, 0x00, 0x00, 0x00, 0x00, 0x00,
    0x00, 0x00, 0x00, 0x00, 0x00, 0x0f, 0xf6, 0x00, 0x00, 0x00, 0x00, 0x00, 0x00, 0x00, 0xdf, 0xff,
    0xff, 0xff, 0xff, 0xff, 0xff, 0xff, 0xff, 0xff, 0xfd, 0x00, 0x00, 0xdf, 0xff, 0xff, 0xff, 0xff,
    0xff, 0xff, 0xff, 0xff, 0xff, 0xfd, 0x00, 0x00, 0x44, 0x44, 0x44, 0x44, 0x44, 0x44, 0x44, 0x44,
    0x44, 0x44, 0x44, 0x00, 0x00, 0x00, 0x00, 0x00, 0x00, 0x00, 0x00, 0x00, 0x00, 0x00, 0x00, 0x00,
    0x00, 0x00, 0x00, 0x00, 0x00, 0x00, 0x00, 0x00, 0x00, 0x00, 0x00, 0x00, 0x00, 0x00, 0x00, 0xbf,
    0xff, 0xff, 0xff, 0xff, 0xff, 0xff, 0xff, 0xff, 0xff, 0xfb, 0x00, 0x00, 0xbf, 0xff, 0xff, 0xff,
    0xff, 0xff, 0xff, 0xff, 0xff, 0xff, 0xfb, 0x00, 0x00, 0x35, 0x55, 0x55, 0x55, 0x5c, 0xfc, 0x55,
    0x55, 0x55, 0x55, 0x53, 0x00, 0x00, 0x00, 0x00, 0x00, 0x00, 0x0b, 0xfb, 0x00, 0x00, 0x00, 0x00,
    0x00, 0x00, 0x00, 0x00, 0x00, 0x00, 0x00, 0x0b, 0xfb, 0x00, 0x00, 0x00, 0x00, 0x00, 0x00, 0x00,
    0x00, 0x00, 0x00, 0x00, 0x0b, 0xfb, 0x00, 0x00, 0x00, 0x00, 0x00, 0x00, 0x00, 0x00, 0x00, 0x00,
    0x00, 0x0b, 0xfd, 0x92, 0x00, 0x00, 0x00, 0x00, 0x00, 0x00, 0x00, 0x00, 0x00, 0x00, 0x0b, 0xff,
    0xfe, 0x81, 0x00, 0x00, 0x00, 0x00, 0x00, 0x00, 0x00, 0x00, 0x00, 0x0b, 0xfe, 0xff, 0xfe, 0x60,
    0x00, 0x00, 0x00, 0x00, 0x00, 0x00, 0x00, 0x00, 0x0b, 0xfb, 0x3c, 0xff, 0xfb, 0x20, 0x00, 0x00,
    0x00, 0x00, 0x00, 0x00, 0x00, 0x0b, 0xfb, 0x00, 0x6e, 0xff, 0xe6, 0x00, 0x00, 0x00, 0x00, 0x00,
    0x00, 0x00, 0x0b, 0xfb, 0x00, 0x01, 0xbf, 0xff, 0x50, 0x00, 0x00, 0x00, 0x00, 0x00, 0x00, 0x0b,
    0xfb, 0x00, 0x00, 0x07, 0xfa, 0x00, 0x00, 0x00, 0x00, 0x00, 0x00, 0x00, 0x0b, 0xfb, 0x00, 0x00,
    0x00, 0x41, 0x00, 0x00, 0x00, 0x00, 0x00, 0x00, 0x00, 0x0b, 0xfb, 0x00, 0x00, 0x00, 0x00, 0x00,
    0x00, 0x00, 0x00, 0x00, 0x00, 0x00, 0x0b, 0xfb, 0x00, 0x00, 0x00, 0x00, 0x00, 0x00, 0x00, 0x00,
    0x00, 0x00, 0x00, 0x0b, 0xfb, 0x00, 0x00, 0x00, 0x00, 0x00, 0x00, 0x00, 0x00, 0x00, 0x00, 0x00,
    0x0b, 0xfb, 0x00, 0x00, 0x00, 0x00, 0x00, 0x00, 0x00, 0x00, 0x00, 0x00, 0x00, 0x0b, 0xfb, 0x00,
    0x00, 0x00, 0x00, 0x00, 0x00, 0x00, 0x00, 0x00, 0x00, 0x00, 0x0b, 0xfb, 0x00, 0x00, 0x00, 0x00,
    0x00, 0x00, 0x00, 0x00, 0x00, 0x00, 0x00, 0x0b, 0xfb, 0x00, 0x00, 0x00, 0x00, 0x00, 0x00, 0x00,
    0x00, 0x00, 0x00, 0x00, 0x06, 0x86, 0x00, 0x00, 0x00, 0x00, 0x00, 0x00, 0x00, 0x00, 0x00, 0x00,
    0x00, 0x00, 0x00, 0x00, 0x00, 0x00, 0x00, 0x00, 0x00, 0x00, 0x00, 0x00, 0x00, 0x00, 0x00, 0x00,
    0x00, 0x00, 0x00, 0x00, 0x00, 0x00, 0x00, 0x00, 0x00, 0x00, 0x00, 0x00, 0x02, 0x00, 0x00, 0x00,
    0x00, 0x00, 0x00, 0x00, 0x00, 0x00, 0x00, 0x00, 0x00, 0x8f, 0x90, 0x00, 0x00, 0x00, 0x00, 0x00,
    0x00, 0x00, 0x00, 0x00, 0x00, 0x04, 0xff, 0x90, 0x00, 0x00, 0x00, 0x00, 0x00, 0x00, 0x00, 0x00,
    0x00, 0x00, 0x2e, 0xff, 0xe3, 0x00, 0x00, 0x00, 0x00, 0x00, 0x00, 0x00, 0x00, 0x00, 0x03, 0xef,
    0xee, 0xfe, 0x30, 0x00, 0x00, 0x00, 0x00, 0x00, 0x00, 0x00, 0x00, 0x3e, 0xfe, 0x42, 0xef, 0xe5,
    0x00, 0x00, 0x00, 0x00, 0x00, 0x00, 0x00, 0x06, 0xef, 0xf4, 0x00, 0x2e, 0xff, 0x80, 0x00, 0x00,
    0x00, 0x00, 0x00, 0x02, 0xbf, 0xfe, 0x40, 0x00, 0x02, 0xdf, 0xfb, 0x20, 0x00, 0x00, 0x00, 0x01,
    0x7e, 0xff, 0xd2, 0x03, 0xdd, 0x20, 0x1b, 0xff, 0xf8, 0x10, 0x00, 0x01, 0x8e, 0xff, 0xf9, 0x10,
    0x03, 0xff, 0x20, 0x00, 0x8f, 0xff, 0xe7, 0x10, 0x00, 0xbf, 0xfd, 0x50, 0x00, 0x03, 0xff, 0x20,
    0x00, 0x03, 0xcf, 0xfc, 0x10, 0x00, 0x1d, 0x70, 0x00, 0x00, 0x03, 0xff, 0x20, 0x00, 0x00, 0x06,
    0xd2, 0x00, 0x00, 0x00, 0x00, 0x00, 0x00, 0x03, 0xff, 0x20, 0x00, 0x00, 0x00, 0x00, 0x00, 0x00,
    0x00, 0x00, 0x00, 0x00, 0x03, 0xff, 0x20, 0x00, 0x00, 0x00, 0x00, 0x00, 0x00, 0x00, 0x00, 0x00,
    0x00, 0x03, 0xff, 0x20, 0x00, 0x00, 0x00, 0x00, 0x00, 0x00, 0x00, 0x00, 0x00, 0x00, 0x03, 0xff,
    0x20, 0x00, 0x00, 0x00, 0x00, 0x00, 0x00, 0x00, 0x00, 0x00, 0x00, 0x03, 0xff, 0x20, 0x00, 0x00,
    0x00, 0x00, 0x00, 0x00, 0x00, 0x00, 0x00, 0x00, 0x03, 0xff, 0x20, 0x00, 0x00, 0x00, 0x00, 0x00,
    0x00, 0x00, 0x00, 0x00, 0x00, 0x03, 0xff, 0x20, 0x00, 0x00, 0x00, 0x00, 0x00, 0x00, 0x00, 0x00,
    0x00, 0x00, 0x03, 0xff, 0x20, 0x00, 0x00, 0x00, 0x00, 0x00, 0x00, 0x00, 0x00, 0x00, 0x00, 0x03,
    0xff, 0x20, 0x00, 0x00, 0x00, 0x00, 0x00, 0x00, 0x00, 0x00, 0x00, 0x00, 0x03, 0xff, 0x20, 0x00,
    0x00, 0x00, 0x00, 0x00, 0x00, 0x00, 0x00, 0x00, 0x00, 0x03, 0xff, 0x20, 0x00, 0x00, 0x00, 0x00,
    0x00, 0x00, 0x00, 0x00, 0x00, 0x00, 0x00, 0x00, 0x00, 0x00, 0x00, 0x00, 0x00, 0x00, 0x00, 0x00,
    0x00, 0x00, 0x00, 0x00, 0x00, 0x00, 0x00, 0x00, 0x00, 0x00, 0x00, 0x00, 0x00, 0x00, 0x00, 0x00,
    0x02, 0x99, 0x10, 0x00, 0x00, 0x00, 0x00, 0x00, 0x00, 0x00, 0x00, 0x00, 0x00, 0x04, 0xff, 0x20,
    0x00, 0x00, 0x00, 0x00, 0x00, 0x00, 0x00, 0x00, 0x00, 0x00, 0x04, 0xff, 0x20, 0x00, 0x00, 0x00,
    0x00, 0x00, 0x00, 0x00, 0x00, 0x00, 0x00, 0x04, 0xff, 0x20, 0x00, 0x00, 0x00, 0x00, 0x00, 0x00,
    0x03, 0x33, 0x33, 0x33, 0x36, 0xff, 0x53, 0x33, 0x33, 0x33, 0x20, 0x00, 0x00, 0x0c, 0xff, 0xff,
    0xff, 0xff, 0xff, 0xff, 0xff, 0xff, 0xff, 0xb0, 0x00, 0x00, 0x0c, 0xff, 0xff, 0xff, 0xff, 0xff,
    0xff, 0xff, 0xff, 0xff, 0xb0, 0x00, 0x00, 0x0c, 0xf7, 0x00, 0x00, 0x04, 0xff, 0x20, 0x00, 0x00,
    0x9f, 0xb0, 0x00, 0x00, 0x0c, 0xf7, 0x00, 0x00, 0x04, 0xff, 0x20, 0x00, 0x00, 0x9f, 0xb0, 0x00,
    0x00, 0x0c, 0xf7, 0x00, 0x00, 0x04, 0xff, 0x20, 0x00, 0x00, 0x9f, 0xb0, 0x00, 0x00, 0x0c, 0xf7,
    0x00, 0x00, 0x04, 0xff, 0x20, 0x00, 0x00, 0x9f, 0xb0, 0x00, 0x00, 0x0c, 0xf7, 0x00, 0x00, 0x04,
    0xff, 0x20, 0x00, 0x00, 0x9f, 0xb0, 0x00, 0x00, 0x0c, 0xf7, 0x00, 0x00, 0x04, 0xff, 0x20, 0x00,
    0x00, 0x9f, 0xb0, 0x00, 0x00, 0x0c, 0xff, 0xff, 0xff, 0xff, 0xff, 0xff, 0xff, 0xff, 0xff, 0xb0,
    0x00, 0x00, 0x0c, 0xff, 0xff, 0xff, 0xff, 0xff, 0xff, 0xff, 0xff, 0xff, 0xb0, 0x00, 0x00, 0x0c,
    0xf9, 0x33, 0x33, 0x36, 0xff, 0x53, 0x33, 0x33, 0xaf, 0xb0, 0x00, 0x00, 0x09, 0xc6, 0x00, 0x00,
    0x04, 0xff, 0x20, 0x00, 0x00, 0x6a, 0x80, 0x00, 0x00, 0x00, 0x00, 0x00, 0x00, 0x04, 0xff, 0x20,
    0x00, 0x00, 0x00, 0x00, 0x00, 0x00, 0x00, 0x00, 0x00, 0x00, 0x04, 0xff, 0x20, 0x00, 0x00, 0x00,
    0x00, 0x00, 0x00, 0x00, 0x00, 0x00, 0x00, 0x04, 0xff, 0x20, 0x00, 0x00, 0x00, 0x00, 0x00, 0x00,
    0x00, 0x00, 0x00, 0x00, 0x04, 0xff, 0x20, 0x00, 0x00, 0x00, 0x00, 0x00, 0x00, 0x00, 0x00, 0x00,
    0x00, 0x04, 0xff, 0x20, 0x00, 0x00, 0x00, 0x00, 0x00, 0x00, 0x00, 0x00, 0x00, 0x00, 0x04, 0xff,
    0x20, 0x00, 0x00, 0x00, 0x00, 0x00, 0x00, 0x00, 0x00, 0x00, 0x00, 0x02, 0x88, 0x10, 0x00, 0x00,
    0x00, 0x00, 0x00, 0x00, 0x00, 0x00, 0x00, 0x00, 0x00, 0x00, 0x00, 0x00, 0x00, 0x00, 0x00, 0x00,
    0x00, 0x00, 0x00, 0x00, 0x00, 0x00, 0x00, 0x00, 0x00, 0x00, 0x00, 0x00, 0x00, 0x00, 0x00, 0x00,
    0x00, 0x00, 0x16, 0x10, 0x00, 0x00, 0x00, 0x00, 0x00, 0x00, 0x00, 0x00, 0x00, 0x00, 0x01, 0xdf,
    0xd3, 0x00, 0x00, 0x00, 0x00, 0x00, 0x00, 0x00, 0x00, 0x00, 0x00, 0x00, 0x5e, 0xfe, 0x50, 0x00,
    0x00, 0x00, 0x00, 0x00, 0x00, 0x00, 0x00, 0x00, 0x00, 0x03, 0xdf, 0xf6, 0x00, 0x00, 0x00, 0x00,
    0x00, 0x00, 0x00, 0x00, 0x00, 0x00, 0x00, 0x2d, 0xf8, 0x00, 0x00, 0x00, 0x00, 0x00, 0x00, 0x09,
    0xff, 0xff, 0xff, 0xff, 0xff, 0xff, 0xff, 0xff, 0xff, 0x80, 0x00, 0x00, 0x09, 0xff, 0xff, 0xff,
    0xff, 0xff, 0xff, 0xff, 0xff, 0xff, 0x80, 0x00, 0x00, 0x02, 0x33, 0x33, 0x33, 0x36, 0xff, 0x63,
    0x33, 0x33, 0x33, 0x20, 0x00, 0x00, 0x00, 0x00, 0x00, 0x00, 0x04, 0xff, 0x30, 0x00, 0x00, 0x00,
    0x00, 0x00, 0x00, 0x00, 0x00, 0x00, 0x00, 0x04, 0xff, 0x30, 0x00, 0x00, 0x00, 0x00, 0x00, 0x00,
    0x00, 0x00, 0x00, 0x00, 0x04, 0xff, 0x30, 0x00, 0x00, 0x00, 0x00, 0x00, 0x00, 0x00, 0x00, 0x00,
    0x00, 0x04, 0xff, 0x30, 0x00, 0x00, 0x00, 0x00, 0x00, 0x00, 0x00, 0x13, 0x33, 0x33, 0x36, 0xff,
    0x53, 0x33, 0x33, 0x31, 0x00, 0x00, 0x00, 0x00, 0x7f, 0xff, 0xff, 0xff, 0xff, 0xff, 0xff, 0xff,
    0xf8, 0x00, 0x00, 0x00, 0x00, 0x7f, 0xff, 0xff, 0xff, 0xff, 0xff, 0xff, 0xff, 0xf8, 0x00, 0x00,
    0x00, 0x00, 0x00, 0x00, 0x00, 0x04, 0xff, 0x30, 0x00, 0x00, 0x00, 0x00, 0x00, 0x00, 0x00, 0x00,
    0x00, 0x00, 0x04, 0xff, 0x30, 0x00, 0x00, 0x00, 0x00, 0x00, 0x00, 0x00, 0x00, 0x00, 0x00, 0x04,
    0xff, 0x30, 0x00, 0x00, 0x00, 0x00, 0x00, 0x00, 0x00, 0x00, 0x00, 0x00, 0x04, 0xff, 0x30, 0x00,
    0x00, 0x00, 0x00, 0x00, 0x00, 0x00, 0x00, 0x00, 0x00, 0x04, 0xff, 0x30, 0x00, 0x00, 0x00, 0x00,
    0x00, 0x00, 0x23, 0x33, 0x33, 0x33, 0x36, 0xff, 0x63, 0x33, 0x33, 0x33, 0x32, 0x00, 0x00, 0xbf,
    0xff, 0xff, 0xff, 0xff, 0xff, 0xff, 0xff, 0xff, 0xff, 0xfc, 0x00, 0x00, 0xbf, 0xff, 0xff, 0xff,
    0xff, 0xff, 0xff, 0xff, 0xff, 0xff, 0xfc, 0x00, 0x00, 0x00, 0x00, 0x00, 0x00, 0x00, 0x00, 0x00,
    0x00, 0x00, 0x00, 0x00, 0x00, 0x00, 0x00, 0x00, 0x00, 0x00, 0x00, 0x00, 0x00, 0x00, 0x00, 0x00,
    0x00, 0x00, 0x00, 0x00, 0x00, 0x00, 0x00, 0x00, 0x00, 0x00, 0x00, 0x03, 0x50, 0x00, 0x00, 0x00,
    0x00, 0x00, 0x12, 0x33, 0x45, 0x56, 0x89, 0xbd, 0xff, 0xf8, 0x00, 0x00, 0x00, 0x00, 0x2f, 0xff,
    0xff, 0xff, 0xff, 0xff, 0xff, 0xff, 0xd9, 0x00, 0x00, 0x00, 0x00, 0x3f, 0xff, 0xee, 0xdc, 0xba,
    0x98, 0x65, 0x31, 0x00, 0x00, 0x00, 0x00, 0x00, 0x4f, 0xf2, 0x00, 0x00, 0x00, 0x00, 0x00, 0x00,
    0x00, 0x00, 0x00, 0x00, 0x00, 0x5f, 0xe0, 0x00, 0x00, 0x7b, 0x70, 0x00, 0x00, 0x00, 0x00, 0x00,
    0x00, 0x00, 0x7f, 0xc0, 0x00, 0x00, 0xaf, 0xa0, 0x00, 0x00, 0x00, 0x00, 0x00, 0x00, 0x00, 0x9f,
    0xa0, 0x00, 0x00, 0xaf, 0xa0, 0x00, 0x00, 0x00, 0x00, 0x00, 0x00, 0x00, 0xcf, 0x70, 0x00, 0x00,
    0xaf, 0xa0, 0x00, 0x00, 0x00, 0x00, 0x00, 0x00, 0x01, 0xff, 0x40, 0x00, 0x00, 0xaf, 0xa0, 0x00,
    0x00, 0x00, 0x00, 0x00, 0x00, 0x08, 0xff, 0xff, 0xff, 0xff, 0xff, 0xff, 0xff, 0xff, 0xff, 0xf3,
    0x00, 0x00, 0x05, 0xff, 0xff, 0xff, 0xff, 0xff, 0xff, 0xff, 0xff, 0xff, 0xf3, 0x00, 0x00, 0x00,
    0x75, 0x54, 0x44, 0x44, 0xbf, 0xb4, 0x44, 0x44, 0x44, 0x41, 0x00, 0x00, 0x00, 0x00, 0x00, 0x00,
    0x00, 0xaf, 0xa0, 0x00, 0x00, 0x00, 0x00, 0x00, 0x00, 0x00, 0x00, 0x97, 0x10, 0x00, 0xaf, 0xa0,
    0x00, 0x58, 0x00, 0x00, 0x00, 0x00, 0x00, 0x06, 0xff, 0x50, 0x00, 0xaf, 0xa0, 0x04, 0xff, 0x70,
    0x00, 0x00, 0x00, 0x00, 0x1e, 0xfa, 0x00, 0x00, 0xaf, 0xa0, 0x00, 0x8f, 0xf3, 0x00, 0x00, 0x00,
    0x00, 0xaf, 0xe2, 0x00, 0x00, 0xaf, 0xa0, 0x00, 0x0c, 0xfd, 0x10, 0x00, 0x00, 0x07, 0xff, 0x60,
    0x00, 0x00, 0xaf, 0xa0, 0x00, 0x02, 0xef, 0xa0, 0x00, 0x00, 0x5f, 0xfa, 0x00, 0x00, 0x00, 0xaf,
    0xa0, 0x00, 0x00, 0x6f, 0xf5, 0x00, 0x00, 0xdf, 0xc1, 0x00, 0x00, 0x00, 0xbf, 0xa0, 0x00, 0x00,
    0x0c, 0xfd, 0x00, 0x00, 0x19, 0x20, 0x00, 0x6f, 0xff, 0xff, 0x70, 0x00, 0x00, 0x03, 0x92, 0x00,
    0x00, 0x00, 0x00, 0x00, 0x1f, 0xff, 0xfc, 0x20, 0x00, 0x00, 0x00, 0x00, 0x00, 0x00, 0x00, 0x00,
    0x00, 0x03, 0x44, 0x10, 0x00, 0x00, 0x00, 0x00, 0x00, 0x00, 0x00, 0x00, 0x00, 0x00, 0x00, 0x00,
    0x00, 0x00, 0x00, 0x00, 0x00, 0x00, 0x00, 0x00, 0x00, 0x00, 0x00, 0x00, 0x00, 0x00, 0x00, 0x00,
    0x00, 0x00, 0x00, 0x00, 0x00, 0x01, 0xff, 0xff, 0xff, 0xff, 0xff, 0xff, 0xff, 0xff, 0xff, 0x10,
    0x00, 0x00, 0x01, 0xff, 0xff, 0xff, 0xff, 0xff, 0xff, 0xff, 0xff, 0xff, 0x10, 0x00, 0x00, 0x00,
    0x44, 0x44, 0x44, 0x44, 0xff, 0x94, 0x44, 0x44, 0x44, 0x00, 0x00, 0x00, 0x00, 0x00, 0x00, 0x00,
    0x00, 0xff, 0x70, 0x00, 0x00, 0x00, 0x00, 0x00, 0x00, 0x00, 0x00, 0x00, 0x00, 0x00, 0xff, 0x70,
    0x00, 0x00, 0x00, 0x00, 0x00, 0x00, 0x00, 0x00, 0x00, 0x00, 0x00, 0xff, 0x70, 0x00, 0x00, 0x00,
    0x00, 0x00, 0x00, 0x00, 0x00, 0x00, 0x00, 0x00, 0xff, 0x70, 0x00, 0x00, 0x00, 0x00, 0x00, 0x00,
    0x00, 0x00, 0x00, 0x00, 0x00, 0xff, 0x70, 0x00, 0x00, 0x00, 0x00, 0x00, 0x00, 0xbf, 0xff, 0xff,
    0xff, 0xff, 0xff, 0xff, 0xff, 0xff, 0xff, 0xfb, 0x00, 0x00, 0xbf, 0xff, 0xff, 0xff, 0xff, 0xff,
    0xff, 0xff, 0xff, 0xff, 0xfb, 0x00, 0x00, 0x34, 0x44, 0x44, 0x44, 0x44, 0xff, 0x94, 0x44, 0x44,
    0x44, 0x43, 0x00, 0x00, 0x00, 0x00, 0x00, 0x00, 0x00, 0xff, 0x70, 0x00, 0x00, 0x00, 0x00, 0x00,
    0x00, 0x00, 0x00, 0x00, 0x00, 0x00, 0xff, 0x70, 0x00, 0x00, 0x00, 0x00, 0x00, 0x00, 0x00, 0x00,
    0x00, 0x00, 0x00, 0xff, 0x70, 0x00, 0x00, 0x00, 0x00, 0x00, 0x00, 0x00, 0x00, 0x00, 0x00, 0x00,
    0xff, 0x70, 0x00, 0x00, 0x00, 0x00, 0x00, 0x00, 0x00, 0x00, 0x00, 0x00, 0x00, 0xff, 0x70, 0x00,
    0x00, 0x00, 0x00, 0x00, 0x00, 0x00, 0x00, 0x00, 0x00, 0x00, 0xff, 0x70, 0x00, 0x00, 0x00, 0x00,
    0x00, 0x00, 0x00, 0x00, 0x00, 0x00, 0x00, 0xff, 0x70, 0x00, 0x00, 0x00, 0x00, 0x00, 0x00, 0x00,
    0x00, 0x00, 0x00, 0x01, 0xff, 0x60, 0x00, 0x00, 0x00, 0x00, 0x00, 0x00, 0x00, 0x00, 0x0b, 0xee,
    0xef, 0xff, 0x50, 0x00, 0x00, 0x00, 0x00, 0x00, 0x00, 0x00, 0x00, 0x05, 0xff, 0xff, 0xf9, 0x00,
    0x00, 0x00, 0x00, 0x00, 0x00, 0x00, 0x00, 0x00, 0x01, 0x66, 0x54, 0x20, 0x00, 0x00, 0x00, 0x00,
    0x00, 0x00, 0x00, 0x00, 0x00, 0x00, 0x00, 0x00, 0x00, 0x00, 0x00, 0x00, 0x00, 0x00, 0x00, 0x00,
    0x00, 0x00, 0x00, 0x00, 0x00, 0x00, 0x00, 0x00, 0x00, 0x00, 0x00, 0x00, 0x00, 0x00, 0x1f, 0xff,
    0xff, 0xff, 0xff, 0xff, 0xff, 0xff, 0xf4, 0x00, 0x00, 0x00, 0x00, 0x1f, 0xff, 0xff, 0xff, 0xff,
    0xff, 0xff, 0xff, 0xf4, 0x00, 0x00, 0x00, 0x00, 0x05, 0x55, 0x55, 0x55, 0x55, 0x55, 0x55, 0x55,
    0x51, 0x00, 0x00, 0x00, 0x00, 0x00, 0x00, 0x00, 0x00, 0x00, 0x00, 0x00, 0x00, 0x00, 0x00, 0x00,
    0x00, 0x00, 0x00, 0x00, 0x00, 0x00, 0x00, 0x00, 0x00, 0x00, 0x00, 0x00, 0x00, 0x00, 0x00, 0x00,
    0x00, 0x00, 0x00, 0x00, 0x00, 0x00, 0x00, 0x00, 0x00, 0x00, 0x00, 0x00, 0x00, 0x00, 0x00, 0x00,
    0x00, 0x00, 0x00, 0x00, 0x00, 0x00, 0x00, 0x00, 0xbf, 0xff, 0xff, 0xff, 0xff, 0xff, 0xff, 0xff,
    0xff, 0xff, 0xfb, 0x00, 0x00, 0xbf, 0xff, 0xff, 0xff, 0xff, 0xff, 0xff, 0xff, 0xff, 0xff, 0xfb,
    0x00, 0x00, 0x45, 0x55, 0x55, 0x5d, 0xff, 0x85, 0x55, 0x55, 0x55, 0x55, 0x54, 0x00, 0x00, 0x00,
    0x00, 0x00, 0x4f, 0xfd, 0x00, 0x00, 0x00, 0x00, 0x00, 0x00, 0x00, 0x00, 0x00, 0x00, 0x00, 0xcf,
    0xf4, 0x00, 0x00, 0x17, 0x00, 0x00, 0x00, 0x00, 0x00, 0x00, 0x00, 0x05, 0xff, 0xb0, 0x00, 0x02,
    0xef, 0x80, 0x00, 0x00, 0x00, 0x00, 0x00, 0x00, 0x1d, 0xff, 0x20, 0x00, 0x00, 0xaf, 0xf3, 0x00,
    0x00, 0x00, 0x00, 0x00, 0x00, 0x8f, 0xf7, 0x00, 0x00, 0x00, 0x2e, 0xfd, 0x00, 0x00, 0x00, 0x00,
    0x00, 0x03, 0xff, 0xb0, 0x00, 0x00, 0x00, 0x06, 0xff, 0x80, 0x00, 0x00, 0x00, 0x00, 0x1d, 0xfe,
    0x20, 0x00, 0x00, 0x12, 0x34, 0xef, 0xf3, 0x00, 0x00, 0x00, 0x02, 0xcf, 0xfc, 0x9a, 0xbc, 0xdf,
    0xff, 0xff, 0xff, 0xfb, 0x00, 0x00, 0x00, 0x06, 0xff, 0xff, 0xff, 0xff, 0xff, 0xff, 0xff, 0xff,
    0xff, 0x50, 0x00, 0x00, 0x01, 0xff, 0xff, 0xfd, 0xcb, 0x98, 0x75, 0x43, 0x11, 0xef, 0xd0, 0x00,
    0x00, 0x00, 0x75, 0x31, 0x00, 0x00, 0x00, 0x00, 0x00, 0x00, 0x7f, 0xc1, 0x00, 0x00, 0x00, 0x00,
    0x00, 0x00, 0x00, 0x00, 0x00, 0x00, 0x00, 0x17, 0x00, 0x00, 0x00, 0x00, 0x00, 0x00, 0x00, 0x00,
    0x00, 0x00, 0x00, 0x00, 0x00, 0x00, 0x00, 0x00, 0x00, 0x00, 0x00, 0x00, 0x00, 0x00, 0x00, 0x00,
    0x00, 0x00, 0x00, 0x00, 0x00, 0x00, 0x00, 0x00, 0x00, 0x03, 0x76, 0x00, 0x00, 0x00, 0x00, 0x00,
    0x00, 0x00, 0x00, 0x00, 0x00, 0x00, 0x08, 0xfe, 0x10, 0x00, 0x00, 0x00, 0x00, 0x00, 0x00, 0x00,
    0x00, 0x00, 0x00, 0x02, 0xff, 0x60, 0x00, 0x00, 0x00, 0x00, 0x00, 0x00, 0xaf, 0xff, 0xff, 0xff,
    0xff, 0xff, 0xff, 0xff, 0xff, 0xff, 0xfa, 0x00, 0x00, 0xae, 0xee, 0xee, 0xee, 0xee, 0xee, 0xee,
    0xee, 0xee, 0xee, 0xe9, 0x00, 0x00, 0x00, 0x00, 0x00, 0x00, 0x00, 0x00, 0x00, 0x00, 0x00, 0x00,
    0x00, 0x00, 0x00, 0x00, 0x04, 0xff, 0xff, 0xff, 0xff, 0xff, 0xff, 0xff, 0x60, 0x00, 0x00, 0x00,
    0x00, 0x04, 0xff, 0x88, 0x88, 0x88, 0x88, 0x88, 0xff, 0x60, 0x00, 0x00, 0x00, 0x00, 0x04, 0xfe,
    0x00, 0x00, 0x00, 0x00, 0x00, 0xff, 0x60, 0x00, 0x00, 0x00, 0x00, 0x04, 0xff, 0x88, 0x88, 0x88,
    0x88, 0x88, 0xff, 0x60, 0x00, 0x00, 0x00, 0x00, 0x04, 0xff, 0xff, 0xff, 0xff, 0xff, 0xff, 0xff,
    0x60, 0x00, 0x00, 0x00, 0x00, 0x00, 0x00, 0x00, 0x00, 0x00, 0x00, 0x00, 0x00, 0x00, 0x00, 0x00,
    0x00, 0x4b, 0xbb, 0xbb, 0xbb, 0xbb, 0xbb, 0xbb, 0xbb, 0xbb, 0xbb, 0xb3, 0x00, 0x00, 0x5f, 0xff,
    0xff, 0xff, 0xff, 0xff, 0xff, 0xff, 0xff, 0xff, 0xf4, 0x00, 0x00, 0x5f, 0xc0, 0x00, 0x00, 0x00,
    0x00, 0x00, 0x00, 0x00, 0x0f, 0xf4, 0x00, 0x00, 0x5f, 0xc0, 0x00, 0xdd, 0xdd, 0xdd, 0xdd, 0xdc,
    0x00, 0x0f, 0xf4, 0x00, 0x00, 0x14, 0x30, 0x02, 0xff, 0xff, 0xff, 0xff, 0xfe, 0x00, 0x04, 0x41,
    0x00, 0x00, 0x00, 0x00, 0x04, 0xff, 0x10, 0x00, 0x07, 0xfe, 0x00, 0x00, 0x00, 0x00, 0x00, 0x00,
    0x00, 0x0a, 0xfd, 0x00, 0x00, 0x07, 0xfe, 0x00, 0x04, 0x50, 0x00, 0x00, 0x00, 0x00, 0x3f, 0xf8,
    0x00, 0x00, 0x07, 0xfe, 0x00, 0x07, 0xf9, 0x00, 0x00, 0x00, 0x17, 0xef, 0xd1, 0x00, 0x00, 0x07,
    0xfe, 0x00, 0x09, 0xf7, 0x00, 0x00, 0x5c, 0xff, 0xfd, 0x30, 0x00, 0x00, 0x05, 0xff, 0xfe, 0xef,
    0xf4, 0x00, 0x00, 0x1e, 0xfe, 0x81, 0x00, 0x00, 0x00, 0x00, 0x9e, 0xff, 0xfe, 0x90, 0x00, 0x00,
    0x04, 0x30, 0x00, 0x00, 0x00, 0x00, 0x00, 0x00, 0x00, 0x00, 0x00, 0x00, 0x00, 0x00, 0x00, 0x00,
    0x00, 0x00, 0x00, 0x00, 0x00, 0x00, 0x00, 0x00, 0x00, 0x00, 0x00, 0x00, 0x00, 0x00, 0x00, 0x00,
    0x00, 0x00, 0x00, 0x00, 0x00, 0x00, 0x00, 0x00, 0x00, 0x02, 0x30, 0x00, 0x00, 0x00, 0x00, 0x00,
    0x00, 0x00, 0x00, 0x00, 0x00, 0x00, 0x0a, 0xfc, 0x00, 0x00, 0x00, 0x00, 0x00, 0x00, 0x00, 0x00,
    0x00, 0x00, 0x00, 0x2f, 0xf6, 0x00, 0x00, 0x00, 0x00, 0x00, 0x00, 0x00, 0x00, 0x00, 0x00, 0x00,
    0x9f, 0xd3, 0xff, 0xff, 0xff, 0xff, 0xff, 0xff, 0xc0, 0x00, 0x00, 0x00, 0x02, 0xff, 0x73, 0xff,
    0xff, 0xff, 0xff, 0xff, 0xff, 0xd0, 0x00, 0x00, 0x00, 0x0b, 0xfe, 0x10, 0x7f, 0xc2, 0x22, 0x22,
    0x22, 0x9f, 0xa0, 0x00, 0x00, 0x00, 0x5f, 0xf8, 0x00, 0x2f, 0xf1, 0x00, 0x00, 0x00, 0xcf, 0x70,
    0x00, 0x00, 0x02, 0xef, 0xf7, 0x00, 0x0d, 0xf5, 0x00, 0x00, 0x01, 0xff, 0x40, 0x00, 0x00, 0x1c,
    0xff, 0xf7, 0x00, 0x09, 0xf9, 0x00, 0x00, 0x05, 0xfe, 0x00, 0x00, 0x00, 0xaf, 0xff, 0xf7, 0x00,
    0x04, 0xfe, 0x00, 0x00, 0x0b, 0xf9, 0x00, 0x00, 0x05, 0xff, 0xcc, 0xf7, 0x00, 0x00, 0xef, 0x40,
    0x00, 0x1f, 0xf5, 0x00, 0x00, 0x00, 0xdd, 0x2b, 0xf7, 0x00, 0x00, 0xaf, 0xb0, 0x00, 0x8f, 0xe0,
    0x00, 0x00, 0x00, 0x53, 0x0b, 0xf7, 0x00, 0x00, 0x4f, 0xf3, 0x01, 0xef, 0x70, 0x00, 0x00, 0x00,
    0x00, 0x0b, 0xf7, 0x00, 0x00, 0x0c, 0xfb, 0x09, 0xfe, 0x10, 0x00, 0x00, 0x00, 0x00, 0x0b, 0xf7,
    0x00, 0x00, 0x05, 0xff, 0x7f, 0xf7, 0x00, 0x00, 0x00, 0x00, 0x00, 0x0b, 0xf7, 0x00, 0x00, 0x00,
    0xcf, 0xff, 0xd0, 0x00, 0x00, 0x00, 0x00, 0x00, 0x0b, 0xf7, 0x00, 0x00, 0x00, 0x3f, 0xff, 0x40,
    0x00, 0x00, 0x00, 0x00, 0x00, 0x0b, 0xf7, 0x00, 0x00, 0x00, 0xaf, 0xff, 0x90, 0x00, 0x00, 0x00,
    0x00, 0x00, 0x0b, 0xf7, 0x00, 0x00, 0x1b, 0xff, 0xef, 0xfa, 0x00, 0x00, 0x00, 0x00, 0x00, 0x0b,
    0xf7, 0x00, 0x02, 0xcf, 0xf9, 0x1a, 0xff, 0xb2, 0x00, 0x00, 0x00, 0x00, 0x0b, 0xf7, 0x02, 0x9f,
    0xff, 0x70, 0x00, 0x9f, 0xff, 0x81, 0x00, 0x00, 0x00, 0x0b, 0xf7, 0x6e, 0xff, 0xe5, 0x00, 0x00,
    0x07, 0xef, 0xfe, 0x20, 0x00, 0x00, 0x0b, 0xf7, 0x2e, 0xe8, 0x10, 0x00, 0x00, 0x00, 0x19, 0xf9,
    0x00, 0x00, 0x00, 0x06, 0x94, 0x04, 0x20, 0x00, 0x00, 0x00, 0x00, 0x00, 0x31, 0x00, 0x00, 0x00,
    0x00, 0x00, 0x00, 0x00, 0x00, 0x00, 0x00, 0x00, 0x00, 0x00, 0x00, 0x00, 0x00, 0x00, 0x00, 0x00,
    0x00, 0x00, 0x00, 0x00, 0x00, 0x00, 0x00, 0x00, 0x00, 0x00, 0x00, 0x04, 0x30, 0x00, 0x00, 0x39,
    0xa0, 0x00, 0x00, 0x00, 0x00, 0x00, 0x00, 0x00, 0x0d, 0xf7, 0x00, 0x00, 0x4f, 0xf2, 0x00, 0x00,
    0x00, 0x00, 0x00, 0x00, 0x00, 0x4f, 0xf2, 0x00, 0x00, 0x0e, 0xf7, 0x00, 0x00, 0x00, 0x00, 0x00,
    0x00, 0x00, 0xbf, 0xa0, 0x00, 0x00, 0x0a, 0xfb, 0x00, 0x00, 0x00, 0x00, 0x00, 0x00, 0x04, 0xff,
    0x31, 0x33, 0x33, 0x38, 0x95, 0x33, 0x33, 0x30, 0x00, 0x00, 0x00, 0x0c, 0xfb, 0x03, 0xff, 0xff,
    0xff, 0xff, 0xff, 0xff, 0xf0, 0x00, 0x00, 0x00, 0x6f, 0xf6, 0x03, 0xff, 0xff, 0xff, 0xff, 0xff,
    0xff, 0xf0, 0x00, 0x00, 0x02, 0xef, 0xf5, 0x00, 0x00, 0x00, 0x00, 0x00, 0x00, 0x00, 0x00, 0x00,
    0x00, 0x1c, 0xff, 0xf5, 0x00, 0x04, 0x95, 0x00, 0x00, 0x09, 0xc7, 0x00, 0x00, 0x00, 0xaf, 0xff,
    0xf5, 0x00, 0x08, 0xf9, 0x00, 0x00, 0x0c, 0xf9, 0x00, 0x00, 0x01, 0xdf, 0xae, 0xf5, 0x00, 0x06,
    0xfc, 0x00, 0x00, 0x0e, 0xf6, 0x00, 0x00, 0x00, 0x6c, 0x0e, 0xf5, 0x00, 0x03, 0xff, 0x00, 0x00,
    0x1f, 0xf3, 0x00, 0x00, 0x00, 0x01, 0x0e, 0xf5, 0x00, 0x01, 0xff, 0x30, 0x00, 0x3f, 0xf0, 0x00,
    0x00, 0x00, 0x00, 0x0e, 0xf5, 0x00, 0x00, 0xdf, 0x50, 0x00, 0x6f, 0xc0, 0x00, 0x00, 0x00, 0x00,
    0x0e, 0xf5, 0x00, 0x00, 0xbf, 0x80, 0x00, 0x9f, 0xa0, 0x00, 0x00, 0x00, 0x00, 0x0e, 0xf5, 0x00,
    0x00, 0x9f, 0xa0, 0x00, 0xbf, 0x60, 0x00, 0x00, 0x00, 0x00, 0x0e, 0xf5, 0x00, 0x00, 0x7f, 0xc0,
    0x00, 0xef, 0x30, 0x00, 0x00, 0x00, 0x00, 0x0e, 0xf5, 0x00, 0x00, 0x5f, 0xe0, 0x03, 0xfe, 0x00,
    0x00, 0x00, 0x00, 0x00, 0x0e, 0xf5, 0x00, 0x00, 0x3d, 0x90, 0x06, 0xfb, 0x00, 0x00, 0x00, 0x00,
    0x00, 0x0e, 0xf5, 0x00, 0x00, 0x00, 0x00, 0x0a, 0xf7, 0x00, 0x00, 0x00, 0x00, 0x00, 0x0e, 0xf5,
    0x3f, 0xff, 0xff, 0xff, 0xff, 0xff, 0xff, 0xfe, 0x00, 0x00, 0x00, 0x0e, 0xf5, 0x3f, 0xff, 0xff,
    0xff, 0xff, 0xff, 0xff, 0xfe, 0x00, 0x00, 0x00, 0x0e, 0xf5, 0x03, 0x33, 0x33, 0x33, 0x33, 0x33,
    0x33, 0x33, 0x00, 0x00, 0x00, 0x02, 0x21, 0x00, 0x00, 0x00, 0x00, 0x00, 0x00, 0x00, 0x00, 0x00,
    0x00, 0x00, 0x00, 0x00, 0x00, 0x00, 0x00, 0x00, 0x00, 0x00, 0x00, 0x00, 0x00, 0x00, 0x00, 0x00,
    0x00, 0x00, 0x00, 0x00, 0x00, 0x00, 0x00, 0x00, 0x00, 0x00, 0x00, 0x00, 0x00, 0x05, 0x10, 0x00,
    0x00, 0x00, 0x00, 0x00, 0x45, 0x00, 0x00, 0x00, 0x00, 0x00, 0x5f, 0xe1, 0x00, 0x00, 0x00, 0x26,
    0xae, 0xff, 0x50, 0x00, 0x00, 0x00, 0x00, 0xaf, 0xa0, 0x03, 0x69, 0xbe, 0xff, 0xff, 0xfc, 0x80,
    0x00, 0x00, 0x00, 0x02, 0xff, 0x41, 0xff, 0xff, 0xff, 0xff, 0xe6, 0x20, 0x00, 0x00, 0x00, 0x00,
    0x08, 0xfc, 0x01, 0xff, 0xca, 0x74, 0x6f, 0xd0, 0x00, 0x00, 0x00, 0x00, 0x00, 0x1e, 0xf6, 0x01,
    0xff, 0x10, 0x00, 0x4f, 0xd0, 0x00, 0x00, 0x00, 0x00, 0x00, 0x9f, 0xf1, 0x01, 0xff, 0x10, 0x00,
    0x3f, 0xe0, 0x00, 0x00, 0x00, 0x00, 0x03, 0xff, 0xf1, 0x01, 0xff, 0x10, 0x00, 0x2f, 0xf0, 0x00,
    0x00, 0x00, 0x00, 0x0c, 0xff, 0xf1, 0x01, 0xff, 0x10, 0x00, 0x1f, 0xf1, 0x00, 0x00, 0x00, 0x00,
    0x9f, 0xff, 0xf1, 0x01, 0xff, 0x32, 0x22, 0x2f, 0xf3, 0x22, 0x21, 0x00, 0x04, 0xff, 0xbf, 0xf1,
    0x01, 0xff, 0xff, 0xff, 0xff, 0xff, 0xff, 0xfd, 0x00, 0x01, 0xec, 0x2f, 0xf1, 0x01, 0xff, 0xff,
    0xff, 0xff, 0xff, 0xff, 0xfd, 0x00, 0x00, 0x62, 0x2f, 0xf1, 0x01, 0xff, 0x10, 0x00, 0x0b, 0xf6,
    0x00, 0x00, 0x00, 0x00, 0x00, 0x2f, 0xf1, 0x01, 0xff, 0x10, 0x00, 0x09, 0xf9, 0x00, 0x00, 0x00,
    0x00, 0x00, 0x2f, 0xf1, 0x01, 0xff, 0x10, 0x00, 0x07, 0xfb, 0x00, 0x00, 0x00, 0x00, 0x00, 0x2f,
    0xf1, 0x01, 0xff, 0x10, 0x00, 0x05, 0xfd, 0x00, 0x00, 0x00, 0x00, 0x00, 0x2f, 0xf1, 0x01, 0xff,
    0x10, 0x00, 0x02, 0xff, 0x20, 0x00, 0x00, 0x00, 0x00, 0x2f, 0xf1, 0x01, 0xff, 0x10, 0x05, 0x40,
    0xef, 0x50, 0x45, 0x00, 0x00, 0x00, 0x2f, 0xf1, 0x01, 0xff, 0x10, 0x1e, 0xd0, 0xaf, 0x90, 0x7f,
    0x40, 0x00, 0x00, 0x2f, 0xf1, 0x01, 0xff, 0x11, 0x48, 0xf6, 0x5f, 0xe2, 0xaf, 0x20, 0x00, 0x00,
    0x2f, 0xf1, 0x04, 0xff, 0xcf, 0xf2, 0xfc, 0x0d, 0xfd, 0xfd, 0x00, 0x00, 0x00, 0x2f, 0xf1, 0x0d,
    0xff, 0xfe, 0xa1, 0xaf, 0x45, 0xff, 0xf8, 0x00, 0x00, 0x00, 0x2f, 0xf1, 0x08, 0xe9, 0x40, 0x00,
    0x49, 0x20, 0x7e, 0xb1, 0x00, 0x00, 0x00, 0x04, 0x40, 0x02, 0x10, 0x00, 0x00, 0x00, 0x00, 0x00,
    0x00, 0x00, 0x00, 0x00, 0x00, 0x00, 0x00, 0x00, 0x00, 0x00, 0x00, 0x00, 0x00, 0x00, 0x00, 0x00,
    0x00, 0x00, 0x00, 0x00, 0x00, 0x00, 0x00, 0x00, 0x00, 0x00, 0x00, 0x00, 0x00, 0x00, 0x00, 0x34,
    0x00, 0x00, 0x00, 0x28, 0x80, 0x00, 0x00, 0x00, 0x00, 0x00, 0x00, 0x00, 0xbf, 0xa0, 0x00, 0x00,
    0x3f, 0xf0, 0x00, 0x00, 0x00, 0x00, 0x00, 0x00, 0x03, 0xff, 0x40, 0x00, 0x00, 0x3f, 0xf0, 0x00,
    0x00, 0x00, 0x00, 0x00, 0x00, 0x09, 0xfd, 0x00, 0x00, 0x00, 0x3f, 0xf0, 0x00, 0x00, 0x00, 0x00,
    0x00, 0x00, 0x1e, 0xf6, 0x00, 0x00, 0x00, 0x3f, 0xf0, 0x00, 0x00, 0x00, 0x00, 0x00, 0x00, 0x7f,
    0xe1, 0xbf, 0xff, 0xff, 0xff, 0xff, 0xff, 0xff, 0xff, 0x00, 0x00, 0x01, 0xef, 0xc0, 0xbf, 0xff,
    0xff, 0xff, 0xff, 0xff, 0xff, 0xff, 0x00, 0x00, 0x0a, 0xff, 0xc0, 0x23, 0x33, 0x3a, 0xff, 0xff,
    0x83, 0x33, 0x33, 0x00, 0x00, 0x5f, 0xff, 0xc0, 0x00, 0x00, 0x0e, 0xff, 0xff, 0xc0, 0x00, 0x00,
    0x00, 0x02, 0xef, 0xff, 0xc0, 0x00, 0x00, 0x5f, 0xdf, 0xfc, 0xf3, 0x00, 0x00, 0x00, 0x03, 0xff,
    0xaf, 0xc0, 0x00, 0x00, 0xbf, 0x7f, 0xf7, 0xf9, 0x00, 0x00, 0x00, 0x00, 0x98, 0x6f, 0xc0, 0x00,
    0x04, 0xfd, 0x4f, 0xf1, 0xff, 0x20, 0x00, 0x00, 0x00, 0x20, 0x6f, 0xc0, 0x00, 0x0c, 0xf7, 0x3f,
    0xf0, 0xaf, 0x90, 0x00, 0x00, 0x00, 0x00, 0x6f, 0xc0, 0x00, 0x5f, 0xe1, 0x3f, 0xf0, 0x3f, 0xf3,
    0x00, 0x00, 0x00, 0x00, 0x6f, 0xc0, 0x01, 0xef, 0x70, 0x3f, 0xf0, 0x0a, 0xfc, 0x00, 0x00, 0x00,
    0x00, 0x6f, 0xc0, 0x0a, 0xfd, 0x10, 0x3f, 0xf0, 0x03, 0xff, 0x70, 0x00, 0x00, 0x00, 0x6f, 0xc0,
    0x7f, 0xf4, 0x00, 0x3f, 0xf0, 0x00, 0x8f, 0xf5, 0x00, 0x00, 0x00, 0x6f, 0xc6, 0xff, 0xac, 0xff,
    0xff, 0xff, 0xff, 0x9d, 0xff, 0x30, 0x00, 0x00, 0x6f, 0xc3, 0xec, 0x1c, 0xff, 0xff, 0xff, 0xff,
    0x92, 0xea, 0x00, 0x00, 0x00, 0x6f, 0xc0, 0x41, 0x01, 0x11, 0x4f, 0xf1, 0x11, 0x10, 0x41, 0x00,
    0x00, 0x00, 0x6f, 0xc0, 0x00, 0x00, 0x00, 0x3f, 0xf0, 0x00, 0x00, 0x00, 0x00, 0x00, 0x00, 0x6f,
    0xc0, 0x00, 0x00, 0x00, 0x3f, 0xf0, 0x00, 0x00, 0x00, 0x00, 0x00, 0x00, 0x6f, 0xc0, 0x00, 0x00,
    0x00, 0x3f, 0xf0, 0x00, 0x00, 0x00, 0x00, 0x00, 0x00, 0x38, 0x70, 0x00, 0x00, 0x00, 0x27, 0x70,
    0x00, 0x00, 0x00, 0x00, 0x00, 0x00, 0x00, 0x00, 0x00, 0x00, 0x00, 0x00, 0x00, 0x00, 0x00, 0x00,
    0x00, 0x00, 0x00, 0x00, 0x00, 0x00, 0x00, 0x00, 0x00, 0x00, 0x00, 0x00, 0x00, 0x00, 0x00, 0x00,
    0x00, 0x03, 0x10, 0x00, 0x01, 0x00, 0x00, 0x00, 0x00, 0x00, 0x00, 0x00, 0x00, 0x00, 0x0d, 0xf7,
    0x00, 0x0c, 0xe7, 0x00, 0x00, 0x00, 0x00, 0x00, 0x00, 0x00, 0x00, 0x4f, 0xf2, 0x00, 0x2f, 0xf4,
    0x00, 0x00, 0x00, 0x00, 0x00, 0x00, 0x00, 0x00, 0xbf, 0xb0, 0x00, 0x8f, 0xe0, 0x00, 0x00, 0x00,
    0x00, 0x00, 0x00, 0x00, 0x03, 0xff, 0x40, 0x01, 0xef, 0xa3, 0x33, 0x33, 0x33, 0x33, 0x00, 0x00,
    0x00, 0x0b, 0xfc, 0x00, 0x07, 0xff, 0xff, 0xff, 0xff, 0xff, 0xff, 0x30, 0x00, 0x00, 0x5f, 0xf6,
    0x00, 0x1e, 0xff, 0xff, 0xff, 0xff, 0xff, 0xff, 0x30, 0x00, 0x02, 0xef, 0xf4, 0x00, 0x9f, 0xe1,
    0x5f, 0xf0, 0x00, 0x00, 0x00, 0x00, 0x00, 0x0b, 0xff, 0xf4, 0x04, 0xff, 0x60, 0x5f, 0xf0, 0x00,
    0x00, 0x00, 0x00, 0x00, 0xaf, 0xff, 0xf4, 0x2e, 0xfc, 0x00, 0x5f, 0xf0, 0x00, 0x00, 0x00, 0x00,
    0x02, 0xff, 0xcf, 0xf4, 0x6f, 0xe2, 0x00, 0x5f, 0xff, 0xff, 0xff, 0xf9, 0x00, 0x00, 0x8d, 0x2f,
    0xf4, 0x05, 0x40, 0x00, 0x5f, 0xff, 0xff, 0xff, 0xf9, 0x00, 0x00, 0x13, 0x0f, 0xf4, 0x00, 0x00,
    0x00, 0x5f, 0xf1, 0x11, 0x11, 0x11, 0x00, 0x00, 0x00, 0x0f, 0xf4, 0x00, 0x00, 0x00, 0x5f, 0xf0,
    0x00, 0x00, 0x00, 0x00, 0x00, 0x00, 0x0f, 0xf4, 0x00, 0x00, 0x00, 0x5f, 0xf0, 0x00, 0x00, 0x00,
    0x00, 0x00, 0x00, 0x0f, 0xf4, 0x00, 0x00, 0x00, 0x5f, 0xf2, 0x22, 0x22, 0x22, 0x00, 0x00, 0x00,
    0x0f, 0xf4, 0x00, 0x00, 0x00, 0x5f, 0xff, 0xff, 0xff, 0xfe, 0x00, 0x00, 0x00, 0x0f, 0xf4, 0x00,
    0x00, 0x00, 0x5f, 0xff, 0xff, 0xff, 0xfe, 0x00, 0x00, 0x00, 0x0f, 0xf4, 0x00, 0x00, 0x00, 0x5f,
    0xf0, 0x00, 0x00, 0x00, 0x00, 0x00, 0x00, 0x0f, 0xf4, 0x00, 0x00, 0x00, 0x5f, 0xf0, 0x00, 0x00,
    0x00, 0x00, 0x00, 0x00, 0x0f, 0xf4, 0x00, 0x00, 0x00, 0x5f, 0xf0, 0x00, 0x00, 0x00, 0x00, 0x00,
    0x00, 0x0f, 0xf4, 0x00, 0x00, 0x00, 0x5f, 0xf0, 0x00, 0x00, 0x00, 0x00, 0x00, 0x00, 0x0f, 0xf4,
    0x00, 0x00, 0x00, 0x5f, 0xf0, 0x00, 0x00, 0x00, 0x00, 0x00, 0x00, 0x09, 0x93, 0x00, 0x00, 0x00,
    0x3a, 0xa0, 0x00, 0x00, 0x00, 0x00, 0x00, 0x00, 0x00, 0x00, 0x00, 0x00, 0x00, 0x00, 0x00, 0x00,
    0x00, 0x00, 0x00, 0x00, 0x00, 0x00, 0x00, 0x00, 0x00, 0x00, 0x00, 0x00, 0x00, 0x00, 0x00, 0x00,
    0x00, 0x00, 0x02, 0x30, 0x00, 0x00, 0x00, 0x00, 0x00, 0x00, 0x05, 0x62, 0x00, 0x00, 0x00, 0x09,
    0xf9, 0x22, 0x22, 0x22, 0x22, 0x10, 0x00, 0x0c, 0xf4, 0x00, 0x00, 0x00, 0x0e, 0xf5, 0xdf, 0xff,
    0xff, 0xff, 0x60, 0x00, 0x0c, 0xf4, 0x00, 0x00, 0x00, 0x5f, 0xe0, 0xdf, 0xff, 0xff, 0xff, 0x67,
    0xa3, 0x0c, 0xf4, 0x00, 0x00, 0x00, 0xaf, 0x90, 0x00, 0xcf, 0x50, 0x00, 0x0b, 0xf5, 0x0c, 0xf4,
    0x00, 0x00, 0x01, 0xef, 0x40, 0x01, 0xff, 0x20, 0x00, 0x0b, 0xf5, 0x0c, 0xf4, 0x00, 0x00, 0x08,
    0xff, 0x30, 0x05, 0xfd, 0x00, 0x00, 0x0b, 0xf5, 0x0c, 0xf4, 0x00, 0x00, 0x1e, 0xff, 0x30, 0x09,
    0xff, 0xff, 0xfd, 0x0b, 0xf5, 0x0c, 0xf4, 0x00, 0x00, 0xaf, 0xff, 0x30, 0x0d, 0xff, 0xff, 0xfd,
    0x0b, 0xf5, 0x0c, 0xf4, 0x00, 0x04, 0xff, 0xff, 0x30, 0x3f, 0xe2, 0x15, 0xfb, 0x0b, 0xf5, 0x0c,
    0xf4, 0x00, 0x00, 0xeb, 0xef, 0x30, 0x9f, 0x90, 0x08, 0xf8, 0x0b, 0xf5, 0x0c, 0xf4, 0x00, 0x00,
    0x72, 0xef, 0x31, 0xff, 0x30, 0x0b, 0xf6, 0x0b, 0xf5, 0x0c, 0xf4, 0x00, 0x00, 0x00, 0xef, 0x3a,
    0xfc, 0x20, 0x0e, 0xf4, 0x0b, 0xf5, 0x0c, 0xf4, 0x00, 0x00, 0x00, 0xef, 0x4e, 0xf5, 0xdb, 0x4f,
    0xe0, 0x0b, 0xf5, 0x0c, 0xf4, 0x00, 0x00, 0x00, 0xef, 0x32, 0x93, 0xef, 0xff, 0xa0, 0x0b, 0xf5,
    0x0c, 0xf4, 0x00, 0x00, 0x00, 0xef, 0x30, 0x00, 0x3e, 0xff, 0x50, 0x0b, 0xf5, 0x0c, 0xf4, 0x00,
    0x00, 0x00, 0xef, 0x30, 0x00, 0x05, 0xff, 0x10, 0x0b, 0xf5, 0x0c, 0xf4, 0x00, 0x00, 0x00, 0xef,
    0x30, 0x00, 0x0c, 0xfa, 0x00, 0x02, 0x21, 0x0c, 0xf4, 0x00, 0x00, 0x00, 0xef, 0x30, 0x00, 0x6f,
    0xe2, 0x00, 0x00, 0x00, 0x0c, 0xf4, 0x00, 0x00, 0x00, 0xef, 0x30, 0x01, 0xef, 0x80, 0x00, 0x00,
    0x00, 0x0c, 0xf4, 0x00, 0x00, 0x00, 0xef, 0x30, 0x1c, 0xfd, 0x10, 0x00, 0x00, 0x00, 0x0d, 0xf4,
    0x00, 0x00, 0x00, 0xef, 0x30, 0xdf, 0xe3, 0x00, 0x00, 0x05, 0xff, 0xff, 0xf2, 0x00, 0x00, 0x00,
    0xef, 0x30, 0x6e, 0x30, 0x00, 0x00, 0x01, 0xff, 0xfe, 0x70, 0x00, 0x00, 0x00, 0x55, 0x10, 0x02,
    0x00, 0x00, 0x00, 0x00, 0x22, 0x20, 0x00, 0x00, 0x00, 0x00, 0x00, 0x00, 0x00, 0x00, 0x00, 0x00,
    0x00, 0x00, 0x00, 0x00, 0x00, 0x00, 0x00, 0x00, 0x00, 0x00, 0x00, 0x00, 0x00, 0x00, 0x00, 0x00,
    0x00, 0x00, 0x00, 0x00, 0x00, 0x02, 0x00, 0x00, 0x00, 0x00, 0x00, 0x00, 0x00, 0x00, 0x00, 0x00,
    0x00, 0x00, 0x0e, 0xd4, 0x00, 0x00, 0x00, 0x00, 0x00, 0x00, 0x00, 0x00, 0x00, 0x00, 0x00, 0x5f,
    0xf1, 0xcf, 0xff, 0xff, 0xff, 0xff, 0xff, 0xb0, 0x00, 0x00, 0x00, 0x00, 0xcf, 0x90, 0xcf, 0xff,
    0xff, 0xff, 0xff, 0xff, 0xb0, 0x00, 0x00, 0x00, 0x05, 0xff, 0x20, 0xcf, 0x50, 0x00, 0x00, 0x00,
    0x8f, 0xb0, 0x00, 0x00, 0x00, 0x0d, 0xfa, 0x00, 0xcf, 0x50, 0x00, 0x00, 0x00, 0x8f, 0xb0, 0x00,
    0x00, 0x00, 0x7f, 0xf3, 0x00, 0xcf, 0x50, 0x00, 0x00, 0x00, 0x8f, 0xb0, 0x00, 0x00, 0x03, 0xff,
    0xf2, 0x00, 0xcf, 0x50, 0x00, 0x00, 0x00, 0x8f, 0xb0, 0x00, 0x00, 0x1c, 0xff, 0xf2, 0x00, 0xcf,
    0xff, 0xff, 0xff, 0xff, 0xff, 0xb0, 0x00, 0x00, 0xbf, 0xff, 0xf2, 0x00, 0xcf, 0xff, 0xff, 0xff,
    0xff, 0xff, 0xb0, 0x00, 0x05, 0xff, 0x9f, 0xf2, 0x00, 0x00, 0x00, 0x0c, 0xf7, 0x00, 0x00, 0x00,
    0x00, 0x00, 0xdc, 0x1f, 0xf2, 0x00, 0x00, 0x00, 0x0c, 0xf7, 0x00, 0x00, 0x00, 0x00, 0x00, 0x62,
    0x0f, 0xf2, 0x01, 0x11, 0x11, 0x1d, 0xf7, 0x11, 0x11, 0x11, 0x00, 0x00, 0x00, 0x0f, 0xf2, 0x8f,
    0xff, 0xff, 0xff, 0xff, 0xff, 0xff, 0xff, 0x00, 0x00, 0x00, 0x0f, 0xf2, 0x8f, 0xff, 0xff, 0xff,
    0xff, 0xff, 0xff, 0xff, 0x00, 0x00, 0x00, 0x0f, 0xf2, 0x00, 0x00, 0x06, 0xff, 0xff, 0xe1, 0x00,
    0x00, 0x00, 0x00, 0x00, 0x0f, 0xf2, 0x00, 0x00, 0x3e, 0xff, 0xfe, 0xfb, 0x00, 0x00, 0x00, 0x00,
    0x00, 0x0f, 0xf2, 0x00, 0x02, 0xef, 0x8c, 0xf7, 0xdf, 0x90, 0x00, 0x00, 0x00, 0x00, 0x0f, 0xf2,
    0x00, 0x2d, 0xfb, 0x0c, 0xf7, 0x2e, 0xf8, 0x00, 0x00, 0x00, 0x00, 0x0f, 0xf2, 0x05, 0xef, 0xd1,
    0x0c, 0xf7, 0x05, 0xff, 0xa1, 0x00, 0x00, 0x00, 0x0f, 0xf3, 0xaf, 0xfd, 0x20, 0x0c, 0xf7, 0x00,
    0x7f, 0xfd, 0x30, 0x00, 0x00, 0x0f, 0xf2, 0xaf, 0xb1, 0x00, 0x0c, 0xf7, 0x00, 0x07, 0xfd, 0x20,
    0x00, 0x00, 0x0f, 0xf2, 0x16, 0x00, 0x00, 0x0c, 0xf7, 0x00, 0x00, 0x43, 0x00, 0x00, 0x00, 0x08,
    0x81, 0x00, 0x00, 0x00, 0x08, 0xa4, 0x00, 0x00, 0x00, 0x00, 0x00, 0x00, 0x00, 0x00, 0x00, 0x00,
    0x00, 0x00, 0x00, 0x00, 0x00, 0x00, 0x00, 0x00, 0x00, 0x00, 0x00, 0x00, 0x00, 0x00, 0x00, 0x00,
    0x00, 0x00, 0x00, 0x00, 0x00, 0x00, 0x01, 0x62, 0x00, 0x00, 0x00, 0x00, 0x00, 0x00, 0x00, 0x00,
    0x00, 0x00, 0x00, 0x06, 0xfd, 0x00, 0x00, 0x00, 0x00, 0x00, 0x00, 0x0b, 0xd4, 0x00, 0x00, 0x00,
    0x0b, 0xf8, 0xee, 0xee, 0xee, 0xee, 0xb2, 0x85, 0x0c, 0xf4, 0x00, 0x00, 0x00, 0x2f, 0xf2, 0xff,
    0xff, 0xff, 0xff, 0xb4, 0xfa, 0x0c, 0xf4, 0x00, 0x00, 0x00, 0x7f, 0xc0, 0x01, 0xff, 0x20, 0x00,
    0x04, 0xfa, 0x0c, 0xf4, 0x00, 0x00, 0x00, 0xdf, 0x60, 0x07, 0xf9, 0x07, 0xd1, 0x04, 0xfa, 0x0c,
    0xf4, 0x00, 0x00, 0x05, 0xff, 0x30, 0x1e, 0xf2, 0x06, 0xfa, 0x04, 0xfa, 0x0c, 0xf4, 0x00, 0x00,
    0x0d, 0xff, 0x30, 0x8f, 0xa2, 0x57, 0xff, 0x44, 0xfa, 0x0c, 0xf4, 0x00, 0x00, 0x7f, 0xff, 0x34,
    0xff, 0xff, 0xff, 0xff, 0xc4, 0xfa, 0x0c, 0xf4, 0x00, 0x03, 0xff, 0xff, 0x31, 0xff, 0xda, 0x75,
    0x2c, 0xf7, 0xfa, 0x0c, 0xf4, 0x00, 0x06, 0xfd, 0xdf, 0x30, 0x41, 0x00, 0x00, 0x04, 0x54, 0xfa,
    0x0c, 0xf4, 0x00, 0x00, 0xe4, 0xdf, 0x30, 0x00, 0x1f, 0xf0, 0x00, 0x04, 0xfa, 0x0c, 0xf4, 0x00,
    0x00, 0x30, 0xdf, 0x30, 0x00, 0x1f, 0xf0, 0x00, 0x04, 0xfa, 0x0c, 0xf4, 0x00, 0x00, 0x00, 0xdf,
    0x35, 0xdd, 0xef, 0xfd, 0xdd, 0x84, 0xfa, 0x0c, 0xf4, 0x00, 0x00, 0x00, 0xdf, 0x35, 0xff, 0xff,
    0xff, 0xff, 0x94, 0xfa, 0x0c, 0xf4, 0x00, 0x00, 0x00, 0xdf, 0x30, 0x00, 0x1f, 0xf0, 0x00, 0x04,
    0xfa, 0x0c, 0xf4, 0x00, 0x00, 0x00, 0xdf, 0x30, 0x00, 0x1f, 0xf0, 0x00, 0x04, 0xfa, 0x0c, 0xf4,
    0x00, 0x00, 0x00, 0xdf, 0x30, 0x00, 0x1f, 0xf0, 0x03, 0x60, 0x00, 0x0c, 0xf4, 0x00, 0x00, 0x00,
    0xdf, 0x30, 0x00, 0x4f, 0xfc, 0xff, 0xf0, 0x00, 0x0c, 0xf4, 0x00, 0x00, 0x00, 0xdf, 0x39, 0xcf,
    0xff, 0xff, 0xfd, 0xa0, 0x00, 0x0c, 0xf4, 0x00, 0x00, 0x00, 0xdf, 0x3d, 0xff, 0xec, 0x85, 0x20,
    0x00, 0x00, 0x0d, 0xf4, 0x00, 0x00, 0x00, 0xdf, 0x36, 0x63, 0x00, 0x00, 0x00, 0x05, 0xfe, 0xff,
    0xf2, 0x00, 0x00, 0x00, 0xdf, 0x30, 0x00, 0x00, 0x00, 0x00, 0x00, 0xdf, 0xeb, 0x50, 0x00, 0x00,
    0x00, 0x67, 0x20, 0x00, 0x00, 0x00, 0x00, 0x00, 0x00, 0x00, 0x00, 0x00, 0x00, 0x00, 0x00, 0x00,
    0x00, 0x00, 0x00, 0x00, 0x00, 0x00, 0x00, 0x00, 0x00, 0x00, 0x00, 0x00, 0x00, 0x00, 0x00, 0x00,
    0x00, 0x00, 0x00, 0x00, 0x00, 0x00, 0x00, 0x00, 0x00, 0x16, 0x10, 0x00, 0x00, 0x39, 0x90, 0x00,
    0x00, 0x00, 0x00, 0x00, 0x00, 0x00, 0x6f, 0xd0, 0x00, 0x00, 0x2f, 0xf4, 0x00, 0x00, 0x00, 0x00,
    0x00, 0x00, 0x00, 0xcf, 0xad, 0xdd, 0xdd, 0xdf, 0xfe, 0xdd, 0xdd, 0xdc, 0x00, 0x00, 0x00, 0x04,
    0xfe, 0x4f, 0xff, 0xff, 0xff, 0xff, 0xff, 0xff, 0xfd, 0x00, 0x00, 0x00, 0x0b, 0xf9, 0x00, 0x00,
    0x00, 0x00, 0x00, 0x00, 0x00, 0x00, 0x00, 0x00, 0x00, 0x4f, 0xf2, 0x00, 0x48, 0x88, 0x88, 0x88,
    0x88, 0x88, 0x00, 0x00, 0x00, 0x00, 0xcf, 0xb0, 0x00, 0x8f, 0xff, 0xff, 0xff, 0xff, 0xff, 0x00,
    0x00, 0x00, 0x07, 0xff, 0xa0, 0x00, 0x8f, 0x80, 0x00, 0x00, 0x02, 0xff, 0x00, 0x00, 0x00, 0x3f,
    0xff, 0xa0, 0x00, 0x8f, 0x80, 0x00, 0x00, 0x02, 0xff, 0x00, 0x00, 0x01, 0xdf, 0xff, 0xa0, 0x00,
    0x8f, 0xff, 0xff, 0xff, 0xff, 0xff, 0x00, 0x00, 0x01, 0xef, 0xaf, 0xa0, 0x00, 0x59, 0x99, 0x99,
    0x99, 0x99, 0x99, 0x00, 0x00, 0x00, 0x87, 0x7f, 0xa0, 0x00, 0x00, 0x00, 0x00, 0x00, 0x00, 0x00,
    0x00, 0x00, 0x00, 0x10, 0x7f, 0xa0, 0xaf, 0xff, 0xff, 0xff, 0xff, 0xff, 0xff, 0xff, 0x00, 0x00,
    0x00, 0x7f, 0xa0, 0xaf, 0xed, 0xdd, 0xdd, 0xdd, 0xdd, 0xdd, 0xff, 0x00, 0x00, 0x00, 0x7f, 0xa0,
    0xaf, 0x50, 0x00, 0x00, 0x00, 0x00, 0x01, 0xff, 0x00, 0x00, 0x00, 0x7f, 0xa0, 0xaf, 0x9b, 0xbb,
    0xbb, 0xbb, 0xbb, 0xb8, 0xff, 0x00, 0x00, 0x00, 0x7f, 0xa0, 0x00, 0x5f, 0xff, 0xff, 0xff, 0xff,
    0xf9, 0x00, 0x00, 0x00, 0x00, 0x7f, 0xa0, 0x00, 0x00, 0x00, 0x0d, 0xf6, 0x00, 0x00, 0x00, 0x00,
    0x00, 0x00, 0x7f, 0xa0, 0x00, 0x00, 0x00, 0x0d, 0xf6, 0x00, 0x00, 0x00, 0x00, 0x00, 0x00, 0x7f,
    0xa0, 0x00, 0x00, 0x00, 0x0d, 0xf6, 0x00, 0x00, 0x00, 0x00, 0x00, 0x00, 0x7f, 0xa0, 0x00, 0x00,
    0x00, 0x0e, 0xf6, 0x00, 0x00, 0x00, 0x00, 0x00, 0x00, 0x7f, 0xa0, 0x00, 0x04, 0xee, 0xef, 0xf4,
    0x00, 0x00, 0x00, 0x00, 0x00, 0x00, 0x7f, 0xa0, 0x00, 0x00, 0xdf, 0xfd, 0x80, 0x00, 0x00, 0x00,
    0x00, 0x00, 0x00, 0x12, 0x10, 0x00, 0x00, 0x00, 0x00, 0x00, 0x00, 0x00, 0x00, 0x00, 0x00, 0x00,
    0x00, 0x00, 0x00, 0x00, 0x00, 0x00, 0x00, 0x00, 0x00, 0x00, 0x00, 0x00, 0x00, 0x00, 0x00, 0x00,
    0x00, 0x00, 0x00, 0x00, 0x00, 0x00, 0x00, 0x00, 0x00, 0x00, 0x00, 0x10, 0x00, 0x01, 0x99, 0x20,
    0x00, 0x00, 0x00, 0x00, 0x00, 0x00, 0x00, 0x00, 0x9e, 0x90, 0x02, 0xff, 0x30, 0x00, 0x00, 0x00,
    0x00, 0x00, 0x00, 0x00, 0x00, 0xdf, 0x80, 0x02, 0xff, 0x30, 0x00, 0x00, 0x00, 0x00, 0x00, 0x00,
    0x00, 0x03, 0xff, 0x40, 0x02, 0xff, 0x30, 0x00, 0x00, 0x00, 0x00, 0x00, 0x00, 0x00, 0x08, 0xff,
    0xff, 0xff, 0xff, 0xff, 0xff, 0xff, 0xfd, 0x00, 0x00, 0x00, 0x00, 0x0d, 0xff, 0xff, 0xff, 0xff,
    0xff, 0xff, 0xff, 0xfd, 0x00, 0x00, 0x00, 0x00, 0x5f, 0xf4, 0x33, 0x35, 0xff, 0x53, 0x33, 0x33,
    0x32, 0x00, 0x00, 0x00, 0x00, 0xdf, 0xa0, 0x00, 0x02, 0xff, 0x30, 0x00, 0x00, 0x00, 0x00, 0x00,
    0x00, 0x07, 0xff, 0x30, 0x00, 0x02, 0xff, 0x30, 0x00, 0x00, 0x00, 0x00, 0x00, 0x00, 0x01, 0x98,
    0x00, 0x00, 0x02, 0xff, 0x30, 0x00, 0x00, 0x00, 0x00, 0x00, 0x00, 0x00, 0x00, 0x00, 0x00, 0x02,
    0xff, 0x30, 0x00, 0x00, 0x00, 0x00, 0x00, 0x00, 0x9f, 0xff, 0xff, 0xff, 0xff, 0xff, 0xff, 0xff,
    0xff, 0xff, 0xfa, 0x00, 0x00, 0x9f, 0xff, 0xff, 0xff, 0xff, 0xff, 0xff, 0xff, 0xff, 0xff, 0xfa,
    0x00, 0x00, 0x23, 0x33, 0x33, 0xbf, 0xb3, 0x33, 0x4f, 0xf5, 0x33, 0x33, 0x32, 0x00, 0x00, 0x00,
    0x00, 0x00, 0xcf, 0x80, 0x00, 0x2f, 0xf3, 0x00, 0x00, 0x00, 0x00, 0x00, 0x00, 0x00, 0x00, 0xef,
    0x60, 0x00, 0x2f, 0xf3, 0x00, 0x00, 0x00, 0x00, 0x00, 0x00, 0x00, 0x05, 0xff, 0x30, 0x00, 0x2f,
    0xf3, 0x00, 0x00, 0x00, 0x00, 0x00, 0x00, 0x00, 0x0b, 0xfc, 0x00, 0x00, 0x2f, 0xf3, 0x00, 0x02,
    0x40, 0x00, 0x00, 0x00, 0x00, 0x4f, 0xf6, 0x00, 0x00, 0x2f, 0xf3, 0x00, 0x03, 0xfc, 0x00, 0x00,
    0x00, 0x03, 0xef, 0xd1, 0x00, 0x00, 0x2f, 0xf3, 0x00, 0x04, 0xfc, 0x00, 0x00, 0x00, 0x6e, 0xff,
    0x40, 0x00, 0x00, 0x1f, 0xf5, 0x00, 0x08, 0xfa, 0x00, 0x00, 0x6d, 0xff, 0xe4, 0x00, 0x00, 0x00,
    0x0e, 0xff, 0xff, 0xff, 0xf6, 0x00, 0x00, 0x4f, 0xfb, 0x20, 0x00, 0x00, 0x00, 0x06, 0xff, 0xff,
    0xff, 0xb1, 0x00, 0x00, 0x07, 0x30, 0x00, 0x00, 0x00, 0x00, 0x00, 0x02, 0x33, 0x31, 0x00, 0x00,
    0x00, 0x00, 0x00, 0x00, 0x00, 0x00, 0x00, 0x00, 0x00, 0x00, 0x00, 0x00, 0x00, 0x00, 0x00, 0x00,
    0x00, 0x00, 0x00, 0x00, 0x00, 0x00, 0x00, 0x00, 0x00, 0x00, 0x00, 0x00, 0x00, 0x00, 0x00, 0x02,
    0x99, 0x10, 0x00, 0x00, 0x00, 0x00, 0x00, 0x00, 0x00, 0x03, 0x20, 0x00, 0x03, 0xff, 0x10, 0x00,
    0x03, 0x61, 0x00, 0x00, 0x00, 0x00, 0x9f, 0xa0, 0x00, 0x03, 0xff, 0x10, 0x00, 0x0a, 0xfe, 0x10,
    0x00, 0x00, 0x00, 0x5f, 0xf3, 0x00, 0x03, 0xff, 0x10, 0x00, 0x1f, 0xf8, 0x00, 0x00, 0x00, 0x00,
    0x0c, 0xfb, 0x00, 0x03, 0xff, 0x10, 0x00, 0x7f, 0xe1, 0x00, 0x00, 0x00, 0x00, 0x05, 0xff, 0x20,
    0x03, 0xff, 0x10, 0x00, 0xef, 0x80, 0x00, 0x00, 0x00, 0x00, 0x00, 0xdf, 0x80, 0x03, 0xff, 0x10,
    0x06, 0xfe, 0x10, 0x00, 0x00, 0x00, 0x00, 0x00, 0x8f, 0xc0, 0x03, 0xff, 0x10, 0x0d, 0xf7, 0x00,
    0x00, 0x00, 0x00, 0x00, 0x00, 0x25, 0x00, 0x03, 0xff, 0x10, 0x01, 0x60, 0x00, 0x00, 0x00, 0x00,
    0x22, 0x22, 0x22, 0x22, 0x25, 0xff, 0x32, 0x22, 0x22, 0x22, 0x22, 0x00, 0x00, 0xbf, 0xff, 0xff,
    0xff, 0xff, 0xff, 0xff, 0xff, 0xff, 0xff, 0xfc, 0x00, 0x00, 0xbf, 0xff, 0xff, 0xff, 0xff, 0xff,
    0xff, 0xff, 0xff, 0xff, 0xfc, 0x00, 0x00, 0x00, 0x00, 0x00, 0xaf, 0xc0, 0x00, 0x2f, 0xf2, 0x00,
    0x00, 0x00, 0x00, 0x00, 0x00, 0x00, 0x00, 0xcf, 0xa0, 0x00, 0x2f, 0xf2, 0x00, 0x00, 0x00, 0x00,
    0x00, 0x00, 0x00, 0x00, 0xef, 0x70, 0x00, 0x2f, 0xf2, 0x00, 0x00, 0x00, 0x00, 0x00, 0x00, 0x00,
    0x03, 0xff, 0x50, 0x00, 0x2f, 0xf2, 0x00, 0x00, 0x00, 0x00, 0x00, 0x00, 0x00, 0x08, 0xfe, 0x10,
    0x00, 0x2f, 0xf2, 0x00, 0x00, 0x00, 0x00, 0x00, 0x00, 0x00, 0x1e, 0xf9, 0x00, 0x00, 0x2f, 0xf2,
    0x00, 0x00, 0xa4, 0x00, 0x00, 0x00, 0x00, 0xaf, 0xf3, 0x00, 0x00, 0x2f, 0xf2, 0x00, 0x00, 0xff,
    0x10, 0x00, 0x00, 0x1a, 0xff, 0x90, 0x00, 0x00, 0x2f, 0xf2, 0x00, 0x02, 0xff, 0x00, 0x00, 0x17,
    0xef, 0xfb, 0x10, 0x00, 0x00, 0x1f, 0xf5, 0x00, 0x06, 0xfc, 0x00, 0x01, 0xef, 0xff, 0x80, 0x00,
    0x00, 0x00, 0x0e, 0xff, 0xff, 0xff, 0xf8, 0x00, 0x00, 0x5f, 0xa3, 0x00, 0x00, 0x00, 0x00, 0x06,
    0xef, 0xff, 0xff, 0xc1, 0x00, 0x00, 0x01, 0x00, 0x00, 0x00, 0x00, 0x00, 0x00, 0x02, 0x22, 0x21,
    0x00, 0x00, 0x00, 0x00, 0x00, 0x00, 0x00, 0x00, 0x00, 0x00, 0x00, 0x00, 0x00, 0x00, 0x00, 0x00,
    0x00, 0x00, 0x00, 0x00, 0x00, 0x00, 0x00, 0x00, 0x00, 0x00, 0x00, 0x00, 0x00, 0x00, 0x00, 0x00,
    0x16, 0x00, 0x00, 0x00, 0x00, 0x00, 0x00, 0x00, 0x00, 0x00, 0x00, 0x00, 0x00, 0xaf, 0x90, 0x00,
    0x00, 0x00, 0x00, 0x00, 0x00, 0x00, 0x00, 0x00, 0x00, 0x00, 0xcf, 0xfb, 0x00, 0x00, 0x00, 0x00,
    0x00, 0x00, 0x00, 0x00, 0x00, 0x00, 0x00, 0x0a, 0xff, 0x80, 0x00, 0x00, 0x00, 0x00, 0x00, 0x00,
    0x00, 0x00, 0x00, 0x00, 0x00, 0xaf, 0xf6, 0x00, 0x00, 0x00, 0x00, 0x00, 0x00, 0x00, 0x00, 0x00,
    0x00, 0x00, 0x0c, 0xfe, 0x20, 0x00, 0x00, 0x00, 0x00, 0x00, 0x00, 0x00, 0x00, 0x00, 0x00, 0x07,
    0xff, 0xa0, 0x00, 0x00, 0x00, 0x00, 0x00, 0x00, 0x00, 0x00, 0x00, 0x00, 0x0c, 0xff, 0xf4, 0x00,
    0x00, 0x00, 0x00, 0x00, 0x00, 0x00, 0x00, 0x00, 0x00, 0x1f, 0xff, 0xfc, 0x00, 0x00, 0x00, 0x00,
    0x00, 0x00, 0x00, 0x00, 0x00, 0x00, 0x6f, 0xf9, 0xff, 0x50, 0x00, 0x00, 0x00, 0x00, 0x00, 0x00,
    0x00, 0x00, 0x00, 0xbf, 0xe0, 0xbf, 0xd0, 0x00, 0x00, 0x00, 0x00, 0x00, 0x00, 0x00, 0x00, 0x03,
    0xff, 0x80, 0x3f, 0xf7, 0x00, 0x00, 0x00, 0x00, 0x00, 0x00, 0x00, 0x00, 0x0b, 0xff, 0x20, 0x0a,
    0xfe, 0x10, 0x00, 0x00, 0x00, 0x00, 0x00, 0x00, 0x00, 0x4f, 0xfa, 0x00, 0x02, 0xff, 0x90, 0x00,
    0x00, 0x00, 0x00, 0x00, 0x00, 0x00, 0xcf, 0xf2, 0x00, 0x00, 0x9f, 0xf4, 0x00, 0x00, 0x00, 0x00,
    0x00, 0x00, 0x09, 0xff, 0x80, 0x00, 0x00, 0x1e, 0xfd, 0x20, 0x00, 0x00, 0x00, 0x00, 0x00, 0x7f,
    0xfd, 0x10, 0x00, 0x00, 0x07, 0xff, 0xc1, 0x00, 0x00, 0x00, 0x00, 0x06, 0xff, 0xe2, 0x00, 0x00,
    0x00, 0x00, 0xaf, 0xfb, 0x10, 0x00, 0x00, 0x01, 0x9f, 0xfe, 0x30, 0x00, 0x00, 0x00, 0x00, 0x1d,
    0xff, 0xd3, 0x00, 0x00, 0x4d, 0xff, 0xe5, 0x00, 0x00, 0x00, 0x00, 0x00, 0x02, 0xdf, 0xff, 0x20,
    0x00, 0xaf, 0xfd, 0x30, 0x00, 0x00, 0x00, 0x00, 0x00, 0x00, 0x2c, 0xfb, 0x00, 0x00, 0x08, 0x91,
    0x00, 0x00, 0x00, 0x00, 0x00, 0x00, 0x00, 0x00, 0x84, 0x00, 0x00, 0x00, 0x00, 0x00, 0x00, 0x00,
    0x00, 0x00, 0x00, 0x00, 0x00, 0x00, 0x00, 0x00, 0x00, 0x00, 0x00, 0x00, 0x00, 0x00, 0x00, 0x00,
    0x00, 0x00, 0x00, 0x00, 0x00, 0x00, 0x00, 0x02, 0x10, 0x00, 0x00, 0x00, 0x02, 0x40, 0x00, 0x00,
    0x00, 0x00, 0x00, 0x00, 0x7f, 0xa0, 0x00, 0x00, 0x00, 0x09, 0xfe, 0x20, 0x00, 0x00, 0x00, 0x00,
    0x00, 0x4f, 0xf5, 0x00, 0x00, 0x00, 0x1e, 0xfa, 0x00, 0x00, 0x00, 0x00, 0x00, 0x00, 0x0a, 0xfd,
    0x00, 0x00, 0x00, 0x8f, 0xe2, 0x00, 0x00, 0x00, 0x00, 0x00, 0x00, 0x02, 0xff, 0x60, 0x00, 0x01,
    0xef, 0x80, 0x00, 0x00, 0x00, 0x00, 0x00, 0x34, 0x44, 0xcb, 0x44, 0x44, 0x4a, 0xfe, 0x44, 0x44,
    0x10, 0x00, 0x00, 0x00, 0xef, 0xff, 0xff, 0xff, 0xff, 0xff, 0xff, 0xff, 0xff, 0x30, 0x00, 0x00,
    0x00, 0xef, 0xff, 0xff, 0xff, 0xff, 0xff, 0xff, 0xff, 0xff, 0x30, 0x00, 0x00, 0x00, 0x00, 0x00,
    0x00, 0x03, 0xff, 0x70, 0x00, 0x00, 0x00, 0x00, 0x00, 0x00, 0x00, 0x00, 0x00, 0x00, 0x03, 0xff,
    0x70, 0x00, 0x00, 0x00, 0x00, 0x00, 0x00, 0x00, 0x00, 0x00, 0x00, 0x03, 0xff, 0x70, 0x00, 0x00,
    0x00, 0x00, 0x00, 0x00, 0x00, 0x00, 0x00, 0x00, 0x03, 0xff, 0x60, 0x00, 0x00, 0x00, 0x00, 0x00,
    0x00, 0x7f, 0xff, 0xff, 0xff, 0xff, 0xff, 0xff, 0xff, 0xff, 0xff, 0xf8, 0x00, 0x00, 0x7f, 0xff,
    0xff, 0xff, 0xff, 0xff, 0xff, 0xff, 0xff, 0xff, 0xf8, 0x00, 0x00, 0x23, 0x33, 0x33, 0x33, 0x4d,
    0xff, 0xf6, 0x33, 0x33, 0x33, 0x32, 0x00, 0x00, 0x00, 0x00, 0x00, 0x00, 0x4f, 0xff, 0xfc, 0x00,
    0x00, 0x00, 0x00, 0x00, 0x00, 0x00, 0x00, 0x00, 0x01, 0xdf, 0xf7, 0xff, 0x80, 0x00, 0x00, 0x00,
    0x00, 0x00, 0x00, 0x00, 0x00, 0x1c, 0xff, 0x90, 0x9f, 0xf8, 0x00, 0x00, 0x00, 0x00, 0x00, 0x00,
    0x00, 0x02, 0xcf, 0xfc, 0x10, 0x1c, 0xff, 0x91, 0x00, 0x00, 0x00, 0x00, 0x00, 0x01, 0x8f, 0xff,
    0xc1, 0x00, 0x01, 0xcf, 0xfd, 0x50, 0x00, 0x00, 0x00, 0x02, 0x8e, 0xff, 0xf9, 0x10, 0x00, 0x00,
    0x1c, 0xff, 0xfc, 0x72, 0x00, 0x00, 0x9f, 0xff, 0xfd, 0x40, 0x00, 0x00, 0x00, 0x00, 0x7f, 0xff,
    0xfd, 0x10, 0x00, 0x3e, 0xfd, 0x60, 0x00, 0x00, 0x00, 0x00, 0x00, 0x02, 0x9e, 0xf3, 0x00, 0x00,
    0x05, 0x40, 0x00, 0x00, 0x00, 0x00, 0x00, 0x00, 0x00, 0x01, 0x40, 0x00, 0x00, 0x00, 0x00, 0x00,
    0x00, 0x00, 0x00, 0x00, 0x00, 0x00, 0x00, 0x00, 0x00, 0x00, 0x00, 0x00, 0x00, 0x00, 0x00, 0x00,
    0x00, 0x00, 0x00, 0x00, 0x00, 0x00, 0x00, 0x02, 0x22, 0x22, 0x22, 0x22, 0x22, 0x22, 0x22, 0x22,
    0x22, 0x20, 0x00, 0x00, 0x4f, 0xff, 0xff, 0xff, 0xff, 0xff, 0xff, 0xff, 0xff, 0xff, 0xf4, 0x00,
    0x00, 0x4f, 0xff, 0xff, 0xff, 0xff, 0xff, 0xff, 0xff, 0xff, 0xff, 0xf4, 0x00, 0x00, 0x4f, 0xf0,
    0x00, 0x76, 0x10, 0x00, 0x00, 0x00, 0x00, 0x1f, 0xf4, 0x00, 0x00, 0x4f, 0xf0, 0x03, 0xff, 0x20,
    0x00, 0x00, 0x00, 0x00, 0x1f, 0xf4, 0x00, 0x00, 0x4f, 0xf0, 0x05, 0xfe, 0x00, 0x00, 0x00, 0x00,
    0x00, 0x1f, 0xf4, 0x00, 0x00, 0x00, 0x00, 0x08, 0xff, 0xff, 0xff, 0xff, 0xff, 0xff, 0x30, 0x00,
    0x00, 0x00, 0x00, 0x00, 0x0b, 0xff, 0xff, 0xff, 0xff, 0xff, 0xff, 0x30, 0x00, 0x00, 0x00, 0x00,
    0x00, 0x0e, 0xf5, 0x00, 0x00, 0x00, 0x00, 0x00, 0x00, 0x00, 0x00, 0x00, 0x00, 0x00, 0x2f, 0xf2,
    0x00, 0x00, 0x00, 0x00, 0x00, 0x00, 0x00, 0x00, 0x00, 0x00, 0x00, 0x6f, 0xe0, 0x00, 0x00, 0x00,
    0x00, 0x00, 0x00, 0x00, 0x00, 0x00, 0x00, 0x00, 0x9f, 0xff, 0xff, 0xff, 0xff, 0xff, 0xff, 0xf0,
    0x00, 0x00, 0x00, 0x00, 0x00, 0xdf, 0xff, 0xff, 0xff, 0xff, 0xff, 0xff, 0xe0, 0x00, 0x00, 0x00,
    0x00, 0x00, 0x00, 0x00, 0x00, 0x00, 0x00, 0x00, 0x7f, 0xc0, 0x00, 0x00, 0x00, 0x00, 0x00, 0x00,
    0x00, 0x00, 0x00, 0x00, 0x00, 0x9f, 0xa0, 0x00, 0x00, 0x00, 0x0d, 0xff, 0xff, 0xff, 0xff, 0xff,
    0xff, 0x90, 0xbf, 0x90, 0x00, 0x00, 0x00, 0x0d, 0xff, 0xff, 0xff, 0xff, 0xff, 0xff, 0x90, 0xdf,
    0x60, 0x00, 0x00, 0x00, 0x01, 0x11, 0x11, 0x11, 0x11, 0x11, 0x11, 0x11, 0xff, 0x30, 0x00, 0x00,
    0x00, 0x00, 0x00, 0x00, 0x00, 0x00, 0x00, 0x00, 0x05, 0xff, 0x10, 0x00, 0x00, 0x00, 0x00, 0x00,
    0x00, 0x00, 0x00, 0x10, 0x00, 0x1c, 0xfb, 0x00, 0x00, 0x00, 0x00, 0x00, 0x00, 0x00, 0x00, 0x00,
    0xaf, 0xfe, 0xff, 0xf5, 0x00, 0x00, 0x00, 0x00, 0x00, 0x00, 0x00, 0x00, 0x00, 0x5f, 0xff, 0xfe,
    0x70, 0x00, 0x00, 0x00, 0x00, 0x00, 0x00, 0x00, 0x00, 0x00, 0x00, 0x11, 0x10, 0x00, 0x00, 0x00,
    0x00, 0x00, 0x00, 0x00, 0x00, 0x00, 0x00, 0x00, 0x00, 0x00, 0x00, 0x00, 0x00, 0x00, 0x00, 0x00,
    0x00, 0x00, 0x00, 0x00, 0x00, 0x00, 0x00, 0x00, 0x00, 0x00, 0x00, 0x00, 0x00, 0x00, 0x00, 0x00,
    0x02, 0x20, 0x00, 0x13, 0x00, 0x00, 0x00, 0x00, 0x00, 0x03, 0x10, 0x00, 0x00, 0x0b, 0xf7, 0x04,
    0xee, 0x10, 0x00, 0x00, 0x00, 0x00, 0xaf, 0x90, 0x00, 0x00, 0x2f, 0xf2, 0x01, 0xef, 0x80, 0x00,
    0x00, 0x00, 0x00, 0x7f, 0xf3, 0x00, 0x00, 0x7f, 0xc0, 0x00, 0x7f, 0xe1, 0x00, 0x00, 0x00, 0x00,
    0x0d, 0xfc, 0x00, 0x00, 0xdf, 0x60, 0x00, 0x1e, 0xb2, 0x00, 0x00, 0x00, 0x00, 0x05, 0xff, 0x50,
    0x06, 0xff, 0xff, 0xff, 0xff, 0xff, 0xff, 0xf9, 0x00, 0x00, 0x00, 0xdf, 0xd0, 0x1d, 0xff, 0xff,
    0xff, 0xff, 0xff, 0xff, 0xf9, 0x00, 0x00, 0x00, 0x6f, 0xb1, 0x8f, 0xfa, 0x00, 0x00, 0x9f, 0xa0,
    0x00, 0x00, 0x00, 0x00, 0x00, 0x04, 0x03, 0xff, 0xfa, 0x00, 0x00, 0x9f, 0xa0, 0x00, 0x00, 0x00,
    0x00, 0x00, 0x00, 0x1d, 0xff, 0xfa, 0x00, 0x00, 0x9f, 0xa0, 0x00, 0x00, 0x00, 0x00, 0x00, 0x00,
    0xcf, 0xe9, 0xff, 0xff, 0xff, 0xff, 0xff, 0xff, 0xf2, 0x00, 0x00, 0x00, 0x00, 0x7f, 0x57, 0xff,
    0xff, 0xff, 0xff, 0xff, 0xff, 0xf2, 0x00, 0x00, 0x00, 0x00, 0x03, 0x07, 0xfa, 0x00, 0x00, 0x9f,
    0xa0, 0x00, 0x00, 0x00, 0x00, 0x00, 0x07, 0x60, 0x07, 0xfa, 0x00, 0x00, 0x9f, 0xa0, 0x00, 0x00,
    0x00, 0x00, 0x00, 0x0e, 0xf8, 0x07, 0xfa, 0x00, 0x00, 0x9f, 0xa0, 0x00, 0x00, 0x00, 0x00, 0x00,
    0x5f, 0xf3, 0x07, 0xff, 0xff, 0xff, 0xff, 0xff, 0xff, 0xf1, 0x00, 0x00, 0x00, 0xbf, 0xd0, 0x07,
    0xff, 0xff, 0xff, 0xff, 0xff, 0xff, 0xf1, 0x00, 0x00, 0x02, 0xff, 0x70, 0x07, 0xfa, 0x00, 0x00,
    0x9f, 0xa0, 0x00, 0x00, 0x00, 0x00, 0x08, 0xff, 0x10, 0x07, 0xfa, 0x00, 0x00, 0x9f, 0xa0, 0x00,
    0x00, 0x00, 0x00, 0x1e, 0xfa, 0x00, 0x07, 0xfa, 0x00, 0x00, 0x9f, 0xa0, 0x00, 0x00, 0x00, 0x00,
    0x8f, 0xf3, 0x00, 0x07, 0xff, 0xff, 0xff, 0xff, 0xff, 0xff, 0xff, 0x00, 0x00, 0xaf, 0xc0, 0x00,
    0x07, 0xff, 0xff, 0xff, 0xff, 0xff, 0xff, 0xff, 0x00, 0x00, 0x02, 0x30, 0x00, 0x07, 0xfa, 0x00,
    0x00, 0x00, 0x00, 0x00, 0x00, 0x00, 0x00, 0x00, 0x00, 0x00, 0x04, 0xa7, 0x00, 0x00, 0x00, 0x00,
    0x00, 0x00, 0x00, 0x00, 0x00, 0x00, 0x00, 0x00, 0x00, 0x00, 0x00, 0x00, 0x00, 0x00, 0x00, 0x00,
    0x00, 0x00, 0x00, 0x00, 0x00, 0x00, 0x00, 0x00, 0x00, 0x00, 0x00, 0x00, 0x00, 0x00, 0x00, 0x00,
    0x00, 0x00, 0x03, 0x99, 0x20, 0x00, 0x00, 0x00, 0x00, 0x00, 0x00, 0x00, 0x00, 0x00, 0x00, 0x05,
    0xff, 0x30, 0x00, 0x00, 0x00, 0x00, 0x00, 0x00, 0x00, 0x47, 0x60, 0x00, 0x05, 0xff, 0x30, 0x00,
    0x06, 0x75, 0x00, 0x00, 0x00, 0x00, 0x8f, 0xd0, 0x00, 0x05, 0xff, 0x30, 0x00, 0x0c, 0xfa, 0x00,
    0x00, 0x00, 0x00, 0x8f, 0xd0, 0x00, 0x05, 0xff, 0x30, 0x00, 0x0c, 0xfa, 0x00, 0x00, 0x00, 0x00,
    0x8f, 0xd0, 0x00, 0x05, 0xff, 0x30, 0x00, 0x0c, 0xfa, 0x00, 0x00, 0x00, 0x00, 0x8f, 0xd0, 0x00,
    0x05, 0xff, 0x30, 0x00, 0x0c, 0xfa, 0x00, 0x00, 0x00, 0x00, 0x8f, 0xd0, 0x00, 0x05, 0xff, 0x30,
    0x00, 0x0c, 0xfa, 0x00, 0x00, 0x00, 0x00, 0x8f, 0xd0, 0x00, 0x05, 0xff, 0x30, 0x00, 0x0c, 0xfa,
    0x00, 0x00, 0x00, 0x00, 0x8f, 0xff, 0xff, 0xff, 0xff, 0xff, 0xff, 0xff, 0xfa, 0x00, 0x00, 0x00,
    0x00, 0x8f, 0xff, 0xff, 0xff, 0xff, 0xff, 0xff, 0xff, 0xfa, 0x00, 0x00, 0x00, 0x00, 0x23, 0x33,
    0x33, 0x37, 0xff, 0x53, 0x33, 0x33, 0x32, 0x00, 0x00, 0x00, 0x03, 0x43, 0x00, 0x00, 0x05, 0xff,
    0x30, 0x00, 0x00, 0x44, 0x30, 0x00, 0x00, 0x0b, 0xfc, 0x00, 0x00, 0x05, 0xff, 0x30, 0x00, 0x00,
    0xdf, 0xa0, 0x00, 0x00, 0x0b, 0xfc, 0x00, 0x00, 0x05, 0xff, 0x30, 0x00, 0x00, 0xdf, 0xa0, 0x00,
    0x00, 0x0b, 0xfc, 0x00, 0x00, 0x05, 0xff, 0x30, 0x00, 0x00, 0xdf, 0xa0, 0x00, 0x00, 0x0b, 0xfc,
    0x00, 0x00, 0x05, 0xff, 0x30, 0x00, 0x00, 0xdf, 0xa0, 0x00, 0x00, 0x0b, 0xfc, 0x00, 0x00, 0x05,
    0xff, 0x30, 0x00, 0x00, 0xdf, 0xa0, 0x00, 0x00, 0x0b, 0xfc, 0x00, 0x00, 0x05, 0xff, 0x30, 0x00,
    0x00, 0xdf, 0xa0, 0x00, 0x00, 0x0b, 0xfc, 0x00, 0x00, 0x05, 0xff, 0x30, 0x00, 0x00, 0xdf, 0xa0,
    0x00, 0x00, 0x0b, 0xff, 0xff, 0xff, 0xff, 0xff, 0xff, 0xff, 0xff, 0xff, 0xa0, 0x00, 0x00, 0x0b,
    0xff, 0xff, 0xff, 0xff, 0xff, 0xff, 0xff, 0xff, 0xff, 0xa0, 0x00, 0x00, 0x03, 0x44, 0x44, 0x44,
    0x44, 0x44, 0x44, 0x44, 0x44, 0xef, 0xa0, 0x00, 0x00, 0x00, 0x00, 0x00, 0x00, 0x00, 0x00, 0x00,
    0x00, 0x00, 0x89, 0x60, 0x00, 0x00, 0x00, 0x00, 0x00, 0x00, 0x00, 0x00, 0x00, 0x00, 0x00, 0x00,
    0x00, 0x00, 0x00, 0x00, 0x00, 0x00, 0x00, 0x00, 0x00, 0x00, 0x00, 0x00, 0x00, 0x00, 0x00, 0x00,
    0x00, 0x00, 0x00, 0x00, 0x01, 0x99, 0x30, 0x00, 0x00, 0x00, 0x00, 0x00, 0x00, 0x00, 0x00, 0x00,
    0x00, 0x02, 0xff, 0x40, 0x00, 0x00, 0x00, 0x00, 0x00, 0x00, 0x00, 0x00, 0x00, 0x00, 0x02, 0xff,
    0x40, 0x00, 0x00, 0x00, 0x00, 0x00, 0x00, 0x00, 0x00, 0x00, 0x00, 0x02, 0xff, 0x40, 0x00, 0x00,
    0x00, 0x00, 0x00, 0x00, 0x00, 0xdf, 0xff, 0xff, 0xff, 0xff, 0xff, 0xff, 0xff, 0xff, 0x00, 0x00,
    0x00, 0x00, 0xdf, 0xff, 0xff, 0xff, 0xff, 0xff, 0xff, 0xff, 0xff, 0x00, 0x00, 0x00, 0x00, 0x34,
    0x44, 0x44, 0x45, 0xff, 0x74, 0x44, 0x44, 0x44, 0x00, 0x00, 0x00, 0x00, 0x00, 0x00, 0x00, 0x02,
    0xff, 0x40, 0x00, 0x00, 0x00, 0x00, 0x00, 0x00, 0x00, 0x00, 0x00, 0x00, 0x02, 0xff, 0x40, 0x00,
    0x00, 0x00, 0x00, 0x00, 0x00, 0x00, 0x00, 0x00, 0x00, 0x02, 0xff, 0x40, 0x00, 0x00, 0x00, 0x00,
    0x00, 0x00, 0x9f, 0xff, 0xff, 0xff, 0xff, 0xff, 0xff, 0xff, 0xff, 0xff, 0xfa, 0x00, 0x00, 0x9f,
    0xff, 0xff, 0xff, 0xff, 0xff, 0xff, 0xff, 0xff, 0xff, 0xfa, 0x00, 0x00, 0x24, 0x44, 0x44, 0x44,
    0x45, 0xff, 0x74, 0x44, 0x44, 0x44, 0x43, 0x00, 0x00, 0x00, 0x00, 0x00, 0x00, 0x02, 0xff, 0x40,
    0x00, 0x00, 0x00, 0x00, 0x00, 0x00, 0x00, 0x9f, 0xc0, 0x00, 0x02, 0xff, 0x40, 0x00, 0x0b, 0xf9,
    0x00, 0x00, 0x00, 0x00, 0x9f, 0xc0, 0x00, 0x02, 0xff, 0x40, 0x00, 0x0b, 0xf9, 0x00, 0x00, 0x00,
    0x00, 0x9f, 0xc0, 0x00, 0x02, 0xff, 0x40, 0x00, 0x0b, 0xf9, 0x00, 0x00, 0x00, 0x00, 0x9f, 0xc0,
    0x00, 0x02, 0xff, 0x40, 0x00, 0x0b, 0xf9, 0x00, 0x00, 0x00, 0x00, 0x9f, 0xc0, 0x00, 0x02, 0xff,
    0x40, 0x00, 0x0b, 0xf9, 0x00, 0x00, 0x00, 0x00, 0x9f, 0xc0, 0x00, 0x02, 0xff, 0x40, 0x00, 0x0b,
    0xf9, 0x00, 0x00, 0x00, 0x00, 0x9f, 0xff, 0xff, 0xff, 0xff, 0xff, 0xff, 0xff, 0xf9, 0x00, 0x00,
    0x00, 0x00, 0x9f, 0xff, 0xff, 0xff, 0xff, 0xff, 0xff, 0xff, 0xf9, 0x00, 0x00, 0x00, 0x00, 0x23,
    0x33, 0x33, 0x33, 0x33, 0x33, 0x33, 0x3c, 0xf9, 0x00, 0x00, 0x00, 0x00, 0x00, 0x00, 0x00, 0x00,
    0x00, 0x00, 0x00, 0x06, 0x85, 0x00, 0x00, 0x00, 0x00, 0x00, 0x00, 0x00, 0x00, 0x00, 0x00, 0x00,
    0x00, 0x00, 0x00, 0x00, 0x00, 0x00, 0x00, 0x00, 0x00, 0x00, 0x00, 0x00, 0x00, 0x00, 0x00, 0x00,
    0x00, 0x00, 0x00, 0x00, 0x00, 0x10, 0x00, 0x00, 0x00, 0x01, 0x00, 0x00, 0x00, 0x00, 0x00, 0x00,
    0x00, 0x00, 0xad, 0x90, 0x00, 0x06, 0xda, 0x00, 0x00, 0x00, 0x00, 0x00, 0x00, 0x00, 0x02, 0xff,
    0x80, 0x00, 0x05, 0xff, 0x30, 0x00, 0x00, 0x00, 0x00, 0x00, 0x00, 0x09, 0xff, 0x20, 0x00, 0x00,
    0xcf, 0xc0, 0x00, 0x00, 0x00, 0x00, 0x00, 0x00, 0x3f, 0xf9, 0x00, 0x00, 0x00, 0x3f, 0xf7, 0x00,
    0x00, 0x00, 0x00, 0x00, 0x00, 0xcf, 0xf2, 0x00, 0x00, 0x00, 0x0a, 0xff, 0x30, 0x00, 0x00, 0x00,
    0x00, 0x07, 0xff, 0x70, 0x00, 0x00, 0x00, 0x01, 0xef, 0xd1, 0x00, 0x00, 0x00, 0x00, 0x4f, 0xfc,
    0x00, 0x00, 0x00, 0x00, 0x00, 0x4f, 0xfb, 0x00, 0x00, 0x00, 0x03, 0xef, 0xe2, 0x00, 0x00, 0x00,
    0x00, 0x00, 0x08, 0xff, 0xa0, 0x00, 0x00, 0x4e, 0xff, 0x94, 0x44, 0x44, 0x44, 0x44, 0x44, 0x44,
    0xef, 0xfb, 0x00, 0x00, 0xbf, 0xfc, 0xff, 0xff, 0xff, 0xff, 0xff, 0xff, 0xff, 0xad, 0xf8, 0x00,
    0x00, 0x0a, 0x76, 0xff, 0xff, 0xff, 0xff, 0xff, 0xff, 0xff, 0x81, 0x70, 0x00, 0x00, 0x00, 0x00,
    0x00, 0x04, 0xff, 0x20, 0x00, 0x00, 0xdf, 0x70, 0x00, 0x00, 0x00, 0x00, 0x00, 0x00, 0x07, 0xfe,
    0x00, 0x00, 0x00, 0xef, 0x60, 0x00, 0x00, 0x00, 0x00, 0x00, 0x00, 0x0a, 0xfb, 0x00, 0x00, 0x00,
    0xff, 0x50, 0x00, 0x00, 0x00, 0x00, 0x00, 0x00, 0x1e, 0xf8, 0x00, 0x00, 0x01, 0xff, 0x50, 0x00,
    0x00, 0x00, 0x00, 0x00, 0x00, 0x7f, 0xf2, 0x00, 0x00, 0x02, 0xff, 0x40, 0x00, 0x00, 0x00, 0x00,
    0x00, 0x01, 0xdf, 0xa0, 0x00, 0x00, 0x03, 0xff, 0x20, 0x00, 0x00, 0x00, 0x00, 0x00, 0x0a, 0xff,
    0x40, 0x00, 0x00, 0x05, 0xff, 0x10, 0x00, 0x00, 0x00, 0x00, 0x01, 0xaf, 0xf9, 0x00, 0x00, 0x00,
    0x08, 0xfe, 0x00, 0x00, 0x00, 0x00, 0x00, 0x5d, 0xff, 0xb0, 0x00, 0x11, 0x00, 0x2d, 0xfb, 0x00,
    0x00, 0x00, 0x00, 0x3d, 0xff, 0xf9, 0x00, 0x00, 0x2f, 0xff, 0xff, 0xf6, 0x00, 0x00, 0x00, 0x00,
    0x0b, 0xfd, 0x40, 0x00, 0x00, 0x0c, 0xff, 0xff, 0xa0, 0x00, 0x00, 0x00, 0x00, 0x02, 0x50, 0x00,
    0x00, 0x00, 0x02, 0x33, 0x31, 0x00, 0x00, 0x00, 0x00, 0x00, 0x00, 0x00, 0x00, 0x00, 0x00, 0x00,
    0x00, 0x00, 0x00, 0x00, 0x00, 0x00, 0x00, 0x00, 0x00, 0x00, 0x00, 0x00, 0x00, 0x00, 0x00, 0x00,
    0x00, 0x00, 0x00, 0x00, 0x00, 0x00, 0x00, 0x00, 0x00, 0x00, 0x00, 0x00, 0x00, 0x04, 0x51, 0x00,
    0x00, 0x09, 0xee, 0xee, 0xe0, 0x9e, 0xee, 0xed, 0x00, 0x00, 0x0b, 0xf3, 0x00, 0x00, 0x09, 0xff,
    0xff, 0xe0, 0x9f, 0xff, 0xfe, 0x00, 0x32, 0x0b, 0xf3, 0x00, 0x00, 0x09, 0xf4, 0x0e, 0xe0, 0x9f,
    0x30, 0xee, 0x03, 0xf9, 0x0b, 0xf3, 0x00, 0x00, 0x09, 0xf4, 0x0e, 0xe0, 0x9f, 0x30, 0xee, 0x03,
    0xf9, 0x0b, 0xf3, 0x00, 0x00, 0x09, 0xf4, 0x0e, 0xe0, 0x9f, 0x30, 0xee, 0x03, 0xf9, 0x0b, 0xf3,
    0x00, 0x00, 0x09, 0xf4, 0x0e, 0xe0, 0x9f, 0x30, 0xee, 0x03, 0xf9, 0x0b, 0xf3, 0x00, 0x00, 0x09,
    0xf4, 0x0e, 0xe0, 0x9f, 0x30, 0xee, 0x03, 0xf9, 0x0b, 0xf3, 0x00, 0x00, 0x09, 0xf4, 0x0e, 0xe0,
    0x9f, 0x30, 0xee, 0x03, 0xf9, 0x0b, 0xf3, 0x00, 0x00, 0x09, 0xf4, 0x0e, 0xe0, 0x9f, 0x30, 0xee,
    0x03, 0xf9, 0x0b, 0xf3, 0x00, 0x01, 0xff, 0xff, 0xff, 0xff, 0xff, 0xff, 0xff, 0xf3, 0xf9, 0x0b,
    0xf3, 0x00, 0x01, 0xff, 0xff, 0xff, 0xff, 0xff, 0xff, 0xff, 0xf3, 0xf9, 0x0b, 0xf3, 0x00, 0x00,
    0x1a, 0xf5, 0x1e, 0xe1, 0xaf, 0x41, 0xee, 0x13, 0xf9, 0x0b, 0xf3, 0x00, 0x00, 0x09, 0xf4, 0x0e,
    0xe0, 0xaf, 0x20, 0xee, 0x03, 0xf9, 0x0b, 0xf3, 0x00, 0x00, 0x0a, 0xf3, 0x0e, 0xe0, 0xbf, 0x20,
    0xee, 0x03, 0xf9, 0x0b, 0xf3, 0x00, 0x00, 0x0b, 0xf2, 0x0e, 0xe0, 0xcf, 0x10, 0xee, 0x03, 0xf9,
    0x0b, 0xf3, 0x00, 0x00, 0x0b, 0xf1, 0x0e, 0xe0, 0xcf, 0x00, 0xee, 0x03, 0xf9, 0x0b, 0xf3, 0x00,
    0x00, 0x0c, 0xf1, 0x0e, 0xe0, 0xde, 0x00, 0xee, 0x02, 0xa6, 0x0b, 0xf3, 0x00, 0x00, 0x0d, 0xf0,
    0x0e, 0xe1, 0xfc, 0x00, 0xee, 0x00, 0x00, 0x0b, 0xf3, 0x00, 0x00, 0x1f, 0xd0, 0x0e, 0xe3, 0xfa,
    0x00, 0xee, 0x00, 0x00, 0x0b, 0xf3, 0x00, 0x00, 0x3f, 0xa0, 0x0e, 0xe6, 0xf7, 0x00, 0xfe, 0x00,
    0x00, 0x0b, 0xf3, 0x00, 0x00, 0x8f, 0x7c, 0x8e, 0xdb, 0xf3, 0xde, 0xfc, 0x00, 0x00, 0x0b, 0xf3,
    0x00, 0x00, 0xef, 0x29, 0xed, 0x49, 0xe0, 0xae, 0xc4, 0x00, 0x8f, 0xff, 0xf1, 0x00, 0x00, 0x59,
    0x00, 0x00, 0x00, 0x20, 0x00, 0x00, 0x00, 0x3e, 0xec, 0x50, 0x00, 0x00, 0x00, 0x00, 0x00, 0x00,
    0x00, 0x00, 0x00, 0x00, 0x00, 0x00, 0x00, 0x00, 0x00, 0x00, 0x00, 0x00, 0x00, 0x00, 0x00, 0x00,
    0x00, 0x00, 0x00, 0x00, 0x00, 0x00, 0x00, 0x00, 0x00, 0x00, 0x00, 0x00, 0x00, 0x00, 0x00, 0x00,
    0x00, 0x00, 0x00, 0x00, 0x00, 0x00, 0x00, 0x00, 0x00, 0x00, 0x00, 0x00, 0x03, 0x30, 0x00, 0x00,
    0x00, 0x00, 0x00, 0x00, 0x00, 0x00, 0x00, 0x00, 0x00, 0x2f, 0xf1, 0x00, 0x00, 0x6f, 0xff, 0xff,
    0xff, 0xff, 0xff, 0xf0, 0x45, 0x20, 0x2f, 0xf1, 0x00, 0x00, 0x6f, 0xff, 0xff, 0xff, 0xff, 0xff,
    0xf0, 0xcf, 0x40, 0x2f, 0xf1, 0x00, 0x00, 0x00, 0x03, 0xff, 0x40, 0x15, 0x00, 0x00, 0xcf, 0x40,
    0x2f, 0xf1, 0x00, 0x00, 0x00, 0x0b, 0xfa, 0x00, 0xdf, 0x40, 0x00, 0xcf, 0x40, 0x2f, 0xf1, 0x00,
    0x00, 0x00, 0x4f, 0xe1, 0x00, 0x6f, 0xe2, 0x00, 0xcf, 0x40, 0x2f, 0xf1, 0x00, 0x00, 0x01, 0xdf,
    0x71, 0x23, 0x4d, 0xfb, 0x00, 0xcf, 0x40, 0x2f, 0xf1, 0x00, 0x00, 0x0b, 0xff, 0xff, 0xff, 0xff,
    0xff, 0x60, 0xcf, 0x40, 0x2f, 0xf1, 0x00, 0x00, 0x07, 0xff, 0xed, 0xca, 0x98, 0x9f, 0xc0, 0xcf,
    0x40, 0x2f, 0xf1, 0x00, 0x00, 0x01, 0x31, 0x01, 0x55, 0x00, 0x08, 0x10, 0xcf, 0x40, 0x2f, 0xf1,
    0x00, 0x00, 0x00, 0x00, 0x03, 0xfe, 0x00, 0x00, 0x00, 0xcf, 0x40, 0x2f, 0xf1, 0x00, 0x00, 0x00,
    0x00, 0x03, 0xfe, 0x00, 0x00, 0x00, 0xcf, 0x40, 0x2f, 0xf1, 0x00, 0x00, 0x0c, 0xff, 0xff, 0xff,
    0xff, 0xff, 0x80, 0xcf, 0x40, 0x2f, 0xf1, 0x00, 0x00, 0x0c, 0xff, 0xff, 0xff, 0xff, 0xff, 0x80,
    0xcf, 0x40, 0x2f, 0xf1, 0x00, 0x00, 0x00, 0x00, 0x03, 0xfe, 0x00, 0x00, 0x00, 0xcf, 0x40, 0x2f,
    0xf1, 0x00, 0x00, 0x00, 0x00, 0x03, 0xfe, 0x00, 0x00, 0x00, 0xcf, 0x40, 0x2f, 0xf1, 0x00, 0x00,
    0x00, 0x00, 0x03, 0xfe, 0x00, 0x00, 0x00, 0x79, 0x30, 0x2f, 0xf1, 0x00, 0x00, 0x00, 0x00, 0x03,
    0xfe, 0x36, 0xad, 0xc0, 0x00, 0x00, 0x2f, 0xf1, 0x00, 0x00, 0x00, 0x13, 0x6a, 0xff, 0xff, 0xff,
    0xd0, 0x00, 0x00, 0x2f, 0xf1, 0x00, 0x00, 0x6d, 0xff, 0xff, 0xff, 0xfd, 0xa7, 0x40, 0x00, 0x00,
    0x3f, 0xf1, 0x00, 0x00, 0x6f, 0xff, 0xda, 0x74, 0x10, 0x00, 0x00, 0x08, 0xff, 0xff, 0xe0, 0x00,
    0x00, 0x26, 0x41, 0x00, 0x00, 0x00, 0x00, 0x00, 0x02, 0xff, 0xfd, 0x50, 0x00, 0x00, 0x00, 0x00,
    0x00, 0x00, 0x00, 0x00, 0x00, 0x00, 0x22, 0x10, 0x00, 0x00, 0x00, 0x00, 0x00, 0x00, 0x00, 0x00,
    0x00, 0x00, 0x00, 0x00, 0x00, 0x00, 0x00, 0x00, 0x00, 0x00, 0x00, 0x00, 0x00, 0x00, 0x00, 0x00,
    0x00, 0x00, 0x00, 0x00, 0x00, 0x00, 0x00, 0x00, 0x00, 0x00, 0x00, 0x00, 0x00, 0x00, 0x0e, 0xf3,
    0x00, 0x00, 0x09, 0xff, 0xff, 0xff, 0xff, 0xff, 0xb0, 0x00, 0x00, 0x0e, 0xf3, 0x00, 0x00, 0x09,
    0xff, 0xff, 0xff, 0xff, 0xff, 0xb0, 0x9e, 0x60, 0x0e, 0xf3, 0x00, 0x00, 0x09, 0xf6, 0x00, 0x00,
    0x00, 0x5f, 0xb0, 0xaf, 0x70, 0x0e, 0xf3, 0x00, 0x00, 0x09, 0xf6, 0x00, 0x00, 0x00, 0x5f, 0xb0,
    0xaf, 0x70, 0x0e, 0xf3, 0x00, 0x00, 0x09, 0xf6, 0x00, 0x00, 0x00, 0x6f, 0xb0, 0xaf, 0x70, 0x0e,
    0xf3, 0x00, 0x00, 0x09, 0xff, 0xff, 0xff, 0xff, 0xff, 0xb0, 0xaf, 0x70, 0x0e, 0xf3, 0x00, 0x00,
    0x09, 0xff, 0xff, 0xff, 0xff, 0xff, 0xb0, 0xaf, 0x70, 0x0e, 0xf3, 0x00, 0x00, 0x09, 0xf6, 0x00,
    0x0d, 0xf1, 0x00, 0x00, 0xaf, 0x70, 0x0e, 0xf3, 0x00, 0x00, 0x09, 0xf6, 0x00, 0x0d, 0xf1, 0x00,
    0x00, 0xaf, 0x70, 0x0e, 0xf3, 0x00, 0x00, 0x0a, 0xfb, 0xdd, 0xdf, 0xfd, 0xdd, 0xc0, 0xaf, 0x70,
    0x0e, 0xf3, 0x00, 0x00, 0x0a, 0xfb, 0xff, 0xff, 0xff, 0xff, 0xd0, 0xaf, 0x70, 0x0e, 0xf3, 0x00,
    0x00, 0x0b, 0xfb, 0xf4, 0x0d, 0xf1, 0x0e, 0xd0, 0xaf, 0x70, 0x0e, 0xf3, 0x00, 0x00, 0x0c, 0xf9,
    0xf4, 0x0d, 0xf1, 0x0e, 0xd0, 0xaf, 0x70, 0x0e, 0xf3, 0x00, 0x00, 0x0d, 0xf8, 0xf4, 0x0d, 0xf1,
    0x0e, 0xd0, 0xaf, 0x70, 0x0e, 0xf3, 0x00, 0x00, 0x0f, 0xf7, 0xf4, 0x0d, 0xf1, 0x0e, 0xd0, 0xaf,
    0x70, 0x0e, 0xf3, 0x00, 0x00, 0x3f, 0xd6, 0xf4, 0x0d, 0xf1, 0x0e, 0xd0, 0x12, 0x10, 0x0e, 0xf3,
    0x00, 0x00, 0x6f, 0xa6, 0xf4, 0x0d, 0xf1, 0x0f, 0xd0, 0x00, 0x00, 0x0e, 0xf3, 0x00, 0x00, 0xaf,
    0x76, 0xf4, 0x0d, 0xf8, 0xff, 0xc0, 0x00, 0x00, 0x0e, 0xf3, 0x00, 0x01, 0xef, 0x36, 0xf4, 0x0d,
    0xf3, 0xca, 0x30, 0x00, 0x00, 0x0e, 0xf3, 0x00, 0x04, 0xfc, 0x00, 0x00, 0x0d, 0xf1, 0x00, 0x00,
    0x05, 0xff, 0xff, 0xf1, 0x00, 0x00, 0x35, 0x00, 0x00, 0x0d, 0xf1, 0x00, 0x00, 0x01, 0xff, 0xff,
    0x80, 0x00, 0x00, 0x00, 0x00, 0x00, 0x07, 0x80, 0x00, 0x00, 0x00, 0x44, 0x31, 0x00, 0x00, 0x00,
    0x00, 0x00, 0x00, 0x00, 0x00, 0x00, 0x00, 0x00, 0x00, 0x00, 0x00, 0x00, 0x00, 0x00, 0x00, 0x00,
    0x00, 0x00, 0x00, 0x00, 0x00, 0x00, 0x00, 0x00, 0x00, 0x00, 0x00, 0x00, 0x38, 0x10, 0x00, 0x00,
    0x00, 0x01, 0x94, 0x10, 0x00, 0x00, 0x00, 0x00, 0x01, 0xdf, 0xc0, 0x00, 0x00, 0x00, 0x08, 0xff,
    0x30, 0x00, 0x00, 0x00, 0x00, 0x00, 0x3f, 0xf8, 0x00, 0x00, 0x00, 0x2f, 0xf8, 0x00, 0x00, 0x00,
    0x00, 0x00, 0x00, 0x08, 0xfc, 0x00, 0x00, 0x00, 0xbf, 0xc0, 0x00, 0x00, 0x00, 0x00, 0xcf, 0xff,
    0xff, 0xff, 0xff, 0xff, 0xff, 0xff, 0xff, 0xff, 0xfc, 0x00, 0x00, 0xcf, 0xff, 0xff, 0xff, 0xff,
    0xff, 0xff, 0xff, 0xff, 0xff, 0xfc, 0x00, 0x00, 0x11, 0x11, 0x11, 0x11, 0x11, 0x11, 0x11, 0x11,
    0x11, 0x11, 0x11, 0x00, 0x00, 0x00, 0x00, 0x00, 0x00, 0x00, 0x00, 0x00, 0x00, 0x00, 0x56, 0x20,
    0x00, 0x00, 0x05, 0xee, 0xee, 0xee, 0xee, 0xa0, 0x07, 0xa4, 0x00, 0xef, 0x50, 0x00, 0x00, 0x06,
    0xff, 0xff, 0xff, 0xff, 0xb0, 0x0b, 0xf5, 0x00, 0xef, 0x50, 0x00, 0x00, 0x06, 0xfb, 0x00, 0x00,
    0x7f, 0xb0, 0x0b, 0xf5, 0x00, 0xef, 0x50, 0x00, 0x00, 0x06, 0xfb, 0x00, 0x00, 0x7f, 0xb0, 0x0b,
    0xf5, 0x00, 0xef, 0x50, 0x00, 0x00, 0x06, 0xfe, 0xbb, 0xbb, 0xdf, 0xb0, 0x0b, 0xf5, 0x00, 0xef,
    0x50, 0x00, 0x00, 0x06, 0xff, 0xff, 0xff, 0xff, 0xb0, 0x0b, 0xf5, 0x00, 0xef, 0x50, 0x00, 0x00,
    0x06, 0xfb, 0x00, 0x00, 0x7f, 0xb0, 0x0b, 0xf5, 0x00, 0xef, 0x50, 0x00, 0x00, 0x06, 0xfb, 0x00,
    0x00, 0x7f, 0xb0, 0x0b, 0xf5, 0x00, 0xef, 0x50, 0x00, 0x00, 0x06, 0xfe, 0xbb, 0xbb, 0xdf, 0xb0,
    0x0b, 0xf5, 0x00, 0xef, 0x50, 0x00, 0x00, 0x06, 0xff, 0xff, 0xff, 0xff, 0xb0, 0x0b, 0xf5, 0x00,
    0xef, 0x50, 0x00, 0x00, 0x06, 0xfb, 0x00, 0x00, 0x7f, 0xb0, 0x07, 0xa3, 0x00, 0xef, 0x50, 0x00,
    0x00, 0x06, 0xfb, 0x00, 0x00, 0x7f, 0xb0, 0x00, 0x00, 0x00, 0xef, 0x50, 0x00, 0x00, 0x06, 0xfb,
    0x00, 0x00, 0x7f, 0xb0, 0x00, 0x00, 0x00, 0xef, 0x50, 0x00, 0x00, 0x06, 0xfb, 0x00, 0x00, 0x8f,
    0xb0, 0x00, 0x4f, 0xef, 0xff, 0x30, 0x00, 0x00, 0x06, 0xfb, 0x02, 0xfe, 0xff, 0x90, 0x00, 0x0d,
    0xff, 0xe8, 0x00, 0x00, 0x00, 0x05, 0xeb, 0x00, 0xbe, 0xda, 0x10, 0x00, 0x02, 0x22, 0x00, 0x00,
    0x00, 0x00, 0x00, 0x00, 0x00, 0x00, 0x00, 0x00, 0x00, 0x00, 0x00, 0x00, 0x00, 0x00, 0x00, 0x00,
    0x00, 0x00, 0x00, 0x00, 0x00, 0x00, 0x00, 0x00, 0x00, 0x00, 0x00, 0x00, 0x00, 0x01, 0x21, 0x00,
    0x00, 0x00, 0x00, 0x00, 0x00, 0x00, 0x00, 0x00, 0x00, 0x00, 0x09, 0xf9, 0x00, 0x00, 0x00, 0x00,
    0x00, 0x00, 0x00, 0x00, 0x00, 0x00, 0x00, 0x09, 0xf9, 0x00, 0x00, 0x00, 0x00, 0x00, 0x00, 0x00,
    0x00, 0x00, 0x00, 0x00, 0x09, 0xf9, 0x00, 0x00, 0x00, 0x13, 0x33, 0x33, 0x33, 0x30, 0x00, 0x00,
    0x00, 0x09, 0xf9, 0x00, 0x00, 0x00, 0x6f, 0xff, 0xff, 0xff, 0xf0, 0x00, 0x00, 0xbf, 0xff, 0xff,
    0xff, 0xff, 0xd0, 0x6f, 0xff, 0xff, 0xff, 0xf0, 0x00, 0x00, 0xbf, 0xff, 0xff, 0xff, 0xff, 0xd0,
    0x6f, 0xb0, 0x00, 0x4f, 0xf0, 0x00, 0x00, 0x23, 0x3b, 0xf9, 0x33, 0x7f, 0xd0, 0x6f, 0xb0, 0x00,
    0x4f, 0xf0, 0x00, 0x00, 0x00, 0x0b, 0xf7, 0x00, 0x5f, 0xc0, 0x6f, 0xb0, 0x00, 0x4f, 0xf0, 0x00,
    0x00, 0x00, 0x0c, 0xf6, 0x00, 0x6f, 0xc0, 0x6f, 0xb0, 0x00, 0x4f, 0xf0, 0x00, 0x00, 0x00, 0x0d,
    0xf5, 0x00, 0x6f, 0xc0, 0x6f, 0xb0, 0x00, 0x4f, 0xf0, 0x00, 0x00, 0x00, 0x0e, 0xf4, 0x00, 0x6f,
    0xb0, 0x6f, 0xb0, 0x00, 0x4f, 0xf0, 0x00, 0x00, 0x00, 0x1f, 0xf3, 0x00, 0x7f, 0xb0, 0x6f, 0xb0,
    0x00, 0x4f, 0xf0, 0x00, 0x00, 0x00, 0x3f, 0xf0, 0x00, 0x7f, 0xb0, 0x6f, 0xb0, 0x00, 0x4f, 0xf0,
    0x00, 0x00, 0x00, 0x5f, 0xd0, 0x00, 0x8f, 0xa0, 0x6f, 0xb0, 0x00, 0x4f, 0xf0, 0x00, 0x00, 0x00,
    0x8f, 0xa0, 0x00, 0x9f, 0xa0, 0x6f, 0xb0, 0x00, 0x4f, 0xf0, 0x00, 0x00, 0x00, 0xcf, 0x80, 0x00,
    0x9f, 0x90, 0x6f, 0xb0, 0x00, 0x4f, 0xf0, 0x00, 0x00, 0x02, 0xff, 0x30, 0x00, 0xaf, 0x80, 0x6f,
    0xb0, 0x00, 0x4f, 0xf0, 0x00, 0x00, 0x07, 0xfd, 0x00, 0x00, 0xcf, 0x70, 0x6f, 0xb0, 0x00, 0x4f,
    0xf0, 0x00, 0x00, 0x1d, 0xf8, 0x00, 0x00, 0xef, 0x50, 0x6f, 0xff, 0xff, 0xff, 0xf0, 0x00, 0x00,
    0x8f, 0xf3, 0x23, 0x36, 0xff, 0x30, 0x6f, 0xff, 0xff, 0xff, 0xf0, 0x00, 0x03, 0xff, 0x90, 0x3f,
    0xff, 0xfe, 0x00, 0x6f, 0xc3, 0x33, 0x6f, 0xf0, 0x00, 0x00, 0x9d, 0x10, 0x0e, 0xff, 0xc3, 0x00,
    0x6f, 0xb0, 0x00, 0x3d, 0xd0, 0x00, 0x00, 0x03, 0x00, 0x00, 0x10, 0x00, 0x00, 0x12, 0x10, 0x00,
    0x00, 0x00, 0x00, 0x00, 0x00, 0x00, 0x00, 0x00, 0x00, 0x00, 0x00, 0x00, 0x00, 0x00, 0x00, 0x00,
    0x00, 0x00, 0x00, 0x00, 0x00, 0x00, 0x00, 0x00, 0x00, 0x00, 0x00, 0x00, 0x00, 0x00, 0x00, 0x00,
    0x00, 0x00, 0x00, 0x00, 0x00, 0x45, 0x30, 0x00, 0x00, 0x00, 0x00, 0x00, 0x00, 0x00, 0x00, 0x00,
    0x00, 0x00, 0xbf, 0x80, 0x00, 0x00, 0x00, 0x00, 0x0e, 0xff, 0xff, 0xff, 0xff, 0x60, 0x00, 0xbf,
    0x80, 0x00, 0x00, 0x00, 0x00, 0x0e, 0xff, 0xff, 0xff, 0xff, 0x60, 0x00, 0xbf, 0x80, 0x00, 0x00,
    0x00, 0x00, 0x00, 0x00, 0x00, 0x00, 0x00, 0x00, 0x00, 0xbf, 0x70, 0x00, 0x00, 0x00, 0x00, 0x00,
    0x00, 0x00, 0x00, 0x00, 0x00, 0x00, 0xbf, 0x70, 0x00, 0x00, 0x00, 0x00, 0x00, 0x00, 0x00, 0x00,
    0x00, 0x0d, 0xff, 0xff, 0xff, 0xff, 0xfb, 0x00, 0x00, 0x00, 0x00, 0x00, 0x00, 0x00, 0x0d, 0xff,
    0xff, 0xff, 0xff, 0xfb, 0x00, 0x00, 0xcf, 0xff, 0xff, 0xff, 0xff, 0xc2, 0x33, 0xef, 0x73, 0x39,
    0xfb, 0x00, 0x00, 0xcf, 0xff, 0xff, 0xff, 0xff, 0xc0, 0x00, 0xef, 0x40, 0x08, 0xfa, 0x00, 0x00,
    0x11, 0x1b, 0xf9, 0x11, 0x11, 0x10, 0x01, 0xff, 0x30, 0x09, 0xf9, 0x00, 0x00, 0x00, 0x0e, 0xf5,
    0x00, 0x00, 0x00, 0x02, 0xff, 0x10, 0x0a, 0xf9, 0x00, 0x00, 0x00, 0x3f, 0xf1, 0x04, 0x93, 0x00,
    0x04, 0xff, 0x00, 0x0a, 0xf8, 0x00, 0x00, 0x00, 0x7f, 0xc0, 0x08, 0xf9, 0x00, 0x07, 0xfc, 0x00,
    0x0b, 0xf8, 0x00, 0x00, 0x00, 0xbf, 0x70, 0x03, 0xfe, 0x10, 0x0a, 0xf9, 0x00, 0x0c, 0xf7, 0x00,
    0x00, 0x01, 0xff, 0x20, 0x00, 0xcf, 0x50, 0x0d, 0xf6, 0x00, 0x0d, 0xf6, 0x00, 0x00, 0x06, 0xfc,
    0x00, 0x37, 0xdf, 0xa0, 0x2f, 0xf3, 0x00, 0x0e, 0xf5, 0x00, 0x00, 0x0d, 0xfc, 0xbf, 0xff, 0xff,
    0xf1, 0x8f, 0xd0, 0x00, 0x0f, 0xf4, 0x00, 0x00, 0x6f, 0xff, 0xff, 0xea, 0x6d, 0xf5, 0xef, 0x80,
    0x00, 0x1f, 0xf3, 0x00, 0x00, 0x3f, 0xfb, 0x73, 0x00, 0x07, 0x68, 0xff, 0x20, 0x00, 0x4f, 0xf1,
    0x00, 0x00, 0x06, 0x10, 0x00, 0x00, 0x00, 0x4f, 0xfa, 0x11, 0x00, 0xaf, 0xd0, 0x00, 0x00, 0x00,
    0x00, 0x00, 0x00, 0x00, 0xdf, 0xe1, 0x3f, 0xff, 0xff, 0x90, 0x00, 0x00, 0x00, 0x00, 0x00, 0x00,
    0x00, 0x5f, 0x40, 0x0e, 0xff, 0xfb, 0x10, 0x00, 0x00, 0x00, 0x00, 0x00, 0x00, 0x00, 0x03, 0x00,
    0x01, 0x22, 0x10, 0x00, 0x00, 0x00, 0x00, 0x00, 0x00, 0x00, 0x00, 0x00, 0x00, 0x00, 0x00, 0x00,
    0x00, 0x00, 0x00, 0x00, 0x00, 0x00, 0x00, 0x00, 0x00, 0x00, 0x00, 0x00, 0x00, 0x00, 0x00, 0x00,
    0x00, 0x00, 0x01, 0x30, 0x00, 0x00, 0x00, 0x02, 0x20, 0x00, 0x00, 0x00, 0x00, 0x00, 0x00, 0x4e,
    0xe2, 0x00, 0x00, 0x00, 0x0a, 0xfc, 0x10, 0x00, 0x00, 0x00, 0x00, 0x00, 0x1d, 0xfc, 0x00, 0x00,
    0x00, 0x2f, 0xf8, 0x00, 0x00, 0x00, 0x00, 0x00, 0x00, 0x04, 0xff, 0x60, 0x00, 0x00, 0xaf, 0xd1,
    0x00, 0x00, 0x00, 0x00, 0x00, 0x00, 0x00, 0xaf, 0x90, 0x00, 0x04, 0xff, 0x50, 0x00, 0x00, 0x00,
    0x00, 0x00, 0x9f, 0xff, 0xff, 0xff, 0xff, 0xff, 0xff, 0xff, 0xfc, 0x00, 0x00, 0x00, 0x00, 0x9f,
    0xee, 0xee, 0xee, 0xff, 0xee, 0xee, 0xee, 0xfc, 0x00, 0x00, 0x00, 0x00, 0x9f, 0x90, 0x00, 0x03,
    0xff, 0x20, 0x00, 0x08, 0xfc, 0x00, 0x00, 0x00, 0x00, 0x9f, 0x90, 0x00, 0x03, 0xff, 0x20, 0x00,
    0x08, 0xfc, 0x00, 0x00, 0x00, 0x00, 0x9f, 0xff, 0xff, 0xff, 0xff, 0xff, 0xff, 0xff, 0xfc, 0x00,
    0x00, 0x00, 0x00, 0x9f, 0xec, 0xcc, 0xcd, 0xff, 0xcc, 0xcc, 0xcd, 0xfc, 0x00, 0x00, 0x00, 0x00,
    0x9f, 0x90, 0x00, 0x03, 0xff, 0x20, 0x00, 0x08, 0xfc, 0x00, 0x00, 0x00, 0x00, 0x9f, 0x90, 0x00,
    0x03, 0xff, 0x20, 0x00, 0x08, 0xfc, 0x00, 0x00, 0x00, 0x00, 0x9f, 0xff, 0xff, 0xff, 0xff, 0xff,
    0xff, 0xff, 0xfc, 0x00, 0x00, 0x00, 0x00, 0x8e, 0xee, 0xee, 0xee, 0xff, 0xee, 0xee, 0xee, 0xeb,
    0x00, 0x00, 0x00, 0x00, 0x00, 0x00, 0x00, 0x03, 0xff, 0x20, 0x00, 0x00, 0x00, 0x00, 0x00, 0x00,
    0x00, 0x00, 0x00, 0x00, 0x03, 0xff, 0x20, 0x00, 0x00, 0x00, 0x00, 0x00, 0x00, 0xcf, 0xff, 0xff,
    0xff, 0xff, 0xff, 0xff, 0xff, 0xff, 0xff, 0xfc, 0x00, 0x00, 0xcf, 0xff, 0xff, 0xff, 0xff, 0xff,
    0xff, 0xff, 0xff, 0xff, 0xfc, 0x00, 0x00, 0x11, 0x11, 0x11, 0x11, 0x15, 0xff, 0x31, 0x11, 0x11,
    0x11, 0x11, 0x00, 0x00, 0x00, 0x00, 0x00, 0x00, 0x03, 0xff, 0x20, 0x00, 0x00, 0x00, 0x00, 0x00,
    0x00, 0x00, 0x00, 0x00, 0x00, 0x03, 0xff, 0x20, 0x00, 0x00, 0x00, 0x00, 0x00, 0x00, 0x00, 0x00,
    0x00, 0x00, 0x03, 0xff, 0x20, 0x00, 0x00, 0x00, 0x00, 0x00, 0x00, 0x00, 0x00, 0x00, 0x00, 0x02,
    0x88, 0x10, 0x00, 0x00, 0x00, 0x00, 0x00, 0x00, 0x00, 0x00, 0x00, 0x00, 0x00, 0x00, 0x00, 0x00,
    0x00, 0x00, 0x00, 0x00, 0x00, 0x00, 0x00, 0x00, 0x00, 0x00, 0x00, 0x00, 0x00, 0x00, 0x00, 0x00,
    0x00, 0x00, 0x00, 0x00, 0x00, 0x00, 0x02, 0x77, 0x20, 0x00, 0x00, 0x00, 0x00, 0x00, 0x00, 0x00,
    0x00, 0x00, 0x00, 0x03, 0xff, 0x40, 0x00, 0x00, 0x00, 0x00, 0x00, 0x00, 0x12, 0x22, 0x22, 0x22,
    0x25, 0xff, 0x52, 0x22, 0x22, 0x22, 0x21, 0x00, 0x00, 0x9f, 0xff, 0xff, 0xff, 0xff, 0xff, 0xff,
    0xff, 0xff, 0xff, 0xf9, 0x00, 0x00, 0x9f, 0xff, 0xff, 0xff, 0xff, 0xff, 0xff, 0xff, 0xff, 0xff,
    0xf9, 0x00, 0x00, 0x00, 0x00, 0x00, 0x00, 0x03, 0xff, 0x40, 0x00, 0x00, 0x00, 0x00, 0x00, 0x00,
    0x00, 0x00, 0x00, 0x00, 0x03, 0xff, 0x40, 0x00, 0x00, 0x00, 0x00, 0x00, 0x00, 0x07, 0xff, 0xff,
    0xff, 0xff, 0xff, 0xff, 0xff, 0xff, 0xff, 0x70, 0x00, 0x00, 0x07, 0xff, 0xff, 0xff, 0xff, 0xff,
    0xff, 0xff, 0xff, 0xff, 0x70, 0x00, 0x00, 0x07, 0xfc, 0x22, 0x38, 0x72, 0x22, 0x27, 0x83, 0x22,
    0xdf, 0x70, 0x00, 0x00, 0x07, 0xfc, 0x00, 0x2f, 0xe1, 0x00, 0x0c, 0xf4, 0x00, 0xcf, 0x70, 0x00,
    0x00, 0x07, 0xfc, 0x00, 0x0a, 0xf7, 0x00, 0x4f, 0xc0, 0x00, 0xcf, 0x70, 0x00, 0x00, 0x07, 0xfc,
    0x00, 0x04, 0xd6, 0x00, 0xbf, 0x40, 0x00, 0xcf, 0x70, 0x00, 0x00, 0x07, 0xfc, 0x08, 0xff, 0xff,
    0xff, 0xff, 0xff, 0x80, 0xcf, 0x70, 0x00, 0x00, 0x07, 0xfc, 0x06, 0xcc, 0xcd, 0xff, 0xcc, 0xcc,
    0x70, 0xcf, 0x70, 0x00, 0x00, 0x07, 0xfc, 0x00, 0x00, 0x02, 0xff, 0x00, 0x00, 0x00, 0xcf, 0x70,
    0x00, 0x00, 0x07, 0xfc, 0x00, 0x00, 0x02, 0xff, 0x00, 0x00, 0x00, 0xcf, 0x70, 0x00, 0x00, 0x07,
    0xfc, 0x0d, 0xdd, 0xdd, 0xff, 0xdd, 0xdd, 0xd1, 0xcf, 0x70, 0x00, 0x00, 0x07, 0xfc, 0x0f, 0xff,
    0xff, 0xff, 0xff, 0xff, 0xf1, 0xcf, 0x70, 0x00, 0x00, 0x07, 0xfc, 0x00, 0x00, 0x02, 0xff, 0x00,
    0x00, 0x00, 0xcf, 0x70, 0x00, 0x00, 0x07, 0xfc, 0x00, 0x00, 0x02, 0xff, 0x00, 0x00, 0x00, 0xcf,
    0x70, 0x00, 0x00, 0x07, 0xfc, 0x00, 0x00, 0x02, 0xff, 0x00, 0x00, 0x00, 0xdf, 0x70, 0x00, 0x00,
    0x07, 0xfc, 0x00, 0x00, 0x02, 0xff, 0x00, 0x6f, 0xff, 0xff, 0x50, 0x00, 0x00, 0x07, 0xeb, 0x00,
    0x00, 0x00, 0x00, 0x00, 0x1e, 0xee, 0xb7, 0x00, 0x00, 0x00, 0x00, 0x00, 0x00, 0x00, 0x00, 0x00,
    0x00, 0x00, 0x00, 0x00, 0x00, 0x00, 0x00, 0x00, 0x00, 0x00, 0x00, 0x00, 0x00, 0x00, 0x00, 0x00,
    0x00, 0x00, 0x00, 0x00, 0x00, 0x39, 0x80, 0x00, 0x00, 0x00, 0x02, 0x42, 0x04, 0x20, 0x00, 0x00,
    0x00, 0x00, 0x5f, 0xd0, 0x00, 0x00, 0x00, 0x09, 0xf7, 0x2e, 0xfa, 0x10, 0x00, 0x00, 0x00, 0x5f,
    0xd0, 0x00, 0x00, 0x00, 0x09, 0xf7, 0x03, 0xbf, 0xa0, 0x00, 0x00, 0x00, 0x5f, 0xd0, 0x0e, 0xff,
    0xff, 0xff, 0xff, 0xff, 0xff, 0xff, 0x00, 0x00, 0x00, 0x5f, 0xd0, 0x0b, 0xbb, 0xbb, 0xbe, 0xfd,
    0xbb, 0xbb, 0xbb, 0x00, 0x00, 0x00, 0x5f, 0xd0, 0x00, 0x00, 0x00, 0x09, 0xf7, 0x00, 0x00, 0x00,
    0x00, 0x00, 0x11, 0x6f, 0xd1, 0x10, 0x9f, 0xff, 0xff, 0xff, 0xff, 0xff, 0xc0, 0x00, 0x02, 0xff,
    0xff, 0xff, 0xf8, 0x9f, 0xb9, 0x9d, 0xfc, 0x99, 0xaf, 0xc0, 0x00, 0x02, 0xff, 0xff, 0xff, 0xf8,
    0x9f, 0x50, 0x09, 0xf7, 0x00, 0x3f, 0xc0, 0x00, 0x00, 0x00, 0x5f, 0xd0, 0x00, 0x9f, 0xff, 0xff,
    0xff, 0xff, 0xff, 0xc0, 0x00, 0x00, 0x00, 0x5f, 0xd0, 0x00, 0x9f, 0x96, 0x6c, 0xfa, 0x66, 0x8f,
    0xc0, 0x00, 0x00, 0x00, 0x5f, 0xd0, 0x00, 0x9f, 0x97, 0x7c, 0xfa, 0x77, 0x9f, 0xc0, 0x00, 0x00,
    0x00, 0x5f, 0xd0, 0x00, 0x9f, 0xff, 0xff, 0xff, 0xff, 0xff, 0xc0, 0x00, 0x00, 0x00, 0x5f, 0xd0,
    0x00, 0x9f, 0x50, 0x09, 0xf7, 0x00, 0x3f, 0xc0, 0x00, 0x00, 0x00, 0x5f, 0xd0, 0x00, 0x69, 0x30,
    0x05, 0x83, 0x8f, 0xb9, 0x70, 0x00, 0x00, 0x00, 0x5f, 0xd0, 0x00, 0x00, 0x00, 0x00, 0x00, 0x8f,
    0x90, 0x00, 0x00, 0x00, 0x00, 0x5f, 0xd0, 0x8f, 0xff, 0xff, 0xff, 0xff, 0xff, 0xff, 0xff, 0x30,
    0x00, 0x00, 0x5f, 0xd0, 0x7e, 0xee, 0xee, 0xee, 0xee, 0xef, 0xee, 0xee, 0x30, 0x00, 0x00, 0x5f,
    0xd0, 0x00, 0x08, 0xe3, 0x00, 0x00, 0x8f, 0x90, 0x00, 0x00, 0x00, 0x00, 0x5f, 0xd0, 0x00, 0x09,
    0xfe, 0x30, 0x00, 0x8f, 0x90, 0x00, 0x00, 0x00, 0x00, 0x5f, 0xd0, 0x00, 0x00, 0xaf, 0xe1, 0x00,
    0x8f, 0x90, 0x00, 0x00, 0x00, 0x00, 0x5f, 0xd0, 0x00, 0x00, 0x0c, 0xd3, 0x00, 0x9f, 0x90, 0x00,
    0x00, 0x00, 0x00, 0x5f, 0xd0, 0x00, 0x00, 0x02, 0x16, 0xff, 0xff, 0x70, 0x00, 0x00, 0x00, 0x00,
    0x39, 0x80, 0x00, 0x00, 0x00, 0x01, 0xdd, 0xc8, 0x10, 0x00, 0x00, 0x00, 0x00, 0x00, 0x00, 0x00,
    0x00, 0x00, 0x00, 0x00, 0x00, 0x00, 0x00, 0x00, 0x00, 0x00, 0x00, 0x00, 0x00, 0x00, 0x00, 0x00,
    0x00, 0x00, 0x00, 0x00, 0x00, 0x00, 0x00, 0x00, 0x00, 0x00, 0x00, 0x00, 0x00, 0x00, 0x00, 0x00,
    0x00, 0x00, 0x00, 0x8f, 0xff, 0xff, 0xff, 0xfb, 0x3f, 0xff, 0xff, 0xff, 0xff, 0xd2, 0x00, 0x00,
    0x8f, 0xff, 0xff, 0xff, 0xfb, 0x3f, 0xff, 0xff, 0xff, 0xff, 0xf1, 0x00, 0x00, 0x13, 0x33, 0x33,
    0x3a, 0xf9, 0x0c, 0xf8, 0x33, 0x33, 0x7f, 0xd0, 0x00, 0x00, 0x00, 0x00, 0x00, 0x0b, 0xf7, 0x09,
    0xf9, 0x00, 0x00, 0x9f, 0xb0, 0x00, 0x00, 0x01, 0x20, 0x00, 0x0e, 0xf5, 0x06, 0xfc, 0x00, 0x00,
    0xcf, 0x90, 0x00, 0x00, 0x2d, 0xd1, 0x00, 0x1f, 0xf3, 0x03, 0xfe, 0x00, 0x00, 0xff, 0x50, 0x00,
    0x00, 0x2e, 0xfb, 0x00, 0x4f, 0xf1, 0x00, 0xff, 0x20, 0x04, 0xff, 0x20, 0x00, 0x00, 0x05, 0xff,
    0x70, 0x8f, 0xb0, 0x00, 0xcf, 0x60, 0x07, 0xfd, 0x00, 0x00, 0x00, 0x00, 0x8f, 0xf4, 0xcf, 0x70,
    0x00, 0x9f, 0xb0, 0x0d, 0xf9, 0x00, 0x00, 0x00, 0x00, 0x0c, 0xfe, 0xff, 0x30, 0x00, 0x5f, 0xf1,
    0x4f, 0xf4, 0x00, 0x00, 0x00, 0x00, 0x02, 0xef, 0xfe, 0x00, 0x00, 0x1f, 0xf5, 0xaf, 0xd0, 0x00,
    0x00, 0x00, 0x00, 0x00, 0x6f, 0xfb, 0x00, 0x00, 0x0b, 0xfb, 0xff, 0x80, 0x00, 0x00, 0x00, 0x00,
    0x00, 0x3f, 0xfe, 0x20, 0x00, 0x05, 0xff, 0xfe, 0x10, 0x00, 0x00, 0x00, 0x00, 0x00, 0xaf, 0xff,
    0xb0, 0x00, 0x00, 0xef, 0xf8, 0x00, 0x00, 0x00, 0x00, 0x00, 0x03, 0xff, 0xdf, 0xf5, 0x00, 0x01,
    0xdf, 0xf4, 0x00, 0x00, 0x00, 0x00, 0x00, 0x0b, 0xfd, 0x1d, 0xfd, 0x00, 0x0a, 0xff, 0xfc, 0x10,
    0x00, 0x00, 0x00, 0x00, 0x6f, 0xf5, 0x05, 0xff, 0x30, 0x8f, 0xfd, 0xff, 0x90, 0x00, 0x00, 0x00,
    0x03, 0xff, 0xb0, 0x00, 0xc5, 0x08, 0xff, 0xc1, 0xbf, 0xf7, 0x00, 0x00, 0x00, 0x2d, 0xfe, 0x20,
    0x00, 0x03, 0xcf, 0xfd, 0x10, 0x1d, 0xff, 0xa1, 0x00, 0x01, 0xef, 0xf4, 0x00, 0x00, 0x2f, 0xff,
    0xc2, 0x00, 0x03, 0xef, 0xfc, 0x00, 0x00, 0x8f, 0x50, 0x00, 0x00, 0x09, 0xf8, 0x00, 0x00, 0x00,
    0x2c, 0xf4, 0x00, 0x00, 0x04, 0x00, 0x00, 0x00, 0x01, 0x40, 0x00, 0x00, 0x00, 0x01, 0x50, 0x00,
    0x00, 0x00, 0x00, 0x00, 0x00, 0x00, 0x00, 0x00, 0x00, 0x00, 0x00, 0x00, 0x00, 0x00, 0x00, 0x00,
    0x00, 0x00, 0x00, 0x00, 0x00, 0x00, 0x00, 0x00, 0x00, 0x00, 0x00, 0x00, 0x00, 0x00, 0x00, 0x00,
    0x00, 0x00, 0x00, 0x00, 0x00, 0x00, 0x00, 0x00, 0xdf, 0xff, 0xff, 0xff, 0xff, 0xf1, 0x00, 0x00,
    0x00, 0x00, 0x00, 0x00, 0x00, 0xdf, 0xff, 0xff, 0xff, 0xfb, 0x7d, 0xff, 0xff, 0xff, 0xff, 0xe5,
    0x00, 0x00, 0x06, 0xfb, 0x00, 0x0c, 0xf7, 0x0c, 0xff, 0xff, 0xff, 0xff, 0xf5, 0x00, 0x00, 0x06,
    0xfb, 0x00, 0x0c, 0xf7, 0x02, 0xbf, 0x62, 0x22, 0x2f, 0xf2, 0x00, 0x00, 0x06, 0xfb, 0x00, 0x0c,
    0xf7, 0x00, 0x8f, 0x80, 0x00, 0x3f, 0xf0, 0x00, 0x00, 0x06, 0xff, 0xff, 0xff, 0xf7, 0x00, 0x5f,
    0xb0, 0x00, 0x6f, 0xc0, 0x00, 0x00, 0x06, 0xff, 0xff, 0xff, 0xf7, 0x00, 0x2f, 0xe0, 0x00, 0x9f,
    0x90, 0x00, 0x00, 0x06, 0xfb, 0x00, 0x0c, 0xf7, 0x00, 0x0e, 0xf2, 0x00, 0xdf, 0x50, 0x00, 0x00,
    0x06, 0xfb, 0x00, 0x0c, 0xf7, 0x00, 0x0a, 0xf6, 0x02, 0xff, 0x20, 0x00, 0x00, 0x06, 0xfb, 0x00,
    0x0c, 0xf7, 0x00, 0x07, 0xfb, 0x07, 0xfc, 0x00, 0x00, 0x00, 0x06, 0xff, 0xff, 0xff, 0xf7, 0x00,
    0x02, 0xff, 0x1d, 0xf7, 0x00, 0x00, 0x00, 0x06, 0xff, 0xee, 0xef, 0xf7, 0x00, 0x00, 0xbf, 0x9f,
    0xf3, 0x00, 0x00, 0x00, 0x06, 0xfb, 0x00, 0x0c, 0xf7, 0x00, 0x00, 0x6f, 0xff, 0xb0, 0x00, 0x00,
    0x00, 0x06, 0xfb, 0x00, 0x0c, 0xf7, 0x00, 0x00, 0x1f, 0xff, 0x50, 0x00, 0x00, 0x00, 0x06, 0xfb,
    0x00, 0x0c, 0xfb, 0xa5, 0x00, 0x0c, 0xfe, 0x00, 0x00, 0x00, 0x00, 0x18, 0xfd, 0xac, 0xef, 0xff,
    0xf7, 0x00, 0x6f, 0xff, 0x60, 0x00, 0x00, 0x01, 0xff, 0xff, 0xff, 0xff, 0xfb, 0x62, 0x02, 0xef,
    0xff, 0xf3, 0x00, 0x00, 0x00, 0xcf, 0xdb, 0x85, 0x2c, 0xf7, 0x00, 0x1c, 0xfd, 0x2d, 0xfc, 0x10,
    0x00, 0x00, 0x21, 0x00, 0x00, 0x0c, 0xf7, 0x02, 0xdf, 0xf3, 0x04, 0xff, 0xd3, 0x00, 0x00, 0x00,
    0x00, 0x00, 0x0c, 0xf7, 0x3e, 0xff, 0x50, 0x00, 0x6f, 0xfe, 0x10, 0x00, 0x00, 0x00, 0x00, 0x0c,
    0xf7, 0x1d, 0xe4, 0x00, 0x00, 0x05, 0xf7, 0x00, 0x00, 0x00, 0x00, 0x00, 0x06, 0x84, 0x03, 0x30,
    0x00, 0x00, 0x00, 0x30, 0x00, 0x00, 0x00, 0x00, 0x00, 0x00, 0x00, 0x00, 0x00, 0x00, 0x00, 0x00,
    0x00, 0x00, 0x00, 0x00, 0x00, 0x00, 0x00, 0x00, 0x00, 0x00, 0x00, 0x00, 0x00, 0x00, 0x00, 0x00,
    0x00, 0x00, 0x00, 0x00, 0x46, 0x30, 0x00, 0x00, 0x00, 0x00, 0x00, 0x00, 0x00, 0x00, 0x00, 0x00,
    0x00, 0xbf, 0xc0, 0x00, 0x00, 0x00, 0x00, 0x00, 0x00, 0x00, 0x00, 0x00, 0x00, 0x00, 0xef, 0x80,
    0x00, 0x00, 0x00, 0x00, 0x00, 0x00, 0x00, 0x00, 0x00, 0x00, 0x03, 0xff, 0x40, 0x00, 0x00, 0x00,
    0x00, 0x00, 0x00, 0x00, 0x00, 0x00, 0x00, 0x07, 0xfe, 0x00, 0x00, 0x00, 0x00, 0x00, 0x00, 0x00,
    0x00, 0x8f, 0xff, 0xff, 0xff, 0xff, 0xff, 0xff, 0xff, 0xff, 0xff, 0xf9, 0x00, 0x00, 0x8f, 0xff,
    0xff, 0xff, 0xff, 0xff, 0xff, 0xff, 0xff, 0xff, 0xf9, 0x00, 0x00, 0x23, 0x33, 0x33, 0x9f, 0xe3,
    0x33, 0x33, 0x33, 0x33, 0x33, 0x32, 0x00, 0x00, 0x00, 0x00, 0x00, 0xdf, 0x80, 0x00, 0x00, 0x00,
    0x00, 0x00, 0x00, 0x00, 0x00, 0x00, 0x00, 0x05, 0xff, 0x20, 0x00, 0x00, 0x00, 0x00, 0x00, 0x00,
    0x00, 0x00, 0x00, 0x00, 0x0d, 0xfa, 0x00, 0x00, 0x00, 0x00, 0x00, 0x00, 0x00, 0x00, 0x00, 0x00,
    0x00, 0x7f, 0xf6, 0x33, 0x33, 0x33, 0x33, 0x33, 0x32, 0x00, 0x00, 0x00, 0x00, 0x02, 0xef, 0xff,
    0xff, 0xff, 0xff, 0xff, 0xff, 0xfd, 0x00, 0x00, 0x00, 0x00, 0x1c, 0xff, 0xff, 0xff, 0xff, 0xff,
    0xff, 0xff, 0xfd, 0x00, 0x00, 0x00, 0x00, 0xaf, 0xfe, 0xf9, 0x00, 0x00, 0x00, 0x00, 0x07, 0xfd,
    0x00, 0x00, 0x00, 0x0a, 0xff, 0x8a, 0xf9, 0x00, 0x00, 0x00, 0x00, 0x07, 0xfd, 0x00, 0x00, 0x01,
    0xcf, 0xfa, 0x0a, 0xf9, 0x00, 0x00, 0x00, 0x00, 0x07, 0xfd, 0x00, 0x00, 0x01, 0xdf, 0x90, 0x0a,
    0xf9, 0x00, 0x00, 0x00, 0x00, 0x07, 0xfd, 0x00, 0x00, 0x00, 0x27, 0x00, 0x0a, 0xf9, 0x00, 0x00,
    0x00, 0x00, 0x07, 0xfd, 0x00, 0x00, 0x00, 0x00, 0x00, 0x0a, 0xf9, 0x00, 0x00, 0x00, 0x00, 0x07,
    0xfd, 0x00, 0x00, 0x00, 0x00, 0x00, 0x0a, 0xff, 0xff, 0xff, 0xff, 0xff, 0xff, 0xfd, 0x00, 0x00,
    0x00, 0x00, 0x00, 0x0a, 0xff, 0xff, 0xff, 0xff, 0xff, 0xff, 0xfd, 0x00, 0x00, 0x00, 0x00, 0x00,
    0x0a, 0xfa, 0x33, 0x33, 0x33, 0x33, 0x39, 0xfd, 0x00, 0x00, 0x00, 0x00, 0x00, 0x06, 0x95, 0x00,
    0x00, 0x00, 0x00, 0x04, 0x76, 0x00, 0x00, 0x00, 0x00, 0x00, 0x00, 0x00, 0x00, 0x00, 0x00, 0x00,
    0x00, 0x00, 0x00, 0x00, 0x00, 0x00, 0x00, 0x00, 0x00, 0x00, 0x00, 0x00, 0x00, 0x00, 0x00, 0x00,
    0x00, 0x00, 0x00, 0x00, 0x00, 0x00, 0x00, 0x00, 0x00, 0x00, 0x01, 0x30, 0x00, 0x00, 0x00, 0x00,
    0x00, 0x00, 0x00, 0x00, 0x00, 0x14, 0x69, 0xcf, 0xf4, 0x00, 0x00, 0x00, 0x00, 0x01, 0x34, 0x67,
    0x9a, 0xce, 0xff, 0xff, 0xff, 0xfe, 0x20, 0x00, 0x00, 0x00, 0x8f, 0xff, 0xff, 0xff, 0xff, 0xff,
    0xec, 0xa7, 0x41, 0x00, 0x00, 0x00, 0x00, 0x8f, 0xfc, 0xba, 0x87, 0x64, 0x31, 0x00, 0x00, 0x00,
    0x00, 0x00, 0x00, 0x00, 0x8f, 0xc0, 0x00, 0x00, 0x00, 0x00, 0x00, 0x00, 0x00, 0x00, 0x00, 0x00,
    0x00, 0x8f, 0xc0, 0x00, 0x00, 0x00, 0x00, 0x00, 0x00, 0x00, 0x00, 0x00, 0x00, 0x00, 0x8f, 0xff,
    0xff, 0xff, 0xff, 0xff, 0xff, 0xff, 0xff, 0xff, 0x00, 0x00, 0x00, 0x8f, 0xff, 0xff, 0xff, 0xff,
    0xff, 0xff, 0xff, 0xff, 0xff, 0x00, 0x00, 0x00, 0x8f, 0xd3, 0x33, 0x33, 0x33, 0x33, 0x33, 0x33,
    0x33, 0x33, 0x00, 0x00, 0x00, 0x9f, 0xc0, 0x00, 0x00, 0x00, 0x00, 0x00, 0x00, 0x00, 0x00, 0x00,
    0x00, 0x00, 0x9f, 0xb0, 0x00, 0x00, 0x00, 0x00, 0x00, 0x00, 0x00, 0x00, 0x00, 0x00, 0x00, 0xaf,
    0xa0, 0x12, 0x22, 0x22, 0x22, 0x22, 0x22, 0x22, 0x10, 0x00, 0x00, 0x00, 0xbf, 0x90, 0x7f, 0xff,
    0xff, 0xff, 0xff, 0xff, 0xff, 0x50, 0x00, 0x00, 0x00, 0xdf, 0x70, 0x7f, 0xff, 0xff, 0xff, 0xff,
    0xff, 0xff, 0x50, 0x00, 0x00, 0x00, 0xef, 0x50, 0x7f, 0xc0, 0x00, 0x00, 0x00, 0x01, 0xff, 0x50,
    0x00, 0x00, 0x03, 0xff, 0x30, 0x7f, 0xc0, 0x00, 0x00, 0x00, 0x01, 0xff, 0x50, 0x00, 0x00, 0x07,
    0xfe, 0x00, 0x7f, 0xc0, 0x00, 0x00, 0x00, 0x01, 0xff, 0x50, 0x00, 0x00, 0x0b, 0xfa, 0x00, 0x7f,
    0xc0, 0x00, 0x00, 0x00, 0x01, 0xff, 0x50, 0x00, 0x00, 0x2f, 0xf6, 0x00, 0x7f, 0xc0, 0x00, 0x00,
    0x00, 0x01, 0xff, 0x50, 0x00, 0x00, 0xaf, 0xf2, 0x00, 0x7f, 0xff, 0xff, 0xff, 0xff, 0xff, 0xff,
    0x50, 0x00, 0x03, 0xff, 0x90, 0x00, 0x7f, 0xff, 0xff, 0xff, 0xff, 0xff, 0xff, 0x50, 0x00, 0x00,
    0x7f, 0x20, 0x00, 0x7f, 0xd2, 0x22, 0x22, 0x22, 0x23, 0xff, 0x50, 0x00, 0x00, 0x03, 0x00, 0x00,
    0x37, 0x60, 0x00, 0x00, 0x00, 0x00, 0x77, 0x20, 0x00, 0x00, 0x00, 0x00, 0x00, 0x00, 0x00, 0x00,
    0x00, 0x00, 0x00, 0x00, 0x00, 0x00, 0x00, 0x00, 0x00, 0x00, 0x00, 0x00, 0x00, 0x00, 0x00, 0x00,
    0x00, 0x00, 0x00, 0x00, 0x00, 0x00, 0x00, 0x00, 0x07, 0x64, 0x00, 0x00, 0x00, 0x00, 0x00, 0x00,
    0x00, 0x00, 0x00, 0x00, 0x00, 0x1f, 0xfd, 0x00, 0x00, 0x00, 0x00, 0x00, 0x00, 0x00, 0x00, 0x00,
    0x00, 0x00, 0x5f, 0xf6, 0x00, 0x00, 0x00, 0x00, 0x00, 0x00, 0x00, 0x00, 0x00, 0x00, 0x00, 0xaf,
    0xe1, 0x00, 0x00, 0x00, 0x00, 0x00, 0x00, 0x00, 0x03, 0x33, 0x33, 0x34, 0xff, 0xa3, 0x33, 0x33,
    0x33, 0x33, 0x30, 0x00, 0x00, 0x0c, 0xff, 0xff, 0xff, 0xff, 0xff, 0xff, 0xff, 0xff, 0xff, 0xd0,
    0x00, 0x00, 0x0c, 0xff, 0xff, 0xff, 0xff, 0xff, 0xff, 0xff, 0xff, 0xff, 0xd0, 0x00, 0x00, 0x0c,
    0xf7, 0x00, 0x00, 0x00, 0x00, 0x00, 0x00, 0x00, 0x6f, 0xd0, 0x00, 0x00, 0x0c, 0xf7, 0x00, 0x00,
    0x00, 0x00, 0x00, 0x00, 0x00, 0x6f, 0xd0, 0x00, 0x00, 0x0c, 0xf7, 0x00, 0x00, 0x00, 0x00, 0x00,
    0x00, 0x00, 0x6f, 0xd0, 0x00, 0x00, 0x0c, 0xf7, 0x00, 0xbf, 0xff, 0xff, 0xff, 0xfb, 0x00, 0x6f,
    0xd0, 0x00, 0x00, 0x0c, 0xf7, 0x00, 0xbf, 0xff, 0xff, 0xff, 0xfb, 0x00, 0x6f, 0xd0, 0x00, 0x00,
    0x0c, 0xf7, 0x00, 0xbf, 0x50, 0x00, 0x06, 0xfb, 0x00, 0x6f, 0xd0, 0x00, 0x00, 0x0c, 0xf7, 0x00,
    0xbf, 0x50, 0x00, 0x06, 0xfb, 0x00, 0x6f, 0xd0, 0x00, 0x00, 0x0c, 0xf7, 0x00, 0xbf, 0x50, 0x00,
    0x06, 0xfb, 0x00, 0x6f, 0xd0, 0x00, 0x00, 0x0c, 0xf7, 0x00, 0xbf, 0x50, 0x00, 0x06, 0xfb, 0x00,
    0x6f, 0xd0, 0x00, 0x00, 0x0c, 0xf7, 0x00, 0xbf, 0xff, 0xff, 0xff, 0xfb, 0x00, 0x6f, 0xd0, 0x00,
    0x00, 0x0c, 0xf7, 0x00, 0xbf, 0xff, 0xff, 0xff, 0xfb, 0x00, 0x6f, 0xd0, 0x00, 0x00, 0x0c, 0xf7,
    0x00, 0xbf, 0x50, 0x00, 0x00, 0x00, 0x00, 0x6f, 0xd0, 0x00, 0x00, 0x0c, 0xf7, 0x00, 0x9d, 0x50,
    0x00, 0x00, 0x00, 0x00, 0x6f, 0xd0, 0x00, 0x00, 0x0c, 0xf7, 0x00, 0x00, 0x00, 0x00, 0x00, 0x00,
    0x00, 0x7f, 0xc0, 0x00, 0x00, 0x0c, 0xf7, 0x00, 0x00, 0x00, 0x00, 0x00, 0x9f, 0xff, 0xff, 0xa0,
    0x00, 0x00, 0x0c, 0xf7, 0x00, 0x00, 0x00, 0x00, 0x00, 0x3f, 0xff, 0xfd, 0x30, 0x00, 0x00, 0x03,
    0x42, 0x00, 0x00, 0x00, 0x00, 0x00, 0x04, 0x43, 0x10, 0x00, 0x00, 0x00, 0x00, 0x00, 0x00, 0x00,
    0x00, 0x00, 0x00, 0x00, 0x00, 0x00, 0x00, 0x00, 0x00, 0x00, 0x00, 0x00, 0x00, 0x00, 0x00, 0x00,
    0x00, 0x00, 0x00, 0x00, 0x00, 0x00, 0x00, 0x00, 0x00, 0x00, 0x01, 0x55, 0x00, 0x00, 0x00, 0x00,
    0x00, 0x00, 0x00, 0x00, 0x00, 0x00, 0x00, 0x08, 0xfe, 0x10, 0x00, 0x00, 0x00, 0x00, 0x00, 0x00,
    0x00, 0x00, 0x00, 0x00, 0x02, 0xff, 0x70, 0x00, 0x00, 0x00, 0x00, 0x00, 0x00, 0x00, 0x00, 0x00,
    0x00, 0x00, 0xaf, 0xd0, 0x00, 0x00, 0x00, 0x00, 0x00, 0x00, 0x00, 0x6f, 0xff, 0xff, 0xff, 0xff,
    0xff, 0xff, 0xff, 0xff, 0x10, 0x00, 0x00, 0x00, 0x6f, 0xff, 0xff, 0xff, 0xff, 0xff, 0xff, 0xff,
    0xff, 0x10, 0x00, 0x00, 0x00, 0x6f, 0xe2, 0x22, 0x22, 0x22, 0x22, 0x22, 0x25, 0xff, 0x10, 0x00,
    0x00, 0x00, 0x6f, 0xe0, 0x00, 0x00, 0x00, 0x00, 0x00, 0x03, 0xff, 0x10, 0x00, 0x00, 0x00, 0x6f,
    0xe0, 0x00, 0x00, 0x00, 0x00, 0x00, 0x03, 0xff, 0x10, 0x00, 0x00, 0x00, 0x6f, 0xff, 0xff, 0xff,
    0xff, 0xff, 0xff, 0xff, 0xff, 0x10, 0x00, 0x00, 0x00, 0x6f, 0xff, 0xff, 0xff, 0xff, 0xff, 0xff,
    0xff, 0xff, 0x10, 0x00, 0x00, 0x00, 0x7f, 0xd2, 0x22, 0x22, 0x22, 0x22, 0x22, 0x22, 0x22, 0x00,
    0x00, 0x00, 0x00, 0x7f, 0xc0, 0x00, 0x00, 0x00, 0x00, 0x00, 0x00, 0x00, 0x00, 0x00, 0x00, 0x00,
    0x8f, 0xb0, 0x11, 0x11, 0x11, 0x11, 0x11, 0x11, 0x11, 0x10, 0x00, 0x00, 0x00, 0xaf, 0xa4, 0xff,
    0xff, 0xff, 0xff, 0xff, 0xff, 0xff, 0x80, 0x00, 0x00, 0x00, 0xbf, 0x84, 0xff, 0xff, 0xff, 0xff,
    0xff, 0xff, 0xff, 0x80, 0x00, 0x00, 0x00, 0xef, 0x64, 0xff, 0x00, 0x00, 0x00, 0x00, 0x00, 0xcf,
    0x80, 0x00, 0x00, 0x03, 0xff, 0x44, 0xff, 0x00, 0x00, 0x00, 0x00, 0x00, 0xcf, 0x80, 0x00, 0x00,
    0x07, 0xfe, 0x04, 0xff, 0x00, 0x00, 0x00, 0x00, 0x00, 0xcf, 0x80, 0x00, 0x00, 0x0c, 0xfa, 0x04,
    0xff, 0x11, 0x11, 0x11, 0x11, 0x11, 0xcf, 0x80, 0x00, 0x00, 0x6f, 0xf5, 0x04, 0xff, 0xff, 0xff,
    0xff, 0xff, 0xff, 0xff, 0x80, 0x00, 0x01, 0xdf, 0xd0, 0x04, 0xff, 0xff, 0xff, 0xff, 0xff, 0xff,
    0xff, 0x80, 0x00, 0x00, 0x9f, 0x40, 0x04, 0xff, 0x00, 0x00, 0x00, 0x00, 0x00, 0xcf, 0x80, 0x00,
    0x00, 0x05, 0x00, 0x02, 0x77, 0x00, 0x00, 0x00, 0x00, 0x00, 0x56, 0x30, 0x00, 0x00, 0x00, 0x00,
    0x00, 0x00, 0x00, 0x00, 0x00, 0x00, 0x00, 0x00, 0x00, 0x00, 0x00, 0x00, 0x00, 0x00, 0x00, 0x00,
    0x00, 0x00, 0x00, 0x00, 0x00, 0x00, 0x00, 0x00, 0x00, 0x00, 0x00, 0x00, 0x12, 0x00, 0x00, 0x00,
    0x00, 0x00, 0x00, 0x00, 0x00, 0x00, 0x00, 0x03, 0x7b, 0xfd, 0x10, 0x00, 0x00, 0x00, 0x00, 0x00,
    0x00, 0x00, 0x26, 0x9c, 0xef, 0xff, 0xfe, 0x61, 0x33, 0x33, 0x33, 0x33, 0x20, 0x00, 0x00, 0x7f,
    0xff, 0xff, 0xf8, 0x40, 0x07, 0xff, 0xff, 0xff, 0xff, 0xc0, 0x00, 0x00, 0x28, 0x64, 0x7f, 0xe0,
    0x00, 0x07, 0xff, 0xff, 0xff, 0xff, 0xc0, 0x00, 0x00, 0x00, 0x00, 0x5f, 0xe0, 0x00, 0x07, 0xfc,
    0x00, 0x00, 0x7f, 0xc0, 0x00, 0x00, 0x00, 0x00, 0x5f, 0xe0, 0x00, 0x07, 0xfc, 0x00, 0x00, 0x7f,
    0xc0, 0x00, 0x00, 0x12, 0x22, 0x6f, 0xe2, 0x22, 0x17, 0xfc, 0x00, 0x00, 0x7f, 0xc0, 0x00, 0x00,
    0xdf, 0xff, 0xff, 0xff, 0xff, 0xc7, 0xfc, 0x00, 0x00, 0x7f, 0xc0, 0x00, 0x00, 0xdf, 0xff, 0xff,
    0xff, 0xff, 0xc7, 0xfc, 0x00, 0x00, 0x7f, 0xc0, 0x00, 0x00, 0x00, 0x02, 0xff, 0xe1, 0x00, 0x07,
    0xfc, 0x00, 0x00, 0x7f, 0xc0, 0x00, 0x00, 0x00, 0x09, 0xff, 0xfb, 0x00, 0x07, 0xfc, 0x00, 0x00,
    0x7f, 0xc0, 0x00, 0x00, 0x00, 0x1e, 0xff, 0xff, 0xa0, 0x07, 0xfc, 0x00, 0x00, 0x7f, 0xc0, 0x00,
    0x00, 0x00, 0x7f, 0xef, 0xed, 0xf7, 0x07, 0xfc, 0x00, 0x00, 0x7f, 0xc0, 0x00, 0x00, 0x01, 0xef,
    0x7f, 0xe3, 0xff, 0x57, 0xfc, 0x00, 0x00, 0x7f, 0xc0, 0x00, 0x00, 0x09, 0xf9, 0x5f, 0xe0, 0x7f,
    0x87, 0xfc, 0x00, 0x00, 0x7f, 0xc0, 0x00, 0x00, 0x4f, 0xf2, 0x5f, 0xe0, 0x0a, 0x07, 0xfc, 0x00,
    0x00, 0x7f, 0xc0, 0x00, 0x02, 0xef, 0x90, 0x5f, 0xe0, 0x00, 0x07, 0xfc, 0x00, 0x00, 0x7f, 0xc0,
    0x00, 0x02, 0xfe, 0x10, 0x5f, 0xe0, 0x00, 0x07, 0xff, 0xff, 0xff, 0xff, 0xc0, 0x00, 0x00, 0x84,
    0x00, 0x5f, 0xe0, 0x00, 0x07, 0xff, 0xff, 0xff, 0xff, 0xc0, 0x00, 0x00, 0x00, 0x00, 0x5f, 0xe0,
    0x00, 0x07, 0xfc, 0x33, 0x33, 0x9f, 0xc0, 0x00, 0x00, 0x00, 0x00, 0x5f, 0xe0, 0x00, 0x07, 0xfc,
    0x00, 0x00, 0x7f, 0xc0, 0x00, 0x00, 0x00, 0x00, 0x5f, 0xe0, 0x00, 0x02, 0x54, 0x00, 0x00, 0x12,
    0x20, 0x00, 0x00, 0x00, 0x00, 0x38, 0x70, 0x00, 0x00, 0x00, 0x00, 0x00, 0x00, 0x00, 0x00, 0x00,
    0x00, 0x00, 0x00, 0x00, 0x00, 0x00, 0x00, 0x00, 0x00, 0x00, 0x00, 0x00, 0x00, 0x00, 0x00, 0x00,
    0x00, 0x00, 0x00, 0x00, 0x00, 0x00, 0x00, 0x00, 0x00, 0x00, 0x00, 0xee, 0xee, 0xee, 0xe9, 0x00,
    0xce, 0xee, 0xee, 0xee, 0x10, 0x00, 0x00, 0x00, 0xff, 0xff, 0xff, 0xfa, 0x00, 0xdf, 0xff, 0xff,
    0xff, 0x10, 0x00, 0x00, 0x00, 0xff, 0x00, 0x08, 0xfa, 0x00, 0xdf, 0x30, 0x01, 0xff, 0x10, 0x00,
    0x00, 0x00, 0xff, 0x00, 0x08, 0xfa, 0x00, 0xdf, 0x30, 0x01, 0xff, 0x10, 0x00, 0x00, 0x00, 0xff,
    0x00, 0x08, 0xfa, 0x00, 0xdf, 0x30, 0x01, 0xff, 0x10, 0x00, 0x00, 0x00, 0xff, 0xee, 0xef, 0xfa,
    0x00, 0xdf, 0xee, 0xee, 0xff, 0x10, 0x00, 0x00, 0x00, 0xff, 0xff, 0xff, 0xfa, 0x00, 0xdf, 0xff,
    0xff, 0xff, 0x10, 0x00, 0x00, 0x00, 0x00, 0x00, 0x00, 0x3f, 0xe3, 0x00, 0xce, 0x50, 0x00, 0x00,
    0x00, 0x00, 0x00, 0x00, 0x00, 0x00, 0xbf, 0xd0, 0x01, 0xbf, 0xfa, 0x00, 0x00, 0x00, 0x00, 0x00,
    0x00, 0x00, 0x03, 0xff, 0x60, 0x00, 0x06, 0xee, 0x20, 0x00, 0x00, 0x00, 0xcf, 0xff, 0xff, 0xff,
    0xff, 0xff, 0xff, 0xff, 0xff, 0xff, 0xfd, 0x00, 0x00, 0xcf, 0xff, 0xff, 0xff, 0xff, 0xff, 0xff,
    0xff, 0xff, 0xff, 0xfd, 0x00, 0x00, 0x00, 0x00, 0x3d, 0xfd, 0x20, 0x00, 0x09, 0xff, 0x70, 0x00,
    0x00, 0x00, 0x00, 0x00, 0x06, 0xff, 0xd2, 0x00, 0x00, 0x00, 0x8f, 0xfb, 0x20, 0x00, 0x00, 0x00,
    0x04, 0xcf, 0xfd, 0x10, 0x00, 0x00, 0x00, 0x07, 0xff, 0xe9, 0x30, 0x00, 0x02, 0xcf, 0xff, 0xff,
    0xff, 0xfa, 0x00, 0xcf, 0xff, 0xff, 0xff, 0xfd, 0x20, 0x00, 0xbf, 0xff, 0xff, 0xff, 0xfa, 0x00,
    0xcf, 0xff, 0xff, 0xff, 0xf9, 0x00, 0x00, 0x22, 0xff, 0x10, 0x08, 0xfa, 0x00, 0xcf, 0x40, 0x01,
    0xff, 0x41, 0x00, 0x00, 0x00, 0xff, 0x10, 0x08, 0xfa, 0x00, 0xcf, 0x40, 0x01, 0xff, 0x20, 0x00,
    0x00, 0x00, 0xff, 0x10, 0x08, 0xfa, 0x00, 0xcf, 0x40, 0x01, 0xff, 0x20, 0x00, 0x00, 0x00, 0xff,
    0xff, 0xff, 0xfa, 0x00, 0xcf, 0xff, 0xff, 0xff, 0x20, 0x00, 0x00, 0x00, 0xff, 0xff, 0xff, 0xfa,
    0x00, 0xcf, 0xff, 0xff, 0xff, 0x20, 0x00, 0x00, 0x00, 0x99, 0x10, 0x04, 0x75, 0x00, 0x89, 0x20,
    0x00, 0x77, 0x10, 0x00, 0x00, 0x00, 0x00, 0x00, 0x00, 0x00, 0x00, 0x00, 0x00, 0x00, 0x00, 0x00,
    0x00, 0x00, 0x00, 0x00, 0x00, 0x00, 0x00, 0x00, 0x00, 0x00, 0x00, 0x00, 0x00, 0x00, 0x00, 0x15,
    0x55, 0x55, 0x55, 0x55, 0x55, 0x55, 0x55, 0x55, 0x55, 0x51, 0x00, 0x00, 0x2f, 0xff, 0xff, 0xff,
    0xff, 0xff, 0xff, 0xff, 0xff, 0xff, 0xf3, 0x00, 0x00, 0x2f, 0xff, 0xff, 0xff, 0xff, 0xff, 0xff,
    0xff, 0xff, 0xff, 0xf3, 0x00, 0x00, 0x2f, 0xf3, 0x00, 0x00, 0x00, 0x00, 0x00, 0x00, 0x00, 0x4f,
    0xf3, 0x00, 0x00, 0x2f, 0xf3, 0x00, 0x00, 0x00, 0x00, 0x00, 0x00, 0x00, 0x4f, 0xf3, 0x00, 0x00,
    0x2f, 0xf3, 0x00, 0x00, 0x00, 0x00, 0x00, 0x00, 0x00, 0x4f, 0xf3, 0x00, 0x00, 0x2f, 0xf3, 0x00,
    0xdf, 0xff, 0xff, 0xff, 0xfb, 0x00, 0x4f, 0xf3, 0x00, 0x00, 0x2f, 0xf3, 0x00, 0xdf, 0xff, 0xff,
    0xff, 0xfb, 0x00, 0x4f, 0xf3, 0x00, 0x00, 0x2f, 0xf3, 0x00, 0xdf, 0x50, 0x00, 0x09, 0xfb, 0x00,
    0x4f, 0xf3, 0x00, 0x00, 0x2f, 0xf3, 0x00, 0xdf, 0x50, 0x00, 0x08, 0xfb, 0x00, 0x4f, 0xf3, 0x00,
    0x00, 0x2f, 0xf3, 0x00, 0xdf, 0x50, 0x00, 0x08, 0xfb, 0x00, 0x4f, 0xf3, 0x00, 0x00, 0x2f, 0xf3,
    0x00, 0xdf, 0x50, 0x00, 0x08, 0xfb, 0x00, 0x4f, 0xf3, 0x00, 0x00, 0x2f, 0xf3, 0x00, 0xdf, 0x50,
    0x00, 0x08, 0xfb, 0x00, 0x4f, 0xf3, 0x00, 0x00, 0x2f, 0xf3, 0x00, 0xdf, 0xff, 0xff, 0xff, 0xfb,
    0x00, 0x4f, 0xf3, 0x00, 0x00, 0x2f, 0xf3, 0x00, 0xdf, 0xff, 0xff, 0xff, 0xfb, 0x00, 0x4f, 0xf3,
    0x00, 0x00, 0x2f, 0xf3, 0x00, 0x00, 0x00, 0x00, 0x00, 0x00, 0x00, 0x4f, 0xf3, 0x00, 0x00, 0x2f,
    0xf3, 0x00, 0x00, 0x00, 0x00, 0x00, 0x00, 0x00, 0x4f, 0xf3, 0x00, 0x00, 0x2f, 0xf3, 0x00, 0x00,
    0x00, 0x00, 0x00, 0x00, 0x00, 0x4f, 0xf3, 0x00, 0x00, 0x2f, 0xf3, 0x00, 0x00, 0x00, 0x00, 0x00,
    0x00, 0x00, 0x4f, 0xf3, 0x00, 0x00, 0x2f, 0xff, 0xff, 0xff, 0xff, 0xff, 0xff, 0xff, 0xff, 0xff,
    0xf3, 0x00, 0x00, 0x2f, 0xff, 0xff, 0xff, 0xff, 0xff, 0xff, 0xff, 0xff, 0xff, 0xf3, 0x00, 0x00,
    0x2f, 0xf5, 0x22, 0x22, 0x22, 0x22, 0x22, 0x22, 0x22, 0x6f, 0xf3, 0x00, 0x00, 0x18, 0x81, 0x00,
    0x00, 0x00, 0x00, 0x00, 0x00, 0x00, 0x28, 0x81, 0x00, 0x00, 0x00, 0x00, 0x00, 0x00, 0x00, 0x00,
    0x00, 0x00, 0x00, 0x00, 0x00, 0x00, 0x00, 0x00, 0x00, 0x00, 0x00, 0x00, 0x00, 0x00, 0x00, 0x00,
    0x00, 0x00, 0x00, 0x00, 0x00, 0x00, 0x00, 0x00, 0x84, 0x10, 0x00, 0x00, 0x00, 0x00, 0x00, 0x00,
    0x00, 0x00, 0x00, 0x00, 0x03, 0xff, 0x50, 0x00, 0x00, 0x00, 0x00, 0x00, 0x00, 0x00, 0x00, 0x00,
    0x00, 0x08, 0xfe, 0x10, 0x00, 0x00, 0x00, 0x00, 0x00, 0x00, 0x00, 0x00, 0x00, 0x00, 0x0d, 0xfa,
    0x00, 0x00, 0x00, 0x00, 0x00, 0x00, 0x00, 0x00, 0x9f, 0xff, 0xff, 0xff, 0xff, 0xff, 0xff, 0xff,
    0xff, 0xff, 0xf9, 0x00, 0x00, 0x9f, 0xff, 0xff, 0xff, 0xff, 0xff, 0xff, 0xff, 0xff, 0xff, 0xf9,
    0x00, 0x00, 0x23, 0x33, 0x36, 0xff, 0x73, 0x33, 0x33, 0x33, 0x33, 0x33, 0x32, 0x00, 0x00, 0x00,
    0x00, 0x0c, 0xfc, 0x00, 0x00, 0x07, 0x95, 0x00, 0x00, 0x00, 0x00, 0x00, 0x00, 0x00, 0x6f, 0xf4,
    0x00, 0x00, 0x0c, 0xf7, 0x00, 0x00, 0x00, 0x00, 0x00, 0x00, 0x01, 0xef, 0xa0, 0x00, 0x00, 0x0c,
    0xf7, 0x00, 0x00, 0x00, 0x00, 0x00, 0x00, 0x0a, 0xff, 0x20, 0x00, 0x00, 0x0c, 0xf7, 0x00, 0x00,
    0x00, 0x00, 0x00, 0x00, 0x8f, 0xfb, 0x00, 0x00, 0x00, 0x0c, 0xf7, 0x00, 0x00, 0x00, 0x00, 0x00,
    0x07, 0xff, 0xfa, 0x00, 0xff, 0xff, 0xff, 0xff, 0xff, 0xff, 0xa0, 0x00, 0x00, 0xaf, 0xff, 0xfa,
    0x00, 0xff, 0xff, 0xff, 0xff, 0xff, 0xff, 0xa0, 0x00, 0x01, 0xef, 0xca, 0xfa, 0x00, 0x11, 0x11,
    0x1c, 0xf8, 0x11, 0x11, 0x10, 0x00, 0x00, 0x7b, 0x19, 0xfa, 0x00, 0x00, 0x00, 0x0c, 0xf7, 0x00,
    0x00, 0x00, 0x00, 0x00, 0x10, 0x09, 0xfa, 0x00, 0x00, 0x00, 0x0c, 0xf7, 0x00, 0x00, 0x00, 0x00,
    0x00, 0x00, 0x09, 0xfa, 0x00, 0x00, 0x00, 0x0c, 0xf7, 0x00, 0x00, 0x00, 0x00, 0x00, 0x00, 0x09,
    0xfa, 0x00, 0x00, 0x00, 0x0c, 0xf7, 0x00, 0x00, 0x00, 0x00, 0x00, 0x00, 0x09, 0xfa, 0x00, 0x00,
    0x00, 0x0c, 0xf7, 0x00, 0x00, 0x00, 0x00, 0x00, 0x00, 0x09, 0xfa, 0x01, 0x22, 0x22, 0x2c, 0xf8,
    0x22, 0x22, 0x21, 0x00, 0x00, 0x00, 0x09, 0xfa, 0x0e, 0xff, 0xff, 0xff, 0xff, 0xff, 0xff, 0xf9,
    0x00, 0x00, 0x00, 0x09, 0xfa, 0x0e, 0xff, 0xff, 0xff, 0xff, 0xff, 0xff, 0xf9, 0x00, 0x00, 0x00,
    0x06, 0x96, 0x00, 0x00, 0x00, 0x00, 0x00, 0x00, 0x00, 0x00, 0x00, 0x00, 0x00, 0x00, 0x00, 0x00,
    0x00, 0x00, 0x00, 0x00, 0x00, 0x00, 0x00, 0x00, 0x00, 0x00, 0x00, 0x00, 0x00, 0x00, 0x00, 0x00,
    0x00, 0x00, 0x00, 0x00, 0x00, 0x00, 0x00, 0x15, 0x50, 0x00, 0x00, 0x00, 0x00, 0x9a, 0x20, 0x00,
    0x00, 0x00, 0x00, 0x00, 0x2f, 0xf0, 0x00, 0x00, 0x00, 0x00, 0xef, 0x30, 0x00, 0x00, 0x00, 0x00,
    0x00, 0x2f, 0xf0, 0x00, 0x05, 0x62, 0x00, 0xef, 0x30, 0x00, 0x00, 0x00, 0x00, 0x00, 0x2f, 0xf0,
    0x00, 0x0c, 0xf6, 0x00, 0xef, 0x30, 0x00, 0x00, 0x00, 0x00, 0x00, 0x2f, 0xf0, 0x00, 0x0c, 0xf6,
    0x00, 0xef, 0x30, 0x07, 0x50, 0x00, 0x00, 0x00, 0x2f, 0xf0, 0x00, 0x0c, 0xf6, 0x00, 0xef, 0x47,
    0xdf, 0xf3, 0x00, 0x01, 0xff, 0xff, 0xff, 0xfa, 0x0c, 0xf6, 0x00, 0xef, 0xff, 0xff, 0xf2, 0x00,
    0x01, 0xff, 0xff, 0xff, 0xfa, 0x0c, 0xf6, 0x5c, 0xff, 0xfd, 0x6f, 0xf2, 0x00, 0x00, 0x22, 0x4f,
    0xf2, 0x21, 0x0c, 0xff, 0xff, 0xff, 0x60, 0x0f, 0xf2, 0x00, 0x00, 0x00, 0x2f, 0xf0, 0x01, 0x7e,
    0xff, 0xfb, 0xff, 0x30, 0x0f, 0xf2, 0x00, 0x00, 0x00, 0x2f, 0xf0, 0x2e, 0xff, 0xfc, 0x30, 0xef,
    0x30, 0x0f, 0xf2, 0x00, 0x00, 0x00, 0x2f, 0xf0, 0x0d, 0xff, 0xf6, 0x00, 0xef, 0x30, 0x0f, 0xf2,
    0x00, 0x00, 0x00, 0x2f, 0xf0, 0x05, 0x3c, 0xf6, 0x00, 0xef, 0x30, 0x1f, 0xf1, 0x00, 0x00, 0x00,
    0x2f, 0xf0, 0x00, 0x0c, 0xf6, 0x00, 0xef, 0x30, 0x1f, 0xf1, 0x00, 0x00, 0x00, 0x2f, 0xf3, 0x9a,
    0x0c, 0xf6, 0x00, 0xef, 0x30, 0x4f, 0xf0, 0x00, 0x00, 0x00, 0x2f, 0xff, 0xfe, 0x0c, 0xf6, 0x00,
    0xef, 0x4f, 0xff, 0xc0, 0x00, 0x00, 0x06, 0xcf, 0xff, 0xd6, 0x0c, 0xf6, 0x00, 0xef, 0x3b, 0xca,
    0x20, 0x00, 0x02, 0xef, 0xff, 0xd6, 0x00, 0x0c, 0xf6, 0x00, 0xde, 0x30, 0x00, 0x30, 0x00, 0x00,
    0xef, 0xd6, 0x00, 0x00, 0x0c, 0xf6, 0x00, 0x00, 0x00, 0x00, 0xcd, 0x20, 0x00, 0x76, 0x00, 0x00,
    0x00, 0x0c, 0xf6, 0x00, 0x00, 0x00, 0x00, 0xef, 0x20, 0x00, 0x00, 0x00, 0x00, 0x00, 0x0a, 0xfa,
    0x10, 0x00, 0x00, 0x06, 0xfe, 0x00, 0x00, 0x00, 0x00, 0x00, 0x00, 0x07, 0xff, 0xff, 0xff, 0xff,
    0xff, 0xf8, 0x00, 0x00, 0x00, 0x00, 0x00, 0x00, 0x00, 0x8e, 0xff, 0xff, 0xff, 0xfe, 0x91, 0x00,
    0x00, 0x00, 0x00, 0x00, 0x00, 0x00, 0x00, 0x01, 0x11, 0x11, 0x10, 0x00, 0x00, 0x00, 0x00, 0x00,
    0x00, 0x00, 0x00, 0x00, 0x00, 0x00, 0x00, 0x00, 0x00, 0x00, 0x00, 0x00, 0x00, 0x00, 0x00, 0x00,
    0x00, 0x00, 0x00, 0x00, 0x00, 0x00, 0x00, 0x00, 0x00, 0x23, 0x20, 0x00, 0x00, 0x00, 0x00, 0x19,
    0x90, 0x51, 0x00, 0x00, 0x00, 0x00, 0x7f, 0x90, 0x00, 0x00, 0x00, 0x00, 0x2f, 0xf6, 0xfd, 0x20,
    0x00, 0x00, 0x00, 0x7f, 0x90, 0x00, 0x00, 0x00, 0x00, 0x2f, 0xf0, 0x9f, 0xc1, 0x00, 0x00, 0x00,
    0x7f, 0x90, 0x00, 0x00, 0x00, 0x00, 0x1f, 0xf0, 0x0b, 0xd3, 0x00, 0x00, 0x00, 0x7f, 0x90, 0x05,
    0xff, 0xff, 0xff, 0xff, 0xff, 0xff, 0xfe, 0x00, 0x00, 0x00, 0x7f, 0x90, 0x05, 0xff, 0xff, 0xff,
    0xff, 0xff, 0xff, 0xfe, 0x00, 0x00, 0x11, 0x8f, 0xa1, 0x15, 0xfb, 0x11, 0x11, 0x1f, 0xf3, 0x11,
    0x11, 0x00, 0x00, 0xcf, 0xff, 0xff, 0xb5, 0xfb, 0x00, 0x00, 0x0e, 0xf2, 0x00, 0x00, 0x00, 0x00,
    0xcf, 0xff, 0xff, 0xb5, 0xfb, 0x00, 0x00, 0x0d, 0xf3, 0x02, 0x20, 0x00, 0x00, 0x00, 0x7f, 0x90,
    0x05, 0xfe, 0xdd, 0xdd, 0x2c, 0xf4, 0x0a, 0xf8, 0x00, 0x00, 0x00, 0x7f, 0x90, 0x05, 0xff, 0xff,
    0xff, 0x2b, 0xf5, 0x0e, 0xf4, 0x00, 0x00, 0x00, 0x7f, 0x90, 0x05, 0xfb, 0x00, 0xbf, 0x2a, 0xf7,
    0x4f, 0xe0, 0x00, 0x00, 0x00, 0x7f, 0x90, 0x06, 0xfb, 0x00, 0xcf, 0x29, 0xf8, 0x9f, 0xa0, 0x00,
    0x00, 0x00, 0x7f, 0x90, 0x06, 0xfa, 0x00, 0xcf, 0x27, 0xfa, 0xdf, 0x60, 0x00, 0x00, 0x00, 0x7f,
    0x90, 0x07, 0xfa, 0x00, 0xcf, 0x16, 0xfe, 0xfe, 0x10, 0x00, 0x00, 0x00, 0x7f, 0x90, 0x28, 0xf9,
    0x00, 0xdf, 0x14, 0xff, 0xf8, 0x00, 0x00, 0x00, 0x00, 0x7f, 0xcc, 0xea, 0xf7, 0x00, 0xef, 0x02,
    0xff, 0xf2, 0x00, 0x00, 0x00, 0x02, 0xaf, 0xff, 0xfd, 0xf5, 0x02, 0xfd, 0x00, 0xef, 0xa0, 0x10,
    0x00, 0x00, 0xcf, 0xff, 0xfa, 0x5f, 0xf5, 0xff, 0xfb, 0x07, 0xff, 0x70, 0x4c, 0x20, 0x00, 0xcf,
    0xc7, 0x20, 0x6f, 0xc0, 0xcc, 0xa2, 0x6f, 0xff, 0xb0, 0x5f, 0x40, 0x00, 0x32, 0x00, 0x00, 0xcf,
    0x70, 0x00, 0x18, 0xff, 0x8e, 0xf5, 0x9f, 0x20, 0x00, 0x00, 0x00, 0x09, 0xfe, 0x10, 0x03, 0xdf,
    0xe5, 0x08, 0xff, 0xfd, 0x00, 0x00, 0x00, 0x00, 0x06, 0xf5, 0x00, 0x01, 0xbe, 0x30, 0x00, 0x9f,
    0xe4, 0x00, 0x00, 0x00, 0x00, 0x00, 0x30, 0x00, 0x00, 0x12, 0x00, 0x00, 0x01, 0x00, 0x00, 0x00,
    0x00, 0x00, 0x00, 0x00, 0x00, 0x00, 0x00, 0x00, 0x00, 0x00, 0x00, 0x00, 0x00, 0x00, 0x00, 0x00,
    0x00, 0x00, 0x00, 0x00, 0x00, 0x00, 0x00, 0x00, 0x00, 0x00, 0x00, 0x00, 0x00, 0x00, 0x02, 0xbb,
    0x10, 0x00, 0x00, 0x00, 0x00, 0x00, 0x00, 0x00, 0x00, 0x00, 0x00, 0x03, 0xff, 0x10, 0x00, 0x00,
    0x00, 0x00, 0x00, 0x00, 0x6e, 0xee, 0xee, 0xee, 0xee, 0xff, 0xee, 0xee, 0xee, 0xee, 0xe5, 0x00,
    0x00, 0x6f, 0xff, 0xff, 0xff, 0xff, 0xff, 0xff, 0xff, 0xff, 0xff, 0xf6, 0x00, 0x00, 0x00, 0x00,
    0x00, 0x00, 0x03, 0xff, 0x10, 0x00, 0x00, 0x00, 0x00, 0x00, 0x00, 0x00, 0x00, 0x00, 0x00, 0x03,
    0xff, 0x10, 0x00, 0x00, 0x00, 0x00, 0x00, 0x00, 0x00, 0xde, 0xee, 0xee, 0xee, 0xff, 0xee, 0xee,
    0xee, 0xee, 0x50, 0x00, 0x00, 0x00, 0xef, 0xff, 0xff, 0xff, 0xff, 0xff, 0xff, 0xff, 0xff, 0x50,
    0x00, 0x00, 0x00, 0x00, 0x00, 0x00, 0x00, 0x00, 0x00, 0x00, 0x00, 0x00, 0x00, 0x00, 0x00, 0x00,
    0x00, 0x00, 0x00, 0x00, 0x00, 0x00, 0x00, 0x00, 0x00, 0x00, 0x00, 0x00, 0x00, 0x6d, 0xdd, 0xdd,
    0xdd, 0xdd, 0xdd, 0xdd, 0xdd, 0xdb, 0x00, 0x00, 0x00, 0x00, 0x7f, 0xff, 0xff, 0xff, 0xff, 0xff,
    0xff, 0xff, 0xfd, 0x00, 0x00, 0x00, 0x00, 0x7f, 0xc0, 0x00, 0x02, 0xff, 0x10, 0x00, 0x06, 0xfd,
    0x00, 0x00, 0x00, 0x00, 0x7f, 0xb0, 0x00, 0x02, 0xff, 0x10, 0x00, 0x06, 0xfd, 0x00, 0x00, 0x00,
    0x00, 0x8f, 0xb0, 0x00, 0x02, 0xff, 0x10, 0x00, 0x06, 0xfd, 0x00, 0x00, 0x00, 0x00, 0x9f, 0xfe,
    0xee, 0xee, 0xff, 0xee, 0xee, 0xee, 0xfd, 0x00, 0x00, 0x00, 0x00, 0xcf, 0xff, 0xff, 0xff, 0xff,
    0xff, 0xff, 0xff, 0xfd, 0x00, 0x00, 0x00, 0x01, 0xef, 0x40, 0x00, 0x00, 0x00, 0x00, 0x00, 0x06,
    0xfd, 0x00, 0x00, 0x00, 0x06, 0xfe, 0x00, 0x00, 0x00, 0x00, 0x00, 0x00, 0x02, 0x65, 0x00, 0x00,
    0x00, 0x0c, 0xfa, 0x00, 0x00, 0x00, 0x00, 0x00, 0x00, 0x00, 0x00, 0x00, 0x00, 0x00, 0x6f, 0xf5,
    0x00, 0x00, 0x00, 0x00, 0x00, 0x00, 0x00, 0x00, 0x00, 0x00, 0x02, 0xef, 0xd0, 0x00, 0x00, 0x00,
    0x00, 0x00, 0x00, 0x00, 0x00, 0x00, 0x00, 0x01, 0xbf, 0x40, 0x00, 0x00, 0x00, 0x00, 0x00, 0x00,
    0x00, 0x00, 0x00, 0x00, 0x00, 0x15, 0x00, 0x00, 0x00, 0x00, 0x00, 0x00, 0x00, 0x00, 0x00, 0x00,
    0x00, 0x00, 0x00, 0x00, 0x00, 0x00, 0x00, 0x00, 0x00, 0x00, 0x00, 0x00, 0x00, 0x00, 0x00, 0x00,
    0x00, 0x00, 0x00, 0x00, 0x00, 0x00, 0x00, 0x00, 0x00, 0x00, 0x00, 0x00, 0x00, 0x00, 0x00, 0x03,
    0x52, 0x00, 0x00, 0x00, 0x00, 0x00, 0x00, 0x00, 0x00, 0x00, 0x00, 0x00, 0x0d, 0xfd, 0x00, 0x00,
    0x00, 0x00, 0x00, 0x00, 0x00, 0x00, 0x00, 0x00, 0x00, 0x9f, 0xf5, 0x00, 0x00, 0x00, 0x00, 0x00,
    0x00, 0x00, 0x00, 0x00, 0x00, 0x07, 0xff, 0xff, 0xff, 0xff, 0xff, 0xfd, 0x40, 0x00, 0x00, 0x00,
    0x00, 0x00, 0x8f, 0xff, 0xff, 0xff, 0xff, 0xff, 0xfe, 0x20, 0x00, 0x00, 0x00, 0x00, 0x2b, 0xff,
    0xf7, 0x00, 0x00, 0x00, 0x9f, 0xf4, 0x00, 0x00, 0x00, 0x00, 0x18, 0xff, 0xfc, 0xff, 0x91, 0x00,
    0x2b, 0xff, 0x70, 0x00, 0x00, 0x00, 0x00, 0x1b, 0xfc, 0x30, 0x7f, 0xfd, 0x57, 0xef, 0xe5, 0x00,
    0x00, 0x00, 0x00, 0x00, 0x01, 0x60, 0x00, 0x04, 0xdf, 0xff, 0xfd, 0x20, 0x00, 0x00, 0x00, 0x00,
    0x00, 0x00, 0x00, 0x01, 0x6b, 0xff, 0xff, 0xff, 0xc7, 0x30, 0x00, 0x00, 0x00, 0x00, 0x03, 0x58,
    0xcf, 0xff, 0xfc, 0x77, 0xcf, 0xff, 0xfe, 0xb9, 0x64, 0x10, 0x03, 0xff, 0xff, 0xff, 0xe9, 0x30,
    0x00, 0x03, 0x8d, 0xff, 0xff, 0xfe, 0x20, 0x00, 0xbf, 0xeb, 0x84, 0x00, 0x00, 0x00, 0x00, 0x00,
    0x25, 0x8b, 0xe6, 0x00, 0x00, 0x23, 0x2f, 0xff, 0xff, 0xff, 0xff, 0xff, 0xff, 0xff, 0xf0, 0x00,
    0x00, 0x00, 0x00, 0x2f, 0xff, 0xff, 0xff, 0xff, 0xff, 0xff, 0xff, 0xf0, 0x00, 0x00, 0x00, 0x00,
    0x2f, 0xf3, 0x00, 0x04, 0xff, 0x10, 0x00, 0x7f, 0xf0, 0x00, 0x00, 0x00, 0x00, 0x2f, 0xf3, 0x00,
    0x04, 0xff, 0x10, 0x00, 0x7f, 0xf0, 0x00, 0x00, 0x00, 0x00, 0x2f, 0xff, 0xff, 0xff, 0xff, 0xff,
    0xff, 0xff, 0xf0, 0x00, 0x00, 0x00, 0x00, 0x2f, 0xfd, 0xcc, 0xcd, 0xff, 0xcc, 0xcc, 0xef, 0xf0,
    0x00, 0x00, 0x00, 0x00, 0x2f, 0xf3, 0x00, 0x04, 0xff, 0x10, 0x00, 0x7f, 0xf0, 0x00, 0x00, 0x00,
    0x00, 0x2f, 0xf3, 0x00, 0x04, 0xff, 0x10, 0x00, 0x7f, 0xf0, 0x00, 0x00, 0x00, 0x00, 0x2f, 0xff,
    0xff, 0xff, 0xff, 0xff, 0xff, 0xff, 0xf0, 0x00, 0x00, 0x00, 0x00, 0x2f, 0xff, 0xff, 0xff, 0xff,
    0xff, 0xff, 0xff, 0xf0, 0x00, 0x00, 0x00, 0x00, 0x1a, 0xa2, 0x00, 0x00, 0x00, 0x00, 0x00, 0x5a,
    0xa0, 0x00, 0x00, 0x00, 0x00, 0x00, 0x00, 0x00, 0x00, 0x00, 0x00, 0x00, 0x00, 0x00, 0x00, 0x00,
    0x00, 0x00, 0x00, 0x00, 0x00, 0x00, 0x00, 0x00, 0x00, 0x00, 0x00, 0x00, 0x00, 0x00, 0x00, 0x00,
    0x05, 0x10, 0x00, 0x00, 0x00, 0x00, 0x00, 0x00, 0x00, 0x00, 0x00, 0x00, 0x00, 0x5f, 0xe1, 0x00,
    0x00, 0x00, 0x00, 0x00, 0x00, 0x00, 0x00, 0x00, 0x00, 0x01, 0xdf, 0x90, 0x00, 0x00, 0x00, 0x00,
    0x00, 0x00, 0x00, 0x00, 0x00, 0x00, 0x0a, 0xff, 0xff, 0xff, 0xff, 0xff, 0xff, 0xff, 0xff, 0xd0,
    0x00, 0x00, 0x00, 0x8f, 0xfd, 0xdd, 0xdd, 0xdd, 0xdd, 0xdd, 0xdd, 0xdd, 0xb0, 0x00, 0x00, 0x19,
    0xff, 0x60, 0x00, 0x00, 0x00, 0x00, 0x00, 0x00, 0x00, 0x00, 0x00, 0x00, 0xaf, 0xf6, 0xff, 0xff,
    0xff, 0xff, 0xff, 0xff, 0xff, 0xf3, 0x00, 0x00, 0x00, 0x2e, 0x51, 0xff, 0xa8, 0x88, 0x88, 0x88,
    0x88, 0xaf, 0xf3, 0x00, 0x00, 0x00, 0x01, 0x01, 0xff, 0x30, 0x00, 0x00, 0x00, 0x00, 0x3f, 0xf3,
    0x00, 0x00, 0x00, 0x00, 0x01, 0xff, 0xff, 0xff, 0xff, 0xff, 0xff, 0xff, 0xf3, 0x00, 0x00, 0x00,
    0x00, 0x01, 0xff, 0x97, 0x77, 0x77, 0x77, 0x77, 0x9f, 0xf3, 0x00, 0x00, 0x00, 0x00, 0x01, 0xff,
    0x30, 0x00, 0x00, 0x00, 0x00, 0x3f, 0xf3, 0x00, 0x00, 0x00, 0x00, 0x01, 0xff, 0xff, 0xff, 0xff,
    0xff, 0xff, 0xff, 0xf3, 0x00, 0x00, 0x00, 0x00, 0x00, 0x99, 0xdf, 0xe9, 0x99, 0x99, 0x99, 0x99,
    0x92, 0x00, 0x00, 0x00, 0x00, 0x00, 0x05, 0xff, 0x60, 0x00, 0x00, 0x00, 0x00, 0x00, 0x00, 0x00,
    0x00, 0x00, 0x00, 0x5f, 0xff, 0xff, 0xff, 0xff, 0xff, 0xfe, 0x60, 0x00, 0x00, 0x00, 0x00, 0x18,
    0xff, 0xfb, 0xaa, 0xaa, 0xaa, 0xae, 0xff, 0x40, 0x00, 0x00, 0x00, 0x04, 0xdf, 0xfa, 0xfd, 0x40,
    0x00, 0x02, 0xbf, 0xf5, 0x00, 0x00, 0x00, 0x00, 0x04, 0xec, 0x30, 0x4e, 0xfb, 0x42, 0x9e, 0xfd,
    0x40, 0x00, 0x00, 0x00, 0x00, 0x00, 0x20, 0x00, 0x01, 0xcf, 0xff, 0xff, 0x80, 0x00, 0x00, 0x00,
    0x00, 0x00, 0x00, 0x13, 0x58, 0xbe, 0xff, 0xff, 0xff, 0xec, 0x96, 0x53, 0x21, 0x00, 0x01, 0xdf,
    0xff, 0xff, 0xff, 0xb7, 0x32, 0x6a, 0xef, 0xff, 0xff, 0xfd, 0x10, 0x00, 0xbf, 0xfc, 0xa8, 0x51,
    0x00, 0x00, 0x00, 0x03, 0x68, 0xac, 0xe4, 0x00, 0x00, 0x22, 0x00, 0x00, 0x00, 0x00, 0x00, 0x00,
    0x00, 0x00, 0x00, 0x00, 0x00, 0x00, 0x00, 0x00, 0x00, 0x00, 0x00, 0x00, 0x00, 0x00, 0x00, 0x00,
    0x00, 0x00, 0x00, 0x00, 0x00, 0x00, 0x00, 0x00, 0x00, 0x00, 0x00, 0x00, 0x00, 0x00, 0x00, 0x00,
    0x00, 0x00, 0x00, 0x00, 0x04, 0x51, 0x00, 0x00, 0x00, 0x00, 0x00, 0x00, 0x00, 0x00, 0x00, 0x00,
    0x00, 0x2e, 0xfd, 0x10, 0x00, 0x00, 0x00, 0x00, 0x00, 0x00, 0x00, 0x00, 0x00, 0x02, 0xdf, 0xe3,
    0x00, 0x00, 0x10, 0x00, 0x00, 0x00, 0x00, 0x00, 0x00, 0x00, 0x4e, 0xff, 0xff, 0xff, 0xff, 0xfb,
    0x20, 0x00, 0x00, 0x00, 0x00, 0x00, 0x18, 0xff, 0xff, 0xff, 0xff, 0xff, 0xfd, 0x10, 0x00, 0x00,
    0x00, 0x00, 0x05, 0xdf, 0xf9, 0x10, 0x00, 0x00, 0xaf, 0xf4, 0x00, 0x00, 0x00, 0x00, 0x03, 0xdf,
    0xfe, 0x54, 0x00, 0x00, 0x0a, 0xff, 0x60, 0x00, 0x00, 0x00, 0x00, 0x00, 0xbf, 0x81, 0xaf, 0xc2,
    0x03, 0xcf, 0xf7, 0x00, 0x00, 0x00, 0x00, 0x00, 0x00, 0x12, 0x00, 0x3d, 0xfe, 0x9f, 0xfe, 0x40,
    0x00, 0x00, 0x00, 0x00, 0x00, 0x00, 0x00, 0x00, 0x02, 0xef, 0xff, 0xb4, 0x30, 0x00, 0x00, 0x00,
    0x00, 0x00, 0x00, 0x00, 0x04, 0xaf, 0xff, 0xe6, 0x3e, 0xfc, 0x00, 0x00, 0x00, 0x00, 0x00, 0x03,
    0x7a, 0xef, 0xff, 0xc6, 0x03, 0xdf, 0xe2, 0x00, 0x01, 0x10, 0x00, 0x00, 0x1e, 0xff, 0xfe, 0xa4,
    0x00, 0x5e, 0xff, 0xff, 0xff, 0xff, 0xe5, 0x00, 0x00, 0x06, 0xc8, 0x40, 0x00, 0x19, 0xff, 0xff,
    0xff, 0xff, 0xff, 0xf5, 0x00, 0x00, 0x00, 0x00, 0x00, 0x07, 0xef, 0xf8, 0x00, 0x00, 0x03, 0xef,
    0xb0, 0x00, 0x00, 0x00, 0x00, 0x28, 0xef, 0xfc, 0x30, 0x00, 0x00, 0x2d, 0xfe, 0x20, 0x00, 0x00,
    0x00, 0x02, 0xef, 0xfd, 0x64, 0xcc, 0x10, 0x03, 0xdf, 0xf4, 0x00, 0x00, 0x00, 0x00, 0x00, 0x5c,
    0x50, 0x04, 0xef, 0xe4, 0x7f, 0xfe, 0x50, 0x00, 0x00, 0x00, 0x00, 0x00, 0x00, 0x00, 0x00, 0x2d,
    0xff, 0xff, 0xd3, 0x00, 0x00, 0x00, 0x00, 0x00, 0x00, 0x00, 0x00, 0x04, 0x9d, 0xff, 0xf8, 0x10,
    0x00, 0x00, 0x00, 0x00, 0x00, 0x00, 0x13, 0x6a, 0xef, 0xff, 0xfa, 0x20, 0x00, 0x00, 0x00, 0x00,
    0x00, 0x3a, 0xce, 0xff, 0xff, 0xff, 0xd7, 0x10, 0x00, 0x00, 0x00, 0x00, 0x00, 0x00, 0x0e, 0xff,
    0xff, 0xda, 0x62, 0x00, 0x00, 0x00, 0x00, 0x00, 0x00, 0x00, 0x00, 0x06, 0x85, 0x30, 0x00, 0x00,
    0x00, 0x00, 0x00, 0x00, 0x00, 0x00, 0x00, 0x00, 0x00, 0x00, 0x00, 0x00, 0x00, 0x00, 0x00, 0x00,
    0x00, 0x00, 0x00, 0x00, 0x00, 0x00, 0x00, 0x00, 0x00, 0x00, 0x00, 0x00, 0x00, 0x00, 0x00, 0x00,
    0x00, 0x00, 0x00, 0x00, 0x00, 0x00, 0x02, 0x88, 0x20, 0x00, 0x00, 0x00, 0x00, 0x00, 0x00, 0x00,
    0x00, 0x00, 0x00, 0x04, 0xff, 0x30, 0x00, 0x00, 0x00, 0x00, 0x00, 0x00, 0x00, 0x00, 0x00, 0x00,
    0x04, 0xff, 0x30, 0x00, 0x00, 0x00, 0x00, 0x00, 0x00, 0x00, 0x00, 0x00, 0x00, 0x04, 0xff, 0x20,
    0x00, 0x00, 0x00, 0x00, 0x00, 0x00, 0x00, 0x00, 0x00, 0x00, 0x05, 0xff, 0x10, 0x00, 0x00, 0x00,
    0x00, 0x00, 0x00, 0x00, 0x00, 0x00, 0x00, 0x06, 0xff, 0x00, 0x00, 0x00, 0x00, 0x00, 0x00, 0x00,
    0x00, 0x00, 0x00, 0x00, 0x07, 0xfe, 0x00, 0x00, 0x00, 0x00, 0x00, 0x00, 0x00, 0x35, 0x55, 0x55,
    0x55, 0x5a, 0xfe, 0x55, 0x55, 0x55, 0x55, 0x53, 0x00, 0x00, 0x8f, 0xff, 0xff, 0xff, 0xff, 0xff,
    0xff, 0xff, 0xff, 0xff, 0xfa, 0x00, 0x00, 0x8f, 0xff, 0xff, 0xff, 0xff, 0xff, 0xff, 0xff, 0xff,
    0xff, 0xfa, 0x00, 0x00, 0x00, 0x00, 0x00, 0x00, 0x2f, 0xff, 0xe1, 0x00, 0x00, 0x00, 0x00, 0x00,
    0x00, 0x00, 0x00, 0x00, 0x00, 0x6f, 0xff, 0xf6, 0x00, 0x00, 0x00, 0x00, 0x00, 0x00, 0x00, 0x00,
    0x00, 0x00, 0xbf, 0xdc, 0xfc, 0x00, 0x00, 0x00, 0x00, 0x00, 0x00, 0x00, 0x00, 0x00, 0x01, 0xff,
    0x85, 0xff, 0x30, 0x00, 0x00, 0x00, 0x00, 0x00, 0x00, 0x00, 0x00, 0x09, 0xff, 0x30, 0xdf, 0xc0,
    0x00, 0x00, 0x00, 0x00, 0x00, 0x00, 0x00, 0x00, 0x2f, 0xfb, 0x00, 0x7f, 0xf7, 0x00, 0x00, 0x00,
    0x00, 0x00, 0x00, 0x00, 0x00, 0xbf, 0xf3, 0x00, 0x0d, 0xfe, 0x20, 0x00, 0x00, 0x00, 0x00, 0x00,
    0x00, 0x07, 0xff, 0x90, 0x00, 0x04, 0xff, 0xd1, 0x00, 0x00, 0x00, 0x00, 0x00, 0x00, 0x6f, 0xfd,
    0x10, 0x00, 0x00, 0x9f, 0xfd, 0x10, 0x00, 0x00, 0x00, 0x00, 0x08, 0xff, 0xd2, 0x00, 0x00, 0x00,
    0x0b, 0xff, 0xd3, 0x00, 0x00, 0x00, 0x03, 0xcf, 0xfe, 0x20, 0x00, 0x00, 0x00, 0x01, 0xbf, 0xff,
    0x91, 0x00, 0x00, 0x9f, 0xff, 0xc2, 0x00, 0x00, 0x00, 0x00, 0x00, 0x1a, 0xff, 0xfc, 0x00, 0x00,
    0x3e, 0xf8, 0x00, 0x00, 0x00, 0x00, 0x00, 0x00, 0x00, 0x5e, 0xe2, 0x00, 0x00, 0x04, 0x20, 0x00,
    0x00, 0x00, 0x00, 0x00, 0x00, 0x00, 0x01, 0x40, 0x00, 0x00, 0x00, 0x00, 0x00, 0x00, 0x00, 0x00,
    0x00, 0x00, 0x00, 0x00, 0x00, 0x00, 0x00, 0x00, 0x00, 0x00, 0x00, 0x00, 0x00, 0x00, 0x00, 0x00,
    0x00, 0x00, 0x00, 0x00, 0x09, 0xff, 0xff, 0xff, 0xff, 0xff, 0xff, 0xff, 0xff, 0xff, 0x70, 0x00,
    0x00, 0x09, 0xff, 0xff, 0xff, 0xff, 0xff, 0xff, 0xff, 0xff, 0xff, 0x70, 0x00, 0x00, 0x03, 0x55,
    0x55, 0x55, 0x59, 0xff, 0x55, 0x55, 0x55, 0x55, 0x20, 0x00, 0x00, 0x00, 0x00, 0x00, 0x00, 0x06,
    0xff, 0x00, 0x00, 0x00, 0x00, 0x00, 0x00, 0x00, 0x00, 0x00, 0x00, 0x00, 0x06, 0xff, 0x00, 0x00,
    0x00, 0x00, 0x00, 0x00, 0x00, 0x00, 0x00, 0x00, 0x00, 0x06, 0xff, 0x00, 0x00, 0x00, 0x00, 0x00,
    0x00, 0x00, 0x00, 0x00, 0x00, 0x00, 0x06, 0xfe, 0x00, 0x00, 0x00, 0x00, 0x00, 0x00, 0x00, 0x00,
    0x00, 0x00, 0x00, 0x07, 0xfe, 0x00, 0x00, 0x00, 0x00, 0x00, 0x00, 0x00, 0x7f, 0xff, 0xff, 0xff,
    0xff, 0xff, 0xff, 0xff, 0xff, 0xff, 0xf7, 0x00, 0x00, 0x7f, 0xff, 0xff, 0xff, 0xff, 0xff, 0xff,
    0xff, 0xff, 0xff, 0xf7, 0x00, 0x00, 0x25, 0x55, 0x55, 0x55, 0x6f, 0xff, 0xd5, 0x55, 0x55, 0x55,
    0x52, 0x00, 0x00, 0x00, 0x00, 0x00, 0x00, 0x6f, 0xff, 0xf3, 0x00, 0x00, 0x00, 0x00, 0x00, 0x00,
    0x00, 0x00, 0x00, 0x00, 0xcf, 0xdc, 0xfb, 0x00, 0x00, 0x00, 0x00, 0x00, 0x00, 0x00, 0x00, 0x00,
    0x06, 0xff, 0x74, 0xff, 0x40, 0x00, 0x00, 0x00, 0x00, 0x00, 0x00, 0x00, 0x00, 0x2e, 0xfe, 0x10,
    0xbf, 0xe2, 0x00, 0x00, 0x00, 0x00, 0x00, 0x00, 0x00, 0x01, 0xcf, 0xf4, 0x00, 0x3e, 0xfd, 0x10,
    0x00, 0x00, 0x00, 0x00, 0x00, 0x00, 0x2c, 0xff, 0x80, 0x00, 0x05, 0xff, 0xd3, 0x00, 0x00, 0x00,
    0x00, 0x00, 0x05, 0xef, 0xf9, 0x00, 0x00, 0x00, 0x7f, 0xff, 0x60, 0x00, 0x00, 0x00, 0x03, 0xbf,
    0xff, 0x70, 0x00, 0x00, 0x00, 0x07, 0xff, 0xfc, 0x61, 0x00, 0x00, 0xbf, 0xff, 0xd4, 0x00, 0x00,
    0x00, 0x00, 0x00, 0x3d, 0xff, 0xfe, 0x10, 0x00, 0x5f, 0xe8, 0x10, 0x00, 0x00, 0x00, 0x00, 0x00,
    0x01, 0x7d, 0xf6, 0x00, 0x00, 0x05, 0x10, 0x00, 0x00, 0x00, 0x00, 0x00, 0x00, 0x00, 0x00, 0x50,
    0x00, 0x00, 0x00, 0x00, 0x00, 0x00, 0x00, 0x00, 0x00, 0x00, 0x00, 0x00, 0x00, 0x00, 0x00, 0x00,
    0x00, 0x00, 0x00, 0x00, 0x00, 0x00, 0x00, 0x00, 0x00, 0x00, 0x00, 0x00, 0x00, 0x00, 0x20, 0x00,
    0x03, 0x99, 0x10, 0x00, 0x00, 0x00, 0x00, 0x00, 0x00, 0x00, 0x00, 0xee, 0x70, 0x04, 0xff, 0x10,
    0x00, 0x00, 0x00, 0x00, 0x00, 0x00, 0x00, 0x04, 0xff, 0x50, 0x04, 0xff, 0x10, 0x00, 0x00, 0x00,
    0x00, 0x00, 0x00, 0x00, 0x09, 0xff, 0x10, 0x04, 0xff, 0x10, 0x00, 0x00, 0x00, 0x00, 0x00, 0x00,
    0x00, 0x0e, 0xfc, 0x44, 0x48, 0xff, 0x54, 0x44, 0x44, 0x43, 0x00, 0x00, 0x00, 0x00, 0x5f, 0xff,
    0xff, 0xff, 0xff, 0xff, 0xff, 0xff, 0xfb, 0x00, 0x00, 0x00, 0x00, 0xdf, 0xff, 0xff, 0xff, 0xff,
    0xff, 0xff, 0xff, 0xfb, 0x00, 0x00, 0x00, 0x06, 0xff, 0x50, 0x00, 0x04, 0xff, 0x10, 0x00, 0x00,
    0x00, 0x00, 0x00, 0x00, 0x2e, 0xfc, 0x00, 0x00, 0x05, 0xff, 0x10, 0x00, 0x00, 0x00, 0x00, 0x00,
    0x00, 0x7f, 0xf4, 0x00, 0x00, 0x06, 0xff, 0x00, 0x00, 0x00, 0x00, 0x00, 0x00, 0x00, 0x03, 0x70,
    0x00, 0x00, 0x07, 0xff, 0x00, 0x00, 0x00, 0x00, 0x00, 0x00, 0x00, 0x34, 0x44, 0x44, 0x44, 0x49,
    0xfe, 0x44, 0x44, 0x44, 0x44, 0x43, 0x00, 0x00, 0xcf, 0xff, 0xff, 0xff, 0xff, 0xff, 0xff, 0xff,
    0xff, 0xff, 0xfb, 0x00, 0x00, 0xcf, 0xff, 0xff, 0xff, 0xff, 0xff, 0xff, 0xff, 0xff, 0xff, 0xfb,
    0x00, 0x00, 0x00, 0x00, 0x00, 0x00, 0x5f, 0xff, 0xf3, 0x00, 0x00, 0x00, 0x00, 0x00, 0x00, 0x00,
    0x00, 0x00, 0x00, 0xdf, 0xec, 0xfc, 0x00, 0x00, 0x00, 0x00, 0x00, 0x00, 0x00, 0x00, 0x00, 0x07,
    0xff, 0x73, 0xff, 0x60, 0x00, 0x00, 0x00, 0x00, 0x00, 0x00, 0x00, 0x00, 0x5f, 0xfd, 0x10, 0xaf,
    0xf5, 0x00, 0x00, 0x00, 0x00, 0x00, 0x00, 0x00, 0x06, 0xef, 0xe3, 0x00, 0x1d, 0xff, 0x50, 0x00,
    0x00, 0x00, 0x00, 0x00, 0x01, 0xaf, 0xff, 0x50, 0x00, 0x02, 0xef, 0xfa, 0x10, 0x00, 0x00, 0x00,
    0x01, 0x7e, 0xff, 0xd4, 0x00, 0x00, 0x00, 0x3d, 0xff, 0xe8, 0x30, 0x00, 0x00, 0xaf, 0xff, 0xfa,
    0x10, 0x00, 0x00, 0x00, 0x01, 0x9f, 0xff, 0xfd, 0x20, 0x00, 0x6f, 0xfb, 0x40, 0x00, 0x00, 0x00,
    0x00, 0x00, 0x04, 0xbf, 0xf9, 0x00, 0x00, 0x07, 0x30, 0x00, 0x00, 0x00, 0x00, 0x00, 0x00, 0x00,
    0x01, 0x71, 0x00, 0x00, 0x00, 0x00, 0x00, 0x00, 0x00, 0x00, 0x00, 0x00, 0x00, 0x00, 0x00, 0x00,
    0x00, 0x00, 0x00, 0x00, 0x00, 0x00, 0x00, 0x00, 0x00, 0x00, 0x00, 0x00, 0x00, 0x00, 0x00, 0x02,
    0x65, 0x00, 0x00, 0x00, 0x00, 0x00, 0x00, 0x00, 0x00, 0x00, 0x00, 0x00, 0x05, 0xfe, 0x00, 0x00,
    0x00, 0x00, 0x00, 0x00, 0x00, 0x00, 0x00, 0x00, 0x00, 0x07, 0xfc, 0x00, 0x00, 0x00, 0x00, 0x00,
    0x00, 0x00, 0x00, 0x00, 0x00, 0x00, 0x09, 0xfa, 0x00, 0x00, 0x05, 0xff, 0xff, 0xff, 0xff, 0xf4,
    0x00, 0x00, 0x00, 0x0b, 0xf7, 0x00, 0x00, 0x05, 0xff, 0xff, 0xff, 0xff, 0xf4, 0x00, 0x00, 0x22,
    0x2d, 0xf6, 0x22, 0x22, 0x05, 0xfd, 0x33, 0x33, 0x3f, 0xf4, 0x00, 0x00, 0xff, 0xff, 0xff, 0xff,
    0xff, 0x95, 0xfd, 0x00, 0x00, 0x0f, 0xf4, 0x00, 0x00, 0xff, 0xff, 0xff, 0xff, 0xff, 0x75, 0xfd,
    0x00, 0x00, 0x0f, 0xf4, 0x00, 0x00, 0x00, 0x7f, 0xb0, 0x00, 0xdf, 0x65, 0xfd, 0x00, 0x00, 0x0f,
    0xf4, 0x00, 0x00, 0x00, 0xaf, 0x70, 0x00, 0xff, 0x45, 0xfd, 0x00, 0x00, 0x0f, 0xf4, 0x00, 0x00,
    0x00, 0xef, 0x40, 0x03, 0xff, 0x15, 0xfd, 0x00, 0x00, 0x0f, 0xf4, 0x00, 0x00, 0x03, 0xff, 0x10,
    0x06, 0xfd, 0x05, 0xfd, 0x00, 0x00, 0x0f, 0xf4, 0x00, 0x00, 0x07, 0xfb, 0x00, 0x09, 0xfa, 0x05,
    0xfd, 0x00, 0x00, 0x0f, 0xf4, 0x00, 0x00, 0x0b, 0xfb, 0x00, 0x0e, 0xf6, 0x05, 0xfd, 0x00, 0x00,
    0x0f, 0xf4, 0x00, 0x00, 0x09, 0xff, 0xb1, 0x5f, 0xf2, 0x05, 0xfd, 0x00, 0x00, 0x0f, 0xf4, 0x00,
    0x00, 0x00, 0x7f, 0xfd, 0xcf, 0xb0, 0x05, 0xfd, 0x00, 0x00, 0x0f, 0xf4, 0x00, 0x00, 0x00, 0x04,
    0xef, 0xff, 0x50, 0x05, 0xfd, 0x00, 0x00, 0x0f, 0xf4, 0x00, 0x00, 0x00, 0x00, 0x3f, 0xff, 0x70,
    0x05, 0xfd, 0x00, 0x00, 0x0f, 0xf4, 0x00, 0x00, 0x00, 0x00, 0xaf, 0xff, 0xf8, 0x05, 0xfd, 0x22,
    0x22, 0x2f, 0xf4, 0x00, 0x00, 0x00, 0x0a, 0xff, 0x8c, 0xff, 0x55, 0xff, 0xff, 0xff, 0xff, 0xf4,
    0x00, 0x00, 0x03, 0xcf, 0xf8, 0x01, 0xcc, 0x15, 0xff, 0xff, 0xff, 0xff, 0xf4, 0x00, 0x00, 0x9f,
    0xff, 0x90, 0x00, 0x12, 0x05, 0xfd, 0x00, 0x00, 0x0f, 0xf4, 0x00, 0x00, 0x6f, 0xd4, 0x00, 0x00,
    0x00, 0x04, 0xec, 0x00, 0x00, 0x08, 0x82, 0x00, 0x00, 0x06, 0x00, 0x00, 0x00, 0x00, 0x00, 0x00,
    0x00, 0x00, 0x00, 0x00, 0x00, 0x00, 0x00, 0x00, 0x00, 0x00, 0x00, 0x00, 0x00, 0x00, 0x00, 0x00,
    0x00, 0x00, 0x00, 0x00, 0x00, 0x00, 0x00, 0x00, 0x00, 0x00, 0x00, 0x00, 0x00, 0x00, 0x00, 0x00,
    0x00, 0x00, 0x00, 0x00, 0x00, 0x00, 0x00, 0x00, 0x00, 0x10, 0x00, 0x00, 0x00, 0x00, 0x7f, 0xff,
    0xff, 0xff, 0xff, 0xff, 0xff, 0xff, 0xe4, 0x00, 0x00, 0x00, 0x00, 0x7f, 0xff, 0xff, 0xff, 0xff,
    0xff, 0xff, 0xff, 0xfb, 0x00, 0x00, 0x00, 0x00, 0x23, 0x33, 0x33, 0x33, 0x33, 0x33, 0x6e, 0xff,
    0xb0, 0x00, 0x00, 0x00, 0x00, 0x00, 0x00, 0x00, 0x00, 0x00, 0x05, 0xef, 0xf9, 0x00, 0x00, 0x00,
    0x00, 0x00, 0x00, 0x00, 0x00, 0x00, 0x01, 0x9f, 0xfe, 0x60, 0x00, 0x00, 0x00, 0x00, 0x00, 0x00,
    0x00, 0x00, 0x00, 0x6e, 0xff, 0xc2, 0x00, 0x00, 0x00, 0x00, 0x00, 0x00, 0x00, 0x00, 0x00, 0x01,
    0xff, 0xf7, 0x00, 0x00, 0x00, 0x00, 0x00, 0x00, 0x00, 0x00, 0x00, 0x00, 0x01, 0xff, 0x50, 0x00,
    0x00, 0x00, 0x00, 0x00, 0x00, 0x00, 0x00, 0x00, 0x00, 0x01, 0xff, 0x40, 0x00, 0x00, 0x00, 0x00,
    0x00, 0x00, 0x34, 0x44, 0x44, 0x44, 0x45, 0xff, 0x74, 0x44, 0x44, 0x44, 0x44, 0x00, 0x00, 0xdf,
    0xff, 0xff, 0xff, 0xff, 0xff, 0xff, 0xff, 0xff, 0xff, 0xfe, 0x00, 0x00, 0xdf, 0xff, 0xff, 0xff,
    0xff, 0xff, 0xff, 0xff, 0xff, 0xff, 0xfe, 0x00, 0x00, 0x00, 0x00, 0x00, 0x00, 0x01, 0xff, 0x40,
    0x00, 0x00, 0x00, 0x00, 0x00, 0x00, 0x00, 0x00, 0x00, 0x00, 0x01, 0xff, 0x40, 0x00, 0x00, 0x00,
    0x00, 0x00, 0x00, 0x00, 0x00, 0x00, 0x00, 0x01, 0xff, 0x40, 0x00, 0x00, 0x00, 0x00, 0x00, 0x00,
    0x00, 0x00, 0x00, 0x00, 0x01, 0xff, 0x40, 0x00, 0x00, 0x00, 0x00, 0x00, 0x00, 0x00, 0x00, 0x00,
    0x00, 0x01, 0xff, 0x40, 0x00, 0x00, 0x00, 0x00, 0x00, 0x00, 0x00, 0x00, 0x00, 0x00, 0x01, 0xff,
    0x40, 0x00, 0x00, 0x00, 0x00, 0x00, 0x00, 0x00, 0x00, 0x00, 0x00, 0x02, 0xff, 0x40, 0x00, 0x00,
    0x00, 0x00, 0x00, 0x00, 0x00, 0x00, 0x0a, 0xee, 0xef, 0xff, 0x20, 0x00, 0x00, 0x00, 0x00, 0x00,
    0x00, 0x00, 0x00, 0x04, 0xff, 0xff, 0xf7, 0x00, 0x00, 0x00, 0x00, 0x00, 0x00, 0x00, 0x00, 0x00,
    0x00, 0x55, 0x53, 0x00, 0x00, 0x00, 0x00, 0x00, 0x00, 0x00, 0x00, 0x00, 0x00, 0x00, 0x00, 0x00,
    0x00, 0x00, 0x00, 0x00, 0x00, 0x00, 0x00, 0x00, 0x00, 0x00, 0x00, 0x00, 0x00, 0x00, 0x00, 0x00,
    0x00, 0x00, 0x00, 0x00, 0x00, 0x00, 0x00, 0x00, 0x00, 0x03, 0x85, 0x00, 0x00, 0x00, 0x00, 0x00,
    0x00, 0x00, 0x00, 0x00, 0x00, 0x00, 0x0b, 0xfe, 0x10, 0x00, 0x00, 0x00, 0x00, 0x00, 0x00, 0x00,
    0x00, 0x00, 0x00, 0x03, 0xff, 0x70, 0x00, 0x00, 0x00, 0x00, 0x00, 0x00, 0x3f, 0xff, 0xff, 0xff,
    0xff, 0xff, 0xff, 0xff, 0xff, 0xff, 0xf3, 0x00, 0x00, 0x3f, 0xff, 0xff, 0xff, 0xff, 0xff, 0xff,
    0xff, 0xff, 0xff, 0xf3, 0x00, 0x00, 0x3f, 0xf3, 0x33, 0x33, 0x33, 0x33, 0x33, 0x33, 0x33, 0x4f,
    0xf3, 0x00, 0x00, 0x3f, 0xf0, 0x00, 0x00, 0x00, 0x00, 0x00, 0x00, 0x00, 0x2f, 0xf3, 0x00, 0x00,
    0x3f, 0xf0, 0x12, 0x22, 0x22, 0x22, 0x22, 0x22, 0x10, 0x2f, 0xf3, 0x00, 0x00, 0x00, 0x00, 0x6f,
    0xff, 0xff, 0xff, 0xff, 0xff, 0xe4, 0x03, 0x31, 0x00, 0x00, 0x00, 0x00, 0x6f, 0xff, 0xff, 0xff,
    0xff, 0xff, 0xe3, 0x00, 0x00, 0x00, 0x00, 0x00, 0x00, 0x00, 0x00, 0x00, 0x00, 0x4e, 0xfd, 0x20,
    0x00, 0x00, 0x00, 0x00, 0x00, 0x00, 0x00, 0x00, 0x00, 0x08, 0xff, 0xb2, 0x00, 0x00, 0x00, 0x00,
    0x00, 0x00, 0x00, 0x00, 0x00, 0x02, 0xdf, 0xe6, 0x00, 0x00, 0x00, 0x00, 0x00, 0x00, 0x00, 0x00,
    0x00, 0x00, 0x03, 0xff, 0x40, 0x00, 0x00, 0x00, 0x00, 0x00, 0x00, 0x6f, 0xff, 0xff, 0xff, 0xff,
    0xff, 0xff, 0xff, 0xff, 0xff, 0xf6, 0x00, 0x00, 0x6f, 0xff, 0xff, 0xff, 0xff, 0xff, 0xff, 0xff,
    0xff, 0xff, 0xf6, 0x00, 0x00, 0x13, 0x33, 0x33, 0x33, 0x35, 0xff, 0x53, 0x33, 0x33, 0x33, 0x31,
    0x00, 0x00, 0x00, 0x00, 0x00, 0x00, 0x03, 0xff, 0x30, 0x00, 0x00, 0x00, 0x00, 0x00, 0x00, 0x00,
    0x00, 0x00, 0x00, 0x03, 0xff, 0x30, 0x00, 0x00, 0x00, 0x00, 0x00, 0x00, 0x00, 0x00, 0x00, 0x00,
    0x03, 0xff, 0x30, 0x00, 0x00, 0x00, 0x00, 0x00, 0x00, 0x00, 0x00, 0x00, 0x00, 0x04, 0xff, 0x30,
    0x00, 0x00, 0x00, 0x00, 0x00, 0x00, 0x00, 0x00, 0x03, 0xff, 0xff, 0xff, 0x00, 0x00, 0x00, 0x00,
    0x00, 0x00, 0x00, 0x00, 0x00, 0x00, 0xcf, 0xff, 0xe6, 0x00, 0x00, 0x00, 0x00, 0x00, 0x00, 0x00,
    0x00, 0x00, 0x00, 0x24, 0x32, 0x00, 0x00, 0x00, 0x00, 0x00, 0x00, 0x00, 0x00, 0x00, 0x00, 0x00,
    0x00, 0x00, 0x00, 0x00, 0x00, 0x00, 0x00, 0x00, 0x00, 0x00, 0x00, 0x00, 0x00, 0x00, 0x00, 0x00,
    0x00, 0x00, 0x00, 0x00, 0x00, 0x00, 0x00, 0x00, 0x00, 0x00, 0x00, 0x73, 0x00, 0x00, 0x00, 0x00,
    0x00, 0x00, 0x00, 0x00, 0x00, 0x00, 0x00, 0x04, 0xff, 0x40, 0x00, 0x00, 0x00, 0x00, 0x00, 0x00,
    0x00, 0x00, 0x00, 0x00, 0x08, 0xfe, 0x00, 0x00, 0x00, 0x00, 0x00, 0x00, 0x00, 0x00, 0x23, 0x33,
    0x33, 0x3d, 0xfb, 0x33, 0x33, 0x33, 0x33, 0x33, 0x32, 0x00, 0x00, 0x9f, 0xff, 0xff, 0xff, 0xff,
    0xff, 0xff, 0xff, 0xff, 0xff, 0xf9, 0x00, 0x00, 0x9f, 0xff, 0xff, 0xff, 0xff, 0xff, 0xff, 0xff,
    0xff, 0xff, 0xf9, 0x00, 0x00, 0x00, 0x00, 0x03, 0xff, 0x50, 0x00, 0x00, 0x00, 0x00, 0x00, 0x00,
    0x00, 0x00, 0x00, 0x00, 0x0d, 0xfc, 0x00, 0x00, 0x00, 0x00, 0x00, 0x00, 0x00, 0x00, 0x00, 0x00,
    0x00, 0x7f, 0xf3, 0x0d, 0xff, 0xff, 0xff, 0xff, 0xfc, 0x20, 0x00, 0x00, 0x00, 0x02, 0xff, 0x90,
    0x0d, 0xff, 0xff, 0xff, 0xff, 0xfe, 0x30, 0x00, 0x00, 0x00, 0x0c, 0xfd, 0x10, 0x01, 0x11, 0x11,
    0x12, 0xdf, 0xe4, 0x00, 0x00, 0x00, 0x00, 0xaf, 0xf9, 0x00, 0x00, 0x00, 0x00, 0x1c, 0xfe, 0x40,
    0x00, 0x00, 0x00, 0x08, 0xff, 0xf9, 0x00, 0x00, 0x00, 0x03, 0xef, 0xd3, 0x00, 0x00, 0x00, 0x00,
    0x8f, 0xff, 0xf9, 0x00, 0x00, 0x00, 0x06, 0xfe, 0x20, 0x00, 0x00, 0x00, 0x03, 0xff, 0xdc, 0xf9,
    0x01, 0x22, 0x22, 0x27, 0xfe, 0x22, 0x22, 0x22, 0x00, 0x00, 0xcc, 0x1a, 0xf9, 0x0c, 0xff, 0xff,
    0xff, 0xff, 0xff, 0xff, 0xff, 0x00, 0x00, 0x20, 0x0a, 0xf9, 0x0c, 0xff, 0xff, 0xff, 0xff, 0xff,
    0xff, 0xff, 0x00, 0x00, 0x00, 0x0a, 0xf9, 0x00, 0x00, 0x00, 0x06, 0xfd, 0x00, 0x00, 0x00, 0x00,
    0x00, 0x00, 0x0a, 0xf9, 0x00, 0x00, 0x00, 0x06, 0xfd, 0x00, 0x00, 0x00, 0x00, 0x00, 0x00, 0x0a,
    0xf9, 0x00, 0x00, 0x00, 0x06, 0xfd, 0x00, 0x00, 0x00, 0x00, 0x00, 0x00, 0x0a, 0xf9, 0x00, 0x00,
    0x00, 0x06, 0xfd, 0x00, 0x00, 0x00, 0x00, 0x00, 0x00, 0x0a, 0xf9, 0x00, 0x01, 0xee, 0xef, 0xfb,
    0x00, 0x00, 0x00, 0x00, 0x00, 0x00, 0x0a, 0xf9, 0x00, 0x00, 0xbf, 0xff, 0xd4, 0x00, 0x00, 0x00,
    0x00, 0x00, 0x00, 0x01, 0x21, 0x00, 0x00, 0x12, 0x21, 0x00, 0x00, 0x00, 0x00, 0x00, 0x00, 0x00,
    0x00, 0x00, 0x00, 0x00, 0x00, 0x00, 0x00, 0x00, 0x00, 0x00, 0x00, 0x00, 0x00, 0x00, 0x00, 0x00,
    0x00, 0x00, 0x00, 0x00, 0x00, 0x00, 0x00, 0x00, 0x00, 0x00, 0x00, 0x00, 0x00, 0x05, 0x96, 0x00,
    0x00, 0x00, 0x00, 0x00, 0x00, 0x00, 0x00, 0x00, 0x00, 0x00, 0x0a, 0xfe, 0x10, 0x00, 0x00, 0x00,
    0x00, 0x00, 0x00, 0x00, 0x00, 0x00, 0x00, 0x03, 0xff, 0x60, 0x00, 0x00, 0x00, 0x00, 0x00, 0x00,
    0x2f, 0xff, 0xff, 0xff, 0xff, 0xff, 0xff, 0xff, 0xff, 0xff, 0xf3, 0x00, 0x00, 0x2f, 0xff, 0xff,
    0xff, 0xff, 0xff, 0xff, 0xff, 0xff, 0xff, 0xf3, 0x00, 0x00, 0x2f, 0xf4, 0x33, 0x33, 0x33, 0x33,
    0x33, 0x33, 0x33, 0x5f, 0xf3, 0x00, 0x00, 0x2f, 0xf1, 0x00, 0x00, 0x00, 0x00, 0x00, 0x00, 0x00,
    0x3f, 0xf3, 0x00, 0x00, 0x2f, 0xf1, 0x00, 0x00, 0x00, 0x00, 0x00, 0x00, 0x00, 0x3f, 0xf3, 0x00,
    0x00, 0x2f, 0xf1, 0xcf, 0xff, 0xff, 0xff, 0xff, 0xff, 0xfd, 0x3f, 0xf3, 0x00, 0x00, 0x00, 0x00,
    0xcf, 0xff, 0xff, 0xff, 0xff, 0xff, 0xfd, 0x00, 0x00, 0x00, 0x00, 0x00, 0x00, 0x23, 0x33, 0x35,
    0xff, 0x43, 0x33, 0x32, 0x00, 0x00, 0x00, 0x00, 0x00, 0x00, 0x00, 0x00, 0x03, 0xff, 0x20, 0x00,
    0x00, 0x00, 0x00, 0x00, 0x00, 0x00, 0x00, 0xee, 0x50, 0x03, 0xff, 0x20, 0x00, 0x00, 0x00, 0x00,
    0x00, 0x00, 0x00, 0x01, 0xff, 0x30, 0x03, 0xff, 0x20, 0x00, 0x00, 0x00, 0x00, 0x00, 0x00, 0x00,
    0x04, 0xff, 0x10, 0x03, 0xff, 0xff, 0xff, 0xff, 0xf1, 0x00, 0x00, 0x00, 0x00, 0x07, 0xff, 0x00,
    0x03, 0xff, 0xff, 0xff, 0xff, 0xf1, 0x00, 0x00, 0x00, 0x00, 0x0c, 0xff, 0x60, 0x03, 0xff, 0x42,
    0x22, 0x22, 0x20, 0x00, 0x00, 0x00, 0x00, 0x1f, 0xff, 0xd1, 0x03, 0xff, 0x20, 0x00, 0x00, 0x00,
    0x00, 0x00, 0x00, 0x00, 0x8f, 0xed, 0xfa, 0x03, 0xff, 0x20, 0x00, 0x00, 0x00, 0x00, 0x00, 0x00,
    0x01, 0xef, 0x74, 0xff, 0xb5, 0xff, 0x20, 0x00, 0x00, 0x00, 0x00, 0x00, 0x00, 0x0a, 0xfe, 0x10,
    0x7f, 0xff, 0xff, 0x52, 0x10, 0x00, 0x00, 0x00, 0x00, 0x00, 0x9f, 0xf7, 0x00, 0x04, 0xdf, 0xff,
    0xff, 0xff, 0xff, 0xff, 0xfd, 0x00, 0x01, 0xbf, 0xa0, 0x00, 0x00, 0x06, 0xae, 0xff, 0xff, 0xff,
    0xff, 0xf8, 0x00, 0x00, 0x07, 0x00, 0x00, 0x00, 0x00, 0x00, 0x23, 0x34, 0x44, 0x44, 0x41, 0x00,
    0x00, 0x00, 0x00, 0x00, 0x00, 0x00, 0x00, 0x00, 0x00, 0x00, 0x00, 0x00, 0x00, 0x00, 0x00, 0x00,
    0x00, 0x00, 0x00, 0x00, 0x00, 0x00, 0x00, 0x00, 0x00, 0x00, 0x00, 0x00, 0x00, 0x00, 0x00, 0x01,
    0x65, 0x00, 0x00, 0x00, 0x00, 0x00, 0x00, 0x00, 0x00, 0x00, 0x00, 0x00, 0x0c, 0xfd, 0x00, 0x00,
    0x00, 0x00, 0x00, 0x00, 0x00, 0x01, 0x11, 0x11, 0x11, 0x17, 0xff, 0x51, 0x11, 0x11, 0x11, 0x10,
    0x00, 0x00, 0x2f, 0xff, 0xff, 0xff, 0xff, 0xff, 0xff, 0xff, 0xff, 0xff, 0xf4, 0x00, 0x00, 0x2f,
    0xff, 0xff, 0xff, 0xff, 0xff, 0xff, 0xff, 0xff, 0xff, 0xf4, 0x00, 0x00, 0x2f, 0xf1, 0x00, 0x00,
    0x00, 0x00, 0x00, 0x00, 0x00, 0x0f, 0xf4, 0x00, 0x00, 0x2f, 0xf1, 0x00, 0x00, 0x00, 0x00, 0x00,
    0x00, 0x00, 0x0f, 0xf4, 0x00, 0x00, 0x2f, 0xf1, 0xdf, 0xff, 0xff, 0xff, 0xff, 0xff, 0xfc, 0x0f,
    0xf4, 0x00, 0x00, 0x00, 0x00, 0xdf, 0xff, 0xff, 0xff, 0xff, 0xff, 0xfc, 0x00, 0x00, 0x00, 0x00,
    0x00, 0x00, 0x00, 0x04, 0xbf, 0xe6, 0x00, 0x00, 0x03, 0x10, 0x00, 0x00, 0x00, 0x00, 0x00, 0x04,
    0xbf, 0xff, 0xc1, 0x00, 0x00, 0x5f, 0xd2, 0x00, 0x00, 0x00, 0x00, 0x48, 0xdf, 0xfe, 0x7e, 0xf9,
    0x00, 0x06, 0xff, 0xf5, 0x00, 0x00, 0x00, 0x1d, 0xff, 0xfd, 0x71, 0x08, 0xff, 0x30, 0x9f, 0xfd,
    0x30, 0x00, 0x00, 0x00, 0x06, 0xea, 0x40, 0x02, 0xaf, 0xff, 0xcc, 0xff, 0xb1, 0x00, 0x00, 0x00,
    0x00, 0x00, 0x10, 0x02, 0x9f, 0xfc, 0x6f, 0xff, 0xff, 0x70, 0x00, 0x00, 0x00, 0x00, 0x00, 0x15,
    0xbf, 0xfe, 0x60, 0x1e, 0xfc, 0x8f, 0xd0, 0x00, 0x00, 0x00, 0x00, 0x2a, 0xef, 0xfd, 0x71, 0x03,
    0xdf, 0xf9, 0x1e, 0xf6, 0x00, 0x00, 0x00, 0x00, 0x0b, 0xfb, 0x50, 0x01, 0x8f, 0xff, 0xfb, 0x08,
    0xfe, 0x20, 0x00, 0x00, 0x00, 0x02, 0x20, 0x00, 0x6e, 0xff, 0x88, 0xfc, 0x01, 0xdf, 0xb1, 0x00,
    0x00, 0x00, 0x00, 0x01, 0x7e, 0xff, 0xc3, 0x09, 0xfb, 0x00, 0x4f, 0xfc, 0x10, 0x00, 0x00, 0x16,
    0xbf, 0xff, 0xd5, 0x00, 0x0c, 0xf9, 0x00, 0x07, 0xff, 0xd5, 0x00, 0x00, 0x6f, 0xff, 0xc5, 0x02,
    0x11, 0x7f, 0xf5, 0x00, 0x00, 0x7f, 0xfd, 0x10, 0x00, 0x0a, 0x83, 0x00, 0x0a, 0xff, 0xff, 0xb0,
    0x00, 0x00, 0x03, 0xc3, 0x00, 0x00, 0x00, 0x00, 0x00, 0x05, 0xff, 0xd9, 0x10, 0x00, 0x00, 0x00,
    0x00, 0x00, 0x00, 0x00, 0x00, 0x00, 0x00, 0x00, 0x00, 0x00, 0x00, 0x00, 0x00, 0x00, 0x00, 0x00,
    0x00, 0x00, 0x00, 0x00, 0x00, 0x00, 0x00, 0x00, 0x00, 0x00, 0x00, 0x00, 0x00, 0x00, 0x00, 0x00,
    0x00, 0x06, 0xca, 0x00, 0x00, 0x00, 0x00, 0x00, 0x00, 0x00, 0x00, 0x00, 0x00, 0x00, 0x04, 0xff,
    0x10, 0x00, 0x00, 0x00, 0x00, 0x00, 0x00, 0x3f, 0xff, 0xff, 0xff, 0xff, 0xff, 0xff, 0xff, 0xff,
    0xff, 0xf4, 0x00, 0x00, 0x3f, 0xff, 0xff, 0xff, 0xff, 0xff, 0xff, 0xff, 0xff, 0xff, 0xf4, 0x00,
    0x00, 0x3f, 0xf0, 0x00, 0x00, 0x20, 0x00, 0x00, 0x00, 0x00, 0x1f, 0xf4, 0x00, 0x00, 0x3f, 0xf0,
    0x00, 0x04, 0xfa, 0x20, 0x00, 0x03, 0x00, 0x0f, 0xf4, 0x00, 0x00, 0x3f, 0xf0, 0x00, 0x04, 0xdf,
    0xf8, 0x00, 0x7f, 0xb0, 0x0f, 0xf4, 0x00, 0x00, 0x00, 0x01, 0x00, 0x78, 0x16, 0xef, 0x56, 0xff,
    0x50, 0x00, 0x00, 0x00, 0x00, 0x00, 0x3e, 0x80, 0xdf, 0x20, 0x28, 0x8f, 0xf5, 0x1a, 0x80, 0x00,
    0x00, 0x00, 0x00, 0xbf, 0x90, 0xdf, 0x20, 0x3c, 0xff, 0x60, 0x4f, 0xf8, 0x00, 0x00, 0x00, 0x06,
    0xfe, 0x10, 0xdf, 0x38, 0xff, 0xe4, 0x03, 0x55, 0xff, 0x70, 0x00, 0x00, 0x5f, 0xf6, 0x00, 0xdf,
    0xef, 0xfa, 0x10, 0x06, 0xf7, 0x6f, 0xf5, 0x00, 0x00, 0x7f, 0x90, 0x16, 0xef, 0xfe, 0x50, 0x00,
    0x0a, 0xf5, 0x09, 0xfc, 0x00, 0x00, 0x03, 0x5a, 0xff, 0xff, 0xff, 0xff, 0xff, 0xff, 0xe1, 0x01,
    0x91, 0x00, 0x00, 0xbf, 0xff, 0xfb, 0x68, 0xbc, 0xee, 0xcc, 0xca, 0x40, 0x00, 0x00, 0x00, 0x00,
    0x6f, 0xb6, 0x10, 0x00, 0x03, 0xff, 0x10, 0x00, 0x01, 0x21, 0x00, 0x00, 0x00, 0x01, 0x26, 0x60,
    0x00, 0x03, 0xff, 0x10, 0x00, 0x0d, 0xf6, 0x00, 0x00, 0x00, 0x00, 0x4f, 0xf0, 0x00, 0x03, 0xff,
    0x10, 0x00, 0x0d, 0xf6, 0x00, 0x00, 0x00, 0x00, 0x4f, 0xf0, 0x00, 0x03, 0xff, 0x10, 0x00, 0x0d,
    0xf6, 0x00, 0x00, 0x00, 0x00, 0x4f, 0xf0, 0x00, 0x03, 0xff, 0x10, 0x00, 0x0d, 0xf6, 0x00, 0x00,
    0x00, 0x00, 0x4f, 0xff, 0xff, 0xff, 0xff, 0xff, 0xff, 0xff, 0xf6, 0x00, 0x00, 0x00, 0x00, 0x4f,
    0xff, 0xff, 0xff, 0xff, 0xff, 0xff, 0xff, 0xf6, 0x00, 0x00, 0x00, 0x00, 0x12, 0x22, 0x22, 0x22,
    0x22, 0x22, 0x22, 0x2d, 0xf6, 0x00, 0x00, 0x00, 0x00, 0x00, 0x00, 0x00, 0x00, 0x00, 0x00, 0x00,
    0x04, 0x42, 0x00, 0x00, 0x00, 0x00, 0x00, 0x00, 0x00, 0x00, 0x00, 0x00, 0x00, 0x00, 0x00, 0x00,
    0x00, 0x00, 0x00, 0x00, 0x00, 0x00, 0x00, 0x00, 0x00, 0x00, 0x00, 0x00, 0x00, 0x00, 0x00, 0x00,
    0x00, 0x8a, 0x40, 0x00, 0x00, 0x05, 0x73, 0x00, 0x00, 0x00, 0x00, 0x00, 0x00, 0x00, 0xcf, 0x70,
    0x00, 0x00, 0x4f, 0xf9, 0x00, 0x00, 0x00, 0x00, 0x00, 0x00, 0x00, 0xcf, 0x70, 0x00, 0x05, 0xff,
    0xfd, 0xcc, 0xcc, 0xa3, 0x00, 0x00, 0x03, 0x00, 0xcf, 0x70, 0x01, 0x9f, 0xff, 0xff, 0xff, 0xff,
    0xf4, 0x00, 0x00, 0xaf, 0x40, 0xcf, 0x70, 0x6e, 0xff, 0x70, 0x00, 0x01, 0xdf, 0xc0, 0x00, 0x00,
    0xaf, 0xe2, 0xcf, 0x76, 0xff, 0xe5, 0x81, 0x00, 0x0c, 0xfe, 0x20, 0x00, 0x00, 0x1c, 0xfc, 0xcf,
    0x70, 0x99, 0x1b, 0xfc, 0x11, 0xbf, 0xf5, 0x00, 0x00, 0x00, 0x02, 0xff, 0xff, 0x70, 0x00, 0x01,
    0xdf, 0xbd, 0xfe, 0x40, 0x00, 0x00, 0x00, 0x00, 0x8c, 0xdf, 0x70, 0x00, 0x00, 0x5f, 0xff, 0xe3,
    0x00, 0x00, 0x00, 0x00, 0x00, 0x11, 0xcf, 0x70, 0x00, 0x4a, 0xff, 0xfa, 0x20, 0x00, 0x00, 0x00,
    0x00, 0x00, 0x00, 0xcf, 0x73, 0xae, 0xff, 0xfc, 0x40, 0x2f, 0xf2, 0x00, 0x00, 0x00, 0x00, 0x00,
    0xcf, 0x71, 0xef, 0xe9, 0x40, 0x00, 0x2f, 0xf2, 0x00, 0x00, 0x00, 0x00, 0x00, 0xcf, 0x71, 0x66,
    0x22, 0x22, 0x22, 0x3f, 0xf3, 0x21, 0x00, 0x00, 0x00, 0x1a, 0xff, 0x79, 0xff, 0xff, 0xff, 0xff,
    0xff, 0xff, 0xfe, 0x00, 0x00, 0x02, 0xcf, 0xff, 0x79, 0xff, 0xff, 0xff, 0xff, 0xff, 0xff, 0xfe,
    0x00, 0x00, 0x4e, 0xfd, 0xdf, 0x70, 0x01, 0x71, 0x00, 0x00, 0x2f, 0xf2, 0x00, 0x00, 0x00, 0xef,
    0xc1, 0xcf, 0x70, 0x0b, 0xfc, 0x10, 0x00, 0x2f, 0xf2, 0x00, 0x00, 0x00, 0x5a, 0x00, 0xcf, 0x70,
    0x02, 0xef, 0xa0, 0x00, 0x2f, 0xf2, 0x00, 0x00, 0x00, 0x00, 0x00, 0xcf, 0x70, 0x00, 0x4f, 0xf6,
    0x00, 0x2f, 0xf2, 0x00, 0x00, 0x00, 0x00, 0x00, 0xcf, 0x70, 0x00, 0x09, 0xe7, 0x00, 0x2f, 0xf2,
    0x00, 0x00, 0x00, 0x00, 0x00, 0xcf, 0x70, 0x00, 0x01, 0x10, 0x00, 0x2f, 0xf2, 0x00, 0x00, 0x00,
    0x00, 0x00, 0xcf, 0x70, 0x00, 0x00, 0x09, 0xff, 0xff, 0xf0, 0x00, 0x00, 0x00, 0x00, 0x00, 0xcf,
    0x70, 0x00, 0x00, 0x04, 0xff, 0xfc, 0x50, 0x00, 0x00, 0x00, 0x00, 0x00, 0x23, 0x10, 0x00, 0x00,
    0x00, 0x11, 0x00, 0x00, 0x00, 0x00, 0x00, 0x00, 0x00, 0x00, 0x00, 0x00, 0x00, 0x00, 0x00, 0x00,
    0x00, 0x00, 0x00, 0x00, 0x00, 0x00, 0x00, 0x00, 0x00, 0x00, 0x00, 0x00, 0x00, 0x00, 0x00, 0x00,
    0x00, 0x00, 0x00, 0x00, 0x00, 0x01, 0x44, 0x10, 0x00, 0x00, 0x00, 0x00, 0x00, 0x00, 0x00, 0x00,
    0x00, 0x00, 0x02, 0xff, 0x50, 0x00, 0x00, 0x00, 0x00, 0x00, 0x00, 0x00, 0x00, 0x00, 0x00, 0x02,
    0xff, 0x50, 0x00, 0x00, 0x00, 0x00, 0x00, 0x00, 0x00, 0x00, 0x00, 0x00, 0x02, 0xff, 0x50, 0x00,
    0x00, 0x00, 0x00, 0x00, 0x00, 0x00, 0x00, 0x00, 0x00, 0x02, 0xff, 0x50, 0x00, 0x00, 0x00, 0x00,
    0x00, 0x00, 0x00, 0x00, 0x00, 0x00, 0x02, 0xff, 0x50, 0x00, 0x00, 0x00, 0x00, 0x00, 0x00, 0x00,
    0x03, 0x52, 0x00, 0x02, 0xff, 0x50, 0x00, 0x38, 0x00, 0x00, 0x00, 0x00, 0x00, 0x0a, 0xfe, 0x00,
    0x02, 0xff, 0x50, 0x03, 0xff, 0x60, 0x00, 0x00, 0x00, 0x00, 0x0d, 0xfa, 0x00, 0x02, 0xff, 0x50,
    0x00, 0xbf, 0xd0, 0x00, 0x00, 0x00, 0x00, 0x2f, 0xf6, 0x00, 0x02, 0xff, 0x50, 0x00, 0x4f, 0xf6,
    0x00, 0x00, 0x00, 0x00, 0x6f, 0xf2, 0x00, 0x02, 0xff, 0x50, 0x00, 0x0c, 0xfd, 0x00, 0x00, 0x00,
    0x00, 0xbf, 0xd0, 0x00, 0x02, 0xff, 0x50, 0x00, 0x05, 0xff, 0x60, 0x00, 0x00, 0x02, 0xff, 0x80,
    0x00, 0x02, 0xff, 0x50, 0x00, 0x00, 0xdf, 0xd0, 0x00, 0x00, 0x08, 0xff, 0x30, 0x00, 0x02, 0xff,
    0x50, 0x00, 0x00, 0x7f, 0xf4, 0x00, 0x00, 0x1e, 0xfb, 0x00, 0x00, 0x02, 0xff, 0x50, 0x00, 0x00,
    0x2f, 0xfa, 0x00, 0x00, 0x8f, 0xf5, 0x00, 0x00, 0x02, 0xff, 0x50, 0x00, 0x00, 0x0b, 0xfe, 0x00,
    0x02, 0xff, 0xb0, 0x00, 0x00, 0x02, 0xff, 0x50, 0x00, 0x00, 0x07, 0xff, 0x40, 0x00, 0x3b, 0x20,
    0x00, 0x00, 0x02, 0xff, 0x50, 0x00, 0x00, 0x03, 0xfc, 0x40, 0x00, 0x00, 0x00, 0x00, 0x00, 0x02,
    0xff, 0x50, 0x00, 0x00, 0x00, 0x30, 0x00, 0x00, 0x00, 0x00, 0x00, 0x00, 0x02, 0xff, 0x50, 0x00,
    0x00, 0x00, 0x00, 0x00, 0x00, 0x00, 0x00, 0x00, 0x00, 0x03, 0xff, 0x40, 0x00, 0x00, 0x00, 0x00,
    0x00, 0x00, 0x00, 0x00, 0x08, 0xee, 0xef, 0xff, 0x30, 0x00, 0x00, 0x00, 0x00, 0x00, 0x00, 0x00,
    0x00, 0x02, 0xff, 0xff, 0xf8, 0x00, 0x00, 0x00, 0x00, 0x00, 0x00, 0x00, 0x00, 0x00, 0x00, 0x56,
    0x53, 0x10, 0x00, 0x00, 0x00, 0x00, 0x00, 0x00, 0x00, 0x00, 0x00, 0x00, 0x00, 0x00, 0x00, 0x00,
    0x00, 0x00, 0x00, 0x00, 0x00, 0x00, 0x00, 0x00, 0x00, 0x00, 0x00, 0x00, 0x00, 0x00, 0x00, 0x00,
    0x00, 0x00, 0x00, 0x00, 0x00, 0x00, 0x00, 0x07, 0xfc, 0x00, 0x00, 0x00, 0x00, 0x00, 0x00, 0x00,
    0x00, 0x00, 0x00, 0x00, 0x07, 0xfc, 0x00, 0x00, 0x00, 0x00, 0x00, 0x00, 0x00, 0x00, 0x00, 0x00,
    0x00, 0x07, 0xfc, 0x00, 0x00, 0x00, 0x00, 0x00, 0x00, 0x00, 0x00, 0x00, 0x31, 0x00, 0x07, 0xfc,
    0x00, 0x00, 0x03, 0x00, 0x00, 0x00, 0x00, 0x00, 0x01, 0xef, 0x40, 0x07, 0xfc, 0x00, 0x02, 0xde,
    0x20, 0x00, 0x00, 0x00, 0x00, 0x07, 0xfd, 0x00, 0x07, 0xfc, 0x00, 0x00, 0xcf, 0xa0, 0x00, 0x00,
    0x00, 0x00, 0x0e, 0xf7, 0x00, 0x07, 0xfc, 0x00, 0x00, 0x3f, 0xf5, 0x00, 0x00, 0x00, 0x00, 0x6f,
    0xe1, 0x00, 0x07, 0xfc, 0x00, 0x00, 0x08, 0xfe, 0x10, 0x00, 0x00, 0x01, 0xdf, 0x80, 0x00, 0x07,
    0xfc, 0x00, 0x00, 0x01, 0xef, 0x80, 0x00, 0x00, 0x08, 0xfe, 0x10, 0x00, 0x07, 0xfc, 0x00, 0x00,
    0x00, 0x6f, 0xf2, 0x00, 0x00, 0x4f, 0xf6, 0x00, 0x00, 0x07, 0xfc, 0x00, 0x00, 0x00, 0x0d, 0xfa,
    0x00, 0x00, 0x7e, 0xb0, 0x00, 0x00, 0x07, 0xfc, 0x00, 0x00, 0x00, 0x05, 0xe6, 0x00, 0x00, 0x02,
    0x20, 0x00, 0x00, 0x07, 0xfc, 0x00, 0x00, 0x25, 0x00, 0x10, 0x00, 0x00, 0x00, 0x00, 0x00, 0x00,
    0x07, 0xfc, 0x00, 0x00, 0xcf, 0xc0, 0x00, 0x00, 0x00, 0x00, 0x00, 0x00, 0x00, 0x06, 0xdb, 0x00,
    0x0a, 0xff, 0x40, 0x00, 0x00, 0x00, 0x00, 0x00, 0x00, 0x00, 0x00, 0x00, 0x01, 0xbf, 0xf7, 0x00,
    0x00, 0x00, 0x00, 0x00, 0x00, 0x00, 0x00, 0x00, 0x00, 0x5e, 0xff, 0x60, 0x00, 0x00, 0x00, 0x00,
    0x00, 0x00, 0x00, 0x00, 0x01, 0x6d, 0xff, 0xe4, 0x00, 0x00, 0x00, 0x00, 0x00, 0x00, 0x00, 0x00,
    0x26, 0xbf, 0xff, 0xf9, 0x10, 0x00, 0x00, 0x00, 0x00, 0x00, 0x13, 0x68, 0xad, 0xff, 0xff, 0xe9,
    0x20, 0x00, 0x00, 0x00, 0x00, 0x00, 0x02, 0xff, 0xff, 0xff, 0xfe, 0x94, 0x00, 0x00, 0x00, 0x00,
    0x00, 0x00, 0x00, 0x00, 0x9f, 0xeb, 0x96, 0x30, 0x00, 0x00, 0x00, 0x00, 0x00, 0x00, 0x00, 0x00,
    0x00, 0x12, 0x00, 0x00, 0x00, 0x00, 0x00, 0x00, 0x00, 0x00, 0x00, 0x00, 0x00, 0x00, 0x00, 0x00,
    0x00, 0x00, 0x00, 0x00, 0x00, 0x00, 0x00, 0x00, 0x00, 0x00, 0x00, 0x00, 0x00, 0x00, 0x00, 0x00,
    0x00, 0x00, 0x00, 0x00, 0x00, 0x00, 0x00, 0x00, 0x00, 0x00, 0x59, 0x40, 0x00, 0x00, 0x00, 0x39,
    0x80, 0x00, 0x00, 0x00, 0x00, 0x00, 0x00, 0x9f, 0xb0, 0x00, 0x00, 0x00, 0x5f, 0xc1, 0x82, 0x00,
    0x00, 0x00, 0x00, 0x00, 0x3f, 0xf2, 0x00, 0x00, 0x00, 0x5f, 0xc4, 0xfd, 0x10, 0x00, 0x00, 0xcf,
    0xff, 0xff, 0xff, 0xff, 0xf3, 0x00, 0x6f, 0xb0, 0x8f, 0xa0, 0x00, 0x00, 0xcf, 0xff, 0xff, 0xff,
    0xff, 0xf3, 0x00, 0x6f, 0xb0, 0x0e, 0xf3, 0x00, 0x00, 0x00, 0x00, 0x00, 0x00, 0x00, 0x00, 0x00,
    0x6f, 0xb0, 0x06, 0x60, 0x00, 0x00, 0x00, 0x00, 0x00, 0x00, 0x00, 0x00, 0x11, 0x7f, 0xb1, 0x11,
    0x11, 0x00, 0x00, 0x07, 0xcc, 0xcc, 0xcc, 0xcc, 0x38, 0xff, 0xff, 0xff, 0xff, 0xff, 0x00, 0x00,
    0x09, 0xff, 0xff, 0xff, 0xff, 0x48, 0xff, 0xff, 0xff, 0xff, 0xff, 0x00, 0x00, 0x09, 0xf5, 0x00,
    0x00, 0xcf, 0x40, 0x00, 0xaf, 0x70, 0x00, 0x00, 0x00, 0x00, 0x09, 0xf5, 0x00, 0x00, 0xcf, 0x40,
    0x00, 0xbf, 0x60, 0x00, 0x00, 0x00, 0x00, 0x09, 0xf5, 0x00, 0x00, 0xcf, 0x40, 0x00, 0xdf, 0xff,
    0x30, 0x00, 0x00, 0x00, 0x09, 0xff, 0xff, 0xff, 0xff, 0x40, 0x00, 0xff, 0xdf, 0x30, 0x00, 0x00,
    0x00, 0x07, 0xcc, 0xcf, 0xfc, 0xcc, 0x30, 0x03, 0xfe, 0xcf, 0x30, 0x00, 0x00, 0x00, 0x00, 0x20,
    0x1f, 0xe0, 0x33, 0x00, 0x07, 0xfb, 0xcf, 0x30, 0x00, 0x00, 0x00, 0x02, 0xfc, 0x1f, 0xe2, 0xfc,
    0x00, 0x0b, 0xf7, 0xcf, 0x30, 0x00, 0x00, 0x00, 0x06, 0xf8, 0x1f, 0xe0, 0xbf, 0x40, 0x1e, 0xf2,
    0xcf, 0x30, 0x00, 0x00, 0x00, 0x0b, 0xf3, 0x1f, 0xe0, 0x4f, 0xa0, 0x7f, 0xc0, 0xcf, 0x30, 0x00,
    0x00, 0x00, 0x4f, 0xd0, 0x1f, 0xe0, 0x0e, 0xc0, 0xef, 0x70, 0xcf, 0x30, 0x59, 0x20, 0x00, 0xcf,
    0x50, 0x1f, 0xe0, 0x02, 0x06, 0xfe, 0x10, 0xcf, 0x30, 0x5f, 0x60, 0x00, 0x5b, 0x00, 0x1f, 0xe0,
    0x00, 0x3f, 0xf6, 0x00, 0xcf, 0x30, 0x7f, 0x50, 0x00, 0x00, 0x1d, 0xef, 0xd0, 0x01, 0xdf, 0xc0,
    0x00, 0xaf, 0xdb, 0xef, 0x20, 0x00, 0x00, 0x0c, 0xfd, 0x50, 0x03, 0xee, 0x20, 0x00, 0x3d, 0xff,
    0xd7, 0x00, 0x00, 0x00, 0x00, 0x00, 0x00, 0x00, 0x23, 0x00, 0x00, 0x00, 0x00, 0x00, 0x00, 0x00,
    0x00, 0x00, 0x00, 0x00, 0x00, 0x00, 0x00, 0x00, 0x00, 0x00, 0x00, 0x00, 0x00, 0x00, 0x00, 0x00,
    0x00, 0x00, 0x00, 0x00, 0x00, 0x00, 0x00, 0x00, 0x00, 0x00, 0x00, 0x00, 0x00, 0x00, 0x02, 0x99,
    0x10, 0x00, 0x00, 0x00, 0x00, 0x00, 0x00, 0x01, 0x55, 0x00, 0x00, 0x03, 0xff, 0x20, 0x00, 0x00,
    0x55, 0x20, 0x00, 0x00, 0x03, 0xff, 0x10, 0x00, 0x03, 0xff, 0x20, 0x00, 0x01, 0xff, 0x50, 0x00,
    0x00, 0x03, 0xff, 0x10, 0x00, 0x03, 0xff, 0x20, 0x00, 0x01, 0xff, 0x50, 0x00, 0x00, 0x03, 0xff,
    0x21, 0x11, 0x14, 0xff, 0x31, 0x11, 0x12, 0xff, 0x50, 0x00, 0x00, 0x03, 0xff, 0xff, 0xff, 0xff,
    0xff, 0xff, 0xff, 0xff, 0xff, 0x50, 0x00, 0x00, 0x03, 0xff, 0xff, 0xff, 0xff, 0xff, 0xff, 0xff,
    0xff, 0xff, 0x50, 0x00, 0x00, 0x00, 0x00, 0x00, 0x00, 0x00, 0x00, 0x00, 0x00, 0x00, 0x00, 0x00,
    0x00, 0x00, 0x00, 0x00, 0x00, 0x00, 0x00, 0x00, 0x00, 0x00, 0x00, 0x00, 0x00, 0x00, 0x00, 0x22,
    0x22, 0x22, 0x22, 0x22, 0x22, 0x22, 0x22, 0x22, 0x22, 0x22, 0x00, 0x00, 0xbf, 0xff, 0xff, 0xff,
    0xff, 0xff, 0xff, 0xff, 0xff, 0xff, 0xfb, 0x00, 0x00, 0xbf, 0xff, 0xff, 0xff, 0xff, 0xff, 0xff,
    0xff, 0xff, 0xff, 0xfb, 0x00, 0x00, 0x00, 0x00, 0x01, 0xdf, 0xb0, 0x00, 0x00, 0x00, 0x00, 0x00,
    0x00, 0x00, 0x00, 0x00, 0x00, 0x09, 0xff, 0x30, 0x00, 0x00, 0x00, 0x00, 0x00, 0x00, 0x00, 0x00,
    0x00, 0x00, 0x5f, 0xf9, 0x11, 0x11, 0x11, 0x11, 0x11, 0x11, 0x00, 0x00, 0x00, 0x00, 0x04, 0xff,
    0xff, 0xff, 0xff, 0xff, 0xff, 0xff, 0xff, 0x20, 0x00, 0x00, 0x00, 0x4e, 0xff, 0xff, 0xff, 0xff,
    0xff, 0xff, 0xff, 0xff, 0x20, 0x00, 0x00, 0x06, 0xff, 0xef, 0xf2, 0x00, 0x00, 0x00, 0x00, 0x03,
    0xff, 0x20, 0x00, 0x02, 0xbf, 0xfd, 0x4f, 0xf2, 0x00, 0x00, 0x00, 0x00, 0x03, 0xff, 0x20, 0x00,
    0x02, 0xef, 0xc2, 0x2f, 0xf2, 0x00, 0x00, 0x00, 0x00, 0x03, 0xff, 0x20, 0x00, 0x00, 0x59, 0x00,
    0x2f, 0xf3, 0x00, 0x00, 0x00, 0x00, 0x04, 0xff, 0x20, 0x00, 0x00, 0x00, 0x00, 0x2f, 0xff, 0xff,
    0xff, 0xff, 0xff, 0xff, 0xff, 0x20, 0x00, 0x00, 0x00, 0x00, 0x2f, 0xff, 0xff, 0xff, 0xff, 0xff,
    0xff, 0xff, 0x20, 0x00, 0x00, 0x00, 0x00, 0x1d, 0xd2, 0x00, 0x00, 0x00, 0x00, 0x03, 0xcc, 0x20,
    0x00, 0x00, 0x00, 0x00, 0x00, 0x00, 0x00, 0x00, 0x00, 0x00, 0x00, 0x00, 0x00, 0x00, 0x00, 0x00,
    0x00, 0x00, 0x00, 0x00, 0x00, 0x00, 0x00, 0x00, 0x00, 0x00, 0x00, 0x00, 0x00, 0x00, 0x00, 0x03,
    0x75, 0x00, 0x00, 0x00, 0x00, 0x00, 0x00, 0x00, 0x00, 0x00, 0x00, 0x00, 0x08, 0xfd, 0x00, 0x00,
    0x00, 0x00, 0x00, 0x00, 0x00, 0x00, 0x00, 0x00, 0x00, 0x0a, 0xfb, 0x00, 0x00, 0x00, 0x00, 0x00,
    0x00, 0x00, 0x00, 0x00, 0x00, 0x00, 0x0d, 0xf8, 0x00, 0x00, 0x00, 0x00, 0x00, 0x00, 0x00, 0x00,
    0x13, 0x33, 0x33, 0x3f, 0xf7, 0x33, 0x33, 0x33, 0x33, 0x33, 0x31, 0x00, 0x00, 0x7f, 0xff, 0xff,
    0xff, 0xff, 0xff, 0xff, 0xff, 0xff, 0xff, 0xf7, 0x00, 0x00, 0x7f, 0xff, 0xff, 0xff, 0xff, 0xff,
    0xff, 0xff, 0xff, 0xff, 0xf7, 0x00, 0x00, 0x00, 0x00, 0x00, 0xbf, 0x90, 0x00, 0x00, 0x00, 0x00,
    0x00, 0x00, 0x00, 0x00, 0x00, 0x00, 0x01, 0xff, 0x50, 0x00, 0x00, 0x00, 0x00, 0x00, 0x00, 0x00,
    0x00, 0x00, 0x00, 0x05, 0xff, 0x10, 0x00, 0x00, 0x00, 0x00, 0x00, 0x00, 0x00, 0x00, 0x00, 0x00,
    0x09, 0xfc, 0x00, 0x00, 0x00, 0x00, 0x00, 0x00, 0x00, 0x00, 0x00, 0x00, 0x00, 0x0e, 0xfa, 0x33,
    0x33, 0x33, 0x33, 0x33, 0x33, 0x20, 0x00, 0x00, 0x00, 0x00, 0x5f, 0xfe, 0xff, 0xff, 0xff, 0xff,
    0xff, 0xff, 0xd0, 0x00, 0x00, 0x00, 0x00, 0xbf, 0xbb, 0xff, 0xff, 0xff, 0xff, 0xff, 0xff, 0xd0,
    0x00, 0x00, 0x00, 0x02, 0xff, 0x40, 0x00, 0x00, 0xaf, 0xa0, 0x00, 0x00, 0x00, 0x00, 0x00, 0x00,
    0x0b, 0xfc, 0x00, 0x00, 0x00, 0xaf, 0xa0, 0x00, 0x00, 0x00, 0x00, 0x00, 0x00, 0x5f, 0xf5, 0x00,
    0x00, 0x00, 0xaf, 0xa0, 0x00, 0x00, 0x00, 0x00, 0x00, 0x01, 0xdf, 0xc0, 0x00, 0x00, 0x00, 0xaf,
    0xa0, 0x00, 0x00, 0x00, 0x00, 0x00, 0x0a, 0xff, 0x30, 0x00, 0x00, 0x00, 0xaf, 0xa0, 0x00, 0x00,
    0x00, 0x00, 0x00, 0x9f, 0xf8, 0x00, 0x00, 0x00, 0x00, 0xaf, 0xa0, 0x00, 0x00, 0x00, 0x00, 0x03,
    0xff, 0xb0, 0x13, 0x33, 0x33, 0x33, 0xbf, 0xb3, 0x33, 0x33, 0x32, 0x00, 0x00, 0x9c, 0x10, 0x4f,
    0xff, 0xff, 0xff, 0xff, 0xff, 0xff, 0xff, 0xfd, 0x00, 0x00, 0x01, 0x00, 0x4f, 0xff, 0xff, 0xff,
    0xff, 0xff, 0xff, 0xff, 0xfd, 0x00, 0x00, 0x00, 0x00, 0x00, 0x00, 0x00, 0x00, 0x00, 0x00, 0x00,
    0x00, 0x00, 0x00, 0x00, 0x00, 0x00, 0x00, 0x00, 0x00, 0x00, 0x00, 0x00, 0x00, 0x00, 0x00, 0x00,
    0x00, 0x0c, 0xff, 0xff, 0xff, 0xff, 0xff, 0xff, 0xff, 0xff, 0xe0, 0x00, 0x00, 0x00, 0x0c, 0xff,
    0xff, 0xff, 0xff, 0xff, 0xff, 0xff, 0xff, 0xe0, 0x00, 0x00, 0x00, 0x03, 0x33, 0x33, 0x33, 0x33,
    0x33, 0x33, 0x33, 0x9f, 0xe0, 0x00, 0x00, 0x00, 0x00, 0x00, 0x00, 0x00, 0x00, 0x00, 0x00, 0x00,
    0x7f, 0xe0, 0x00, 0x00, 0x00, 0x00, 0x69, 0x60, 0x00, 0x00, 0x00, 0x00, 0x00, 0x7f, 0xe0, 0x00,
    0x00, 0x00, 0x00, 0xaf, 0xa0, 0x00, 0x00, 0x00, 0x00, 0x00, 0x7f, 0xe0, 0x00, 0x00, 0x00, 0x00,
    0xaf, 0xa0, 0x00, 0x00, 0x00, 0x00, 0x00, 0x7f, 0xe0, 0x00, 0x00, 0x00, 0x00, 0xaf, 0xa0, 0x00,
    0x00, 0x00, 0x00, 0x00, 0x7f, 0xe0, 0x00, 0x00, 0x00, 0x00, 0xaf, 0xff, 0xff, 0xff, 0xff, 0xff,
    0xff, 0xff, 0xe0, 0x00, 0x00, 0x00, 0x00, 0xaf, 0xff, 0xff, 0xff, 0xff, 0xff, 0xff, 0xff, 0xe0,
    0x00, 0x00, 0x00, 0x00, 0xaf, 0xb3, 0x33, 0x33, 0x33, 0x33, 0x33, 0x9f, 0xe0, 0x00, 0x00, 0x00,
    0x00, 0xaf, 0xa0, 0x00, 0x00, 0x00, 0x00, 0x00, 0x48, 0x70, 0x00, 0x00, 0x00, 0x00, 0xaf, 0xa0,
    0x00, 0x00, 0x00, 0x00, 0x00, 0x00, 0x00, 0x00, 0x00, 0x00, 0x00, 0xaf, 0xa0, 0x00, 0x00, 0x00,
    0x00, 0x00, 0x00, 0x01, 0x00, 0x00, 0x00, 0x00, 0xaf, 0xa0, 0x00, 0x00, 0x00, 0x00, 0x00, 0x00,
    0x06, 0xb5, 0x00, 0x00, 0x00, 0xaf, 0xa0, 0x00, 0x00, 0x00, 0x00, 0x00, 0x00, 0x07, 0xfe, 0x00,
    0x00, 0x00, 0xaf, 0xa0, 0x00, 0x00, 0x00, 0x00, 0x00, 0x00, 0x0a, 0xfc, 0x00, 0x00, 0x00, 0x9f,
    0xb0, 0x00, 0x00, 0x00, 0x00, 0x00, 0x00, 0x1f, 0xf9, 0x00, 0x00, 0x00, 0x7f, 0xf8, 0x54, 0x44,
    0x44, 0x44, 0x44, 0x46, 0xdf, 0xf4, 0x00, 0x00, 0x00, 0x1d, 0xff, 0xff, 0xff, 0xff, 0xff, 0xff,
    0xff, 0xff, 0xa0, 0x00, 0x00, 0x00, 0x02, 0x8d, 0xef, 0xff, 0xff, 0xff, 0xff, 0xfe, 0xc6, 0x00,
    0x00, 0x00, 0x00, 0x00, 0x00, 0x00, 0x00, 0x00, 0x00, 0x00, 0x00, 0x00, 0x00, 0x00, 0x00, 0x00,
    0x00, 0x00, 0x00, 0x00, 0x00, 0x00, 0x00, 0x00, 0x00, 0x00, 0x00, 0x00, 0x00, 0x00, 0x00, 0x00,
    0x15, 0xa2, 0x00, 0x00, 0x00, 0x00, 0x00, 0x00, 0x00, 0x00, 0x00, 0x00, 0x00, 0x1e, 0xfa, 0x00,
    0x00, 0x00, 0x00, 0x00, 0x00, 0x00, 0x00, 0x00, 0x00, 0x00, 0x08, 0xff, 0x20, 0x00, 0x00, 0x00,
    0x00, 0x00, 0x00, 0x00, 0x00, 0x00, 0x00, 0x02, 0xff, 0x90, 0x00, 0x00, 0x00, 0x00, 0x00, 0x00,
    0xdf, 0xff, 0xff, 0xff, 0xff, 0xff, 0xff, 0xff, 0xff, 0xff, 0xfe, 0x00, 0x00, 0xdf, 0xff, 0xff,
    0xff, 0xff, 0xff, 0xff, 0xff, 0xff, 0xff, 0xfe, 0x00, 0x00, 0x33, 0x33, 0x33, 0x33, 0x37, 0xff,
    0x43, 0x33, 0x33, 0x33, 0x33, 0x00, 0x00, 0x00, 0x00, 0x00, 0x00, 0x04, 0xff, 0x10, 0x00, 0x00,
    0x00, 0x00, 0x00, 0x00, 0x00, 0x00, 0x00, 0x00, 0x04, 0xff, 0x10, 0x00, 0x00, 0x00, 0x00, 0x00,
    0x00, 0x00, 0x23, 0x33, 0x33, 0x36, 0xff, 0x43, 0x33, 0x33, 0x33, 0x00, 0x00, 0x00, 0x00, 0xaf,
    0xff, 0xff, 0xff, 0xff, 0xff, 0xff, 0xff, 0xfd, 0x00, 0x00, 0x00, 0x00, 0xaf, 0xff, 0xff, 0xff,
    0xff, 0xff, 0xff, 0xff, 0xfd, 0x00, 0x00, 0x00, 0x00, 0xaf, 0x90, 0x00, 0x04, 0xff, 0x10, 0x00,
    0x07, 0xfd, 0x00, 0x00, 0x00, 0x00, 0xaf, 0x90, 0x00, 0x04, 0xff, 0x10, 0x00, 0x07, 0xfd, 0x00,
    0x00, 0x00, 0x00, 0xaf, 0x90, 0x00, 0x04, 0xff, 0x10, 0x00, 0x07, 0xfd, 0x00, 0x00, 0x00, 0x00,
    0xaf, 0x90, 0x00, 0x04, 0xff, 0x10, 0x00, 0x07, 0xfd, 0x00, 0x00, 0x00, 0x00, 0xaf, 0x90, 0x00,
    0x04, 0xff, 0x10, 0x00, 0x07, 0xfd, 0x00, 0x00, 0x00, 0x00, 0xaf, 0x90, 0x00, 0x04, 0xff, 0x10,
    0x00, 0x07, 0xfd, 0x00, 0x00, 0x00, 0x00, 0xaf, 0x90, 0x00, 0x04, 0xff, 0x11, 0x33, 0x29, 0xfd,
    0x00, 0x00, 0x00, 0x00, 0xaf, 0x90, 0x00, 0x04, 0xff, 0x11, 0xff, 0xff, 0xfa, 0x00, 0x00, 0x00,
    0x00, 0xaf, 0x90, 0x00, 0x04, 0xff, 0x10, 0xaf, 0xed, 0xa1, 0x00, 0x00, 0x00, 0x00, 0x11, 0x10,
    0x00, 0x04, 0xff, 0x10, 0x00, 0x00, 0x00, 0x00, 0x00, 0x00, 0x00, 0x00, 0x00, 0x00, 0x04, 0xff,
    0x10, 0x00, 0x00, 0x00, 0x00, 0x00, 0x00, 0x00, 0x00, 0x00, 0x00, 0x02, 0x99, 0x10, 0x00, 0x00,
    0x00, 0x00, 0x00, 0x00, 0x00, 0x00, 0x00, 0x00, 0x00, 0x00, 0x00, 0x00, 0x00, 0x00, 0x00, 0x00,
    0x00, 0x00, 0x00, 0x00, 0x00, 0x00, 0x00, 0x00, 0x00, 0x00, 0x00, 0x00, 0x00, 0x00, 0x00, 0x00,
    0x40, 0x00, 0x01, 0x88, 0x20, 0x00, 0x14, 0x00, 0x00, 0x00, 0x00, 0x00, 0x0c, 0xf9, 0x00, 0x02,
    0xff, 0x30, 0x00, 0x8f, 0xe2, 0x00, 0x00, 0x00, 0x00, 0x06, 0xff, 0x40, 0x02, 0xff, 0x30, 0x03,
    0xff, 0x80, 0x00, 0x00, 0x00, 0x00, 0x00, 0xce, 0x60, 0x02, 0xff, 0x30, 0x07, 0xea, 0x00, 0x00,
    0x00, 0x00, 0x2e, 0xee, 0xff, 0xee, 0xee, 0xff, 0xee, 0xee, 0xfe, 0xee, 0xe3, 0x00, 0x00, 0x2f,
    0xff, 0xff, 0xff, 0xff, 0xff, 0xff, 0xff, 0xff, 0xff, 0xf3, 0x00, 0x00, 0x2f, 0xf1, 0x00, 0x00,
    0x00, 0x00, 0x00, 0x00, 0x00, 0x0f, 0xf3, 0x00, 0x00, 0x2f, 0xf1, 0x00, 0x00, 0x00, 0x00, 0x00,
    0x00, 0x00, 0x0f, 0xf3, 0x00, 0x00, 0x2f, 0xf1, 0x5f, 0xff, 0xff, 0xff, 0xff, 0xff, 0xf6, 0x0f,
    0xf3, 0x00, 0x00, 0x2f, 0xf1, 0x5f, 0xea, 0xaa, 0xaa, 0xaa, 0xae, 0xf6, 0x0f, 0xf3, 0x00, 0x00,
    0x00, 0x00, 0x5f, 0xd0, 0x00, 0x00, 0x00, 0x0d, 0xf6, 0x00, 0x00, 0x00, 0x00, 0x00, 0x00, 0x5f,
    0xea, 0xaa, 0xaa, 0xaa, 0xae, 0xf6, 0x00, 0x00, 0x00, 0x00, 0x00, 0x00, 0x5f, 0xff, 0xff, 0xff,
    0xff, 0xff, 0xf6, 0x00, 0x00, 0x00, 0x00, 0x00, 0x00, 0x00, 0x00, 0x00, 0xdf, 0x70, 0x00, 0x00,
    0x00, 0x00, 0x00, 0x00, 0x00, 0x00, 0x00, 0x00, 0x00, 0xdf, 0x70, 0x00, 0x00, 0x00, 0x00, 0x00,
    0x00, 0x00, 0x8f, 0xff, 0xff, 0xff, 0xff, 0xff, 0xff, 0xff, 0xfc, 0x00, 0x00, 0x00, 0x00, 0x8f,
    0xff, 0xff, 0xff, 0xff, 0xff, 0xff, 0xff, 0xfc, 0x00, 0x00, 0x00, 0x00, 0x8f, 0xc1, 0x11, 0x11,
    0xdf, 0x71, 0x11, 0x18, 0xfc, 0x00, 0x00, 0x00, 0x00, 0x8f, 0xc0, 0x00, 0x00, 0xdf, 0x70, 0x00,
    0x07, 0xfc, 0x00, 0x00, 0x00, 0x00, 0x8f, 0xc0, 0x00, 0x00, 0xdf, 0x70, 0x00, 0x07, 0xfc, 0x00,
    0x00, 0x00, 0x00, 0x8f, 0xc0, 0x00, 0x00, 0xdf, 0x70, 0x10, 0x08, 0xfc, 0x00, 0x00, 0x00, 0x00,
    0x8f, 0xc0, 0x00, 0x00, 0xdf, 0x70, 0xbf, 0xff, 0xfa, 0x00, 0x00, 0x00, 0x00, 0x6c, 0xa0, 0x00,
    0x00, 0xdf, 0x70, 0x5f, 0xfd, 0xa2, 0x00, 0x00, 0x00, 0x00, 0x00, 0x00, 0x00, 0x00, 0xab, 0x50,
    0x00, 0x00, 0x00, 0x00, 0x00, 0x00, 0x00, 0x00, 0x00, 0x00, 0x00, 0x00, 0x00, 0x00, 0x00, 0x00,
    0x00, 0x00, 0x00, 0x00, 0x00, 0x00, 0x00, 0x00, 0x00, 0x00, 0x00, 0x00, 0x00, 0x00, 0x00, 0x00,
    0x00, 0x00, 0x05, 0x40, 0x00, 0x00, 0x00, 0x05, 0x61, 0x00, 0x00, 0x00, 0x00, 0x00, 0x00, 0xaf,
    0xd1, 0x00, 0x00, 0x00, 0x0c, 0xfe, 0x10, 0x00, 0x00, 0x00, 0x00, 0x00, 0x3f, 0xf8, 0x00, 0x00,
    0x00, 0x2f, 0xf9, 0x00, 0x00, 0x00, 0x00, 0x00, 0x00, 0x0a, 0xfe, 0x10, 0x00, 0x00, 0x8f, 0xf2,
    0x00, 0x00, 0x00, 0x00, 0x00, 0x00, 0x03, 0xff, 0x70, 0x00, 0x00, 0xef, 0x90, 0x00, 0x00, 0x00,
    0x00, 0x02, 0x33, 0x33, 0xca, 0x33, 0x33, 0x37, 0xff, 0x53, 0x33, 0x30, 0x00, 0x00, 0x0f, 0xff,
    0xff, 0xff, 0xff, 0xff, 0xff, 0xff, 0xff, 0xff, 0xf2, 0x00, 0x00, 0x0f, 0xff, 0xff, 0xff, 0xff,
    0xff, 0xff, 0xff, 0xff, 0xff, 0xf2, 0x00, 0x00, 0x00, 0x00, 0x06, 0xff, 0x00, 0x00, 0x00, 0xef,
    0x70, 0x00, 0x00, 0x00, 0x00, 0x00, 0x00, 0x06, 0xff, 0x00, 0x00, 0x00, 0xef, 0x70, 0x00, 0x00,
    0x00, 0x00, 0x00, 0x00, 0x06, 0xff, 0x00, 0x00, 0x00, 0xef, 0x70, 0x00, 0x00, 0x00, 0x00, 0x00,
    0x00, 0x06, 0xff, 0x00, 0x00, 0x00, 0xef, 0x70, 0x00, 0x00, 0x00, 0x00, 0x23, 0x33, 0x37, 0xff,
    0x33, 0x33, 0x33, 0xef, 0x83, 0x33, 0x32, 0x00, 0x00, 0xcf, 0xff, 0xff, 0xff, 0xff, 0xff, 0xff,
    0xff, 0xff, 0xff, 0xfd, 0x00, 0x00, 0xcf, 0xff, 0xff, 0xff, 0xff, 0xff, 0xff, 0xff, 0xff, 0xff,
    0xfd, 0x00, 0x00, 0x00, 0x00, 0x0b, 0xfb, 0x00, 0x00, 0x00, 0xef, 0x70, 0x00, 0x00, 0x00, 0x00,
    0x00, 0x00, 0x0e, 0xf8, 0x00, 0x00, 0x00, 0xef, 0x70, 0x00, 0x00, 0x00, 0x00, 0x00, 0x00, 0x6f,
    0xf5, 0x00, 0x00, 0x00, 0xef, 0x70, 0x00, 0x00, 0x00, 0x00, 0x00, 0x01, 0xdf, 0xd0, 0x00, 0x00,
    0x00, 0xef, 0x70, 0x00, 0x00, 0x00, 0x00, 0x00, 0x0b, 0xff, 0x70, 0x00, 0x00, 0x00, 0xef, 0x70,
    0x00, 0x00, 0x00, 0x00, 0x01, 0xaf, 0xfb, 0x00, 0x00, 0x00, 0x00, 0xef, 0x70, 0x00, 0x00, 0x00,
    0x00, 0x4d, 0xff, 0xd1, 0x00, 0x00, 0x00, 0x00, 0xef, 0x70, 0x00, 0x00, 0x00, 0x00, 0x3e, 0xfc,
    0x10, 0x00, 0x00, 0x00, 0x00, 0xef, 0x70, 0x00, 0x00, 0x00, 0x00, 0x05, 0x70, 0x00, 0x00, 0x00,
    0x00, 0x00, 0x99, 0x40, 0x00, 0x00, 0x00, 0x00, 0x00, 0x00, 0x00, 0x00, 0x00, 0x00, 0x00, 0x00,
    0x00, 0x00, 0x00, 0x00, 0x00, 0x00, 0x00, 0x00, 0x00, 0x00, 0x00, 0x00, 0x00, 0x00, 0x00, 0x00,
    0x00, 0x00, 0x00, 0x00, 0x00, 0x00, 0x00, 0x37, 0x70, 0x00, 0x00, 0x00, 0x00, 0x00, 0x00, 0x00,
    0x00, 0x00, 0x00, 0x00, 0x8f, 0xe1, 0x00, 0x00, 0x00, 0x00, 0x00, 0x00, 0x00, 0x22, 0x22, 0x22,
    0x22, 0x4f, 0xf7, 0x22, 0x22, 0x22, 0x21, 0x00, 0x00, 0x02, 0xff, 0xff, 0xff, 0xff, 0xff, 0xff,
    0xff, 0xff, 0xff, 0xfc, 0x00, 0x00, 0x02, 0xff, 0xff, 0xff, 0xff, 0xff, 0xff, 0xff, 0xff, 0xff,
    0xfc, 0x00, 0x00, 0x02, 0xff, 0x20, 0x00, 0x57, 0x30, 0x00, 0x03, 0x76, 0x00, 0x00, 0x00, 0x00,
    0x02, 0xff, 0x20, 0x00, 0xbf, 0x60, 0x00, 0x06, 0xfd, 0x00, 0x00, 0x00, 0x00, 0x02, 0xff, 0x6c,
    0xcc, 0xef, 0xdc, 0xcc, 0xcd, 0xff, 0xcc, 0xc7, 0x00, 0x00, 0x02, 0xff, 0x7f, 0xff, 0xff, 0xff,
    0xff, 0xff, 0xff, 0xff, 0xf8, 0x00, 0x00, 0x02, 0xff, 0x20, 0x00, 0xbf, 0x60, 0x00, 0x06, 0xfd,
    0x00, 0x00, 0x00, 0x00, 0x02, 0xff, 0x10, 0x00, 0xbf, 0x60, 0x00, 0x06, 0xfd, 0x00, 0x00, 0x00,
    0x00, 0x02, 0xff, 0x10, 0x00, 0xbf, 0x60, 0x00, 0x06, 0xfd, 0x00, 0x00, 0x00, 0x00, 0x03, 0xff,
    0x10, 0x00, 0xbf, 0xff, 0xff, 0xff, 0xfd, 0x00, 0x00, 0x00, 0x00, 0x04, 0xff, 0x00, 0x00, 0x9b,
    0xbb, 0xbb, 0xbb, 0xba, 0x00, 0x00, 0x00, 0x00, 0x05, 0xfd, 0x00, 0x00, 0x00, 0x00, 0x00, 0x00,
    0x00, 0x00, 0x00, 0x00, 0x00, 0x06, 0xfc, 0x1f, 0xff, 0xff, 0xff, 0xff, 0xff, 0xff, 0xfa, 0x00,
    0x00, 0x00, 0x08, 0xfb, 0x1c, 0xcd, 0xfd, 0xcc, 0xcc, 0xcc, 0xdf, 0xf7, 0x00, 0x00, 0x00, 0x0b,
    0xf8, 0x00, 0x0b, 0xfd, 0x20, 0x00, 0x03, 0xdf, 0xb0, 0x00, 0x00, 0x00, 0x0e, 0xf5, 0x00, 0x01,
    0xcf, 0xe6, 0x00, 0x7e, 0xfc, 0x10, 0x00, 0x00, 0x00, 0x2f, 0xf2, 0x00, 0x00, 0x1a, 0xff, 0xcd,
    0xff, 0x90, 0x00, 0x00, 0x00, 0x00, 0x7f, 0xe0, 0x00, 0x00, 0x37, 0xef, 0xff, 0xfd, 0x62, 0x00,
    0x00, 0x00, 0x00, 0xdf, 0x91, 0x9b, 0xdf, 0xff, 0xfe, 0xbd, 0xff, 0xff, 0xeb, 0x97, 0x00, 0x02,
    0xdf, 0x30, 0xbf, 0xff, 0xd9, 0x41, 0x00, 0x27, 0xcf, 0xff, 0xf8, 0x00, 0x00, 0x05, 0x00, 0x35,
    0x30, 0x00, 0x00, 0x00, 0x00, 0x00, 0x35, 0x80, 0x00, 0x00, 0x00, 0x00, 0x00, 0x00, 0x00, 0x00,
    0x00, 0x00, 0x00, 0x00, 0x00, 0x00, 0x00, 0x00, 0x00, 0x00, 0x00, 0x00, 0x00, 0x00, 0x00, 0x00,
    0x00, 0x00, 0x00, 0x00, 0x00, 0x00, 0x00, 0x00, 0x00, 0x27, 0x80, 0x00, 0x00, 0x00, 0x00, 0x00,
    0x00, 0x00, 0x00, 0x00, 0x00, 0x00, 0x3f, 0xf2, 0x00, 0x00, 0x00, 0x00, 0x00, 0x00, 0x00, 0x00,
    0x00, 0x00, 0x00, 0x0c, 0xf8, 0x00, 0x00, 0x00, 0x00, 0x00, 0x00, 0x06, 0xff, 0xff, 0xff, 0xff,
    0xff, 0xff, 0xff, 0xff, 0xff, 0xfd, 0x00, 0x00, 0x06, 0xff, 0xff, 0xff, 0xff, 0xff, 0xff, 0xff,
    0xff, 0xff, 0xfd, 0x00, 0x00, 0x06, 0xfc, 0x00, 0x00, 0x00, 0x00, 0x00, 0x00, 0x00, 0x03, 0x00,
    0x00, 0x00, 0x06, 0xfc, 0x2d, 0xdd, 0xde, 0x70, 0x02, 0x46, 0x9c, 0xef, 0x60, 0x00, 0x00, 0x06,
    0xfc, 0x3f, 0xff, 0xff, 0x85, 0xff, 0xff, 0xff, 0xda, 0x50, 0x00, 0x00, 0x06, 0xfc, 0x00, 0x03,
    0xfe, 0x11, 0xdc, 0xac, 0xf9, 0x00, 0x00, 0x00, 0x00, 0x06, 0xfc, 0x00, 0x0a, 0xf7, 0x00, 0x00,
    0x08, 0xf8, 0x00, 0x00, 0x00, 0x00, 0x06, 0xfc, 0x00, 0x3f, 0xd1, 0x00, 0x00, 0x08, 0xf8, 0x00,
    0x00, 0x00, 0x00, 0x07, 0xfc, 0x00, 0xcf, 0x60, 0x00, 0x00, 0x08, 0xf8, 0x00, 0x00, 0x00, 0x00,
    0x08, 0xfb, 0x1a, 0xff, 0xff, 0xc0, 0xdf, 0xff, 0xff, 0xff, 0xf2, 0x00, 0x00, 0x08, 0xfb, 0x0d,
    0xcb, 0xcf, 0xb0, 0xce, 0xef, 0xff, 0xee, 0xe2, 0x00, 0x00, 0x09, 0xfa, 0x02, 0x00, 0x6f, 0x70,
    0x00, 0x08, 0xf8, 0x00, 0x00, 0x00, 0x00, 0x0a, 0xf8, 0x2b, 0x80, 0xbf, 0x40, 0x00, 0x08, 0xf8,
    0x00, 0x00, 0x00, 0x00, 0x0b, 0xf7, 0x0e, 0xe2, 0xfe, 0x00, 0x00, 0x08, 0xf8, 0x00, 0x00, 0x00,
    0x00, 0x0d, 0xf5, 0x09, 0xfd, 0xf8, 0x0b, 0xff, 0xff, 0xff, 0xff, 0xfb, 0x00, 0x00, 0x1f, 0xf2,
    0x02, 0xff, 0xf1, 0x0a, 0xee, 0xee, 0xee, 0xee, 0xea, 0x00, 0x00, 0x4f, 0xe0, 0x01, 0xdf, 0xe5,
    0x00, 0x00, 0x00, 0x00, 0x00, 0x00, 0x00, 0x00, 0x9f, 0xb0, 0x1c, 0xfe, 0xff, 0xc7, 0x43, 0x10,
    0x00, 0x00, 0x00, 0x00, 0x01, 0xef, 0x63, 0xdf, 0xd2, 0x6e, 0xff, 0xff, 0xff, 0xff, 0xff, 0xfe,
    0x10, 0x01, 0x8f, 0x13, 0xed, 0x20, 0x01, 0x6a, 0xce, 0xef, 0xff, 0xff, 0xfa, 0x00, 0x00, 0x03,
    0x00, 0x31, 0x00, 0x00, 0x00, 0x00, 0x00, 0x00, 0x00, 0x00, 0x00, 0x00, 0x00, 0x00, 0x00, 0x00,
    0x00, 0x00, 0x00, 0x00, 0x00, 0x00, 0x00, 0x00, 0x00, 0x00, 0x00, 0x00, 0x00, 0x00, 0x00, 0x00,
    0x00, 0x00, 0x00, 0x00, 0x00, 0x00, 0x0f, 0xff, 0xff, 0xff, 0xff, 0xff, 0xff, 0xff, 0xff, 0xff,
    0xf2, 0x00, 0x00, 0x0f, 0xff, 0xff, 0xff, 0xff, 0xff, 0xff, 0xff, 0xff, 0xff, 0xf2, 0x00, 0x00,
    0x02, 0x33, 0x35, 0xff, 0x43, 0x33, 0x33, 0xbf, 0xb3, 0x33, 0x30, 0x00, 0x00, 0x00, 0x00, 0x03,
    0xff, 0x20, 0x00, 0x00, 0xaf, 0xa0, 0x00, 0x00, 0x00, 0x00, 0x00, 0x00, 0x03, 0xff, 0x20, 0x00,
    0x00, 0xaf, 0xa0, 0x00, 0x00, 0x00, 0x00, 0x00, 0x00, 0x03, 0xff, 0x20, 0x00, 0x00, 0xaf, 0xa0,
    0x00, 0x00, 0x00, 0x00, 0x00, 0x00, 0x03, 0xff, 0x20, 0x00, 0x00, 0xaf, 0xa0, 0x00, 0x00, 0x00,
    0x00, 0x00, 0x00, 0x03, 0xff, 0x20, 0x00, 0x00, 0xaf, 0xa0, 0x00, 0x00, 0x00, 0x00, 0x00, 0x00,
    0x03, 0xff, 0x20, 0x00, 0x00, 0xaf, 0xa0, 0x00, 0x00, 0x00, 0x00, 0xcf, 0xff, 0xff, 0xff, 0xff,
    0xff, 0xff, 0xff, 0xff, 0xff, 0xfd, 0x00, 0x00, 0xcf, 0xff, 0xff, 0xff, 0xff, 0xff, 0xff, 0xff,
    0xff, 0xff, 0xfd, 0x00, 0x00, 0x23, 0x33, 0x38, 0xfe, 0x33, 0x33, 0x33, 0xbf, 0xb3, 0x33, 0x32,
    0x00, 0x00, 0x00, 0x00, 0x09, 0xfc, 0x00, 0x00, 0x00, 0xaf, 0xa0, 0x00, 0x00, 0x00, 0x00, 0x00,
    0x00, 0x0d, 0xf9, 0x00, 0x00, 0x00, 0xaf, 0xa0, 0x00, 0x00, 0x00, 0x00, 0x00, 0x00, 0x4f, 0xf5,
    0x00, 0x00, 0x00, 0xaf, 0xa0, 0x00, 0x00, 0x00, 0x00, 0x00, 0x00, 0xaf, 0xe0, 0x00, 0x00, 0x00,
    0xaf, 0xa0, 0x00, 0x00, 0x00, 0x00, 0x00, 0x05, 0xff, 0x90, 0x00, 0x00, 0x00, 0xaf, 0xa0, 0x00,
    0x00, 0x00, 0x00, 0x00, 0x2e, 0xfe, 0x10, 0x00, 0x00, 0x00, 0xaf, 0xa0, 0x00, 0x00, 0x00, 0x00,
    0x03, 0xdf, 0xf5, 0x00, 0x00, 0x00, 0x00, 0xaf, 0xa0, 0x00, 0x00, 0x00, 0x00, 0x5e, 0xff, 0x90,
    0x00, 0x00, 0x00, 0x00, 0xaf, 0xa0, 0x00, 0x00, 0x00, 0x00, 0x4e, 0xf8, 0x00, 0x00, 0x00, 0x00,
    0x00, 0xaf, 0xa0, 0x00, 0x00, 0x00, 0x00, 0x03, 0x50, 0x00, 0x00, 0x00, 0x00, 0x00, 0x7a, 0x70,
    0x00, 0x00, 0x00, 0x00, 0x00, 0x00, 0x00, 0x00, 0x00, 0x00, 0x00, 0x00, 0x00, 0x00, 0x00, 0x00,
    0x00, 0x00, 0x00, 0x00, 0x00, 0x00, 0x00, 0x00, 0x00, 0x00, 0x00, 0x00, 0x00, 0x00, 0x00, 0x00,
    0x00, 0x00, 0x02, 0x99, 0x20, 0x00, 0x00, 0x00, 0x00, 0x00, 0x00, 0x00, 0x16, 0x00, 0x00, 0x04,
    0xff, 0x30, 0x00, 0x03, 0x94, 0x00, 0x00, 0x00, 0x01, 0xef, 0x70, 0x00, 0x04, 0xff, 0x30, 0x00,
    0x0a, 0xff, 0x20, 0x00, 0x00, 0x00, 0x8f, 0xf2, 0x00, 0x04, 0xff, 0x30, 0x00, 0x1f, 0xf9, 0x00,
    0x00, 0x00, 0x00, 0x1d, 0xfb, 0x00, 0x04, 0xff, 0x30, 0x00, 0x7f, 0xf2, 0x00, 0x00, 0x00, 0x00,
    0x06, 0xff, 0x30, 0x04, 0xff, 0x30, 0x01, 0xef, 0x80, 0x00, 0x00, 0x00, 0x00, 0x00, 0xef, 0xa0,
    0x04, 0xff, 0x30, 0x08, 0xfe, 0x10, 0x00, 0x00, 0x00, 0x00, 0x00, 0x79, 0x30, 0x04, 0xff, 0x30,
    0x08, 0xe5, 0x00, 0x00, 0x00, 0x00, 0x00, 0x00, 0x00, 0x00, 0x04, 0xff, 0x30, 0x00, 0x00, 0x00,
    0x00, 0x00, 0x00, 0x00, 0xdf, 0xff, 0xff, 0xff, 0xff, 0xff, 0xff, 0xff, 0xff, 0x10, 0x00, 0x00,
    0x00, 0xdf, 0xff, 0xff, 0xff, 0xff, 0xff, 0xff, 0xff, 0xff, 0x10, 0x00, 0x00, 0x00, 0x44, 0x44,
    0x44, 0x44, 0x44, 0x44, 0x44, 0x48, 0xff, 0x10, 0x00, 0x00, 0x00, 0x00, 0x00, 0x00, 0x00, 0x00,
    0x00, 0x00, 0x06, 0xff, 0x10, 0x00, 0x00, 0x00, 0x00, 0x00, 0x00, 0x00, 0x00, 0x00, 0x00, 0x06,
    0xff, 0x10, 0x00, 0x00, 0x00, 0x03, 0x33, 0x33, 0x33, 0x33, 0x33, 0x33, 0x37, 0xff, 0x10, 0x00,
    0x00, 0x00, 0x0f, 0xff, 0xff, 0xff, 0xff, 0xff, 0xff, 0xff, 0xff, 0x10, 0x00, 0x00, 0x00, 0x0f,
    0xff, 0xff, 0xff, 0xff, 0xff, 0xff, 0xff, 0xff, 0x10, 0x00, 0x00, 0x00, 0x00, 0x00, 0x00, 0x00,
    0x00, 0x00, 0x00, 0x06, 0xff, 0x10, 0x00, 0x00, 0x00, 0x00, 0x00, 0x00, 0x00, 0x00, 0x00, 0x00,
    0x06, 0xff, 0x10, 0x00, 0x00, 0x00, 0x00, 0x00, 0x00, 0x00, 0x00, 0x00, 0x00, 0x06, 0xff, 0x10,
    0x00, 0x00, 0x05, 0xff, 0xff, 0xff, 0xff, 0xff, 0xff, 0xff, 0xff, 0xff, 0x10, 0x00, 0x00, 0x05,
    0xff, 0xff, 0xff, 0xff, 0xff, 0xff, 0xff, 0xff, 0xff, 0x10, 0x00, 0x00, 0x01, 0x44, 0x44, 0x44,
    0x44, 0x44, 0x44, 0x44, 0x48, 0xff, 0x10, 0x00, 0x00, 0x00, 0x00, 0x00, 0x00, 0x00, 0x00, 0x00,
    0x00, 0x03, 0x77, 0x00, 0x00, 0x00, 0x00, 0x00, 0x00, 0x00, 0x00, 0x00, 0x00, 0x00, 0x00, 0x00,
    0x00, 0x00, 0x00, 0x00, 0x00, 0x00, 0x00, 0x00, 0x00, 0x00, 0x00, 0x00, 0x00, 0x00, 0x00, 0x00,
    0x00, 0x00, 0x00, 0x00, 0x01, 0x44, 0x00, 0x00, 0x00, 0x13, 0x00, 0x00, 0x00, 0x01, 0x24, 0x57,
    0x8b, 0xdf, 0xff, 0x30, 0x00, 0x00, 0xbf, 0xc1, 0x00, 0x00, 0xcf, 0xff, 0xff, 0xff, 0xff, 0xc9,
    0x40, 0x00, 0x1b, 0xff, 0x60, 0x00, 0x00, 0x8e, 0xcb, 0x98, 0x64, 0x20, 0x00, 0x00, 0x03, 0xdf,
    0xf7, 0x00, 0x00, 0x00, 0x00, 0x00, 0x07, 0x90, 0x00, 0x79, 0x40, 0x7f, 0xff, 0x70, 0x00, 0x00,
    0x00, 0x2b, 0xa0, 0x0c, 0xf4, 0x00, 0xdf, 0x8a, 0xff, 0xe4, 0x00, 0x00, 0x00, 0x00, 0x1e, 0xf4,
    0x06, 0xfb, 0x03, 0xff, 0x12, 0xec, 0x20, 0x00, 0x00, 0x00, 0x00, 0x06, 0xfc, 0x01, 0xff, 0x19,
    0xf9, 0x00, 0x20, 0x00, 0x04, 0x20, 0x00, 0x00, 0x00, 0xef, 0x30, 0xa8, 0x2f, 0xf2, 0x00, 0x00,
    0x00, 0x4f, 0xf7, 0x00, 0x00, 0x00, 0x88, 0x14, 0xa9, 0x29, 0x80, 0x00, 0x00, 0x03, 0xef, 0xe2,
    0x00, 0x00, 0x00, 0x00, 0x05, 0xfd, 0x00, 0x00, 0x00, 0x00, 0x4e, 0xfe, 0x30, 0x00, 0x00, 0x11,
    0x11, 0x16, 0xfd, 0x11, 0x11, 0x10, 0x08, 0xff, 0xe3, 0x00, 0x00, 0x00, 0xaf, 0xff, 0xff, 0xff,
    0xff, 0xff, 0x93, 0xcf, 0xfd, 0x20, 0x00, 0x00, 0x00, 0xaf, 0xff, 0xff, 0xff, 0xff, 0xff, 0x95,
    0xff, 0xa1, 0x00, 0x00, 0x00, 0x00, 0x00, 0x00, 0x6f, 0xff, 0xe3, 0x00, 0x00, 0x54, 0x00, 0x00,
    0x20, 0x00, 0x00, 0x00, 0x03, 0xff, 0xff, 0xfe, 0x40, 0x00, 0x00, 0x00, 0x07, 0xfb, 0x20, 0x00,
    0x00, 0x1d, 0xff, 0xfd, 0xaf, 0xf3, 0x00, 0x00, 0x00, 0x3f, 0xfc, 0x00, 0x00, 0x00, 0xaf, 0xe8,
    0xfd, 0x0b, 0xfe, 0x20, 0x00, 0x03, 0xef, 0xe2, 0x00, 0x00, 0x0a, 0xff, 0x45, 0xfd, 0x01, 0xde,
    0x30, 0x00, 0x3e, 0xff, 0x40, 0x00, 0x02, 0xcf, 0xf7, 0x05, 0xfd, 0x00, 0x34, 0x00, 0x07, 0xff,
    0xf5, 0x00, 0x00, 0x01, 0xef, 0x70, 0x05, 0xfd, 0x00, 0x00, 0x04, 0xcf, 0xfe, 0x40, 0x00, 0x00,
    0x00, 0x56, 0x00, 0x05, 0xfd, 0x00, 0x00, 0xbf, 0xff, 0xc2, 0x00, 0x00, 0x00, 0x00, 0x00, 0x00,
    0x05, 0xfd, 0x00, 0x00, 0x5f, 0xe7, 0x00, 0x00, 0x00, 0x00, 0x00, 0x00, 0x00, 0x03, 0x87, 0x00,
    0x00, 0x06, 0x10, 0x00, 0x00, 0x00, 0x00, 0x00, 0x00, 0x00, 0x00, 0x00, 0x00, 0x00, 0x00, 0x00,
    0x00, 0x00, 0x00, 0x00, 0x00, 0x00, 0x00, 0x00, 0x00, 0x00, 0x00, 0x00, 0x00, 0x00, 0x00, 0x00,
    0x00, 0x00, 0x00, 0x00, 0x22, 0x00, 0x00, 0x00, 0x03, 0x63, 0x00, 0x00, 0x00, 0x00, 0x00, 0x00,
    0x00, 0xbf, 0x90, 0x00, 0x00, 0x09, 0xf9, 0x00, 0x00, 0x00, 0x00, 0x00, 0x00, 0x07, 0xff, 0x60,
    0x00, 0x00, 0x09, 0xf9, 0x00, 0x00, 0x00, 0x00, 0x00, 0x00, 0x5f, 0xf9, 0x00, 0x11, 0x11, 0x1a,
    0xfa, 0x11, 0x11, 0x10, 0x00, 0x00, 0x06, 0xff, 0xb0, 0x00, 0xbf, 0xff, 0xff, 0xff, 0xff, 0xff,
    0xf0, 0x00, 0x00, 0x9f, 0xf9, 0x00, 0x00, 0xbf, 0xff, 0xff, 0xff, 0xff, 0xff, 0xf0, 0x00, 0x00,
    0x9e, 0x60, 0x09, 0x61, 0x00, 0x00, 0x09, 0xf9, 0x00, 0x00, 0x00, 0x00, 0x00, 0x12, 0x00, 0x9f,
    0xd1, 0x00, 0x00, 0x09, 0xf9, 0x00, 0x00, 0x00, 0x00, 0x00, 0x00, 0x07, 0xfe, 0x5f, 0xff, 0xff,
    0xff, 0xff, 0xff, 0xff, 0xff, 0x30, 0x00, 0x00, 0x5f, 0xf7, 0x2f, 0xff, 0xff, 0xff, 0xff, 0xff,
    0xff, 0xff, 0x30, 0x00, 0x05, 0xff, 0xf6, 0x01, 0x11, 0x11, 0x11, 0x11, 0x5f, 0xe1, 0x11, 0x00,
    0x00, 0x5f, 0xff, 0xf6, 0x00, 0x00, 0x00, 0x00, 0x00, 0x4f, 0xe0, 0x00, 0x00, 0x03, 0xff, 0xee,
    0xf6, 0x00, 0x00, 0x00, 0x00, 0x00, 0x4f, 0xe0, 0x00, 0x00, 0x01, 0xef, 0x4b, 0xf6, 0x0d, 0xff,
    0xff, 0xff, 0xff, 0xff, 0xff, 0xff, 0x00, 0x00, 0x74, 0x0b, 0xf6, 0x0d, 0xff, 0xff, 0xff, 0xff,
    0xff, 0xff, 0xff, 0x00, 0x00, 0x00, 0x0b, 0xf6, 0x01, 0x12, 0x51, 0x11, 0x11, 0x5f, 0xe1, 0x11,
    0x00, 0x00, 0x00, 0x0b, 0xf6, 0x00, 0x1d, 0xf5, 0x00, 0x00, 0x4f, 0xe0, 0x00, 0x00, 0x00, 0x00,
    0x0b, 0xf6, 0x00, 0x08, 0xfe, 0x20, 0x00, 0x4f, 0xe0, 0x00, 0x00, 0x00, 0x00, 0x0b, 0xf6, 0x00,
    0x00, 0xcf, 0xb0, 0x00, 0x4f, 0xe0, 0x00, 0x00, 0x00, 0x00, 0x0b, 0xf6, 0x00, 0x00, 0x3f, 0xf3,
    0x00, 0x4f, 0xe0, 0x00, 0x00, 0x00, 0x00, 0x0b, 0xf6, 0x00, 0x00, 0x07, 0x30, 0x00, 0x5f, 0xe0,
    0x00, 0x00, 0x00, 0x00, 0x0b, 0xf6, 0x00, 0x00, 0x00, 0x0a, 0xee, 0xff, 0xc0, 0x00, 0x00, 0x00,
    0x00, 0x0b, 0xf6, 0x00, 0x00, 0x00, 0x05, 0xff, 0xfd, 0x40, 0x00, 0x00, 0x00, 0x00, 0x02, 0x31,
    0x00, 0x00, 0x00, 0x00, 0x22, 0x10, 0x00, 0x00, 0x00, 0x00, 0x00, 0x00, 0x00, 0x00, 0x00, 0x00,
    0x00, 0x00, 0x00, 0x00, 0x00, 0x00, 0x00, 0x00, 0x00, 0x00, 0x00, 0x00, 0x00, 0x00, 0x00, 0x00,
    0x00, 0x00, 0x00, 0x00, 0x00, 0x00, 0x24, 0x00, 0x00, 0x00, 0x05, 0x51, 0x00, 0x00, 0x00, 0x00,
    0x00, 0x00, 0x00, 0xcf, 0xa0, 0x00, 0x00, 0x0f, 0xf3, 0x00, 0x00, 0x00, 0x00, 0x00, 0x00, 0x0a,
    0xfe, 0x30, 0x00, 0x00, 0x0f, 0xf3, 0x00, 0x00, 0x00, 0x00, 0x00, 0x00, 0x9f, 0xf5, 0x00, 0xdf,
    0xff, 0xff, 0xff, 0xff, 0xff, 0x80, 0x00, 0x00, 0x1b, 0xff, 0x80, 0x00, 0xce, 0xee, 0xef, 0xfe,
    0xee, 0xff, 0x80, 0x00, 0x00, 0xcf, 0xf9, 0x00, 0x00, 0x00, 0x00, 0x0f, 0xf3, 0x00, 0xaf, 0x80,
    0x00, 0x00, 0x9f, 0x90, 0x19, 0x30, 0x00, 0x00, 0x0f, 0xf3, 0x00, 0xaf, 0x80, 0x00, 0x00, 0x26,
    0x00, 0x8f, 0xee, 0xff, 0xff, 0xff, 0xff, 0xff, 0xff, 0xff, 0x20, 0x00, 0x00, 0x05, 0xff, 0x4d,
    0xff, 0xff, 0xff, 0xff, 0xff, 0xff, 0xff, 0x20, 0x00, 0x00, 0x4f, 0xf7, 0x00, 0x00, 0x00, 0x0f,
    0xf3, 0x00, 0xaf, 0x80, 0x00, 0x00, 0x06, 0xff, 0xf4, 0x00, 0xcd, 0xdd, 0xdf, 0xfd, 0xdd, 0xef,
    0x80, 0x00, 0x00, 0x8f, 0xff, 0xf4, 0x00, 0xef, 0xff, 0xff, 0xff, 0xff, 0xff, 0x80, 0x00, 0x04,
    0xff, 0xcd, 0xf4, 0x00, 0x00, 0x00, 0x0f, 0xf3, 0x00, 0x00, 0x00, 0x00, 0x00, 0xde, 0x2d, 0xf4,
    0x00, 0x00, 0x00, 0x0f, 0xf3, 0x00, 0x00, 0x00, 0x00, 0x00, 0x63, 0x0d, 0xf4, 0x04, 0xdd, 0xdd,
    0xdf, 0xfe, 0xdd, 0xdd, 0xb0, 0x00, 0x00, 0x00, 0x0d, 0xf4, 0x04, 0xff, 0xff, 0xff, 0xff, 0xff,
    0xff, 0xc0, 0x00, 0x00, 0x00, 0x0d, 0xf4, 0x00, 0x00, 0x00, 0x0f, 0xf3, 0x00, 0x00, 0x00, 0x00,
    0x00, 0x00, 0x0d, 0xf4, 0x00, 0x00, 0x00, 0x0f, 0xf3, 0x00, 0x00, 0x00, 0x00, 0x00, 0x00, 0x0d,
    0xf4, 0x4f, 0xff, 0xff, 0xff, 0xff, 0xff, 0xff, 0xfd, 0x00, 0x00, 0x00, 0x0d, 0xf4, 0x4f, 0xff,
    0xff, 0xff, 0xff, 0xff, 0xff, 0xfd, 0x00, 0x00, 0x00, 0x0d, 0xf4, 0x00, 0x00, 0x00, 0x0f, 0xf3,
    0x00, 0x00, 0x00, 0x00, 0x00, 0x00, 0x0d, 0xf4, 0x00, 0x00, 0x00, 0x0f, 0xf3, 0x00, 0x00, 0x00,
    0x00, 0x00, 0x00, 0x0d, 0xf4, 0x00, 0x00, 0x00, 0x0f, 0xf3, 0x00, 0x00, 0x00, 0x00, 0x00, 0x00,
    0x08, 0x92, 0x00, 0x00, 0x00, 0x09, 0x92, 0x00, 0x00, 0x00, 0x00, 0x00, 0x00, 0x00, 0x00, 0x00,
    0x00, 0x00, 0x00, 0x00, 0x00, 0x00, 0x00, 0x00, 0x00, 0x00, 0x00, 0x00, 0x00, 0x00, 0x00, 0x00,
    0x00, 0x00, 0x00, 0x00, 0x00, 0x00, 0x00, 0x00, 0x00, 0x01, 0xa4, 0x00, 0x00, 0x00, 0x00, 0x00,
    0x00, 0x00, 0x00, 0x00, 0x00, 0x00, 0x0a, 0xff, 0x80, 0x00, 0x00, 0x00, 0x00, 0x00, 0x00, 0x00,
    0x00, 0x00, 0x00, 0x01, 0xcf, 0xfb, 0x10, 0x00, 0x00, 0x00, 0x00, 0x00, 0x00, 0x00, 0x00, 0x00,
    0x00, 0x09, 0xff, 0xd3, 0x00, 0x00, 0x00, 0x00, 0x00, 0x00, 0x00, 0x00, 0x00, 0x00, 0x00, 0x6f,
    0xfe, 0x40, 0x00, 0x00, 0x00, 0x00, 0x00, 0x00, 0x00, 0x00, 0x00, 0x00, 0x05, 0xff, 0xe1, 0x00,
    0x00, 0x00, 0x00, 0x00, 0x00, 0x00, 0x00, 0x77, 0x30, 0x00, 0x4e, 0x40, 0x00, 0x00, 0x00, 0x00,
    0x00, 0x00, 0x00, 0x00, 0xef, 0x60, 0x00, 0x01, 0x00, 0x00, 0x42, 0x00, 0x00, 0x00, 0x01, 0xa7,
    0x10, 0xef, 0x60, 0x00, 0x00, 0x00, 0x0b, 0xf8, 0x00, 0x00, 0x00, 0x03, 0xff, 0x20, 0xef, 0x60,
    0x00, 0x00, 0x00, 0x08, 0xfe, 0x00, 0x00, 0x00, 0x05, 0xff, 0x00, 0xef, 0x60, 0x00, 0x00, 0x00,
    0x03, 0xff, 0x50, 0x00, 0x00, 0x08, 0xfc, 0x00, 0xef, 0x60, 0x00, 0x00, 0x00, 0x00, 0xcf, 0xb0,
    0x00, 0x00, 0x0a, 0xfa, 0x00, 0xef, 0x60, 0x00, 0x00, 0x00, 0x00, 0x7f, 0xf1, 0x00, 0x00, 0x0d,
    0xf8, 0x00, 0xef, 0x60, 0x00, 0x00, 0x00, 0x00, 0x1f, 0xf6, 0x00, 0x00, 0x1f, 0xf5, 0x00, 0xef,
    0x60, 0x00, 0x00, 0x00, 0x00, 0x0c, 0xfb, 0x00, 0x00, 0x5f, 0xf2, 0x00, 0xef, 0x60, 0x00, 0x00,
    0x03, 0x92, 0x08, 0xfe, 0x00, 0x00, 0x9f, 0xd0, 0x00, 0xef, 0x60, 0x00, 0x00, 0x04, 0xfe, 0x04,
    0xff, 0x30, 0x00, 0xdf, 0x90, 0x00, 0xef, 0x60, 0x00, 0x00, 0x05, 0xfd, 0x01, 0xa4, 0x00, 0x00,
    0x18, 0x40, 0x00, 0xef, 0x60, 0x00, 0x00, 0x08, 0xfb, 0x00, 0x00, 0x00, 0x00, 0x00, 0x00, 0x00,
    0xdf, 0x90, 0x00, 0x00, 0x2d, 0xf8, 0x00, 0x00, 0x00, 0x00, 0x00, 0x00, 0x00, 0xaf, 0xff, 0xff,
    0xff, 0xff, 0xf3, 0x00, 0x00, 0x00, 0x00, 0x00, 0x00, 0x00, 0x2b, 0xff, 0xff, 0xff, 0xfe, 0x50,
    0x00, 0x00, 0x00, 0x00, 0x00, 0x00, 0x00, 0x00, 0x02, 0x22, 0x22, 0x10, 0x00, 0x00, 0x00, 0x00,
    0x00, 0x00, 0x00, 0x00, 0x00, 0x00, 0x00, 0x00, 0x00, 0x00, 0x00, 0x00, 0x00, 0x00, 0x00, 0x00,
    0x00, 0x00, 0x00, 0x00, 0x00, 0x00, 0x00, 0x00, 0x00, 0x00, 0x00, 0x00, 0x19, 0x90, 0x00, 0x00,
    0x29, 0x70, 0x00, 0x00, 0x00, 0x00, 0x00, 0x00, 0x00, 0x2f, 0xe0, 0x00, 0x00, 0x4f, 0xd0, 0x00,
    0x00, 0x00, 0x00, 0x00, 0x00, 0x00, 0x2f, 0xe0, 0x00, 0x00, 0x6f, 0xb0, 0x00, 0x00, 0x00, 0x00,
    0x00, 0x00, 0x00, 0x2f, 0xe0, 0x00, 0x00, 0x7f, 0xa0, 0x00, 0x00, 0x00, 0x00, 0x00, 0x00, 0x00,
    0x2f, 0xe4, 0x49, 0xff, 0xff, 0xff, 0xff, 0xff, 0xff, 0xfb, 0x00, 0x00, 0x2c, 0x8f, 0xee, 0xd9,
    0xff, 0xff, 0xff, 0xff, 0xff, 0xff, 0xfb, 0x00, 0x00, 0x4f, 0x9f, 0xea, 0xf4, 0x00, 0xdf, 0x40,
    0x01, 0x21, 0x00, 0x00, 0x00, 0x00, 0x5f, 0x8f, 0xe5, 0xf8, 0x01, 0xff, 0x10, 0x03, 0xfa, 0x00,
    0x00, 0x00, 0x00, 0x7f, 0x7f, 0xe1, 0xfb, 0x04, 0xfd, 0x00, 0x04, 0xf9, 0x00, 0x00, 0x00, 0x00,
    0xaf, 0x4f, 0xe0, 0xa6, 0x07, 0xfa, 0x1a, 0x55, 0xf8, 0x06, 0xb3, 0x00, 0x00, 0xde, 0x2f, 0xe0,
    0x00, 0x0b, 0xf6, 0x4f, 0x76, 0xf7, 0x0a, 0xf3, 0x00, 0x01, 0xeb, 0x2f, 0xe0, 0x00, 0x1f, 0xf2,
    0x7f, 0x48, 0xf6, 0x0d, 0xe0, 0x00, 0x00, 0x02, 0x2f, 0xe0, 0x00, 0x5f, 0xd0, 0xaf, 0x1a, 0xf4,
    0x2f, 0xa0, 0x00, 0x00, 0x00, 0x2f, 0xe0, 0x00, 0xaf, 0x91, 0xec, 0x0d, 0xf2, 0x8f, 0x60, 0x00,
    0x00, 0x00, 0x2f, 0xe0, 0x02, 0xff, 0x36, 0xf6, 0x1f, 0xf0, 0xdf, 0x10, 0x00, 0x00, 0x00, 0x2f,
    0xe0, 0x08, 0xfc, 0x02, 0xa1, 0x5f, 0xf4, 0x68, 0x00, 0x00, 0x00, 0x00, 0x2f, 0xe0, 0x2f, 0xf5,
    0x00, 0x00, 0xaf, 0xf9, 0x00, 0x00, 0x00, 0x00, 0x00, 0x2f, 0xe0, 0xcf, 0xd0, 0x00, 0x02, 0xff,
    0xef, 0x20, 0x00, 0x00, 0x00, 0x00, 0x2f, 0xe2, 0xef, 0x30, 0x00, 0x0a, 0xfb, 0x6f, 0xa0, 0x00,
    0x00, 0x00, 0x00, 0x2f, 0xe0, 0x38, 0x00, 0x00, 0x7f, 0xf3, 0x0c, 0xf7, 0x00, 0x00, 0x00, 0x00,
    0x2f, 0xe0, 0x00, 0x00, 0x09, 0xff, 0x80, 0x04, 0xff, 0x70, 0x00, 0x00, 0x00, 0x2f, 0xe0, 0x00,
    0x06, 0xef, 0xfa, 0x00, 0x00, 0x8f, 0xfb, 0x00, 0x00, 0x00, 0x2f, 0xe0, 0x00, 0x05, 0xfe, 0x70,
    0x00, 0x00, 0x08, 0xf7, 0x00, 0x00, 0x00, 0x19, 0x80, 0x00, 0x00, 0x71, 0x00, 0x00, 0x00, 0x00,
    0x30, 0x00, 0x00, 0x00, 0x00, 0x00, 0x00, 0x00, 0x00, 0x00, 0x00, 0x00, 0x00, 0x00, 0x00, 0x00,
    0x00, 0x00, 0x00, 0x00, 0x00, 0x00, 0x00, 0x00, 0x00, 0x00, 0x00, 0x00, 0x00, 0x00, 0x00, 0x00,
    0x00, 0x00, 0x00, 0x28, 0x70, 0x27, 0x00, 0x00, 0x00, 0x00, 0x00, 0x00, 0x00, 0x00, 0x00, 0x00,
    0x3f, 0xe0, 0xbf, 0xc2, 0x00, 0x00, 0x00, 0x00, 0x00, 0x00, 0x00, 0x00, 0x00, 0x3f, 0xf0, 0x19,
    0xfa, 0x00, 0x00, 0x00, 0x02, 0xff, 0xff, 0xff, 0xff, 0xff, 0xff, 0xff, 0xff, 0xff, 0xfc, 0x00,
    0x00, 0x02, 0xff, 0xcc, 0xcc, 0xcc, 0xcc, 0xcf, 0xfd, 0xcc, 0xcc, 0xca, 0x00, 0x00, 0x02, 0xff,
    0x00, 0x00, 0x00, 0x00, 0x0d, 0xf4, 0x00, 0x11, 0x00, 0x00, 0x00, 0x02, 0xff, 0x29, 0x99, 0x99,
    0x99, 0x2b, 0xf6, 0x00, 0xaf, 0x60, 0x00, 0x00, 0x02, 0xfe, 0x3f, 0xff, 0xff, 0xff, 0x48, 0xf8,
    0x02, 0xff, 0x20, 0x00, 0x00, 0x03, 0xfe, 0x00, 0x00, 0x00, 0x00, 0x06, 0xfc, 0x09, 0xfa, 0x00,
    0x00, 0x00, 0x04, 0xfc, 0x0f, 0xff, 0xff, 0xfe, 0x02, 0xff, 0x5f, 0xf3, 0x00, 0x00, 0x00, 0x06,
    0xfa, 0x0f, 0xe9, 0x99, 0xee, 0x00, 0xcf, 0xff, 0x70, 0x00, 0x00, 0x00, 0x09, 0xf8, 0x0f, 0xc0,
    0x00, 0xde, 0x00, 0x7f, 0xfc, 0x00, 0x96, 0x00, 0x00, 0x0d, 0xf4, 0x0f, 0xc0, 0x00, 0xde, 0x02,
    0xcf, 0xf6, 0x00, 0xcf, 0x10, 0x00, 0x4f, 0xe1, 0x0f, 0xff, 0xff, 0xfe, 0x4e, 0xff, 0xff, 0x52,
    0xed, 0x00, 0x00, 0xcf, 0xa0, 0x08, 0x88, 0x88, 0x88, 0xdf, 0xd3, 0xaf, 0xff, 0xf9, 0x00, 0x00,
    0x8f, 0x20, 0x00, 0x00, 0x00, 0x50, 0x2a, 0x10, 0x08, 0xef, 0xc1, 0x00, 0x00, 0x03, 0x00, 0x04,
    0x52, 0x0b, 0xf9, 0x00, 0x00, 0x00, 0x11, 0x00, 0x00, 0x00, 0x00, 0x96, 0x1c, 0xf7, 0x02, 0xef,
    0x90, 0x00, 0x08, 0xfa, 0x00, 0x00, 0x00, 0x04, 0xff, 0x2c, 0xf7, 0x00, 0x3f, 0xf6, 0x04, 0x33,
    0xff, 0x50, 0x00, 0x00, 0x0b, 0xfa, 0x0c, 0xf7, 0x00, 0x06, 0xb4, 0x08, 0xf8, 0x9f, 0xd0, 0x00,
    0x00, 0x5f, 0xf2, 0x0c, 0xf8, 0x00, 0x00, 0x00, 0x0c, 0xf6, 0x2f, 0xf6, 0x00, 0x00, 0xbf, 0x90,
    0x0a, 0xff, 0xcc, 0xcc, 0xcc, 0xdf, 0xf2, 0x09, 0xb5, 0x00, 0x00, 0x03, 0x10, 0x02, 0xae, 0xff,
    0xff, 0xff, 0xed, 0x50, 0x00, 0x00, 0x00, 0x00, 0x00, 0x00, 0x00, 0x00, 0x00, 0x00, 0x00, 0x00,
    0x00, 0x00, 0x00, 0x00, 0x00, 0x00, 0x00, 0x00, 0x00, 0x00, 0x00, 0x00, 0x00, 0x00, 0x00, 0x00,
    0x00, 0x00, 0x00, 0x00, 0x00, 0x00, 0x00, 0x00, 0x00, 0x13, 0x69, 0x40, 0x00, 0x00, 0x00, 0x00,
    0x12, 0x34, 0x56, 0x78, 0x9a, 0xce, 0xff, 0xff, 0xe4, 0x00, 0x00, 0x00, 0x04, 0xff, 0xff, 0xff,
    0xff, 0xff, 0xff, 0xeb, 0x96, 0x20, 0x00, 0x00, 0x00, 0x00, 0xee, 0xdc, 0xba, 0x99, 0xff, 0x51,
    0x00, 0x00, 0x00, 0x00, 0x00, 0x00, 0x00, 0x00, 0x00, 0x00, 0x02, 0xff, 0x30, 0x00, 0x00, 0x00,
    0x00, 0x00, 0x00, 0x00, 0x00, 0x00, 0x00, 0x02, 0xff, 0x30, 0x00, 0x00, 0x00, 0x00, 0x00, 0x00,
    0x00, 0x00, 0x00, 0x00, 0x02, 0xff, 0x30, 0x00, 0x00, 0x00, 0x00, 0x00, 0x00, 0x01, 0x22, 0x22,
    0x22, 0x24, 0xff, 0x52, 0x22, 0x22, 0x22, 0x10, 0x00, 0x00, 0x04, 0xff, 0xff, 0xff, 0xff, 0xff,
    0xff, 0xff, 0xff, 0xff, 0x80, 0x00, 0x00, 0x04, 0xff, 0xff, 0xff, 0xff, 0xff, 0xff, 0xff, 0xff,
    0xff, 0x80, 0x00, 0x00, 0x00, 0x00, 0x00, 0x00, 0x02, 0xff, 0x30, 0x00, 0x00, 0x00, 0x00, 0x00,
    0x00, 0x00, 0x00, 0x00, 0x00, 0x02, 0xff, 0x30, 0x00, 0x00, 0x00, 0x00, 0x00, 0x00, 0x00, 0x00,
    0x00, 0x00, 0x02, 0xff, 0x30, 0x00, 0x00, 0x00, 0x00, 0x00, 0x00, 0xef, 0xff, 0xff, 0xff, 0xff,
    0xff, 0xff, 0xff, 0xff, 0xff, 0xfe, 0x00, 0x00, 0xef, 0xff, 0xff, 0xff, 0xff, 0xff, 0xff, 0xff,
    0xff, 0xff, 0xfe, 0x00, 0x00, 0x33, 0x33, 0x33, 0x33, 0x35, 0xff, 0x63, 0x33, 0x33, 0x33, 0x33,
    0x00, 0x00, 0x00, 0x00, 0x00, 0x00, 0x02, 0xff, 0x30, 0x00, 0x00, 0x00, 0x00, 0x00, 0x00, 0x00,
    0x00, 0x00, 0x00, 0x02, 0xff, 0x30, 0x00, 0x00, 0x00, 0x00, 0x00, 0x00, 0x00, 0x00, 0x00, 0x00,
    0x02, 0xff, 0x30, 0x00, 0x00, 0x00, 0x00, 0x00, 0x00, 0x00, 0x00, 0x00, 0x00, 0x02, 0xff, 0x30,
    0x00, 0x00, 0x00, 0x00, 0x00, 0x00, 0x00, 0x00, 0x00, 0x00, 0x04, 0xff, 0x30, 0x00, 0x00, 0x00,
    0x00, 0x00, 0x00, 0x00, 0x00, 0x2f, 0xff, 0xff, 0xff, 0x10, 0x00, 0x00, 0x00, 0x00, 0x00, 0x00,
    0x00, 0x00, 0x0a, 0xff, 0xff, 0xd5, 0x00, 0x00, 0x00, 0x00, 0x00, 0x00, 0x00, 0x00, 0x00, 0x01,
    0x33, 0x31, 0x00, 0x00, 0x00, 0x00, 0x00, 0x00, 0x00, 0x00, 0x00, 0x00, 0x00, 0x00, 0x00, 0x00,
    0x00, 0x00, 0x00, 0x00, 0x00, 0x00, 0x00, 0x00, 0x00, 0x00, 0x00, 0x00, 0x00, 0x00, 0x00, 0x00,
    0x00, 0x00, 0x00, 0x00, 0x00, 0x04, 0x86, 0x00, 0x00, 0x00, 0x00, 0x00, 0x00, 0x00, 0x00, 0x00,
    0x00, 0x00, 0x07, 0xfb, 0x00, 0x00, 0x00, 0x00, 0x00, 0x00, 0x00, 0x00, 0x00, 0x00, 0x00, 0x07,
    0xfb, 0x00, 0x01, 0x11, 0x11, 0x11, 0x11, 0x11, 0x10, 0x00, 0x00, 0x00, 0x07, 0xfb, 0x00, 0x0e,
    0xff, 0xff, 0xff, 0xff, 0xff, 0xd0, 0x00, 0x00, 0x00, 0x07, 0xfb, 0x00, 0x0e, 0xff, 0xff, 0xff,
    0xff, 0xff, 0xd0, 0x00, 0x00, 0xef, 0xff, 0xff, 0xff, 0xa0, 0x00, 0x00, 0x00, 0x00, 0x5f, 0xd0,
    0x00, 0x00, 0xef, 0xff, 0xff, 0xff, 0xa0, 0x00, 0x00, 0x00, 0x00, 0x5f, 0xd0, 0x00, 0x00, 0x11,
    0x18, 0xfb, 0x11, 0x10, 0x00, 0x00, 0x00, 0x00, 0x5f, 0xd0, 0x00, 0x00, 0x00, 0x07, 0xfb, 0x00,
    0x00, 0x00, 0x00, 0x00, 0x00, 0x5f, 0xd0, 0x00, 0x00, 0x00, 0x07, 0xfb, 0x00, 0x00, 0x00, 0x00,
    0x00, 0x00, 0x5f, 0xd0, 0x00, 0x00, 0x00, 0x07, 0xfb, 0x00, 0x01, 0x33, 0x33, 0x33, 0x33, 0x7f,
    0xd0, 0x00, 0x00, 0x00, 0x07, 0xfb, 0x36, 0x75, 0xff, 0xff, 0xff, 0xff, 0xff, 0xd0, 0x00, 0x00,
    0x01, 0x4b, 0xff, 0xff, 0xc5, 0xff, 0xff, 0xff, 0xff, 0xff, 0xd0, 0x00, 0x01, 0xcf, 0xff, 0xff,
    0xeb, 0x70, 0x00, 0x00, 0x00, 0x00, 0x5f, 0xd0, 0x00, 0x00, 0xdf, 0xed, 0xfb, 0x00, 0x00, 0x00,
    0x00, 0x00, 0x00, 0x5f, 0xd0, 0x00, 0x00, 0x43, 0x07, 0xfb, 0x00, 0x00, 0x00, 0x00, 0x00, 0x00,
    0x5f, 0xd0, 0x00, 0x00, 0x00, 0x07, 0xfb, 0x00, 0x00, 0x00, 0x00, 0x00, 0x00, 0x5f, 0xd0, 0x00,
    0x00, 0x00, 0x07, 0xfb, 0x00, 0x00, 0x00, 0x00, 0x00, 0x00, 0x5f, 0xd0, 0x00, 0x00, 0x00, 0x07,
    0xfb, 0x00, 0x00, 0x00, 0x00, 0x00, 0x00, 0x5f, 0xd0, 0x00, 0x00, 0x00, 0x07, 0xfb, 0x00, 0x02,
    0x22, 0x22, 0x22, 0x22, 0x6f, 0xd0, 0x00, 0x00, 0x00, 0x08, 0xfb, 0x00, 0x1f, 0xff, 0xff, 0xff,
    0xff, 0xff, 0xd0, 0x00, 0x00, 0x3f, 0xff, 0xf8, 0x00, 0x1f, 0xff, 0xff, 0xff, 0xff, 0xff, 0xd0,
    0x00, 0x00, 0x0d, 0xfe, 0xa1, 0x00, 0x00, 0x00, 0x00, 0x00, 0x00, 0x5f, 0xd0, 0x00, 0x00, 0x00,
    0x00, 0x00, 0x00, 0x00, 0x00, 0x00, 0x00, 0x00, 0x38, 0x70, 0x00, 0x00, 0x00, 0x00, 0x00, 0x00,
    0x00, 0x00, 0x00, 0x00, 0x00, 0x00, 0x00, 0x00, 0x00, 0x00, 0x00, 0x00, 0x00, 0x00, 0x00, 0x00,
    0x00, 0x00, 0x00, 0x00, 0x00, 0x00, 0x00, 0x07, 0xa4, 0x00, 0x00, 0x04, 0x87, 0x00, 0x10, 0x00,
    0x00, 0x00, 0x00, 0x00, 0x0b, 0xf7, 0x00, 0x00, 0x06, 0xfe, 0x04, 0xea, 0x00, 0x00, 0x00, 0x00,
    0x00, 0x0b, 0xf7, 0x00, 0x00, 0x05, 0xff, 0x04, 0xef, 0xa0, 0x00, 0x00, 0x00, 0x00, 0x0b, 0xf7,
    0x00, 0x00, 0x04, 0xff, 0x00, 0x4f, 0xf9, 0x00, 0x00, 0x00, 0x00, 0x0b, 0xf7, 0x00, 0x00, 0x03,
    0xff, 0x10, 0x06, 0xfa, 0x00, 0x00, 0x00, 0xff, 0xff, 0xff, 0xff, 0x40, 0x02, 0xff, 0x20, 0x00,
    0x53, 0x53, 0x00, 0x00, 0xff, 0xff, 0xff, 0xff, 0x53, 0x57, 0xff, 0xcc, 0xef, 0xff, 0xf9, 0x00,
    0x00, 0x22, 0x2c, 0xf8, 0x22, 0x7f, 0xff, 0xff, 0xff, 0xff, 0xff, 0xd8, 0x00, 0x00, 0x00, 0x0b,
    0xf7, 0x00, 0x5f, 0xed, 0xff, 0xb6, 0x53, 0x10, 0x00, 0x00, 0x00, 0x00, 0x0b, 0xf7, 0x00, 0x11,
    0x00, 0xbf, 0x80, 0x00, 0x44, 0x00, 0x00, 0x00, 0x00, 0x0b, 0xf7, 0x01, 0x10, 0x00, 0x9f, 0xb0,
    0x00, 0xdf, 0x60, 0x00, 0x00, 0x00, 0x0b, 0xfb, 0xcf, 0x50, 0x00, 0x7f, 0xd0, 0x06, 0xff, 0x30,
    0x00, 0x00, 0x26, 0xae, 0xff, 0xff, 0x70, 0x00, 0x5f, 0xf1, 0x1e, 0xfa, 0x00, 0x00, 0x02, 0xff,
    0xff, 0xfd, 0x83, 0x00, 0x00, 0x2f, 0xf4, 0xbf, 0xf2, 0x00, 0x00, 0x00, 0xdf, 0xbd, 0xf7, 0x00,
    0x00, 0x00, 0x0d, 0xfd, 0xff, 0x90, 0x00, 0x00, 0x00, 0x31, 0x0b, 0xf7, 0x00, 0x00, 0x00, 0x0a,
    0xff, 0xfc, 0x00, 0x00, 0x00, 0x00, 0x00, 0x0b, 0xf7, 0x00, 0x00, 0x00, 0x08, 0xff, 0xf3, 0x00,
    0x00, 0x00, 0x00, 0x00, 0x0b, 0xf7, 0x00, 0x00, 0x00, 0x7f, 0xff, 0x80, 0x00, 0x95, 0x00, 0x00,
    0x00, 0x0b, 0xf7, 0x00, 0x00, 0x09, 0xff, 0xff, 0xb0, 0x00, 0xbf, 0x40, 0x00, 0x00, 0x0b, 0xf7,
    0x00, 0x05, 0xdf, 0xfc, 0x6f, 0xf5, 0x00, 0xdf, 0x20, 0x00, 0x00, 0x0c, 0xf7, 0x01, 0xcf, 0xff,
    0x90, 0x0c, 0xfe, 0x54, 0xfe, 0x00, 0x00, 0x6f, 0xff, 0xf5, 0x00, 0x7f, 0xc4, 0x00, 0x03, 0xff,
    0xff, 0xf9, 0x00, 0x00, 0x2f, 0xfd, 0x90, 0x00, 0x03, 0x00, 0x00, 0x00, 0x5e, 0xff, 0xf3, 0x00,
    0x00, 0x00, 0x00, 0x00, 0x00, 0x00, 0x00, 0x00, 0x00, 0x02, 0x7a, 0x40, 0x00, 0x00, 0x00, 0x00,
    0x00, 0x00, 0x00, 0x00, 0x00, 0x00, 0x00, 0x00, 0x00, 0x00, 0x00, 0x00, 0x00, 0x00, 0x00, 0x00,
    0x00, 0x00, 0x00, 0x00, 0x00, 0x00, 0x00, 0x00, 0x00, 0x06, 0x61, 0x00, 0x00, 0x00, 0x00, 0x00,
    0x00, 0x00, 0x00, 0x00, 0x00, 0x00, 0x0f, 0xf3, 0x00, 0x00, 0x00, 0x00, 0x00, 0x00, 0x01, 0x00,
    0x00, 0x00, 0x00, 0x0f, 0xf3, 0x00, 0x7f, 0xff, 0xff, 0xff, 0xff, 0xff, 0x90, 0x00, 0x00, 0x00,
    0x0f, 0xf3, 0x00, 0x7f, 0xff, 0xff, 0xff, 0xff, 0xff, 0x50, 0x00, 0x00, 0x00, 0x0f, 0xf3, 0x00,
    0x00, 0x8f, 0xb1, 0x00, 0x1b, 0xf9, 0x00, 0x00, 0x00, 0xff, 0xff, 0xff, 0xfe, 0x00, 0x0a, 0xfc,
    0x23, 0xdf, 0xb1, 0x00, 0x00, 0x00, 0xff, 0xff, 0xff, 0xfe, 0x00, 0x00, 0xaf, 0xef, 0xfa, 0x00,
    0x00, 0x00, 0x00, 0x22, 0x2f, 0xf4, 0x22, 0x00, 0x00, 0x4f, 0xff, 0xd2, 0x00, 0x00, 0x00, 0x00,
    0x00, 0x0f, 0xf3, 0x00, 0x00, 0x3a, 0xff, 0xef, 0xfe, 0x81, 0x00, 0x00, 0x00, 0x00, 0x0f, 0xf3,
    0x01, 0x7c, 0xff, 0xf9, 0x14, 0xcf, 0xff, 0xb7, 0x10, 0x00, 0x00, 0x0f, 0xf3, 0x05, 0xff, 0xfa,
    0x31, 0x22, 0x07, 0xdf, 0xfe, 0x20, 0x00, 0x00, 0x0f, 0xfb, 0xea, 0x87, 0x20, 0x05, 0xfe, 0x00,
    0x04, 0xa5, 0x00, 0x00, 0x27, 0xbf, 0xff, 0xfc, 0x00, 0x00, 0x05, 0xfe, 0x00, 0x00, 0x00, 0x00,
    0x02, 0xff, 0xff, 0xfa, 0x51, 0x1f, 0xff, 0xff, 0xff, 0xff, 0xff, 0x60, 0x00, 0x00, 0xee, 0x9f,
    0xf3, 0x00, 0x1f, 0xff, 0xff, 0xff, 0xff, 0xff, 0x60, 0x00, 0x00, 0x20, 0x0f, 0xf3, 0x00, 0x00,
    0x00, 0x05, 0xfe, 0x00, 0x00, 0x00, 0x00, 0x00, 0x00, 0x0f, 0xf3, 0x00, 0x00, 0x00, 0x05, 0xfe,
    0x00, 0x00, 0x00, 0x00, 0x00, 0x00, 0x0f, 0xf3, 0x00, 0x00, 0x00, 0x05, 0xfe, 0x00, 0x00, 0x00,
    0x00, 0x00, 0x00, 0x0f, 0xf3, 0x04, 0xff, 0xff, 0xff, 0xff, 0xff, 0xff, 0xff, 0x00, 0x00, 0x00,
    0x0f, 0xf3, 0x04, 0xff, 0xff, 0xff, 0xff, 0xff, 0xff, 0xff, 0x00, 0x00, 0x00, 0x1f, 0xf3, 0x00,
    0x00, 0x00, 0x05, 0xfe, 0x00, 0x00, 0x00, 0x00, 0x00, 0x6f, 0xff, 0xf1, 0x00, 0x00, 0x00, 0x05,
    0xfe, 0x00, 0x00, 0x00, 0x00, 0x00, 0x2f, 0xfe, 0x70, 0x00, 0x00, 0x00, 0x05, 0xfe, 0x00, 0x00,
    0x00, 0x00, 0x00, 0x02, 0x10, 0x00, 0x00, 0x00, 0x00, 0x01, 0x43, 0x00, 0x00, 0x00, 0x00, 0x00,
    0x00, 0x00, 0x00, 0x00, 0x00, 0x00, 0x00, 0x00, 0x00, 0x00, 0x00, 0x00, 0x00, 0x00, 0x00, 0x00,
    0x00, 0x00, 0x00, 0x00, 0x00, 0x00, 0x00, 0x00, 0x00, 0x00, 0x00, 0x08, 0xa4, 0x00, 0x05, 0x97,
    0x00, 0x00, 0x00, 0x00, 0x00, 0x00, 0x00, 0x00, 0x0c, 0xf6, 0x00, 0x08, 0xfb, 0x00, 0x00, 0x00,
    0x41, 0x00, 0x00, 0x00, 0x00, 0x0c, 0xf6, 0x00, 0x08, 0xfb, 0x00, 0x03, 0x8d, 0xfc, 0x10, 0x00,
    0x00, 0x00, 0x0c, 0xf6, 0x00, 0x08, 0xfc, 0x6a, 0xef, 0xff, 0xe9, 0x30, 0x00, 0x00, 0x00, 0x0c,
    0xf6, 0x00, 0x08, 0xff, 0xff, 0xeb, 0x84, 0x00, 0x00, 0x00, 0x00, 0xff, 0xff, 0xff, 0xff, 0x18,
    0xfd, 0x73, 0x00, 0x00, 0x00, 0x93, 0x00, 0x00, 0xff, 0xff, 0xff, 0xff, 0x18, 0xfb, 0x00, 0x00,
    0x00, 0x02, 0xff, 0x00, 0x00, 0x22, 0x2d, 0xf7, 0x22, 0x07, 0xfb, 0x00, 0x00, 0x00, 0x04, 0xfe,
    0x00, 0x00, 0x00, 0x0c, 0xf6, 0x00, 0x06, 0xfe, 0x31, 0x11, 0x11, 0x2a, 0xfb, 0x00, 0x00, 0x00,
    0x0c, 0xf6, 0x00, 0x02, 0xff, 0xff, 0xff, 0xff, 0xff, 0xf5, 0x00, 0x00, 0x00, 0x0c, 0xf6, 0x00,
    0x00, 0x5c, 0xef, 0xff, 0xff, 0xfd, 0x80, 0x00, 0x00, 0x00, 0x0c, 0xf8, 0x69, 0x20, 0x00, 0x00,
    0x00, 0x00, 0x00, 0x00, 0x00, 0x00, 0x25, 0x9e, 0xff, 0xff, 0x57, 0xdd, 0xdd, 0xdd, 0xdd, 0xdd,
    0xd0, 0x00, 0x04, 0xff, 0xff, 0xfd, 0x73, 0x08, 0xff, 0xff, 0xff, 0xff, 0xff, 0xf0, 0x00, 0x00,
    0xff, 0xbe, 0xf6, 0x00, 0x08, 0xf9, 0x00, 0x00, 0x00, 0x4f, 0xf0, 0x00, 0x00, 0x31, 0x0c, 0xf6,
    0x00, 0x08, 0xf9, 0x00, 0x00, 0x00, 0x4f, 0xf0, 0x00, 0x00, 0x00, 0x0c, 0xf6, 0x00, 0x08, 0xfe,
    0xcc, 0xcc, 0xcc, 0xdf, 0xf0, 0x00, 0x00, 0x00, 0x0c, 0xf6, 0x00, 0x08, 0xff, 0xff, 0xff, 0xff,
    0xff, 0xf0, 0x00, 0x00, 0x00, 0x0c, 0xf6, 0x00, 0x08, 0xf9, 0x00, 0x00, 0x00, 0x4f, 0xf0, 0x00,
    0x00, 0x00, 0x0c, 0xf6, 0x00, 0x08, 0xf9, 0x00, 0x00, 0x00, 0x4f, 0xf0, 0x00, 0x00, 0x00, 0x0c,
    0xf6, 0x00, 0x08, 0xf9, 0x00, 0x00, 0x00, 0x4f, 0xf0, 0x00, 0x00, 0x11, 0x1d, 0xf6, 0x00, 0x08,
    0xff, 0xff, 0xff, 0xff, 0xff, 0xf0, 0x00, 0x00, 0x6f, 0xff, 0xf3, 0x00, 0x08, 0xfe, 0xcc, 0xcc,
    0xcc, 0xdf, 0xf0, 0x00, 0x00, 0x2f, 0xed, 0x70, 0x00, 0x06, 0xb7, 0x00, 0x00, 0x00, 0x3a, 0xa0,
    0x00, 0x00, 0x00, 0x00, 0x00, 0x00, 0x00, 0x00, 0x00, 0x00, 0x00, 0x00, 0x00, 0x00, 0x00, 0x00,
    0x00, 0x00, 0x00, 0x00, 0x00, 0x00, 0x00, 0x00, 0x00, 0x00, 0x00, 0x00, 0x00, 0x0a, 0xa2, 0x00,
    0x00, 0x00, 0x04, 0x74, 0x00, 0x00, 0x00, 0x00, 0x00, 0x00, 0x0f, 0xf3, 0x00, 0x00, 0x00, 0x0b,
    0xfa, 0x00, 0x00, 0x00, 0x00, 0x00, 0x00, 0x0f, 0xf3, 0x00, 0x00, 0x00, 0x08, 0xfe, 0x00, 0x00,
    0x00, 0x00, 0x00, 0x00, 0x0f, 0xf3, 0x00, 0x00, 0x00, 0x04, 0xff, 0x20, 0x00, 0x00, 0x00, 0x00,
    0x00, 0x0f, 0xf3, 0x00, 0xcf, 0xff, 0xff, 0xff, 0xff, 0xff, 0xfb, 0x00, 0x01, 0xff, 0xff, 0xff,
    0xfa, 0xcf, 0xff, 0xff, 0xff, 0xff, 0xff, 0xfb, 0x00, 0x01, 0xff, 0xff, 0xff, 0xfa, 0xcf, 0x50,
    0x4c, 0xa0, 0x00, 0x06, 0xfb, 0x00, 0x00, 0x22, 0x2f, 0xf5, 0x21, 0xcf, 0x50, 0x9f, 0xc0, 0x00,
    0x06, 0xfb, 0x00, 0x00, 0x00, 0x0f, 0xf3, 0x00, 0xad, 0x40, 0xdf, 0x80, 0x00, 0x05, 0xda, 0x00,
    0x00, 0x00, 0x0f, 0xf3, 0x00, 0x00, 0x03, 0xff, 0x30, 0x00, 0x00, 0x00, 0x00, 0x00, 0x00, 0x0f,
    0xf3, 0x08, 0xff, 0xff, 0xff, 0xff, 0xff, 0xff, 0xff, 0x20, 0x00, 0x00, 0x0f, 0xf3, 0x09, 0xff,
    0xff, 0xff, 0xff, 0xff, 0xff, 0xff, 0x20, 0x00, 0x00, 0x0f, 0xfb, 0xed, 0x11, 0x6f, 0xf2, 0x11,
    0x1d, 0xf9, 0x11, 0x00, 0x00, 0x16, 0xaf, 0xff, 0xff, 0x00, 0xcf, 0xa0, 0x00, 0x1f, 0xf5, 0x00,
    0x00, 0x04, 0xff, 0xff, 0xfd, 0x72, 0x03, 0xff, 0x50, 0x00, 0x5f, 0xf1, 0x00, 0x00, 0x02, 0xff,
    0xdf, 0xf3, 0x00, 0x0a, 0xff, 0x10, 0x00, 0xaf, 0xc0, 0x00, 0x00, 0x00, 0x83, 0x0f, 0xf3, 0x00,
    0x0c, 0xff, 0xe6, 0x03, 0xff, 0x60, 0x00, 0x00, 0x00, 0x00, 0x0f, 0xf3, 0x00, 0x00, 0x7e, 0xff,
    0xcc, 0xfd, 0x00, 0x00, 0x00, 0x00, 0x00, 0x0f, 0xf3, 0x00, 0x00, 0x02, 0xaf, 0xff, 0xf6, 0x00,
    0x00, 0x00, 0x00, 0x00, 0x0f, 0xf3, 0x00, 0x00, 0x00, 0x1b, 0xff, 0xfd, 0x40, 0x00, 0x00, 0x00,
    0x00, 0x0f, 0xf3, 0x00, 0x00, 0x05, 0xdf, 0xfd, 0xff, 0xf9, 0x10, 0x00, 0x00, 0x10, 0x1f, 0xf3,
    0x00, 0x38, 0xdf, 0xfe, 0x60, 0x4d, 0xff, 0xd2, 0x00, 0x00, 0x9f, 0xff, 0xf1, 0x03, 0xff, 0xff,
    0xa2, 0x00, 0x01, 0xaf, 0xfb, 0x00, 0x00, 0x4f, 0xec, 0x50, 0x00, 0xab, 0x61, 0x00, 0x00, 0x00,
    0x06, 0xc1, 0x00, 0x00, 0x00, 0x00, 0x00, 0x00, 0x00, 0x00, 0x00, 0x00, 0x00, 0x00, 0x00, 0x00,
    0x00, 0x00, 0x00, 0x00, 0x00, 0x00, 0x00, 0x00, 0x00, 0x00, 0x00, 0x00, 0x00, 0x00, 0x00, 0x00,
    0x00, 0x00, 0x00, 0x00, 0x00, 0x00, 0x00, 0x00, 0x00, 0x00, 0x00, 0x00, 0x49, 0x60, 0x00, 0x00,
    0x00, 0x14, 0x40, 0x00, 0x00, 0x00, 0x00, 0x00, 0x00, 0x6f, 0xb0, 0x00, 0x00, 0x00, 0x3f, 0xf2,
    0x00, 0x00, 0x00, 0x00, 0x00, 0x00, 0x6f, 0xb0, 0x00, 0x00, 0x00, 0x0b, 0xf9, 0x00, 0x00, 0x00,
    0x00, 0x00, 0x00, 0x6f, 0xb0, 0x00, 0xcf, 0xff, 0xff, 0xff, 0xff, 0xff, 0xf5, 0x00, 0x00, 0x00,
    0x6f, 0xb0, 0x00, 0xce, 0xee, 0xee, 0xee, 0xee, 0xee, 0xe5, 0x00, 0x01, 0xff, 0xff, 0xff, 0xe0,
    0x00, 0x7c, 0x00, 0x00, 0x0c, 0x81, 0x00, 0x00, 0x01, 0xff, 0xff, 0xff, 0xe0, 0x00, 0xbf, 0x70,
    0x00, 0x5f, 0xe1, 0x00, 0x00, 0x00, 0x22, 0x7f, 0xb2, 0x20, 0x00, 0x4f, 0xe0, 0x00, 0xcf, 0x60,
    0x00, 0x00, 0x00, 0x00, 0x6f, 0xb0, 0x00, 0x00, 0x0c, 0xa1, 0x05, 0xfd, 0x00, 0x00, 0x00, 0x00,
    0x00, 0x6f, 0xb0, 0x09, 0xff, 0xff, 0xff, 0xff, 0xff, 0xff, 0xfe, 0x00, 0x00, 0x00, 0x6f, 0xb0,
    0x09, 0xff, 0xff, 0xff, 0xff, 0xff, 0xff, 0xfd, 0x00, 0x00, 0x00, 0x6f, 0xb3, 0x40, 0x00, 0x00,
    0x9e, 0x70, 0x00, 0x00, 0x00, 0x00, 0x00, 0x02, 0x9f, 0xff, 0xd0, 0x00, 0x02, 0xff, 0x30, 0x00,
    0x00, 0x00, 0x00, 0x04, 0xef, 0xff, 0xfc, 0x7d, 0xee, 0xee, 0xff, 0xee, 0xee, 0xee, 0xee, 0x20,
    0x02, 0xff, 0xdf, 0xb0, 0x0e, 0xff, 0xff, 0xff, 0xff, 0xff, 0xff, 0xff, 0x30, 0x00, 0x51, 0x6f,
    0xb0, 0x00, 0x00, 0xdf, 0x70, 0x00, 0x2f, 0xf3, 0x00, 0x00, 0x00, 0x00, 0x6f, 0xb0, 0x00, 0x08,
    0xfc, 0x00, 0x00, 0x9f, 0xc0, 0x00, 0x00, 0x00, 0x00, 0x6f, 0xb0, 0x00, 0x3f, 0xff, 0xa4, 0x04,
    0xff, 0x50, 0x00, 0x00, 0x00, 0x00, 0x6f, 0xb0, 0x00, 0x05, 0xbf, 0xff, 0xee, 0xfb, 0x00, 0x00,
    0x00, 0x00, 0x00, 0x6f, 0xb0, 0x00, 0x00, 0x01, 0x8f, 0xff, 0xfb, 0x30, 0x00, 0x00, 0x00, 0x00,
    0x6f, 0xa0, 0x00, 0x13, 0x6b, 0xff, 0xfc, 0xff, 0xfa, 0x20, 0x00, 0x00, 0xaf, 0xff, 0x80, 0x1d,
    0xff, 0xff, 0xfa, 0x30, 0x3b, 0xff, 0xf4, 0x00, 0x00, 0x5f, 0xfb, 0x20, 0x0a, 0xfc, 0x95, 0x10,
    0x00, 0x00, 0x4d, 0xb0, 0x00, 0x00, 0x01, 0x00, 0x00, 0x01, 0x00, 0x00, 0x00, 0x00, 0x00, 0x01,
    0x10, 0x00, 0x00, 0x00, 0x00, 0x00, 0x00, 0x00, 0x00, 0x00, 0x00, 0x00, 0x00, 0x00, 0x00, 0x00,
    0x00, 0x00, 0x00, 0x00, 0x00, 0x00, 0x00, 0x00, 0x00, 0x00, 0x00, 0x00, 0x00, 0x00, 0x39, 0x70,
    0x00, 0x00, 0x00, 0x05, 0x92, 0x00, 0x00, 0x00, 0x00, 0x00, 0x00, 0x5f, 0xc0, 0x00, 0x00, 0x00,
    0x0d, 0xf8, 0x00, 0x00, 0x00, 0x00, 0x00, 0x00, 0x5f, 0xc0, 0x00, 0x00, 0x00, 0x06, 0xfe, 0x10,
    0x00, 0x00, 0x00, 0x00, 0x00, 0x5f, 0xc0, 0x04, 0xee, 0xee, 0xee, 0xff, 0xee, 0xee, 0xed, 0x00,
    0x00, 0x00, 0x5f, 0xc0, 0x04, 0xff, 0xff, 0xff, 0xff, 0xff, 0xff, 0xfe, 0x00, 0x00, 0xff, 0xff,
    0xff, 0xf6, 0xfb, 0x00, 0x00, 0x00, 0x00, 0x04, 0xfe, 0x00, 0x00, 0xff, 0xff, 0xff, 0xf6, 0xfb,
    0x00, 0x40, 0x00, 0x31, 0x04, 0xfe, 0x00, 0x00, 0x22, 0x6f, 0xc2, 0x23, 0x97, 0x09, 0xfc, 0x03,
    0xec, 0x11, 0x65, 0x00, 0x00, 0x00, 0x5f, 0xc0, 0x00, 0x00, 0x7f, 0xf3, 0x01, 0xcf, 0xd2, 0x00,
    0x00, 0x00, 0x00, 0x5f, 0xc0, 0x00, 0x08, 0xff, 0x60, 0x00, 0x1c, 0xfe, 0x30, 0x00, 0x00, 0x00,
    0x5f, 0xc0, 0x01, 0xbf, 0xf8, 0x00, 0x00, 0x01, 0xcf, 0xe2, 0x00, 0x00, 0x00, 0x5f, 0xc1, 0x50,
    0xbf, 0x70, 0x00, 0x00, 0x00, 0x1c, 0xc1, 0x00, 0x00, 0x00, 0x5f, 0xee, 0xf1, 0x26, 0x00, 0x00,
    0x00, 0x00, 0x02, 0x20, 0x00, 0x00, 0x49, 0xef, 0xff, 0xd2, 0x3f, 0xff, 0xff, 0xff, 0xff, 0xff,
    0x70, 0x00, 0x03, 0xff, 0xff, 0xd4, 0x00, 0x3f, 0xff, 0xff, 0xff, 0xff, 0xff, 0x70, 0x00, 0x00,
    0xea, 0x9f, 0xc0, 0x00, 0x00, 0x00, 0x08, 0xfb, 0x00, 0x00, 0x00, 0x00, 0x00, 0x10, 0x5f, 0xc0,
    0x00, 0x00, 0x00, 0x08, 0xfb, 0x00, 0x00, 0x00, 0x00, 0x00, 0x00, 0x5f, 0xc0, 0x00, 0x00, 0x00,
    0x08, 0xfb, 0x00, 0x00, 0x00, 0x00, 0x00, 0x00, 0x5f, 0xc0, 0x00, 0x00, 0x00, 0x08, 0xfb, 0x00,
    0x00, 0x00, 0x00, 0x00, 0x00, 0x5f, 0xc0, 0x00, 0x00, 0x00, 0x08, 0xfb, 0x00, 0x00, 0x00, 0x00,
    0x00, 0x00, 0x5f, 0xc0, 0x00, 0x00, 0x00, 0x08, 0xfb, 0x00, 0x00, 0x00, 0x00, 0x00, 0xbf, 0xff,
    0xa0, 0x2f, 0xff, 0xff, 0xff, 0xff, 0xff, 0xff, 0xff, 0x30, 0x00, 0x6f, 0xfc, 0x20, 0x2f, 0xff,
    0xff, 0xff, 0xff, 0xff, 0xff, 0xff, 0x30, 0x00, 0x01, 0x00, 0x00, 0x00, 0x00, 0x00, 0x00, 0x00,
    0x00, 0x00, 0x00, 0x00, 0x00, 0x00, 0x00, 0x00, 0x00, 0x00, 0x00, 0x00, 0x00, 0x00, 0x00, 0x00,
    0x00, 0x00, 0x00, 0x00, 0x00, 0x00, 0x00, 0x00, 0x00, 0x00, 0x00, 0x00, 0x00, 0x00, 0x00, 0x00,
    0x38, 0x60, 0x00, 0x00, 0x39, 0x70, 0x00, 0x39, 0x80, 0x00, 0x00, 0x00, 0x00, 0x5f, 0xb0, 0x00,
    0x00, 0x4f, 0xd0, 0x00, 0x4f, 0xe0, 0x00, 0x00, 0x00, 0x00, 0x5f, 0xb0, 0x00, 0x00, 0x4f, 0xd0,
    0x00, 0x4f, 0xe0, 0x00, 0x00, 0x00, 0x00, 0x5f, 0xb0, 0x00, 0x11, 0x5f, 0xd1, 0x11, 0x5f, 0xe1,
    0x11, 0x00, 0x00, 0x00, 0x5f, 0xb0, 0x06, 0xff, 0xff, 0xff, 0xff, 0xff, 0xff, 0xfe, 0x00, 0x01,
    0xff, 0xff, 0xea, 0xa7, 0xff, 0xff, 0xff, 0xff, 0xff, 0xff, 0xfe, 0x00, 0x01, 0xff, 0xff, 0xff,
    0xf2, 0x00, 0x4f, 0xd0, 0x00, 0x4f, 0xe0, 0x00, 0x00, 0x00, 0x22, 0x6f, 0xc2, 0x20, 0x00, 0x4f,
    0xd0, 0x00, 0x4f, 0xe0, 0x00, 0x00, 0x00, 0x00, 0x5f, 0xb0, 0x00, 0x00, 0x4f, 0xd0, 0x00, 0x4f,
    0xe0, 0x00, 0x00, 0x00, 0x00, 0x5f, 0xb0, 0x00, 0x00, 0x01, 0x10, 0x00, 0x01, 0x10, 0x00, 0x00,
    0x00, 0x00, 0x5f, 0xb0, 0x00, 0x7f, 0xff, 0xff, 0xff, 0xff, 0xff, 0xf2, 0x00, 0x00, 0x00, 0x5f,
    0xc6, 0xa1, 0x7f, 0xff, 0xff, 0xff, 0xff, 0xff, 0xf2, 0x00, 0x00, 0x26, 0xcf, 0xff, 0xf3, 0x7f,
    0x90, 0x04, 0xfb, 0x00, 0x1f, 0xf2, 0x00, 0x04, 0xff, 0xff, 0xfe, 0x92, 0x7f, 0x90, 0x04, 0xfb,
    0x00, 0x1f, 0xf2, 0x00, 0x01, 0xfe, 0xcf, 0xc0, 0x00, 0x7f, 0x90, 0x04, 0xfb, 0x00, 0x1f, 0xf2,
    0x00, 0x00, 0x41, 0x5f, 0xb0, 0x00, 0x7f, 0xfe, 0xee, 0xff, 0xee, 0xef, 0xf2, 0x00, 0x00, 0x00,
    0x5f, 0xb0, 0x00, 0x7f, 0xff, 0xff, 0xff, 0xff, 0xff, 0xf2, 0x00, 0x00, 0x00, 0x5f, 0xb0, 0x00,
    0x7f, 0x90, 0x04, 0xfb, 0x00, 0x1f, 0xf2, 0x00, 0x00, 0x00, 0x5f, 0xb0, 0x00, 0x7f, 0x90, 0x04,
    0xfb, 0x00, 0x1f, 0xf2, 0x00, 0x00, 0x00, 0x5f, 0xb0, 0x00, 0x7f, 0x90, 0x04, 0xfb, 0x00, 0x1f,
    0xf2, 0x00, 0x00, 0x00, 0x6f, 0xb0, 0x00, 0x7f, 0xff, 0xff, 0xff, 0xff, 0xff, 0xf2, 0x00, 0x00,
    0xbf, 0xff, 0x90, 0x00, 0x7f, 0xff, 0xff, 0xff, 0xff, 0xff, 0xf2, 0x00, 0x00, 0x7f, 0xfb, 0x20,
    0x00, 0x7f, 0x90, 0x00, 0x00, 0x00, 0x1f, 0xf2, 0x00, 0x00, 0x01, 0x00, 0x00, 0x00, 0x36, 0x40,
    0x00, 0x00, 0x00, 0x04, 0x40, 0x00, 0x00, 0x00, 0x00, 0x00, 0x00, 0x00, 0x00, 0x00, 0x00, 0x00,
    0x00, 0x00, 0x00, 0x00, 0x00, 0x00, 0x00, 0x00, 0x00, 0x00, 0x00, 0x00, 0x00, 0x00, 0x00, 0x00,
    0x00, 0x00, 0x3a, 0x90, 0x00, 0x00, 0x00, 0x04, 0xa6, 0x00, 0x00, 0x00, 0x00, 0x00, 0x00, 0x4f,
    0xd0, 0x00, 0x00, 0x18, 0x87, 0xf9, 0x00, 0x00, 0x00, 0x00, 0x00, 0x00, 0x4f, 0xd0, 0x00, 0x39,
    0xef, 0xfb, 0xf9, 0x6c, 0xcc, 0xc1, 0x00, 0x00, 0x00, 0x4f, 0xd0, 0x00, 0xaf, 0xd7, 0x17, 0xf9,
    0x8f, 0xff, 0xf1, 0x00, 0x00, 0x00, 0x4f, 0xd0, 0x00, 0xaf, 0x40, 0x07, 0xf9, 0x00, 0x0e, 0xf1,
    0x00, 0x00, 0xff, 0xff, 0xff, 0xf3, 0xaf, 0x40, 0x07, 0xf9, 0x00, 0x0e, 0xf1, 0x00, 0x00, 0xff,
    0xff, 0xff, 0xf3, 0xaf, 0xba, 0x67, 0xf9, 0x5a, 0xaf, 0xf1, 0x00, 0x00, 0x22, 0x5f, 0xe2, 0x20,
    0xaf, 0xff, 0x97, 0xf9, 0x7f, 0xff, 0xf1, 0x00, 0x00, 0x00, 0x4f, 0xd0, 0x00, 0xaf, 0x40, 0x07,
    0xf9, 0x00, 0x0e, 0xf1, 0x00, 0x00, 0x00, 0x4f, 0xd0, 0x00, 0xaf, 0x40, 0x07, 0xf9, 0x00, 0x0e,
    0xf1, 0x00, 0x00, 0x00, 0x4f, 0xd0, 0x10, 0xaf, 0xff, 0xff, 0xff, 0xff, 0xff, 0xf1, 0x00, 0x00,
    0x00, 0x4f, 0xe9, 0xe3, 0x9c, 0xcc, 0xce, 0xfe, 0xcc, 0xcc, 0xc1, 0x00, 0x00, 0x03, 0x9f, 0xff,
    0xf6, 0x00, 0x00, 0x07, 0xf9, 0x00, 0x00, 0x00, 0x00, 0x01, 0xcf, 0xff, 0xfb, 0x50, 0x00, 0x00,
    0x07, 0xf9, 0x00, 0x00, 0x00, 0x00, 0x00, 0xef, 0xef, 0xd0, 0x00, 0xcd, 0xdd, 0xde, 0xfe, 0xdd,
    0xde, 0x90, 0x00, 0x00, 0x64, 0x4f, 0xd0, 0x00, 0xdf, 0xff, 0xff, 0xff, 0xff, 0xff, 0x80, 0x00,
    0x00, 0x00, 0x4f, 0xd0, 0x00, 0x0c, 0xfa, 0x00, 0x00, 0x07, 0xfd, 0x10, 0x00, 0x00, 0x00, 0x4f,
    0xd0, 0x00, 0x02, 0xef, 0xa1, 0x00, 0x6f, 0xf4, 0x00, 0x00, 0x00, 0x00, 0x4f, 0xd0, 0x00, 0x00,
    0x3d, 0xfd, 0x4a, 0xfe, 0x40, 0x00, 0x00, 0x00, 0x00, 0x4f, 0xd0, 0x00, 0x00, 0x01, 0xcf, 0xff,
    0xe3, 0x00, 0x00, 0x00, 0x00, 0x00, 0x4f, 0xd0, 0x00, 0x02, 0x7c, 0xff, 0xff, 0xfd, 0x83, 0x00,
    0x00, 0x00, 0x7f, 0xff, 0xc0, 0x5c, 0xef, 0xff, 0xe8, 0x37, 0xdf, 0xff, 0xfb, 0x10, 0x00, 0x3f,
    0xfd, 0x40, 0x1f, 0xfc, 0x95, 0x00, 0x00, 0x04, 0x8c, 0xf5, 0x00, 0x00, 0x02, 0x10, 0x00, 0x03,
    0x10, 0x00, 0x00, 0x00, 0x00, 0x00, 0x10, 0x00, 0x00, 0x00, 0x00, 0x00, 0x00, 0x00, 0x00, 0x00,
    0x00, 0x00, 0x00, 0x00, 0x00, 0x00, 0x00, 0x00, 0x00, 0x00, 0x00, 0x00, 0x00, 0x00, 0x00, 0x00,
    0x00, 0x00, 0x00, 0x00, 0x29, 0x80, 0x00, 0x00, 0x00, 0x00, 0x00, 0x00, 0x34, 0x00, 0x00, 0x00,
    0x00, 0x4f, 0xd0, 0x00, 0x12, 0x45, 0x67, 0x9b, 0xdf, 0xff, 0x40, 0x00, 0x00, 0x00, 0x4f, 0xd0,
    0x05, 0xff, 0xff, 0xff, 0xff, 0xfe, 0xb9, 0x50, 0x00, 0x00, 0x00, 0x4f, 0xd0, 0x01, 0x99, 0xc7,
    0x6b, 0xf8, 0x00, 0xa7, 0x10, 0x00, 0x00, 0x00, 0x4f, 0xd0, 0x00, 0x0b, 0xf4, 0x09, 0xf7, 0x04,
    0xfc, 0x00, 0x00, 0x01, 0xff, 0xff, 0xff, 0xf4, 0x06, 0xfb, 0x09, 0xf7, 0x0a, 0xf5, 0x00, 0x00,
    0x01, 0xff, 0xff, 0xff, 0xf4, 0x01, 0xea, 0x09, 0xf7, 0x2f, 0xd0, 0x00, 0x00, 0x00, 0x22, 0x5f,
    0xea, 0xac, 0xff, 0xff, 0xff, 0xff, 0xff, 0xff, 0xfb, 0x00, 0x00, 0x00, 0x4f, 0xd0, 0x08, 0xdd,
    0xde, 0xff, 0xff, 0xfe, 0xdd, 0xda, 0x00, 0x00, 0x00, 0x4f, 0xd0, 0x00, 0x00, 0x1c, 0xfd, 0xfb,
    0xfd, 0x20, 0x00, 0x00, 0x00, 0x00, 0x4f, 0xd0, 0x00, 0x01, 0xcf, 0x89, 0xf7, 0x8f, 0xd2, 0x00,
    0x00, 0x00, 0x00, 0x4f, 0xd7, 0xc0, 0x5e, 0xfc, 0x09, 0xf7, 0x0b, 0xfe, 0x60, 0x00, 0x00, 0x01,
    0x8f, 0xff, 0xfb, 0xff, 0xb1, 0x09, 0xf7, 0x00, 0xaf, 0xfd, 0x20, 0x02, 0xae, 0xff, 0xfc, 0x9f,
    0xfa, 0x00, 0x04, 0x73, 0x00, 0x08, 0xfb, 0x00, 0x04, 0xff, 0xff, 0xd0, 0x06, 0x9f, 0xff, 0xff,
    0xff, 0xff, 0xff, 0xa1, 0x00, 0x01, 0xc6, 0x5f, 0xd0, 0x00, 0x6f, 0xda, 0xad, 0xfc, 0xaa, 0xdf,
    0x80, 0x00, 0x00, 0x00, 0x4f, 0xd0, 0x00, 0x6f, 0x90, 0x09, 0xf5, 0x00, 0x8f, 0x80, 0x00, 0x00,
    0x00, 0x4f, 0xd0, 0x00, 0x6f, 0xd9, 0x9d, 0xfb, 0x99, 0xcf, 0x80, 0x00, 0x00, 0x00, 0x4f, 0xd0,
    0x00, 0x6f, 0xff, 0xff, 0xff, 0xff, 0xff, 0x80, 0x00, 0x00, 0x00, 0x4f, 0xd0, 0x00, 0x6f, 0x90,
    0x09, 0xf5, 0x00, 0x8f, 0x80, 0x00, 0x00, 0x00, 0x4f, 0xd0, 0x00, 0x6f, 0x90, 0x09, 0xf5, 0x00,
    0x8f, 0x80, 0x00, 0x00, 0x11, 0x6f, 0xc0, 0x00, 0x6f, 0xff, 0xff, 0xff, 0xff, 0xff, 0x80, 0x00,
    0x00, 0xaf, 0xff, 0xa0, 0x00, 0x6f, 0xda, 0xaa, 0xaa, 0xaa, 0xdf, 0x80, 0x00, 0x00, 0x5f, 0xeb,
    0x20, 0x00, 0x49, 0x60, 0x00, 0x00, 0x00, 0x47, 0x40, 0x00, 0x00, 0x00, 0x00, 0x00, 0x00, 0x00,
    0x00, 0x00, 0x00, 0x00, 0x00, 0x00, 0x00, 0x00, 0x00, 0x00, 0x00, 0x00, 0x00, 0x00, 0x00, 0x00,
    0x00, 0x00, 0x00, 0x00, 0x00, 0x00, 0x4a, 0x70, 0x00, 0x00, 0x00, 0x00, 0x00, 0x00, 0x00, 0x00,
    0x00, 0x00, 0x00, 0x7f, 0xa0, 0x00, 0x00, 0xaa, 0xaa, 0xaa, 0xaa, 0xa1, 0x00, 0x00, 0x00, 0x00,
    0x7f, 0xa0, 0x00, 0x00, 0xff, 0xff, 0xff, 0xff, 0xf1, 0x00, 0x00, 0x00, 0x00, 0x7f, 0xa0, 0x00,
    0x00, 0xfe, 0x00, 0x00, 0x0f, 0xf1, 0x00, 0x00, 0x00, 0x00, 0x7f, 0xa0, 0x00, 0x00, 0xfe, 0x00,
    0x00, 0x0f, 0xf1, 0x00, 0x00, 0x00, 0xef, 0xff, 0xff, 0xc0, 0x00, 0xff, 0xaa, 0xaa, 0xaf, 0xf1,
    0x00, 0x00, 0x00, 0xff, 0xff, 0xff, 0xd0, 0x00, 0xff, 0xff, 0xff, 0xff, 0xf1, 0x00, 0x00, 0x00,
    0x22, 0x8f, 0xb2, 0x20, 0x00, 0x00, 0x00, 0x00, 0x00, 0x00, 0x00, 0x00, 0x00, 0x00, 0x7f, 0xa0,
    0x05, 0xff, 0xff, 0xfd, 0x0e, 0xff, 0xff, 0xf7, 0x00, 0x00, 0x00, 0x7f, 0xa0, 0x05, 0xfb, 0x99,
    0xfd, 0x0e, 0xe9, 0x9c, 0xf7, 0x00, 0x00, 0x00, 0x7f, 0xa0, 0x05, 0xf6, 0x00, 0xed, 0x0e, 0xc0,
    0x07, 0xf7, 0x00, 0x00, 0x00, 0x7f, 0xc9, 0x95, 0xf6, 0x00, 0xed, 0x0e, 0xc0, 0x07, 0xf7, 0x00,
    0x00, 0x03, 0xbf, 0xff, 0xd5, 0xff, 0xff, 0xfd, 0x0e, 0xff, 0xff, 0xf7, 0x00, 0x02, 0xef, 0xff,
    0xe9, 0x43, 0x99, 0x99, 0x9c, 0x7c, 0x99, 0x99, 0x94, 0x00, 0x00, 0xee, 0xdf, 0xa0, 0x00, 0x00,
    0x00, 0x09, 0xf8, 0x00, 0x00, 0x00, 0x00, 0x00, 0x30, 0x7f, 0xa0, 0x09, 0xdd, 0xdd, 0xde, 0xfe,
    0xdd, 0xdd, 0xdc, 0x00, 0x00, 0x00, 0x7f, 0xa0, 0x0b, 0xff, 0xff, 0xff, 0xff, 0xff, 0xff, 0xfe,
    0x00, 0x00, 0x00, 0x7f, 0xa0, 0x00, 0x00, 0x05, 0xff, 0xff, 0xe4, 0x00, 0x00, 0x00, 0x00, 0x00,
    0x7f, 0xa0, 0x00, 0x00, 0x7f, 0xfe, 0xfd, 0xff, 0x60, 0x00, 0x00, 0x00, 0x00, 0x7f, 0xa0, 0x00,
    0x3b, 0xff, 0x69, 0xf8, 0x7f, 0xf9, 0x20, 0x00, 0x00, 0x00, 0x7f, 0xa0, 0x5c, 0xff, 0xe4, 0x09,
    0xf8, 0x07, 0xff, 0xe8, 0x10, 0x00, 0x4f, 0xff, 0x82, 0xef, 0xfb, 0x20, 0x09, 0xf8, 0x00, 0x4d,
    0xfc, 0x00, 0x00, 0x0e, 0xeb, 0x20, 0x5c, 0x40, 0x00, 0x09, 0xf8, 0x00, 0x01, 0x82, 0x00, 0x00,
    0x00, 0x00, 0x00, 0x00, 0x00, 0x00, 0x06, 0x95, 0x00, 0x00, 0x00, 0x00, 0x00, 0x00, 0x00, 0x00,
    0x00, 0x00, 0x00, 0x00, 0x00, 0x00, 0x00, 0x00, 0x00, 0x00, 0x00, 0x00, 0x00, 0x00, 0x00, 0x00,
    0x00, 0x00, 0x00, 0x00, 0x00, 0x00, 0x00, 0x00, 0x01, 0x69, 0x00, 0x00, 0x00, 0x06, 0x84, 0x00,
    0x00, 0x00, 0x00, 0x00, 0x00, 0x00, 0xef, 0x50, 0x00, 0x00, 0x0c, 0xfa, 0x00, 0x00, 0x00, 0x00,
    0x00, 0x00, 0x00, 0x8f, 0xb0, 0x00, 0x00, 0x1f, 0xf6, 0x00, 0x00, 0x00, 0x00, 0x00, 0x00, 0x00,
    0x3c, 0x80, 0x00, 0x00, 0x4f, 0xf3, 0x00, 0x00, 0x00, 0x00, 0x00, 0xff, 0xff, 0xff, 0xff, 0xff,
    0xa0, 0x8f, 0xe0, 0x00, 0x00, 0x00, 0x00, 0x00, 0xff, 0xff, 0xff, 0xff, 0xff, 0xa0, 0xbf, 0xff,
    0xff, 0xff, 0xff, 0x30, 0x00, 0x22, 0x7f, 0xc2, 0x22, 0x22, 0x11, 0xff, 0xff, 0xff, 0xff, 0xff,
    0x30, 0x00, 0x00, 0x6f, 0xc0, 0x00, 0x00, 0x06, 0xff, 0x52, 0x22, 0xef, 0x62, 0x00, 0x00, 0x00,
    0x6f, 0xc0, 0x00, 0x00, 0x0b, 0xff, 0x50, 0x01, 0xff, 0x20, 0x00, 0x00, 0x00, 0x6f, 0xc1, 0x11,
    0x11, 0x3f, 0xff, 0x80, 0x03, 0xff, 0x00, 0x00, 0x00, 0x00, 0x6f, 0xff, 0xff, 0xfa, 0xbf, 0xff,
    0xc0, 0x07, 0xfc, 0x00, 0x00, 0x00, 0x00, 0x6f, 0xff, 0xff, 0xfd, 0xff, 0xaf, 0xf1, 0x0a, 0xf8,
    0x00, 0x00, 0x00, 0x00, 0x6f, 0xb0, 0x07, 0xfb, 0xcd, 0x1c, 0xf6, 0x1f, 0xf4, 0x00, 0x00, 0x00,
    0x00, 0x7f, 0xb0, 0x08, 0xf9, 0x13, 0x07, 0xfb, 0x6f, 0xe0, 0x00, 0x00, 0x00, 0x00, 0x8f, 0xa0,
    0x08, 0xf9, 0x00, 0x02, 0xff, 0xdf, 0x90, 0x00, 0x00, 0x00, 0x00, 0xaf, 0x80, 0x09, 0xf8, 0x00,
    0x00, 0xbf, 0xff, 0x30, 0x00, 0x00, 0x00, 0x00, 0xdf, 0x50, 0x09, 0xf8, 0x00, 0x00, 0x5f, 0xfa,
    0x00, 0x00, 0x00, 0x00, 0x02, 0xff, 0x30, 0x0a, 0xf7, 0x00, 0x00, 0xaf, 0xfd, 0x10, 0x00, 0x00,
    0x00, 0x08, 0xfd, 0x00, 0x0b, 0xf6, 0x00, 0x0a, 0xff, 0xff, 0xc1, 0x00, 0x00, 0x00, 0x1e, 0xf7,
    0x00, 0x0d, 0xf5, 0x01, 0xaf, 0xf8, 0x5f, 0xfb, 0x20, 0x00, 0x00, 0xaf, 0xe1, 0x10, 0x3f, 0xf4,
    0x6e, 0xff, 0x80, 0x07, 0xff, 0xe6, 0x00, 0x05, 0xff, 0x50, 0xbf, 0xff, 0xe6, 0xff, 0xf6, 0x00,
    0x00, 0x7f, 0xfe, 0x20, 0x00, 0x8a, 0x00, 0x7f, 0xfd, 0x50, 0xcc, 0x20, 0x00, 0x00, 0x03, 0xd5,
    0x00, 0x00, 0x00, 0x00, 0x00, 0x00, 0x00, 0x20, 0x00, 0x00, 0x00, 0x00, 0x00, 0x00, 0x00, 0x00,
    0x00, 0x00, 0x00, 0x00, 0x00, 0x00, 0x00, 0x00, 0x00, 0x00, 0x00, 0x00, 0x00, 0x00, 0x00, 0x00,
    0x00, 0x00, 0x00, 0x00, 0x00, 0x00, 0x00, 0x00, 0x00, 0x00, 0x37, 0x40, 0x05, 0x73, 0x00, 0x01,
    0x96, 0x10, 0x00, 0x00, 0x00, 0x00, 0x00, 0x7f, 0x90, 0x0b, 0xf6, 0x00, 0x04, 0xff, 0x00, 0x00,
    0x00, 0x00, 0x00, 0x00, 0x7f, 0x90, 0x0b, 0xf6, 0x00, 0x07, 0xfd, 0x00, 0x00, 0x00, 0x00, 0x00,
    0xad, 0xef, 0xed, 0xdf, 0xfe, 0xda, 0x09, 0xfa, 0x00, 0x00, 0x00, 0x00, 0x00, 0xbf, 0xff, 0xff,
    0xff, 0xff, 0xfb, 0x0c, 0xf7, 0x00, 0x00, 0x00, 0x00, 0x00, 0x00, 0x7f, 0x90, 0x0b, 0xf6, 0x00,
    0x0f, 0xff, 0xff, 0xff, 0xff, 0x20, 0x00, 0x00, 0x7f, 0x90, 0x0b, 0xf6, 0x00, 0x4f, 0xff, 0xff,
    0xff, 0xff, 0x20, 0x00, 0x00, 0x7f, 0x90, 0x0b, 0xf6, 0x00, 0x8f, 0xd1, 0x11, 0xbf, 0x81, 0x00,
    0x02, 0xff, 0xff, 0xff, 0xff, 0xff, 0xfa, 0xdf, 0xf1, 0x00, 0xdf, 0x40, 0x00, 0x02, 0xee, 0xee,
    0xee, 0xee, 0xee, 0xed, 0xff, 0xf4, 0x01, 0xff, 0x10, 0x00, 0x00, 0x00, 0x00, 0x00, 0x00, 0x00,
    0x0b, 0xff, 0xf8, 0x04, 0xfe, 0x00, 0x00, 0x00, 0x06, 0xbb, 0xbb, 0xbb, 0xbb, 0x7f, 0xf8, 0xfc,
    0x07, 0xfb, 0x00, 0x00, 0x00, 0x08, 0xff, 0xff, 0xff, 0xff, 0x79, 0xb1, 0xff, 0x2c, 0xf8, 0x00,
    0x00, 0x00, 0x08, 0xf9, 0x00, 0x00, 0xaf, 0x71, 0x30, 0xbf, 0x9f, 0xf3, 0x00, 0x00, 0x00, 0x08,
    0xfd, 0xaa, 0xaa, 0xdf, 0x70, 0x00, 0x7f, 0xff, 0xd0, 0x00, 0x00, 0x00, 0x08, 0xff, 0xff, 0xff,
    0xff, 0x70, 0x00, 0x1f, 0xff, 0x70, 0x00, 0x00, 0x00, 0x08, 0xf9, 0x00, 0x00, 0xaf, 0x70, 0x00,
    0x0b, 0xff, 0x20, 0x00, 0x00, 0x00, 0x08, 0xf9, 0x00, 0x00, 0xaf, 0x70, 0x00, 0x1e, 0xff, 0x40,
    0x00, 0x00, 0x00, 0x08, 0xff, 0xff, 0xff, 0xff, 0x70, 0x00, 0xcf, 0xff, 0xe1, 0x00, 0x00, 0x00,
    0x08, 0xfd, 0xbb, 0xbb, 0xef, 0x70, 0x0a, 0xff, 0x8f, 0xfb, 0x00, 0x00, 0x00, 0x08, 0xf9, 0x00,
    0x00, 0xaf, 0x72, 0xcf, 0xf7, 0x07, 0xff, 0xc2, 0x00, 0x00, 0x08, 0xf9, 0x00, 0x00, 0xbf, 0xae,
    0xff, 0x90, 0x00, 0xaf, 0xfe, 0x20, 0x00, 0x08, 0xf9, 0x00, 0xef, 0xff, 0x6d, 0xe6, 0x00, 0x00,
    0x09, 0xf8, 0x00, 0x00, 0x07, 0xd8, 0x00, 0x8d, 0xc8, 0x04, 0x20, 0x00, 0x00, 0x00, 0x50, 0x00,
    0x00, 0x00, 0x00, 0x00, 0x00, 0x00, 0x00, 0x00, 0x00, 0x00, 0x00, 0x00, 0x00, 0x00, 0x00, 0x00,
    0x00, 0x00, 0x00, 0x00, 0x00, 0x00, 0x00, 0x00, 0x00, 0x00, 0x00, 0x00, 0x00, 0x19, 0x90, 0x01,
    0x00, 0x01, 0x53, 0x00, 0x00, 0x00, 0x00, 0x00, 0x09, 0xc0, 0x2f, 0xf0, 0x0d, 0xb1, 0x04, 0xfd,
    0x00, 0x00, 0x00, 0x00, 0x00, 0x0a, 0xf6, 0x2f, 0xf0, 0x6f, 0xb0, 0x06, 0xfa, 0x00, 0x00, 0x00,
    0x00, 0x00, 0x03, 0xfc, 0x2f, 0xf1, 0xee, 0x20, 0x09, 0xf7, 0x00, 0x00, 0x00, 0x00, 0x00, 0x00,
    0xa6, 0x2f, 0xf1, 0x75, 0x00, 0x0c, 0xf4, 0x00, 0x00, 0x00, 0x00, 0x00, 0xdf, 0xff, 0xff, 0xff,
    0xff, 0xfb, 0x1f, 0xff, 0xff, 0xff, 0xfd, 0x00, 0x00, 0xbc, 0xcc, 0xff, 0xfe, 0xcc, 0xca, 0x4f,
    0xff, 0xff, 0xff, 0xfd, 0x00, 0x00, 0x00, 0x07, 0xff, 0xff, 0x91, 0x00, 0x9f, 0xe1, 0x11, 0xef,
    0x41, 0x00, 0x00, 0x00, 0x8f, 0xef, 0xfa, 0xfe, 0x61, 0xef, 0xf2, 0x01, 0xff, 0x00, 0x00, 0x00,
    0x3c, 0xfe, 0x4f, 0xf0, 0x7f, 0xb6, 0xff, 0xf5, 0x04, 0xfc, 0x00, 0x00, 0x01, 0xef, 0xd2, 0x2f,
    0xf0, 0x05, 0x2d, 0xfd, 0xf8, 0x06, 0xf9, 0x00, 0x00, 0x00, 0x59, 0x10, 0x47, 0x50, 0x00, 0x6f,
    0xd2, 0xfd, 0x0a, 0xf7, 0x00, 0x00, 0x00, 0x00, 0x01, 0xef, 0x20, 0x00, 0x09, 0x60, 0xcf, 0x3e,
    0xf3, 0x00, 0x00, 0x00, 0x5d, 0xdd, 0xff, 0xdd, 0xdd, 0xa0, 0x00, 0x7f, 0xbf, 0xc0, 0x00, 0x00,
    0x00, 0x6f, 0xff, 0xff, 0xff, 0xff, 0x90, 0x00, 0x2f, 0xff, 0x70, 0x00, 0x00, 0x00, 0x00, 0x8f,
    0xb0, 0x00, 0xdf, 0x40, 0x00, 0x0c, 0xff, 0x20, 0x00, 0x00, 0x00, 0x02, 0xef, 0x40, 0x08, 0xfc,
    0x00, 0x00, 0x0b, 0xfe, 0x10, 0x00, 0x00, 0x00, 0x06, 0xff, 0xe8, 0x4f, 0xf3, 0x00, 0x00, 0x7f,
    0xff, 0x90, 0x00, 0x00, 0x00, 0x00, 0x2a, 0xff, 0xff, 0x80, 0x00, 0x03, 0xff, 0xdf, 0xf4, 0x00,
    0x00, 0x00, 0x00, 0x00, 0x9f, 0xff, 0xc3, 0x00, 0x2d, 0xfb, 0x1b, 0xfd, 0x30, 0x00, 0x00, 0x00,
    0x5d, 0xff, 0x9d, 0xfc, 0x05, 0xef, 0xd1, 0x02, 0xef, 0xe5, 0x00, 0x00, 0xae, 0xff, 0xd4, 0x01,
    0x92, 0xbf, 0xfd, 0x20, 0x00, 0x4e, 0xff, 0x30, 0x00, 0xaf, 0xc6, 0x00, 0x00, 0x00, 0xaf, 0x91,
    0x00, 0x00, 0x03, 0xd8, 0x00, 0x00, 0x23, 0x00, 0x00, 0x00, 0x00, 0x25, 0x00, 0x00, 0x00, 0x00,
    0x10, 0x00, 0x00, 0x00, 0x00, 0x00, 0x00, 0x00, 0x00, 0x00, 0x00, 0x00, 0x00, 0x00, 0x00, 0x00,
    0x00, 0x00, 0x00, 0x00, 0x00, 0x00, 0x00, 0x00, 0x00, 0x00, 0x00, 0x00, 0x00, 0x00, 0x00, 0x00,
    0x00, 0x03, 0x87, 0x00, 0x00, 0x00, 0x00, 0x00, 0x00, 0x00, 0x00, 0x00, 0x00, 0x00, 0x0b, 0xff,
    0x20, 0x00, 0x00, 0x00, 0x00, 0x00, 0x00, 0x00, 0x00, 0x00, 0x00, 0x04, 0xff, 0x90, 0x00, 0x00,
    0x00, 0x00, 0x00, 0x00, 0x00, 0x00, 0x00, 0x00, 0x00, 0xdf, 0xe1, 0x00, 0x00, 0x00, 0x00, 0x00,
    0x00, 0x33, 0x33, 0x33, 0x33, 0x33, 0x9d, 0x83, 0x33, 0x33, 0x33, 0x33, 0x00, 0x00, 0xdf, 0xff,
    0xff, 0xff, 0xff, 0xff, 0xff, 0xff, 0xff, 0xff, 0xff, 0x00, 0x00, 0xdf, 0xff, 0xff, 0xff, 0xff,
    0xff, 0xff, 0xff, 0xff, 0xff, 0xff, 0x00, 0x00, 0x00, 0x00, 0xdf, 0x70, 0x00, 0x00, 0x00, 0x09,
    0xfe, 0x10, 0x00, 0x00, 0x00, 0x00, 0x00, 0x6f, 0xe1, 0x00, 0x00, 0x00, 0x1f, 0xf9, 0x00, 0x00,
    0x00, 0x00, 0x00, 0x00, 0x1e, 0xf7, 0x00, 0x00, 0x00, 0x7f, 0xf3, 0x00, 0x00, 0x00, 0x00, 0x00,
    0x00, 0x07, 0xfe, 0x10, 0x00, 0x00, 0xef, 0xb0, 0x00, 0x00, 0x00, 0x00, 0x00, 0x00, 0x01, 0xef,
    0x80, 0x00, 0x07, 0xff, 0x30, 0x00, 0x00, 0x00, 0x00, 0x00, 0x00, 0x00, 0x7f, 0xf5, 0x00, 0x3f,
    0xfa, 0x00, 0x00, 0x00, 0x00, 0x00, 0x00, 0x00, 0x00, 0x0b, 0xfe, 0x21, 0xdf, 0xd1, 0x00, 0x00,
    0x00, 0x00, 0x00, 0x00, 0x00, 0x00, 0x02, 0xef, 0xca, 0xff, 0x30, 0x00, 0x00, 0x00, 0x00, 0x00,
    0x00, 0x00, 0x00, 0x00, 0x5f, 0xff, 0xf7, 0x00, 0x00, 0x00, 0x00, 0x00, 0x00, 0x00, 0x00, 0x00,
    0x00, 0x1d, 0xff, 0xe2, 0x00, 0x00, 0x00, 0x00, 0x00, 0x00, 0x00, 0x00, 0x00, 0x04, 0xdf, 0xff,
    0xff, 0x70, 0x00, 0x00, 0x00, 0x00, 0x00, 0x00, 0x00, 0x01, 0x9f, 0xff, 0x87, 0xff, 0xfc, 0x20,
    0x00, 0x00, 0x00, 0x00, 0x00, 0x01, 0x6e, 0xff, 0xd4, 0x00, 0x3d, 0xff, 0xf8, 0x20, 0x00, 0x00,
    0x00, 0x04, 0x9e, 0xff, 0xfa, 0x10, 0x00, 0x01, 0x9f, 0xff, 0xfa, 0x51, 0x00, 0x01, 0xdf, 0xff,
    0xfc, 0x40, 0x00, 0x00, 0x00, 0x04, 0xcf, 0xff, 0xfe, 0x10, 0x00, 0x7f, 0xfa, 0x40, 0x00, 0x00,
    0x00, 0x00, 0x00, 0x04, 0xae, 0xf5, 0x00, 0x00, 0x06, 0x10, 0x00, 0x00, 0x00, 0x00, 0x00, 0x00,
    0x00, 0x01, 0x40, 0x00, 0x00, 0x00, 0x00, 0x00, 0x00, 0x00, 0x00, 0x00, 0x00, 0x00, 0x00, 0x00,
    0x00, 0x00, 0x00, 0x00, 0x00, 0x00, 0x00, 0x00, 0x00, 0x00, 0x00, 0x00, 0x00, 0x00, 0x00, 0x00,
    0x00, 0x59, 0x10, 0x00, 0x00, 0x00, 0x00, 0x00, 0x01, 0x00, 0x00, 0x00, 0x00, 0x00, 0xcf, 0x70,
    0x00, 0x00, 0x00, 0x00, 0x26, 0xbf, 0x50, 0x00, 0x00, 0x00, 0x00, 0x6f, 0xd0, 0x00, 0x00, 0x36,
    0xad, 0xff, 0xff, 0xd2, 0x00, 0x00, 0x9f, 0xff, 0xff, 0xff, 0xff, 0xf1, 0xcf, 0xff, 0xeb, 0x72,
    0x00, 0x00, 0x00, 0x8d, 0xdd, 0xdd, 0xdd, 0xdd, 0xd1, 0xcf, 0x82, 0x00, 0x00, 0x00, 0x00, 0x00,
    0x01, 0xbb, 0x00, 0x06, 0xe8, 0x00, 0xcf, 0x50, 0x00, 0x00, 0x00, 0x00, 0x00, 0x00, 0xdf, 0x20,
    0x0a, 0xf7, 0x00, 0xcf, 0x50, 0x00, 0x00, 0x00, 0x00, 0x00, 0x00, 0x9f, 0x50, 0x0e, 0xf2, 0x00,
    0xcf, 0x50, 0x00, 0x00, 0x00, 0x00, 0x00, 0x00, 0x7e, 0x50, 0x4f, 0xc0, 0x00, 0xcf, 0x62, 0x22,
    0x22, 0x22, 0x00, 0x00, 0xff, 0xff, 0xff, 0xff, 0xff, 0xf7, 0xcf, 0xff, 0xff, 0xff, 0xff, 0x10,
    0x00, 0xee, 0xee, 0xef, 0xfe, 0xee, 0xe6, 0xcf, 0xff, 0xff, 0xff, 0xff, 0x10, 0x00, 0x00, 0x00,
    0x3f, 0xd0, 0x00, 0x00, 0xcf, 0x50, 0x09, 0xfa, 0x00, 0x00, 0x00, 0x00, 0x00, 0x3f, 0xd0, 0x00,
    0x00, 0xcf, 0x40, 0x09, 0xfa, 0x00, 0x00, 0x00, 0xdf, 0xff, 0xff, 0xff, 0xff, 0xf2, 0xcf, 0x40,
    0x09, 0xfa, 0x00, 0x00, 0x00, 0xde, 0xee, 0xef, 0xfe, 0xee, 0xe2, 0xdf, 0x30, 0x09, 0xfa, 0x00,
    0x00, 0x00, 0x00, 0x20, 0x3f, 0xd0, 0x21, 0x00, 0xff, 0x20, 0x09, 0xfa, 0x00, 0x00, 0x00, 0x05,
    0xf8, 0x3f, 0xd3, 0xf9, 0x01, 0xff, 0x00, 0x09, 0xfa, 0x00, 0x00, 0x00, 0x0b, 0xf4, 0x3f, 0xd0,
    0xdf, 0x34, 0xfd, 0x00, 0x09, 0xfa, 0x00, 0x00, 0x00, 0x5f, 0xc0, 0x3f, 0xd0, 0x5f, 0xa8, 0xfa,
    0x00, 0x09, 0xfa, 0x00, 0x00, 0x00, 0xef, 0x30, 0x3f, 0xd0, 0x0d, 0xbc, 0xf6, 0x00, 0x09, 0xfa,
    0x00, 0x00, 0x00, 0x37, 0x00, 0x3f, 0xd0, 0x02, 0x3f, 0xf2, 0x00, 0x09, 0xfa, 0x00, 0x00, 0x00,
    0x00, 0x2d, 0xef, 0xb0, 0x00, 0xaf, 0xb0, 0x00, 0x09, 0xfa, 0x00, 0x00, 0x00, 0x00, 0x0d, 0xec,
    0x30, 0x00, 0x2d, 0x30, 0x00, 0x09, 0xfa, 0x00, 0x00, 0x00, 0x00, 0x00, 0x00, 0x00, 0x00, 0x01,
    0x00, 0x00, 0x03, 0x64, 0x00, 0x00, 0x00, 0x00, 0x00, 0x00, 0x00, 0x00, 0x00, 0x00, 0x00, 0x00,
    0x00, 0x00, 0x00, 0x00, 0x00, 0x00, 0x00, 0x00, 0x00, 0x00, 0x00, 0x00, 0x00, 0x00, 0x00, 0x00,
    0x00, 0x00, 0x00, 0x00, 0x00, 0x00, 0x00, 0x00, 0x00, 0x06, 0x73, 0x00, 0x00, 0x00, 0x00, 0x00,
    0x00, 0x00, 0x00, 0x00, 0x00, 0x00, 0x0d, 0xf7, 0x00, 0x00, 0x00, 0x3f, 0xff, 0xff, 0xff, 0xa0,
    0x00, 0x00, 0x00, 0x0d, 0xf7, 0x00, 0x00, 0x00, 0x3f, 0xff, 0xff, 0xff, 0xa0, 0x00, 0x00, 0x00,
    0x0d, 0xf7, 0x00, 0x00, 0x00, 0x3f, 0xe1, 0x11, 0x8f, 0xa0, 0x00, 0x00, 0x00, 0x0d, 0xf7, 0x00,
    0x00, 0x00, 0x3f, 0xe0, 0x00, 0x7f, 0xa6, 0xff, 0xff, 0xff, 0xff, 0xff, 0xff, 0x30, 0x00, 0x3f,
    0xe0, 0x00, 0x7f, 0xa6, 0xff, 0xff, 0xff, 0xff, 0xff, 0xff, 0x30, 0x00, 0x3f, 0xe0, 0x00, 0x7f,
    0xa1, 0x44, 0x44, 0x44, 0x4d, 0xf9, 0x44, 0x10, 0x00, 0x3f, 0xe0, 0x00, 0x7f, 0xa0, 0x00, 0x00,
    0x00, 0x0d, 0xf7, 0x00, 0x00, 0x00, 0x3f, 0xe0, 0x00, 0x7f, 0xa0, 0x00, 0x00, 0x00, 0x0d, 0xf7,
    0x00, 0x00, 0x00, 0x3f, 0xff, 0xff, 0xff, 0xa0, 0x4c, 0x80, 0x00, 0x0d, 0xf7, 0x00, 0x00, 0x00,
    0x3f, 0xff, 0xff, 0xff, 0xa0, 0x6f, 0xf3, 0x00, 0x0d, 0xf7, 0x00, 0x00, 0x00, 0x3f, 0xe0, 0x00,
    0x7f, 0xa0, 0x0b, 0xfd, 0x10, 0x0d, 0xf7, 0x00, 0x00, 0x00, 0x3f, 0xe0, 0x00, 0x7f, 0xa0, 0x02,
    0xef, 0x90, 0x0d, 0xf7, 0x00, 0x00, 0x00, 0x3f, 0xe0, 0x00, 0x7f, 0xa0, 0x00, 0x7f, 0xf3, 0x0d,
    0xf7, 0x00, 0x00, 0x00, 0x3f, 0xe0, 0x00, 0x7f, 0xa0, 0x00, 0x0c, 0xf6, 0x0d, 0xf7, 0x00, 0x00,
    0x00, 0x3f, 0xe0, 0x00, 0x8f, 0xa0, 0x00, 0x03, 0x20, 0x0d, 0xf7, 0x00, 0x00, 0x00, 0x3f, 0xff,
    0xff, 0xff, 0xa0, 0x00, 0x00, 0x00, 0x0d, 0xf7, 0x00, 0x00, 0x00, 0x3f, 0xff, 0xff, 0xff, 0xa0,
    0x00, 0x00, 0x00, 0x0d, 0xf7, 0x00, 0x00, 0x00, 0x3f, 0xe0, 0x00, 0x00, 0x00, 0x00, 0x00, 0x00,
    0x0d, 0xf7, 0x00, 0x00, 0x00, 0x3f, 0xe0, 0x00, 0x00, 0x00, 0x00, 0x00, 0x00, 0x1e, 0xf7, 0x00,
    0x00, 0x00, 0x00, 0x00, 0x00, 0x00, 0x00, 0x00, 0x7f, 0xff, 0xff, 0xf5, 0x00, 0x00, 0x00, 0x00,
    0x00, 0x00, 0x00, 0x00, 0x00, 0x2f, 0xff, 0xff, 0x80, 0x00, 0x00, 0x00, 0x00, 0x00, 0x00, 0x00,
    0x00, 0x00, 0x03, 0x43, 0x21, 0x00, 0x00, 0x00, 0x00, 0x00, 0x00, 0x00, 0x00, 0x00, 0x00, 0x00,
    0x00, 0x00, 0x00, 0x00, 0x00, 0x00, 0x00, 0x00, 0x00, 0x00, 0x00, 0x00, 0x00, 0x00, 0x00, 0x00,
    0x00, 0x00, 0x00, 0x00, 0x0f, 0xff, 0xff, 0xff, 0xff, 0xff, 0xff, 0xff, 0xf1, 0x00, 0x00, 0x00,
    0x00, 0x0f, 0xfc, 0xcc, 0xcc, 0xcc, 0xcc, 0xcc, 0xdf, 0xf1, 0x00, 0x00, 0x00, 0x00, 0x0f, 0xf3,
    0x00, 0x00, 0x00, 0x00, 0x00, 0x4f, 0xf1, 0x00, 0x00, 0x00, 0x00, 0x0f, 0xfb, 0xbb, 0xbb, 0xbb,
    0xbb, 0xbb, 0xcf, 0xf1, 0x00, 0x00, 0x00, 0x00, 0x0f, 0xff, 0xff, 0xff, 0xff, 0xff, 0xff, 0xff,
    0xf1, 0x00, 0x00, 0x00, 0x00, 0x0f, 0xf3, 0x00, 0x00, 0x00, 0x00, 0x00, 0x4f, 0xf1, 0x00, 0x00,
    0x00, 0x00, 0x0f, 0xf3, 0x00, 0x00, 0x00, 0x00, 0x00, 0x4f, 0xf1, 0x00, 0x00, 0x00, 0x00, 0x0f,
    0xf3, 0x00, 0x00, 0x00, 0x00, 0x00, 0x4f, 0xf1, 0x00, 0x00, 0x00, 0x00, 0x0f, 0xff, 0xff, 0xff,
    0xff, 0xff, 0xff, 0xff, 0xf1, 0x00, 0x00, 0x00, 0x00, 0x0c, 0xcc, 0xcc, 0xcc, 0xcc, 0xcc, 0xcc,
    0xcc, 0xc1, 0x00, 0x00, 0x00, 0x00, 0x00, 0x00, 0x05, 0x62, 0x00, 0x36, 0x40, 0x00, 0x00, 0x00,
    0x00, 0x00, 0x00, 0x25, 0x00, 0x0d, 0xf5, 0x00, 0x7f, 0xa0, 0x00, 0x74, 0x00, 0x00, 0x00, 0x01,
    0xef, 0x20, 0x0d, 0xf5, 0x00, 0x7f, 0xa0, 0x03, 0xff, 0x30, 0x00, 0x00, 0x00, 0x8f, 0xb0, 0x0d,
    0xf5, 0x00, 0x7f, 0xa0, 0x0c, 0xf8, 0x00, 0x00, 0x00, 0x00, 0x1d, 0xf4, 0x0d, 0xf5, 0x00, 0x7f,
    0xa0, 0x7f, 0xd1, 0x00, 0x00, 0x00, 0x00, 0x06, 0xfc, 0x0d, 0xf5, 0x00, 0x7f, 0xa3, 0xff, 0x30,
    0x00, 0x00, 0x00, 0x00, 0x01, 0xb5, 0x0d, 0xf5, 0x00, 0x7f, 0xa1, 0x76, 0x00, 0x00, 0x00, 0x00,
    0x00, 0x00, 0x00, 0x0d, 0xf5, 0x00, 0x7f, 0xa0, 0x00, 0x00, 0x00, 0x00, 0x02, 0xff, 0xff, 0xff,
    0xff, 0xff, 0xff, 0xff, 0xff, 0xff, 0xff, 0xff, 0x20, 0x02, 0xff, 0xff, 0xff, 0xff, 0xff, 0xff,
    0xff, 0xff, 0xff, 0xff, 0xff, 0x20, 0x00, 0x33, 0x33, 0x33, 0x33, 0x33, 0x33, 0x33, 0x33, 0x33,
    0x33, 0x33, 0x00, 0x00, 0x00, 0x00, 0x00, 0x00, 0x00, 0x00, 0x00, 0x00, 0x00, 0x00, 0x00, 0x00,
    0x00, 0x00, 0x00, 0x00, 0x00, 0x00, 0x00, 0x00, 0x00, 0x00, 0x00, 0x00, 0x00, 0x00, 0x00, 0x00,
    0x00, 0x00, 0x00, 0x00, 0x00, 0x9a, 0x20, 0x00, 0x00, 0x00, 0x00, 0x00, 0x00, 0x00, 0x00, 0x00,
    0x00, 0x00, 0xff, 0x30, 0x00, 0x00, 0x00, 0x00, 0x4f, 0xff, 0xff, 0xf1, 0x2a, 0xaa, 0xaa, 0xff,
    0xba, 0xaa, 0xa6, 0x00, 0x00, 0x4f, 0xff, 0xff, 0xf1, 0x3f, 0xff, 0xff, 0xff, 0xff, 0xff, 0xf9,
    0x00, 0x00, 0x4f, 0x90, 0x0d, 0xf1, 0x00, 0x00, 0x00, 0xff, 0x30, 0x00, 0x00, 0x00, 0x00, 0x4f,
    0x90, 0x0d, 0xf1, 0x06, 0x99, 0x99, 0xff, 0xa9, 0x99, 0x91, 0x00, 0x00, 0x4f, 0x90, 0x0d, 0xf1,
    0x0a, 0xff, 0xff, 0xff, 0xff, 0xff, 0xf2, 0x00, 0x00, 0x4f, 0x90, 0x0d, 0xf1, 0x00, 0x00, 0x00,
    0xff, 0x30, 0x00, 0x00, 0x00, 0x00, 0x4f, 0x90, 0x0d, 0xf1, 0x9b, 0xbb, 0xbb, 0xff, 0xbb, 0xbb,
    0xbb, 0x10, 0x00, 0x4f, 0xff, 0xff, 0xf1, 0xdf, 0xff, 0xff, 0xff, 0xff, 0xff, 0xff, 0x10, 0x00,
    0x4f, 0xff, 0xff, 0xf1, 0x00, 0x00, 0x00, 0x00, 0x00, 0x00, 0x00, 0x00, 0x00, 0x4f, 0x90, 0x0d,
    0xf1, 0x03, 0xaa, 0xaa, 0xaa, 0xaa, 0xaa, 0x70, 0x00, 0x00, 0x4f, 0x90, 0x0d, 0xf1, 0x05, 0xff,
    0xff, 0xff, 0xff, 0xff, 0xb0, 0x00, 0x00, 0x4f, 0x90, 0x0d, 0xf1, 0x05, 0xfc, 0x00, 0x00, 0x00,
    0x6f, 0xb0, 0x00, 0x00, 0x4f, 0x90, 0x0d, 0xf1, 0x05, 0xfc, 0x00, 0x00, 0x00, 0x6f, 0xb0, 0x00,
    0x00, 0x4f, 0x90, 0x0d, 0xf1, 0x05, 0xff, 0xff, 0xff, 0xff, 0xff, 0xb0, 0x00, 0x00, 0x4f, 0x90,
    0x0d, 0xf1, 0x05, 0xfe, 0x88, 0x88, 0x88, 0xbf, 0xb0, 0x00, 0x00, 0x4f, 0xff, 0xff, 0xf1, 0x05,
    0xfc, 0x00, 0x00, 0x00, 0x6f, 0xb0, 0x00, 0x00, 0x4f, 0xff, 0xff, 0xf1, 0x05, 0xff, 0xff, 0xff,
    0xff, 0xff, 0xb0, 0x00, 0x00, 0x4f, 0x90, 0x00, 0x00, 0x05, 0xfe, 0x88, 0x88, 0x88, 0xbf, 0xb0,
    0x00, 0x00, 0x4f, 0x90, 0x00, 0x00, 0x05, 0xfc, 0x00, 0x00, 0x00, 0x6f, 0xb0, 0x00, 0x00, 0x00,
    0x00, 0x00, 0x00, 0x05, 0xfc, 0x00, 0x00, 0x00, 0x6f, 0xb0, 0x00, 0x00, 0x00, 0x00, 0x00, 0x00,
    0x05, 0xfc, 0x00, 0x00, 0xef, 0xff, 0x90, 0x00, 0x00, 0x00, 0x00, 0x00, 0x00, 0x04, 0xca, 0x00,
    0x00, 0x7c, 0xb8, 0x10, 0x00, 0x00, 0x00, 0x00, 0x00, 0x00, 0x00, 0x00, 0x00, 0x00, 0x00, 0x00,
    0x00, 0x00, 0x00, 0x00, 0x00, 0x00, 0x00, 0x00, 0x00, 0x00, 0x00, 0x00, 0x00, 0x00, 0x00, 0x00,
    0x00, 0x00, 0x75, 0x10, 0x00, 0x00, 0x00, 0x00, 0x00, 0x01, 0x10, 0x00, 0x00, 0x00, 0x02, 0xff,
    0x60, 0x00, 0x00, 0x01, 0x24, 0x69, 0xcf, 0xb0, 0x00, 0x00, 0xcf, 0xff, 0xff, 0xff, 0xff, 0xf7,
    0x7f, 0xff, 0xff, 0xfd, 0xa2, 0x00, 0x00, 0x9b, 0xdf, 0xeb, 0xbb, 0xbb, 0xb5, 0x7f, 0xc7, 0x64,
    0x20, 0x00, 0x00, 0x00, 0x00, 0xdf, 0x61, 0x65, 0x00, 0x00, 0x7f, 0x80, 0x00, 0x00, 0x00, 0x00,
    0x00, 0x09, 0xfa, 0x03, 0xfd, 0x00, 0x00, 0x8f, 0x80, 0x00, 0x00, 0x00, 0x00, 0x00, 0x7f, 0xfc,
    0xbc, 0xff, 0xbb, 0xb6, 0x8f, 0xff, 0xff, 0xff, 0xfd, 0x00, 0x00, 0x3f, 0xff, 0xff, 0xff, 0xff,
    0xf8, 0xaf, 0xec, 0xcf, 0xfd, 0xcb, 0x00, 0x00, 0x02, 0x10, 0x03, 0xfd, 0x00, 0x00, 0xbf, 0x50,
    0x0d, 0xf4, 0x00, 0x00, 0x00, 0x00, 0x14, 0x6a, 0xff, 0xde, 0xf5, 0xdf, 0x20, 0x0d, 0xf4, 0x00,
    0x00, 0x00, 0x8e, 0xff, 0xff, 0xff, 0xcb, 0x95, 0xfe, 0x00, 0x0d, 0xf4, 0x00, 0x00, 0x00, 0xaf,
    0xd9, 0x65, 0xfd, 0x00, 0x09, 0xfa, 0x00, 0x0d, 0xf4, 0x00, 0x00, 0x00, 0x21, 0x00, 0x03, 0xfd,
    0x00, 0x1e, 0xf4, 0x00, 0x0d, 0xf4, 0x00, 0x00, 0x00, 0x00, 0x00, 0x00, 0x00, 0x00, 0x02, 0x80,
    0x00, 0x09, 0xb3, 0x00, 0x00, 0x00, 0x00, 0x0a, 0xbb, 0xbb, 0xbb, 0xbb, 0xbb, 0xbb, 0xbb, 0xb0,
    0x00, 0x00, 0x00, 0x00, 0x0e, 0xff, 0xff, 0xff, 0xff, 0xff, 0xff, 0xff, 0xf0, 0x00, 0x00, 0x00,
    0x00, 0x0e, 0xf3, 0x00, 0x00, 0x00, 0x00, 0x00, 0x3f, 0xf0, 0x00, 0x00, 0x00, 0x00, 0x0e, 0xfa,
    0x88, 0x88, 0x88, 0x88, 0x88, 0xaf, 0xf0, 0x00, 0x00, 0x00, 0x00, 0x0e, 0xff, 0xff, 0xff, 0xff,
    0xff, 0xff, 0xff, 0xf0, 0x00, 0x00, 0x00, 0x00, 0x0e, 0xf3, 0x00, 0x00, 0x00, 0x00, 0x00, 0x3f,
    0xf0, 0x00, 0x00, 0x00, 0x00, 0x0e, 0xf3, 0x00, 0x00, 0x00, 0x00, 0x00, 0x3f, 0xf0, 0x00, 0x00,
    0x00, 0x00, 0x0e, 0xff, 0xff, 0xff, 0xff, 0xff, 0xff, 0xff, 0xf0, 0x00, 0x00, 0x00, 0x00, 0x0e,
    0xfc, 0xbb, 0xbb, 0xbb, 0xbb, 0xbb, 0xcf, 0xf0, 0x00, 0x00, 0x00, 0x00, 0x08, 0x92, 0x00, 0x00,
    0x00, 0x00, 0x00, 0x29, 0x90, 0x00, 0x00, 0x00, 0x00, 0x00, 0x00, 0x00, 0x00, 0x00, 0x00, 0x00,
    0x00, 0x00, 0x00, 0x00, 0x00, 0x00, 0x00, 0x00, 0x00, 0x00, 0x00, 0x00, 0x00, 0x00, 0x00, 0x00,
    0x00, 0x00, 0x00, 0x00, 0x00, 0x00, 0x00, 0x00, 0x00, 0x00, 0x00, 0x00, 0x00, 0x00, 0x00, 0x7f,
    0xff, 0xff, 0xff, 0xff, 0xff, 0xff, 0xff, 0xff, 0xff, 0xf7, 0x00, 0x00, 0x7f, 0xff, 0xff, 0xff,
    0xff, 0xff, 0xff, 0xff, 0xff, 0xff, 0xf7, 0x00, 0x00, 0x00, 0x00, 0x00, 0x00, 0x00, 0xff, 0x50,
    0x00, 0x00, 0x00, 0x00, 0x00, 0x00, 0x00, 0x00, 0x00, 0x00, 0x00, 0xff, 0x50, 0x00, 0x00, 0x00,
    0x00, 0x00, 0x00, 0x00, 0x5f, 0xff, 0xff, 0xff, 0xff, 0xff, 0xff, 0xff, 0xff, 0x00, 0x00, 0x00,
    0x00, 0x5f, 0xfd, 0xdd, 0xdd, 0xff, 0xed, 0xdd, 0xde, 0xff, 0x00, 0x00, 0x00, 0x00, 0x5f, 0xc0,
    0x00, 0x00, 0xff, 0x50, 0x00, 0x04, 0xff, 0x00, 0x00, 0x00, 0x00, 0x5f, 0xc0, 0x00, 0x00, 0xff,
    0x50, 0x00, 0x04, 0xff, 0x00, 0x00, 0x00, 0x00, 0x5f, 0xff, 0xff, 0xff, 0xff, 0xff, 0xff, 0xff,
    0xff, 0x00, 0x00, 0x00, 0x00, 0x5f, 0xeb, 0xbb, 0xbc, 0xff, 0xdb, 0xbb, 0xbc, 0xff, 0x00, 0x00,
    0x00, 0x00, 0x5f, 0xc0, 0x00, 0x00, 0xff, 0x50, 0x00, 0x04, 0xff, 0x00, 0x00, 0x00, 0x00, 0x5f,
    0xc0, 0x00, 0x01, 0xff, 0x50, 0x00, 0x04, 0xff, 0x00, 0x00, 0x00, 0x00, 0x5f, 0xff, 0xff, 0xff,
    0xff, 0xff, 0xff, 0xff, 0xff, 0x00, 0x00, 0x00, 0x00, 0x5d, 0xdd, 0xdd, 0xde, 0xff, 0xdd, 0xdd,
    0xdd, 0xdd, 0x00, 0x00, 0x00, 0x00, 0x05, 0xca, 0x00, 0x0a, 0xfd, 0x00, 0x00, 0x00, 0x00, 0x00,
    0x00, 0x00, 0x00, 0x03, 0xef, 0x90, 0x4f, 0xf7, 0x00, 0x00, 0x00, 0x00, 0x00, 0x00, 0x00, 0x00,
    0x00, 0x5f, 0xfc, 0xef, 0xc0, 0x00, 0x00, 0x00, 0x00, 0x00, 0x00, 0x00, 0x00, 0x00, 0x05, 0xff,
    0xff, 0x71, 0x00, 0x00, 0x00, 0x00, 0x00, 0x00, 0x00, 0x00, 0x15, 0xbf, 0xff, 0xff, 0xff, 0xc9,
    0x75, 0x32, 0x11, 0x10, 0x00, 0x00, 0x8d, 0xff, 0xff, 0xc5, 0x27, 0xdf, 0xff, 0xff, 0xff, 0xff,
    0xff, 0x20, 0x00, 0x3f, 0xfe, 0x94, 0x00, 0x00, 0x02, 0x59, 0xbd, 0xef, 0xff, 0xfa, 0x00, 0x00,
    0x04, 0x30, 0x00, 0x00, 0x00, 0x00, 0x00, 0x00, 0x01, 0x23, 0x32, 0x00, 0x00, 0x00, 0x00, 0x00,
    0x00, 0x00, 0x00, 0x00, 0x00, 0x00, 0x00, 0x00, 0x00, 0x00, 0x00, 0x00, 0x00, 0x00, 0x00, 0x00,
    0x00, 0x00, 0x00, 0x00, 0x00, 0x00, 0x00, 0x00, 0x07, 0x88, 0x88, 0x88, 0x88, 0x88, 0x88, 0x88,
    0x70, 0x00, 0x00, 0x00, 0x00, 0x0d, 0xff, 0xff, 0xff, 0xff, 0xff, 0xff, 0xff, 0xe0, 0x00, 0x00,
    0x00, 0x00, 0x0d, 0xf5, 0x00, 0x00, 0x00, 0x00, 0x00, 0x5f, 0xe0, 0x00, 0x00, 0x00, 0x00, 0x0d,
    0xff, 0xff, 0xff, 0xff, 0xff, 0xff, 0xff, 0xe0, 0x00, 0x00, 0x00, 0x00, 0x0d, 0xfa, 0x77, 0x77,
    0x77, 0x77, 0x77, 0xaf, 0xe0, 0x00, 0x00, 0x00, 0x00, 0x0d, 0xf5, 0x00, 0x00, 0x00, 0x00, 0x00,
    0x5f, 0xe0, 0x00, 0x00, 0x00, 0x00, 0x0d, 0xff, 0xff, 0xff, 0xff, 0xff, 0xff, 0xff, 0xe0, 0x00,
    0x00, 0x00, 0x00, 0x07, 0x88, 0x88, 0x88, 0x88, 0x88, 0x88, 0x88, 0x70, 0x00, 0x00, 0x00, 0x00,
    0x00, 0x00, 0x00, 0x00, 0x00, 0x00, 0x00, 0x00, 0x00, 0x00, 0x00, 0x00, 0xdf, 0xff, 0xff, 0xff,
    0xff, 0xff, 0xff, 0xff, 0xff, 0xff, 0xfd, 0x00, 0x00, 0xbc, 0xef, 0xec, 0xcc, 0xef, 0xec, 0xcc,
    0xcc, 0xcc, 0xcc, 0xca, 0x00, 0x00, 0x00, 0xaf, 0x60, 0x00, 0xbf, 0x60, 0x00, 0x00, 0x00, 0x00,
    0x00, 0x00, 0x00, 0x00, 0xaf, 0xc9, 0x99, 0xef, 0x69, 0xcc, 0xcc, 0xcc, 0xcc, 0xa1, 0x00, 0x00,
    0x00, 0xaf, 0xff, 0xff, 0xff, 0x6b, 0xff, 0xff, 0xff, 0xff, 0xe0, 0x00, 0x00, 0x00, 0xaf, 0x60,
    0x00, 0xbf, 0x60, 0xaf, 0x50, 0x00, 0x9f, 0x80, 0x00, 0x00, 0x00, 0xaf, 0xb9, 0x99, 0xef, 0x60,
    0x4f, 0xd0, 0x02, 0xff, 0x20, 0x00, 0x00, 0x00, 0xaf, 0xff, 0xff, 0xff, 0x60, 0x0c, 0xf9, 0x0c,
    0xf8, 0x00, 0x00, 0x00, 0x00, 0xaf, 0x60, 0x00, 0xbf, 0x60, 0x02, 0xef, 0xcf, 0xc0, 0x00, 0x00,
    0x00, 0x00, 0xaf, 0x95, 0x79, 0xef, 0xe8, 0x00, 0x6f, 0xff, 0x30, 0x00, 0x00, 0x00, 0xbd, 0xff,
    0xff, 0xff, 0xff, 0xf9, 0x03, 0xdf, 0xff, 0xc4, 0x00, 0x00, 0x00, 0xcf, 0xff, 0xec, 0xa8, 0xdf,
    0x74, 0xaf, 0xfd, 0x7e, 0xff, 0xc7, 0x10, 0x00, 0x55, 0x31, 0x00, 0x00, 0xbf, 0x6b, 0xfe, 0x80,
    0x02, 0xaf, 0xfb, 0x00, 0x00, 0x00, 0x00, 0x00, 0x00, 0x8b, 0x51, 0x71, 0x00, 0x00, 0x02, 0x71,
    0x00, 0x00, 0x00, 0x00, 0x00, 0x00, 0x00, 0x00, 0x00, 0x00, 0x00, 0x00, 0x00, 0x00, 0x00, 0x00,
    0x00, 0x00, 0x00, 0x00, 0x00, 0x00, 0x00, 0x00, 0x00, 0x00, 0x00, 0x00, 0x00, 0x00, 0x00, 0x00,
    0x02, 0x88, 0x10, 0x00, 0x00, 0x00, 0x00, 0x00, 0x00, 0x00, 0x00, 0x00, 0x00, 0x03, 0xff, 0x30,
    0x00, 0x00, 0x00, 0x00, 0x00, 0x00, 0x00, 0x00, 0x00, 0x00, 0x03, 0xff, 0x30, 0x00, 0x00, 0x00,
    0x00, 0x00, 0x00, 0x00, 0x00, 0x00, 0x00, 0x03, 0xff, 0x30, 0x00, 0x00, 0x00, 0x00, 0x00, 0x00,
    0x00, 0x34, 0x44, 0x44, 0x46, 0xff, 0x64, 0x44, 0x44, 0x44, 0x00, 0x00, 0x00, 0x00, 0xdf, 0xff,
    0xff, 0xff, 0xff, 0xff, 0xff, 0xff, 0xff, 0x00, 0x00, 0x00, 0x00, 0xdf, 0xff, 0xff, 0xff, 0xff,
    0xff, 0xff, 0xff, 0xff, 0x00, 0x00, 0x00, 0x00, 0x00, 0x00, 0x00, 0x03, 0xff, 0x30, 0x00, 0x00,
    0x00, 0x00, 0x00, 0x00, 0x00, 0x00, 0x00, 0x00, 0x03, 0xff, 0x30, 0x00, 0x00, 0x00, 0x00, 0x00,
    0x00, 0x00, 0x00, 0x00, 0x00, 0x03, 0xff, 0x30, 0x00, 0x00, 0x00, 0x00, 0x00, 0x00, 0x24, 0x44,
    0x44, 0x44, 0x46, 0xff, 0x64, 0x44, 0x44, 0x44, 0x43, 0x00, 0x00, 0x9f, 0xff, 0xff, 0xff, 0xff,
    0xff, 0xff, 0xff, 0xff, 0xff, 0xfb, 0x00, 0x00, 0x9f, 0xff, 0xff, 0xff, 0xff, 0xff, 0xff, 0xff,
    0xff, 0xff, 0xfb, 0x00, 0x00, 0x00, 0x00, 0x00, 0x00, 0xcf, 0xff, 0xfb, 0x00, 0x00, 0x00, 0x00,
    0x00, 0x00, 0x00, 0x00, 0x00, 0x0a, 0xff, 0xff, 0xff, 0x90, 0x00, 0x00, 0x00, 0x00, 0x00, 0x00,
    0x00, 0x00, 0x8f, 0xf9, 0xff, 0x8f, 0xf8, 0x00, 0x00, 0x00, 0x00, 0x00, 0x00, 0x00, 0x09, 0xff,
    0x83, 0xff, 0x37, 0xff, 0x90, 0x00, 0x00, 0x00, 0x00, 0x00, 0x01, 0xaf, 0xf9, 0x03, 0xff, 0x30,
    0x9f, 0xfa, 0x10, 0x00, 0x00, 0x00, 0x00, 0x4d, 0xff, 0x90, 0x03, 0xff, 0x30, 0x09, 0xff, 0xd3,
    0x00, 0x00, 0x00, 0x29, 0xff, 0xf7, 0x00, 0x03, 0xff, 0x30, 0x00, 0x7f, 0xff, 0x92, 0x00, 0x01,
    0xef, 0xfe, 0x40, 0x00, 0x03, 0xff, 0x30, 0x00, 0x04, 0xef, 0xfe, 0x10, 0x00, 0x5f, 0xa1, 0x00,
    0x00, 0x03, 0xff, 0x30, 0x00, 0x00, 0x2a, 0xf4, 0x00, 0x00, 0x02, 0x00, 0x00, 0x00, 0x03, 0xff,
    0x30, 0x00, 0x00, 0x00, 0x20, 0x00, 0x00, 0x00, 0x00, 0x00, 0x00, 0x02, 0x99, 0x20, 0x00, 0x00,
    0x00, 0x00, 0x00, 0x00, 0x00, 0x00, 0x00, 0x00, 0x00, 0x00, 0x00, 0x00, 0x00, 0x00, 0x00, 0x00,
    0x00, 0x00, 0x00, 0x00, 0x00, 0x00, 0x00, 0x00, 0x00, 0x00, 0x00, 0x00, 0x00, 0x00, 0x00, 0x00,
    0x00, 0x00, 0x02, 0x88, 0x10, 0x00, 0x00, 0x00, 0x00, 0x00, 0x00, 0x00, 0x00, 0x00, 0x00, 0x03,
    0xff, 0x30, 0x00, 0x00, 0x00, 0x00, 0x00, 0x00, 0x00, 0x00, 0x00, 0x00, 0x03, 0xff, 0x30, 0x00,
    0x00, 0x00, 0x00, 0x00, 0x00, 0x00, 0x00, 0x00, 0x00, 0x03, 0xff, 0x30, 0x00, 0x00, 0x00, 0x00,
    0x00, 0x00, 0x00, 0x00, 0x00, 0x00, 0x03, 0xff, 0x30, 0x00, 0x00, 0x00, 0x00, 0x00, 0x00, 0x35,
    0x55, 0x55, 0x55, 0x57, 0xff, 0x75, 0x55, 0x55, 0x55, 0x53, 0x00, 0x00, 0x8f, 0xff, 0xff, 0xff,
    0xff, 0xff, 0xff, 0xff, 0xff, 0xff, 0xf8, 0x00, 0x00, 0x8f, 0xff, 0xff, 0xff, 0xff, 0xff, 0xff,
    0xff, 0xff, 0xff, 0xf8, 0x00, 0x00, 0x00, 0x00, 0x00, 0x2f, 0xf7, 0xff, 0x8f, 0xe1, 0x00, 0x00,
    0x00, 0x00, 0x00, 0x00, 0x00, 0x00, 0x9f, 0xc4, 0xff, 0x3d, 0xf7, 0x00, 0x00, 0x00, 0x00, 0x00,
    0x00, 0x00, 0x01, 0xff, 0x53, 0xff, 0x37, 0xfe, 0x10, 0x00, 0x00, 0x00, 0x00, 0x00, 0x00, 0x0a,
    0xfd, 0x03, 0xff, 0x31, 0xef, 0x80, 0x00, 0x00, 0x00, 0x00, 0x00, 0x00, 0x4f, 0xf6, 0x03, 0xff,
    0x30, 0x7f, 0xf3, 0x00, 0x00, 0x00, 0x00, 0x00, 0x01, 0xdf, 0xb0, 0x03, 0xff, 0x30, 0x0c, 0xfd,
    0x10, 0x00, 0x00, 0x00, 0x00, 0x0b, 0xfe, 0x20, 0x03, 0xff, 0x30, 0x03, 0xff, 0xb0, 0x00, 0x00,
    0x00, 0x00, 0xaf, 0xf5, 0x00, 0x03, 0xff, 0x30, 0x00, 0x7f, 0xfa, 0x00, 0x00, 0x00, 0x1a, 0xff,
    0xc4, 0x44, 0x47, 0xff, 0x64, 0x44, 0x5d, 0xff, 0xc2, 0x00, 0x01, 0xcf, 0xfa, 0x9f, 0xff, 0xff,
    0xff, 0xff, 0xff, 0xf9, 0xbf, 0xfd, 0x10, 0x00, 0x8f, 0x90, 0x9f, 0xff, 0xff, 0xff, 0xff, 0xff,
    0xf8, 0x0a, 0xf4, 0x00, 0x00, 0x05, 0x00, 0x00, 0x00, 0x03, 0xff, 0x30, 0x00, 0x00, 0x00, 0x40,
    0x00, 0x00, 0x00, 0x00, 0x00, 0x00, 0x03, 0xff, 0x30, 0x00, 0x00, 0x00, 0x00, 0x00, 0x00, 0x00,
    0x00, 0x00, 0x00, 0x03, 0xff, 0x30, 0x00, 0x00, 0x00, 0x00, 0x00, 0x00, 0x00, 0x00, 0x00, 0x00,
    0x03, 0xff, 0x30, 0x00, 0x00, 0x00, 0x00, 0x00, 0x00, 0x00, 0x00, 0x00, 0x00, 0x02, 0x99, 0x20,
    0x00, 0x00, 0x00, 0x00, 0x00, 0x00, 0x00, 0x00, 0x00, 0x00, 0x00, 0x00, 0x00, 0x00, 0x00, 0x00,
    0x00, 0x00, 0x00, 0x00, 0x00, 0x00, 0x00, 0x00, 0x00, 0x00, 0x00, 0x00, 0x00, 0x00, 0x00, 0x00,
    0x00, 0x00, 0x99, 0x10, 0x00, 0x00, 0x00, 0x00, 0x00, 0x00, 0x00, 0x00, 0x00, 0x00, 0x01, 0xff,
    0x20, 0x00, 0x02, 0x22, 0x22, 0x22, 0x20, 0x00, 0x00, 0x00, 0x00, 0x01, 0xff, 0x20, 0x00, 0x3f,
    0xff, 0xff, 0xff, 0xf2, 0x00, 0x00, 0x00, 0x00, 0x01, 0xff, 0x20, 0x00, 0x3f, 0xff, 0xff, 0xff,
    0xf2, 0x00, 0x00, 0x00, 0x00, 0x01, 0xff, 0x20, 0x00, 0x3f, 0xf0, 0x00, 0x2f, 0xf2, 0x00, 0x00,
    0x00, 0x22, 0x23, 0xff, 0x42, 0x21, 0x3f, 0xf0, 0x00, 0x2f, 0xf2, 0x00, 0x00, 0x00, 0xcf, 0xff,
    0xff, 0xff, 0xf7, 0x3f, 0xf0, 0x00, 0x2f, 0xf2, 0x00, 0x00, 0x00, 0xcf, 0xff, 0xff, 0xff, 0xf7,
    0x3f, 0xf0, 0x00, 0x2f, 0xf2, 0x00, 0x00, 0x00, 0x00, 0x08, 0xff, 0x20, 0x00, 0x3f, 0xf0, 0x00,
    0x2f, 0xf2, 0x00, 0x00, 0x00, 0x00, 0x0d, 0xff, 0x20, 0x00, 0x3f, 0xf0, 0x00, 0x2f, 0xf2, 0x00,
    0x00, 0x00, 0x00, 0x3f, 0xff, 0xa0, 0x00, 0x3f, 0xf0, 0x00, 0x2f, 0xf2, 0x00, 0x00, 0x00, 0x00,
    0x9f, 0xff, 0xf9, 0x00, 0x3f, 0xf0, 0x00, 0x2f, 0xf2, 0x00, 0x00, 0x00, 0x00, 0xee, 0xff, 0xef,
    0x70, 0x4f, 0xe0, 0x00, 0x2f, 0xf2, 0x00, 0x00, 0x00, 0x06, 0xf8, 0xff, 0x5f, 0xf5, 0x5f, 0xd0,
    0x00, 0x2f, 0xf2, 0x00, 0x00, 0x00, 0x0d, 0xf2, 0xff, 0x27, 0xf5, 0x8f, 0xb0, 0x00, 0x2f, 0xf2,
    0x00, 0x00, 0x00, 0x8f, 0xa1, 0xff, 0x20, 0x80, 0xaf, 0x80, 0x00, 0x2f, 0xf2, 0x00, 0x00, 0x03,
    0xff, 0x31, 0xff, 0x20, 0x00, 0xdf, 0x60, 0x00, 0x2f, 0xf2, 0x12, 0x00, 0x02, 0xea, 0x01, 0xff,
    0x20, 0x03, 0xff, 0x20, 0x00, 0x2f, 0xf2, 0x2f, 0x60, 0x00, 0x71, 0x01, 0xff, 0x20, 0x09, 0xfc,
    0x00, 0x00, 0x2f, 0xf2, 0x2f, 0x80, 0x00, 0x00, 0x01, 0xff, 0x20, 0x1e, 0xf6, 0x00, 0x00, 0x2f,
    0xf2, 0x3f, 0x80, 0x00, 0x00, 0x01, 0xff, 0x20, 0x9f, 0xe1, 0x00, 0x00, 0x1f, 0xf4, 0x5f, 0x70,
    0x00, 0x00, 0x01, 0xff, 0x26, 0xff, 0x70, 0x00, 0x00, 0x0e, 0xff, 0xff, 0x50, 0x00, 0x00, 0x01,
    0xff, 0x22, 0xcb, 0x00, 0x00, 0x00, 0x06, 0xff, 0xfb, 0x00, 0x00, 0x00, 0x00, 0x66, 0x10, 0x11,
    0x00, 0x00, 0x00, 0x00, 0x01, 0x10, 0x00, 0x00, 0x00, 0x00, 0x00, 0x00, 0x00, 0x00, 0x00, 0x00,
    0x00, 0x00, 0x00, 0x00, 0x00, 0x00, 0x00, 0x00, 0x00, 0x00, 0x00, 0x00, 0x00, 0x00, 0x00, 0x00,
    0x00, 0x00, 0x00, 0x06, 0x94, 0x00, 0x00, 0x00, 0x00, 0x00, 0x00, 0x00, 0x00, 0x00, 0x00, 0x00,
    0x0a, 0xf6, 0x00, 0x00, 0x00, 0x00, 0x00, 0x00, 0x00, 0x00, 0x00, 0x00, 0x00, 0x0a, 0xf6, 0x00,
    0xcf, 0xff, 0xff, 0xff, 0xff, 0xe0, 0x00, 0x00, 0x00, 0x00, 0x0a, 0xf6, 0x00, 0xcf, 0xff, 0xff,
    0xff, 0xff, 0xa0, 0x00, 0x00, 0x00, 0x00, 0x0a, 0xf6, 0x00, 0x11, 0x5f, 0xd1, 0x11, 0xbf, 0x70,
    0x00, 0x00, 0x00, 0xaf, 0xff, 0xff, 0xfd, 0x00, 0x5f, 0xc0, 0x00, 0xef, 0x30, 0x00, 0x00, 0x00,
    0xaf, 0xff, 0xff, 0xfd, 0x00, 0x6f, 0xb0, 0x02, 0xff, 0x00, 0x00, 0x00, 0x00, 0x12, 0x2e, 0xf7,
    0x22, 0x00, 0x7f, 0xa0, 0x06, 0xfb, 0x00, 0x00, 0x00, 0x00, 0x00, 0x2f, 0xfb, 0x00, 0x00, 0x8f,
    0x90, 0x0a, 0xf8, 0x00, 0x00, 0x00, 0x00, 0x00, 0x6f, 0xff, 0x50, 0x00, 0x9f, 0x80, 0x0d, 0xff,
    0xff, 0xd3, 0x00, 0x00, 0x00, 0xbf, 0xff, 0xd1, 0x00, 0xbf, 0xb0, 0x2f, 0xff, 0xff, 0xf2, 0x00,
    0x00, 0x00, 0xef, 0xfc, 0xf8, 0x00, 0xdf, 0xf3, 0x00, 0x00, 0x4f, 0xe0, 0x00, 0x00, 0x04, 0xff,
    0xf7, 0xdf, 0x21, 0xff, 0xf9, 0x00, 0x00, 0xaf, 0xa0, 0x00, 0x00, 0x0b, 0xfb, 0xf6, 0x69, 0x03,
    0xff, 0xfe, 0x10, 0x00, 0xef, 0x40, 0x00, 0x00, 0x2f, 0xba, 0xf6, 0x10, 0x06, 0xfc, 0xcf, 0x90,
    0x06, 0xfe, 0x00, 0x00, 0x00, 0xbf, 0x6a, 0xf6, 0x00, 0x0a, 0xf8, 0x4f, 0xf4, 0x1e, 0xf6, 0x00,
    0x00, 0x04, 0xfe, 0x1a, 0xf6, 0x00, 0x1e, 0xf5, 0x0b, 0xfd, 0x8f, 0xd0, 0x00, 0x00, 0x00, 0xd8,
    0x0a, 0xf6, 0x00, 0x5f, 0xe1, 0x02, 0xef, 0xff, 0x50, 0x00, 0x00, 0x00, 0x51, 0x0a, 0xf6, 0x00,
    0xaf, 0xa0, 0x00, 0x7f, 0xfd, 0x00, 0x00, 0x00, 0x00, 0x00, 0x0a, 0xf6, 0x03, 0xff, 0x40, 0x02,
    0xdf, 0xff, 0xb1, 0x00, 0x00, 0x00, 0x00, 0x0a, 0xf6, 0x1d, 0xfc, 0x00, 0x4e, 0xfe, 0xaf, 0xfd,
    0x40, 0x00, 0x00, 0x00, 0x0a, 0xf6, 0x9f, 0xf4, 0x1a, 0xff, 0xe3, 0x07, 0xff, 0xfb, 0x10, 0x00,
    0x00, 0x0a, 0xf7, 0xbf, 0x90, 0x1b, 0xfc, 0x20, 0x00, 0x4c, 0xf8, 0x00, 0x00, 0x00, 0x06, 0x94,
    0x06, 0x00, 0x01, 0x60, 0x00, 0x00, 0x00, 0x50, 0x00, 0x00, 0x00, 0x00, 0x00, 0x00, 0x00, 0x00,
    0x00, 0x00, 0x00, 0x00, 0x00, 0x00, 0x00, 0x00, 0x00, 0x00, 0x00, 0x00, 0x00, 0x00, 0x00, 0x00,
    0x00, 0x00, 0x00, 0x00, 0x00, 0x05, 0x94, 0x00, 0x00, 0x00, 0x05, 0x91, 0x00, 0x00, 0x00, 0x00,
    0x00, 0x00, 0x09, 0xf7, 0x00, 0x00, 0x00, 0x1e, 0xf9, 0x00, 0x00, 0x00, 0x00, 0x00, 0x00, 0x09,
    0xf7, 0x00, 0x00, 0x00, 0x05, 0xff, 0x30, 0x00, 0x00, 0x00, 0x00, 0x00, 0x09, 0xf7, 0x00, 0x00,
    0x00, 0x00, 0xcc, 0x30, 0x00, 0x00, 0x00, 0x00, 0x00, 0x09, 0xf7, 0x00, 0x5f, 0xff, 0xff, 0xff,
    0xff, 0xff, 0xfd, 0x00, 0x00, 0x12, 0x2a, 0xfc, 0x99, 0x6f, 0xff, 0xff, 0xff, 0xff, 0xff, 0xfd,
    0x00, 0x00, 0xaf, 0xff, 0xff, 0xff, 0x11, 0x15, 0x41, 0x11, 0x28, 0x21, 0x11, 0x00, 0x00, 0xaf,
    0xff, 0xff, 0xff, 0x10, 0x1e, 0xf6, 0x00, 0x9f, 0xc1, 0x00, 0x00, 0x00, 0x00, 0x2f, 0xf7, 0x00,
    0x00, 0xaf, 0xd1, 0x00, 0x2e, 0xfb, 0x00, 0x00, 0x00, 0x00, 0x7f, 0xfc, 0x00, 0x06, 0xff, 0x40,
    0x00, 0x03, 0xef, 0x90, 0x00, 0x00, 0x00, 0xbf, 0xff, 0x70, 0x5f, 0xf8, 0x00, 0x00, 0x00, 0x5f,
    0xf5, 0x00, 0x00, 0x01, 0xff, 0xff, 0xe3, 0xef, 0xfb, 0x80, 0x00, 0x2e, 0xaa, 0xfa, 0x00, 0x00,
    0x05, 0xfe, 0xfb, 0xfa, 0x5b, 0x5f, 0xe1, 0x00, 0x7f, 0xd1, 0x90, 0x00, 0x00, 0x0a, 0xfa, 0xf7,
    0xcf, 0x30, 0x0d, 0xf6, 0x00, 0xdf, 0x70, 0x00, 0x00, 0x00, 0x2f, 0xb9, 0xf7, 0x5c, 0x00, 0x06,
    0xfe, 0x16, 0xff, 0x20, 0x00, 0x00, 0x00, 0x8f, 0x69, 0xf7, 0x12, 0x00, 0x00, 0xdf, 0xad, 0xf9,
    0x00, 0x00, 0x00, 0x02, 0xff, 0x19, 0xf7, 0x00, 0x00, 0x00, 0x4f, 0xff, 0xe1, 0x00, 0x00, 0x00,
    0x03, 0xf9, 0x09, 0xf7, 0x00, 0x00, 0x00, 0x0b, 0xff, 0x90, 0x00, 0x00, 0x00, 0x00, 0xa2, 0x09,
    0xf7, 0x00, 0x00, 0x00, 0x7f, 0xff, 0xf6, 0x00, 0x00, 0x00, 0x00, 0x10, 0x09, 0xf7, 0x00, 0x00,
    0x09, 0xff, 0xce, 0xff, 0xa1, 0x00, 0x00, 0x00, 0x00, 0x09, 0xf7, 0x00, 0x04, 0xcf, 0xfa, 0x02,
    0xcf, 0xfe, 0x81, 0x00, 0x00, 0x00, 0x09, 0xf7, 0x02, 0xbf, 0xff, 0x80, 0x00, 0x1a, 0xff, 0xfe,
    0x10, 0x00, 0x00, 0x09, 0xf7, 0x01, 0xcf, 0xb3, 0x00, 0x00, 0x00, 0x4c, 0xf6, 0x00, 0x00, 0x00,
    0x05, 0x94, 0x00, 0x25, 0x00, 0x00, 0x00, 0x00, 0x00, 0x40, 0x00, 0x00, 0x00, 0x00, 0x00, 0x00,
    0x00, 0x00, 0x00, 0x00, 0x00, 0x00, 0x00, 0x00, 0x00, 0x00, 0x00, 0x00, 0x00, 0x00, 0x00, 0x00,
    0x00, 0x00, 0x00, 0x00, 0x00, 0x00, 0x00, 0x04, 0x86, 0x00, 0x00, 0x00, 0x37, 0x30, 0x00, 0x00,
    0x00, 0x00, 0x00, 0x00, 0x06, 0xfb, 0x00, 0x00, 0x00, 0xbf, 0xc0, 0x00, 0x00, 0x00, 0x00, 0x00,
    0x00, 0x06, 0xfb, 0x00, 0x00, 0x03, 0xff, 0x50, 0x00, 0x00, 0x00, 0x00, 0x00, 0x00, 0x06, 0xfb,
    0x00, 0x00, 0x0b, 0xff, 0xee, 0xee, 0xec, 0x30, 0x00, 0x00, 0x00, 0x06, 0xfb, 0x00, 0x00, 0x6f,
    0xff, 0xff, 0xff, 0xff, 0x40, 0x00, 0x00, 0x12, 0x27, 0xfb, 0x22, 0x13, 0xff, 0xe0, 0x00, 0x09,
    0xfc, 0x00, 0x00, 0x00, 0xcf, 0xff, 0xff, 0xff, 0xbd, 0xff, 0xf7, 0x00, 0x3f, 0xf5, 0x00, 0x00,
    0x00, 0xcf, 0xff, 0xff, 0xff, 0xff, 0xf8, 0xff, 0x31, 0xcf, 0xc0, 0x00, 0x00, 0x00, 0x00, 0x0c,
    0xfc, 0x01, 0xcf, 0x70, 0x7f, 0xeb, 0xfe, 0x20, 0x00, 0x00, 0x00, 0x00, 0x2f, 0xff, 0x70, 0x05,
    0x00, 0x0b, 0xff, 0xf5, 0x00, 0x00, 0x00, 0x00, 0x00, 0x7f, 0xff, 0xf5, 0x00, 0x00, 0x2b, 0xff,
    0xe4, 0x00, 0x00, 0x00, 0x00, 0x00, 0xcf, 0xfd, 0xfe, 0x20, 0x05, 0xef, 0xfc, 0xff, 0x91, 0x00,
    0x00, 0x00, 0x03, 0xfe, 0xfb, 0x8f, 0x73, 0xaf, 0xfc, 0x30, 0x7f, 0xfe, 0x93, 0x00, 0x00, 0x09,
    0xf9, 0xfb, 0x1d, 0xcf, 0xff, 0x90, 0x00, 0x03, 0xcf, 0xff, 0x30, 0x00, 0x2f, 0xd6, 0xfb, 0x05,
    0xff, 0xff, 0xee, 0xee, 0xee, 0xef, 0xe8, 0x00, 0x00, 0xaf, 0x76, 0xfb, 0x00, 0x63, 0xff, 0xff,
    0xff, 0xff, 0xff, 0x50, 0x00, 0x04, 0xfe, 0x16, 0xfb, 0x00, 0x00, 0xff, 0x20, 0x00, 0x00, 0xdf,
    0x50, 0x00, 0x01, 0xe8, 0x06, 0xfb, 0x00, 0x00, 0xff, 0x20, 0x00, 0x00, 0xdf, 0x50, 0x00, 0x00,
    0x81, 0x06, 0xfb, 0x00, 0x00, 0xff, 0x20, 0x00, 0x00, 0xdf, 0x50, 0x00, 0x00, 0x00, 0x06, 0xfb,
    0x00, 0x00, 0xff, 0x20, 0x00, 0x00, 0xdf, 0x50, 0x00, 0x00, 0x00, 0x06, 0xfb, 0x00, 0x00, 0xff,
    0x20, 0x00, 0x00, 0xdf, 0x50, 0x00, 0x00, 0x00, 0x06, 0xfb, 0x00, 0x00, 0xff, 0xff, 0xff, 0xff,
    0xff, 0x50, 0x00, 0x00, 0x00, 0x06, 0xfb, 0x00, 0x00, 0xff, 0xff, 0xff, 0xff, 0xff, 0x50, 0x00,
    0x00, 0x00, 0x05, 0xb8, 0x00, 0x00, 0xcc, 0x20, 0x00, 0x00, 0x9b, 0x30, 0x00, 0x00, 0x00, 0x00,
    0x00, 0x00, 0x00, 0x00, 0x00, 0x00, 0x00, 0x00, 0x00, 0x00, 0x00, 0x00, 0x00, 0x00, 0x00, 0x00,
    0x00, 0x00, 0x00, 0x00, 0x00, 0x00, 0x00, 0x00, 0x0f, 0xff, 0xff, 0xff, 0xff, 0xff, 0xff, 0xff,
    0xff, 0xff, 0xf2, 0x00, 0x00, 0x0f, 0xff, 0xff, 0xff, 0xff, 0xff, 0xff, 0xff, 0xff, 0xff, 0xf2,
    0x00, 0x00, 0x03, 0x33, 0x33, 0x33, 0x33, 0xaf, 0xd3, 0x33, 0x33, 0x33, 0x30, 0x00, 0x00, 0x00,
    0x00, 0x00, 0x00, 0x00, 0x8f, 0xd0, 0x00, 0x00, 0x00, 0x00, 0x00, 0x00, 0x00, 0x00, 0x00, 0x00,
    0x00, 0x8f, 0xd0, 0x00, 0x00, 0x00, 0x00, 0x00, 0x00, 0x00, 0x00, 0x00, 0x00, 0x00, 0x8f, 0xd0,
    0x00, 0x00, 0x00, 0x00, 0x00, 0x00, 0x00, 0x02, 0x32, 0x00, 0x00, 0x8f, 0xd0, 0x00, 0x00, 0x00,
    0x00, 0x00, 0x00, 0x00, 0x0b, 0xfa, 0x00, 0x00, 0x8f, 0xd0, 0x00, 0x00, 0x00, 0x00, 0x00, 0x00,
    0x00, 0x0b, 0xfa, 0x00, 0x00, 0x8f, 0xd3, 0x33, 0x33, 0x33, 0x00, 0x00, 0x00, 0x00, 0x0b, 0xfa,
    0x00, 0x00, 0x8f, 0xff, 0xff, 0xff, 0xff, 0x10, 0x00, 0x00, 0x00, 0x0b, 0xfa, 0x00, 0x00, 0x8f,
    0xff, 0xff, 0xff, 0xff, 0x10, 0x00, 0x00, 0x00, 0x0b, 0xfa, 0x00, 0x00, 0x8f, 0xd0, 0x00, 0x00,
    0x00, 0x00, 0x00, 0x00, 0x00, 0x0b, 0xfa, 0x00, 0x00, 0x8f, 0xd0, 0x00, 0x00, 0x00, 0x00, 0x00,
    0x00, 0x00, 0x0b, 0xfa, 0x00, 0x00, 0x8f, 0xd0, 0x00, 0x00, 0x00, 0x00, 0x00, 0x00, 0x00, 0x0b,
    0xfa, 0x00, 0x00, 0x8f, 0xd0, 0x00, 0x00, 0x00, 0x00, 0x00, 0x00, 0x00, 0x0b, 0xfa, 0x00, 0x00,
    0x8f, 0xd0, 0x00, 0x00, 0x00, 0x00, 0x00, 0x00, 0x00, 0x0b, 0xfa, 0x00, 0x00, 0x8f, 0xd0, 0x00,
    0x00, 0x00, 0x00, 0x00, 0x00, 0x00, 0x0b, 0xfa, 0x00, 0x00, 0x8f, 0xd0, 0x00, 0x00, 0x00, 0x00,
    0x00, 0x00, 0xdf, 0xff, 0xff, 0xff, 0xff, 0xff, 0xff, 0xff, 0xff, 0xff, 0xfd, 0x00, 0x00, 0xdf,
    0xff, 0xff, 0xff, 0xff, 0xff, 0xff, 0xff, 0xff, 0xff, 0xfd, 0x00, 0x00, 0x33, 0x33, 0x33, 0x33,
    0x33, 0x33, 0x33, 0x33, 0x33, 0x33, 0x33, 0x00, 0x00, 0x00, 0x00, 0x00, 0x00, 0x00, 0x00, 0x00,
    0x00, 0x00, 0x00, 0x00, 0x00, 0x00, 0x00, 0x00, 0x00, 0x00, 0x00, 0x00, 0x00, 0x00, 0x00, 0x00,
    0x00, 0x00, 0x00, 0x00, 0x00, 0x18, 0x40, 0x00, 0x00, 0x00, 0x00, 0x00, 0x00, 0x00, 0x00, 0x00,
    0x00, 0x00, 0x7f, 0xf1, 0x00, 0x00, 0x00, 0x00, 0x00, 0x00, 0x00, 0x00, 0x00, 0x00, 0x00, 0xdf,
    0xa0, 0x00, 0x00, 0x00, 0x00, 0x00, 0x00, 0x00, 0x00, 0x00, 0x00, 0x04, 0xff, 0xee, 0xee, 0xee,
    0xee, 0xee, 0xee, 0xee, 0xe4, 0x00, 0x00, 0x00, 0x0c, 0xff, 0xff, 0xff, 0xff, 0xff, 0xff, 0xff,
    0xff, 0xf4, 0x00, 0x00, 0x00, 0x4f, 0xf4, 0x00, 0x00, 0x00, 0x00, 0x00, 0x00, 0x00, 0x00, 0x00,
    0x00, 0x01, 0xdf, 0xc0, 0x00, 0x00, 0x00, 0x00, 0x00, 0x00, 0x00, 0x00, 0x00, 0x00, 0x09, 0xff,
    0x3d, 0xff, 0xff, 0xff, 0xff, 0xff, 0xff, 0xf6, 0x00, 0x00, 0x00, 0x8f, 0xf8, 0x0b, 0xdd, 0xdd,
    0xdd, 0xdd, 0xdd, 0xdd, 0xd6, 0x00, 0x00, 0x03, 0xef, 0xa0, 0x00, 0x00, 0x00, 0x00, 0x00, 0x00,
    0x00, 0x00, 0x00, 0x00, 0x00, 0x17, 0x5e, 0xee, 0xee, 0xee, 0xee, 0xee, 0xee, 0xe9, 0x00, 0x00,
    0x00, 0x00, 0x00, 0x5f, 0xff, 0xff, 0xff, 0xff, 0xff, 0xff, 0xfb, 0x00, 0x00, 0x00, 0x00, 0x00,
    0x00, 0x00, 0x00, 0x00, 0x00, 0x00, 0x08, 0xfb, 0x00, 0x00, 0x00, 0x00, 0x00, 0x00, 0x00, 0x00,
    0x00, 0x00, 0x00, 0x07, 0xfc, 0x00, 0x00, 0x00, 0x00, 0x00, 0x00, 0x00, 0x00, 0x00, 0x00, 0x00,
    0x06, 0xfd, 0x00, 0x00, 0x00, 0x00, 0x00, 0x00, 0x00, 0x00, 0x00, 0x00, 0x00, 0x05, 0xff, 0x00,
    0x00, 0x00, 0x00, 0x00, 0x00, 0x00, 0x00, 0x00, 0x00, 0x00, 0x03, 0xff, 0x20, 0x00, 0x00, 0x00,
    0x00, 0x00, 0x00, 0x00, 0x00, 0x00, 0x00, 0x01, 0xff, 0x30, 0x10, 0x00, 0x00, 0x00, 0x00, 0x00,
    0x00, 0x00, 0x00, 0x00, 0x00, 0xdf, 0x70, 0x69, 0x00, 0x00, 0x00, 0x00, 0x00, 0x00, 0x00, 0x00,
    0x00, 0x00, 0x9f, 0xb0, 0x7f, 0x20, 0x00, 0x00, 0x00, 0x00, 0x00, 0x00, 0x00, 0x00, 0x00, 0x4f,
    0xf5, 0x9f, 0x10, 0x00, 0x00, 0x00, 0x00, 0x00, 0x00, 0x00, 0x00, 0x00, 0x0c, 0xff, 0xfd, 0x00,
    0x00, 0x00, 0x00, 0x00, 0x00, 0x00, 0x00, 0x00, 0x00, 0x02, 0xcf, 0xf6, 0x00, 0x00, 0x00, 0x00,
    0x00, 0x00, 0x00, 0x00, 0x00, 0x00, 0x00, 0x02, 0x20, 0x00, 0x00, 0x00, 0x00, 0x00, 0x00, 0x00,
    0x00, 0x00, 0x00, 0x00, 0x00, 0x00, 0x00, 0x00, 0x00, 0x00, 0x00, 0x00, 0x00, 0x00, 0x00, 0x00,
    0x00, 0x00, 0x00, 0x00, 0x00, 0x00, 0x00, 0x00, 0x00, 0x01, 0x88, 0x20, 0x00, 0x00, 0x00, 0x00,
    0x00, 0x00, 0x00, 0x00, 0x00, 0x00, 0x02, 0xff, 0x40, 0x00, 0x00, 0x00, 0x00, 0x00, 0x00, 0x00,
    0x00, 0x00, 0x00, 0x02, 0xff, 0x40, 0x00, 0x00, 0x00, 0x00, 0x00, 0x00, 0x00, 0x00, 0x00, 0x00,
    0x02, 0xff, 0x40, 0x00, 0x00, 0x00, 0x00, 0x00, 0x00, 0x00, 0x00, 0x00, 0x00, 0x02, 0xff, 0x40,
    0x00, 0x00, 0x00, 0x00, 0x00, 0x00, 0x00, 0x00, 0x00, 0x00, 0x02, 0xff, 0x40, 0x00, 0x01, 0xc3,
    0x00, 0x00, 0x00, 0x24, 0x44, 0x44, 0x44, 0x02, 0xff, 0x50, 0x00, 0x0b, 0xff, 0x30, 0x00, 0x00,
    0x7f, 0xff, 0xff, 0xff, 0xa2, 0xff, 0xb0, 0x00, 0x8f, 0xf8, 0x00, 0x00, 0x00, 0x7f, 0xff, 0xff,
    0xff, 0x82, 0xff, 0xf3, 0x07, 0xff, 0x90, 0x00, 0x00, 0x00, 0x00, 0x00, 0x01, 0xff, 0x42, 0xff,
    0xfa, 0x6f, 0xfa, 0x00, 0x00, 0x00, 0x00, 0x00, 0x00, 0x06, 0xff, 0x12, 0xff, 0xff, 0xff, 0x90,
    0x00, 0x00, 0x00, 0x00, 0x00, 0x00, 0x0b, 0xfb, 0x02, 0xff, 0xdf, 0xf8, 0x00, 0x00, 0x00, 0x00,
    0x00, 0x00, 0x00, 0x1f, 0xf6, 0x02, 0xff, 0x5e, 0xf6, 0x00, 0x00, 0x00, 0x00, 0x00, 0x00, 0x00,
    0x8f, 0xe1, 0x02, 0xff, 0x47, 0xff, 0x30, 0x00, 0x00, 0x00, 0x00, 0x00, 0x01, 0xef, 0x80, 0x02,
    0xff, 0x41, 0xdf, 0xd1, 0x00, 0x00, 0x00, 0x00, 0x00, 0x0a, 0xff, 0x20, 0x02, 0xff, 0x40, 0x3f,
    0xfc, 0x10, 0x00, 0x00, 0x00, 0x00, 0x6f, 0xf8, 0x00, 0x02, 0xff, 0x40, 0x07, 0xff, 0xc2, 0x00,
    0x00, 0x00, 0x03, 0xef, 0xd0, 0x00, 0x02, 0xff, 0x40, 0x00, 0x9f, 0xfe, 0x40, 0x00, 0x00, 0x5e,
    0xff, 0x30, 0x00, 0x02, 0xff, 0x40, 0x00, 0x09, 0xff, 0xfa, 0x20, 0x01, 0xef, 0xf5, 0x00, 0x00,
    0x02, 0xff, 0x40, 0x00, 0x00, 0x7f, 0xfd, 0x10, 0x00, 0x2d, 0x50, 0x00, 0x00, 0x03, 0xff, 0x40,
    0x00, 0x00, 0x03, 0xc3, 0x00, 0x00, 0x01, 0x00, 0x00, 0x8f, 0xff, 0xff, 0x20, 0x00, 0x00, 0x00,
    0x00, 0x00, 0x00, 0x00, 0x00, 0x00, 0x2f, 0xff, 0xf9, 0x00, 0x00, 0x00, 0x00, 0x00, 0x00, 0x00,
    0x00, 0x00, 0x00, 0x07, 0x66, 0x20, 0x00, 0x00, 0x00, 0x00, 0x00, 0x00, 0x00, 0x00, 0x00, 0x00,
    0x00, 0x00, 0x00, 0x00, 0x00, 0x00, 0x00, 0x00, 0x00, 0x00, 0x00, 0x00, 0x00, 0x00, 0x00, 0x00,
    0x00, 0x00, 0x00, 0x00, 0x00, 0x00, 0x00, 0x00, 0x20, 0x00, 0x00, 0x06, 0x62, 0x00, 0x00, 0x00,
    0x00, 0x00, 0x00, 0x00, 0x03, 0xec, 0x40, 0x00, 0x1e, 0xf7, 0x00, 0x00, 0x00, 0x00, 0x00, 0x00,
    0x00, 0x05, 0xef, 0xfa, 0x10, 0x6f, 0xf1, 0x00, 0x00, 0x00, 0x00, 0x00, 0x00, 0x00, 0x00, 0x18,
    0xff, 0x70, 0xcf, 0xff, 0xff, 0xff, 0xff, 0xff, 0xf9, 0x00, 0x00, 0x00, 0x00, 0x4a, 0x04, 0xff,
    0xff, 0xff, 0xff, 0xff, 0xff, 0xf9, 0x00, 0x00, 0x00, 0x00, 0x00, 0x0c, 0xfb, 0x11, 0x11, 0x11,
    0x11, 0x11, 0x10, 0x00, 0x00, 0x00, 0x00, 0x00, 0x8f, 0xf2, 0x00, 0x00, 0x00, 0x00, 0x00, 0x00,
    0x00, 0x00, 0x02, 0x00, 0x03, 0xff, 0xbe, 0xee, 0xee, 0xee, 0xee, 0xee, 0x80, 0x00, 0x00, 0x7f,
    0x92, 0x00, 0x5b, 0x5f, 0xff, 0xff, 0xff, 0xff, 0xff, 0x80, 0x00, 0x00, 0x9f, 0xfe, 0x50, 0x00,
    0x6f, 0xb0, 0x3e, 0x70, 0x00, 0x9f, 0x70, 0x00, 0x00, 0x03, 0xcf, 0xc0, 0x00, 0x8f, 0x90, 0x09,
    0xf7, 0x00, 0xaf, 0x70, 0x00, 0x00, 0x00, 0x09, 0x20, 0x00, 0x9f, 0x70, 0x00, 0xac, 0x10, 0xaf,
    0x60, 0x00, 0x00, 0x00, 0x00, 0x02, 0xff, 0xff, 0xff, 0xff, 0xff, 0xff, 0xff, 0xff, 0x30, 0x00,
    0x00, 0x02, 0x32, 0xff, 0xff, 0xff, 0xff, 0xff, 0xff, 0xff, 0xff, 0x30, 0x00, 0x00, 0x07, 0xf6,
    0x11, 0xff, 0x32, 0xbb, 0x11, 0x11, 0xdf, 0x41, 0x00, 0x00, 0x00, 0x0c, 0xf6, 0x02, 0xff, 0x00,
    0x9f, 0x90, 0x00, 0xef, 0x30, 0x00, 0x00, 0x00, 0x2f, 0xf1, 0x04, 0xfd, 0x00, 0x0b, 0xf5, 0x00,
    0xff, 0x20, 0x00, 0x00, 0x00, 0x8f, 0xb0, 0x06, 0xfc, 0x00, 0x01, 0xe7, 0x01, 0xff, 0x10, 0x00,
    0x00, 0x00, 0xdf, 0x60, 0x08, 0xff, 0xff, 0xff, 0xff, 0xff, 0xff, 0xf9, 0x00, 0x00, 0x05, 0xfe,
    0x10, 0x0a, 0xff, 0xff, 0xff, 0xff, 0xff, 0xff, 0xf8, 0x00, 0x00, 0x0c, 0xf9, 0x00, 0x00, 0x00,
    0x00, 0x00, 0x00, 0x0a, 0xf9, 0x00, 0x00, 0x00, 0x3e, 0xf2, 0x00, 0x00, 0x00, 0x00, 0x04, 0xdd,
    0xef, 0xf3, 0x00, 0x00, 0x00, 0x02, 0x70, 0x00, 0x00, 0x00, 0x00, 0x00, 0xef, 0xfd, 0x60, 0x00,
    0x00, 0x00, 0x00, 0x00, 0x00, 0x00, 0x00, 0x00, 0x00, 0x00, 0x00, 0x00, 0x00, 0x00, 0x00, 0x00,
    0x00, 0x00, 0x00, 0x00, 0x00, 0x00, 0x00, 0x00, 0x00, 0x00, 0x00, 0x00, 0x00, 0x00, 0x00, 0x00,
    0x00, 0x00, 0x00, 0x00, 0x00, 0x00, 0x00, 0x00, 0x00, 0x00, 0x10, 0x00, 0x00, 0x00, 0x00, 0x06,
    0x95, 0x00, 0x00, 0x00, 0x00, 0x00, 0x05, 0xf8, 0x10, 0x00, 0x55, 0x00, 0x0b, 0xf9, 0x00, 0x09,
    0x71, 0x00, 0x00, 0x0b, 0xff, 0xd3, 0x07, 0xfe, 0x10, 0x0b, 0xf9, 0x00, 0x2f, 0xf6, 0x00, 0x00,
    0x00, 0x7f, 0xfe, 0x31, 0xef, 0x80, 0x0b, 0xf9, 0x00, 0x8f, 0xe1, 0x00, 0x00, 0x00, 0x03, 0xed,
    0x10, 0x6f, 0xe1, 0x0b, 0xf9, 0x01, 0xef, 0x70, 0x00, 0x00, 0x00, 0x00, 0x23, 0x00, 0x1e, 0xf7,
    0x0b, 0xf9, 0x08, 0xfd, 0x10, 0x00, 0x00, 0x00, 0x00, 0x00, 0x00, 0x09, 0xb3, 0x0b, 0xf9, 0x04,
    0xb5, 0x00, 0x00, 0x00, 0x02, 0x00, 0x00, 0x00, 0x22, 0x22, 0x2b, 0xfa, 0x22, 0x22, 0x10, 0x00,
    0x00, 0x8f, 0x81, 0x00, 0x00, 0xef, 0xff, 0xff, 0xff, 0xff, 0xff, 0xa0, 0x00, 0x00, 0xbf, 0xfe,
    0x50, 0x00, 0xef, 0xff, 0xff, 0xff, 0xff, 0xff, 0xa0, 0x00, 0x00, 0x04, 0xdf, 0xf3, 0x00, 0xef,
    0x40, 0x00, 0x00, 0x00, 0x8f, 0xa0, 0x00, 0x00, 0x00, 0x08, 0x80, 0x00, 0xef, 0x40, 0x00, 0x00,
    0x00, 0x8f, 0xa0, 0x00, 0x00, 0x00, 0x00, 0x00, 0x00, 0xef, 0xff, 0xff, 0xff, 0xff, 0xff, 0xa0,
    0x00, 0x00, 0x00, 0x00, 0x10, 0x00, 0xef, 0xfe, 0xee, 0xee, 0xee, 0xff, 0xa0, 0x00, 0x00, 0x00,
    0x00, 0xb8, 0x00, 0xef, 0x40, 0x00, 0x00, 0x00, 0x8f, 0xa0, 0x00, 0x00, 0x00, 0x03, 0xff, 0x20,
    0xef, 0x40, 0x00, 0x00, 0x00, 0x8f, 0xa0, 0x00, 0x00, 0x00, 0x0b, 0xfa, 0x00, 0xef, 0xee, 0xee,
    0xee, 0xee, 0xff, 0xa0, 0x00, 0x00, 0x00, 0x3f, 0xf3, 0x00, 0xef, 0xff, 0xff, 0xff, 0xff, 0xff,
    0xa0, 0x00, 0x00, 0x00, 0xbf, 0xb0, 0x00, 0xef, 0x40, 0x00, 0x00, 0x00, 0x8f, 0xa0, 0x00, 0x00,
    0x04, 0xff, 0x40, 0x00, 0xef, 0x40, 0x00, 0x00, 0x00, 0x8f, 0xa0, 0x00, 0x00, 0x0c, 0xfc, 0x00,
    0x00, 0xef, 0x40, 0x00, 0x00, 0x00, 0x9f, 0xa0, 0x00, 0x00, 0x4f, 0xf4, 0x00, 0x00, 0xef, 0x40,
    0x00, 0x0b, 0xee, 0xff, 0x80, 0x00, 0x00, 0x05, 0xb0, 0x00, 0x00, 0xef, 0x40, 0x00, 0x07, 0xff,
    0xfb, 0x20, 0x00, 0x00, 0x00, 0x00, 0x00, 0x00, 0x44, 0x10, 0x00, 0x01, 0x22, 0x10, 0x00, 0x00,
    0x00, 0x00, 0x00, 0x00, 0x00, 0x00, 0x00, 0x00, 0x00, 0x00, 0x00, 0x00, 0x00, 0x00, 0x00, 0x00,
    0x00, 0x00, 0x00, 0x00, 0x00, 0x00, 0x00, 0x00, 0x00, 0x00, 0x00, 0x00, 0x00, 0x00, 0x00, 0x00,
    0x00, 0x27, 0x50, 0x00, 0x00, 0x00, 0x00, 0x00, 0x01, 0x91, 0x00, 0x00, 0x00, 0x00, 0x7f, 0xd0,
    0x00, 0x00, 0x00, 0x00, 0x00, 0x0a, 0xfd, 0x20, 0x00, 0x00, 0x00, 0x1f, 0xf5, 0x00, 0x00, 0x00,
    0x00, 0x00, 0x01, 0xcf, 0xe2, 0xdf, 0xff, 0xff, 0xff, 0xff, 0xff, 0xff, 0xff, 0x00, 0x00, 0x00,
    0x1c, 0xfa, 0xdf, 0xff, 0xff, 0xff, 0xff, 0xff, 0xff, 0xff, 0x00, 0x00, 0x00, 0x01, 0xa1, 0x23,
    0x3b, 0x73, 0x33, 0xb7, 0x33, 0x33, 0x33, 0x00, 0x00, 0x00, 0x00, 0x00, 0x00, 0x4f, 0xf1, 0x04,
    0xfe, 0x00, 0x00, 0x00, 0x00, 0x00, 0x02, 0x00, 0x00, 0x00, 0xaf, 0x90, 0x09, 0xf9, 0x00, 0x00,
    0x00, 0x00, 0x00, 0x9e, 0x50, 0x00, 0x02, 0xff, 0x30, 0x1f, 0xfd, 0xcc, 0xcc, 0xb3, 0x00, 0x00,
    0x9f, 0xf8, 0x00, 0x0a, 0xfc, 0x00, 0x8f, 0xff, 0xff, 0xff, 0xf3, 0x00, 0x00, 0x06, 0xff, 0x80,
    0x4f, 0xfb, 0x02, 0xef, 0x32, 0x00, 0x3f, 0xe0, 0x00, 0x00, 0x00, 0x6e, 0x21, 0xdf, 0xfb, 0x0a,
    0xfc, 0x4f, 0x70, 0x8f, 0xb0, 0x00, 0x00, 0x00, 0x01, 0x0a, 0xff, 0xfb, 0x6f, 0xff, 0x1b, 0xf4,
    0xdf, 0x60, 0x00, 0x00, 0x00, 0x02, 0x1e, 0xf8, 0xfd, 0xff, 0xcf, 0x71, 0xd8, 0xff, 0x10, 0x00,
    0x00, 0x00, 0x0d, 0xa3, 0x64, 0xfb, 0xa9, 0x1e, 0xe1, 0x1b, 0xf9, 0x00, 0x00, 0x00, 0x00, 0x3f,
    0xf1, 0x04, 0xfb, 0x00, 0x08, 0xf9, 0x4f, 0xf2, 0x00, 0x00, 0x00, 0x00, 0x9f, 0xa0, 0x04, 0xfb,
    0x00, 0x01, 0xef, 0xdf, 0x90, 0x00, 0x00, 0x00, 0x00, 0xef, 0x50, 0x04, 0xfb, 0x00, 0x00, 0x7f,
    0xfe, 0x10, 0x00, 0x00, 0x00, 0x05, 0xfe, 0x10, 0x04, 0xfb, 0x00, 0x00, 0x8f, 0xfd, 0x10, 0x00,
    0x00, 0x00, 0x0b, 0xf9, 0x00, 0x04, 0xfb, 0x00, 0x09, 0xff, 0xff, 0xd2, 0x00, 0x00, 0x00, 0x3f,
    0xf3, 0x00, 0x04, 0xfb, 0x02, 0xbf, 0xf8, 0x3e, 0xfe, 0x60, 0x00, 0x00, 0x6f, 0xd0, 0x00, 0x04,
    0xfb, 0x8f, 0xff, 0x60, 0x03, 0xef, 0xfc, 0x10, 0x00, 0x04, 0x50, 0x00, 0x04, 0xfb, 0x7f, 0xc3,
    0x00, 0x00, 0x1a, 0xf9, 0x00, 0x00, 0x00, 0x00, 0x00, 0x02, 0x96, 0x06, 0x00, 0x00, 0x00, 0x00,
    0x51, 0x00, 0x00, 0x00, 0x00, 0x00, 0x00, 0x00, 0x00, 0x00, 0x00, 0x00, 0x00, 0x00, 0x00, 0x00,
    0x00, 0x00, 0x00, 0x00, 0x00, 0x00, 0x00, 0x00, 0x00, 0x00, 0x00, 0x00, 0x00, 0x00, 0x00, 0x00,
    0x00, 0x00, 0x00, 0x00, 0x00, 0x00, 0x00, 0x00, 0x00, 0x00, 0x06, 0xd4, 0x00, 0x00, 0x00, 0x00,
    0x00, 0x00, 0x00, 0x00, 0x00, 0x00, 0x00, 0x0e, 0xff, 0xa1, 0x3f, 0xff, 0xff, 0xff, 0xff, 0xff,
    0xff, 0xf3, 0x00, 0x00, 0x02, 0xbf, 0xfc, 0x3f, 0xfe, 0xee, 0xee, 0xee, 0xee, 0xef, 0xf3, 0x00,
    0x00, 0x00, 0x05, 0xe4, 0x3f, 0xc0, 0x00, 0x00, 0x00, 0x00, 0x0d, 0xf3, 0x00, 0x00, 0x00, 0x00,
    0x10, 0x3f, 0xc0, 0x38, 0x30, 0x04, 0x90, 0x0d, 0xf3, 0x00, 0x00, 0x00, 0x00, 0x00, 0x29, 0x71,
    0xdf, 0xa0, 0x1d, 0xfb, 0x07, 0x72, 0x00, 0x00, 0x11, 0x00, 0x00, 0x00, 0x0a, 0xfd, 0x10, 0x02,
    0xef, 0xb0, 0x00, 0x00, 0x00, 0x9e, 0x60, 0x00, 0x00, 0x9f, 0xf4, 0x00, 0x00, 0x3e, 0xf9, 0x00,
    0x00, 0x01, 0xdf, 0xfc, 0x30, 0x1b, 0xff, 0x70, 0x00, 0x00, 0x05, 0xff, 0x50, 0x00, 0x00, 0x19,
    0xff, 0xe1, 0x2e, 0xf8, 0x00, 0x2c, 0xc1, 0x00, 0x9f, 0xa0, 0x00, 0x00, 0x00, 0x3d, 0x80, 0x03,
    0x70, 0x00, 0x3f, 0xf1, 0x00, 0x17, 0x00, 0x00, 0x00, 0x00, 0x01, 0x10, 0x00, 0x00, 0x00, 0x3f,
    0xf2, 0x00, 0x00, 0x00, 0x00, 0x00, 0x00, 0x00, 0x00, 0x4f, 0xff, 0xff, 0xff, 0xff, 0xff, 0xff,
    0xf3, 0x00, 0x00, 0x00, 0x01, 0x80, 0x4f, 0xff, 0xff, 0xff, 0xff, 0xff, 0xff, 0xf3, 0x00, 0x00,
    0x00, 0x08, 0xf7, 0x00, 0x00, 0x0c, 0xff, 0xff, 0xb0, 0x00, 0x00, 0x00, 0x00, 0x00, 0x1e, 0xf4,
    0x00, 0x00, 0x8f, 0xef, 0xfe, 0xf7, 0x00, 0x00, 0x00, 0x00, 0x00, 0x7f, 0xc0, 0x00, 0x06, 0xfe,
    0x5f, 0xf4, 0xff, 0x40, 0x00, 0x00, 0x00, 0x01, 0xef, 0x50, 0x00, 0x6f, 0xf4, 0x3f, 0xf1, 0x7f,
    0xe4, 0x00, 0x00, 0x00, 0x08, 0xfd, 0x00, 0x19, 0xff, 0x70, 0x3f, 0xf1, 0x0b, 0xff, 0x70, 0x00,
    0x00, 0x2e, 0xf6, 0x04, 0xef, 0xf8, 0x00, 0x3f, 0xf1, 0x01, 0xbf, 0xfa, 0x00, 0x00, 0x8f, 0xd0,
    0x01, 0xde, 0x50, 0x00, 0x3f, 0xf1, 0x00, 0x1a, 0xe2, 0x00, 0x00, 0x1c, 0x50, 0x00, 0x21, 0x00,
    0x00, 0x3f, 0xf1, 0x00, 0x00, 0x20, 0x00, 0x00, 0x01, 0x00, 0x00, 0x00, 0x00, 0x00, 0x17, 0x71,
    0x00, 0x00, 0x00, 0x00, 0x00, 0x00, 0x00, 0x00, 0x00, 0x00, 0x00, 0x00, 0x00, 0x00, 0x00, 0x00,
    0x00, 0x00, 0x00, 0x00, 0x00, 0x00, 0x00, 0x00, 0x00, 0x00, 0x00, 0x00, 0x00, 0x00, 0x00, 0x00,
    0x51, 0x00, 0x00, 0x00, 0x00, 0x00, 0x00, 0x00, 0x00, 0x00, 0x00, 0x00, 0x06, 0xfe, 0x91, 0x04,
    0xdd, 0xdd, 0xdd, 0xdd, 0xdd, 0xdd, 0x60, 0x00, 0x00, 0x04, 0xcf, 0xfe, 0x44, 0xff, 0xff, 0xff,
    0xff, 0xff, 0xff, 0x70, 0x00, 0x00, 0x00, 0x06, 0xef, 0x34, 0xfd, 0x00, 0x00, 0x00, 0x00, 0xbf,
    0x70, 0x00, 0x00, 0x00, 0x00, 0x37, 0x04, 0xfd, 0x00, 0x00, 0x00, 0x00, 0xbf, 0x70, 0x00, 0x00,
    0x00, 0x00, 0x00, 0x04, 0xfe, 0xbb, 0xbb, 0xbb, 0xbb, 0xef, 0x70, 0x00, 0x00, 0x00, 0x00, 0x00,
    0x04, 0xff, 0xff, 0xff, 0xff, 0xff, 0xff, 0x70, 0x00, 0x00, 0x6d, 0x60, 0x00, 0x04, 0xfd, 0x00,
    0x00, 0x00, 0x00, 0xbf, 0x70, 0x00, 0x00, 0xdf, 0xfc, 0x30, 0x04, 0xfd, 0x00, 0x00, 0x00, 0x00,
    0xbf, 0x70, 0x00, 0x00, 0x18, 0xff, 0xf3, 0x04, 0xff, 0xdd, 0xdd, 0xdd, 0xdd, 0xff, 0x70, 0x00,
    0x00, 0x00, 0x2c, 0xa0, 0x04, 0xff, 0xff, 0xff, 0xff, 0xff, 0xff, 0x70, 0x00, 0x00, 0x00, 0x01,
    0x10, 0x00, 0x00, 0x03, 0x30, 0x03, 0x30, 0x00, 0x00, 0x00, 0x00, 0x00, 0x00, 0x00, 0x00, 0x00,
    0x1f, 0xf0, 0x0e, 0xf2, 0x00, 0x00, 0x00, 0x00, 0x00, 0x01, 0x20, 0x28, 0x70, 0x1f, 0xf0, 0x0e,
    0xf2, 0x08, 0xb5, 0x00, 0x00, 0x00, 0x07, 0xe4, 0x3f, 0xe1, 0x1f, 0xf0, 0x0e, 0xf2, 0x0c, 0xf8,
    0x00, 0x00, 0x00, 0x0d, 0xf8, 0x0c, 0xf6, 0x1f, 0xf0, 0x0e, 0xf2, 0x2f, 0xf2, 0x00, 0x00, 0x00,
    0x4f, 0xf2, 0x06, 0xfc, 0x1f, 0xf0, 0x0e, 0xf2, 0x7f, 0xa0, 0x00, 0x00, 0x00, 0x9f, 0xb0, 0x01,
    0xff, 0x2f, 0xf0, 0x0e, 0xf2, 0xcf, 0x40, 0x00, 0x00, 0x01, 0xef, 0x60, 0x00, 0xcf, 0x6f, 0xf0,
    0x0e, 0xf6, 0xfc, 0x00, 0x00, 0x00, 0x07, 0xfe, 0x10, 0x00, 0x89, 0x3f, 0xf0, 0x0e, 0xf5, 0xa5,
    0x00, 0x00, 0x00, 0x0e, 0xf9, 0x00, 0x00, 0x00, 0x1f, 0xf0, 0x0e, 0xf2, 0x00, 0x00, 0x00, 0x00,
    0x6f, 0xf2, 0x0a, 0xff, 0xff, 0xff, 0xff, 0xff, 0xff, 0xff, 0xff, 0x20, 0x00, 0x19, 0xa0, 0x0a,
    0xff, 0xff, 0xff, 0xff, 0xff, 0xff, 0xff, 0xff, 0x20, 0x00, 0x00, 0x00, 0x00, 0x00, 0x00, 0x00,
    0x00, 0x00, 0x00, 0x00, 0x00, 0x00, 0x00, 0x00, 0x00, 0x00, 0x00, 0x00, 0x00, 0x00, 0x00, 0x00,
    0x00, 0x00, 0x00, 0x00, 0x00, 0x00, 0x00, 0x00, 0x00, 0x00, 0x00, 0x00, 0x00, 0x00, 0x00, 0x00,
    0x00, 0x00, 0x10, 0x00, 0x00, 0x00, 0x00, 0x00, 0x00, 0x00, 0x00, 0x00, 0x00, 0x00, 0x02, 0xea,
    0x10, 0x00, 0x7b, 0xbb, 0xbb, 0xbb, 0xbb, 0xb4, 0x00, 0x00, 0x00, 0x07, 0xff, 0xd4, 0x00, 0xaf,
    0xff, 0xff, 0xff, 0xff, 0xf6, 0x00, 0x00, 0x00, 0x00, 0x4d, 0xff, 0x60, 0xaf, 0x60, 0x00, 0x00,
    0x0b, 0xf6, 0x00, 0x00, 0x00, 0x00, 0x01, 0xbf, 0x30, 0xaf, 0xa7, 0x77, 0x71, 0x0b, 0xf6, 0x00,
    0x00, 0x00, 0x00, 0x00, 0x03, 0x00, 0xaf, 0xff, 0xff, 0xf1, 0x0b, 0xf6, 0x00, 0x00, 0x00, 0x00,
    0x00, 0x00, 0x00, 0xaf, 0x60, 0x0c, 0xf1, 0x0b, 0xf6, 0x00, 0x00, 0x00, 0x03, 0x00, 0x00, 0x00,
    0xaf, 0x60, 0x0c, 0xf1, 0x0b, 0xf6, 0x00, 0x00, 0x00, 0x8f, 0xb2, 0x01, 0xff, 0xff, 0xff, 0xff,
    0xff, 0xff, 0xff, 0xfd, 0x00, 0x00, 0x8f, 0xff, 0x71, 0xff, 0xcc, 0xcc, 0xcc, 0xcc, 0xcc, 0xcd,
    0xfd, 0x00, 0x00, 0x03, 0xcf, 0xe2, 0xff, 0x00, 0x00, 0x00, 0x00, 0x00, 0x04, 0xfd, 0x00, 0x00,
    0x00, 0x08, 0x51, 0xff, 0x9b, 0xbb, 0xbb, 0xbb, 0xbb, 0xba, 0xfd, 0x00, 0x00, 0x00, 0x00, 0x00,
    0x11, 0xcf, 0xff, 0xff, 0xff, 0xff, 0xf8, 0x11, 0x00, 0x00, 0x00, 0x00, 0x00, 0x00, 0xcf, 0x50,
    0x00, 0x00, 0x09, 0xf8, 0x00, 0x00, 0x00, 0x00, 0x00, 0x93, 0x00, 0xcf, 0x50, 0x00, 0x00, 0x09,
    0xf8, 0x00, 0x00, 0x00, 0x00, 0x02, 0xfe, 0x20, 0xcf, 0xff, 0xff, 0xff, 0xff, 0xf8, 0x00, 0x00,
    0x00, 0x00, 0x09, 0xfe, 0x10, 0xcf, 0xb9, 0x99, 0x99, 0x9d, 0xf8, 0x00, 0x00, 0x00, 0x00, 0x1e,
    0xf8, 0x00, 0xcf, 0x50, 0x00, 0x00, 0x09, 0xf8, 0x00, 0x00, 0x00, 0x00, 0x8f, 0xe1, 0x00, 0xcf,
    0xff, 0xff, 0xff, 0xff, 0xf8, 0x00, 0x00, 0x00, 0x01, 0xef, 0x90, 0x00, 0xcf, 0xb9, 0x99, 0x99,
    0x9d, 0xf8, 0x00, 0x00, 0x00, 0x08, 0xff, 0x20, 0x00, 0xcf, 0x50, 0x00, 0x00, 0x09, 0xf8, 0x00,
    0x00, 0x00, 0x1e, 0xf9, 0x00, 0x00, 0xcf, 0x50, 0x00, 0x00, 0x0a, 0xf7, 0x00, 0x00, 0x00, 0x07,
    0xe2, 0x00, 0x00, 0xcf, 0x50, 0x00, 0x6f, 0xff, 0xf5, 0x00, 0x00, 0x00, 0x00, 0x10, 0x00, 0x00,
    0x9b, 0x40, 0x00, 0x1c, 0xba, 0x60, 0x00, 0x00, 0x00, 0x00, 0x00, 0x00, 0x00, 0x00, 0x00, 0x00,
    0x00, 0x00, 0x00, 0x00, 0x00, 0x00, 0x00, 0x00, 0x00, 0x00, 0x00, 0x00, 0x00, 0x00, 0x00, 0x00,
    0x00, 0x00, 0x00, 0x00, 0x00, 0x00, 0x00, 0x03, 0x99, 0x00, 0x00, 0x00, 0x00, 0x00, 0x00, 0x00,
    0x00, 0x00, 0x00, 0x00, 0x04, 0xff, 0x00, 0x00, 0x00, 0x00, 0x00, 0x00, 0x00, 0x00, 0x00, 0x00,
    0x00, 0x04, 0xff, 0x22, 0x22, 0x22, 0x22, 0x20, 0x00, 0x00, 0x00, 0x00, 0x00, 0x00, 0x04, 0xff,
    0xff, 0xff, 0xff, 0xff, 0xe0, 0x00, 0x00, 0x00, 0x00, 0x00, 0x00, 0x04, 0xff, 0xff, 0xff, 0xff,
    0xff, 0xe0, 0x00, 0x00, 0x00, 0x00, 0x00, 0x00, 0x04, 0xff, 0x00, 0x00, 0x00, 0x00, 0x00, 0x00,
    0x00, 0x00, 0x00, 0x00, 0x00, 0x04, 0xff, 0x00, 0x00, 0x00, 0x00, 0x00, 0x00, 0x00, 0x00, 0x00,
    0x00, 0x00, 0x04, 0xff, 0x00, 0x00, 0x00, 0x00, 0x00, 0x00, 0x00, 0x00, 0x3f, 0xff, 0xff, 0xff,
    0xff, 0xff, 0xff, 0xff, 0xf3, 0x00, 0x00, 0x00, 0x00, 0x3f, 0xff, 0xff, 0xff, 0xff, 0xff, 0xff,
    0xff, 0xf3, 0x00, 0x00, 0x00, 0x00, 0x3f, 0xf2, 0x22, 0x22, 0x22, 0x22, 0x22, 0x3f, 0xf3, 0x00,
    0x00, 0x00, 0x00, 0x3f, 0xf0, 0x00, 0x00, 0x00, 0x00, 0x00, 0x2f, 0xf3, 0x00, 0x00, 0x00, 0x00,
    0x3f, 0xf0, 0x00, 0x00, 0x00, 0x00, 0x00, 0x2f, 0xf3, 0x00, 0x00, 0x00, 0x00, 0x3f, 0xf0, 0x00,
    0x00, 0x00, 0x00, 0x00, 0x2f, 0xf3, 0x00, 0x00, 0x00, 0x00, 0x3f, 0xff, 0xff, 0xff, 0xff, 0xff,
    0xff, 0xff, 0xf3, 0x00, 0x00, 0x00, 0x00, 0x3f, 0xff, 0xff, 0xff, 0xff, 0xff, 0xff, 0xff, 0xf3,
    0x00, 0x00, 0x00, 0x00, 0x02, 0x22, 0x22, 0x22, 0x22, 0x22, 0x22, 0x22, 0x20, 0x00, 0x00, 0x00,
    0x00, 0x16, 0x20, 0x00, 0x00, 0x00, 0x02, 0x00, 0x03, 0x91, 0x00, 0x00, 0x00, 0x00, 0x8f, 0xe0,
    0x0c, 0xe3, 0x00, 0xdf, 0x40, 0x1d, 0xfa, 0x00, 0x00, 0x00, 0x01, 0xef, 0x70, 0x0e, 0xf5, 0x00,
    0xaf, 0xa0, 0x05, 0xff, 0x50, 0x00, 0x00, 0x08, 0xfe, 0x10, 0x0c, 0xf8, 0x00, 0x4f, 0xf1, 0x00,
    0xaf, 0xd0, 0x00, 0x00, 0x4f, 0xf7, 0x00, 0x0a, 0xf9, 0x00, 0x0e, 0xf6, 0x00, 0x2f, 0xf7, 0x00,
    0x00, 0xbf, 0xc0, 0x00, 0x09, 0xfa, 0x00, 0x0a, 0xf8, 0x00, 0x0a, 0xf9, 0x00, 0x00, 0x05, 0x10,
    0x00, 0x03, 0x42, 0x00, 0x02, 0x10, 0x00, 0x02, 0x20, 0x00, 0x00, 0x00, 0x00, 0x00, 0x00, 0x00,
    0x00, 0x00, 0x00, 0x00, 0x00, 0x00, 0x00, 0x00, 0x00, 0x00, 0x00, 0x00, 0x00, 0x00, 0x00, 0x00,
    0x00, 0x00, 0x00, 0x00, 0x00, 0x00, 0x01, 0x88, 0x00, 0x00, 0x00, 0x69, 0x40, 0x00, 0x00, 0x00,
    0x00, 0x00, 0x00, 0x02, 0xff, 0x00, 0x00, 0x00, 0xbf, 0x70, 0x00, 0x00, 0x00, 0x00, 0x00, 0x00,
    0x02, 0xff, 0x00, 0x00, 0x00, 0xbf, 0x60, 0x00, 0x00, 0x00, 0x00, 0x00, 0x11, 0x13, 0xff, 0x11,
    0x10, 0x00, 0xbf, 0x60, 0x00, 0x00, 0x00, 0x00, 0x00, 0x8f, 0xff, 0xff, 0xff, 0xac, 0xff, 0xff,
    0xff, 0xff, 0xf4, 0x00, 0x00, 0x00, 0x8f, 0xff, 0xff, 0xff, 0xab, 0xee, 0xff, 0xee, 0xef, 0xf3,
    0x00, 0x00, 0x00, 0x00, 0x02, 0xff, 0x00, 0x00, 0x00, 0xdf, 0x40, 0x0d, 0xf3, 0x00, 0x00, 0x00,
    0x00, 0x02, 0xff, 0x00, 0x00, 0x00, 0xff, 0x30, 0x0e, 0xf3, 0x00, 0x00, 0x00, 0x00, 0x02, 0xff,
    0x59, 0x91, 0x22, 0xff, 0x10, 0x0e, 0xf2, 0x00, 0x00, 0x00, 0x02, 0x5a, 0xff, 0xff, 0xc9, 0xfa,
    0xfd, 0x00, 0x0e, 0xf2, 0x00, 0x00, 0x00, 0xcf, 0xff, 0xff, 0xc8, 0x49, 0xff, 0xfb, 0x00, 0x0d,
    0xf2, 0x00, 0x00, 0x00, 0xbf, 0xeb, 0xff, 0x00, 0x00, 0x3f, 0xff, 0x91, 0x0d, 0xf2, 0x00, 0x00,
    0x00, 0x33, 0x02, 0xff, 0x00, 0x00, 0x6f, 0xff, 0xfd, 0x3c, 0xf3, 0x22, 0x00, 0x00, 0x00, 0x02,
    0xff, 0x00, 0x01, 0xef, 0x93, 0xdf, 0x6a, 0xf4, 0x6f, 0x40, 0x00, 0x00, 0x02, 0xff, 0x00, 0x3d,
    0xfd, 0x10, 0x17, 0x07, 0xf8, 0x9f, 0x30, 0x00, 0x0b, 0xff, 0xfd, 0x01, 0xef, 0xe3, 0x00, 0x00,
    0x02, 0xff, 0xfe, 0x10, 0x00, 0x06, 0xfe, 0xb4, 0x00, 0x5c, 0x20, 0x00, 0x00, 0x00, 0x6e, 0xe5,
    0x00, 0x00, 0x00, 0x13, 0x00, 0x00, 0x00, 0x00, 0x00, 0x00, 0x00, 0x51, 0x00, 0x00, 0x00, 0x00,
    0x7f, 0xd0, 0x07, 0xa2, 0x00, 0x9c, 0x40, 0x0c, 0xf9, 0x00, 0x00, 0x00, 0x01, 0xef, 0x80, 0x0c,
    0xf5, 0x00, 0xaf, 0x90, 0x05, 0xff, 0x40, 0x00, 0x00, 0x08, 0xfe, 0x10, 0x0a, 0xf8, 0x00, 0x5f,
    0xe0, 0x00, 0xbf, 0xd0, 0x00, 0x00, 0x4f, 0xf7, 0x00, 0x09, 0xf9, 0x00, 0x1f, 0xf4, 0x00, 0x2f,
    0xf7, 0x00, 0x00, 0xcf, 0xc0, 0x00, 0x08, 0xfb, 0x00, 0x0d, 0xf7, 0x00, 0x0a, 0xfc, 0x00, 0x00,
    0x16, 0x30, 0x00, 0x03, 0x41, 0x00, 0x03, 0x10, 0x00, 0x02, 0x60, 0x00, 0x00, 0x00, 0x00, 0x00,
    0x00, 0x00, 0x00, 0x00, 0x00, 0x00, 0x00, 0x00, 0x00, 0x00, 0x00, 0x00, 0x00, 0x00, 0x00, 0x00,
    0x00, 0x00, 0x00, 0x00, 0x00, 0x00, 0x00, 0x00, 0x03, 0x41, 0x00, 0x00, 0x00, 0x02, 0x86, 0x00,
    0x00, 0x00, 0x00, 0x00, 0x00, 0x0b, 0xf5, 0x00, 0x00, 0x00, 0x06, 0xfe, 0x00, 0x00, 0x00, 0x00,
    0x00, 0x00, 0x0b, 0xf5, 0x00, 0x00, 0x00, 0x01, 0xef, 0x60, 0x00, 0x00, 0x00, 0x00, 0x00, 0x0b,
    0xf5, 0x00, 0x8c, 0xcc, 0xcc, 0xef, 0xec, 0xcc, 0xc9, 0x00, 0x00, 0x00, 0x0b, 0xf5, 0x23, 0xaf,
    0xff, 0xff, 0xff, 0xff, 0xff, 0xfb, 0x00, 0x00, 0x16, 0x1b, 0xf5, 0x8f, 0xef, 0x70, 0x00, 0x00,
    0x00, 0x07, 0xfb, 0x00, 0x00, 0x4f, 0x4b, 0xf5, 0xce, 0xaf, 0x73, 0x72, 0x00, 0x19, 0x37, 0xfb,
    0x00, 0x00, 0x6f, 0x3b, 0xf7, 0xf8, 0x47, 0x4d, 0xf9, 0x00, 0x8f, 0xe6, 0x75, 0x00, 0x00, 0x7f,
    0x2b, 0xfc, 0xf2, 0x01, 0xcf, 0xc0, 0x20, 0x09, 0xfe, 0x30, 0x00, 0x00, 0x9f, 0x0b, 0xff, 0xa0,
    0x2d, 0xfd, 0x22, 0xee, 0x50, 0x9f, 0xd2, 0x00, 0x00, 0xdd, 0x0b, 0xf5, 0x20, 0x4f, 0xd2, 0x0b,
    0xff, 0x50, 0x0b, 0xf6, 0x00, 0x01, 0xe9, 0x0c, 0xf4, 0x00, 0x04, 0x20, 0x9f, 0xff, 0xe5, 0x01,
    0x40, 0x00, 0x00, 0x12, 0x0d, 0xf3, 0x00, 0x00, 0x08, 0xff, 0x67, 0xff, 0x80, 0x00, 0x00, 0x00,
    0x00, 0x0e, 0xf2, 0x00, 0x01, 0xaf, 0xf6, 0x00, 0x5f, 0xfd, 0x40, 0x00, 0x00, 0x00, 0x1f, 0xf4,
    0x00, 0x3c, 0xff, 0x60, 0x00, 0x04, 0xef, 0xfb, 0x20, 0x00, 0x00, 0x4f, 0xfe, 0x16, 0xff, 0xff,
    0xdd, 0xdd, 0xdd, 0xef, 0xff, 0x20, 0x00, 0x00, 0x8f, 0xff, 0xa1, 0xda, 0xcf, 0xff, 0xff, 0xff,
    0xff, 0x78, 0x00, 0x00, 0x00, 0xdf, 0x7e, 0xf6, 0x10, 0xbf, 0x50, 0x00, 0x01, 0xff, 0x20, 0x00,
    0x00, 0x03, 0xff, 0x15, 0xfe, 0x20, 0xbf, 0x50, 0x00, 0x01, 0xff, 0x20, 0x00, 0x00, 0x0a, 0xfb,
    0x00, 0xbf, 0x30, 0xbf, 0x50, 0x00, 0x01, 0xff, 0x20, 0x00, 0x00, 0x5f, 0xf5, 0x00, 0x35, 0x00,
    0xbf, 0x50, 0x00, 0x01, 0xff, 0x20, 0x00, 0x01, 0xef, 0xb0, 0x00, 0x00, 0x00, 0xbf, 0xff, 0xff,
    0xff, 0xff, 0x20, 0x00, 0x00, 0xae, 0x20, 0x00, 0x00, 0x00, 0xbf, 0xed, 0xdd, 0xdd, 0xff, 0x20,
    0x00, 0x00, 0x04, 0x00, 0x00, 0x00, 0x00, 0x8b, 0x30, 0x00, 0x01, 0xaa, 0x10, 0x00, 0x00, 0x00,
    0x00, 0x00, 0x00, 0x00, 0x00, 0x00, 0x00, 0x00, 0x00, 0x00, 0x00, 0x00, 0x00, 0x00, 0x00, 0x00,
    0x00, 0x00, 0x00, 0x00, 0x00, 0x00, 0x00, 0x00, 0x00, 0x00, 0x17, 0x50, 0x00, 0x00, 0x00, 0x00,
    0x00, 0x00, 0x00, 0x00, 0x00, 0x00, 0x00, 0x3f, 0xa0, 0x00, 0x7f, 0xff, 0xff, 0xff, 0xff, 0xff,
    0xb0, 0x00, 0x00, 0x00, 0x3f, 0xa0, 0x00, 0x7f, 0xb7, 0x77, 0x77, 0x77, 0xaf, 0xb0, 0x00, 0x00,
    0x00, 0x3f, 0xa0, 0x00, 0x7f, 0x70, 0x00, 0x00, 0x00, 0x5f, 0xb0, 0x00, 0x00, 0x00, 0x3f, 0xa0,
    0x00, 0x7f, 0xff, 0xff, 0xff, 0xff, 0xff, 0xb0, 0x00, 0x00, 0x14, 0x3f, 0xa0, 0xd6, 0x7f, 0xa6,
    0x66, 0x66, 0x66, 0x9f, 0xb0, 0x00, 0x00, 0x4f, 0x4f, 0xa3, 0xf7, 0x7f, 0xb7, 0x77, 0x77, 0x77,
    0xaf, 0xb0, 0x00, 0x00, 0x6f, 0x3f, 0xa6, 0xf2, 0x7f, 0xff, 0xff, 0xff, 0xff, 0xff, 0xb0, 0x00,
    0x00, 0x8e, 0x3f, 0xaa, 0xc0, 0x00, 0x3f, 0xd0, 0x00, 0xef, 0x30, 0x00, 0x00, 0x00, 0xac, 0x3f,
    0xad, 0x81, 0x99, 0xaf, 0xe9, 0x99, 0xff, 0xa9, 0x92, 0x00, 0x00, 0xda, 0x3f, 0x94, 0x22, 0xff,
    0xff, 0xff, 0xff, 0xff, 0xff, 0xf3, 0x00, 0x01, 0xe6, 0x4f, 0x90, 0x00, 0x00, 0x3f, 0xd0, 0x00,
    0xef, 0x30, 0x00, 0x00, 0x00, 0x11, 0x4f, 0x80, 0x09, 0x99, 0xbf, 0xe9, 0x99, 0xff, 0xa9, 0x99,
    0x00, 0x00, 0x00, 0x6f, 0x70, 0x0e, 0xff, 0xff, 0xff, 0xff, 0xff, 0xff, 0xfe, 0x00, 0x00, 0x00,
    0x8f, 0x80, 0x00, 0x05, 0xee, 0x30, 0x00, 0x09, 0xf6, 0x00, 0x00, 0x00, 0x00, 0xaf, 0xf2, 0x02,
    0x9f, 0xe3, 0x07, 0xf9, 0x00, 0xbf, 0x91, 0x00, 0x00, 0x00, 0xdf, 0xfc, 0x2f, 0xfb, 0x67, 0x07,
    0xf9, 0x02, 0x2a, 0xfe, 0x40, 0x00, 0x03, 0xfd, 0xbf, 0x67, 0x60, 0xbf, 0x67, 0xf9, 0x0c, 0xe1,
    0x6a, 0x00, 0x00, 0x07, 0xf8, 0x3f, 0xe1, 0x00, 0x1d, 0x59, 0xfb, 0xaf, 0x50, 0x00, 0x00, 0x00,
    0x1d, 0xf3, 0x0a, 0xe3, 0x00, 0x39, 0xef, 0xff, 0xfc, 0x20, 0x00, 0x00, 0x00, 0x7f, 0xc0, 0x03,
    0x41, 0x6c, 0xff, 0xba, 0xfc, 0xcf, 0xf8, 0x10, 0x00, 0x01, 0xef, 0x40, 0x00, 0x0c, 0xfe, 0x92,
    0x07, 0xf9, 0x05, 0xdf, 0xe2, 0x00, 0x00, 0xaa, 0x00, 0x00, 0x05, 0x71, 0x0a, 0xef, 0xf7, 0x00,
    0x08, 0x70, 0x00, 0x00, 0x01, 0x00, 0x00, 0x00, 0x00, 0x03, 0x99, 0x60, 0x00, 0x00, 0x00, 0x00,
    0x00, 0x00, 0x00, 0x00, 0x00, 0x00, 0x00, 0x00, 0x00, 0x00, 0x00, 0x00, 0x00, 0x00, 0x00, 0x00,
    0x00, 0x00, 0x00, 0x00, 0x00, 0x00, 0x00, 0x00, 0x00, 0x00, 0x00, 0x00, 0x33, 0x33, 0x33, 0x33,
    0x33, 0x33, 0x33, 0x33, 0x33, 0x10, 0x00, 0x00, 0x02, 0xff, 0xff, 0xff, 0xff, 0xff, 0xff, 0xff,
    0xff, 0xff, 0x70, 0x00, 0x00, 0x02, 0xff, 0xff, 0xff, 0xff, 0xff, 0xff, 0xff, 0xff, 0xff, 0x70,
    0x00, 0x00, 0x00, 0x00, 0x10, 0x00, 0x00, 0x00, 0x00, 0xef, 0x60, 0x00, 0x00, 0x00, 0x00, 0x00,
    0x03, 0xfe, 0x20, 0x00, 0x00, 0x00, 0xef, 0x60, 0x00, 0x00, 0x00, 0x00, 0x00, 0x07, 0xfd, 0x00,
    0x00, 0x00, 0x00, 0xef, 0x60, 0x00, 0x00, 0x00, 0x00, 0x00, 0x0a, 0xfa, 0x00, 0x00, 0x00, 0x00,
    0xef, 0x60, 0x00, 0x00, 0x00, 0x00, 0x00, 0x0e, 0xf6, 0x00, 0x00, 0x00, 0x00, 0xef, 0x60, 0x00,
    0x00, 0x00, 0x00, 0x00, 0x3f, 0xf2, 0x00, 0x00, 0x00, 0x00, 0xef, 0x60, 0x00, 0x00, 0x00, 0x00,
    0x00, 0x7f, 0xff, 0xff, 0xff, 0xff, 0xff, 0xff, 0xff, 0xff, 0xf9, 0x00, 0x00, 0x00, 0xcf, 0xff,
    0xff, 0xff, 0xff, 0xff, 0xff, 0xff, 0xff, 0xf9, 0x00, 0x00, 0x00, 0x33, 0x33, 0x33, 0x33, 0x4d,
    0xfe, 0xff, 0x73, 0x33, 0x32, 0x00, 0x00, 0x00, 0x00, 0x00, 0x00, 0x01, 0xcf, 0xe3, 0xef, 0x60,
    0x00, 0x00, 0x00, 0x00, 0x00, 0x00, 0x00, 0x00, 0x2c, 0xff, 0x40, 0xef, 0x60, 0x00, 0x00, 0x00,
    0x00, 0x00, 0x00, 0x00, 0x04, 0xef, 0xf5, 0x00, 0xef, 0x60, 0x00, 0x00, 0x00, 0x00, 0x00, 0x00,
    0x00, 0x8f, 0xfe, 0x40, 0x00, 0xef, 0x60, 0x00, 0x00, 0x00, 0x00, 0x00, 0x00, 0x4d, 0xff, 0xd2,
    0x00, 0x00, 0xef, 0x60, 0x00, 0x00, 0x00, 0x00, 0x00, 0x3a, 0xff, 0xfa, 0x10, 0x00, 0x00, 0xef,
    0x60, 0x00, 0x00, 0x00, 0x00, 0x4b, 0xff, 0xfe, 0x50, 0x00, 0x00, 0x00, 0xef, 0x60, 0x00, 0x00,
    0x00, 0x00, 0xaf, 0xfe, 0x81, 0x00, 0x00, 0x00, 0x00, 0xff, 0x50, 0x00, 0x00, 0x00, 0x00, 0x1c,
    0x81, 0x00, 0x00, 0x00, 0xbe, 0xef, 0xff, 0x40, 0x00, 0x00, 0x00, 0x00, 0x00, 0x00, 0x00, 0x00,
    0x00, 0x6f, 0xff, 0xf9, 0x00, 0x00, 0x00, 0x00, 0x00, 0x00, 0x00, 0x00, 0x00, 0x00, 0x15, 0x54,
    0x10, 0x00, 0x00, 0x00, 0x00, 0x00, 0x00, 0x00, 0x00, 0x00, 0x00, 0x00, 0x00, 0x00, 0x00, 0x00,
    0x00, 0x00, 0x00, 0x00, 0x00, 0x00, 0x00, 0x00, 0x00, 0x00, 0x00, 0x00, 0x00, 0x00, 0x00, 0x00,
    0x00, 0x7f, 0xff, 0xff, 0xff, 0xff, 0xff, 0xff, 0xff, 0xff, 0x60, 0x00, 0x00, 0x00, 0x7f, 0xff,
    0xff, 0xff, 0xff, 0xff, 0xff, 0xff, 0xff, 0x60, 0x00, 0x00, 0x00, 0x7f, 0xc3, 0x33, 0x33, 0xff,
    0x63, 0x33, 0x33, 0xdf, 0x60, 0x00, 0x00, 0x00, 0x7f, 0xc0, 0x00, 0x00, 0xff, 0x50, 0x00, 0x00,
    0xcf, 0x60, 0x00, 0x00, 0x00, 0x7f, 0xc0, 0x00, 0x00, 0xff, 0x50, 0x00, 0x00, 0xcf, 0x60, 0x00,
    0x00, 0x00, 0x7f, 0xc0, 0x00, 0x00, 0xff, 0x50, 0x00, 0x00, 0xcf, 0x60, 0x00, 0x00, 0x00, 0x7f,
    0xff, 0xff, 0xff, 0xff, 0xff, 0xff, 0xff, 0xff, 0x60, 0x00, 0x00, 0x00, 0x7f, 0xff, 0xff, 0xff,
    0xff, 0xff, 0xff, 0xff, 0xff, 0x60, 0x00, 0x00, 0x00, 0x7f, 0xc2, 0x22, 0x22, 0xff, 0x62, 0x22,
    0x22, 0xdf, 0x60, 0x00, 0x00, 0x00, 0x7f, 0xc0, 0x00, 0x00, 0xff, 0x50, 0x00, 0x00, 0xcf, 0x60,
    0x00, 0x00, 0x00, 0x7f, 0xb0, 0x00, 0x00, 0xff, 0x50, 0x00, 0x00, 0xcf, 0x60, 0x00, 0x00, 0x00,
    0x8f, 0xb2, 0x22, 0x22, 0xff, 0x62, 0x22, 0x22, 0xdf, 0x60, 0x00, 0x00, 0x00, 0x9f, 0xff, 0xff,
    0xff, 0xff, 0xff, 0xff, 0xff, 0xff, 0x60, 0x00, 0x00, 0x00, 0xbf, 0xff, 0xff, 0xff, 0xff, 0xff,
    0xff, 0xff, 0xff, 0x60, 0x00, 0x00, 0x00, 0xdf, 0x50, 0x00, 0x00, 0xff, 0x50, 0x00, 0x00, 0xcf,
    0x60, 0x00, 0x00, 0x02, 0xff, 0x20, 0x00, 0x00, 0xff, 0x50, 0x00, 0x00, 0xcf, 0x60, 0x00, 0x00,
    0x07, 0xfd, 0x00, 0x00, 0x00, 0xff, 0x50, 0x00, 0x00, 0xcf, 0x60, 0x00, 0x00, 0x0c, 0xf9, 0x00,
    0x00, 0x00, 0xff, 0x50, 0x00, 0x00, 0xcf, 0x60, 0x00, 0x00, 0x6f, 0xf4, 0x00, 0x00, 0x00, 0xff,
    0x50, 0x00, 0x00, 0xdf, 0x60, 0x00, 0x02, 0xef, 0xc0, 0x00, 0x00, 0x00, 0xff, 0x50, 0xcf, 0xff,
    0xff, 0x40, 0x00, 0x00, 0x9f, 0x30, 0x00, 0x00, 0x00, 0xff, 0x50, 0x7f, 0xff, 0xe8, 0x00, 0x00,
    0x00, 0x03, 0x00, 0x00, 0x00, 0x00, 0x11, 0x00, 0x12, 0x21, 0x00, 0x00, 0x00, 0x00, 0x00, 0x00,
    0x00, 0x00, 0x00, 0x00, 0x00, 0x00, 0x00, 0x00, 0x00, 0x00, 0x00, 0x00, 0x00, 0x00, 0x00, 0x00,
    0x00, 0x00, 0x00, 0x00, 0x00, 0x00, 0x00, 0x00, 0x00, 0x00, 0x00, 0x00, 0x03, 0x88, 0x00, 0x00,
    0x00, 0x00, 0x00, 0x00, 0x00, 0x00, 0x00, 0x00, 0x00, 0x06, 0xff, 0x00, 0x00, 0x00, 0x00, 0x00,
    0x00, 0x00, 0x00, 0x00, 0x00, 0x00, 0x06, 0xff, 0x00, 0x00, 0x00, 0x00, 0x00, 0x00, 0x00, 0x00,
    0x00, 0x00, 0x00, 0x06, 0xff, 0x00, 0x00, 0x00, 0x00, 0x00, 0x00, 0x00, 0x02, 0xff, 0xff, 0xff,
    0xff, 0xff, 0xff, 0xff, 0xff, 0xfd, 0x00, 0x00, 0x00, 0x02, 0xff, 0xff, 0xff, 0xff, 0xff, 0xff,
    0xff, 0xff, 0xfd, 0x00, 0x00, 0x00, 0x02, 0xff, 0x63, 0x33, 0x38, 0xff, 0x43, 0x33, 0x39, 0xfd,
    0x00, 0x00, 0x00, 0x02, 0xff, 0x30, 0x00, 0x06, 0xff, 0x00, 0x00, 0x07, 0xfd, 0x00, 0x00, 0x00,
    0x02, 0xff, 0x30, 0x00, 0x06, 0xff, 0x00, 0x00, 0x07, 0xfd, 0x00, 0x00, 0x00, 0x02, 0xff, 0x42,
    0x22, 0x27, 0xff, 0x22, 0x22, 0x28, 0xfd, 0x00, 0x00, 0x00, 0x02, 0xff, 0xff, 0xff, 0xff, 0xff,
    0xff, 0xff, 0xff, 0xfd, 0x00, 0x00, 0x00, 0x02, 0xff, 0xff, 0xff, 0xff, 0xff, 0xff, 0xff, 0xff,
    0xfd, 0x00, 0x00, 0x00, 0x02, 0xff, 0x30, 0x00, 0x06, 0xff, 0x00, 0x00, 0x07, 0xfd, 0x00, 0x00,
    0x00, 0x02, 0xff, 0x30, 0x00, 0x06, 0xff, 0x00, 0x00, 0x07, 0xfd, 0x00, 0x00, 0x00, 0x02, 0xff,
    0x53, 0x33, 0x38, 0xff, 0x33, 0x33, 0x38, 0xfd, 0x00, 0x00, 0x00, 0x02, 0xff, 0xff, 0xff, 0xff,
    0xff, 0xff, 0xff, 0xff, 0xfd, 0x00, 0x00, 0x00, 0x02, 0xff, 0xff, 0xff, 0xff, 0xff, 0xff, 0xff,
    0xff, 0xfd, 0x00, 0x00, 0x00, 0x02, 0xff, 0x30, 0x00, 0x06, 0xff, 0x00, 0x00, 0x00, 0x01, 0xa3,
    0x00, 0x00, 0x01, 0x88, 0x20, 0x00, 0x06, 0xff, 0x00, 0x00, 0x00, 0x03, 0xff, 0x20, 0x00, 0x00,
    0x00, 0x00, 0x00, 0x06, 0xff, 0x10, 0x00, 0x00, 0x05, 0xff, 0x00, 0x00, 0x00, 0x00, 0x00, 0x00,
    0x04, 0xff, 0x50, 0x00, 0x00, 0x1b, 0xfc, 0x00, 0x00, 0x00, 0x00, 0x00, 0x00, 0x01, 0xff, 0xff,
    0xff, 0xff, 0xff, 0xf7, 0x00, 0x00, 0x00, 0x00, 0x00, 0x00, 0x00, 0x6e, 0xff, 0xff, 0xff, 0xff,
    0xa1, 0x00, 0x00, 0x00, 0x00, 0x00, 0x00, 0x00, 0x01, 0x34, 0x44, 0x44, 0x42, 0x00, 0x00, 0x00,
    0x00, 0x00, 0x00, 0x00, 0x00, 0x00, 0x00, 0x00, 0x00, 0x00, 0x00, 0x00, 0x00, 0x00, 0x00, 0x00,
    0x00, 0x00, 0x00, 0x00, 0x00, 0x00, 0x00, 0x00, 0x00, 0x00, 0x7f, 0xff, 0xff, 0xff, 0xff, 0xff,
    0xff, 0xff, 0xff, 0xff, 0xf8, 0x00, 0x00, 0x7f, 0xff, 0xff, 0xff, 0xff, 0xff, 0xff, 0xff, 0xff,
    0xff, 0xf8, 0x00, 0x00, 0x23, 0x33, 0x33, 0x4f, 0xfb, 0x33, 0x33, 0x33, 0x33, 0x33, 0x32, 0x00,
    0x00, 0x00, 0x00, 0x00, 0x5f, 0xf4, 0x00, 0x00, 0x00, 0x00, 0x00, 0x00, 0x00, 0x00, 0x00, 0x00,
    0x00, 0xbf, 0xe0, 0x00, 0x00, 0x00, 0x00, 0x00, 0x00, 0x00, 0x00, 0x00, 0x00, 0x02, 0xff, 0x80,
    0x00, 0x00, 0x00, 0x00, 0x00, 0x00, 0x00, 0x00, 0x00, 0x00, 0x09, 0xff, 0x20, 0x00, 0x00, 0x00,
    0x00, 0x00, 0x00, 0x00, 0x00, 0x00, 0x00, 0x2f, 0xfa, 0x00, 0x00, 0x00, 0x00, 0x00, 0x00, 0x00,
    0x00, 0x00, 0x00, 0x00, 0xaf, 0xf5, 0x33, 0x33, 0x33, 0x33, 0x33, 0x33, 0x00, 0x00, 0x00, 0x00,
    0x05, 0xff, 0xff, 0xff, 0xff, 0xff, 0xff, 0xff, 0xff, 0x20, 0x00, 0x00, 0x00, 0x2e, 0xff, 0xff,
    0xff, 0xff, 0xff, 0xff, 0xff, 0xff, 0x20, 0x00, 0x00, 0x00, 0xcf, 0xff, 0xf0, 0x00, 0x00, 0x00,
    0x00, 0x04, 0xff, 0x20, 0x00, 0x00, 0x1b, 0xff, 0xbf, 0xf0, 0x00, 0x00, 0x00, 0x00, 0x04, 0xff,
    0x20, 0x00, 0x01, 0xcf, 0xfa, 0x4f, 0xf0, 0x00, 0x00, 0x00, 0x00, 0x04, 0xff, 0x20, 0x00, 0x03,
    0xff, 0xa0, 0x4f, 0xf0, 0x00, 0x00, 0x00, 0x00, 0x04, 0xff, 0x20, 0x00, 0x00, 0x59, 0x00, 0x4f,
    0xf0, 0x00, 0x00, 0x00, 0x00, 0x04, 0xff, 0x20, 0x00, 0x00, 0x00, 0x00, 0x4f, 0xf0, 0x00, 0x00,
    0x00, 0x00, 0x04, 0xff, 0x20, 0x00, 0x00, 0x00, 0x00, 0x4f, 0xf3, 0x33, 0x33, 0x33, 0x33, 0x36,
    0xff, 0x20, 0x00, 0x00, 0x00, 0x00, 0x4f, 0xff, 0xff, 0xff, 0xff, 0xff, 0xff, 0xff, 0x20, 0x00,
    0x00, 0x00, 0x00, 0x4f, 0xff, 0xff, 0xff, 0xff, 0xff, 0xff, 0xff, 0x20, 0x00, 0x00, 0x00, 0x00,
    0x4f, 0xf0, 0x00, 0x00, 0x00, 0x00, 0x04, 0xff, 0x20, 0x00, 0x00, 0x00, 0x00, 0x3a, 0xa0, 0x00,
    0x00, 0x00, 0x00, 0x02, 0x99, 0x10, 0x00, 0x00, 0x00, 0x00, 0x00, 0x00, 0x00, 0x00, 0x00, 0x00,
    0x00, 0x00, 0x00, 0x00, 0x00, 0x00, 0x00, 0x00, 0x00, 0x00, 0x00, 0x00, 0x00, 0x00, 0x00, 0x00,
    0x00, 0x00, 0x11, 0x11, 0x11, 0x11, 0x00, 0x11, 0x11, 0x11, 0x11, 0x20, 0x00, 0x00, 0x00, 0xdf,
    0xff, 0xff, 0xff, 0x86, 0xff, 0xff, 0xff, 0xff, 0xfb, 0x00, 0x00, 0x00, 0xdf, 0xff, 0xff, 0xff,
    0x86, 0xff, 0xff, 0xff, 0xff, 0xf9, 0x00, 0x00, 0x00, 0x00, 0x3f, 0xe0, 0x00, 0x00, 0x00, 0x00,
    0x00, 0x09, 0xf8, 0x00, 0x00, 0x00, 0x00, 0x8f, 0x90, 0x00, 0x00, 0x3a, 0x80, 0x00, 0x0b, 0xf7,
    0x00, 0x00, 0x00, 0x00, 0xcf, 0x50, 0x00, 0x00, 0x6f, 0xb0, 0x00, 0x0c, 0xf5, 0x00, 0x00, 0x00,
    0x01, 0xff, 0x10, 0x00, 0x00, 0x7f, 0xa0, 0x00, 0x0e, 0xf3, 0x00, 0x00, 0x00, 0x05, 0xfc, 0x00,
    0x00, 0x00, 0x8f, 0x80, 0x00, 0x1f, 0xf2, 0x00, 0x00, 0x00, 0x0b, 0xff, 0xff, 0xfe, 0x00, 0xaf,
    0x70, 0x00, 0x2f, 0xf0, 0x00, 0x00, 0x00, 0x3f, 0xff, 0xff, 0xfe, 0x00, 0xcf, 0x50, 0x00, 0x4f,
    0xd0, 0x00, 0x00, 0x00, 0xcf, 0xf9, 0x01, 0xfe, 0x00, 0xdf, 0xee, 0xee, 0xef, 0xfe, 0xe9, 0x00,
    0x04, 0xff, 0xf9, 0x01, 0xfe, 0x00, 0xff, 0xff, 0xff, 0xff, 0xff, 0xf8, 0x00, 0x01, 0xfe, 0xf9,
    0x01, 0xfe, 0x00, 0x00, 0x00, 0x00, 0x00, 0x0b, 0xf7, 0x00, 0x00, 0x96, 0xf9, 0x01, 0xfe, 0x00,
    0x00, 0x00, 0x00, 0x00, 0x0c, 0xf5, 0x00, 0x00, 0x05, 0xf9, 0x01, 0xfe, 0x00, 0x00, 0x00, 0x00,
    0x00, 0x0d, 0xf4, 0x00, 0x00, 0x05, 0xf9, 0x01, 0xfe, 0x1f, 0xff, 0xff, 0xff, 0xfc, 0x0f, 0xf2,
    0x00, 0x00, 0x05, 0xf9, 0x01, 0xfe, 0x1f, 0xff, 0xff, 0xff, 0xfc, 0x3f, 0xf0, 0x00, 0x00, 0x05,
    0xff, 0xff, 0xfe, 0x00, 0x00, 0x00, 0x00, 0x00, 0x5f, 0xd0, 0x00, 0x00, 0x05, 0xff, 0xff, 0xfe,
    0x00, 0x00, 0x00, 0x00, 0x00, 0x9f, 0xa0, 0x00, 0x00, 0x05, 0xf9, 0x00, 0x00, 0x00, 0x00, 0x00,
    0x00, 0x02, 0xef, 0x70, 0x00, 0x00, 0x05, 0xf9, 0x00, 0x00, 0x00, 0x00, 0x00, 0x5f, 0xef, 0xfe,
    0x10, 0x00, 0x00, 0x00, 0x10, 0x00, 0x00, 0x00, 0x00, 0x00, 0x1f, 0xff, 0xd5, 0x00, 0x00, 0x00,
    0x00, 0x00, 0x00, 0x00, 0x00, 0x00, 0x00, 0x00, 0x10, 0x00, 0x00, 0x00, 0x00, 0x00, 0x00, 0x00,
    0x00, 0x00, 0x00, 0x00, 0x00, 0x00, 0x00, 0x00, 0x00, 0x00, 0x00, 0x00, 0x00, 0x00, 0x00, 0x00,
    0x00, 0x00, 0x00, 0x00, 0x00, 0x00, 0x00, 0x00, 0x00, 0x00, 0x00, 0x00, 0x02, 0xa6, 0x00, 0x00,
    0x00, 0x00, 0x00, 0x00, 0x11, 0x11, 0x11, 0x11, 0x00, 0x08, 0xf9, 0x00, 0x00, 0x00, 0x00, 0x00,
    0x00, 0xbf, 0xff, 0xff, 0xff, 0x70, 0x1e, 0xfe, 0xdd, 0xdd, 0xa1, 0x00, 0x00, 0x00, 0xbf, 0xff,
    0xff, 0xff, 0x70, 0x9f, 0xff, 0xff, 0xff, 0xf3, 0x00, 0x00, 0x00, 0x00, 0x3f, 0xe0, 0x00, 0x03,
    0xff, 0x30, 0x00, 0xcf, 0xa0, 0x00, 0x00, 0x00, 0x00, 0x7f, 0xa0, 0x00, 0x1d, 0xfa, 0x00, 0x05,
    0xff, 0x20, 0x00, 0x00, 0x00, 0x00, 0xbf, 0x60, 0x00, 0xaf, 0xf3, 0x00, 0x0d, 0xf8, 0x00, 0x00,
    0x00, 0x00, 0x00, 0xef, 0x20, 0x08, 0xff, 0xff, 0xff, 0xff, 0xff, 0xff, 0xf5, 0x00, 0x00, 0x04,
    0xfd, 0x00, 0x03, 0xfd, 0xff, 0xee, 0xff, 0xfe, 0xef, 0xf5, 0x00, 0x00, 0x0a, 0xff, 0xff, 0xfc,
    0x47, 0xfa, 0x00, 0xaf, 0x50, 0x0c, 0xf5, 0x00, 0x00, 0x2f, 0xff, 0xff, 0xfc, 0x07, 0xfa, 0x00,
    0xaf, 0x50, 0x0c, 0xf5, 0x00, 0x00, 0xaf, 0xfa, 0x01, 0xfc, 0x07, 0xfe, 0xbb, 0xef, 0xdb, 0xbe,
    0xf5, 0x00, 0x02, 0xff, 0xfa, 0x01, 0xfc, 0x07, 0xff, 0xff, 0xff, 0xff, 0xff, 0xf5, 0x00, 0x00,
    0xde, 0xfa, 0x01, 0xfc, 0x07, 0xfa, 0x00, 0xaf, 0x50, 0x0c, 0xf5, 0x00, 0x00, 0x86, 0xfa, 0x01,
    0xfc, 0x07, 0xfa, 0x00, 0xaf, 0x50, 0x0c, 0xf5, 0x00, 0x00, 0x04, 0xfa, 0x01, 0xfc, 0x08, 0xf9,
    0x00, 0xaf, 0x50, 0x0c, 0xf5, 0x00, 0x00, 0x04, 0xfa, 0x01, 0xfc, 0x0a, 0xff, 0xff, 0xff, 0xff,
    0xff, 0xf5, 0x00, 0x00, 0x04, 0xfa, 0x01, 0xfc, 0x0c, 0xff, 0xff, 0xff, 0xff, 0xff, 0xf5, 0x00,
    0x00, 0x04, 0xff, 0xff, 0xfc, 0x1e, 0xf3, 0x00, 0xaf, 0x50, 0x0c, 0xf5, 0x00, 0x00, 0x04, 0xff,
    0xff, 0xfc, 0x6f, 0xd0, 0x00, 0xaf, 0x50, 0x0c, 0xf5, 0x00, 0x00, 0x04, 0xfa, 0x00, 0x01, 0xcf,
    0x80, 0x00, 0xaf, 0x50, 0x0d, 0xf5, 0x00, 0x00, 0x04, 0xfa, 0x00, 0x09, 0xfe, 0x10, 0x00, 0xaf,
    0x5e, 0xff, 0xf4, 0x00, 0x00, 0x01, 0x32, 0x00, 0x04, 0xe6, 0x00, 0x00, 0x23, 0x1b, 0xfd, 0x80,
    0x00, 0x00, 0x00, 0x00, 0x00, 0x00, 0x20, 0x00, 0x00, 0x00, 0x00, 0x00, 0x00, 0x00, 0x00, 0x00,
    0x00, 0x00, 0x00, 0x00, 0x00, 0x00, 0x00, 0x00, 0x00, 0x00, 0x00, 0x00, 0x00, 0x00, 0x00, 0x00,
    0x00, 0x00, 0x00, 0x00, 0x00, 0x00, 0x00, 0x00, 0x00, 0x00, 0x7f, 0xff, 0xff, 0xff, 0xff, 0xff,
    0xff, 0xff, 0xf7, 0x00, 0x00, 0x00, 0x00, 0x7f, 0xff, 0xff, 0xff, 0xff, 0xff, 0xff, 0xff, 0xf7,
    0x00, 0x00, 0x00, 0x00, 0x23, 0x33, 0x33, 0x33, 0x33, 0x33, 0x33, 0x33, 0x32, 0x00, 0x00, 0x00,
    0x00, 0x00, 0x00, 0x00, 0x00, 0x00, 0x00, 0x00, 0x00, 0x00, 0x00, 0x00, 0x00, 0x00, 0x00, 0x00,
    0x00, 0x00, 0x00, 0x00, 0x00, 0x00, 0x00, 0x00, 0x00, 0x00, 0x00, 0x00, 0x00, 0x00, 0x00, 0x00,
    0x00, 0x00, 0x00, 0x00, 0x00, 0x00, 0x00, 0xaf, 0xff, 0xff, 0xff, 0xff, 0xff, 0xff, 0xff, 0xff,
    0xff, 0xfa, 0x00, 0x00, 0xaf, 0xff, 0xff, 0xff, 0xff, 0xff, 0xff, 0xff, 0xff, 0xff, 0xfa, 0x00,
    0x00, 0x34, 0x44, 0x44, 0x44, 0x46, 0xff, 0x74, 0x44, 0x44, 0x44, 0x43, 0x00, 0x00, 0x00, 0x00,
    0x00, 0x00, 0x03, 0xff, 0x40, 0x00, 0x00, 0x00, 0x00, 0x00, 0x00, 0x00, 0x00, 0x62, 0x00, 0x03,
    0xff, 0x40, 0x00, 0x24, 0x00, 0x00, 0x00, 0x00, 0x00, 0x04, 0xff, 0x60, 0x03, 0xff, 0x40, 0x07,
    0xfe, 0x10, 0x00, 0x00, 0x00, 0x00, 0x0b, 0xfe, 0x00, 0x03, 0xff, 0x40, 0x02, 0xef, 0xa0, 0x00,
    0x00, 0x00, 0x00, 0x3f, 0xf7, 0x00, 0x03, 0xff, 0x40, 0x00, 0x7f, 0xf4, 0x00, 0x00, 0x00, 0x00,
    0xbf, 0xe1, 0x00, 0x03, 0xff, 0x40, 0x00, 0x0d, 0xfd, 0x00, 0x00, 0x00, 0x06, 0xff, 0x70, 0x00,
    0x03, 0xff, 0x40, 0x00, 0x05, 0xff, 0x60, 0x00, 0x00, 0x3e, 0xfc, 0x00, 0x00, 0x03, 0xff, 0x40,
    0x00, 0x00, 0xdf, 0xd0, 0x00, 0x01, 0xef, 0xf3, 0x00, 0x00, 0x03, 0xff, 0x40, 0x00, 0x00, 0x6f,
    0xf5, 0x00, 0x00, 0x4e, 0x60, 0x00, 0x00, 0x03, 0xff, 0x40, 0x00, 0x00, 0x1e, 0xa3, 0x00, 0x00,
    0x01, 0x00, 0x03, 0xfe, 0xef, 0xff, 0x20, 0x00, 0x00, 0x01, 0x00, 0x00, 0x00, 0x00, 0x00, 0x00,
    0xdf, 0xff, 0xf9, 0x00, 0x00, 0x00, 0x00, 0x00, 0x00, 0x00, 0x00, 0x00, 0x00, 0x46, 0x54, 0x10,
    0x00, 0x00, 0x00, 0x00, 0x00, 0x00, 0x00, 0x00, 0x00, 0x00, 0x00, 0x00, 0x00, 0x00, 0x00, 0x00,
    0x00, 0x00, 0x00, 0x00, 0x00, 0x00, 0x00, 0x00, 0x00, 0x00, 0x00, 0x00, 0x00, 0x00, 0x00, 0x00,
    0x00, 0x00, 0x00, 0x00, 0x30, 0x00, 0x00, 0x00, 0x58, 0x40, 0x00, 0x00, 0x00, 0x00, 0x00, 0x02,
    0x7c, 0xf4, 0x01, 0x80, 0x00, 0xaf, 0x70, 0x02, 0xa3, 0x00, 0x00, 0x59, 0xdf, 0xff, 0xfa, 0x0c,
    0xf7, 0x00, 0xaf, 0x70, 0x08, 0xfd, 0x00, 0x00, 0x9f, 0xff, 0xfb, 0x30, 0x05, 0xfe, 0x10, 0xaf,
    0x70, 0x1e, 0xf6, 0x00, 0x00, 0x37, 0x49, 0xf7, 0x00, 0x00, 0xcf, 0x70, 0xaf, 0x70, 0x7f, 0xd0,
    0x00, 0x00, 0x00, 0x08, 0xf7, 0x00, 0x00, 0x6f, 0xd0, 0xaf, 0x71, 0xef, 0x50, 0x00, 0x00, 0x00,
    0x08, 0xf7, 0x00, 0x00, 0x1c, 0x50, 0xaf, 0x71, 0x7b, 0x00, 0x00, 0x00, 0x22, 0x29, 0xf8, 0x22,
    0x01, 0x22, 0x22, 0xaf, 0x82, 0x22, 0x20, 0x00, 0x00, 0xff, 0xff, 0xff, 0xff, 0x47, 0xff, 0xff,
    0xff, 0xff, 0xff, 0xf3, 0x00, 0x00, 0xff, 0xff, 0xff, 0xff, 0x47, 0xff, 0xff, 0xff, 0xff, 0xff,
    0xf3, 0x00, 0x00, 0x00, 0x4f, 0xf9, 0x00, 0x07, 0xf8, 0x00, 0x00, 0x00, 0x0d, 0xf3, 0x00, 0x00,
    0x00, 0xaf, 0xff, 0x50, 0x07, 0xf8, 0x00, 0x00, 0x00, 0x0d, 0xf3, 0x00, 0x00, 0x01, 0xff, 0xff,
    0xf4, 0x07, 0xff, 0xff, 0xff, 0xff, 0xff, 0xf3, 0x00, 0x00, 0x07, 0xfe, 0xf9, 0xee, 0x17, 0xff,
    0xee, 0xee, 0xee, 0xef, 0xf3, 0x00, 0x00, 0x0e, 0xe9, 0xf7, 0x6b, 0x07, 0xf8, 0x00, 0x00, 0x00,
    0x0d, 0xf3, 0x00, 0x00, 0x7f, 0xa8, 0xf7, 0x02, 0x07, 0xf8, 0x00, 0x00, 0x00, 0x0d, 0xf3, 0x00,
    0x01, 0xef, 0x48, 0xf7, 0x00, 0x07, 0xff, 0xee, 0xee, 0xee, 0xef, 0xf3, 0x00, 0x00, 0xdb, 0x08,
    0xf7, 0x00, 0x07, 0xff, 0xff, 0xff, 0xff, 0xff, 0xf3, 0x00, 0x00, 0x63, 0x08, 0xf7, 0x00, 0x07,
    0xf8, 0x00, 0x00, 0x00, 0x0d, 0xf3, 0x00, 0x00, 0x00, 0x08, 0xf7, 0x00, 0x07, 0xf8, 0x00, 0x00,
    0x00, 0x0d, 0xf3, 0x00, 0x00, 0x00, 0x08, 0xf7, 0x00, 0x07, 0xf8, 0x00, 0x00, 0x00, 0x0e, 0xf3,
    0x00, 0x00, 0x00, 0x08, 0xf7, 0x00, 0x07, 0xf8, 0x00, 0x00, 0xef, 0xff, 0xf1, 0x00, 0x00, 0x00,
    0x08, 0xf7, 0x00, 0x07, 0xf8, 0x00, 0x00, 0xaf, 0xfd, 0x60, 0x00, 0x00, 0x00, 0x05, 0x95, 0x00,
    0x02, 0x32, 0x00, 0x00, 0x11, 0x10, 0x00, 0x00, 0x00, 0x00, 0x00, 0x00, 0x00, 0x00, 0x00, 0x00,
    0x00, 0x00, 0x00, 0x00, 0x00, 0x00, 0x00, 0x00, 0x00, 0x00, 0x00, 0x00, 0x00, 0x00, 0x00, 0x00,
    0x00, 0x00, 0x00, 0x00, 0x00, 0x00, 0x00, 0x06, 0xa7, 0x00, 0x00, 0x00, 0x00, 0x00, 0x00, 0x00,
    0x00, 0x00, 0x00, 0x00, 0x0b, 0xfe, 0x10, 0x00, 0x00, 0x00, 0x00, 0x00, 0x00, 0x00, 0x00, 0x00,
    0x00, 0x04, 0xff, 0x70, 0x00, 0x00, 0x00, 0x00, 0x00, 0x00, 0x5f, 0xff, 0xff, 0xff, 0xff, 0xff,
    0xff, 0xff, 0xff, 0xff, 0xf5, 0x00, 0x00, 0x5f, 0xff, 0xff, 0xff, 0xff, 0xff, 0xff, 0xff, 0xff,
    0xff, 0xf5, 0x00, 0x00, 0x5f, 0xe1, 0x11, 0x11, 0x11, 0x11, 0x11, 0x11, 0x11, 0x1f, 0xf5, 0x00,
    0x00, 0x5f, 0xe0, 0x00, 0x02, 0x30, 0x00, 0x04, 0x20, 0x00, 0x0f, 0xf5, 0x00, 0x00, 0x5f, 0xe0,
    0x00, 0x5e, 0xe3, 0x00, 0x3e, 0xe8, 0x10, 0x0f, 0xf5, 0x00, 0x00, 0x5f, 0xe0, 0x08, 0xff, 0xe3,
    0x00, 0x4d, 0xff, 0xe6, 0x01, 0x10, 0x00, 0x00, 0x01, 0x15, 0xdf, 0xfc, 0x20, 0x00, 0x01, 0x8f,
    0xff, 0xc3, 0x00, 0x00, 0x00, 0x05, 0xdf, 0xff, 0x90, 0x00, 0x00, 0x00, 0x03, 0xcf, 0xff, 0x80,
    0x00, 0x00, 0x0c, 0xff, 0xd4, 0x00, 0x00, 0x00, 0x00, 0x00, 0x07, 0xef, 0xb0, 0x00, 0x00, 0x04,
    0xe7, 0x10, 0x00, 0x00, 0x00, 0x00, 0x00, 0x00, 0x3b, 0x20, 0x00, 0x00, 0x00, 0x18, 0xff, 0xff,
    0xff, 0xff, 0xff, 0xff, 0xff, 0xb0, 0x00, 0x00, 0x00, 0x00, 0x08, 0xff, 0xff, 0xff, 0xff, 0xff,
    0xff, 0xff, 0xb0, 0x00, 0x00, 0x00, 0x00, 0x00, 0x00, 0x00, 0x04, 0xff, 0x20, 0x00, 0x00, 0x00,
    0x00, 0x00, 0x00, 0x00, 0x00, 0x00, 0x00, 0x04, 0xff, 0x20, 0x00, 0x00, 0x00, 0x00, 0x00, 0x00,
    0x00, 0x00, 0x00, 0x00, 0x04, 0xff, 0x20, 0x00, 0x00, 0x00, 0x00, 0x00, 0x00, 0x00, 0x00, 0x00,
    0x00, 0x04, 0xff, 0x20, 0x00, 0x00, 0x00, 0x00, 0x00, 0x00, 0x00, 0x00, 0x00, 0x00, 0x04, 0xff,
    0x20, 0x00, 0x00, 0x00, 0x00, 0x00, 0x00, 0x01, 0x11, 0x11, 0x11, 0x15, 0xff, 0x31, 0x11, 0x11,
    0x11, 0x10, 0x00, 0x00, 0x3f, 0xff, 0xff, 0xff, 0xff, 0xff, 0xff, 0xff, 0xff, 0xff, 0xf5, 0x00,
    0x00, 0x3f, 0xff, 0xff, 0xff, 0xff, 0xff, 0xff, 0xff, 0xff, 0xff, 0xf5, 0x00, 0x00, 0x00, 0x00,
    0x00, 0x00, 0x00, 0x00, 0x00, 0x00, 0x00, 0x00, 0x00, 0x00, 0x00, 0x00, 0x00, 0x00, 0x00, 0x00,
    0x00, 0x00, 0x00, 0x00, 0x00, 0x00, 0x00, 0x00, 0x00, 0x07, 0x51, 0x00, 0x00, 0x00, 0x27, 0x30,
    0x00, 0x00, 0x00, 0x00, 0x00, 0x00, 0x2f, 0xf5, 0x00, 0x00, 0x00, 0x9f, 0xe0, 0x00, 0x00, 0x00,
    0x00, 0x00, 0x00, 0x8f, 0xe0, 0x00, 0x00, 0x01, 0xef, 0x90, 0x00, 0x00, 0x00, 0x00, 0x00, 0x00,
    0xef, 0xff, 0xff, 0xff, 0x76, 0xff, 0xff, 0xff, 0xff, 0xf9, 0x00, 0x00, 0x07, 0xff, 0xef, 0xfe,
    0xee, 0x8d, 0xfe, 0xef, 0xfe, 0xee, 0xe8, 0x00, 0x00, 0x2f, 0xf7, 0x1e, 0xf4, 0x00, 0xaf, 0xe2,
    0x0d, 0xf6, 0x00, 0x00, 0x00, 0x01, 0xdf, 0xc0, 0x07, 0xfb, 0x06, 0xff, 0x50, 0x05, 0xfd, 0x00,
    0x00, 0x00, 0x00, 0x5d, 0x20, 0x01, 0xd8, 0x00, 0x67, 0x00, 0x13, 0xa8, 0x90, 0x00, 0x00, 0x00,
    0x00, 0x12, 0x34, 0x56, 0x78, 0x9a, 0xce, 0xff, 0xff, 0xf7, 0x00, 0x00, 0x00, 0x00, 0xef, 0xff,
    0xff, 0xff, 0xff, 0xff, 0xed, 0xa8, 0x52, 0x00, 0x00, 0x00, 0x00, 0xac, 0xbb, 0xa9, 0x9f, 0xf6,
    0x31, 0x00, 0x00, 0x00, 0x00, 0x00, 0x00, 0x00, 0x00, 0x00, 0x00, 0x1f, 0xf3, 0x01, 0x23, 0x56,
    0x74, 0x00, 0x00, 0x00, 0x01, 0x35, 0x67, 0x89, 0xbf, 0xfe, 0xff, 0xff, 0xff, 0xf9, 0x00, 0x00,
    0x00, 0x07, 0xff, 0xff, 0xff, 0xff, 0xff, 0xed, 0xca, 0x98, 0x74, 0x00, 0x00, 0x00, 0x04, 0xba,
    0x87, 0x65, 0x5f, 0xf3, 0x00, 0x00, 0x00, 0x00, 0x00, 0x00, 0x00, 0x00, 0x00, 0x00, 0x00, 0x1f,
    0xf3, 0x00, 0x23, 0x45, 0x68, 0x96, 0x00, 0x00, 0x01, 0x24, 0x56, 0x78, 0xaf, 0xfe, 0xef, 0xff,
    0xff, 0xff, 0xfa, 0x00, 0x00, 0xaf, 0xff, 0xff, 0xff, 0xff, 0xff, 0xff, 0xdc, 0xba, 0x87, 0x63,
    0x00, 0x00, 0x8e, 0xdc, 0xb9, 0x87, 0x7f, 0xf5, 0x10, 0x00, 0x00, 0x05, 0x00, 0x00, 0x00, 0x00,
    0x00, 0x00, 0x00, 0x1f, 0xf3, 0x00, 0x00, 0x00, 0x0e, 0xe3, 0x00, 0x00, 0x00, 0x00, 0x00, 0x00,
    0x0f, 0xf6, 0x00, 0x00, 0x00, 0x4f, 0xf1, 0x00, 0x00, 0x00, 0x00, 0x00, 0x00, 0x0c, 0xff, 0xfe,
    0xee, 0xee, 0xff, 0xb0, 0x00, 0x00, 0x00, 0x00, 0x00, 0x00, 0x03, 0xbe, 0xff, 0xff, 0xff, 0xeb,
    0x20, 0x00, 0x00, 0x00, 0x00, 0x00, 0x00, 0x00, 0x00, 0x00, 0x00, 0x00, 0x00, 0x00, 0x00, 0x00,
    0x00, 0x00, 0x00, 0x00, 0x00, 0x00, 0x00, 0x00, 0x00, 0x00, 0x00, 0x00, 0x00, 0x00, 0x0a, 0x82,
    0x00, 0x00, 0x00, 0x3a, 0x60, 0x00, 0x00, 0x00, 0x00, 0x00, 0x00, 0x5f, 0xf3, 0x00, 0x00, 0x00,
    0xbf, 0xb0, 0x00, 0x00, 0x00, 0x00, 0x00, 0x00, 0xdf, 0xfd, 0xdd, 0xdd, 0x94, 0xff, 0xed, 0xdd,
    0xdd, 0xda, 0x00, 0x00, 0x07, 0xff, 0xff, 0xff, 0xff, 0xcd, 0xff, 0xff, 0xff, 0xff, 0xfb, 0x00,
    0x00, 0x4f, 0xf8, 0x6f, 0xd0, 0x00, 0xbf, 0xe2, 0x1e, 0xf5, 0x00, 0x00, 0x00, 0x02, 0xef, 0xd1,
    0x1e, 0xf3, 0x05, 0xff, 0x70, 0x07, 0xfd, 0x00, 0x00, 0x00, 0x01, 0xaf, 0x40, 0x0b, 0xc3, 0x02,
    0xef, 0x20, 0x01, 0xeb, 0x10, 0x00, 0x00, 0x00, 0x04, 0x00, 0x01, 0x00, 0x03, 0xff, 0x20, 0x00,
    0x20, 0x00, 0x00, 0x00, 0x00, 0x00, 0x7f, 0xff, 0xff, 0xff, 0xff, 0xff, 0xff, 0xff, 0xfb, 0x00,
    0x00, 0x00, 0x00, 0x7e, 0xee, 0xee, 0xee, 0xff, 0xee, 0xee, 0xee, 0xea, 0x00, 0x00, 0x00, 0x00,
    0x00, 0x00, 0x00, 0x03, 0xff, 0x20, 0x00, 0x00, 0x00, 0x00, 0x00, 0x00, 0x00, 0x00, 0x00, 0x00,
    0x03, 0xff, 0x20, 0x00, 0x00, 0x00, 0x00, 0x00, 0x00, 0xef, 0xff, 0xff, 0xff, 0xff, 0xff, 0xff,
    0xff, 0xff, 0xff, 0xff, 0x00, 0x00, 0xdf, 0xff, 0xff, 0xff, 0xff, 0xff, 0xff, 0xff, 0xff, 0xff,
    0xfe, 0x00, 0x00, 0x00, 0x00, 0x00, 0x00, 0x00, 0x00, 0x00, 0x6f, 0xf0, 0x00, 0x00, 0x00, 0x00,
    0x00, 0x00, 0x00, 0x00, 0x00, 0x00, 0x00, 0x6f, 0xf0, 0x00, 0x00, 0x00, 0x00, 0x1f, 0xff, 0xff,
    0xff, 0xff, 0xff, 0xff, 0xff, 0xff, 0xff, 0xf4, 0x00, 0x00, 0x1f, 0xff, 0xff, 0xff, 0xff, 0xff,
    0xff, 0xff, 0xff, 0xff, 0xf4, 0x00, 0x00, 0x00, 0x00, 0x4e, 0xd4, 0x00, 0x00, 0x00, 0x6f, 0xf0,
    0x00, 0x00, 0x00, 0x00, 0x00, 0x00, 0x1a, 0xff, 0x80, 0x00, 0x00, 0x6f, 0xf0, 0x00, 0x00, 0x00,
    0x00, 0x00, 0x00, 0x00, 0x6f, 0xf9, 0x00, 0x00, 0x6f, 0xe0, 0x00, 0x00, 0x00, 0x00, 0x00, 0x00,
    0x00, 0x05, 0xb1, 0x1e, 0xee, 0xff, 0xc0, 0x00, 0x00, 0x00, 0x00, 0x00, 0x00, 0x00, 0x00, 0x00,
    0x09, 0xff, 0xfc, 0x30, 0x00, 0x00, 0x00, 0x00, 0x00, 0x00, 0x00, 0x00, 0x00, 0x01, 0x21, 0x00,
    0x00, 0x00, 0x00, 0x00, 0x00, 0x00, 0x00, 0x00, 0x00, 0x00, 0x00, 0x00, 0x00, 0x00, 0x00, 0x00,
    0x00, 0x00, 0x00, 0x00, 0x00, 0x00, 0x00, 0x00, 0x00, 0x00, 0x00, 0x00, 0x00, 0x00, 0x00, 0x00,
    0x05, 0x84, 0x00, 0x00, 0x00, 0x03, 0x75, 0x00, 0x00, 0x00, 0x00, 0x00, 0x00, 0x0a, 0xf7, 0x00,
    0x00, 0x00, 0x08, 0xfb, 0x00, 0x00, 0x00, 0x00, 0x00, 0x89, 0x0a, 0xf7, 0x0c, 0xa0, 0x00, 0x04,
    0xff, 0x10, 0x00, 0x00, 0x00, 0x00, 0xaf, 0x1a, 0xf7, 0x2f, 0xb0, 0x00, 0x00, 0xef, 0x50, 0x00,
    0x00, 0x00, 0x00, 0x5f, 0x5a, 0xf7, 0x5f, 0x62, 0x22, 0x22, 0xa9, 0x42, 0x22, 0x21, 0x00, 0x00,
    0x2f, 0x9a, 0xf7, 0x9f, 0x1c, 0xff, 0xff, 0xff, 0xff, 0xff, 0xf6, 0x00, 0x00, 0x0e, 0xba, 0xf7,
    0xdb, 0x0c, 0xff, 0xff, 0xff, 0xff, 0xff, 0xf6, 0x00, 0x00, 0x0b, 0xaa, 0xf9, 0xd5, 0x00, 0x00,
    0x00, 0x00, 0x00, 0x00, 0x00, 0x00, 0x00, 0x22, 0x2a, 0xf8, 0x22, 0x10, 0x26, 0x30, 0x00, 0x01,
    0xa7, 0x10, 0x00, 0x00, 0xff, 0xff, 0xff, 0xff, 0xa0, 0x7f, 0x90, 0x00, 0x03, 0xff, 0x10, 0x00,
    0x00, 0xff, 0xff, 0xff, 0xff, 0xa0, 0x4f, 0xc0, 0x00, 0x05, 0xfd, 0x00, 0x00, 0x00, 0x00, 0x3f,
    0xf7, 0x00, 0x00, 0x1f, 0xf0, 0x00, 0x07, 0xfa, 0x00, 0x00, 0x00, 0x00, 0x9f, 0xfe, 0x30, 0x00,
    0x0d, 0xf3, 0x00, 0x0a, 0xf7, 0x00, 0x00, 0x00, 0x01, 0xef, 0xff, 0xd1, 0x00, 0x0b, 0xf6, 0x00,
    0x0c, 0xf5, 0x00, 0x00, 0x00, 0x06, 0xff, 0xfd, 0xfc, 0x00, 0x08, 0xf9, 0x00, 0x0f, 0xf2, 0x00,
    0x00, 0x00, 0x0d, 0xeb, 0xf7, 0xcf, 0x80, 0x05, 0xfb, 0x00, 0x3f, 0xe0, 0x00, 0x00, 0x00, 0x6f,
    0x9a, 0xf7, 0x4f, 0x40, 0x03, 0xfe, 0x00, 0x6f, 0xa0, 0x00, 0x00, 0x01, 0xef, 0x3a, 0xf7, 0x03,
    0x00, 0x01, 0xff, 0x10, 0x9f, 0x70, 0x00, 0x00, 0x02, 0xfb, 0x0a, 0xf7, 0x00, 0x00, 0x00, 0xfe,
    0x20, 0xcf, 0x30, 0x00, 0x00, 0x00, 0x93, 0x0a, 0xf7, 0x00, 0x00, 0x00, 0x41, 0x01, 0xfe, 0x00,
    0x00, 0x00, 0x00, 0x10, 0x0a, 0xf7, 0x00, 0xbf, 0xff, 0xff, 0xff, 0xff, 0xff, 0xff, 0x10, 0x00,
    0x00, 0x0a, 0xf7, 0x00, 0xbf, 0xff, 0xff, 0xff, 0xff, 0xff, 0xff, 0x10, 0x00, 0x00, 0x0a, 0xf7,
    0x00, 0x33, 0x33, 0x33, 0x33, 0x33, 0x33, 0x33, 0x00, 0x00, 0x00, 0x04, 0x53, 0x00, 0x00, 0x00,
    0x00, 0x00, 0x00, 0x00, 0x00, 0x00, 0x00, 0x00, 0x00, 0x00, 0x00, 0x00, 0x00, 0x00, 0x00, 0x00,
    0x00, 0x00, 0x00, 0x00, 0x00, 0x00, 0x00, 0x00, 0x00, 0x00, 0x00, 0x00, 0x00, 0x00, 0x00, 0x00,
    0x00, 0x00, 0x00, 0x00, 0x00, 0x01, 0x77, 0x10, 0x00, 0x00, 0x00, 0x00, 0x00, 0x00, 0x00, 0x00,
    0x00, 0x00, 0x03, 0xff, 0x30, 0x00, 0x00, 0x00, 0x00, 0x00, 0x00, 0x00, 0x00, 0x00, 0x00, 0x03,
    0xff, 0x30, 0x00, 0x00, 0x00, 0x00, 0x00, 0x00, 0x3f, 0xff, 0xff, 0xff, 0xff, 0xff, 0xff, 0xff,
    0xff, 0xff, 0xf3, 0x00, 0x00, 0x3f, 0xff, 0xff, 0xff, 0xff, 0xff, 0xff, 0xff, 0xff, 0xff, 0xf3,
    0x00, 0x00, 0x00, 0x00, 0x00, 0x00, 0x03, 0xff, 0x30, 0x00, 0x00, 0x00, 0x00, 0x00, 0x00, 0x00,
    0x00, 0x00, 0x00, 0x03, 0xff, 0x30, 0x00, 0x00, 0x00, 0x00, 0x00, 0x00, 0x8f, 0xff, 0xff, 0xff,
    0xff, 0xff, 0xff, 0xff, 0xff, 0xff, 0xf9, 0x00, 0x00, 0x8f, 0xfe, 0xee, 0xee, 0xef, 0xfe, 0xee,
    0xee, 0xee, 0xef, 0xf9, 0x00, 0x00, 0x8f, 0x80, 0x00, 0x04, 0xcf, 0xc2, 0x00, 0x11, 0x00, 0x09,
    0xf9, 0x00, 0x00, 0x8f, 0x80, 0x04, 0xbf, 0xc5, 0x00, 0x17, 0xee, 0x40, 0x09, 0xf9, 0x00, 0x00,
    0x00, 0x07, 0xdf, 0xfb, 0x77, 0x89, 0xef, 0xe7, 0x10, 0x00, 0x00, 0x00, 0x00, 0x00, 0x09, 0xff,
    0xff, 0xff, 0xff, 0xf8, 0x13, 0x90, 0x00, 0x00, 0x00, 0x00, 0x00, 0x03, 0x64, 0x39, 0xef, 0xf9,
    0x20, 0x0d, 0xfa, 0x00, 0x00, 0x00, 0x00, 0x00, 0x00, 0x18, 0xef, 0xfa, 0x30, 0x00, 0x03, 0xef,
    0xa0, 0x00, 0x00, 0x00, 0x02, 0x6a, 0xff, 0xfe, 0x75, 0x56, 0x78, 0x9a, 0xdf, 0xf9, 0x00, 0x00,
    0x00, 0x06, 0xff, 0xff, 0xff, 0xff, 0xff, 0xff, 0xff, 0xed, 0xff, 0x70, 0x00, 0x00, 0x02, 0xa8,
    0x65, 0x43, 0x21, 0xbf, 0x91, 0x10, 0x00, 0x5f, 0xe1, 0x00, 0x00, 0x00, 0x00, 0x1a, 0x93, 0x00,
    0xbf, 0x70, 0x4c, 0x92, 0x04, 0x10, 0x00, 0x00, 0x00, 0x05, 0xef, 0xc2, 0x00, 0xbf, 0x70, 0x4d,
    0xff, 0x81, 0x00, 0x00, 0x00, 0x05, 0xcf, 0xf9, 0x00, 0x00, 0xbf, 0x70, 0x00, 0x7e, 0xfe, 0x60,
    0x00, 0x00, 0x5f, 0xfd, 0x40, 0x2f, 0xff, 0xff, 0x50, 0x00, 0x01, 0xbf, 0xf5, 0x00, 0x00, 0x05,
    0x70, 0x00, 0x0b, 0xff, 0xd9, 0x00, 0x00, 0x00, 0x07, 0x40, 0x00, 0x00, 0x00, 0x00, 0x00, 0x01,
    0x10, 0x00, 0x00, 0x00, 0x00, 0x00, 0x00, 0x00, 0x00, 0x00, 0x00, 0x00, 0x00, 0x00, 0x00, 0x00,
    0x00, 0x00, 0x00, 0x00, 0x00, 0x00, 0x00, 0x00, 0x00, 0x00, 0x00, 0x00, 0x00, 0x00, 0x00, 0x00,
    0x00, 0x00, 0x00, 0x00, 0x00, 0x40, 0x00, 0x00, 0x00, 0x99, 0x30, 0x00, 0x00, 0x00, 0x00, 0x00,
    0x00, 0x02, 0xfd, 0x30, 0x00, 0x02, 0xff, 0x40, 0x00, 0x00, 0x00, 0x00, 0x00, 0x00, 0x07, 0xfe,
    0x10, 0x00, 0x0a, 0xfd, 0x11, 0x11, 0x11, 0x00, 0x00, 0x00, 0x00, 0x0d, 0xf8, 0x00, 0x00, 0x2f,
    0xff, 0xff, 0xff, 0xff, 0xc1, 0x00, 0x00, 0x00, 0x5f, 0xf2, 0x00, 0x00, 0xcf, 0xff, 0xff, 0xff,
    0xff, 0xc0, 0x00, 0x00, 0x00, 0xdf, 0x80, 0x10, 0x0a, 0xff, 0xa0, 0x00, 0x02, 0xef, 0x40, 0x00,
    0x00, 0x06, 0xfd, 0x10, 0xb9, 0x7f, 0xff, 0xf4, 0x00, 0x1c, 0xfa, 0x00, 0x00, 0x00, 0x2e, 0xf5,
    0x05, 0xff, 0xef, 0xa6, 0xfe, 0x31, 0xbf, 0xd1, 0x00, 0x00, 0x02, 0xcf, 0xe8, 0xae, 0xfa, 0x4b,
    0x00, 0x8f, 0xec, 0xfe, 0x20, 0x00, 0x00, 0x02, 0xff, 0xff, 0xff, 0xe2, 0x00, 0x00, 0x0c, 0xff,
    0xf3, 0x00, 0x00, 0x00, 0x00, 0xbb, 0x89, 0xff, 0x60, 0x00, 0x03, 0xbf, 0xff, 0xfc, 0x40, 0x00,
    0x00, 0x00, 0x00, 0x1d, 0xfa, 0x00, 0x15, 0xaf, 0xff, 0x96, 0xef, 0xfc, 0x61, 0x00, 0x00, 0x00,
    0xaf, 0xc1, 0x01, 0xef, 0xff, 0xc3, 0x00, 0x19, 0xff, 0xff, 0x10, 0x00, 0x08, 0xff, 0x89, 0xdd,
    0xaf, 0xb5, 0x00, 0x00, 0x00, 0x28, 0xea, 0x00, 0x00, 0x9f, 0xff, 0xff, 0xfd, 0x22, 0xff, 0xff,
    0xff, 0xff, 0xff, 0x72, 0x00, 0x00, 0xdf, 0xfe, 0xb7, 0x30, 0x00, 0xff, 0xff, 0xff, 0xff, 0xff,
    0x60, 0x00, 0x00, 0x89, 0x40, 0x00, 0x00, 0x00, 0xff, 0x10, 0x00, 0x00, 0xbf, 0x60, 0x00, 0x00,
    0x00, 0x00, 0x00, 0x16, 0x10, 0xff, 0x10, 0x00, 0x00, 0xbf, 0x60, 0x00, 0x00, 0x00, 0x01, 0x6b,
    0xff, 0x30, 0xff, 0x10, 0x00, 0x00, 0xbf, 0x60, 0x00, 0x00, 0x27, 0xbf, 0xff, 0xfd, 0x30, 0xff,
    0x10, 0x00, 0x00, 0xbf, 0x60, 0x00, 0x01, 0xff, 0xff, 0xd8, 0x30, 0x00, 0xff, 0xff, 0xff, 0xff,
    0xff, 0x60, 0x00, 0x00, 0xce, 0x94, 0x00, 0x00, 0x00, 0xff, 0xff, 0xff, 0xff, 0xff, 0x60, 0x00,
    0x00, 0x20, 0x00, 0x00, 0x00, 0x00, 0xff, 0x10, 0x00, 0x00, 0xcf, 0x60, 0x00, 0x00, 0x00, 0x00,
    0x00, 0x00, 0x00, 0x55, 0x00, 0x00, 0x00, 0x45, 0x20, 0x00, 0x00, 0x00, 0x00, 0x00, 0x00, 0x00,
    0x00, 0x00, 0x00, 0x00, 0x00, 0x00, 0x00, 0x00, 0x00, 0x00, 0x00, 0x00, 0x00, 0x00, 0x00, 0x00,
    0x00, 0x00, 0x00, 0x00, 0x00, 0x00, 0x02, 0x71, 0x00, 0x00, 0x00, 0x00, 0x03, 0x63, 0x00, 0x00,
    0x00, 0x00, 0x00, 0x07, 0xfd, 0x00, 0x2a, 0x80, 0x00, 0x07, 0xf7, 0x00, 0x00, 0x00, 0x00, 0x00,
    0x0d, 0xf8, 0x00, 0x3f, 0xc1, 0x94, 0x07, 0xf7, 0x05, 0xa3, 0x00, 0x00, 0x00, 0x4f, 0xf2, 0x00,
    0x3f, 0xc0, 0xea, 0x07, 0xf7, 0x0b, 0xf2, 0x00, 0x00, 0x00, 0x9f, 0xa0, 0x00, 0x3f, 0xc0, 0xae,
    0x17, 0xf7, 0x1e, 0xb0, 0x00, 0x00, 0x02, 0xff, 0x30, 0x30, 0x3f, 0xc0, 0x6f, 0x47, 0xf7, 0x6f,
    0x40, 0x00, 0x00, 0x09, 0xf9, 0x01, 0xec, 0x5f, 0xc0, 0x2f, 0x77, 0xf7, 0xac, 0x00, 0x00, 0x00,
    0x3f, 0xe1, 0x08, 0xfd, 0x4f, 0xc0, 0x01, 0x07, 0xf7, 0x01, 0x00, 0x00, 0x02, 0xdf, 0xc9, 0xae,
    0xf4, 0x3f, 0xc8, 0xee, 0xee, 0xfe, 0xee, 0xeb, 0x00, 0x01, 0xef, 0xff, 0xff, 0x90, 0x3f, 0xc9,
    0xff, 0xff, 0xff, 0xff, 0xfc, 0x00, 0x00, 0x88, 0x59, 0xfe, 0x10, 0x3f, 0xc0, 0x00, 0x5f, 0xfe,
    0x20, 0x00, 0x00, 0x00, 0x00, 0x2e, 0xf4, 0x00, 0x3f, 0xc0, 0x00, 0xcf, 0xff, 0xd1, 0x00, 0x00,
    0x00, 0x00, 0xbf, 0x80, 0x00, 0x3f, 0xc0, 0x05, 0xfd, 0xfb, 0xfa, 0x00, 0x00, 0x00, 0x09, 0xfd,
    0x57, 0xaa, 0x3f, 0xc0, 0x1d, 0xe7, 0xf7, 0xaf, 0x70, 0x00, 0x00, 0x9f, 0xff, 0xff, 0xfc, 0x3f,
    0xc0, 0xaf, 0x67, 0xf7, 0x1e, 0xf4, 0x00, 0x00, 0xdf, 0xfe, 0xb8, 0x41, 0x3f, 0xc7, 0xfc, 0x07,
    0xf7, 0x05, 0xf8, 0x00, 0x00, 0x66, 0x20, 0x00, 0x00, 0x3f, 0xc3, 0xe2, 0x07, 0xf7, 0x00, 0x70,
    0x00, 0x00, 0x00, 0x00, 0x00, 0x02, 0x3f, 0xc0, 0x20, 0x07, 0xf7, 0x00, 0x00, 0x00, 0x00, 0x00,
    0x14, 0x7b, 0xee, 0x4f, 0xc0, 0x00, 0x07, 0xf7, 0x00, 0x00, 0x00, 0x01, 0x9c, 0xff, 0xff, 0xfc,
    0x4f, 0xc0, 0x00, 0x02, 0x32, 0x00, 0x00, 0x00, 0x00, 0xef, 0xfd, 0x95, 0x10, 0x3f, 0xff, 0xff,
    0xff, 0xff, 0xff, 0xff, 0x00, 0x00, 0x65, 0x10, 0x00, 0x00, 0x3f, 0xff, 0xff, 0xff, 0xff, 0xff,
    0xff, 0x00, 0x00, 0x00, 0x00, 0x00, 0x00, 0x00, 0x00, 0x00, 0x00, 0x00, 0x00, 0x00, 0x00, 0x00,
    0x00, 0x00, 0x00, 0x00, 0x00, 0x00, 0x00, 0x00, 0x00, 0x00, 0x00, 0x00, 0x00, 0x00, 0x00, 0x71,
    0x00, 0x00, 0x00, 0x0a, 0xa1, 0x00, 0x00, 0x00, 0x00, 0x00, 0x00, 0x04, 0xfe, 0x10, 0x00, 0x00,
    0x0f, 0xf2, 0x00, 0x03, 0x30, 0x00, 0x00, 0x00, 0x0a, 0xf9, 0x00, 0x00, 0x00, 0x0f, 0xf2, 0x00,
    0x0d, 0xf7, 0x00, 0x00, 0x00, 0x2f, 0xf2, 0x00, 0x0b, 0xff, 0xff, 0xff, 0xff, 0x9f, 0xe1, 0x00,
    0x00, 0x00, 0x8f, 0xa0, 0x00, 0x0b, 0xff, 0xff, 0xff, 0xff, 0xff, 0x70, 0x00, 0x00, 0x01, 0xef,
    0x30, 0x32, 0x00, 0x00, 0x0f, 0xf2, 0x0b, 0xfd, 0x00, 0x00, 0x00, 0x07, 0xf9, 0x00, 0xce, 0x30,
    0x00, 0x0f, 0xf2, 0x6f, 0xf4, 0x00, 0x00, 0x00, 0x2e, 0xe2, 0x05, 0xfe, 0x10, 0x00, 0x0f, 0xf4,
    0xef, 0x90, 0x00, 0x00, 0x01, 0xcf, 0xc8, 0xad, 0xf5, 0xef, 0xff, 0xff, 0xff, 0xff, 0xff, 0xff,
    0x20, 0x01, 0xef, 0xff, 0xff, 0xb0, 0xef, 0xff, 0xff, 0xff, 0xff, 0xff, 0xff, 0x20, 0x00, 0x88,
    0x67, 0xfe, 0x20, 0x11, 0x11, 0x5e, 0xfd, 0x21, 0x11, 0x11, 0x00, 0x00, 0x00, 0x1d, 0xf5, 0x00,
    0x00, 0x08, 0xff, 0xc1, 0x00, 0x00, 0x00, 0x00, 0x00, 0x00, 0xaf, 0x90, 0x00, 0x04, 0xcf, 0xff,
    0xed, 0xdd, 0xdd, 0xb0, 0x00, 0x00, 0x08, 0xfe, 0x69, 0xb9, 0xbf, 0xff, 0xff, 0xff, 0xff, 0xff,
    0xc0, 0x00, 0x00, 0x9f, 0xff, 0xff, 0xf9, 0xef, 0xdf, 0xe0, 0x00, 0x00, 0x6f, 0xc0, 0x00, 0x00,
    0xcf, 0xfd, 0xa7, 0x40, 0x66, 0x3f, 0xe0, 0x00, 0x00, 0x6f, 0xc0, 0x00, 0x00, 0x56, 0x20, 0x00,
    0x00, 0x00, 0x3f, 0xfb, 0xbb, 0xbb, 0xdf, 0xc0, 0x00, 0x00, 0x00, 0x00, 0x00, 0x01, 0x10, 0x3f,
    0xff, 0xff, 0xff, 0xff, 0xc0, 0x00, 0x00, 0x00, 0x00, 0x27, 0xcf, 0x50, 0x3f, 0xe0, 0x00, 0x00,
    0x6f, 0xc0, 0x00, 0x00, 0x04, 0x8d, 0xff, 0xff, 0x60, 0x3f, 0xe0, 0x00, 0x00, 0x6f, 0xc0, 0x00,
    0x00, 0xef, 0xff, 0xff, 0xd9, 0x30, 0x3f, 0xe0, 0x00, 0x00, 0x6f, 0xc0, 0x00, 0x00, 0xcf, 0xfc,
    0x73, 0x00, 0x00, 0x3f, 0xff, 0xff, 0xff, 0xff, 0xc0, 0x00, 0x00, 0x65, 0x10, 0x00, 0x00, 0x00,
    0x3f, 0xfe, 0xee, 0xee, 0xef, 0xc0, 0x00, 0x00, 0x00, 0x00, 0x00, 0x00, 0x00, 0x2b, 0xa0, 0x00,
    0x00, 0x49, 0x80, 0x00, 0x00, 0x00, 0x00, 0x00, 0x00, 0x00, 0x00, 0x00, 0x00, 0x00, 0x00, 0x00,
    0x00, 0x00, 0x00, 0x00, 0x00, 0x00, 0x00, 0x00, 0x00, 0x00, 0x00, 0x00, 0x00, 0x00, 0x00, 0x00,
    0x00, 0x51, 0x00, 0x00, 0x00, 0x02, 0x76, 0x00, 0x00, 0x00, 0x00, 0x00, 0x00, 0x02, 0xfe, 0x10,
    0x00, 0x00, 0x04, 0xfe, 0x00, 0x00, 0x00, 0x00, 0x00, 0x00, 0x08, 0xfb, 0x00, 0x00, 0x00, 0x04,
    0xfe, 0x00, 0x00, 0x00, 0x00, 0x00, 0x00, 0x0e, 0xf4, 0x00, 0x08, 0xff, 0xff, 0xff, 0xff, 0xff,
    0x50, 0x00, 0x00, 0x00, 0x5f, 0xc0, 0x00, 0x07, 0xee, 0xee, 0xff, 0xee, 0xee, 0x50, 0x00, 0x00,
    0x00, 0xcf, 0x50, 0x20, 0x00, 0x00, 0x04, 0xfe, 0x00, 0x00, 0x00, 0x00, 0x00, 0x05, 0xfb, 0x02,
    0xf9, 0x6e, 0xee, 0xee, 0xff, 0xee, 0xee, 0xe6, 0x00, 0x00, 0x1d, 0xf3, 0x09, 0xfa, 0x6f, 0xff,
    0xff, 0xff, 0xff, 0xff, 0xf5, 0x00, 0x00, 0x9f, 0xd7, 0x8f, 0xe2, 0x00, 0x01, 0x00, 0x00, 0x00,
    0x1f, 0xf1, 0x00, 0x01, 0xff, 0xff, 0xff, 0x80, 0x00, 0x6f, 0x70, 0x6a, 0x40, 0x4f, 0xa0, 0x00,
    0x00, 0xab, 0x9a, 0xfd, 0x10, 0x00, 0x2b, 0xfa, 0xbf, 0x60, 0x9f, 0x50, 0x00, 0x00, 0x00, 0x1d,
    0xf4, 0x00, 0x1c, 0x50, 0x9a, 0xaf, 0x60, 0x03, 0x00, 0x00, 0x00, 0x00, 0x8f, 0x90, 0x01, 0x3d,
    0xfa, 0x00, 0xbf, 0x60, 0x00, 0x00, 0x00, 0x00, 0x04, 0xfe, 0x7a, 0xe6, 0x01, 0xaf, 0x50, 0xcf,
    0x50, 0x00, 0x00, 0x00, 0x00, 0x3e, 0xff, 0xff, 0xf7, 0x00, 0x06, 0x00, 0xdf, 0x40, 0x00, 0x00,
    0x00, 0x00, 0xdf, 0xfe, 0xa6, 0x20, 0xdf, 0xff, 0xff, 0xff, 0xff, 0xff, 0xf8, 0x00, 0x00, 0x89,
    0x40, 0x00, 0x00, 0xdf, 0xff, 0xff, 0xff, 0xff, 0xff, 0xf8, 0x00, 0x00, 0x00, 0x00, 0x16, 0xc7,
    0x00, 0x00, 0x1e, 0xf6, 0x21, 0x00, 0x00, 0x00, 0x00, 0x00, 0x39, 0xef, 0xfa, 0x00, 0x00, 0xbf,
    0xe3, 0xed, 0x30, 0x00, 0x00, 0x00, 0x8d, 0xff, 0xfc, 0x61, 0x00, 0x0a, 0xff, 0x41, 0xaf, 0xe5,
    0x00, 0x00, 0x00, 0xef, 0xfa, 0x40, 0x00, 0x02, 0xcf, 0xf7, 0x00, 0x08, 0xff, 0x70, 0x00, 0x00,
    0x98, 0x20, 0x00, 0x01, 0x9f, 0xff, 0x50, 0x00, 0x00, 0x6f, 0xf8, 0x00, 0x00, 0x00, 0x00, 0x00,
    0x01, 0xdf, 0xb3, 0x00, 0x00, 0x00, 0x06, 0xfa, 0x00, 0x00, 0x00, 0x00, 0x00, 0x00, 0x35, 0x00,
    0x00, 0x00, 0x00, 0x00, 0x50, 0x00, 0x00, 0x00, 0x00, 0x00, 0x00, 0x00, 0x00, 0x00, 0x00, 0x00,
    0x00, 0x00, 0x00, 0x00, 0x00, 0x00, 0x00, 0x00, 0x00, 0x00, 0x00, 0x00, 0x00, 0x00, 0x00, 0x00,
    0x00, 0x02, 0x22, 0x22, 0x22, 0x22, 0x22, 0x22, 0x22, 0x22, 0x22, 0x20, 0x00, 0x00, 0x0f, 0xff,
    0xff, 0xff, 0xff, 0xff, 0xff, 0xff, 0xff, 0xff, 0xf1, 0x00, 0x00, 0x0f, 0xff, 0xff, 0xff, 0xff,
    0xff, 0xff, 0xff, 0xff, 0xff, 0xf1, 0x00, 0x00, 0x0f, 0xf4, 0x00, 0x00, 0x00, 0x00, 0x00, 0x00,
    0x00, 0x3f, 0xf1, 0x00, 0x00, 0x0f, 0xf4, 0x00, 0x00, 0x57, 0x20, 0x00, 0x07, 0x61, 0x3f, 0xf1,
    0x00, 0x00, 0x0f, 0xf4, 0x00, 0x00, 0xcf, 0x40, 0x00, 0x1f, 0xf1, 0x3f, 0xf1, 0x00, 0x00, 0x0f,
    0xf4, 0x84, 0x00, 0xef, 0x28, 0x30, 0x4f, 0xd0, 0x3f, 0xf1, 0x00, 0x00, 0x0f, 0xf7, 0xfe, 0x22,
    0xfe, 0x5f, 0xd1, 0x6f, 0xb0, 0x3f, 0xf1, 0x00, 0x00, 0x0f, 0xf4, 0x9f, 0xd6, 0xfb, 0x0b, 0xfb,
    0x9f, 0x80, 0x3f, 0xf1, 0x00, 0x00, 0x0f, 0xf4, 0x0c, 0xfe, 0xf8, 0x01, 0xef, 0xff, 0x40, 0x3f,
    0xf1, 0x00, 0x00, 0x0f, 0xf4, 0x02, 0xef, 0xf4, 0x00, 0x4f, 0xff, 0x10, 0x3f, 0xf1, 0x00, 0x00,
    0x0f, 0xf4, 0x00, 0x5f, 0xf3, 0x00, 0x09, 0xfe, 0x00, 0x3f, 0xf1, 0x00, 0x00, 0x0f, 0xf4, 0x00,
    0x8f, 0xfc, 0x00, 0x0b, 0xff, 0x70, 0x3f, 0xf1, 0x00, 0x00, 0x0f, 0xf4, 0x00, 0xef, 0xef, 0x80,
    0x3f, 0xff, 0xe2, 0x3f, 0xf1, 0x00, 0x00, 0x0f, 0xf4, 0x06, 0xfd, 0x4f, 0xf2, 0x9f, 0xaa, 0xf9,
    0x3f, 0xf1, 0x00, 0x00, 0x0f, 0xf4, 0x1d, 0xf6, 0x0a, 0xa2, 0xff, 0x32, 0xff, 0x4f, 0xf1, 0x00,
    0x00, 0x0f, 0xf4, 0xaf, 0xd0, 0x01, 0x1c, 0xfa, 0x00, 0x95, 0x3f, 0xf1, 0x00, 0x00, 0x0f, 0xfa,
    0xff, 0x40, 0x00, 0xaf, 0xe2, 0x00, 0x00, 0x3f, 0xf1, 0x00, 0x00, 0x0f, 0xf9, 0xe8, 0x00, 0x01,
    0xcf, 0x50, 0x00, 0x00, 0x3f, 0xf1, 0x00, 0x00, 0x0f, 0xf4, 0x20, 0x00, 0x00, 0x05, 0x00, 0x00,
    0x00, 0x4f, 0xf1, 0x00, 0x00, 0x0f, 0xf4, 0x00, 0x00, 0x00, 0x00, 0x00, 0x5e, 0xee, 0xff, 0xd0,
    0x00, 0x00, 0x0f, 0xf4, 0x00, 0x00, 0x00, 0x00, 0x00, 0x1e, 0xff, 0xfe, 0x50, 0x00, 0x00, 0x04,
    0x41, 0x00, 0x00, 0x00, 0x00, 0x00, 0x03, 0x44, 0x20, 0x00, 0x00, 0x00, 0x00, 0x00, 0x00, 0x00,
    0x00, 0x00, 0x00, 0x00, 0x00, 0x00, 0x00, 0x00, 0x00, 0x00, 0x00, 0x00, 0x00, 0x00, 0x00, 0x00,
    0x00, 0x00, 0x00, 0x00, 0x00, 0x00, 0x03, 0x88, 0x88, 0x88, 0x88, 0x88, 0x88, 0x88, 0x88, 0x88,
    0x40, 0x00, 0x00, 0x05, 0xff, 0xff, 0xff, 0xff, 0xff, 0xff, 0xff, 0xff, 0xff, 0x80, 0x00, 0x00,
    0x05, 0xfd, 0x00, 0x0c, 0xf4, 0x00, 0x5f, 0xb0, 0x00, 0xbf, 0x80, 0x00, 0x00, 0x05, 0xfd, 0x00,
    0x0c, 0xf4, 0x00, 0x5f, 0xb0, 0x00, 0xbf, 0x80, 0x00, 0x00, 0x05, 0xff, 0xff, 0xff, 0xff, 0xff,
    0xff, 0xff, 0xff, 0xff, 0x80, 0x00, 0x00, 0x03, 0x99, 0x99, 0x99, 0x9b, 0xff, 0x99, 0x99, 0x99,
    0x99, 0x50, 0x00, 0x00, 0x00, 0x00, 0x00, 0x00, 0x06, 0xfd, 0x00, 0x00, 0x00, 0x00, 0x00, 0x00,
    0x00, 0x6f, 0xff, 0xff, 0xff, 0xff, 0xff, 0xff, 0xff, 0xff, 0xff, 0xf2, 0x00, 0x00, 0x4b, 0xbb,
    0xbb, 0xbb, 0xbe, 0xfd, 0xbb, 0xbb, 0xbb, 0xbb, 0xb1, 0x00, 0x00, 0x00, 0x00, 0x00, 0x00, 0x0d,
    0xf5, 0x00, 0x00, 0x00, 0x00, 0x00, 0x00, 0x00, 0x00, 0x0a, 0xff, 0xff, 0xff, 0xff, 0xff, 0xff,
    0xff, 0x90, 0x00, 0x00, 0x00, 0x00, 0x0a, 0xfb, 0x77, 0x77, 0x77, 0x77, 0x77, 0xcf, 0x90, 0x00,
    0x00, 0x00, 0x00, 0x0a, 0xf9, 0x33, 0x33, 0x33, 0x33, 0x33, 0xbf, 0x90, 0x00, 0x00, 0x00, 0x00,
    0x0a, 0xff, 0xff, 0xff, 0xff, 0xff, 0xff, 0xff, 0x90, 0x00, 0x00, 0x00, 0x00, 0x0a, 0xf7, 0x00,
    0x00, 0x00, 0x00, 0x00, 0x9f, 0x90, 0x00, 0x00, 0x00, 0x00, 0x0a, 0xff, 0xff, 0xff, 0xff, 0xff,
    0xff, 0xff, 0x90, 0x00, 0x00, 0x00, 0x00, 0x0a, 0xf9, 0x33, 0x33, 0x33, 0x33, 0x33, 0xbf, 0x90,
    0x00, 0x00, 0x00, 0x00, 0x0a, 0xf9, 0x33, 0x33, 0x33, 0x33, 0x33, 0xbf, 0x90, 0x00, 0x00, 0x00,
    0x00, 0x0a, 0xff, 0xff, 0xff, 0xff, 0xff, 0xff, 0xff, 0x90, 0x00, 0x00, 0x00, 0x00, 0x0a, 0xf7,
    0x00, 0x00, 0x00, 0x00, 0x00, 0x9f, 0x90, 0x00, 0x00, 0x00, 0x7a, 0xad, 0xfc, 0xaa, 0xaa, 0xaa,
    0xaa, 0xaa, 0xdf, 0xda, 0xa7, 0x00, 0x00, 0xbf, 0xff, 0xff, 0xff, 0xff, 0xff, 0xff, 0xff, 0xff,
    0xff, 0xfb, 0x00, 0x00, 0x00, 0x00, 0x00, 0x00, 0x00, 0x00, 0x00, 0x00, 0x00, 0x00, 0x00, 0x00,
    0x00, 0x00, 0x00, 0x00, 0x00, 0x00, 0x00, 0x00, 0x00, 0x00, 0x00, 0x00, 0x00, 0x00, 0x00, 0x00,
    0x00, 0x00, 0x04, 0x86, 0x10, 0x00, 0x00, 0x00, 0x00, 0x00, 0x00, 0x00, 0x00, 0x00, 0x00, 0x0a,
    0xff, 0x10, 0x00, 0x00, 0x00, 0x00, 0x00, 0x00, 0x00, 0x00, 0x00, 0x00, 0x0d, 0xfa, 0x00, 0x00,
    0x00, 0x00, 0x00, 0x00, 0x00, 0x00, 0x13, 0x33, 0x33, 0x4f, 0xf6, 0x33, 0x33, 0x33, 0x32, 0x00,
    0x00, 0x00, 0x00, 0x4f, 0xff, 0xff, 0xff, 0xff, 0xff, 0xff, 0xff, 0xfa, 0x00, 0x00, 0x00, 0x00,
    0x4f, 0xff, 0xff, 0xff, 0xff, 0xff, 0xff, 0xff, 0xfa, 0x00, 0x00, 0x00, 0x00, 0x4f, 0xf0, 0x00,
    0x00, 0x00, 0x00, 0x00, 0x0b, 0xfa, 0x00, 0x00, 0x00, 0x00, 0x4f, 0xf0, 0x00, 0x00, 0x00, 0x00,
    0x00, 0x0b, 0xfa, 0x00, 0x00, 0x00, 0x00, 0x4f, 0xf0, 0x00, 0x00, 0x00, 0x00, 0x00, 0x0b, 0xfa,
    0x00, 0x00, 0x00, 0x00, 0x4f, 0xff, 0xff, 0xff, 0xff, 0xff, 0xff, 0xff, 0xfa, 0x00, 0x00, 0x00,
    0x00, 0x4f, 0xff, 0xff, 0xff, 0xff, 0xff, 0xff, 0xff, 0xfa, 0x00, 0x00, 0x00, 0x00, 0x4f, 0xf2,
    0x22, 0x22, 0x22, 0x22, 0x22, 0x2c, 0xfa, 0x00, 0x00, 0x00, 0x00, 0x4f, 0xf0, 0x00, 0x00, 0x00,
    0x00, 0x00, 0x0b, 0xfa, 0x00, 0x00, 0x00, 0x00, 0x4f, 0xf0, 0x00, 0x00, 0x00, 0x00, 0x00, 0x0b,
    0xfa, 0x00, 0x00, 0x00, 0x00, 0x4f, 0xf2, 0x22, 0x22, 0x22, 0x22, 0x22, 0x2c, 0xfa, 0x00, 0x00,
    0x00, 0x00, 0x4f, 0xff, 0xff, 0xff, 0xff, 0xff, 0xff, 0xff, 0xfa, 0x00, 0x00, 0x00, 0x00, 0x4f,
    0xff, 0xff, 0xff, 0xff, 0xff, 0xff, 0xff, 0xfa, 0x00, 0x00, 0x00, 0x00, 0x4f, 0xf0, 0x00, 0x00,
    0x00, 0x00, 0x00, 0x0b, 0xfa, 0x00, 0x00, 0x00, 0x00, 0x4f, 0xf0, 0x00, 0x00, 0x00, 0x00, 0x00,
    0x0b, 0xfa, 0x00, 0x00, 0x00, 0x00, 0x4f, 0xf0, 0x00, 0x00, 0x00, 0x00, 0x00, 0x0b, 0xfa, 0x00,
    0x00, 0x00, 0x00, 0x4f, 0xff, 0xff, 0xff, 0xff, 0xff, 0xff, 0xff, 0xfa, 0x00, 0x00, 0x00, 0x00,
    0x4f, 0xff, 0xff, 0xff, 0xff, 0xff, 0xff, 0xff, 0xfa, 0x00, 0x00, 0x00, 0x00, 0x4f, 0xf2, 0x22,
    0x22, 0x22, 0x22, 0x22, 0x2c, 0xfa, 0x00, 0x00, 0x00, 0x00, 0x29, 0x90, 0x00, 0x00, 0x00, 0x00,
    0x00, 0x05, 0x74, 0x00, 0x00, 0x00, 0x00, 0x00, 0x00, 0x00, 0x00, 0x00, 0x00, 0x00, 0x00, 0x00,
    0x00, 0x00, 0x00, 0x00, 0x00, 0x00, 0x00, 0x00, 0x00, 0x00, 0x00, 0x00, 0x00, 0x00, 0x00, 0x00,
    0x00, 0x00, 0x03, 0x88, 0x00, 0x00, 0x00, 0x88, 0x30, 0x00, 0x00, 0x00, 0x00, 0x00, 0x00, 0x05,
    0xfe, 0x00, 0x00, 0x00, 0xdf, 0x60, 0x00, 0x00, 0x00, 0x00, 0x9e, 0xee, 0xee, 0xff, 0xee, 0xee,
    0xee, 0xff, 0xee, 0xee, 0xea, 0x00, 0x00, 0xaf, 0xff, 0xff, 0xff, 0xff, 0xff, 0xff, 0xff, 0xff,
    0xff, 0xfb, 0x00, 0x00, 0x00, 0x00, 0x05, 0xfe, 0x00, 0x00, 0x00, 0xdf, 0x60, 0x00, 0x00, 0x00,
    0x00, 0x00, 0x00, 0x02, 0x77, 0x00, 0x00, 0x12, 0x89, 0x30, 0x00, 0x00, 0x00, 0x00, 0x00, 0x00,
    0x00, 0x7d, 0x80, 0x00, 0x7f, 0xb0, 0x00, 0x00, 0x00, 0x00, 0x00, 0x00, 0xff, 0x20, 0x8f, 0xa0,
    0x00, 0xcf, 0x80, 0x00, 0x00, 0x00, 0x00, 0x00, 0x00, 0xff, 0x20, 0x8f, 0xa0, 0x02, 0xff, 0xff,
    0xff, 0xff, 0xc0, 0x00, 0x00, 0x00, 0xff, 0x20, 0x8f, 0xa0, 0x08, 0xff, 0xee, 0xee, 0xee, 0xb0,
    0x00, 0x00, 0x00, 0xff, 0x20, 0x8f, 0xa0, 0x1e, 0xf6, 0x1a, 0xc0, 0x00, 0x00, 0x00, 0x00, 0x00,
    0xff, 0x20, 0x8f, 0xa0, 0xaf, 0xd0, 0x0c, 0xf9, 0x00, 0x00, 0x00, 0x00, 0x00, 0xff, 0x20, 0x8f,
    0xa2, 0xdf, 0x40, 0x02, 0xef, 0x40, 0x00, 0x00, 0x00, 0x00, 0xee, 0x20, 0x8f, 0xa0, 0x04, 0x00,
    0x00, 0x8f, 0xc0, 0x00, 0x00, 0x00, 0x00, 0x00, 0x00, 0x58, 0x50, 0x00, 0x00, 0x00, 0x1a, 0x20,
    0x00, 0x00, 0x00, 0x00, 0x4c, 0xcc, 0xcc, 0xcc, 0xcc, 0xcc, 0xcc, 0xcc, 0xc6, 0x00, 0x00, 0x00,
    0x00, 0x5f, 0xff, 0xff, 0xff, 0xff, 0xff, 0xff, 0xff, 0xf8, 0x00, 0x00, 0x00, 0x00, 0x5f, 0xc0,
    0x05, 0xf9, 0x00, 0x8f, 0x60, 0x0a, 0xf8, 0x00, 0x00, 0x00, 0x00, 0x5f, 0xc0, 0x05, 0xf9, 0x00,
    0x8f, 0x60, 0x0a, 0xf8, 0x00, 0x00, 0x00, 0x00, 0x5f, 0xc0, 0x05, 0xf9, 0x00, 0x8f, 0x60, 0x0a,
    0xf8, 0x00, 0x00, 0x00, 0x00, 0x5f, 0xc0, 0x05, 0xf9, 0x00, 0x8f, 0x60, 0x0a, 0xf8, 0x00, 0x00,
    0x00, 0xef, 0xff, 0xff, 0xff, 0xff, 0xff, 0xff, 0xff, 0xff, 0xff, 0xff, 0x00, 0x00, 0xee, 0xee,
    0xee, 0xee, 0xee, 0xee, 0xee, 0xee, 0xee, 0xee, 0xee, 0x00, 0x00, 0x00, 0x00, 0x00, 0x00, 0x00,
    0x00, 0x00, 0x00, 0x00, 0x00, 0x00, 0x00, 0x00, 0x00, 0x00, 0x00, 0x00, 0x00, 0x00, 0x00, 0x00,
    0x00, 0x00, 0x00, 0x00, 0x00, 0x00, 0x00, 0x57, 0x30, 0x00, 0x00, 0x00, 0x00, 0x00, 0x00, 0x00,
    0x00, 0x00, 0x00, 0x00, 0xbf, 0x50, 0x00, 0x00, 0x00, 0x00, 0x00, 0x00, 0x00, 0x00, 0x00, 0x00,
    0x00, 0xbf, 0x50, 0x00, 0x13, 0x33, 0x33, 0x33, 0x33, 0x32, 0x00, 0x00, 0x00, 0x00, 0xbf, 0x50,
    0x00, 0x5f, 0xff, 0xff, 0xff, 0xff, 0xfa, 0x00, 0x00, 0x00, 0x00, 0xbf, 0x50, 0x00, 0x5f, 0xff,
    0xff, 0xff, 0xff, 0xfa, 0x00, 0x00, 0x5f, 0xff, 0xff, 0xff, 0xfe, 0x00, 0x00, 0x1f, 0xf5, 0x00,
    0x00, 0x00, 0x00, 0x5f, 0xee, 0xef, 0xee, 0xfe, 0x00, 0x00, 0x1f, 0xf5, 0x00, 0x00, 0x00, 0x00,
    0x5f, 0x70, 0x8f, 0x30, 0xde, 0x00, 0x00, 0x1f, 0xf5, 0x00, 0x00, 0x00, 0x00, 0x5f, 0x70, 0x8f,
    0x30, 0xde, 0x00, 0x00, 0x1f, 0xf5, 0x00, 0x00, 0x00, 0x00, 0x5f, 0x70, 0x8f, 0x30, 0xde, 0x00,
    0x00, 0x1f, 0xf5, 0x00, 0x00, 0x00, 0x00, 0x5f, 0x70, 0x8f, 0x30, 0xde, 0x00, 0x00, 0x1f, 0xf5,
    0x00, 0x00, 0x00, 0x00, 0x5f, 0x70, 0x8f, 0x30, 0xde, 0x00, 0x00, 0x1f, 0xf5, 0x00, 0x00, 0x00,
    0x00, 0x5f, 0xed, 0xef, 0xed, 0xfe, 0x00, 0x00, 0x1f, 0xf5, 0x00, 0x00, 0x00, 0x00, 0x5f, 0xff,
    0xff, 0xff, 0xfe, 0x00, 0x00, 0x1f, 0xf5, 0x00, 0x00, 0x00, 0x00, 0x5f, 0x70, 0xbf, 0x50, 0x00,
    0x00, 0x00, 0x1f, 0xf5, 0x00, 0x00, 0x00, 0x00, 0x12, 0x10, 0xbf, 0x51, 0x65, 0x00, 0x00, 0x1f,
    0xf5, 0x00, 0x00, 0x00, 0x00, 0x00, 0x00, 0xbf, 0x51, 0xfc, 0x00, 0x00, 0x1f, 0xf5, 0x00, 0x00,
    0x00, 0x00, 0x00, 0x00, 0xbf, 0x50, 0xbf, 0x20, 0x00, 0x1f, 0xf5, 0x00, 0x00, 0x00, 0x00, 0x00,
    0x00, 0xbf, 0xbb, 0xef, 0x60, 0x00, 0x1f, 0xf5, 0x00, 0x00, 0x00, 0x01, 0x7a, 0xdf, 0xff, 0xff,
    0xff, 0xb0, 0x00, 0x1f, 0xf5, 0x00, 0x00, 0x00, 0x00, 0xff, 0xff, 0xfc, 0x96, 0x4f, 0xff, 0xff,
    0xff, 0xff, 0xff, 0xff, 0x20, 0x00, 0x99, 0x63, 0x00, 0x00, 0x04, 0xdf, 0xff, 0xff, 0xff, 0xff,
    0xff, 0x20, 0x00, 0x00, 0x00, 0x00, 0x00, 0x00, 0x23, 0x33, 0x33, 0x33, 0x33, 0x33, 0x00, 0x00,
    0x00, 0x00, 0x00, 0x00, 0x00, 0x00, 0x00, 0x00, 0x00, 0x00, 0x00, 0x00, 0x00, 0x00, 0x00, 0x00,
    0x00, 0x00, 0x00, 0x00, 0x00, 0x00, 0x00, 0x00, 0x00, 0x00, 0x00, 0x05, 0x30, 0x00, 0x00, 0x00,
    0x00, 0x16, 0x61, 0x00, 0x00, 0x00, 0x00, 0x00, 0x1e, 0xf4, 0x00, 0x00, 0x00, 0x00, 0x2f, 0xf3,
    0x00, 0x00, 0x00, 0x00, 0x00, 0x5f, 0xf1, 0x00, 0x00, 0x00, 0x00, 0x2f, 0xf3, 0x00, 0x00, 0x00,
    0x00, 0x00, 0xaf, 0xff, 0xff, 0xb1, 0x00, 0x00, 0x2f, 0xf3, 0x00, 0x00, 0x00, 0x00, 0x01, 0xef,
    0xdc, 0xdf, 0xe1, 0x00, 0x00, 0x2f, 0xf3, 0x00, 0x00, 0x00, 0x00, 0x07, 0xfd, 0x00, 0x8f, 0x80,
    0x0b, 0xdd, 0xef, 0xfe, 0xdd, 0xd1, 0x00, 0x00, 0x1e, 0xf6, 0x00, 0xef, 0x10, 0x0c, 0xff, 0xff,
    0xff, 0xff, 0xf1, 0x00, 0x00, 0xaf, 0xff, 0xff, 0xff, 0xff, 0x3c, 0xf0, 0x0d, 0xf0, 0x0c, 0xf1,
    0x00, 0x02, 0xef, 0xfc, 0xbf, 0xeb, 0xef, 0x3c, 0xf0, 0x0d, 0xf0, 0x0c, 0xf1, 0x00, 0x00, 0x2d,
    0xf4, 0x0f, 0x90, 0x9f, 0x3c, 0xf0, 0x0d, 0xf0, 0x0c, 0xf1, 0x00, 0x00, 0x09, 0xf4, 0x0f, 0x90,
    0x9f, 0x3c, 0xf0, 0x0d, 0xf0, 0x0c, 0xf1, 0x00, 0x00, 0x09, 0xfb, 0xaf, 0xda, 0xdf, 0x3c, 0xf0,
    0x0d, 0xf0, 0x0c, 0xf1, 0x00, 0x00, 0x09, 0xff, 0xff, 0xff, 0xff, 0x3c, 0xf0, 0x0d, 0xf0, 0x0c,
    0xf1, 0x00, 0x00, 0x09, 0xf4, 0x0f, 0x90, 0x9f, 0x3c, 0xff, 0xff, 0xff, 0xff, 0xf1, 0x00, 0x00,
    0x0a, 0xf4, 0x0f, 0x90, 0x9f, 0x3b, 0xee, 0xef, 0xfe, 0xee, 0xe1, 0x00, 0x00, 0x0b, 0xf3, 0x0f,
    0x90, 0x9f, 0x30, 0x00, 0x1f, 0xf3, 0x00, 0x00, 0x00, 0x00, 0x0b, 0xff, 0xff, 0xff, 0xff, 0x30,
    0x00, 0x1f, 0xf3, 0x6b, 0x10, 0x00, 0x00, 0x0c, 0xfb, 0xbf, 0xeb, 0xef, 0x30, 0x00, 0x1f, 0xf3,
    0x9f, 0x70, 0x00, 0x00, 0x0e, 0xe0, 0x0f, 0x90, 0x9f, 0x30, 0x00, 0x1f, 0xf3, 0x3f, 0xd0, 0x00,
    0x00, 0x1f, 0xc0, 0x0f, 0x90, 0x9f, 0x30, 0x01, 0x3f, 0xf9, 0x9f, 0xf5, 0x00, 0x00, 0x5f, 0x90,
    0x0f, 0x90, 0x9f, 0x8c, 0xef, 0xff, 0xff, 0xff, 0xfa, 0x00, 0x00, 0xaf, 0x50, 0x0f, 0xab, 0xcf,
    0x7f, 0xff, 0xfe, 0xca, 0x86, 0xfe, 0x00, 0x01, 0xfe, 0x00, 0x0f, 0x9a, 0xe8, 0x27, 0x53, 0x10,
    0x00, 0x00, 0xdf, 0x30, 0x00, 0x26, 0x00, 0x00, 0x00, 0x00, 0x00, 0x00, 0x00, 0x00, 0x00, 0x31,
    0x00, 0x00, 0x00, 0x00, 0x00, 0x00, 0x00, 0x00, 0x00, 0x00, 0x00, 0x00, 0x00, 0x00, 0x00, 0x00,
    0x00, 0x00, 0x00, 0x00, 0x00, 0x00, 0x00, 0x00, 0x00, 0x00, 0x00, 0x00, 0x00, 0x00, 0x00, 0x00,
    0x04, 0x82, 0x00, 0x00, 0x00, 0x00, 0x00, 0x00, 0x00, 0x00, 0x00, 0x00, 0x00, 0x1d, 0xfb, 0x00,
    0x00, 0x00, 0x00, 0x00, 0x00, 0x00, 0x00, 0x00, 0x00, 0x00, 0x05, 0xff, 0x60, 0x00, 0x00, 0x00,
    0x00, 0x00, 0x00, 0x00, 0x00, 0x00, 0x00, 0x00, 0xbf, 0xe1, 0x00, 0x00, 0x00, 0x00, 0x00, 0x00,
    0xbe, 0xee, 0xee, 0xee, 0xee, 0xff, 0xfe, 0xee, 0xee, 0xee, 0xed, 0x00, 0x00, 0xcf, 0xff, 0xff,
    0xff, 0xff, 0xff, 0xff, 0xff, 0xff, 0xff, 0xfd, 0x00, 0x00, 0x00, 0x00, 0x00, 0x00, 0x00, 0x00,
    0x00, 0x00, 0x00, 0x00, 0x00, 0x00, 0x00, 0x00, 0x00, 0x00, 0x00, 0x00, 0x00, 0x00, 0x00, 0x00,
    0x00, 0x00, 0x00, 0x00, 0x00, 0x06, 0xff, 0xff, 0xff, 0xff, 0xff, 0xff, 0xff, 0x70, 0x00, 0x00,
    0x00, 0x00, 0x05, 0xcc, 0xcc, 0xcc, 0xcc, 0xcc, 0xcc, 0xcc, 0x60, 0x00, 0x00, 0x00, 0x00, 0x00,
    0x00, 0x00, 0x00, 0x00, 0x00, 0x00, 0x00, 0x00, 0x00, 0x00, 0x00, 0x00, 0x00, 0x00, 0x00, 0x00,
    0x00, 0x00, 0x00, 0x00, 0x00, 0x00, 0x00, 0x00, 0x00, 0x06, 0xff, 0xff, 0xff, 0xff, 0xff, 0xff,
    0xff, 0x70, 0x00, 0x00, 0x00, 0x00, 0x05, 0xdd, 0xdd, 0xdd, 0xdd, 0xdd, 0xdd, 0xdd, 0x60, 0x00,
    0x00, 0x00, 0x00, 0x00, 0x00, 0x00, 0x00, 0x00, 0x00, 0x00, 0x00, 0x00, 0x00, 0x00, 0x00, 0x00,
    0x00, 0x00, 0x00, 0x00, 0x00, 0x00, 0x00, 0x00, 0x00, 0x00, 0x00, 0x00, 0x00, 0x09, 0xff, 0xff,
    0xff, 0xff, 0xff, 0xff, 0xff, 0xb0, 0x00, 0x00, 0x00, 0x00, 0x09, 0xff, 0xee, 0xee, 0xee, 0xee,
    0xee, 0xff, 0xb0, 0x00, 0x00, 0x00, 0x00, 0x09, 0xf9, 0x00, 0x00, 0x00, 0x00, 0x00, 0x9f, 0xb0,
    0x00, 0x00, 0x00, 0x00, 0x09, 0xf9, 0x00, 0x00, 0x00, 0x00, 0x00, 0x9f, 0xb0, 0x00, 0x00, 0x00,
    0x00, 0x09, 0xf9, 0x00, 0x00, 0x00, 0x00, 0x00, 0x9f, 0xb0, 0x00, 0x00, 0x00, 0x00, 0x09, 0xff,
    0xff, 0xff, 0xff, 0xff, 0xff, 0xff, 0xb0, 0x00, 0x00, 0x00, 0x00, 0x09, 0xfe, 0xee, 0xee, 0xee,
    0xee, 0xee, 0xef, 0xb0, 0x00, 0x00, 0x00, 0x00, 0x07, 0xb7, 0x00, 0x00, 0x00, 0x00, 0x00, 0x6a,
    0x70, 0x00, 0x00, 0x00, 0x00, 0x00, 0x00, 0x00, 0x00, 0x00, 0x00, 0x00, 0x00, 0x00, 0x00, 0x00,
    0x00, 0x00, 0x00, 0x00, 0x00, 0x00, 0x00, 0x00, 0x00, 0x00, 0x00, 0x00, 0x00, 0x00, 0x00, 0x01,
    0x00, 0x00, 0x00, 0x00, 0x01, 0x88, 0x20, 0x00, 0x00, 0x00, 0x00, 0x00, 0x4e, 0x60, 0x00, 0x00,
    0x00, 0x03, 0xff, 0x30, 0x00, 0x00, 0x00, 0x00, 0x00, 0x9f, 0xf8, 0x00, 0x00, 0x00, 0x03, 0xff,
    0x30, 0x00, 0x00, 0x00, 0x00, 0x00, 0x08, 0xff, 0x90, 0x00, 0x00, 0x03, 0xff, 0x30, 0x00, 0x00,
    0x00, 0x00, 0x00, 0x00, 0x8f, 0xf3, 0x00, 0x00, 0x03, 0xff, 0x30, 0x00, 0x00, 0x00, 0x00, 0x00,
    0x00, 0x09, 0x70, 0x00, 0x00, 0x03, 0xff, 0x30, 0x00, 0x00, 0x00, 0x00, 0x00, 0x00, 0x00, 0x00,
    0x00, 0x00, 0x03, 0xff, 0x30, 0x00, 0x00, 0x00, 0x00, 0x00, 0x00, 0x00, 0x00, 0x00, 0x00, 0x03,
    0xff, 0x30, 0x00, 0x00, 0x00, 0x00, 0xff, 0xff, 0xff, 0x01, 0x55, 0x55, 0x57, 0xff, 0x75, 0x55,
    0x55, 0x10, 0x00, 0xff, 0xff, 0xff, 0x02, 0xff, 0xff, 0xff, 0xff, 0xff, 0xff, 0xff, 0x20, 0x00,
    0x44, 0x47, 0xff, 0x02, 0xff, 0xff, 0xff, 0xff, 0xff, 0xff, 0xff, 0x20, 0x00, 0x00, 0x04, 0xff,
    0x00, 0x00, 0x00, 0x03, 0xff, 0x30, 0x00, 0x00, 0x00, 0x00, 0x00, 0x04, 0xff, 0x00, 0x00, 0x00,
    0x03, 0xff, 0x30, 0x00, 0x00, 0x00, 0x00, 0x00, 0x04, 0xff, 0x00, 0x00, 0x00, 0x03, 0xff, 0x30,
    0x00, 0x00, 0x00, 0x00, 0x00, 0x04, 0xff, 0x00, 0x00, 0x00, 0x03, 0xff, 0x30, 0x00, 0x00, 0x00,
    0x00, 0x00, 0x04, 0xff, 0x00, 0x00, 0x00, 0x03, 0xff, 0x30, 0x00, 0x00, 0x00, 0x00, 0x00, 0x04,
    0xff, 0x00, 0x50, 0x00, 0x03, 0xff, 0x30, 0x00, 0x00, 0x00, 0x00, 0x00, 0x04, 0xff, 0x2b, 0xf1,
    0x00, 0x03, 0xff, 0x30, 0x00, 0x00, 0x00, 0x00, 0x00, 0x05, 0xff, 0xef, 0xf4, 0x00, 0x03, 0xff,
    0x30, 0x00, 0x00, 0x00, 0x00, 0x00, 0x08, 0xff, 0xfe, 0x40, 0x00, 0x03, 0xff, 0x30, 0x00, 0x00,
    0x00, 0x00, 0x00, 0x2e, 0xff, 0xb1, 0x00, 0x00, 0x03, 0xff, 0x30, 0x00, 0x00, 0x00, 0x00, 0x00,
    0x4f, 0xf9, 0x00, 0x00, 0x00, 0x03, 0xff, 0x30, 0x00, 0x00, 0x00, 0x00, 0x00, 0x0b, 0x60, 0x00,
    0x00, 0x00, 0x03, 0xff, 0x30, 0x00, 0x00, 0x00, 0x00, 0x00, 0x01, 0x00, 0x00, 0x00, 0x00, 0x02,
    0xaa, 0x20, 0x00, 0x00, 0x00, 0x00, 0x00, 0x00, 0x00, 0x00, 0x00, 0x00, 0x00, 0x00, 0x00, 0x00,
    0x00, 0x00, 0x00, 0x00, 0x00, 0x00, 0x00, 0x00, 0x00, 0x00, 0x00, 0x00, 0x00, 0x00, 0x00, 0x00,
    0x00, 0x02, 0x00, 0x00, 0x00, 0x00, 0x00, 0x00, 0x00, 0x00, 0x00, 0x00, 0x00, 0x01, 0xbe, 0x40,
    0x00, 0x00, 0x7f, 0xff, 0xff, 0xff, 0x90, 0x00, 0x00, 0x00, 0x00, 0xbf, 0xf5, 0x00, 0x00, 0x7f,
    0xff, 0xff, 0xff, 0x90, 0x00, 0x00, 0x00, 0x00, 0x0b, 0xff, 0x50, 0x00, 0x7f, 0xb2, 0x22, 0x9f,
    0x90, 0x00, 0x00, 0x00, 0x00, 0x01, 0xcf, 0xa0, 0x00, 0x8f, 0x90, 0x00, 0x8f, 0x90, 0x00, 0x00,
    0x00, 0x00, 0x00, 0x1a, 0x10, 0x00, 0xbf, 0x70, 0x00, 0x8f, 0x90, 0x00, 0x00, 0x00, 0x00, 0x00,
    0x00, 0x00, 0x02, 0xff, 0x30, 0x00, 0x8f, 0x90, 0x00, 0x00, 0x00, 0x00, 0x00, 0x00, 0x00, 0x1d,
    0xfc, 0x00, 0x00, 0x7f, 0xb0, 0x01, 0x00, 0x01, 0xff, 0xff, 0xf5, 0x05, 0xef, 0xe3, 0x00, 0x00,
    0x5f, 0xff, 0xfc, 0x00, 0x01, 0xff, 0xff, 0xf5, 0x07, 0xfd, 0x40, 0x00, 0x00, 0x0a, 0xee, 0xeb,
    0x00, 0x00, 0x33, 0x3e, 0xf5, 0x00, 0x61, 0x00, 0x00, 0x00, 0x00, 0x00, 0x00, 0x00, 0x00, 0x00,
    0x0e, 0xf5, 0x00, 0xcf, 0xff, 0xff, 0xff, 0xff, 0xfe, 0x70, 0x00, 0x00, 0x00, 0x0e, 0xf5, 0x00,
    0xcf, 0xff, 0xff, 0xff, 0xff, 0xff, 0x50, 0x00, 0x00, 0x00, 0x0e, 0xf5, 0x00, 0x2c, 0xf7, 0x22,
    0x22, 0x27, 0xfd, 0x00, 0x00, 0x00, 0x00, 0x0e, 0xf5, 0x00, 0x06, 0xfe, 0x10, 0x00, 0x0d, 0xf7,
    0x00, 0x00, 0x00, 0x00, 0x0e, 0xf5, 0x00, 0x00, 0xdf, 0x90, 0x00, 0x8f, 0xe1, 0x00, 0x00, 0x00,
    0x00, 0x0e, 0xf5, 0x07, 0x00, 0x4f, 0xf7, 0x05, 0xff, 0x50, 0x00, 0x00, 0x00, 0x00, 0x0e, 0xf6,
    0xcf, 0x30, 0x08, 0xff, 0x9f, 0xf8, 0x00, 0x00, 0x00, 0x00, 0x00, 0x0e, 0xff, 0xfe, 0x40, 0x00,
    0xaf, 0xff, 0xb0, 0x00, 0x00, 0x00, 0x00, 0x00, 0x2f, 0xff, 0xd3, 0x00, 0x05, 0xcf, 0xff, 0xd5,
    0x00, 0x00, 0x00, 0x00, 0x00, 0xaf, 0xfc, 0x10, 0x16, 0xcf, 0xff, 0xbf, 0xff, 0xc6, 0x10, 0x00,
    0x00, 0x00, 0xcf, 0xa1, 0x0b, 0xff, 0xff, 0xb3, 0x04, 0xcf, 0xff, 0xfb, 0x10, 0x00, 0x00, 0x3a,
    0x00, 0x08, 0xff, 0xa4, 0x00, 0x00, 0x06, 0xcf, 0xf7, 0x00, 0x00, 0x00, 0x00, 0x00, 0x02, 0x61,
    0x00, 0x00, 0x00, 0x00, 0x02, 0x70, 0x00, 0x00, 0x00, 0x00, 0x00, 0x00, 0x00, 0x00, 0x00, 0x00,
    0x00, 0x00, 0x00, 0x00, 0x00, 0x00, 0x00, 0x00, 0x00, 0x00, 0x00, 0x00, 0x00, 0x00, 0x00, 0x00,
    0x00, 0x00, 0x00, 0x10, 0x00, 0x00, 0x00, 0x00, 0x00, 0x00, 0x00, 0x00, 0x00, 0x00, 0x00, 0x04,
    0xe6, 0x00, 0x08, 0xff, 0xff, 0xff, 0xff, 0xff, 0xff, 0xf4, 0x00, 0x00, 0x07, 0xff, 0x80, 0x08,
    0xff, 0xff, 0xff, 0xff, 0xff, 0xff, 0xf4, 0x00, 0x00, 0x00, 0x9f, 0xf7, 0x00, 0x00, 0x00, 0xef,
    0x60, 0x00, 0x00, 0x00, 0x00, 0x00, 0x00, 0x0b, 0xff, 0x20, 0x00, 0x01, 0xff, 0x30, 0x00, 0x00,
    0x00, 0x00, 0x00, 0x00, 0x01, 0xdb, 0x00, 0x00, 0x04, 0xff, 0x10, 0x00, 0x10, 0x00, 0x00, 0x00,
    0x00, 0x00, 0x31, 0x00, 0xaf, 0xff, 0xff, 0xff, 0xff, 0xfb, 0x00, 0x00, 0x00, 0x00, 0x00, 0x00,
    0x00, 0xaf, 0xff, 0xff, 0xff, 0xff, 0xfa, 0x00, 0x00, 0x00, 0xff, 0xff, 0xf3, 0x00, 0x00, 0x0d,
    0xf6, 0x00, 0x08, 0xf9, 0x00, 0x00, 0x00, 0xff, 0xff, 0xf3, 0x00, 0x00, 0x1f, 0xf3, 0x00, 0x0a,
    0xf7, 0x00, 0x00, 0x00, 0x33, 0x3e, 0xf3, 0x01, 0x11, 0x5f, 0xf1, 0x11, 0x1b, 0xf7, 0x11, 0x00,
    0x00, 0x00, 0x0e, 0xf3, 0x6f, 0xff, 0xff, 0xff, 0xff, 0xff, 0xff, 0xff, 0x20, 0x00, 0x00, 0x0e,
    0xf3, 0x6f, 0xff, 0xff, 0xff, 0xff, 0xff, 0xff, 0xff, 0x20, 0x00, 0x00, 0x0e, 0xf3, 0x00, 0x00,
    0x00, 0x00, 0x00, 0x00, 0x00, 0x00, 0x00, 0x00, 0x00, 0x0e, 0xf3, 0x00, 0x00, 0x00, 0x00, 0x00,
    0x00, 0x00, 0x00, 0x00, 0x00, 0x00, 0x0e, 0xf3, 0x00, 0x7f, 0xff, 0xff, 0xff, 0xff, 0xff, 0x80,
    0x00, 0x00, 0x00, 0x0e, 0xf3, 0x00, 0x7f, 0xff, 0xff, 0xff, 0xff, 0xff, 0x80, 0x00, 0x00, 0x00,
    0x0e, 0xf3, 0x3c, 0x8f, 0xa0, 0x00, 0x00, 0x00, 0xbf, 0x80, 0x00, 0x00, 0x00, 0x0e, 0xfa, 0xff,
    0xbf, 0xa0, 0x00, 0x00, 0x00, 0xbf, 0x80, 0x00, 0x00, 0x00, 0x1f, 0xff, 0xf9, 0x8f, 0xa0, 0x00,
    0x00, 0x00, 0xbf, 0x80, 0x00, 0x00, 0x00, 0x8f, 0xfe, 0x60, 0x7f, 0xa0, 0x00, 0x00, 0x00, 0xbf,
    0x80, 0x00, 0x00, 0x00, 0x8f, 0xd3, 0x00, 0x7f, 0xff, 0xff, 0xff, 0xff, 0xff, 0x80, 0x00, 0x00,
    0x00, 0x1a, 0x10, 0x00, 0x7f, 0xff, 0xff, 0xff, 0xff, 0xff, 0x80, 0x00, 0x00, 0x00, 0x00, 0x00,
    0x00, 0x5b, 0x80, 0x00, 0x00, 0x00, 0x8a, 0x50, 0x00, 0x00, 0x00, 0x00, 0x00, 0x00, 0x00, 0x00,
    0x00, 0x00, 0x00, 0x00, 0x00, 0x00, 0x00, 0x00, 0x00, 0x00, 0x00, 0x00, 0x00, 0x00, 0x00, 0x00,
    0x00, 0x00, 0x00, 0x00, 0x00, 0x00, 0x00, 0x00, 0x00, 0x00, 0x04, 0x86, 0x00, 0x00, 0x00, 0x00,
    0x00, 0x01, 0xb5, 0x00, 0x00, 0x00, 0x00, 0x07, 0xfb, 0x00, 0x00, 0x00, 0x00, 0x00, 0x07, 0xff,
    0x60, 0x00, 0x9a, 0xaa, 0xac, 0xfe, 0xaa, 0xaa, 0xa4, 0x00, 0x00, 0x00, 0x9f, 0xf6, 0x00, 0xdf,
    0xff, 0xff, 0xff, 0xff, 0xff, 0xf6, 0x00, 0x00, 0x00, 0x09, 0xff, 0x40, 0x00, 0x00, 0x07, 0xfb,
    0x00, 0x00, 0x00, 0x00, 0x00, 0x00, 0x00, 0xba, 0x00, 0x29, 0x99, 0x9c, 0xfe, 0x99, 0x99, 0x60,
    0x00, 0x00, 0x00, 0x00, 0x10, 0x00, 0x4f, 0xff, 0xff, 0xff, 0xff, 0xff, 0xa0, 0x00, 0x00, 0x00,
    0x00, 0x00, 0x00, 0x00, 0x00, 0x07, 0xfb, 0x00, 0x00, 0x00, 0x00, 0x01, 0xff, 0xff, 0xf6, 0x06,
    0xaa, 0xaa, 0xac, 0xfe, 0xaa, 0xaa, 0xaa, 0x10, 0x01, 0xff, 0xff, 0xf6, 0x09, 0xff, 0xff, 0xff,
    0xff, 0xff, 0xff, 0xff, 0x20, 0x00, 0x33, 0x3c, 0xf6, 0x00, 0x00, 0x00, 0x00, 0x00, 0x00, 0x00,
    0x00, 0x00, 0x00, 0x00, 0x0c, 0xf6, 0x00, 0x0a, 0xbb, 0xbb, 0xbb, 0xbb, 0xbb, 0x30, 0x00, 0x00,
    0x00, 0x0c, 0xf6, 0x00, 0x0e, 0xff, 0xff, 0xff, 0xff, 0xff, 0x50, 0x00, 0x00, 0x00, 0x0c, 0xf6,
    0x00, 0x0e, 0xf3, 0x00, 0x00, 0x00, 0xdf, 0x50, 0x00, 0x00, 0x00, 0x0c, 0xf6, 0x00, 0x0e, 0xf3,
    0x00, 0x00, 0x00, 0xdf, 0x50, 0x00, 0x00, 0x00, 0x0c, 0xf6, 0x00, 0x0e, 0xff, 0xff, 0xff, 0xff,
    0xff, 0x50, 0x00, 0x00, 0x00, 0x0c, 0xf6, 0x00, 0x0e, 0xf9, 0x88, 0x88, 0x88, 0xef, 0x50, 0x00,
    0x00, 0x00, 0x0c, 0xf6, 0x3c, 0x0e, 0xf3, 0x00, 0x00, 0x00, 0xdf, 0x50, 0x00, 0x00, 0x00, 0x0c,
    0xfb, 0xef, 0x4e, 0xfa, 0x99, 0x99, 0x99, 0xef, 0x50, 0x00, 0x00, 0x00, 0x0d, 0xff, 0xfa, 0x1e,
    0xff, 0xff, 0xff, 0xff, 0xff, 0x50, 0x00, 0x00, 0x00, 0x3f, 0xff, 0x70, 0x0e, 0xf3, 0x00, 0x00,
    0x00, 0xdf, 0x50, 0x00, 0x00, 0x00, 0xbf, 0xe4, 0x00, 0x0e, 0xf3, 0x00, 0x00, 0x00, 0xdf, 0x40,
    0x00, 0x00, 0x00, 0x3d, 0x20, 0x00, 0x0e, 0xf3, 0x00, 0x0b, 0xee, 0xff, 0x30, 0x00, 0x00, 0x00,
    0x01, 0x00, 0x00, 0x0e, 0xf3, 0x00, 0x06, 0xee, 0xc7, 0x00, 0x00, 0x00, 0x00, 0x00, 0x00, 0x00,
    0x00, 0x00, 0x00, 0x00, 0x00, 0x00, 0x00, 0x00, 0x00, 0x00, 0x00, 0x00, 0x00, 0x00, 0x00, 0x00,
    0x00, 0x00, 0x00, 0x00, 0x00, 0x00, 0x00, 0x00, 0x00, 0x00, 0x00, 0x00, 0x00, 0x00, 0x00, 0x00,
    0x00, 0x00, 0x00, 0x00, 0x00, 0x00, 0x00, 0x00, 0x00, 0x06, 0xe9, 0x00, 0x00, 0x00, 0x00, 0x00,
    0x0f, 0xff, 0xff, 0xff, 0xfe, 0x00, 0x0a, 0xf8, 0x00, 0x00, 0x00, 0x00, 0x00, 0x0f, 0xff, 0xff,
    0xff, 0xfe, 0x00, 0x0e, 0xf4, 0x00, 0x00, 0x00, 0x00, 0x00, 0x0f, 0xd0, 0x00, 0x00, 0xfe, 0x00,
    0x3f, 0xf1, 0x00, 0x00, 0x00, 0x00, 0x00, 0x0f, 0xd0, 0x5a, 0x40, 0xfe, 0x00, 0x7f, 0xff, 0xff,
    0xff, 0xfc, 0x00, 0x00, 0x0f, 0xd0, 0x8f, 0x70, 0xfe, 0x00, 0xcf, 0xff, 0xff, 0xff, 0xfc, 0x00,
    0x00, 0x0f, 0xd0, 0x8f, 0x70, 0xfe, 0x03, 0xfe, 0x10, 0x00, 0xbf, 0x30, 0x00, 0x00, 0x0f, 0xd0,
    0x8f, 0x70, 0xfe, 0x0a, 0xf9, 0x00, 0x00, 0xdf, 0x10, 0x00, 0x00, 0x0f, 0xd0, 0x8f, 0x70, 0xfe,
    0x3f, 0xf9, 0x00, 0x01, 0xfd, 0x00, 0x00, 0x00, 0x0f, 0xd0, 0x8f, 0x70, 0xfe, 0xbf, 0xfe, 0x00,
    0x04, 0xfb, 0x00, 0x00, 0x00, 0x0f, 0xd0, 0x8f, 0x70, 0xfe, 0x6f, 0xdf, 0x40, 0x07, 0xf7, 0x00,
    0x00, 0x00, 0x0f, 0xd0, 0x9f, 0x60, 0xfe, 0x05, 0x6f, 0x90, 0x0b, 0xf4, 0x00, 0x00, 0x00, 0x0f,
    0xd0, 0x9f, 0x50, 0xfe, 0x00, 0x1e, 0xf1, 0x2f, 0xe1, 0x00, 0x00, 0x00, 0x0f, 0xd0, 0xaf, 0x40,
    0xfe, 0x00, 0x09, 0xf8, 0x7f, 0xa0, 0x00, 0x00, 0x00, 0x0f, 0xd0, 0xdf, 0x20, 0xfe, 0x00, 0x02,
    0xfe, 0xcf, 0x50, 0x00, 0x00, 0x00, 0x0e, 0xc1, 0xfe, 0x00, 0xdc, 0x00, 0x00, 0x9f, 0xfd, 0x00,
    0x00, 0x00, 0x00, 0x00, 0x05, 0xfa, 0x14, 0x00, 0x00, 0x00, 0x2f, 0xf8, 0x00, 0x00, 0x00, 0x00,
    0x00, 0x0c, 0xf6, 0xcf, 0x40, 0x00, 0x00, 0x9f, 0xff, 0x40, 0x00, 0x00, 0x00, 0x00, 0x6f, 0xd0,
    0x6f, 0xd1, 0x00, 0x07, 0xff, 0xcf, 0xe3, 0x00, 0x00, 0x00, 0x04, 0xef, 0x50, 0x0b, 0xf9, 0x00,
    0x8f, 0xf6, 0x1c, 0xfe, 0x50, 0x00, 0x00, 0x6e, 0xf9, 0x00, 0x02, 0xff, 0x5c, 0xff, 0x80, 0x01,
    0xcf, 0xfa, 0x10, 0x00, 0xbf, 0x90, 0x00, 0x00, 0x87, 0x1d, 0xe6, 0x00, 0x00, 0x19, 0xf9, 0x00,
    0x00, 0x15, 0x00, 0x00, 0x00, 0x00, 0x03, 0x20, 0x00, 0x00, 0x00, 0x40, 0x00, 0x00, 0x00, 0x00,
    0x00, 0x00, 0x00, 0x00, 0x00, 0x00, 0x00, 0x00, 0x00, 0x00, 0x00, 0x00, 0x00, 0x00, 0x00, 0x00,
    0x00, 0x00, 0x00, 0x00, 0x00, 0x00, 0x00, 0x00, 0x00, 0x00, 0x00, 0x00, 0x02, 0x7b, 0x00, 0x00,
    0x00, 0x00, 0x00, 0x00, 0x00, 0x00, 0x00, 0x00, 0x00, 0x02, 0xff, 0x60, 0x00, 0x00, 0x00, 0x00,
    0x00, 0x00, 0x6f, 0xff, 0xff, 0xff, 0xff, 0xff, 0xff, 0xff, 0xff, 0xff, 0xf7, 0x00, 0x00, 0x6f,
    0xeb, 0xbb, 0xbb, 0xbb, 0xbb, 0xbb, 0xbb, 0xbb, 0xbe, 0xf7, 0x00, 0x00, 0x6f, 0xb0, 0x00, 0x46,
    0x30, 0x00, 0x03, 0x64, 0x00, 0x0b, 0xf7, 0x00, 0x00, 0x6f, 0xb5, 0x55, 0xbf, 0xa5, 0x55, 0x5a,
    0xfb, 0x55, 0x5b, 0xf7, 0x00, 0x00, 0x00, 0x1f, 0xff, 0xff, 0xff, 0xff, 0xff, 0xff, 0xff, 0xf2,
    0x00, 0x00, 0x00, 0x00, 0x00, 0x00, 0x9f, 0x80, 0x00, 0x07, 0xf9, 0x00, 0x00, 0x00, 0x00, 0x00,
    0x00, 0x0b, 0xff, 0xff, 0xff, 0xff, 0xff, 0xff, 0xff, 0xd0, 0x00, 0x00, 0x00, 0x00, 0x03, 0x44,
    0xaf, 0xa4, 0x44, 0x49, 0xfb, 0x44, 0x30, 0x00, 0x00, 0x00, 0x00, 0x00, 0x00, 0x9f, 0x80, 0x00,
    0x07, 0xf9, 0x00, 0x00, 0x00, 0x00, 0x00, 0x9f, 0xff, 0xff, 0xff, 0xff, 0xff, 0xff, 0xff, 0xff,
    0xff, 0xfa, 0x00, 0x00, 0x6a, 0xaa, 0xae, 0xfd, 0xaa, 0xaa, 0xaa, 0xcf, 0xfb, 0xaa, 0xa6, 0x00,
    0x00, 0x00, 0x03, 0xcf, 0xc1, 0x00, 0x00, 0x00, 0x08, 0xfe, 0x81, 0x00, 0x00, 0x00, 0x04, 0xaf,
    0xff, 0xff, 0xff, 0xff, 0xff, 0xff, 0xff, 0xff, 0xb6, 0x10, 0x01, 0xdf, 0xfb, 0xef, 0xcb, 0xbb,
    0xbb, 0xbb, 0xbb, 0xff, 0x9e, 0xfb, 0x00, 0x00, 0x6d, 0x50, 0xdf, 0x30, 0x00, 0x77, 0x20, 0x01,
    0xff, 0x11, 0x71, 0x00, 0x00, 0x00, 0x00, 0xdf, 0x30, 0x04, 0xfe, 0x10, 0x01, 0xff, 0x10, 0x00,
    0x00, 0x00, 0x00, 0x00, 0xdf, 0x30, 0x0a, 0xfa, 0x00, 0x01, 0xff, 0x10, 0x00, 0x00, 0x00, 0x00,
    0x00, 0xcd, 0x20, 0x7f, 0xf4, 0xcc, 0x74, 0xaa, 0x10, 0x00, 0x00, 0x00, 0x00, 0x00, 0x01, 0x5c,
    0xff, 0x63, 0xbf, 0xff, 0xea, 0x50, 0x00, 0x00, 0x00, 0x25, 0x79, 0xcf, 0xff, 0xc4, 0x00, 0x01,
    0x5a, 0xef, 0xfe, 0x93, 0x00, 0x00, 0x4f, 0xff, 0xfd, 0x94, 0x00, 0x00, 0x00, 0x00, 0x15, 0xbf,
    0xf5, 0x00, 0x00, 0x07, 0x64, 0x10, 0x00, 0x00, 0x00, 0x00, 0x00, 0x00, 0x02, 0x50, 0x00, 0x00,
    0x00, 0x00, 0x00, 0x00, 0x00, 0x00, 0x00, 0x00, 0x00, 0x00, 0x00, 0x00, 0x00, 0x00, 0x00, 0x00,
    0x00, 0x00, 0x00, 0x00, 0x00, 0x00, 0x00, 0x00, 0x00, 0x00, 0x00, 0x00, 0x6a, 0x40, 0x00, 0x00,
    0x00, 0x00, 0x00, 0x00, 0x00, 0x00, 0x00, 0x00, 0x00, 0x9f, 0x70, 0x00, 0x2e, 0xee, 0xee, 0xee,
    0xee, 0xe5, 0x00, 0x00, 0x00, 0x00, 0x9f, 0x70, 0x00, 0x3f, 0xff, 0xff, 0xff, 0xff, 0xf5, 0x00,
    0x00, 0x5f, 0xff, 0xff, 0xff, 0xff, 0x20, 0x04, 0xfe, 0x00, 0x0d, 0xf5, 0x00, 0x00, 0x5f, 0xff,
    0xff, 0xff, 0xff, 0x20, 0x07, 0xfa, 0x00, 0x0e, 0xf4, 0x00, 0x00, 0x00, 0x00, 0x9f, 0x70, 0x00,
    0x00, 0x0c, 0xf7, 0x00, 0x0f, 0xf3, 0x00, 0x00, 0x00, 0x00, 0x9f, 0x70, 0x00, 0x00, 0x3f, 0xe1,
    0x00, 0x2f, 0xf1, 0x00, 0x00, 0x00, 0x00, 0x9f, 0x70, 0x00, 0x01, 0xdf, 0x90, 0x00, 0x7f, 0xe0,
    0x00, 0x00, 0xcf, 0xff, 0xff, 0xff, 0xff, 0xac, 0xfc, 0x12, 0xff, 0xff, 0xb0, 0x00, 0x00, 0xcf,
    0xff, 0xff, 0xff, 0xff, 0xef, 0xd2, 0x00, 0xbd, 0xda, 0x20, 0x00, 0x00, 0x00, 0x00, 0x4f, 0xc0,
    0x00, 0x04, 0x10, 0x00, 0x00, 0x00, 0x00, 0x00, 0x00, 0x02, 0x20, 0x4f, 0xb0, 0x00, 0x06, 0xdd,
    0xdd, 0xdd, 0xdd, 0xb0, 0x00, 0x00, 0x0e, 0xf2, 0x4f, 0xb0, 0x00, 0x07, 0xff, 0xff, 0xff, 0xff,
    0xd0, 0x00, 0x00, 0x0e, 0xf1, 0x4f, 0xff, 0xff, 0x47, 0xfa, 0x00, 0x00, 0x6f, 0xd0, 0x00, 0x00,
    0x0e, 0xf0, 0x4f, 0xff, 0xff, 0x47, 0xfa, 0x00, 0x00, 0x6f, 0xd0, 0x00, 0x00, 0x0f, 0xf1, 0x4f,
    0xb0, 0x00, 0x07, 0xfa, 0x00, 0x00, 0x6f, 0xd0, 0x00, 0x00, 0x1f, 0xf6, 0x4f, 0xb0, 0x00, 0x07,
    0xfa, 0x00, 0x00, 0x6f, 0xd0, 0x00, 0x00, 0x3f, 0xfd, 0x4f, 0xb0, 0x00, 0x07, 0xff, 0xff, 0xff,
    0xff, 0xd0, 0x00, 0x00, 0x5f, 0xff, 0xdf, 0xb0, 0x00, 0x06, 0xdd, 0xdd, 0xdd, 0xdd, 0xb0, 0x00,
    0x00, 0x7f, 0xae, 0xff, 0xb0, 0x00, 0x00, 0x00, 0x00, 0x00, 0x00, 0x00, 0x00, 0x00, 0xaf, 0x54,
    0xff, 0xfb, 0x75, 0x43, 0x33, 0x33, 0x33, 0x33, 0x33, 0x10, 0x01, 0xff, 0x20, 0x4c, 0xff, 0xff,
    0xff, 0xff, 0xff, 0xff, 0xff, 0xfe, 0x10, 0x04, 0xfc, 0x00, 0x00, 0x58, 0xbd, 0xef, 0xff, 0xff,
    0xff, 0xff, 0xfa, 0x00, 0x00, 0x24, 0x00, 0x00, 0x00, 0x00, 0x00, 0x00, 0x00, 0x00, 0x00, 0x00,
    0x00, 0x00, 0x00, 0x00, 0x00, 0x00, 0x00, 0x00, 0x00, 0x00, 0x00, 0x00, 0x00, 0x00, 0x00, 0x00,
    0x00, 0x00, 0x00, 0x00, 0x00, 0x00, 0x00, 0x00, 0x00, 0x00, 0x00, 0x00, 0x00, 0x38, 0x50, 0x00,
    0x00, 0x00, 0x00, 0x67, 0x10, 0x00, 0x00, 0x00, 0x00, 0x00, 0x6f, 0xa0, 0x00, 0x00, 0x00, 0x05,
    0xff, 0x50, 0x00, 0x00, 0x00, 0x00, 0x00, 0x8f, 0x70, 0x00, 0x00, 0x00, 0x5f, 0xff, 0xd2, 0x00,
    0x00, 0x00, 0x00, 0xff, 0xff, 0xff, 0xfc, 0x00, 0x07, 0xff, 0x79, 0xfe, 0x50, 0x00, 0x00, 0x00,
    0xff, 0xff, 0xff, 0xfc, 0x02, 0xbf, 0xf6, 0x00, 0x8f, 0xf9, 0x20, 0x00, 0x00, 0x12, 0xfc, 0x11,
    0x11, 0x7e, 0xff, 0x50, 0x00, 0x06, 0xff, 0xe8, 0x10, 0x00, 0x05, 0xf8, 0x00, 0x07, 0xff, 0xfe,
    0xcc, 0xcc, 0xcc, 0xef, 0xfe, 0x20, 0x00, 0x08, 0xf4, 0xde, 0x00, 0xa7, 0xcf, 0xff, 0xff, 0xff,
    0xf8, 0x75, 0x00, 0x00, 0x0b, 0xf1, 0xef, 0x00, 0x00, 0x00, 0x00, 0x00, 0x00, 0x00, 0x00, 0x00,
    0x00, 0x1f, 0xb0, 0xef, 0x00, 0x00, 0x00, 0x00, 0x00, 0x00, 0x05, 0xc4, 0x00, 0x00, 0x6f, 0x70,
    0xef, 0x00, 0x3f, 0xff, 0xff, 0xf5, 0x6b, 0x27, 0xf5, 0x00, 0x00, 0xdf, 0xff, 0xff, 0xfb, 0x3f,
    0xeb, 0xbd, 0xf5, 0x8f, 0x37, 0xf5, 0x00, 0x00, 0xaf, 0xff, 0xff, 0xfb, 0x3f, 0xa0, 0x07, 0xf5,
    0x8f, 0x37, 0xf5, 0x00, 0x00, 0x22, 0x11, 0xef, 0x10, 0x3f, 0xda, 0xac, 0xf5, 0x8f, 0x37, 0xf5,
    0x00, 0x00, 0x00, 0x00, 0xef, 0x00, 0x3f, 0xff, 0xff, 0xf5, 0x8f, 0x37, 0xf5, 0x00, 0x00, 0x00,
    0x00, 0xef, 0x77, 0x3f, 0xa0, 0x07, 0xf5, 0x8f, 0x37, 0xf5, 0x00, 0x00, 0x25, 0x9c, 0xff, 0xfd,
    0x3f, 0xa0, 0x07, 0xf5, 0x8f, 0x37, 0xf5, 0x00, 0x00, 0xff, 0xff, 0xff, 0x95, 0x3f, 0xff, 0xff,
    0xf5, 0x8f, 0x37, 0xf5, 0x00, 0x00, 0xbc, 0x95, 0xef, 0x00, 0x3f, 0xda, 0xad, 0xf5, 0x8f, 0x37,
    0xf5, 0x00, 0x00, 0x00, 0x00, 0xef, 0x00, 0x3f, 0xa0, 0x07, 0xf5, 0x23, 0x17, 0xf5, 0x00, 0x00,
    0x00, 0x00, 0xef, 0x00, 0x3f, 0xa0, 0x07, 0xf5, 0x00, 0x07, 0xf5, 0x00, 0x00, 0x00, 0x00, 0xef,
    0x00, 0x3f, 0xa0, 0x08, 0xf5, 0x1c, 0xce, 0xf4, 0x00, 0x00, 0x00, 0x00, 0xef, 0x00, 0x3f, 0xa2,
    0xff, 0xf4, 0x0c, 0xed, 0x80, 0x00, 0x00, 0x00, 0x00, 0x33, 0x00, 0x2d, 0x80, 0xab, 0x70, 0x00,
    0x00, 0x00, 0x00, 0x00, 0x00, 0x00, 0x00, 0x00, 0x00, 0x00, 0x00, 0x00, 0x00, 0x00, 0x00, 0x00,
    0x00, 0x00, 0x00, 0x00, 0x00, 0x00, 0x00, 0x00, 0x00, 0x00, 0x00, 0x00, 0x00, 0x00, 0x00, 0x00,
    0x00, 0x00, 0x00, 0x00, 0x00, 0x00, 0x00, 0x13, 0x00, 0x00, 0x00, 0x05, 0x90, 0x00, 0x00, 0x00,
    0x12, 0x35, 0x68, 0xad, 0xff, 0x80, 0x00, 0x00, 0x3f, 0xfa, 0x00, 0x00, 0xcf, 0xff, 0xff, 0xff,
    0xff, 0xff, 0xc3, 0x00, 0x00, 0x08, 0xff, 0x80, 0x00, 0xdf, 0xfe, 0xcb, 0xa9, 0x75, 0x30, 0x00,
    0x00, 0x00, 0x00, 0xbf, 0xf5, 0x00, 0xdf, 0x60, 0x00, 0x00, 0x00, 0x00, 0x00, 0x00, 0x00, 0x00,
    0x1e, 0xf6, 0x00, 0xdf, 0x60, 0x00, 0x00, 0x00, 0x00, 0x00, 0x00, 0x00, 0x00, 0x05, 0x40, 0x00,
    0xdf, 0x60, 0x00, 0x00, 0x00, 0x01, 0x00, 0x00, 0x00, 0x00, 0x00, 0x00, 0x00, 0xdf, 0xff, 0xff,
    0xff, 0xff, 0xff, 0x80, 0x00, 0x00, 0x00, 0x00, 0x00, 0x00, 0xdf, 0xff, 0xff, 0xff, 0xff, 0xff,
    0x50, 0x00, 0x00, 0x22, 0x22, 0x20, 0x00, 0xef, 0x50, 0x00, 0x00, 0x03, 0xfe, 0x10, 0x00, 0x00,
    0xef, 0xff, 0xf3, 0x00, 0xef, 0x43, 0x70, 0x00, 0x0a, 0xfa, 0x00, 0x00, 0x00, 0xef, 0xff, 0xf3,
    0x01, 0xff, 0x5e, 0xfa, 0x10, 0x3f, 0xf4, 0x00, 0x00, 0x00, 0x00, 0x1f, 0xf3, 0x03, 0xff, 0x15,
    0xef, 0xc2, 0xdf, 0xa0, 0x00, 0x00, 0x00, 0x00, 0x1f, 0xf3, 0x06, 0xfd, 0x00, 0x3e, 0xff, 0xfe,
    0x10, 0x00, 0x00, 0x00, 0x00, 0x1f, 0xf3, 0x0b, 0xfa, 0x00, 0x02, 0xef, 0xf9, 0x00, 0x00, 0x00,
    0x00, 0x00, 0x1f, 0xf3, 0x1f, 0xf5, 0x00, 0x1b, 0xff, 0xff, 0x60, 0x00, 0x00, 0x00, 0x00, 0x1f,
    0xf3, 0x9f, 0xf1, 0x05, 0xef, 0xf8, 0xbf, 0xf8, 0x00, 0x00, 0x00, 0x00, 0x1f, 0xf6, 0xff, 0x84,
    0xdf, 0xfe, 0x40, 0x0b, 0xff, 0x80, 0x00, 0x00, 0x00, 0x2f, 0xf4, 0x6d, 0x12, 0xef, 0x92, 0x00,
    0x00, 0xbf, 0x60, 0x00, 0x00, 0x07, 0xff, 0xfe, 0x51, 0x00, 0x42, 0x00, 0x00, 0x00, 0x14, 0x00,
    0x00, 0x00, 0xaf, 0xfb, 0xcf, 0xfe, 0xa6, 0x44, 0x32, 0x33, 0x44, 0x56, 0x79, 0x10, 0x02, 0xff,
    0x90, 0x04, 0xdf, 0xff, 0xff, 0xff, 0xff, 0xff, 0xff, 0xfd, 0x00, 0x00, 0x7c, 0x00, 0x00, 0x03,
    0x7b, 0xde, 0xff, 0xff, 0xee, 0xdd, 0xc7, 0x00, 0x00, 0x01, 0x00, 0x00, 0x00, 0x00, 0x00, 0x00,
    0x00, 0x00, 0x00, 0x00, 0x00, 0x00, 0x00, 0x00, 0x00, 0x00, 0x00, 0x00, 0x00, 0x00, 0x00, 0x00,
    0x00, 0x00, 0x00, 0x00, 0x00, 0x00, 0x00, 0x00, 0x00, 0x00, 0x00, 0x00, 0x00, 0x00, 0x00, 0x00,
    0x00, 0x00, 0x00, 0x00, 0x00, 0x00, 0x00, 0x00, 0x00, 0x00, 0x00, 0x00, 0x00, 0x06, 0xc2, 0x00,
    0x00, 0x00, 0x9f, 0x90, 0x00, 0xef, 0x40, 0x00, 0x00, 0x00, 0x1d, 0xfd, 0x20, 0x00, 0x00, 0x9f,
    0x90, 0x00, 0xef, 0x40, 0x00, 0x00, 0x00, 0x02, 0xdf, 0xd1, 0x00, 0x00, 0x9f, 0x90, 0x00, 0xef,
    0x40, 0x00, 0x00, 0x00, 0x00, 0x2e, 0xfb, 0x02, 0x33, 0xaf, 0xa3, 0x33, 0xef, 0x63, 0x31, 0x00,
    0x00, 0x00, 0x04, 0xf7, 0x0d, 0xff, 0xff, 0xff, 0xff, 0xff, 0xff, 0xf4, 0x00, 0x00, 0x00, 0x00,
    0x20, 0x0d, 0xff, 0xff, 0xff, 0xff, 0xff, 0xff, 0xf4, 0x00, 0x00, 0x00, 0x00, 0x00, 0x00, 0x00,
    0x9f, 0x90, 0x00, 0xef, 0x40, 0x00, 0x00, 0x00, 0x00, 0x00, 0x00, 0x00, 0x00, 0x9f, 0x90, 0x00,
    0xef, 0x40, 0x00, 0x00, 0x00, 0x12, 0x22, 0x21, 0x00, 0x00, 0x9f, 0x90, 0x00, 0xef, 0x40, 0x00,
    0x00, 0x00, 0xdf, 0xff, 0xf6, 0x00, 0x00, 0xaf, 0x90, 0x00, 0xef, 0x40, 0x00, 0x00, 0x00, 0xdf,
    0xff, 0xf6, 0x1f, 0xff, 0xff, 0xff, 0xff, 0xff, 0xff, 0xfb, 0x00, 0x00, 0x00, 0x0c, 0xf6, 0x1f,
    0xff, 0xff, 0xff, 0xff, 0xff, 0xff, 0xfb, 0x00, 0x00, 0x00, 0x0c, 0xf6, 0x03, 0x34, 0xff, 0x53,
    0x33, 0xef, 0x63, 0x32, 0x00, 0x00, 0x00, 0x0c, 0xf6, 0x00, 0x07, 0xff, 0x10, 0x00, 0xef, 0x40,
    0x00, 0x00, 0x00, 0x00, 0x0c, 0xf6, 0x00, 0x0c, 0xfb, 0x00, 0x00, 0xef, 0x40, 0x00, 0x00, 0x00,
    0x00, 0x0c, 0xf6, 0x00, 0x5f, 0xf5, 0x00, 0x00, 0xef, 0x40, 0x00, 0x00, 0x00, 0x00, 0x0c, 0xf6,
    0x03, 0xef, 0xc0, 0x00, 0x00, 0xef, 0x40, 0x00, 0x00, 0x00, 0x00, 0x1d, 0xf7, 0x03, 0xee, 0x30,
    0x00, 0x00, 0xef, 0x40, 0x00, 0x00, 0x00, 0x05, 0xef, 0xff, 0x81, 0x44, 0x00, 0x00, 0x00, 0x78,
    0x20, 0x00, 0x00, 0x00, 0x7f, 0xfb, 0x7e, 0xfe, 0x95, 0x43, 0x21, 0x22, 0x33, 0x45, 0x68, 0x10,
    0x01, 0xef, 0xa0, 0x01, 0xaf, 0xff, 0xff, 0xff, 0xff, 0xff, 0xff, 0xfd, 0x00, 0x00, 0x5d, 0x10,
    0x00, 0x02, 0x7b, 0xde, 0xff, 0xff, 0xee, 0xed, 0xc8, 0x00, 0x00, 0x02, 0x00, 0x00, 0x00, 0x00,
    0x00, 0x00, 0x00, 0x00, 0x00, 0x00, 0x00, 0x00, 0x00, 0x00, 0x00, 0x00, 0x00, 0x00, 0x00, 0x00,
    0x00, 0x00, 0x00, 0x00, 0x00, 0x00, 0x00, 0x00, 0x00, 0x00, 0x00, 0x00, 0x00, 0x00, 0x00, 0x00,
    0x00, 0x00, 0x00, 0x20, 0x00, 0x00, 0x00, 0x06, 0x40, 0x00, 0x00, 0x00, 0x00, 0x00, 0x00, 0x09,
    0xf4, 0x00, 0x00, 0x00, 0x1e, 0xf8, 0x00, 0x00, 0x00, 0x00, 0x00, 0x00, 0x0a, 0xfe, 0x30, 0x00,
    0x00, 0x4f, 0xf3, 0x00, 0x00, 0x00, 0x00, 0x00, 0x00, 0x01, 0xcf, 0xd1, 0x3f, 0xff, 0xff, 0xff,
    0xff, 0xff, 0xff, 0xf4, 0x00, 0x00, 0x00, 0x2f, 0xf9, 0x3f, 0xff, 0xff, 0xff, 0xff, 0xff, 0xff,
    0xf4, 0x00, 0x00, 0x00, 0x07, 0xf6, 0x00, 0x06, 0xfe, 0x10, 0x00, 0x00, 0x00, 0x00, 0x00, 0x00,
    0x00, 0x00, 0x30, 0x00, 0x0c, 0xf8, 0x03, 0xdd, 0x20, 0x00, 0x00, 0x00, 0x00, 0x00, 0x00, 0x00,
    0x00, 0x5f, 0xe1, 0x03, 0xff, 0x20, 0x00, 0x00, 0x00, 0x00, 0x11, 0x11, 0x10, 0x00, 0xdf, 0x90,
    0x03, 0xff, 0x20, 0x00, 0x00, 0x00, 0x00, 0xff, 0xff, 0xf2, 0x09, 0xff, 0xff, 0xff, 0xff, 0xff,
    0xff, 0x80, 0x00, 0x00, 0xff, 0xff, 0xf2, 0x05, 0xff, 0xff, 0xff, 0xff, 0xff, 0xff, 0x80, 0x00,
    0x00, 0x00, 0x0f, 0xf2, 0x01, 0x53, 0x22, 0x25, 0xff, 0x32, 0x22, 0x10, 0x00, 0x00, 0x00, 0x0f,
    0xf2, 0x00, 0x00, 0x00, 0x03, 0xff, 0x20, 0x00, 0x00, 0x00, 0x00, 0x00, 0x0f, 0xf2, 0x00, 0x00,
    0x00, 0x03, 0xff, 0x20, 0x00, 0x00, 0x00, 0x00, 0x00, 0x0f, 0xf2, 0x6f, 0xff, 0xff, 0xff, 0xff,
    0xff, 0xff, 0xfa, 0x00, 0x00, 0x00, 0x0f, 0xf2, 0x6f, 0xff, 0xff, 0xff, 0xff, 0xff, 0xff, 0xfa,
    0x00, 0x00, 0x00, 0x0f, 0xf2, 0x12, 0x22, 0x22, 0x25, 0xff, 0x42, 0x22, 0x21, 0x00, 0x00, 0x00,
    0x0f, 0xf2, 0x00, 0x00, 0x00, 0x03, 0xff, 0x20, 0x00, 0x00, 0x00, 0x00, 0x00, 0x5f, 0xf4, 0x00,
    0x00, 0x00, 0x03, 0xff, 0x20, 0x00, 0x00, 0x00, 0x00, 0x09, 0xff, 0xff, 0x70, 0x00, 0x00, 0x03,
    0xff, 0x20, 0x00, 0x00, 0x00, 0x00, 0xaf, 0xfa, 0xaf, 0xfd, 0x74, 0x22, 0x11, 0x67, 0x22, 0x34,
    0x57, 0x30, 0x04, 0xff, 0xa0, 0x05, 0xef, 0xff, 0xff, 0xff, 0xff, 0xff, 0xff, 0xff, 0x20, 0x00,
    0xae, 0x10, 0x00, 0x17, 0xcf, 0xff, 0xff, 0xff, 0xff, 0xff, 0xfd, 0x00, 0x00, 0x14, 0x00, 0x00,
    0x00, 0x00, 0x23, 0x44, 0x44, 0x33, 0x22, 0x10, 0x00, 0x00, 0x00, 0x00, 0x00, 0x00, 0x00, 0x00,
    0x00, 0x00, 0x00, 0x00, 0x00, 0x00, 0x00, 0x00, 0x00, 0x00, 0x00, 0x00, 0x00, 0x00, 0x00, 0x00,
    0x00, 0x00, 0x00, 0x00, 0x00, 0x00, 0x00, 0x00, 0x00, 0x00, 0x27, 0x40, 0x00, 0x00, 0x00, 0x00,
    0x00, 0x00, 0x00, 0x00, 0x00, 0x00, 0x00, 0xbf, 0xc0, 0x00, 0x00, 0x00, 0x00, 0x00, 0x08, 0xb2,
    0x00, 0x00, 0x00, 0x00, 0x4f, 0xf5, 0x00, 0x00, 0x00, 0x00, 0x00, 0x3f, 0xfe, 0x50, 0x01, 0x11,
    0x11, 0x1d, 0xfb, 0x11, 0x11, 0x11, 0x00, 0x00, 0x03, 0xdf, 0xf7, 0x0f, 0xff, 0xff, 0xff, 0xff,
    0xff, 0xff, 0xfd, 0x00, 0x00, 0x00, 0x1a, 0xfd, 0x1f, 0xff, 0xff, 0xff, 0xff, 0xff, 0xff, 0xfd,
    0x00, 0x00, 0x00, 0x00, 0x82, 0x00, 0x00, 0x0a, 0xf6, 0x09, 0xf8, 0x00, 0x00, 0x00, 0x00, 0x00,
    0x00, 0x00, 0x00, 0x20, 0x0a, 0xf6, 0x09, 0xf8, 0x01, 0x00, 0x00, 0x00, 0x00, 0x00, 0x00, 0x00,
    0xef, 0x2a, 0xf6, 0x09, 0xf8, 0xbf, 0x20, 0x00, 0x00, 0xdf, 0xff, 0xf3, 0x04, 0xfd, 0x0b, 0xf5,
    0x09, 0xf8, 0x8f, 0x90, 0x00, 0x00, 0xdf, 0xff, 0xf3, 0x09, 0xf8, 0x0b, 0xf5, 0x09, 0xf8, 0x2f,
    0xe1, 0x00, 0x00, 0x22, 0x2f, 0xf3, 0x1e, 0xf3, 0x0d, 0xf3, 0x09, 0xf8, 0x0b, 0xf6, 0x00, 0x00,
    0x00, 0x0f, 0xf3, 0x9f, 0xc0, 0x1f, 0xf1, 0x09, 0xf8, 0x06, 0xfa, 0x00, 0x00, 0x00, 0x0f, 0xf6,
    0xff, 0x50, 0x4f, 0xd0, 0x09, 0xf8, 0x01, 0xfe, 0x00, 0x00, 0x00, 0x0f, 0xf4, 0x9b, 0x00, 0xbf,
    0xa0, 0x09, 0xf8, 0x00, 0xdc, 0x20, 0x00, 0x00, 0x0f, 0xf3, 0x00, 0x02, 0xff, 0x30, 0x09, 0xf8,
    0x00, 0x10, 0x00, 0x00, 0x00, 0x0f, 0xf3, 0x00, 0x0a, 0xfc, 0x00, 0x09, 0xf8, 0x00, 0x00, 0x00,
    0x00, 0x00, 0x0f, 0xf3, 0x00, 0x6f, 0xf5, 0x00, 0x0a, 0xf8, 0x00, 0x00, 0x00, 0x00, 0x00, 0x0f,
    0xf3, 0x05, 0xff, 0x90, 0x1f, 0xff, 0xf6, 0x00, 0x00, 0x00, 0x00, 0x01, 0xaf, 0xfd, 0x51, 0x9a,
    0x00, 0x0a, 0xfd, 0x90, 0x00, 0x00, 0x00, 0x00, 0x3e, 0xfd, 0xae, 0xfd, 0x84, 0x21, 0x10, 0x00,
    0x12, 0x23, 0x45, 0x00, 0x01, 0xef, 0xd1, 0x01, 0xaf, 0xff, 0xff, 0xff, 0xff, 0xff, 0xff, 0xfc,
    0x00, 0x00, 0x6e, 0x20, 0x00, 0x01, 0x7c, 0xef, 0xff, 0xff, 0xff, 0xfe, 0xd7, 0x00, 0x00, 0x02,
    0x00, 0x00, 0x00, 0x00, 0x01, 0x11, 0x11, 0x10, 0x00, 0x00, 0x00, 0x00, 0x00, 0x00, 0x00, 0x00,
    0x00, 0x00, 0x00, 0x00, 0x00, 0x00, 0x00, 0x00, 0x00, 0x00, 0x00, 0x00, 0x00, 0x00, 0x00, 0x00,
    0x00, 0x00, 0x00, 0x00, 0x00, 0x00, 0x05, 0xb1, 0x00, 0x00, 0x9d, 0xdd, 0xdd, 0xdd, 0xdd, 0xd8,
    0x00, 0x00, 0x00, 0x2e, 0xfb, 0x10, 0x00, 0xaf, 0xff, 0xff, 0xff, 0xff, 0xfa, 0x00, 0x00, 0x00,
    0x04, 0xff, 0xa0, 0x00, 0xaf, 0x90, 0x00, 0x00, 0x09, 0xfa, 0x00, 0x00, 0x00, 0x00, 0x6f, 0xf6,
    0x00, 0xaf, 0x90, 0x00, 0x00, 0x09, 0xfa, 0x00, 0x00, 0x00, 0x00, 0x0a, 0xfa, 0x00, 0xaf, 0xda,
    0xaa, 0xaa, 0xad, 0xfa, 0x00, 0x00, 0x00, 0x00, 0x01, 0x60, 0x00, 0xaf, 0xff, 0xff, 0xff, 0xff,
    0xfa, 0x00, 0x00, 0x00, 0x00, 0x00, 0x00, 0x00, 0xaf, 0x90, 0x00, 0x00, 0x09, 0xfa, 0x00, 0x00,
    0x00, 0x00, 0x00, 0x00, 0x00, 0xaf, 0x90, 0x00, 0x00, 0x09, 0xfa, 0x00, 0x00, 0x00, 0xdf, 0xff,
    0xf6, 0x00, 0xaf, 0xed, 0xdd, 0xdd, 0xde, 0xfa, 0x00, 0x00, 0x00, 0xdf, 0xff, 0xf6, 0x00, 0xaf,
    0xff, 0xff, 0xff, 0xff, 0xfa, 0x00, 0x00, 0x00, 0x11, 0x1c, 0xf6, 0x00, 0xaf, 0x90, 0x02, 0x20,
    0x00, 0x3d, 0xa0, 0x00, 0x00, 0x00, 0x0c, 0xf6, 0x00, 0xaf, 0x90, 0x4e, 0xe4, 0x05, 0xef, 0xd3,
    0x00, 0x00, 0x00, 0x0c, 0xf6, 0x00, 0xaf, 0x90, 0x09, 0xff, 0xbf, 0xf9, 0x10, 0x00, 0x00, 0x00,
    0x0c, 0xf6, 0x00, 0xaf, 0x90, 0x00, 0x7f, 0xff, 0x50, 0x00, 0x00, 0x00, 0x00, 0x0c, 0xf6, 0x00,
    0xbf, 0x90, 0x03, 0x35, 0xff, 0xa0, 0x00, 0x00, 0x00, 0x00, 0x0c, 0xf6, 0x00, 0xef, 0xcb, 0xff,
    0x70, 0x4e, 0xfa, 0x00, 0x00, 0x00, 0x00, 0x0c, 0xf6, 0x08, 0xff, 0xff, 0xfc, 0x50, 0x04, 0xef,
    0xa0, 0x00, 0x00, 0x00, 0x0d, 0xf7, 0x03, 0xfe, 0xa6, 0x20, 0x00, 0x00, 0x5f, 0x70, 0x00, 0x00,
    0x02, 0xcf, 0xff, 0xa1, 0x40, 0x00, 0x00, 0x00, 0x00, 0x02, 0x00, 0x00, 0x00, 0x4e, 0xfd, 0x9e,
    0xff, 0xb6, 0x32, 0x10, 0x11, 0x22, 0x34, 0x57, 0x10, 0x01, 0xef, 0xc1, 0x01, 0x8e, 0xff, 0xff,
    0xff, 0xff, 0xff, 0xff, 0xfe, 0x00, 0x00, 0x7d, 0x10, 0x00, 0x01, 0x5a, 0xce, 0xff, 0xff, 0xee,
    0xdd, 0xc8, 0x00, 0x00, 0x01, 0x00, 0x00, 0x00, 0x00, 0x00, 0x00, 0x00, 0x00, 0x00, 0x00, 0x00,
    0x00, 0x00, 0x00, 0x00, 0x00, 0x00, 0x00, 0x00, 0x00, 0x00, 0x00, 0x00, 0x00, 0x00, 0x00, 0x00,
    0x00, 0x00, 0x00, 0x00, 0x00, 0x00, 0x00, 0x00, 0x00, 0x00, 0x00, 0x00, 0x00, 0x00, 0x00, 0x00,
    0x00, 0x04, 0x64, 0x00, 0x00, 0x00, 0x00, 0x00, 0x05, 0x40, 0x00, 0x00, 0x07, 0x72, 0x0a, 0xf9,
    0x00, 0x00, 0x00, 0x00, 0x00, 0x6f, 0xe4, 0x00, 0x00, 0x1e, 0xf6, 0x0a, 0xf9, 0x00, 0x00, 0x00,
    0x00, 0x00, 0x1d, 0xff, 0x40, 0x00, 0x5f, 0xf1, 0x0a, 0xf9, 0x00, 0x00, 0x00, 0x00, 0x00, 0x02,
    0xdf, 0xe2, 0x00, 0xbf, 0xff, 0xff, 0xff, 0xff, 0xff, 0xe0, 0x00, 0x00, 0x00, 0x2e, 0xf8, 0x04,
    0xff, 0xee, 0xef, 0xff, 0xee, 0xee, 0xd0, 0x00, 0x00, 0x00, 0x04, 0x60, 0x1d, 0xfa, 0x00, 0x0a,
    0xf9, 0x00, 0x00, 0x00, 0x00, 0x00, 0x00, 0x00, 0x00, 0x19, 0xd1, 0x00, 0x0a, 0xf9, 0x00, 0x00,
    0x00, 0x00, 0x00, 0x00, 0x00, 0x00, 0x00, 0x10, 0x00, 0x0a, 0xf9, 0x00, 0x00, 0x00, 0x00, 0x00,
    0x00, 0x00, 0x00, 0x5f, 0xff, 0xff, 0xff, 0xff, 0xff, 0xff, 0xfd, 0x00, 0x00, 0xbf, 0xff, 0xf3,
    0x5f, 0xff, 0xff, 0xff, 0xff, 0xff, 0xff, 0xfd, 0x00, 0x00, 0xbf, 0xff, 0xf3, 0x12, 0x22, 0x6f,
    0xf2, 0x2d, 0xf7, 0x22, 0x21, 0x00, 0x00, 0x12, 0x2e, 0xf3, 0x00, 0x00, 0x7f, 0xc0, 0x0c, 0xf6,
    0x00, 0x00, 0x00, 0x00, 0x00, 0x0e, 0xf3, 0x00, 0x00, 0xcf, 0x90, 0x0c, 0xf6, 0x00, 0x00, 0x00,
    0x00, 0x00, 0x0e, 0xf3, 0x00, 0x03, 0xff, 0x40, 0x0c, 0xf6, 0x00, 0x71, 0x00, 0x00, 0x00, 0x0e,
    0xf3, 0x00, 0x2d, 0xfd, 0x00, 0x0c, 0xf6, 0x00, 0xdf, 0x10, 0x00, 0x00, 0x0e, 0xf3, 0x04, 0xdf,
    0xf3, 0x00, 0x0c, 0xf7, 0x01, 0xff, 0x00, 0x00, 0x00, 0x0e, 0xf3, 0x9f, 0xff, 0x50, 0x00, 0x0b,
    0xff, 0xff, 0xfc, 0x00, 0x00, 0x00, 0x0e, 0xf6, 0x2e, 0xb3, 0x00, 0x00, 0x04, 0xef, 0xff, 0xe4,
    0x00, 0x00, 0x00, 0x7f, 0xff, 0xb4, 0x00, 0x00, 0x00, 0x00, 0x02, 0x22, 0x00, 0x00, 0x00, 0x1c,
    0xff, 0xcd, 0xff, 0xa5, 0x32, 0x10, 0x00, 0x12, 0x23, 0x56, 0x10, 0x00, 0xcf, 0xf7, 0x00, 0x7f,
    0xff, 0xff, 0xff, 0xff, 0xff, 0xff, 0xfe, 0x00, 0x00, 0x5f, 0x70, 0x00, 0x01, 0x6b, 0xef, 0xff,
    0xff, 0xff, 0xff, 0xea, 0x00, 0x00, 0x04, 0x00, 0x00, 0x00, 0x00, 0x01, 0x22, 0x22, 0x11, 0x00,
    0x00, 0x00, 0x00, 0x00, 0x00, 0x00, 0x00, 0x00, 0x00, 0x00, 0x00, 0x00, 0x00, 0x00, 0x00, 0x00,
    0x00, 0x00, 0x00, 0x00, 0x00, 0x00, 0x00, 0x00, 0x00, 0x00, 0x00, 0x00, 0x00, 0x00, 0x00, 0x00,
    0x00, 0x00, 0x00, 0x18, 0x81, 0x00, 0x00, 0x00, 0x00, 0x00, 0x02, 0x30, 0x00, 0x00, 0x00, 0x00,
    0x2f, 0xf1, 0x00, 0x00, 0x00, 0x00, 0x00, 0x4e, 0xe3, 0x00, 0x00, 0x00, 0x00, 0x2f, 0xf1, 0x00,
    0x00, 0x00, 0x00, 0x00, 0x1d, 0xfe, 0x30, 0x5f, 0xff, 0xff, 0xff, 0xff, 0xff, 0xff, 0xfb, 0x00,
    0x00, 0x02, 0xdf, 0xd1, 0x5e, 0xee, 0xee, 0xef, 0xfe, 0xee, 0xee, 0xea, 0x00, 0x00, 0x00, 0x3f,
    0xfa, 0x00, 0x00, 0x00, 0x2f, 0xf1, 0x00, 0x00, 0x00, 0x00, 0x00, 0x00, 0x06, 0xd2, 0x00, 0x00,
    0x00, 0x2f, 0xf1, 0x00, 0x00, 0x00, 0x00, 0x00, 0x00, 0x00, 0x10, 0x08, 0xff, 0xff, 0xff, 0xff,
    0xff, 0xff, 0xb0, 0x00, 0x00, 0x00, 0x00, 0x00, 0x08, 0xfe, 0xcc, 0xcf, 0xfc, 0xcc, 0xdf, 0xb0,
    0x00, 0x00, 0x22, 0x22, 0x21, 0x08, 0xf9, 0x00, 0x2f, 0xf1, 0x00, 0x7f, 0xb0, 0x00, 0x00, 0xef,
    0xff, 0xf7, 0x08, 0xf9, 0x00, 0x2f, 0xf1, 0x00, 0x7f, 0xb0, 0x00, 0x00, 0xef, 0xff, 0xf7, 0x08,
    0xfe, 0xbb, 0xcf, 0xfc, 0xbb, 0xdf, 0xb0, 0x00, 0x00, 0x00, 0x0a, 0xf7, 0x08, 0xff, 0xff, 0xff,
    0xff, 0xff, 0xff, 0xb0, 0x00, 0x00, 0x00, 0x0a, 0xf7, 0x00, 0x00, 0x08, 0xff, 0xff, 0x80, 0x00,
    0x00, 0x00, 0x00, 0x00, 0x0a, 0xf7, 0x00, 0x00, 0x6f, 0xff, 0xff, 0xfc, 0x20, 0x00, 0x00, 0x00,
    0x00, 0x0a, 0xf7, 0x00, 0x07, 0xff, 0x5f, 0xf4, 0xdf, 0xe5, 0x00, 0x00, 0x00, 0x00, 0x0a, 0xf7,
    0x01, 0xbf, 0xf5, 0x2f, 0xf1, 0x1b, 0xff, 0x70, 0x00, 0x00, 0x00, 0x0a, 0xf7, 0x6e, 0xff, 0x60,
    0x2f, 0xf1, 0x00, 0x8f, 0xf3, 0x00, 0x00, 0x00, 0x0a, 0xf8, 0x2d, 0xc3, 0x00, 0x2f, 0xf1, 0x00,
    0x08, 0x70, 0x00, 0x00, 0x01, 0x9f, 0xfe, 0x73, 0x00, 0x00, 0x2f, 0xf1, 0x00, 0x00, 0x00, 0x00,
    0x00, 0x3d, 0xfe, 0xbe, 0xfe, 0xa5, 0x22, 0x10, 0x11, 0x12, 0x23, 0x46, 0x10, 0x01, 0xef, 0xd2,
    0x01, 0x9f, 0xff, 0xff, 0xff, 0xff, 0xff, 0xff, 0xfd, 0x00, 0x00, 0x6e, 0x20, 0x00, 0x01, 0x5a,
    0xde, 0xff, 0xff, 0xfe, 0xed, 0xd8, 0x00, 0x00, 0x02, 0x00, 0x00, 0x00, 0x00, 0x00, 0x00, 0x00,
    0x00, 0x00, 0x00, 0x00, 0x00, 0x00, 0x00, 0x00, 0x00, 0x00, 0x00, 0x00, 0x00, 0x00, 0x00, 0x00,
    0x00, 0x00, 0x00, 0x00, 0x00, 0x00, 0x00, 0x00, 0x00, 0x00, 0x00, 0x00, 0x00, 0x00, 0x00, 0xcf,
    0xff, 0xff, 0xff, 0xff, 0xf1, 0x23, 0x33, 0x33, 0x33, 0x31, 0x00, 0x00, 0xcf, 0xff, 0xff, 0xff,
    0xff, 0xf1, 0xef, 0xff, 0xff, 0xff, 0xf6, 0x00, 0x00, 0x00, 0x07, 0xf2, 0xae, 0x00, 0x00, 0xef,
    0xff, 0xff, 0xff, 0xf6, 0x00, 0x00, 0x00, 0x06, 0xf2, 0xae, 0x00, 0x00, 0x00, 0x00, 0x00, 0x0c,
    0xf6, 0x00, 0x00, 0x00, 0x06, 0xf2, 0xae, 0x00, 0x00, 0x00, 0x00, 0x00, 0x0c, 0xf6, 0x00, 0x00,
    0x4f, 0xff, 0xff, 0xff, 0xff, 0x80, 0x00, 0x00, 0x00, 0x0c, 0xf6, 0x00, 0x00, 0x4f, 0xee, 0xfe,
    0xfe, 0xef, 0x80, 0x00, 0x00, 0x00, 0x0c, 0xf6, 0x00, 0x00, 0x4f, 0x81, 0xf1, 0xc5, 0x4f, 0x80,
    0x00, 0x00, 0x00, 0x0c, 0xf6, 0x00, 0x00, 0x4f, 0x81, 0xf1, 0xc5, 0x4f, 0x80, 0xcf, 0xff, 0xff,
    0xff, 0xf6, 0x00, 0x00, 0x4f, 0x82, 0xe0, 0xc5, 0x4f, 0x80, 0xcf, 0xff, 0xff, 0xff, 0xf6, 0x00,
    0x00, 0x4f, 0x84, 0xc0, 0xc5, 0x4f, 0x80, 0xcf, 0x83, 0x33, 0x3d, 0xf6, 0x00, 0x00, 0x4f, 0x88,
    0x90, 0xc7, 0x7f, 0x80, 0xcf, 0x60, 0x00, 0x0c, 0xf6, 0x00, 0x00, 0x4f, 0xbf, 0x30, 0x9f, 0xff,
    0x80, 0xcf, 0x60, 0x00, 0x03, 0x31, 0x00, 0x00, 0x4f, 0x96, 0x00, 0x00, 0x4f, 0x80, 0xcf, 0x60,
    0x00, 0x00, 0x00, 0x00, 0x00, 0x4f, 0x80, 0x00, 0x00, 0x4f, 0x80, 0xcf, 0x60, 0x00, 0x00, 0x00,
    0x00, 0x00, 0x4f, 0xff, 0xff, 0xff, 0xff, 0x80, 0xcf, 0x60, 0x00, 0x00, 0x10, 0x00, 0x00, 0x4f,
    0xca, 0xaa, 0xaa, 0xbf, 0x80, 0xcf, 0x60, 0x00, 0x00, 0xb8, 0x10, 0x00, 0x4f, 0x80, 0x00, 0x00,
    0x4f, 0x80, 0xcf, 0x60, 0x00, 0x00, 0xdf, 0x40, 0x00, 0x4f, 0x80, 0x00, 0x00, 0x4f, 0x80, 0xcf,
    0x60, 0x00, 0x00, 0xff, 0x20, 0x00, 0x4f, 0xff, 0xff, 0xff, 0xff, 0x80, 0xbf, 0x90, 0x00, 0x05,
    0xfe, 0x00, 0x00, 0x4f, 0xec, 0xcc, 0xcc, 0xdf, 0x80, 0x9f, 0xff, 0xff, 0xff, 0xfa, 0x00, 0x00,
    0x4f, 0x80, 0x00, 0x00, 0x4f, 0x80, 0x2c, 0xff, 0xff, 0xff, 0xc2, 0x00, 0x00, 0x27, 0x40, 0x00,
    0x00, 0x12, 0x10, 0x00, 0x12, 0x22, 0x21, 0x00, 0x00, 0x00, 0x00, 0x00, 0x00, 0x00, 0x00, 0x00,
    0x00, 0x00, 0x00, 0x00, 0x00, 0x00, 0x00, 0x00, 0x00, 0x00, 0x00, 0x00, 0x00, 0x00, 0x00, 0x00,
    0x00, 0x00, 0x00, 0x00, 0x00, 0x00, 0x00, 0x00, 0x00, 0x00, 0x00, 0x00, 0x25, 0x30, 0x00, 0x00,
    0x00, 0x00, 0x01, 0x23, 0x44, 0x56, 0x78, 0xab, 0xdf, 0xff, 0xc0, 0x00, 0x00, 0x00, 0x00, 0xbf,
    0xff, 0xff, 0xff, 0xff, 0xff, 0xff, 0xec, 0xa2, 0x00, 0x00, 0x00, 0x00, 0x6b, 0xaa, 0x99, 0x8a,
    0xff, 0x53, 0x20, 0x00, 0x00, 0x00, 0x00, 0x00, 0x00, 0x00, 0x00, 0x00, 0x04, 0xff, 0x00, 0x00,
    0x00, 0x00, 0x00, 0x00, 0x00, 0xaf, 0xff, 0xff, 0xff, 0xff, 0xff, 0xff, 0xff, 0xff, 0xff, 0xfb,
    0x00, 0x00, 0x9c, 0xcc, 0xcc, 0xcc, 0xcd, 0xff, 0xdc, 0xcc, 0xcc, 0xcc, 0xc9, 0x00, 0x00, 0x00,
    0x00, 0x00, 0x00, 0x04, 0xff, 0x00, 0x00, 0x00, 0x00, 0x00, 0x00, 0x00, 0x00, 0x4f, 0xff, 0xff,
    0xff, 0xff, 0xff, 0xff, 0xff, 0xf6, 0x00, 0x00, 0x00, 0x00, 0x4f, 0xf8, 0x88, 0x8a, 0xff, 0x98,
    0x88, 0x8e, 0xf6, 0x00, 0x00, 0x00, 0x00, 0x4f, 0xe0, 0x00, 0x04, 0xff, 0x00, 0x00, 0x0d, 0xf6,
    0x00, 0x00, 0x00, 0x00, 0x4f, 0xff, 0xff, 0xff, 0xff, 0xff, 0xff, 0xff, 0xf6, 0x00, 0x00, 0x00,
    0x00, 0x4f, 0xe6, 0x66, 0x68, 0xff, 0x76, 0x66, 0x6e, 0xf6, 0x00, 0x00, 0x00, 0x00, 0x4f, 0xe0,
    0x00, 0x04, 0xff, 0x00, 0x00, 0x0d, 0xf6, 0x00, 0x00, 0x00, 0x00, 0x4f, 0xf9, 0x99, 0x9a, 0xff,
    0x99, 0x99, 0x9e, 0xf6, 0x00, 0x00, 0x00, 0x00, 0x4f, 0xff, 0xff, 0xff, 0xff, 0xff, 0xff, 0xff,
    0xf6, 0x00, 0x00, 0x00, 0x00, 0x00, 0x00, 0x00, 0x04, 0xff, 0x00, 0x00, 0x00, 0x00, 0x00, 0x00,
    0x00, 0x00, 0xbb, 0xbb, 0xbb, 0xbc, 0xff, 0xbb, 0xbb, 0xbb, 0xbb, 0x30, 0x00, 0x00, 0x00, 0xff,
    0xff, 0xff, 0xff, 0xff, 0xff, 0xff, 0xff, 0xff, 0x50, 0x00, 0x00, 0x00, 0x00, 0x00, 0x00, 0x04,
    0xff, 0x00, 0x00, 0x00, 0x00, 0x00, 0x00, 0x00, 0x00, 0x00, 0x00, 0x00, 0x04, 0xff, 0x00, 0x00,
    0x00, 0x00, 0x00, 0x00, 0x00, 0xcf, 0xff, 0xff, 0xff, 0xff, 0xff, 0xff, 0xff, 0xff, 0xff, 0xfd,
    0x00, 0x00, 0xac, 0xcc, 0xcc, 0xcc, 0xcc, 0xcc, 0xcc, 0xcc, 0xcc, 0xcc, 0xcb, 0x00, 0x00, 0x00,
    0x00, 0x00, 0x00, 0x00, 0x00, 0x00, 0x00, 0x00, 0x00, 0x00, 0x00, 0x00, 0x00, 0x00, 0x00, 0x00,
    0x00, 0x00, 0x00, 0x00, 0x00, 0x00, 0x00, 0x00, 0x00, 0x00, 0x0c, 0xff, 0xff, 0xff, 0xff, 0xff,
    0xff, 0xff, 0xb0, 0x00, 0x00, 0x00, 0x00, 0x0c, 0xf8, 0x44, 0x44, 0x44, 0x44, 0x44, 0xaf, 0xb0,
    0x00, 0x00, 0x00, 0x00, 0x0c, 0xf7, 0x33, 0x33, 0x33, 0x33, 0x33, 0x9f, 0xb0, 0x00, 0x00, 0x00,
    0x00, 0x0c, 0xff, 0xff, 0xff, 0xff, 0xff, 0xff, 0xff, 0xb0, 0x00, 0x00, 0x00, 0x00, 0x0c, 0xf6,
    0x00, 0x00, 0x00, 0x00, 0x00, 0x8f, 0xb0, 0x00, 0x00, 0x00, 0x00, 0x0c, 0xff, 0xff, 0xff, 0xff,
    0xff, 0xff, 0xff, 0xb0, 0x00, 0x00, 0x00, 0x00, 0x03, 0x33, 0x33, 0x33, 0x33, 0x33, 0x33, 0x33,
    0x30, 0x00, 0x00, 0x00, 0x8a, 0xaa, 0xaa, 0xaa, 0xaa, 0xaa, 0xaa, 0xaa, 0xaa, 0xaa, 0xa8, 0x00,
    0x00, 0xcf, 0xff, 0xff, 0xff, 0xff, 0xff, 0xff, 0xff, 0xff, 0xff, 0xfd, 0x00, 0x00, 0x00, 0x00,
    0x00, 0x00, 0x00, 0x00, 0x00, 0x00, 0x00, 0x00, 0x00, 0x00, 0x00, 0x00, 0x3f, 0xff, 0xff, 0xff,
    0xff, 0xff, 0xff, 0xff, 0xf6, 0x00, 0x00, 0x00, 0x00, 0x3f, 0xe4, 0x44, 0x46, 0xff, 0x54, 0x44,
    0x4d, 0xf6, 0x00, 0x00, 0x00, 0x00, 0x3f, 0xe3, 0x33, 0x35, 0xff, 0x43, 0x33, 0x3d, 0xf6, 0x00,
    0x00, 0x00, 0x00, 0x3f, 0xff, 0xff, 0xff, 0xff, 0xff, 0xff, 0xff, 0xf6, 0x00, 0x00, 0x00, 0x00,
    0x3f, 0xd0, 0x00, 0x02, 0xff, 0x10, 0x00, 0x0d, 0xf6, 0x00, 0x00, 0x00, 0x00, 0x3f, 0xff, 0xff,
    0xff, 0xff, 0xff, 0xff, 0xff, 0xf6, 0x00, 0x00, 0x00, 0x00, 0x14, 0x44, 0x44, 0x46, 0xff, 0x54,
    0x44, 0x44, 0x42, 0x00, 0x00, 0x00, 0x00, 0x67, 0x77, 0x77, 0x79, 0xff, 0x87, 0x77, 0x77, 0x77,
    0x00, 0x00, 0x00, 0x00, 0xdf, 0xff, 0xff, 0xff, 0xff, 0xff, 0xff, 0xff, 0xfd, 0x00, 0x00, 0x00,
    0x00, 0x00, 0x00, 0x00, 0x02, 0xff, 0x10, 0x00, 0x00, 0x00, 0x00, 0x00, 0x00, 0xab, 0xbb, 0xbb,
    0xbb, 0xbb, 0xff, 0xbb, 0xbb, 0xbb, 0xbb, 0xba, 0x00, 0x00, 0xef, 0xff, 0xff, 0xff, 0xff, 0xff,
    0xff, 0xff, 0xff, 0xff, 0xff, 0x00, 0x00, 0x00, 0x00, 0x00, 0x00, 0x00, 0x00, 0x00, 0x00, 0x00,
    0x00, 0x00, 0x00, 0x00, 0x00, 0x00, 0x00, 0x00, 0x00, 0x00, 0x00, 0x00, 0x00, 0x00, 0x00, 0x00,
    0x00, 0x00, 0x00, 0x00, 0x00, 0x00, 0x68, 0x10, 0x00, 0x00, 0x00, 0x00, 0x00, 0x00, 0x00, 0x00,
    0x00, 0x00, 0x03, 0xff, 0xb0, 0x00, 0x00, 0x00, 0x00, 0x00, 0x00, 0x00, 0x00, 0x00, 0x00, 0x2e,
    0xff, 0xb1, 0x00, 0x00, 0x00, 0x00, 0x00, 0x00, 0x00, 0x00, 0x00, 0x03, 0xdf, 0xff, 0xfc, 0x10,
    0x00, 0x00, 0x00, 0x00, 0x00, 0x00, 0x00, 0x00, 0x5e, 0xff, 0x54, 0xef, 0xd4, 0x00, 0x00, 0x00,
    0x00, 0x00, 0x00, 0x00, 0x19, 0xff, 0xf4, 0x00, 0x3e, 0xff, 0x91, 0x00, 0x00, 0x00, 0x00, 0x00,
    0x07, 0xef, 0xfd, 0x30, 0x00, 0x02, 0xbf, 0xfe, 0x71, 0x00, 0x00, 0x00, 0x38, 0xef, 0xff, 0xb2,
    0x22, 0x22, 0x22, 0x28, 0xff, 0xfe, 0x83, 0x00, 0x02, 0xef, 0xff, 0xef, 0xff, 0xff, 0xff, 0xff,
    0xff, 0xfc, 0xff, 0xfe, 0x20, 0x00, 0x5f, 0xb4, 0x5f, 0xff, 0xff, 0xff, 0xff, 0xff, 0xf4, 0x28,
    0xe5, 0x00, 0x00, 0x02, 0x00, 0x00, 0x00, 0x04, 0xff, 0x20, 0x00, 0x00, 0x00, 0x10, 0x00, 0x00,
    0x00, 0x00, 0x00, 0x00, 0x04, 0xff, 0x20, 0x00, 0x00, 0x00, 0x00, 0x00, 0x00, 0x00, 0x00, 0x00,
    0x00, 0x04, 0xff, 0x20, 0x00, 0x00, 0x00, 0x00, 0x00, 0x00, 0x04, 0xff, 0xff, 0xff, 0xff, 0xff,
    0xff, 0xff, 0xff, 0xff, 0x40, 0x00, 0x00, 0x04, 0xff, 0xff, 0xff, 0xff, 0xff, 0xff, 0xff, 0xff,
    0xff, 0x40, 0x00, 0x00, 0x00, 0x11, 0x57, 0x11, 0x15, 0xff, 0x31, 0x11, 0x84, 0x11, 0x00, 0x00,
    0x00, 0x00, 0x03, 0xfe, 0x20, 0x04, 0xff, 0x20, 0x03, 0xff, 0x40, 0x00, 0x00, 0x00, 0x00, 0x00,
    0xbf, 0xa0, 0x04, 0xff, 0x20, 0x09, 0xfc, 0x00, 0x00, 0x00, 0x00, 0x00, 0x00, 0x3f, 0xf2, 0x04,
    0xff, 0x20, 0x2f, 0xf3, 0x00, 0x00, 0x00, 0x00, 0x00, 0x00, 0x0c, 0xf8, 0x04, 0xff, 0x20, 0xaf,
    0x90, 0x00, 0x00, 0x00, 0x00, 0x01, 0x11, 0x16, 0x82, 0x15, 0xff, 0x31, 0x5b, 0x21, 0x11, 0x10,
    0x00, 0x00, 0x6f, 0xff, 0xff, 0xff, 0xff, 0xff, 0xff, 0xff, 0xff, 0xff, 0xf7, 0x00, 0x00, 0x6f,
    0xff, 0xff, 0xff, 0xff, 0xff, 0xff, 0xff, 0xff, 0xff, 0xf7, 0x00, 0x00, 0x00, 0x00, 0x00, 0x00,
    0x00, 0x00, 0x00, 0x00, 0x00, 0x00, 0x00, 0x00, 0x00, 0x00, 0x00, 0x00, 0x00, 0x00, 0x00, 0x00,
    0x00, 0x00, 0x00, 0x00, 0x00, 0x00, 0x00, 0x06, 0x30, 0x00, 0x00, 0x00, 0x00, 0x47, 0x50, 0x00,
    0x00, 0x00, 0x00, 0x00, 0x5f, 0xe1, 0x00, 0x00, 0x00, 0x00, 0x8f, 0xb0, 0x00, 0x00, 0x00, 0x00,
    0x00, 0xcf, 0x90, 0x00, 0x00, 0x00, 0x00, 0x8f, 0xb0, 0x00, 0x00, 0x00, 0x00, 0x04, 0xff, 0xff,
    0xff, 0xf0, 0x00, 0x00, 0x8f, 0xb0, 0x00, 0x00, 0x00, 0x00, 0x1d, 0xff, 0xff, 0xff, 0xf0, 0x00,
    0x00, 0x8f, 0xb0, 0x00, 0x00, 0x00, 0x00, 0x9f, 0xe2, 0x11, 0x11, 0x11, 0x33, 0x33, 0x9f, 0xb3,
    0x33, 0x32, 0x00, 0x02, 0xff, 0x80, 0x00, 0x00, 0x05, 0xff, 0xff, 0xff, 0xff, 0xff, 0xfa, 0x00,
    0x00, 0xcd, 0x10, 0x00, 0x00, 0x05, 0xff, 0xff, 0xff, 0xff, 0xff, 0xfa, 0x00, 0x00, 0x57, 0xff,
    0xff, 0xff, 0x85, 0xfb, 0x00, 0x8f, 0xb0, 0x08, 0xfa, 0x00, 0x00, 0x04, 0xff, 0xff, 0xff, 0x85,
    0xfb, 0x00, 0x8f, 0xb0, 0x08, 0xfa, 0x00, 0x00, 0x00, 0x04, 0xfd, 0x00, 0x05, 0xfb, 0x00, 0x8f,
    0xb0, 0x08, 0xfa, 0x00, 0x00, 0x00, 0x04, 0xfd, 0x00, 0x05, 0xfb, 0x00, 0x8f, 0xb0, 0x08, 0xfa,
    0x00, 0x00, 0x00, 0x05, 0xfd, 0x00, 0x05, 0xfb, 0x00, 0x8f, 0xb0, 0x08, 0xfa, 0x00, 0x00, 0xaf,
    0xff, 0xff, 0xff, 0xf5, 0xff, 0xff, 0xff, 0xff, 0xff, 0xfa, 0x00, 0x00, 0xaf, 0xff, 0xff, 0xff,
    0xf5, 0xff, 0xff, 0xff, 0xff, 0xff, 0xfa, 0x00, 0x00, 0x00, 0x04, 0xfd, 0x00, 0x05, 0xfc, 0x33,
    0xaf, 0xc3, 0x39, 0xfa, 0x00, 0x00, 0x00, 0x04, 0xfd, 0x00, 0x04, 0xc9, 0x00, 0x8f, 0xb0, 0x05,
    0x96, 0x00, 0x00, 0x00, 0x04, 0xfd, 0x00, 0x00, 0x00, 0x00, 0x8f, 0xb0, 0x00, 0x00, 0x00, 0x00,
    0x00, 0x04, 0xfd, 0x02, 0x80, 0x00, 0x00, 0x8f, 0xb0, 0x00, 0x00, 0x00, 0x00, 0x00, 0x05, 0xfe,
    0x9f, 0xf2, 0x00, 0x00, 0x8f, 0xb0, 0x00, 0x00, 0x00, 0x00, 0x00, 0x0a, 0xff, 0xff, 0xa1, 0x00,
    0x00, 0x8f, 0xb0, 0x00, 0x00, 0x00, 0x00, 0x00, 0x5f, 0xff, 0xb3, 0x00, 0x00, 0x00, 0x8f, 0xb0,
    0x00, 0x00, 0x00, 0x00, 0x00, 0x2e, 0xc4, 0x00, 0x00, 0x00, 0x00, 0x8f, 0xb0, 0x00, 0x00, 0x00,
    0x00, 0x00, 0x03, 0x00, 0x00, 0x00, 0x00, 0x00, 0x59, 0x60, 0x00, 0x00, 0x00, 0x00, 0x00, 0x00,
    0x00, 0x00, 0x00, 0x00, 0x00, 0x00, 0x00, 0x00, 0x00, 0x00, 0x00, 0x00, 0x00, 0x00, 0x00, 0x00,
    0x00, 0x00, 0x00, 0x00, 0x00, 0x00, 0x00, 0x00, 0x00, 0x06, 0x30, 0x00, 0x00, 0x00, 0x01, 0xaa,
    0x10, 0x00, 0x00, 0x00, 0x00, 0x00, 0x5f, 0xe1, 0x00, 0x00, 0x00, 0x01, 0xff, 0x20, 0x00, 0x00,
    0x00, 0x00, 0x00, 0xcf, 0x90, 0x00, 0x00, 0x00, 0x01, 0xff, 0x20, 0x00, 0x00, 0x00, 0x00, 0x04,
    0xff, 0xff, 0xff, 0xf7, 0x00, 0x01, 0xff, 0x20, 0x00, 0x00, 0x00, 0x00, 0x1d, 0xff, 0xff, 0xff,
    0xf7, 0x00, 0x01, 0xff, 0x20, 0x00, 0x00, 0x00, 0x00, 0x9f, 0xe2, 0x11, 0x11, 0x11, 0x00, 0x01,
    0xff, 0xff, 0xff, 0xff, 0x20, 0x02, 0xff, 0x80, 0x00, 0x00, 0x00, 0x00, 0x01, 0xff, 0xff, 0xff,
    0xff, 0x20, 0x00, 0xcd, 0x10, 0x00, 0x00, 0x00, 0x00, 0x01, 0xff, 0x42, 0x22, 0x22, 0x00, 0x00,
    0x57, 0xff, 0xff, 0xff, 0xa0, 0x00, 0x01, 0xff, 0x20, 0x00, 0x00, 0x00, 0x00, 0x04, 0xff, 0xff,
    0xff, 0xa0, 0x00, 0x01, 0xff, 0x20, 0x00, 0x00, 0x00, 0x00, 0x00, 0x04, 0xfd, 0x00, 0x00, 0x00,
    0x01, 0xff, 0x20, 0x00, 0x00, 0x00, 0x00, 0x00, 0x04, 0xfd, 0x00, 0x00, 0x00, 0x01, 0xff, 0x20,
    0x00, 0x00, 0x00, 0x00, 0x00, 0x05, 0xfd, 0x00, 0x00, 0xff, 0xff, 0xff, 0xff, 0xff, 0xf3, 0x00,
    0x00, 0xaf, 0xff, 0xff, 0xff, 0xf0, 0xff, 0xff, 0xff, 0xff, 0xff, 0xf3, 0x00, 0x00, 0xaf, 0xff,
    0xff, 0xff, 0xf0, 0xff, 0x42, 0x22, 0x22, 0x2f, 0xf3, 0x00, 0x00, 0x00, 0x04, 0xfd, 0x00, 0x00,
    0xff, 0x30, 0x00, 0x00, 0x0f, 0xf3, 0x00, 0x00, 0x00, 0x04, 0xfd, 0x00, 0x00, 0xff, 0x30, 0x00,
    0x00, 0x0f, 0xf3, 0x00, 0x00, 0x00, 0x04, 0xfd, 0x00, 0x00, 0xff, 0x30, 0x00, 0x00, 0x0f, 0xf3,
    0x00, 0x00, 0x00, 0x04, 0xfd, 0x04, 0x90, 0xff, 0x30, 0x00, 0x00, 0x0f, 0xf3, 0x00, 0x00, 0x00,
    0x06, 0xfe, 0xcf, 0xf1, 0xff, 0x30, 0x00, 0x00, 0x0f, 0xf3, 0x00, 0x00, 0x00, 0x0b, 0xff, 0xfd,
    0x60, 0xff, 0xff, 0xff, 0xff, 0xff, 0xf3, 0x00, 0x00, 0x00, 0x6f, 0xfe, 0x70, 0x00, 0xff, 0xff,
    0xff, 0xff, 0xff, 0xf3, 0x00, 0x00, 0x00, 0x1d, 0x91, 0x00, 0x00, 0xff, 0x42, 0x22, 0x22, 0x2f,
    0xf3, 0x00, 0x00, 0x00, 0x01, 0x00, 0x00, 0x00, 0x77, 0x10, 0x00, 0x00, 0x06, 0x61, 0x00, 0x00,
    0x00, 0x00, 0x00, 0x00, 0x00, 0x00, 0x00, 0x00, 0x00, 0x00, 0x00, 0x00, 0x00, 0x00, 0x00, 0x00,
    0x00, 0x00, 0x00, 0x00, 0x00, 0x00, 0x00, 0x00, 0x00, 0x00, 0x00, 0x06, 0x30, 0x00, 0x00, 0x00,
    0x00, 0x00, 0x00, 0x00, 0x00, 0x00, 0x00, 0x00, 0x4f, 0xf1, 0x00, 0x00, 0xdf, 0xff, 0xff, 0xff,
    0xff, 0xa0, 0x00, 0x00, 0x00, 0xbf, 0xa0, 0x00, 0x00, 0xdf, 0xff, 0xff, 0xff, 0xff, 0xa0, 0x00,
    0x00, 0x03, 0xff, 0xff, 0xff, 0xb0, 0xdf, 0x50, 0x00, 0x00, 0x6f, 0xa0, 0x00, 0x00, 0x0c, 0xff,
    0xff, 0xff, 0xb0, 0xdf, 0x50, 0x00, 0x00, 0x6f, 0xa0, 0x00, 0x00, 0x9f, 0xf4, 0x33, 0x33, 0x20,
    0xdf, 0x50, 0x00, 0x00, 0x6f, 0xa0, 0x00, 0x01, 0xff, 0x90, 0x00, 0x00, 0x00, 0xdf, 0xed, 0xdd,
    0xdd, 0xef, 0xa0, 0x00, 0x00, 0xbe, 0x20, 0x00, 0x00, 0x00, 0xdf, 0xff, 0xff, 0xff, 0xff, 0xa0,
    0x00, 0x00, 0x47, 0xff, 0xff, 0xff, 0x70, 0xdf, 0x50, 0x00, 0x00, 0x6f, 0xa0, 0x00, 0x00, 0x04,
    0xff, 0xff, 0xff, 0x70, 0xdf, 0x50, 0x00, 0x00, 0x6f, 0xa0, 0x00, 0x00, 0x00, 0x06, 0xfb, 0x00,
    0x00, 0xdf, 0x50, 0x00, 0x00, 0x6f, 0xa0, 0x00, 0x00, 0x00, 0x06, 0xfb, 0x00, 0x00, 0xdf, 0xff,
    0xff, 0xff, 0xff, 0xa0, 0x00, 0x00, 0x00, 0x06, 0xfc, 0x00, 0x00, 0xdf, 0xff, 0xff, 0xff, 0xff,
    0xa0, 0x00, 0x00, 0x9f, 0xff, 0xff, 0xff, 0xf0, 0xdf, 0x50, 0xbf, 0x30, 0x00, 0x30, 0x00, 0x00,
    0x9f, 0xff, 0xff, 0xff, 0xf0, 0xdf, 0x50, 0x6f, 0x90, 0x08, 0xf5, 0x00, 0x00, 0x00, 0x06, 0xfb,
    0x00, 0x00, 0xdf, 0x50, 0x2f, 0xe1, 0xaf, 0xf7, 0x00, 0x00, 0x00, 0x06, 0xfb, 0x00, 0x00, 0xdf,
    0x50, 0x0c, 0xfe, 0xfd, 0x30, 0x00, 0x00, 0x00, 0x06, 0xfb, 0x00, 0x00, 0xdf, 0x50, 0x05, 0xff,
    0xa1, 0x00, 0x00, 0x00, 0x00, 0x06, 0xfb, 0x01, 0x70, 0xdf, 0x50, 0x00, 0xcf, 0xa0, 0x00, 0x00,
    0x00, 0x00, 0x06, 0xfc, 0x8e, 0xf1, 0xdf, 0x50, 0x03, 0x5f, 0xf8, 0x00, 0x00, 0x00, 0x00, 0x09,
    0xff, 0xff, 0xa2, 0xff, 0xab, 0xef, 0x38, 0xff, 0xa1, 0x00, 0x00, 0x00, 0x3f, 0xff, 0xb3, 0x08,
    0xff, 0xff, 0xfe, 0x30, 0xaf, 0xfe, 0x10, 0x00, 0x00, 0x0e, 0xc4, 0x00, 0x07, 0xff, 0xc7, 0x30,
    0x00, 0x08, 0xf7, 0x00, 0x00, 0x00, 0x03, 0x00, 0x00, 0x00, 0x71, 0x00, 0x00, 0x00, 0x00, 0x30,
    0x00, 0x00, 0x00, 0x00, 0x00, 0x00, 0x00, 0x00, 0x00, 0x00, 0x00, 0x00, 0x00, 0x00, 0x00, 0x00,
    0x00, 0x00, 0x00, 0x00, 0x00, 0x00, 0x00, 0x00, 0x00, 0x00, 0x00, 0x00, 0x00, 0x56, 0x20, 0x00,
    0x00, 0x00, 0x00, 0x03, 0x72, 0x00, 0x00, 0x00, 0x00, 0x00, 0xcf, 0x50, 0x01, 0x11, 0x13, 0x00,
    0x06, 0xf5, 0x00, 0x00, 0x00, 0x00, 0x03, 0xff, 0x10, 0x09, 0xff, 0xff, 0x59, 0x9b, 0xfb, 0x99,
    0x70, 0x00, 0x00, 0x08, 0xff, 0xff, 0xf8, 0xdd, 0xff, 0x3f, 0xff, 0xff, 0xff, 0xc0, 0x00, 0x00,
    0x1e, 0xff, 0xff, 0xf0, 0x02, 0xfd, 0x00, 0x06, 0xf5, 0x0c, 0xc0, 0x00, 0x00, 0x9f, 0xb1, 0x11,
    0x10, 0x07, 0xf7, 0x00, 0x06, 0xf5, 0x0c, 0xc0, 0x00, 0x03, 0xff, 0x40, 0x00, 0x00, 0x0c, 0xf2,
    0xbf, 0xff, 0xff, 0xff, 0xff, 0x30, 0x02, 0xeb, 0x00, 0x00, 0x00, 0x4f, 0xa0, 0x8a, 0xac, 0xfc,
    0xae, 0xea, 0x20, 0x00, 0x6f, 0xff, 0xff, 0xe0, 0xcf, 0x30, 0x00, 0x06, 0xf5, 0x0c, 0xc0, 0x00,
    0x00, 0x0d, 0xff, 0xff, 0xea, 0xff, 0xdd, 0x4f, 0xff, 0xff, 0xff, 0xc0, 0x00, 0x00, 0x00, 0x3f,
    0x90, 0x0a, 0xff, 0xff, 0x49, 0x9c, 0xfb, 0x99, 0x70, 0x00, 0x00, 0x00, 0x3f, 0x90, 0x01, 0x00,
    0x9f, 0x20, 0x06, 0xf5, 0x00, 0x00, 0x00, 0x00, 0x00, 0x4f, 0xa0, 0x00, 0x00, 0xbf, 0x2b, 0xbd,
    0xfc, 0xbb, 0xb1, 0x00, 0x00, 0xcf, 0xff, 0xff, 0xf8, 0xd1, 0xee, 0x2f, 0xff, 0xff, 0xff, 0xf1,
    0x00, 0x00, 0xcf, 0xff, 0xff, 0xf8, 0xf6, 0xfc, 0x00, 0x06, 0xf5, 0x00, 0x00, 0x00, 0x00, 0x00,
    0x3f, 0x90, 0x01, 0xfd, 0xf9, 0x00, 0x06, 0xf5, 0x00, 0x00, 0x00, 0x00, 0x00, 0x3f, 0x90, 0x00,
    0xbf, 0xf6, 0xbf, 0xff, 0xff, 0xff, 0xf9, 0x00, 0x00, 0x00, 0x3f, 0x90, 0x10, 0x4f, 0xf1, 0x8b,
    0xbd, 0xfc, 0xbb, 0xb7, 0x00, 0x00, 0x00, 0x3f, 0x96, 0xe1, 0x4f, 0xf6, 0x00, 0x06, 0xf5, 0x00,
    0x00, 0x00, 0x00, 0x00, 0x5f, 0xff, 0xf4, 0xdf, 0xff, 0x70, 0x06, 0xf5, 0x00, 0x00, 0x00, 0x00,
    0x00, 0xbf, 0xfd, 0x38, 0xfb, 0x4e, 0xfd, 0x65, 0x52, 0x00, 0x00, 0x00, 0x00, 0x04, 0xff, 0x91,
    0x8f, 0xe2, 0x03, 0xcf, 0xff, 0xfe, 0xdd, 0xdd, 0x20, 0x00, 0x00, 0xa6, 0x00, 0xaf, 0x40, 0x00,
    0x04, 0x8c, 0xee, 0xff, 0xfc, 0x00, 0x00, 0x00, 0x00, 0x00, 0x14, 0x00, 0x00, 0x00, 0x00, 0x00,
    0x00, 0x00, 0x00, 0x00, 0x00, 0x00, 0x00, 0x00, 0x00, 0x00, 0x00, 0x00, 0x00, 0x00, 0x00, 0x00,
    0x00, 0x00, 0x00, 0x00, 0x00, 0x00, 0x00, 0x00, 0x00, 0x00, 0x00, 0x00, 0x00, 0x00, 0x00, 0x00,
    0x27, 0x70, 0x00, 0x00, 0x00, 0x00, 0x00, 0x00, 0x00, 0x00, 0x00, 0x00, 0x00, 0x5f, 0xf1, 0x00,
    0x00, 0x00, 0x00, 0x5e, 0x82, 0x00, 0x00, 0x00, 0x00, 0x00, 0x5f, 0xf1, 0x00, 0x00, 0x00, 0x05,
    0xff, 0xd2, 0x00, 0x00, 0x00, 0x00, 0x00, 0x5f, 0xf1, 0x00, 0x00, 0x00, 0x8f, 0xfd, 0x20, 0x00,
    0x00, 0x00, 0x00, 0x00, 0x5f, 0xf1, 0x00, 0x00, 0x3c, 0xff, 0xc2, 0x00, 0x00, 0x00, 0x00, 0x00,
    0x00, 0x5f, 0xf1, 0x00, 0x19, 0xff, 0xf9, 0x00, 0x00, 0x00, 0x00, 0x00, 0x00, 0x00, 0x5f, 0xf1,
    0x28, 0xef, 0xfe, 0x50, 0x00, 0x00, 0x00, 0x00, 0x00, 0x00, 0x00, 0x5f, 0xf1, 0x1c, 0xff, 0xa1,
    0x00, 0x00, 0x00, 0x00, 0x00, 0x00, 0x00, 0x00, 0x5f, 0xf1, 0x01, 0xa3, 0x00, 0x00, 0x00, 0x00,
    0x00, 0x00, 0x00, 0x00, 0x00, 0x5f, 0xf1, 0x00, 0x00, 0x00, 0x00, 0x00, 0x00, 0x00, 0x00, 0x00,
    0xbf, 0xff, 0xff, 0xff, 0xff, 0xff, 0xff, 0xff, 0xff, 0xff, 0xfb, 0x00, 0x00, 0xbf, 0xff, 0xff,
    0xff, 0xff, 0xff, 0xff, 0xff, 0xff, 0xff, 0xfb, 0x00, 0x00, 0x34, 0x44, 0x7f, 0xf5, 0x44, 0x7f,
    0xf5, 0x44, 0x44, 0x44, 0x43, 0x00, 0x00, 0x00, 0x00, 0x5f, 0xf1, 0x00, 0x0d, 0xf8, 0x00, 0x00,
    0x00, 0x00, 0x00, 0x00, 0x00, 0x00, 0x5f, 0xf1, 0x00, 0x07, 0xfe, 0x20, 0x00, 0x00, 0x00, 0x00,
    0x00, 0x00, 0x00, 0x5f, 0xf1, 0x00, 0x01, 0xef, 0xb0, 0x00, 0x00, 0x00, 0x00, 0x00, 0x00, 0x00,
    0x5f, 0xf1, 0x00, 0x00, 0x5f, 0xfa, 0x00, 0x00, 0x00, 0x00, 0x00, 0x00, 0x00, 0x5f, 0xf1, 0x00,
    0x00, 0x09, 0xff, 0x90, 0x00, 0x00, 0x00, 0x00, 0x00, 0x00, 0x5f, 0xf1, 0x00, 0x02, 0x30, 0xcf,
    0xfc, 0x30, 0x00, 0x00, 0x00, 0x00, 0x00, 0x5f, 0xf3, 0x6a, 0xef, 0xa0, 0x1b, 0xff, 0xf8, 0x20,
    0x00, 0x00, 0x00, 0x00, 0x9f, 0xff, 0xff, 0xff, 0xb0, 0x00, 0x8f, 0xff, 0xfb, 0x10, 0x00, 0x00,
    0x03, 0xff, 0xff, 0xfb, 0x73, 0x00, 0x00, 0x04, 0xcf, 0xf8, 0x00, 0x00, 0x00, 0x00, 0xce, 0x95,
    0x10, 0x00, 0x00, 0x00, 0x00, 0x04, 0xa0, 0x00, 0x00, 0x00, 0x00, 0x20, 0x00, 0x00, 0x00, 0x00,
    0x00, 0x00, 0x00, 0x00, 0x00, 0x00, 0x00, 0x00, 0x00, 0x00, 0x00, 0x00, 0x00, 0x00, 0x00, 0x00,
    0x00, 0x00, 0x00, 0x00, 0x00, 0x00, 0x00, 0x00, 0x00, 0x00, 0x00, 0x00, 0x00, 0x00, 0x00, 0x00,
    0x00, 0x11, 0x00, 0x00, 0x00, 0x00, 0x00, 0x00, 0x00, 0x00, 0x00, 0x00, 0x00, 0x04, 0xdb, 0x00,
    0x01, 0x22, 0x22, 0x22, 0x22, 0x22, 0x22, 0x20, 0x00, 0x00, 0x04, 0xff, 0xa0, 0x09, 0xff, 0xff,
    0xff, 0xff, 0xff, 0xff, 0xf3, 0x00, 0x00, 0x00, 0x5f, 0xf7, 0x09, 0xff, 0xff, 0xff, 0xff, 0xff,
    0xff, 0xf3, 0x00, 0x00, 0x00, 0x09, 0xfc, 0x00, 0x00, 0x00, 0x00, 0x00, 0x00, 0x1f, 0xf3, 0x00,
    0x00, 0x00, 0x01, 0x70, 0x00, 0x00, 0x00, 0x68, 0x50, 0x00, 0x1f, 0xf3, 0x00, 0x00, 0x19, 0x92,
    0x00, 0x00, 0x00, 0x00, 0xbf, 0x90, 0x00, 0x1f, 0xf3, 0x00, 0x00, 0x2f, 0xf3, 0x00, 0x00, 0x00,
    0x00, 0xbf, 0x90, 0x00, 0x1f, 0xf3, 0x00, 0x00, 0x2f, 0xf3, 0x02, 0x22, 0x22, 0x22, 0xbf, 0xa2,
    0x21, 0x1f, 0xf3, 0x00, 0x00, 0x2f, 0xf3, 0x3f, 0xff, 0xff, 0xff, 0xff, 0xff, 0xfb, 0x1f, 0xf3,
    0x00, 0x00, 0x2f, 0xf3, 0x3f, 0xff, 0xff, 0xff, 0xff, 0xff, 0xfb, 0x1f, 0xf3, 0x00, 0x00, 0x2f,
    0xf3, 0x00, 0x00, 0x00, 0x7f, 0xff, 0x90, 0x00, 0x1f, 0xf3, 0x00, 0x00, 0x2f, 0xf3, 0x00, 0x00,
    0x04, 0xff, 0xff, 0x90, 0x00, 0x1f, 0xf3, 0x00, 0x00, 0x2f, 0xf3, 0x00, 0x00, 0x4e, 0xf9, 0xbf,
    0x90, 0x00, 0x1f, 0xf3, 0x00, 0x00, 0x2f, 0xf3, 0x00, 0x05, 0xef, 0xa0, 0xbf, 0x90, 0x00, 0x1f,
    0xf3, 0x00, 0x00, 0x2f, 0xf3, 0x01, 0xaf, 0xfb, 0x00, 0xbf, 0x90, 0x00, 0x1f, 0xf3, 0x00, 0x00,
    0x2f, 0xf3, 0x5e, 0xff, 0x91, 0x00, 0xbf, 0x90, 0x00, 0x1f, 0xf3, 0x00, 0x00, 0x2f, 0xf4, 0xdf,
    0xe4, 0x00, 0x00, 0xbf, 0x90, 0x00, 0x1f, 0xf3, 0x00, 0x00, 0x2f, 0xf3, 0x29, 0x10, 0x00, 0x00,
    0xbf, 0x90, 0x00, 0x1f, 0xf3, 0x00, 0x00, 0x2f, 0xf3, 0x00, 0x00, 0x3f, 0xff, 0xff, 0x70, 0x00,
    0x1f, 0xf3, 0x00, 0x00, 0x2f, 0xf3, 0x00, 0x00, 0x0d, 0xff, 0xfa, 0x10, 0x00, 0x1f, 0xf2, 0x00,
    0x00, 0x2f, 0xf3, 0x00, 0x00, 0x02, 0x22, 0x00, 0x00, 0xde, 0xff, 0xf1, 0x00, 0x00, 0x2f, 0xf3,
    0x00, 0x00, 0x00, 0x00, 0x00, 0x00, 0x9f, 0xfd, 0x60, 0x00, 0x00, 0x18, 0x81, 0x00, 0x00, 0x00,
    0x00, 0x00, 0x00, 0x01, 0x00, 0x00, 0x00, 0x00, 0x00, 0x00, 0x00, 0x00, 0x00, 0x00, 0x00, 0x00,
    0x00, 0x00, 0x00, 0x00, 0x00, 0x00, 0x00, 0x00, 0x00, 0x00, 0x00, 0x00, 0x00, 0x00, 0x00, 0x00,
    0x00, 0x00, 0x00, 0x01, 0x00, 0x00, 0x00, 0x00, 0x00, 0x00, 0x00, 0x00, 0x00, 0x00, 0x00, 0x03,
    0xdb, 0x10, 0x01, 0x22, 0x22, 0x22, 0x22, 0x22, 0x22, 0x20, 0x00, 0x00, 0x03, 0xef, 0xa0, 0x0b,
    0xff, 0xff, 0xff, 0xff, 0xff, 0xff, 0xf3, 0x00, 0x00, 0x00, 0x4f, 0xf7, 0x0b, 0xff, 0xff, 0xff,
    0xff, 0xff, 0xff, 0xf3, 0x00, 0x00, 0x00, 0x08, 0xfa, 0x00, 0x00, 0x00, 0x00, 0x00, 0x00, 0x3f,
    0xf3, 0x00, 0x00, 0x00, 0x00, 0x30, 0x00, 0x00, 0x00, 0x00, 0x00, 0x00, 0x3f, 0xf3, 0x00, 0x00,
    0x1f, 0xf5, 0x00, 0x00, 0x00, 0x00, 0x00, 0x00, 0x00, 0x3f, 0xf3, 0x00, 0x00, 0x1f, 0xf5, 0x00,
    0x9d, 0xdd, 0xdd, 0xdd, 0xd9, 0x00, 0x3f, 0xf3, 0x00, 0x00, 0x1f, 0xf5, 0x00, 0xaf, 0xff, 0xff,
    0xff, 0xfb, 0x00, 0x3f, 0xf3, 0x00, 0x00, 0x1f, 0xf5, 0x00, 0xaf, 0x50, 0x00, 0x05, 0xfb, 0x00,
    0x3f, 0xf3, 0x00, 0x00, 0x1f, 0xf5, 0x00, 0xaf, 0x50, 0x00, 0x05, 0xfb, 0x00, 0x3f, 0xf3, 0x00,
    0x00, 0x1f, 0xf5, 0x00, 0xaf, 0x50, 0x00, 0x05, 0xfb, 0x00, 0x3f, 0xf3, 0x00, 0x00, 0x1f, 0xf5,
    0x00, 0xaf, 0xed, 0xdd, 0xde, 0xfb, 0x00, 0x3f, 0xf3, 0x00, 0x00, 0x1f, 0xf5, 0x00, 0xaf, 0xff,
    0xff, 0xff, 0xfb, 0x00, 0x3f, 0xf3, 0x00, 0x00, 0x1f, 0xf5, 0x00, 0xaf, 0x50, 0x00, 0x05, 0xfb,
    0x00, 0x3f, 0xf3, 0x00, 0x00, 0x1f, 0xf5, 0x00, 0xaf, 0x50, 0x00, 0x05, 0xfb, 0x00, 0x3f, 0xf3,
    0x00, 0x00, 0x1f, 0xf5, 0x00, 0xaf, 0x50, 0x00, 0x05, 0xfb, 0x00, 0x3f, 0xf3, 0x00, 0x00, 0x1f,
    0xf5, 0x00, 0xaf, 0xed, 0xdd, 0xde, 0xfb, 0x00, 0x3f, 0xf3, 0x00, 0x00, 0x1f, 0xf5, 0x00, 0xaf,
    0xff, 0xff, 0xff, 0xfb, 0x00, 0x3f, 0xf3, 0x00, 0x00, 0x1f, 0xf5, 0x00, 0x00, 0x00, 0x00, 0x00,
    0x00, 0x00, 0x3f, 0xf3, 0x00, 0x00, 0x1f, 0xf5, 0x00, 0x00, 0x00, 0x00, 0x00, 0x00, 0x00, 0x3f,
    0xf2, 0x00, 0x00, 0x1f, 0xf5, 0x00, 0x00, 0x00, 0x00, 0x00, 0x00, 0x8f, 0xff, 0xf1, 0x00, 0x00,
    0x1f, 0xf5, 0x00, 0x00, 0x00, 0x00, 0x00, 0x00, 0x3f, 0xfd, 0x60, 0x00, 0x00, 0x04, 0x41, 0x00,
    0x00, 0x00, 0x00, 0x00, 0x00, 0x01, 0x00, 0x00, 0x00, 0x00, 0x00, 0x00, 0x00, 0x00, 0x00, 0x00,
    0x00, 0x00, 0x00, 0x00, 0x00, 0x00, 0x00, 0x00, 0x00, 0x00, 0x00, 0x00, 0x00, 0x00, 0x00, 0x00,
    0x00, 0x00, 0x00, 0x00, 0x00, 0x00, 0x00, 0x00, 0x00, 0x00, 0x00, 0x00, 0x00, 0x00, 0x00, 0x00,
    0x00, 0x1f, 0xff, 0xff, 0xfe, 0x60, 0x01, 0x11, 0x11, 0x11, 0x11, 0x10, 0x00, 0x00, 0x1f, 0xff,
    0xff, 0xff, 0xb0, 0x8f, 0xff, 0xff, 0xff, 0xff, 0xf1, 0x00, 0x00, 0x1f, 0xf1, 0x11, 0xef, 0x60,
    0x8f, 0xff, 0xff, 0xff, 0xff, 0xf1, 0x00, 0x00, 0x1f, 0xf1, 0x03, 0xff, 0x10, 0x8f, 0x90, 0x00,
    0x00, 0x2f, 0xf1, 0x00, 0x00, 0x1f, 0xf1, 0x07, 0xfb, 0x00, 0x8f, 0x90, 0x00, 0x00, 0x2f, 0xf1,
    0x00, 0x00, 0x1f, 0xf1, 0x0c, 0xf5, 0x00, 0x8f, 0x90, 0x00, 0x00, 0x2f, 0xf1, 0x00, 0x00, 0x1f,
    0xf1, 0x2f, 0xe0, 0x00, 0x8f, 0xff, 0xff, 0xff, 0xff, 0xf1, 0x00, 0x00, 0x1f, 0xf1, 0x5f, 0xd0,
    0x00, 0x8f, 0xff, 0xff, 0xff, 0xff, 0xf1, 0x00, 0x00, 0x1f, 0xf1, 0x0c, 0xf6, 0x00, 0x8f, 0x91,
    0x11, 0x11, 0x2f, 0xf1, 0x00, 0x00, 0x1f, 0xf1, 0x04, 0xfe, 0x00, 0x8f, 0x90, 0x00, 0x00, 0x2f,
    0xf1, 0x00, 0x00, 0x1f, 0xf1, 0x00, 0xdf, 0x40, 0x9f, 0x90, 0x00, 0x00, 0x2f, 0xf1, 0x00, 0x00,
    0x1f, 0xf1, 0x00, 0xaf, 0x80, 0x9f, 0x80, 0x00, 0x00, 0x2f, 0xf1, 0x00, 0x00, 0x1f, 0xf1, 0x00,
    0x8f, 0x90, 0xaf, 0xff, 0xff, 0xff, 0xff, 0xf1, 0x00, 0x00, 0x1f, 0xf1, 0x00, 0x8f, 0x90, 0xbf,
    0xff, 0xff, 0xff, 0xff, 0xf1, 0x00, 0x00, 0x1f, 0xf1, 0x12, 0xdf, 0x80, 0xdf, 0x61, 0x11, 0x11,
    0x3f, 0xf1, 0x00, 0x00, 0x1f, 0xf1, 0xbf, 0xff, 0x40, 0xff, 0x30, 0x00, 0x00, 0x2f, 0xf1, 0x00,
    0x00, 0x1f, 0xf1, 0x7f, 0xd7, 0x04, 0xff, 0x10, 0x00, 0x00, 0x2f, 0xf1, 0x00, 0x00, 0x1f, 0xf1,
    0x00, 0x00, 0x09, 0xfb, 0x00, 0x00, 0x00, 0x2f, 0xf1, 0x00, 0x00, 0x1f, 0xf1, 0x00, 0x00, 0x0e,
    0xf7, 0x00, 0x00, 0x00, 0x2f, 0xf1, 0x00, 0x00, 0x1f, 0xf1, 0x00, 0x00, 0x7f, 0xf2, 0x00, 0x00,
    0x00, 0x2f, 0xf1, 0x00, 0x00, 0x1f, 0xf1, 0x00, 0x02, 0xff, 0xa0, 0x00, 0x01, 0xff, 0xff, 0xe0,
    0x00, 0x00, 0x1f, 0xf1, 0x00, 0x07, 0xfe, 0x20, 0x00, 0x00, 0xcf, 0xfe, 0x60, 0x00, 0x00, 0x16,
    0x60, 0x00, 0x00, 0x44, 0x00, 0x00, 0x00, 0x23, 0x20, 0x00, 0x00, 0x00, 0x00, 0x00, 0x00, 0x00,
    0x00, 0x00, 0x00, 0x00, 0x00, 0x00, 0x00, 0x00, 0x00, 0x00, 0x00, 0x00, 0x00, 0x00, 0x00, 0x00,
    0x00, 0x00, 0x00, 0x00, 0x00, 0x00, 0x00, 0x00, 0x00, 0x00, 0x00, 0x00, 0x00, 0x9a, 0x30, 0x00,
    0x00, 0x00, 0x00, 0x4f, 0xff, 0xff, 0xe6, 0x00, 0x00, 0x05, 0xff, 0x40, 0x00, 0x00, 0x00, 0x00,
    0x4f, 0xff, 0xff, 0xf9, 0x00, 0x00, 0x2e, 0xff, 0xd1, 0x00, 0x00, 0x00, 0x00, 0x4f, 0xb1, 0x1d,
    0xf5, 0x00, 0x02, 0xdf, 0x9b, 0xfc, 0x10, 0x00, 0x00, 0x00, 0x4f, 0xb0, 0x2f, 0xe0, 0x00, 0x2d,
    0xfc, 0x01, 0xdf, 0xd2, 0x00, 0x00, 0x00, 0x4f, 0xb0, 0x6f, 0xa0, 0x03, 0xef, 0xe2, 0x00, 0x2e,
    0xfe, 0x50, 0x00, 0x00, 0x4f, 0xb0, 0xaf, 0x50, 0x6f, 0xfd, 0x20, 0x00, 0x03, 0xef, 0xf9, 0x10,
    0x00, 0x4f, 0xb0, 0xee, 0x08, 0xff, 0xd2, 0x00, 0x00, 0x00, 0x3e, 0xfe, 0x30, 0x00, 0x4f, 0xb4,
    0xfa, 0x01, 0xda, 0xef, 0xff, 0xff, 0xff, 0xfb, 0xb5, 0x00, 0x00, 0x4f, 0xb1, 0xee, 0x20, 0x10,
    0xef, 0xff, 0xff, 0xff, 0xfa, 0x00, 0x00, 0x00, 0x4f, 0xb0, 0x6f, 0xa0, 0x00, 0x00, 0x00, 0xff,
    0x30, 0x00, 0x00, 0x00, 0x00, 0x4f, 0xb0, 0x0e, 0xf1, 0x00, 0x00, 0x00, 0xff, 0x30, 0x00, 0x00,
    0x00, 0x00, 0x4f, 0xb0, 0x0a, 0xf5, 0x11, 0x11, 0x11, 0xff, 0x41, 0x11, 0x11, 0x00, 0x00, 0x4f,
    0xb0, 0x08, 0xf8, 0xff, 0xff, 0xff, 0xff, 0xff, 0xff, 0xfe, 0x00, 0x00, 0x4f, 0xb0, 0x07, 0xf8,
    0xff, 0xff, 0xff, 0xff, 0xff, 0xff, 0xfe, 0x00, 0x00, 0x4f, 0xb0, 0x1c, 0xf6, 0x00, 0x00, 0x00,
    0xff, 0x30, 0x00, 0x00, 0x00, 0x00, 0x4f, 0xbc, 0xff, 0xf3, 0x01, 0x85, 0x00, 0xff, 0x32, 0x94,
    0x00, 0x00, 0x00, 0x4f, 0xb8, 0xec, 0x60, 0x07, 0xfc, 0x00, 0xff, 0x36, 0xfe, 0x10, 0x00, 0x00,
    0x4f, 0xb0, 0x00, 0x00, 0x1e, 0xf4, 0x00, 0xff, 0x30, 0xaf, 0xb0, 0x00, 0x00, 0x4f, 0xb0, 0x00,
    0x00, 0xaf, 0xb0, 0x00, 0xff, 0x30, 0x1e, 0xf5, 0x00, 0x00, 0x4f, 0xb0, 0x00, 0x07, 0xff, 0x30,
    0x00, 0xff, 0x30, 0x07, 0xfd, 0x10, 0x00, 0x4f, 0xb0, 0x00, 0x0a, 0xf7, 0x01, 0x11, 0xff, 0x30,
    0x00, 0xdc, 0x20, 0x00, 0x4f, 0xb0, 0x00, 0x00, 0x50, 0x0d, 0xff, 0xff, 0x10, 0x00, 0x20, 0x00,
    0x00, 0x4e, 0xb0, 0x00, 0x00, 0x00, 0x08, 0xfe, 0xc5, 0x00, 0x00, 0x00, 0x00, 0x00, 0x00, 0x00,
    0x00, 0x00, 0x00, 0x00, 0x00, 0x00, 0x00, 0x00, 0x00, 0x00, 0x00, 0x00, 0x00, 0x00, 0x00, 0x00,
    0x00, 0x00, 0x00, 0x00, 0x00, 0x00, 0x00, 0x00, 0xcf, 0xff, 0xff, 0xff, 0xff, 0xff, 0xff, 0xff,
    0xff, 0xff, 0xfc, 0x00, 0x00, 0xcf, 0xff, 0xff, 0xff, 0xff, 0xff, 0xff, 0xff, 0xff, 0xff, 0xfc,
    0x00, 0x00, 0x34, 0x44, 0x44, 0x44, 0x46, 0xff, 0x44, 0x44, 0x44, 0x44, 0x43, 0x00, 0x00, 0x00,
    0x00, 0x00, 0x00, 0x03, 0xff, 0x00, 0x00, 0x00, 0x00, 0x00, 0x00, 0x00, 0x00, 0x00, 0x00, 0x00,
    0x03, 0xff, 0x00, 0x00, 0x00, 0x00, 0x00, 0x00, 0x00, 0x0b, 0xff, 0xff, 0xff, 0xff, 0xff, 0xff,
    0xff, 0xff, 0xff, 0xc0, 0x00, 0x00, 0x0b, 0xff, 0xff, 0xff, 0xff, 0xff, 0xff, 0xff, 0xff, 0xff,
    0xc0, 0x00, 0x00, 0x0b, 0xf8, 0x22, 0x22, 0x25, 0xff, 0x22, 0x22, 0x22, 0x7f, 0xc0, 0x00, 0x00,
    0x0b, 0xf7, 0x18, 0x10, 0x03, 0xff, 0x05, 0x60, 0x00, 0x6f, 0xc0, 0x00, 0x00, 0x0b, 0xf7, 0x9f,
    0xe5, 0x03, 0xff, 0x2e, 0xfc, 0x30, 0x6f, 0xc0, 0x00, 0x00, 0x0b, 0xf7, 0x18, 0xff, 0xa4, 0xff,
    0x03, 0xcf, 0xf8, 0x7f, 0xc0, 0x00, 0x00, 0x0b, 0xf7, 0x00, 0x4e, 0xd4, 0xff, 0x00, 0x07, 0xf9,
    0x6f, 0xc0, 0x00, 0x00, 0x0b, 0xf7, 0x00, 0x01, 0x23, 0xff, 0x00, 0x00, 0x30, 0x6f, 0xc0, 0x00,
    0x00, 0x0b, 0xf7, 0x4a, 0x20, 0x03, 0xff, 0x2b, 0x60, 0x00, 0x6f, 0xc0, 0x00, 0x00, 0x0b, 0xf7,
    0xcf, 0xe5, 0x03, 0xff, 0x5f, 0xfc, 0x20, 0x6f, 0xc0, 0x00, 0x00, 0x0b, 0xf7, 0x08, 0xff, 0x93,
    0xff, 0x03, 0xcf, 0xe6, 0x6f, 0xc0, 0x00, 0x00, 0x0b, 0xf7, 0x00, 0x5e, 0xd4, 0xff, 0x00, 0x09,
    0xf7, 0x6f, 0xc0, 0x00, 0x00, 0x0b, 0xf7, 0x00, 0x03, 0x23, 0xff, 0x00, 0x00, 0x30, 0x6f, 0xc0,
    0x00, 0x00, 0x0b, 0xf7, 0x00, 0x00, 0x03, 0xff, 0x00, 0x00, 0x00, 0x7f, 0xc0, 0x00, 0x00, 0x0b,
    0xf7, 0x00, 0x00, 0x03, 0xff, 0x00, 0x1e, 0xfe, 0xff, 0xa0, 0x00, 0x00, 0x0b, 0xf7, 0x00, 0x00,
    0x03, 0xdd, 0x00, 0x09, 0xff, 0xda, 0x10, 0x00, 0x00, 0x02, 0x31, 0x00, 0x00, 0x00, 0x00, 0x00,
    0x00, 0x00, 0x00, 0x00, 0x00, 0x00, 0x00, 0x00, 0x00, 0x00, 0x00, 0x00, 0x00, 0x00, 0x00, 0x00,
    0x00, 0x00, 0x00, 0x00, 0x00, 0x00, 0x00, 0x00, 0x00, 0x00, 0x00, 0x00, 0x00, 0x00, 0x00, 0x00,
    0x00, 0xac, 0xcc, 0xcc, 0xcc, 0xcc, 0xcc, 0xcc, 0xcc, 0xca, 0x00, 0x00, 0x00, 0x00, 0xdf, 0xff,
    0xff, 0xff, 0xff, 0xff, 0xff, 0xff, 0xfc, 0x00, 0x00, 0x00, 0x00, 0x00, 0x00, 0x00, 0x03, 0xff,
    0x00, 0x00, 0x00, 0x00, 0x00, 0x00, 0x00, 0x00, 0x00, 0x00, 0x00, 0x03, 0xff, 0x00, 0x00, 0x00,
    0x00, 0x00, 0x00, 0x00, 0x5f, 0xff, 0xff, 0xff, 0xff, 0xff, 0xff, 0xff, 0xff, 0xff, 0xf6, 0x00,
    0x00, 0x5f, 0xec, 0xcc, 0xcc, 0xcd, 0xff, 0xcc, 0xcc, 0xcc, 0xce, 0xf6, 0x00, 0x00, 0x5f, 0xa0,
    0x00, 0x00, 0x03, 0xff, 0x00, 0x00, 0x00, 0x0b, 0xf6, 0x00, 0x00, 0x5f, 0xa5, 0xff, 0xff, 0xc3,
    0xff, 0x0e, 0xff, 0xff, 0x4b, 0xf6, 0x00, 0x00, 0x5f, 0xa3, 0x88, 0x88, 0x73, 0xff, 0x08, 0x88,
    0x88, 0x2b, 0xf6, 0x00, 0x00, 0x00, 0x00, 0x00, 0x00, 0x03, 0xff, 0x00, 0x00, 0x00, 0x00, 0x00,
    0x00, 0x00, 0x00, 0x0c, 0xff, 0xff, 0xc3, 0xff, 0x0e, 0xff, 0xff, 0xd0, 0x00, 0x00, 0x00, 0x00,
    0x07, 0x88, 0x88, 0x73, 0xff, 0x08, 0x88, 0x88, 0x70, 0x00, 0x00, 0x00, 0x00, 0x00, 0x00, 0x00,
    0x00, 0x00, 0x00, 0x00, 0x00, 0x00, 0x00, 0x00, 0x00, 0x00, 0x3f, 0xff, 0xff, 0xff, 0xff, 0xff,
    0xff, 0xff, 0xf0, 0x00, 0x00, 0x00, 0x00, 0x3c, 0xcc, 0xcc, 0xcc, 0xcc, 0xcc, 0xcc, 0xdf, 0xf0,
    0x00, 0x00, 0x00, 0x00, 0x00, 0x00, 0x00, 0x00, 0x00, 0x00, 0x00, 0x4f, 0xf0, 0x00, 0x00, 0x00,
    0x00, 0x07, 0xbb, 0xbb, 0xbb, 0xbb, 0xbb, 0xbb, 0xcf, 0xf0, 0x00, 0x00, 0x00, 0x00, 0x0a, 0xff,
    0xff, 0xff, 0xff, 0xff, 0xff, 0xff, 0xf0, 0x00, 0x00, 0x00, 0x00, 0x00, 0x00, 0x00, 0x00, 0x00,
    0x00, 0x00, 0x4f, 0xf0, 0x00, 0x00, 0x00, 0x00, 0x00, 0x00, 0x00, 0x00, 0x00, 0x00, 0x00, 0x4f,
    0xf0, 0x00, 0x00, 0x00, 0x00, 0x9f, 0xff, 0xff, 0xff, 0xff, 0xff, 0xff, 0xff, 0xf0, 0x00, 0x00,
    0x00, 0x00, 0x8d, 0xdd, 0xdd, 0xdd, 0xdd, 0xdd, 0xdd, 0xdf, 0xf0, 0x00, 0x00, 0x00, 0x00, 0x00,
    0x00, 0x00, 0x00, 0x00, 0x00, 0x00, 0x3b, 0xb0, 0x00, 0x00, 0x00, 0x00, 0x00, 0x00, 0x00, 0x00,
    0x00, 0x00, 0x00, 0x00, 0x00, 0x00, 0x00, 0x00, 0x00, 0x00, 0x00, 0x00, 0x00, 0x00, 0x00, 0x00,
    0x00, 0x00, 0x00, 0x00, 0x00, 0x00, 0xac, 0xcc, 0xcc, 0xcc, 0xcc, 0xcc, 0xcc, 0xcc, 0xca, 0x00,
    0x00, 0x00, 0x00, 0xdf, 0xff, 0xff, 0xff, 0xff, 0xff, 0xff, 0xff, 0xfc, 0x00, 0x00, 0x00, 0x00,
    0x00, 0x00, 0x00, 0x03, 0xff, 0x00, 0x00, 0x00, 0x00, 0x00, 0x00, 0x00, 0x00, 0x00, 0x00, 0x00,
    0x03, 0xff, 0x00, 0x00, 0x00, 0x00, 0x00, 0x00, 0x00, 0x5f, 0xff, 0xff, 0xff, 0xff, 0xff, 0xff,
    0xff, 0xff, 0xff, 0xf6, 0x00, 0x00, 0x5f, 0xec, 0xcc, 0xcc, 0xcc, 0xff, 0xcc, 0xcc, 0xcc, 0xce,
    0xf6, 0x00, 0x00, 0x5f, 0xa0, 0x00, 0x00, 0x03, 0xff, 0x00, 0x00, 0x00, 0x0b, 0xf6, 0x00, 0x00,
    0x5f, 0xa5, 0xff, 0xff, 0xc3, 0xff, 0x0e, 0xff, 0xff, 0x4b, 0xf6, 0x00, 0x00, 0x5f, 0xa3, 0x88,
    0x88, 0x73, 0xff, 0x08, 0x88, 0x88, 0x2b, 0xf6, 0x00, 0x00, 0x00, 0x00, 0x00, 0x00, 0x03, 0xff,
    0x00, 0x00, 0x00, 0x00, 0x00, 0x00, 0x00, 0x00, 0x0c, 0xff, 0xff, 0xc3, 0xff, 0x0e, 0xff, 0xff,
    0xd0, 0x00, 0x00, 0x00, 0x00, 0x07, 0x88, 0x88, 0x73, 0xff, 0x08, 0x88, 0x88, 0x70, 0x00, 0x00,
    0x00, 0x00, 0x00, 0x00, 0x00, 0x00, 0x00, 0x00, 0x00, 0x00, 0x00, 0x00, 0x00, 0x00, 0x00, 0x4f,
    0xff, 0xff, 0xff, 0xff, 0xff, 0xff, 0xff, 0xf4, 0x00, 0x00, 0x00, 0x00, 0x4f, 0xfb, 0xbb, 0xbc,
    0xff, 0xcb, 0xbb, 0xbf, 0xf4, 0x00, 0x00, 0x00, 0x00, 0x4f, 0xe0, 0x00, 0x03, 0xff, 0x00, 0x00,
    0x0f, 0xf4, 0x00, 0x00, 0x00, 0x00, 0x4f, 0xfb, 0xbb, 0xbc, 0xff, 0xbb, 0xbb, 0xbf, 0xf4, 0x00,
    0x00, 0x00, 0x00, 0x4f, 0xff, 0xff, 0xff, 0xff, 0xff, 0xff, 0xff, 0xf4, 0x00, 0x00, 0x00, 0x00,
    0x4f, 0xe0, 0x00, 0x03, 0xff, 0x00, 0x00, 0x0f, 0xf4, 0x00, 0x00, 0x00, 0x00, 0x4f, 0xe0, 0x00,
    0x03, 0xff, 0x00, 0x00, 0x0f, 0xf4, 0x00, 0x00, 0x00, 0x00, 0x4f, 0xff, 0xff, 0xff, 0xff, 0xff,
    0xff, 0xff, 0xf4, 0x00, 0x00, 0x00, 0x00, 0x4f, 0xfc, 0xcc, 0xcc, 0xcc, 0xcc, 0xcc, 0xcf, 0xf4,
    0x00, 0x00, 0x00, 0x00, 0x29, 0x80, 0x00, 0x00, 0x00, 0x00, 0x00, 0x06, 0x62, 0x00, 0x00, 0x00,
    0x00, 0x00, 0x00, 0x00, 0x00, 0x00, 0x00, 0x00, 0x00, 0x00, 0x00, 0x00, 0x00, 0x00, 0x00, 0x00,
    0x00, 0x00, 0x00, 0x00, 0x00, 0x00, 0x00, 0x00, 0x00, 0x00, 0x00, 0xff, 0xff, 0xff, 0xff, 0xff,
    0xff, 0xff, 0xff, 0xff, 0x10, 0x00, 0x00, 0x00, 0x77, 0x77, 0x77, 0x79, 0xff, 0x87, 0x77, 0x77,
    0x77, 0x00, 0x00, 0x00, 0x25, 0x55, 0x55, 0x55, 0x57, 0xff, 0x65, 0x55, 0x55, 0x55, 0x52, 0x00,
    0x00, 0x5f, 0xff, 0xff, 0xff, 0xff, 0xff, 0xff, 0xff, 0xff, 0xff, 0xf4, 0x00, 0x00, 0x5f, 0xa0,
    0x00, 0x00, 0x02, 0xff, 0x10, 0x00, 0x00, 0x0d, 0xf4, 0x00, 0x00, 0x5f, 0xa5, 0xff, 0xff, 0xa2,
    0xff, 0x1e, 0xff, 0xff, 0x3d, 0xf4, 0x00, 0x00, 0x5f, 0xa1, 0x33, 0x33, 0x22, 0xff, 0x13, 0x33,
    0x33, 0x1d, 0xf4, 0x00, 0x00, 0x26, 0x45, 0xff, 0xff, 0xa2, 0xff, 0x1e, 0xff, 0xff, 0x35, 0x62,
    0x00, 0x00, 0x00, 0x01, 0x33, 0x76, 0x22, 0xff, 0x14, 0x44, 0x44, 0x10, 0x00, 0x00, 0x00, 0x00,
    0x00, 0x07, 0xff, 0x40, 0x00, 0x00, 0x00, 0x00, 0x00, 0x00, 0x00, 0x00, 0x00, 0x04, 0xcf, 0xff,
    0xff, 0xff, 0xff, 0xff, 0xff, 0xf5, 0x00, 0x00, 0x00, 0x07, 0xcf, 0xff, 0xc8, 0x77, 0x77, 0x77,
    0x8c, 0xff, 0x91, 0x00, 0x00, 0x00, 0x08, 0xfa, 0x48, 0xed, 0x73, 0x00, 0x48, 0xdf, 0xb4, 0x00,
    0x00, 0x00, 0x00, 0x00, 0x20, 0x12, 0x5d, 0xff, 0xee, 0xff, 0xe7, 0x32, 0x11, 0x10, 0x00, 0x01,
    0xbc, 0xef, 0xff, 0xff, 0xfc, 0x99, 0xce, 0xff, 0xff, 0xff, 0xfe, 0x10, 0x00, 0xae, 0xcb, 0x98,
    0x52, 0x04, 0x64, 0x00, 0x25, 0x78, 0x89, 0xa6, 0x00, 0x00, 0x00, 0x00, 0x00, 0x00, 0x0b, 0xf8,
    0x00, 0x00, 0x00, 0x00, 0x00, 0x00, 0x00, 0x00, 0xdf, 0xff, 0xff, 0xff, 0xff, 0xff, 0xff, 0xff,
    0xf1, 0x00, 0x00, 0x00, 0x00, 0x8a, 0xaa, 0xab, 0xff, 0xca, 0xaa, 0xaa, 0xbf, 0xe0, 0x00, 0x00,
    0x00, 0x00, 0x00, 0x00, 0x3d, 0xfc, 0x10, 0x00, 0x00, 0x5f, 0xc0, 0x00, 0x00, 0x00, 0x00, 0x01,
    0x5a, 0xff, 0xc2, 0x00, 0x01, 0x00, 0x9f, 0x90, 0x00, 0x00, 0x00, 0x07, 0xdf, 0xff, 0xd7, 0x00,
    0x00, 0x1f, 0xff, 0xff, 0x50, 0x00, 0x00, 0x00, 0x01, 0xba, 0x83, 0x00, 0x00, 0x00, 0x07, 0xaa,
    0xa5, 0x00, 0x00, 0x00, 0x00, 0x00, 0x00, 0x00, 0x00, 0x00, 0x00, 0x00, 0x00, 0x00, 0x00, 0x00,
    0x00, 0x00, 0x00, 0x00, 0x00, 0x00, 0x00, 0x00, 0x00, 0x00, 0x00, 0x00, 0x00, 0x00, 0x00, 0x00,
    0x8a, 0xaa, 0xaa, 0xaa, 0xaa, 0xaa, 0xaa, 0xaa, 0xa8, 0x00, 0x00, 0x00, 0x00, 0xdf, 0xff, 0xff,
    0xff, 0xff, 0xff, 0xff, 0xff, 0xfc, 0x00, 0x00, 0x00, 0x00, 0x00, 0x00, 0x00, 0x03, 0xff, 0x00,
    0x00, 0x00, 0x00, 0x00, 0x00, 0x00, 0x5f, 0xff, 0xff, 0xff, 0xff, 0xff, 0xff, 0xff, 0xff, 0xff,
    0xf5, 0x00, 0x00, 0x5f, 0xd6, 0x66, 0x66, 0x68, 0xff, 0x76, 0x66, 0x66, 0x6e, 0xf5, 0x00, 0x00,
    0x5f, 0xc4, 0xbb, 0xbb, 0x93, 0xff, 0x0a, 0xbb, 0xbb, 0x3d, 0xf5, 0x00, 0x00, 0x5f, 0xc5, 0xff,
    0xff, 0xc3, 0xff, 0x0e, 0xff, 0xff, 0x4d, 0xf5, 0x00, 0x00, 0x00, 0x00, 0x00, 0x00, 0x03, 0xff,
    0x00, 0x00, 0x00, 0x00, 0x00, 0x00, 0x00, 0x00, 0x0c, 0xff, 0xff, 0xc3, 0xff, 0x0e, 0xff, 0xff,
    0xd0, 0x00, 0x00, 0x00, 0x00, 0x03, 0x33, 0x33, 0x32, 0xbb, 0x03, 0x33, 0x33, 0x30, 0x00, 0x00,
    0x00, 0x00, 0x89, 0x99, 0x99, 0x99, 0x99, 0x99, 0x99, 0x99, 0x99, 0x80, 0x00, 0x00, 0x00, 0xef,
    0xff, 0xff, 0xff, 0xff, 0xff, 0xff, 0xff, 0xff, 0xe0, 0x00, 0x00, 0x00, 0xef, 0x30, 0x00, 0x00,
    0x00, 0x00, 0x00, 0x00, 0x00, 0x00, 0x00, 0x00, 0x00, 0xef, 0x3b, 0xff, 0xff, 0xff, 0xff, 0xff,
    0xff, 0xf9, 0x00, 0x00, 0x00, 0x00, 0xef, 0x35, 0x77, 0x77, 0x77, 0x77, 0x77, 0x77, 0x74, 0x00,
    0x00, 0x00, 0x00, 0xff, 0x98, 0x88, 0x88, 0x88, 0x88, 0x88, 0x88, 0x88, 0x87, 0x00, 0x00, 0x02,
    0xff, 0xff, 0xff, 0xff, 0xff, 0xff, 0xff, 0xff, 0xff, 0xfd, 0x00, 0x00, 0x05, 0xfd, 0x03, 0xff,
    0x00, 0x05, 0xfc, 0x10, 0x03, 0xda, 0x20, 0x00, 0x00, 0x0a, 0xf8, 0x03, 0xff, 0x00, 0x00, 0x8f,
    0xe6, 0x9f, 0xd6, 0x00, 0x00, 0x00, 0x2f, 0xf4, 0x07, 0xff, 0x01, 0x35, 0x77, 0xef, 0xfd, 0x40,
    0x00, 0x00, 0x00, 0xcf, 0xd0, 0x3e, 0xff, 0xef, 0xff, 0xf0, 0x2a, 0xff, 0xff, 0xda, 0x10, 0x02,
    0xdf, 0x40, 0x2e, 0xff, 0xec, 0x96, 0x40, 0x00, 0x16, 0xad, 0xf7, 0x00, 0x00, 0x26, 0x00, 0x05,
    0x52, 0x00, 0x00, 0x00, 0x00, 0x00, 0x00, 0x10, 0x00, 0x00, 0x00, 0x00, 0x00, 0x00, 0x00, 0x00,
    0x00, 0x00, 0x00, 0x00, 0x00, 0x00, 0x00, 0x00, 0x00, 0x00, 0x00, 0x00, 0x00, 0x00, 0x00, 0x00,
    0x00, 0x00, 0x00, 0x00, 0x00, 0x00, 0x7a, 0x30, 0x00, 0x00, 0x04, 0x41, 0x00, 0x00, 0x00, 0x00,
    0x00, 0x00, 0x00, 0xbf, 0x50, 0x00, 0x00, 0x0d, 0xf6, 0x00, 0x00, 0x00, 0x00, 0x00, 0x79, 0x99,
    0xef, 0xb9, 0x99, 0x30, 0x5f, 0xe1, 0x00, 0x00, 0x00, 0x00, 0x00, 0xbf, 0xff, 0xff, 0xff, 0xff,
    0x60, 0xcf, 0xff, 0xff, 0xd3, 0x00, 0x00, 0x00, 0x00, 0x00, 0xbf, 0x50, 0x00, 0x06, 0xfe, 0xbb,
    0xdf, 0xf3, 0x00, 0x00, 0x00, 0x29, 0x99, 0xdf, 0xb9, 0x97, 0x4f, 0xf6, 0x00, 0xaf, 0x90, 0x00,
    0x00, 0x00, 0x3f, 0xff, 0xff, 0xff, 0xfe, 0xef, 0xb0, 0x05, 0xfd, 0x10, 0x00, 0x00, 0x00, 0x00,
    0x00, 0xbf, 0x50, 0x00, 0x3e, 0xed, 0xde, 0xfe, 0xdd, 0xb0, 0x00, 0x01, 0xaa, 0xaa, 0xef, 0xca,
    0xaa, 0x6a, 0xff, 0xff, 0xff, 0xff, 0xd0, 0x00, 0x02, 0xff, 0xff, 0xff, 0xff, 0xff, 0xa0, 0x00,
    0xbf, 0x60, 0x3f, 0xd0, 0x00, 0x00, 0x00, 0x00, 0x00, 0x00, 0x00, 0x00, 0x00, 0xbf, 0x60, 0x3f,
    0xd0, 0x00, 0x00, 0x08, 0xbb, 0xbb, 0xbb, 0xb5, 0x9d, 0xdd, 0xff, 0xed, 0xef, 0xfd, 0x40, 0x00,
    0x0c, 0xff, 0xff, 0xff, 0xf7, 0xbf, 0xff, 0xff, 0xff, 0xff, 0xff, 0x40, 0x00, 0x0c, 0xf3, 0x00,
    0x08, 0xf7, 0x00, 0x00, 0xbf, 0x60, 0x3f, 0xd0, 0x00, 0x00, 0x0c, 0xfa, 0x88, 0x8c, 0xf7, 0x00,
    0x00, 0xbf, 0x60, 0x3f, 0xd0, 0x00, 0x00, 0x0c, 0xff, 0xff, 0xff, 0xf7, 0x00, 0x00, 0xbf, 0x60,
    0x3f, 0xd0, 0x00, 0x00, 0x0c, 0xf3, 0x00, 0x08, 0xf7, 0x0b, 0xff, 0xff, 0xff, 0xff, 0xd0, 0x00,
    0x00, 0x0c, 0xf3, 0x00, 0x08, 0xf7, 0x0a, 0xdd, 0xef, 0xed, 0xdf, 0xd0, 0x00, 0x00, 0x0c, 0xff,
    0xff, 0xff, 0xf7, 0x00, 0x00, 0xbf, 0x60, 0x2b, 0x90, 0x00, 0x00, 0x0c, 0xfa, 0x88, 0x8c, 0xf7,
    0x00, 0x00, 0xbf, 0x60, 0x00, 0x00, 0x00, 0x00, 0x0c, 0xf3, 0x00, 0x08, 0xf7, 0x00, 0x00, 0xbf,
    0x60, 0x00, 0x00, 0x00, 0x00, 0x0c, 0xf3, 0x00, 0x09, 0xf7, 0x06, 0xff, 0xff, 0x40, 0x00, 0x00,
    0x00, 0x00, 0x0c, 0xf3, 0x0b, 0xff, 0xf5, 0x01, 0xff, 0xe9, 0x00, 0x00, 0x00, 0x00, 0x00, 0x0a,
    0xc3, 0x05, 0xcb, 0x70, 0x00, 0x11, 0x00, 0x00, 0x00, 0x00, 0x00, 0x00, 0x00, 0x00, 0x00, 0x00,
    0x00, 0x00, 0x00, 0x00, 0x00, 0x00, 0x00, 0x00, 0x00, 0x00, 0x00, 0x00, 0x00, 0x00, 0x00, 0x00,
    0x00, 0x00, 0x00, 0x00, 0x00, 0x00, 0x00, 0x00, 0x00, 0x00, 0x04, 0x87, 0x00, 0x00, 0x00, 0x00,
    0x00, 0x00, 0x00, 0x00, 0x00, 0x00, 0x00, 0x08, 0xfe, 0x10, 0x00, 0x00, 0x00, 0x00, 0x00, 0x00,
    0x00, 0x00, 0x00, 0x00, 0x02, 0xff, 0x60, 0x00, 0x00, 0x00, 0x00, 0x00, 0x00, 0x06, 0xff, 0xff,
    0xff, 0xff, 0xff, 0xff, 0xff, 0xff, 0xff, 0x90, 0x00, 0x00, 0x06, 0xff, 0xff, 0xff, 0xff, 0xff,
    0xff, 0xff, 0xff, 0xff, 0x90, 0x00, 0x00, 0x00, 0x00, 0x1a, 0xd4, 0x00, 0x00, 0x00, 0x2e, 0xc5,
    0x00, 0x00, 0x00, 0x00, 0x00, 0x00, 0x0a, 0xfc, 0x00, 0x00, 0x00, 0xaf, 0xe1, 0x00, 0x00, 0x00,
    0x00, 0x00, 0x00, 0x04, 0xff, 0x30, 0x00, 0x02, 0xff, 0x60, 0x00, 0x00, 0x00, 0x00, 0xbf, 0xff,
    0xff, 0xff, 0xff, 0xff, 0xff, 0xff, 0xff, 0xff, 0xfb, 0x00, 0x00, 0xbf, 0xff, 0xff, 0xff, 0xff,
    0xff, 0xff, 0xff, 0xff, 0xff, 0xfb, 0x00, 0x00, 0x01, 0x11, 0x11, 0x11, 0x11, 0x11, 0x11, 0x11,
    0x11, 0x11, 0x10, 0x00, 0x00, 0x00, 0x00, 0x00, 0x00, 0x00, 0x00, 0x00, 0x00, 0x00, 0x00, 0x00,
    0x00, 0x00, 0x00, 0x08, 0xdd, 0xdd, 0xdd, 0xdd, 0xdd, 0xdd, 0xdd, 0xb0, 0x00, 0x00, 0x00, 0x00,
    0x08, 0xff, 0xff, 0xff, 0xff, 0xff, 0xff, 0xff, 0xc0, 0x00, 0x00, 0x00, 0x00, 0x08, 0xfa, 0x00,
    0x00, 0x00, 0x00, 0x00, 0x8f, 0xc0, 0x00, 0x00, 0x00, 0x00, 0x08, 0xfa, 0x00, 0x00, 0x00, 0x00,
    0x00, 0x8f, 0xc0, 0x00, 0x00, 0x00, 0x00, 0x08, 0xfa, 0x00, 0x00, 0x00, 0x00, 0x00, 0x8f, 0xc0,
    0x00, 0x00, 0x00, 0x00, 0x08, 0xff, 0xff, 0xff, 0xff, 0xff, 0xff, 0xff, 0xc0, 0x00, 0x00, 0x00,
    0x00, 0x08, 0xfe, 0xcc, 0xcc, 0xcc, 0xcc, 0xcc, 0xdf, 0xc0, 0x00, 0x00, 0x00, 0x00, 0x08, 0xfa,
    0x00, 0x00, 0x00, 0x00, 0x00, 0x8f, 0xc0, 0x00, 0x00, 0x00, 0x00, 0x08, 0xfa, 0x00, 0x00, 0x00,
    0x00, 0x00, 0x8f, 0xc0, 0x00, 0x00, 0x00, 0x00, 0x08, 0xff, 0xff, 0xff, 0xff, 0xff, 0xff, 0xff,
    0xc0, 0x00, 0x00, 0x00, 0x00, 0x08, 0xff, 0xee, 0xee, 0xee, 0xee, 0xee, 0xef, 0xc0, 0x00, 0x00,
    0x00, 0x00, 0x06, 0xb7, 0x00, 0x00, 0x00, 0x00, 0x00, 0x5a, 0x80, 0x00, 0x00, 0x00, 0x00, 0x00,
    0x00, 0x00, 0x00, 0x00, 0x00, 0x00, 0x00, 0x00, 0x00, 0x00, 0x00, 0x00, 0x00, 0x00, 0x00, 0x00,
    0x00, 0x00, 0x00, 0x00, 0x00, 0x00, 0x00, 0x00, 0x05, 0x88, 0x88, 0x88, 0x87, 0x1c, 0xcc, 0xcc,
    0xcc, 0xcc, 0xcc, 0x00, 0x00, 0x09, 0xff, 0xff, 0xff, 0xfd, 0x1f, 0xff, 0xff, 0xff, 0xff, 0xff,
    0x00, 0x00, 0x09, 0xf7, 0x00, 0x04, 0xfd, 0x00, 0x00, 0x0e, 0xf4, 0x00, 0x00, 0x00, 0x00, 0x09,
    0xfb, 0x77, 0x79, 0xfd, 0x00, 0x00, 0x4f, 0xd0, 0x00, 0x00, 0x00, 0x00, 0x09, 0xff, 0xff, 0xff,
    0xfd, 0x02, 0xaa, 0xcf, 0xda, 0xaa, 0x90, 0x00, 0x00, 0x09, 0xf7, 0x00, 0x04, 0xfd, 0x03, 0xff,
    0xff, 0xff, 0xff, 0xe0, 0x00, 0x00, 0x09, 0xf7, 0x00, 0x04, 0xfd, 0x03, 0xfa, 0x00, 0x00, 0x0f,
    0xe0, 0x00, 0x00, 0x09, 0xff, 0xff, 0xff, 0xfd, 0x03, 0xfa, 0x03, 0x62, 0x0f, 0xe0, 0x00, 0x00,
    0x05, 0x99, 0x99, 0x99, 0x98, 0x03, 0xfa, 0x08, 0xf5, 0x0f, 0xe0, 0x00, 0x00, 0x00, 0x00, 0x00,
    0x00, 0x00, 0x03, 0xfa, 0x09, 0xf5, 0x0f, 0xe0, 0x00, 0x00, 0x9b, 0xbb, 0xbb, 0xbb, 0xbb, 0xb3,
    0xfa, 0x0a, 0xf4, 0x0f, 0xe0, 0x00, 0x00, 0xdf, 0xff, 0xff, 0xff, 0xff, 0xf3, 0xfa, 0x0b, 0xf3,
    0x0f, 0xe0, 0x00, 0x00, 0x00, 0x00, 0x3f, 0xb0, 0x00, 0x03, 0xfa, 0x0e, 0xf1, 0x0f, 0xe0, 0x00,
    0x00, 0x06, 0xd6, 0x3f, 0xb0, 0x00, 0x03, 0xfa, 0x3f, 0xd0, 0x0f, 0xe0, 0x00, 0x00, 0x07, 0xf6,
    0x3f, 0xeb, 0xbb, 0x53, 0xfa, 0x6f, 0x90, 0x0d, 0xd0, 0x00, 0x00, 0x09, 0xf5, 0x3f, 0xff, 0xff,
    0x80, 0x01, 0xdf, 0x4c, 0x90, 0x00, 0x00, 0x00, 0x0a, 0xf9, 0x3f, 0xb0, 0x00, 0x00, 0x1b, 0xfa,
    0x2d, 0xfc, 0x20, 0x00, 0x00, 0x0c, 0xff, 0x7f, 0xb0, 0x00, 0x05, 0xdf, 0xc1, 0x01, 0xbf, 0xe3,
    0x00, 0x00, 0x1f, 0xed, 0xff, 0xb0, 0x00, 0xbf, 0xfa, 0x10, 0x00, 0x09, 0xfb, 0x00, 0x00, 0x5f,
    0x92, 0xef, 0xe7, 0x30, 0x3a, 0x30, 0x00, 0x00, 0x00, 0x71, 0x00, 0x00, 0xcf, 0x40, 0x2a, 0xff,
    0xff, 0xed, 0xdc, 0xcc, 0xcc, 0xcd, 0xdc, 0x10, 0x02, 0xdc, 0x00, 0x00, 0x27, 0xac, 0xee, 0xff,
    0xff, 0xff, 0xff, 0xf9, 0x00, 0x00, 0x13, 0x00, 0x00, 0x00, 0x00, 0x00, 0x00, 0x00, 0x00, 0x00,
    0x00, 0x00, 0x00, 0x00, 0x00, 0x00, 0x00, 0x00, 0x00, 0x00, 0x00, 0x00, 0x00, 0x00, 0x00, 0x00,
    0x00, 0x00, 0x00, 0x00, 0x00, 0x00, 0x00, 0x00, 0x00, 0x00, 0x00, 0x00, 0x00, 0x00, 0x13, 0x33,
    0x33, 0x33, 0x33, 0x33, 0x33, 0x33, 0x30, 0x00, 0x00, 0x00, 0x00, 0x5f, 0xff, 0xff, 0xff, 0xff,
    0xff, 0xff, 0xff, 0xf2, 0x00, 0x00, 0x00, 0x00, 0x5f, 0xff, 0xff, 0xff, 0xff, 0xff, 0xff, 0xff,
    0xf2, 0x00, 0x00, 0x00, 0x00, 0x5f, 0xf0, 0x00, 0x00, 0x00, 0x00, 0x00, 0x2f, 0xf2, 0x00, 0x00,
    0x00, 0x00, 0x5f, 0xf0, 0x00, 0x00, 0x00, 0x03, 0x10, 0x2f, 0xf1, 0x00, 0x00, 0x00, 0x00, 0x5f,
    0xf0, 0x04, 0x00, 0x00, 0x0e, 0xf3, 0x2f, 0xf1, 0x00, 0x00, 0x00, 0x00, 0x5f, 0xf1, 0xdf, 0x50,
    0x00, 0x4f, 0xd0, 0x2f, 0xf1, 0x00, 0x00, 0x00, 0x00, 0x5f, 0xf0, 0x8f, 0xe3, 0x00, 0xaf, 0x80,
    0x2f, 0xf1, 0x00, 0x00, 0x00, 0x00, 0x5f, 0xf0, 0x0c, 0xfd, 0x12, 0xff, 0x20, 0x2f, 0xf1, 0x00,
    0x00, 0x00, 0x00, 0x5f, 0xe0, 0x02, 0xef, 0xa9, 0xfa, 0x00, 0x2f, 0xf1, 0x00, 0x00, 0x00, 0x00,
    0x6f, 0xe0, 0x00, 0x5f, 0xff, 0xf3, 0x00, 0x1f, 0xf2, 0x00, 0x00, 0x00, 0x00, 0x7f, 0xd0, 0x00,
    0x08, 0xff, 0xb0, 0x00, 0x1f, 0xf2, 0x00, 0x00, 0x00, 0x00, 0x8f, 0xc0, 0x00, 0x05, 0xff, 0xd1,
    0x00, 0x1f, 0xf2, 0x00, 0x00, 0x00, 0x00, 0xaf, 0xa0, 0x00, 0x2e, 0xff, 0xf9, 0x00, 0x0f, 0xf3,
    0x00, 0x00, 0x00, 0x00, 0xbf, 0x80, 0x00, 0xbf, 0xe9, 0xff, 0x40, 0x0e, 0xf3, 0x00, 0x00, 0x00,
    0x00, 0xef, 0x60, 0x08, 0xff, 0x50, 0xcf, 0xd1, 0x0d, 0xf4, 0x00, 0x00, 0x00, 0x03, 0xff, 0x20,
    0x6f, 0xf9, 0x00, 0x3f, 0xf8, 0x0c, 0xf5, 0x03, 0x00, 0x00, 0x07, 0xfe, 0x08, 0xff, 0xc1, 0x00,
    0x09, 0xff, 0x2a, 0xf7, 0x0d, 0x20, 0x00, 0x0c, 0xfa, 0x1c, 0xfc, 0x10, 0x00, 0x02, 0xec, 0x37,
    0xf9, 0x1f, 0x60, 0x00, 0x5f, 0xf5, 0x01, 0xa1, 0x00, 0x00, 0x00, 0x30, 0x04, 0xfe, 0x5f, 0x40,
    0x00, 0xcf, 0xd0, 0x00, 0x00, 0x00, 0x00, 0x00, 0x00, 0x00, 0xef, 0xff, 0x20, 0x00, 0xaf, 0x50,
    0x00, 0x00, 0x00, 0x00, 0x00, 0x00, 0x00, 0x5f, 0xfb, 0x00, 0x00, 0x06, 0x00, 0x00, 0x00, 0x00,
    0x00, 0x00, 0x00, 0x00, 0x03, 0x51, 0x00, 0x00, 0x00, 0x00, 0x00, 0x00, 0x00, 0x00, 0x00, 0x00,
    0x00, 0x00, 0x00, 0x00, 0x00, 0x00, 0x00, 0x00, 0x00, 0x00, 0x00, 0x00, 0x00, 0x00, 0x00, 0x00,
    0x00, 0x00, 0x00, 0x00, 0x00, 0x00, 0x00, 0x00, 0x02, 0x75, 0x00, 0x00, 0x00, 0x00, 0x00, 0x8e,
    0xee, 0xee, 0xee, 0x20, 0x00, 0x06, 0xfe, 0x10, 0x00, 0x00, 0x00, 0x00, 0x8f, 0xff, 0xff, 0xff,
    0x10, 0x00, 0x01, 0xef, 0x70, 0x00, 0x00, 0x00, 0x00, 0x00, 0x00, 0x00, 0xef, 0x00, 0x00, 0x00,
    0x8f, 0xd0, 0x00, 0x00, 0x00, 0x00, 0x00, 0x00, 0x00, 0xfe, 0x00, 0x00, 0x00, 0x4c, 0x50, 0x00,
    0x00, 0x00, 0x00, 0x08, 0xc3, 0x01, 0xfd, 0x09, 0xff, 0xff, 0xff, 0xff, 0xff, 0xfb, 0x00, 0x00,
    0x0b, 0xf3, 0x02, 0xfc, 0x09, 0xff, 0xff, 0xff, 0xff, 0xff, 0xfb, 0x00, 0x00, 0x0c, 0xf2, 0x03,
    0xfb, 0x00, 0x00, 0x00, 0x8f, 0xc0, 0x00, 0x00, 0x00, 0x00, 0x0d, 0xf1, 0x04, 0xfa, 0x00, 0x00,
    0x00, 0x8f, 0xc0, 0x00, 0x00, 0x00, 0x00, 0x0e, 0xf0, 0x05, 0xf9, 0x00, 0x00, 0x00, 0x8f, 0xc0,
    0x00, 0x00, 0x00, 0x00, 0x0f, 0xe0, 0x06, 0xf8, 0x00, 0x00, 0x00, 0x8f, 0xc0, 0x00, 0x00, 0x00,
    0x00, 0x2f, 0xc0, 0x08, 0xf7, 0x00, 0x00, 0x00, 0x8f, 0xc0, 0x00, 0x00, 0x00, 0x00, 0x3f, 0xec,
    0xce, 0xfd, 0xc0, 0x00, 0x00, 0x8f, 0xc0, 0x00, 0x00, 0x00, 0x00, 0x5f, 0xff, 0xff, 0xff, 0xf3,
    0xff, 0xff, 0xff, 0xff, 0xff, 0xf1, 0x00, 0x00, 0x00, 0x00, 0x00, 0x1f, 0xe3, 0xff, 0xff, 0xff,
    0xff, 0xff, 0xf1, 0x00, 0x00, 0x00, 0x00, 0x00, 0x2f, 0xd0, 0x00, 0x00, 0x8f, 0xc0, 0x00, 0x00,
    0x00, 0x00, 0x00, 0x02, 0x59, 0x3f, 0xc0, 0x00, 0x00, 0x8f, 0xc0, 0x00, 0x00, 0x00, 0x01, 0x69,
    0xdf, 0xff, 0x6f, 0xb0, 0x00, 0x00, 0x8f, 0xc0, 0x00, 0x00, 0x00, 0x02, 0xff, 0xfe, 0xa6, 0x6f,
    0xa0, 0x00, 0x00, 0x8f, 0xc0, 0x00, 0x00, 0x00, 0x00, 0xb8, 0x30, 0x00, 0x7f, 0x80, 0x00, 0x00,
    0x8f, 0xc0, 0x00, 0x00, 0x00, 0x00, 0x00, 0x00, 0x00, 0xaf, 0x60, 0x00, 0x00, 0x8f, 0xc0, 0x00,
    0x00, 0x00, 0x00, 0x00, 0x11, 0x03, 0xef, 0x5f, 0xff, 0xff, 0xff, 0xff, 0xff, 0xff, 0x20, 0x00,
    0x00, 0x5f, 0xff, 0xfc, 0x3f, 0xff, 0xff, 0xff, 0xff, 0xff, 0xff, 0x20, 0x00, 0x00, 0x1c, 0xcc,
    0x92, 0x00, 0x00, 0x00, 0x00, 0x00, 0x00, 0x00, 0x00, 0x00, 0x00, 0x00, 0x00, 0x00, 0x00, 0x00,
    0x00, 0x00, 0x00, 0x00, 0x00, 0x00, 0x00, 0x00, 0x00, 0x00, 0x00, 0x00, 0x00, 0x00, 0x00, 0x00,
    0x00, 0x00, 0x00, 0x00, 0x00, 0x00, 0x00, 0x00, 0x02, 0x67, 0x00, 0x00, 0x00, 0x00, 0x00, 0x00,
    0x00, 0x00, 0x00, 0x00, 0x00, 0x07, 0xfe, 0x10, 0x00, 0x00, 0x00, 0x00, 0x00, 0x00, 0x00, 0x00,
    0x00, 0x00, 0x03, 0xff, 0x60, 0x00, 0x00, 0x00, 0x00, 0x00, 0x00, 0xaf, 0xff, 0xff, 0xff, 0xff,
    0xff, 0xff, 0xff, 0xff, 0xff, 0xf8, 0x00, 0x00, 0x9e, 0xee, 0xee, 0xee, 0xee, 0xee, 0xee, 0xee,
    0xee, 0xee, 0xe8, 0x00, 0x00, 0x00, 0x00, 0x00, 0x00, 0x00, 0x00, 0x00, 0x00, 0x00, 0x00, 0x00,
    0x00, 0x00, 0x00, 0x03, 0xff, 0xff, 0xff, 0xff, 0xff, 0xff, 0xff, 0x60, 0x00, 0x00, 0x00, 0x00,
    0x03, 0xff, 0x99, 0x99, 0x99, 0x99, 0x99, 0xff, 0x60, 0x00, 0x00, 0x00, 0x00, 0x03, 0xff, 0x10,
    0x00, 0x00, 0x00, 0x00, 0xff, 0x60, 0x00, 0x00, 0x00, 0x00, 0x03, 0xff, 0x99, 0x99, 0x99, 0x99,
    0x99, 0xff, 0x60, 0x00, 0x00, 0x00, 0x00, 0x03, 0xff, 0xff, 0xff, 0xff, 0xff, 0xff, 0xff, 0x60,
    0x00, 0x00, 0x00, 0x00, 0x00, 0x00, 0x00, 0x00, 0x00, 0x00, 0x00, 0x00, 0x00, 0x00, 0x00, 0x00,
    0x00, 0x00, 0x00, 0x00, 0x00, 0x00, 0x00, 0x00, 0x00, 0x00, 0x00, 0x00, 0x00, 0x0d, 0xff, 0xff,
    0xff, 0xff, 0xff, 0xff, 0xff, 0xff, 0xff, 0xd0, 0x00, 0x00, 0x0d, 0xfe, 0xdd, 0xdd, 0xdd, 0xdd,
    0xdd, 0xdd, 0xdd, 0xef, 0xd0, 0x00, 0x00, 0x0d, 0xf5, 0x00, 0x00, 0x00, 0x00, 0x00, 0x00, 0x00,
    0x6f, 0xd0, 0x00, 0x00, 0x0d, 0xf5, 0x05, 0xff, 0xff, 0xff, 0xff, 0xff, 0x00, 0x6f, 0xd0, 0x00,
    0x00, 0x0d, 0xf5, 0x05, 0xfe, 0x99, 0x99, 0x99, 0xff, 0x00, 0x6f, 0xd0, 0x00, 0x00, 0x0d, 0xf5,
    0x05, 0xfc, 0x00, 0x00, 0x00, 0xff, 0x00, 0x6f, 0xd0, 0x00, 0x00, 0x0d, 0xf5, 0x05, 0xfe, 0x99,
    0x99, 0x99, 0xff, 0x00, 0x6f, 0xd0, 0x00, 0x00, 0x0d, 0xf5, 0x05, 0xff, 0xff, 0xff, 0xff, 0xff,
    0x00, 0x6f, 0xd0, 0x00, 0x00, 0x0d, 0xf5, 0x05, 0xfc, 0x00, 0x00, 0x00, 0x00, 0x00, 0x8f, 0xd0,
    0x00, 0x00, 0x0d, 0xf5, 0x03, 0x86, 0x00, 0x00, 0x00, 0x02, 0xff, 0xff, 0xa0, 0x00, 0x00, 0x0a,
    0xc4, 0x00, 0x00, 0x00, 0x00, 0x00, 0x00, 0x8a, 0x96, 0x10, 0x00, 0x00, 0x00, 0x00, 0x00, 0x00,
    0x00, 0x00, 0x00, 0x00, 0x00, 0x00, 0x00, 0x00, 0x00, 0x00, 0x00, 0x00, 0x00, 0x00, 0x00, 0x00,
    0x00, 0x00, 0x00, 0x00, 0x00, 0x00, 0x00, 0x00, 0x00, 0x66, 0x30, 0x00, 0x02, 0x66, 0x00, 0x00,
    0x00, 0x00, 0x00, 0x00, 0x00, 0x00, 0xef, 0x60, 0x00, 0x05, 0xff, 0x00, 0x00, 0x00, 0x00, 0x00,
    0x00, 0x00, 0x00, 0xef, 0x60, 0x00, 0x05, 0xff, 0x00, 0x00, 0x00, 0x00, 0x00, 0x00, 0xff, 0xff,
    0xff, 0xff, 0xff, 0xff, 0xff, 0xff, 0xff, 0x30, 0x00, 0x00, 0x00, 0xff, 0xff, 0xff, 0xff, 0xff,
    0xff, 0xff, 0xff, 0xff, 0x30, 0x00, 0x00, 0x00, 0x00, 0x00, 0xef, 0x60, 0x00, 0x05, 0xff, 0x00,
    0x00, 0x00, 0x00, 0x00, 0x11, 0x11, 0x11, 0xef, 0x71, 0x11, 0x16, 0xff, 0x11, 0x11, 0x11, 0x00,
    0x00, 0xbf, 0xff, 0xff, 0xff, 0xff, 0xff, 0xff, 0xff, 0xff, 0xff, 0xfc, 0x00, 0x00, 0xbf, 0xff,
    0xff, 0xff, 0xff, 0xff, 0xff, 0xff, 0xff, 0xff, 0xfc, 0x00, 0x00, 0x00, 0x00, 0x00, 0x00, 0x03,
    0xff, 0x30, 0x00, 0x00, 0x00, 0x00, 0x00, 0x00, 0x00, 0x29, 0x99, 0x99, 0x9a, 0xff, 0xa9, 0x99,
    0x99, 0x94, 0x00, 0x00, 0x00, 0x00, 0x3f, 0xff, 0xff, 0xff, 0xff, 0xff, 0xff, 0xff, 0xf7, 0x00,
    0x00, 0x00, 0x00, 0x3f, 0xf0, 0x00, 0x03, 0xff, 0x30, 0x00, 0x0d, 0xf7, 0x00, 0x00, 0x00, 0x00,
    0x3f, 0xf0, 0x00, 0x03, 0xff, 0x30, 0x00, 0x0d, 0xf7, 0x00, 0x00, 0x00, 0x00, 0x3f, 0xff, 0xff,
    0xff, 0xff, 0xff, 0xff, 0xff, 0xf7, 0x00, 0x00, 0x00, 0x00, 0x3f, 0xf8, 0x88, 0x89, 0xff, 0x98,
    0x88, 0x8e, 0xf7, 0x00, 0x00, 0x00, 0x00, 0x3f, 0xf0, 0x00, 0x03, 0xff, 0x30, 0x00, 0x0d, 0xf7,
    0x00, 0x00, 0x00, 0x00, 0x3f, 0xf9, 0x99, 0x9a, 0xff, 0xa9, 0x99, 0x9e, 0xf7, 0x00, 0x00, 0x00,
    0x00, 0x3f, 0xff, 0xff, 0xff, 0xff, 0xff, 0xff, 0xff, 0xf7, 0x00, 0x00, 0x00, 0x00, 0x00, 0x00,
    0x6a, 0x20, 0x00, 0x02, 0xb7, 0x10, 0x00, 0x00, 0x00, 0x00, 0x00, 0x01, 0x6d, 0xff, 0xd1, 0x00,
    0x0a, 0xff, 0xfa, 0x50, 0x00, 0x00, 0x00, 0x16, 0xbf, 0xff, 0xe8, 0x10, 0x00, 0x00, 0x39, 0xef,
    0xfd, 0x71, 0x00, 0x00, 0x4f, 0xff, 0xc6, 0x10, 0x00, 0x00, 0x00, 0x00, 0x17, 0xdf, 0xe3, 0x00,
    0x00, 0x05, 0x72, 0x00, 0x00, 0x00, 0x00, 0x00, 0x00, 0x00, 0x05, 0x30, 0x00, 0x00, 0x00, 0x00,
    0x00, 0x00, 0x00, 0x00, 0x00, 0x00, 0x00, 0x00, 0x00, 0x00, 0x00, 0x00, 0x00, 0x00, 0x00, 0x00,
    0x00, 0x00, 0x00, 0x00, 0x00, 0x00, 0x00, 0x00, 0x00, 0x03, 0xce, 0x80, 0x00, 0x00, 0x00, 0x00,
    0x00, 0x00, 0x00, 0x00, 0x00, 0x00, 0x0a, 0xff, 0xf4, 0x00, 0x00, 0x00, 0x00, 0x00, 0x00, 0x00,
    0x00, 0x00, 0x00, 0x0a, 0xff, 0xf7, 0x00, 0x00, 0x00, 0x00, 0x00, 0x00, 0x00, 0x00, 0x00, 0x00,
    0x02, 0x9d, 0xf7, 0x00, 0x00, 0x00, 0x00, 0x00, 0x00, 0x00, 0x00, 0x00, 0x00, 0x00, 0x09, 0xf5,
    0x00, 0x00, 0x00, 0x00, 0x00, 0x00, 0x00, 0x00, 0x00, 0x00, 0x00, 0x3f, 0xd0, 0x00, 0x00, 0x00,
    0x00, 0x00, 0x00, 0x00, 0x00, 0x00, 0x00, 0x17, 0xfe, 0x40, 0x00, 0x00, 0x00, 0x00, 0x00, 0x00,
    0x00, 0x00, 0x00, 0x00, 0x4f, 0xd3, 0x00, 0x00, 0x00, 0x00, 0x00, 0x00, 0x00, 0x00, 0x00, 0x00,
    0x00, 0x05, 0x00, 0x00, 0x00, 0x00, 0x00, 0x00, 0x00, 0x00, 0x00, 0x00, 0x00, 0x00, 0x00, 0x00,
    0x00, 0x00, 0x00, 0x00, 0x00, 0x00, 0x00, 0x00, 0x00, 0x00, 0x00, 0x00, 0x00, 0x00, 0x00, 0x00,
    0x00, 0x00, 0x00, 0x00, 0x00, 0x00, 0x00, 0x00, 0x00, 0x00, 0x00, 0x00, 0x00, 0x00, 0x00, 0x00,
    0x00, 0x2b, 0x10, 0x00, 0x00, 0x00, 0x00, 0x00, 0x00, 0x00, 0x00, 0x00, 0x00, 0x02, 0xd7, 0x00,
    0x00, 0x00, 0x00, 0x00, 0x00, 0x00, 0x00, 0x00, 0x00, 0x00, 0x2d, 0x70, 0x00, 0x00, 0x00, 0x00,
    0x00, 0x00, 0x00, 0x00, 0x00, 0x00, 0x02, 0xd7, 0x00, 0x00, 0x00, 0x00, 0x00, 0x00, 0x00, 0x00,
    0x00, 0x00, 0x00, 0x2d, 0x70, 0x00, 0x00, 0x00, 0x00, 0x00, 0x00, 0x00, 0x00, 0x00, 0x00, 0x02,
    0xd7, 0x00, 0x00, 0x00, 0x00, 0x00, 0x00, 0x00, 0x00, 0x00, 0x00, 0x00, 0x2d, 0x70, 0x00, 0x00,
    0x00, 0x00, 0x00, 0x00, 0x00, 0x00, 0x00, 0x00, 0x02, 0xd7, 0x00, 0x00, 0x00, 0x00, 0x00, 0x00,
    0x00, 0x00, 0x00, 0x00, 0x00, 0x2d, 0x70, 0x00, 0x00, 0x00, 0x00, 0x00, 0x00, 0x00, 0x00, 0x00,
    0x00, 0x02, 0xd7, 0x00, 0x00, 0x00, 0x00, 0x00, 0x00, 0x00, 0x00, 0x00, 0x00, 0x00, 0x2d, 0x70,
    0x00, 0x00, 0x00, 0x00, 0x00, 0x00, 0x00, 0x00, 0x00, 0x00, 0x02, 0xd7, 0x00, 0x00, 0x00, 0x00,
    0x00, 0x00, 0x00, 0x00, 0x00, 0x00, 0x00, 0x2d, 0x70, 0x00, 0x00, 0x00, 0x00, 0x00, 0x00, 0x00,
    0x00, 0x00, 0x00, 0x02, 0xd7, 0x00, 0x00, 0x00, 0x00, 0x00, 0x00, 0x00, 0x00, 0x00, 0x00, 0x00,
    0x2d, 0x70, 0x00, 0x00, 0x00, 0x00, 0x00, 0x00, 0x00, 0x00, 0x00, 0x00, 0x02, 0xd7, 0x00, 0x00,
    0x00, 0x00, 0x00, 0x00, 0x00, 0x00, 0x00, 0x00, 0x00, 0x2d, 0x70, 0x00, 0x00, 0x00, 0x00, 0x00,
    0x00, 0x00, 0x00, 0x00, 0x00, 0x02, 0xd7, 0x00, 0x00, 0x00, 0x00, 0x00, 0x00, 0x00, 0x00, 0x00,
    0x00, 0x00, 0x2d, 0x70, 0x00, 0x00, 0x00, 0x00, 0x00, 0x00, 0x00, 0x00, 0x00, 0x00, 0x02, 0xd7,
    0x00, 0x00, 0x00, 0x00, 0x00, 0x00, 0x00, 0x00, 0x00, 0x00, 0x00, 0x2d, 0x70, 0x00, 0x00, 0x00,
    0x00, 0x00, 0x00, 0x00, 0x00, 0x00, 0x00, 0x01, 0xd7, 0x00, 0x00, 0x00, 0x00, 0x00, 0x00, 0x00,
    0x00, 0x00, 0x00, 0x00, 0x00, 0x30, 0x00, 0x00, 0x00, 0x00, 0x00, 0x00, 0x00, 0x00, 0x00, 0x00,
    0x00, 0x00, 0x00, 0x00, 0x00, 0x00, 0x00, 0x00, 0x00, 0x00, 0x00, 0x00, 0x00, 0x00, 0x00, 0x00,
    0x00, 0x00, 0x00, 0x00, 0x00, 0x00, 0x00, 0x00, 0x00, 0x00, 0x00, 0x00, 0x00, 0x05, 0xdd, 0x50,
    0x00, 0x00, 0x00, 0x00, 0x00, 0x00, 0x00, 0x00, 0x00, 0x00, 0x0e, 0xff, 0xe0, 0x00, 0x00, 0x00,
    0x00, 0x00, 0x00, 0x00, 0x00, 0x00, 0x00, 0x0e, 0xff, 0xe0, 0x00, 0x00, 0x00, 0x00, 0x00, 0x00,
    0x00, 0x00, 0x00, 0x00, 0x05, 0xee, 0x50, 0x00, 0x00, 0x00, 0x00, 0x00, 0x00, 0x00, 0x00, 0x00,
    0x00, 0x00, 0x00, 0x00, 0x00, 0x00, 0x00, 0x00, 0x00, 0x00, 0x00, 0x00, 0x00, 0x00, 0x00, 0x00,
    0x00, 0x00, 0x00, 0x00, 0x00, 0x00, 0x00, 0x00, 0x00, 0x00, 0x00, 0x00, 0x00, 0x00, 0x00, 0x00,
    0x00, 0x00, 0x00, 0x00, 0x00, 0x00, 0x00, 0x00, 0x00, 0x00, 0x00, 0x00, 0x00, 0x00, 0x00, 0x00,
    0x00, 0x00, 0x00, 0x00, 0x00, 0x00, 0x00, 0x00, 0x00, 0x00, 0x00, 0x00, 0x00, 0x00, 0x00, 0x00,
    0x00, 0x00, 0x00, 0x00, 0x00, 0x00, 0x00, 0x00, 0x00, 0x00, 0x00, 0x00, 0x00, 0x00, 0x00, 0x00,
    0x00, 0x00, 0x00, 0x00, 0x00, 0x00, 0x00, 0x00, 0x00, 0x00, 0x00, 0x00, 0x00, 0x00, 0x00, 0x00,
    0x00, 0x00, 0x00, 0x00, 0x00, 0x00, 0x00, 0x00, 0x00, 0x00, 0x00, 0x00, 0x00, 0x00, 0x00, 0x00,
    0x00, 0x00, 0x00, 0x00, 0x00, 0x00, 0x05, 0xdd, 0x50, 0x00, 0x00, 0x00, 0x00, 0x00, 0x00, 0x00,
    0x00, 0x00, 0x00, 0x0e, 0xff, 0xe0, 0x00, 0x00, 0x00, 0x00, 0x00, 0x00, 0x00, 0x00, 0x00, 0x00,
    0x0e, 0xff, 0xe0, 0x00, 0x00, 0x00, 0x00, 0x00, 0x00, 0x00, 0x00, 0x00, 0x00, 0x05, 0xed, 0x50,
    0x00, 0x00, 0x00, 0x00, 0x00, 0x00, 0x00, 0x00, 0x00, 0x00, 0x00, 0x00, 0x00, 0x00, 0x00, 0x00,
    0x00, 0x00, 0x00, 0x00, 0x00,
};

const ui_font_t g_source_han_sans_cn_24 = {
    .glyphs = kGlyphs,
    .bitmap = kBitmap,
    .glyph_count = 291,
    .bitmap_size = 78549,
    .fallback_codepoint = 0x25a1,
    .pixel_size = 24,
    .ascent = 28,
    .descent = 7,
    .line_height = 35,
    .letter_spacing = 1,
};
