// Generated by tools/generate_ui_font.py; do not edit manually.
// Font: Source Han Sans CN Medium, 32px, source SHA-256 0430409f0ccbfa2c1a9e21b75bcd92ee1431e2256e9957e3f3a2248ce294a3eb
// Subset: 288 glyphs, 4-bit grayscale, 130935 bitmap bytes.
#include "ui_font_source_han_32.h"

static const ui_glyph_t kGlyphs[] = {
    {0x0020, 0, 9, 9, 2, 7, -1, -1},
    {0x0021, 9, 176, 13, 27, 11, -1, -26},
    {0x0022, 185, 257, 19, 27, 17, -1, -26},
    {0x0023, 442, 260, 20, 26, 18, -1, -25},
    {0x0024, 702, 340, 20, 34, 18, -1, -29},
    {0x0025, 1042, 416, 32, 26, 30, -1, -25},
    {0x0026, 1458, 325, 25, 26, 23, -1, -25},
    {0x0027, 1783, 162, 12, 27, 10, -1, -26},
    {0x0028, 1945, 228, 13, 35, 11, -1, -28},
    {0x0029, 2173, 228, 13, 35, 11, -1, -28},
    {0x002a, 2401, 238, 17, 28, 15, -1, -27},
    {0x002b, 2639, 220, 20, 22, 18, -1, -21},
    {0x002c, 2859, 84, 12, 14, 10, -1, -6},
    {0x002d, 2943, 85, 13, 13, 11, -1, -12},
    {0x002e, 3028, 48, 12, 8, 10, -1, -7},
    {0x002f, 3076, 238, 14, 34, 12, -1, -27},
    {0x0030, 3314, 260, 20, 26, 18, -1, -25},
    {0x0031, 3574, 260, 20, 26, 18, -1, -25},
    {0x0032, 3834, 260, 20, 26, 18, -1, -25},
    {0x0033, 4094, 260, 20, 26, 18, -1, -25},
    {0x0034, 4354, 260, 20, 26, 18, -1, -25},
    {0x0035, 4614, 260, 20, 26, 18, -1, -25},
    {0x0036, 4874, 260, 20, 26, 18, -1, -25},
    {0x0037, 5134, 260, 20, 26, 18, -1, -25},
    {0x0038, 5394, 260, 20, 26, 18, -1, -25},
    {0x0039, 5654, 260, 20, 26, 18, -1, -25},
    {0x003a, 5914, 120, 12, 20, 10, -1, -19},
    {0x003b, 6034, 162, 12, 27, 10, -1, -19},
    {0x003c, 6196, 220, 20, 22, 18, -1, -21},
    {0x003d, 6416, 190, 20, 19, 18, -1, -18},
    {0x003e, 6606, 220, 20, 22, 18, -1, -21},
    {0x003f, 6826, 243, 18, 27, 16, -1, -26},
    {0x0040, 7069, 528, 33, 32, 31, -1, -25},
    {0x0041, 7597, 286, 22, 26, 20, -1, -25},
    {0x0042, 7883, 299, 23, 26, 21, -1, -25},
    {0x0043, 8182, 299, 23, 26, 21, -1, -25},
    {0x0044, 8481, 312, 24, 26, 22, -1, -25},
    {0x0045, 8793, 273, 21, 26, 19, -1, -25},
    {0x0046, 9066, 260, 20, 26, 18, -1, -25},
    {0x0047, 9326, 312, 24, 26, 22, -1, -25},
    {0x0048, 9638, 338, 26, 26, 24, -1, -25},
    {0x0049, 9976, 156, 12, 26, 10, -1, -25},
    {0x004a, 10132, 260, 20, 26, 18, -1, -25},
    {0x004b, 10392, 312, 24, 26, 21, -1, -25},
    {0x004c, 10704, 260, 20, 26, 18, -1, -25},
    {0x004d, 10964, 377, 29, 26, 27, -1, -25},
    {0x004e, 11341, 325, 25, 26, 23, -1, -25},
    {0x004f, 11666, 338, 26, 26, 24, -1, -25},
    {0x0050, 12004, 299, 23, 26, 21, -1, -25},
    {0x0051, 12303, 416, 26, 32, 24, -1, -25},
    {0x0052, 12719, 299, 23, 26, 21, -1, -25},
    {0x0053, 13018, 273, 21, 26, 19, -1, -25},
    {0x0054, 13291, 286, 22, 26, 20, -1, -25},
    {0x0055, 13577, 325, 25, 26, 23, -1, -25},
    {0x0056, 13902, 299, 23, 26, 19, -2, -25},
    {0x0057, 14201, 403, 31, 26, 29, -1, -25},
    {0x0058, 14604, 273, 21, 26, 19, -1, -25},
    {0x0059, 14877, 273, 21, 26, 18, -2, -25},
    {0x005a, 15150, 273, 21, 26, 19, -1, -25},
    {0x005b, 15423, 221, 13, 34, 11, -1, -27},
    {0x005c, 15644, 255, 15, 34, 12, -1, -27},
    {0x005d, 15899, 221, 13, 34, 11, -1, -27},
    {0x005e, 16120, 260, 20, 26, 18, -1, -25},
    {0x005f, 16380, 70, 20, 7, 18, -1, -1},
    {0x0060, 16450, 319, 22, 29, 20, -1, -28},
    {0x0061, 16769, 210, 20, 21, 18, -1, -19},
    {0x0062, 16979, 319, 22, 29, 20, -1, -27},
    {0x0063, 17298, 190, 19, 20, 17, -1, -19},
    {0x0064, 17488, 319, 22, 29, 20, -1, -27},
    {0x0065, 17807, 200, 20, 20, 18, -1, -19},
    {0x0066, 18007, 210, 15, 28, 11, -1, -27},
    {0x0067, 18217, 284, 21, 27, 19, -1, -19},
    {0x0068, 18501, 308, 22, 28, 20, -1, -27},
    {0x0069, 18809, 154, 11, 28, 9, -1, -27},
    {0x006a, 18963, 228, 13, 35, 9, -3, -27},
    {0x006b, 19191, 294, 21, 28, 18, -1, -27},
    {0x006c, 19485, 168, 12, 28, 10, -1, -27},
    {0x006d, 19653, 320, 32, 20, 30, -1, -19},
    {0x006e, 19973, 220, 22, 20, 20, -1, -19},
    {0x006f, 20193, 220, 22, 20, 20, -1, -19},
    {0x0070, 20413, 297, 22, 27, 20, -1, -19},
    {0x0071, 20710, 297, 22, 27, 20, -1, -19},
    {0x0072, 21007, 160, 16, 20, 13, -1, -19},
    {0x0073, 21167, 170, 17, 20, 15, -1, -19},
    {0x0074, 21337, 195, 15, 26, 13, -1, -25},
    {0x0075, 21532, 220, 22, 20, 20, -1, -19},
    {0x0076, 21752, 190, 19, 20, 17, -1, -19},
    {0x0077, 21942, 290, 29, 20, 27, -1, -19},
    {0x0078, 22232, 190, 19, 20, 17, -1, -19},
    {0x0079, 22422, 257, 19, 27, 17, -1, -19},
    {0x007a, 22679, 180, 18, 20, 16, -1, -19},
    {0x007b, 22859, 221, 13, 34, 11, -1, -27},
    {0x007c, 23080, 209, 11, 38, 9, -1, -28},
    {0x007d, 23289, 221, 13, 34, 11, -1, -27},
    {0x007e, 23510, 170, 20, 17, 18, -1, -16},
    {0x00b0, 23680, 189, 14, 27, 12, -1, -26},
    {0x00b7, 23869, 306, 34, 18, 32, -1, -17},
    {0x25a1, 24175, 510, 34, 30, 32, -1, -27},
    {0x3002, 24685, 221, 34, 13, 32, -1, -9},
    {0x4e00, 24906, 272, 34, 16, 32, -1, -15},
    {0x4e0a, 25178, 527, 34, 31, 32, -1, -28},
    {0x4e0b, 25705, 527, 34, 31, 32, -1, -26},
    {0x4e2a, 26232, 544, 34, 32, 32, -1, -28},
    {0x4e2d, 26776, 578, 34, 34, 32, -1, -29},
    {0x4e3b, 27354, 544, 34, 32, 32, -1, -29},
    {0x4e50, 27898, 578, 34, 34, 32, -1, -29},
    {0x4e8e, 28476, 527, 34, 31, 32, -1, -26},
    {0x4e91, 29003, 527, 34, 31, 32, -1, -26},
    {0x4eae, 29530, 578, 34, 34, 32, -1, -29},
    {0x4ec5, 30108, 578, 34, 34, 32, -1, -29},
    {0x4f4d, 30686, 578, 34, 34, 32, -1, -29},
    {0x4f4e, 31264, 578, 34, 34, 32, -1, -29},
    {0x4f53, 31842, 578, 34, 34, 32, -1, -29},
    {0x4f5c, 32420, 578, 34, 34, 32, -1, -29},
    {0x4f8b, 32998, 578, 34, 34, 32, -1, -29},
    {0x4fdd, 33576, 578, 34, 34, 32, -1, -29},
    {0x5012, 34154, 578, 34, 34, 32, -1, -29},
    {0x505c, 34732, 578, 34, 34, 32, -1, -29},
    {0x5148, 35310, 578, 34, 34, 32, -1, -29},
    {0x5149, 35888, 578, 34, 34, 32, -1, -29},
    {0x5165, 36466, 527, 34, 31, 32, -1, -27},
    {0x5173, 36993, 578, 34, 34, 32, -1, -29},
    {0x5199, 37571, 544, 34, 32, 32, -1, -27},
    {0x51c6, 38115, 578, 34, 34, 32, -1, -29},
    {0x51fa, 38693, 578, 34, 34, 32, -1, -29},
    {0x51fb, 39271, 578, 34, 34, 32, -1, -29},
    {0x5206, 39849, 561, 34, 33, 32, -1, -28},
    {0x5220, 40410, 561, 34, 33, 32, -1, -28},
    {0x5230, 40971, 544, 34, 32, 32, -1, -28},
    {0x5237, 41515, 561, 34, 33, 32, -1, -28},
    {0x524d, 42076, 561, 34, 33, 32, -1, -29},
    {0x52a0, 42637, 561, 34, 33, 32, -1, -28},
    {0x52a8, 43198, 561, 34, 33, 32, -1, -28},
    {0x5355, 43759, 578, 34, 34, 32, -1, -29},
    {0x5357, 44337, 561, 34, 33, 32, -1, -29},
    {0x535a, 44898, 578, 34, 34, 32, -1, -29},
    {0x53cc, 45476, 527, 34, 31, 32, -1, -26},
    {0x53d6, 46003, 544, 34, 32, 32, -1, -27},
    {0x53f3, 46547, 578, 34, 34, 32, -1, -29},
    {0x540e, 47125, 578, 34, 34, 32, -1, -29},
    {0x5411, 47703, 578, 34, 34, 32, -1, -29},
    {0x542f, 48281, 578, 34, 34, 32, -1, -29},
    {0x548c, 48859, 561, 34, 33, 32, -1, -28},
    {0x5668, 49420, 544, 34, 32, 32, -1, -27},
    {0x56de, 49964, 544, 34, 32, 32, -1, -27},
    {0x5728, 50508, 561, 34, 33, 32, -1, -29},
    {0x5730, 51069, 561, 34, 33, 32, -1, -29},
    {0x57ce, 51630, 578, 34, 34, 32, -1, -29},
    {0x58f0, 52208, 578, 34, 34, 32, -1, -29},
    {0x5907, 52786, 578, 34, 34, 32, -1, -29},
    {0x590d, 53364, 578, 34, 34, 32, -1, -29},
    {0x591a, 53942, 578, 34, 34, 32, -1, -29},
    {0x5927, 54520, 578, 34, 34, 32, -1, -29},
    {0x5929, 55098, 527, 34, 31, 32, -1, -26},
    {0x5931, 55625, 578, 34, 34, 32, -1, -29},
    {0x5982, 56203, 578, 34, 34, 32, -1, -29},
    {0x5b50, 56781, 544, 34, 32, 32, -1, -27},
    {0x5b57, 57325, 578, 34, 34, 32, -1, -29},
    {0x5b58, 57903, 561, 34, 33, 32, -1, -29},
    {0x5b9a, 58464, 578, 34, 34, 32, -1, -29},
    {0x5bb6, 59042, 561, 34, 33, 32, -1, -29},
    {0x5bc6, 59603, 578, 34, 34, 32, -1, -29},
    {0x5c06, 60181, 578, 34, 34, 32, -1, -29},
    {0x5c0f, 60759, 561, 34, 33, 32, -1, -28},
    {0x5c11, 61320, 544, 34, 32, 32, -1, -28},
    {0x5c31, 61864, 578, 34, 34, 32, -1, -29},
    {0x5ca9, 62442, 578, 34, 34, 32, -1, -29},
    {0x5de6, 63020, 544, 34, 32, 32, -1, -29},
    {0x5df2, 63564, 510, 34, 30, 32, -1, -26},
    {0x5e02, 64074, 578, 34, 34, 32, -1, -29},
    {0x5e38, 64652, 578, 34, 34, 32, -1, -29},
    {0x5e76, 65230, 578, 34, 34, 32, -1, -29},
    {0x5ea6, 65808, 578, 34, 34, 32, -1, -29},
    {0x5ead, 66386, 578, 34, 34, 32, -1, -29},
    {0x5f00, 66964, 527, 34, 31, 32, -1, -26},
    {0x5f53, 67491, 578, 34, 34, 32, -1, -29},
    {0x5f69, 68069, 561, 34, 33, 32, -1, -28},
    {0x5f85, 68630, 578, 34, 34, 32, -1, -29},
    {0x5f8b, 69208, 578, 34, 34, 32, -1, -29},
    {0x6062, 69786, 578, 34, 34, 32, -1, -29},
    {0x611f, 70364, 561, 34, 33, 32, -1, -29},
    {0x624b, 70925, 578, 34, 34, 32, -1, -29},
    {0x626b, 71503, 578, 34, 34, 32, -1, -29},
    {0x627e, 72081, 578, 34, 34, 32, -1, -29},
    {0x62e9, 72659, 578, 34, 34, 32, -1, -29},
    {0x6307, 73237, 578, 34, 34, 32, -1, -29},
    {0x6309, 73815, 578, 34, 34, 32, -1, -29},
    {0x63a5, 74393, 578, 34, 34, 32, -1, -29},
    {0x63a7, 74971, 561, 34, 33, 32, -1, -29},
    {0x63cf, 75532, 578, 34, 34, 32, -1, -29},
    {0x641c, 76110, 578, 34, 34, 32, -1, -29},
    {0x64ad, 76688, 578, 34, 34, 32, -1, -29},
    {0x64cd, 77266, 578, 34, 34, 32, -1, -29},
    {0x653e, 77844, 578, 34, 34, 32, -1, -29},
    {0x6563, 78422, 578, 34, 34, 32, -1, -29},
    {0x6570, 79000, 578, 34, 34, 32, -1, -29},
    {0x6587, 79578, 578, 34, 34, 32, -1, -29},
    {0x65b0, 80156, 578, 34, 34, 32, -1, -29},
    {0x65f6, 80734, 561, 34, 33, 32, -1, -29},
    {0x663e, 81295, 510, 34, 30, 32, -1, -27},
    {0x6674, 81805, 578, 34, 34, 32, -1, -29},
    {0x6682, 82383, 578, 34, 34, 32, -1, -29},
    {0x66f4, 82961, 544, 34, 32, 32, -1, -27},
    {0x6700, 83505, 561, 34, 33, 32, -1, -28},
    {0x672a, 84066, 578, 34, 34, 32, -1, -29},
    {0x672c, 84644, 578, 34, 34, 32, -1, -29},
    {0x673a, 85222, 578, 34, 34, 32, -1, -29},
    {0x6781, 85800, 578, 34, 34, 32, -1, -29},
    {0x6821, 86378, 578, 34, 34, 32, -1, -29},
    {0x683c, 86956, 578, 34, 34, 32, -1, -29},
    {0x6b63, 87534, 493, 34, 29, 32, -1, -26},
    {0x6c14, 88027, 561, 34, 33, 32, -1, -29},
    {0x6c34, 88588, 578, 34, 34, 32, -1, -29},
    {0x6d77, 89166, 578, 34, 34, 32, -1, -29},
    {0x6d88, 89744, 578, 34, 34, 32, -1, -29},
    {0x6df1, 90322, 578, 34, 34, 32, -1, -29},
    {0x6e7f, 90900, 544, 34, 32, 32, -1, -28},
    {0x6ed1, 91444, 561, 34, 33, 32, -1, -28},
    {0x70b9, 92005, 578, 34, 34, 32, -1, -29},
    {0x70ed, 92583, 578, 34, 34, 32, -1, -29},
    {0x7194, 93161, 578, 34, 34, 32, -1, -29},
    {0x7206, 93739, 561, 34, 33, 32, -1, -28},
    {0x7259, 94300, 544, 34, 32, 32, -1, -27},
    {0x7528, 94844, 527, 34, 31, 32, -1, -26},
    {0x7535, 95371, 561, 34, 33, 32, -1, -29},
    {0x77f3, 95932, 527, 34, 31, 32, -1, -26},
    {0x7801, 96459, 544, 34, 32, 32, -1, -27},
    {0x786e, 97003, 578, 34, 34, 32, -1, -29},
    {0x793a, 97581, 527, 34, 31, 32, -1, -26},
    {0x7a0d, 98108, 578, 34, 34, 32, -1, -29},
    {0x7a7a, 98686, 544, 34, 32, 32, -1, -29},
    {0x7b14, 99230, 561, 34, 33, 32, -1, -29},
    {0x7b49, 99791, 561, 34, 33, 32, -1, -29},
    {0x7c92, 100352, 578, 34, 34, 32, -1, -29},
    {0x7d22, 100930, 561, 34, 33, 32, -1, -29},
    {0x7edc, 101491, 561, 34, 33, 32, -1, -29},
    {0x7ee7, 102052, 544, 34, 32, 32, -1, -29},
    {0x7eea, 102596, 578, 34, 34, 32, -1, -29},
    {0x7eed, 103174, 578, 34, 34, 32, -1, -29},
    {0x7f51, 103752, 527, 34, 31, 32, -1, -26},
    {0x7f6e, 104279, 544, 34, 32, 32, -1, -28},
    {0x81ea, 104823, 578, 34, 34, 32, -1, -29},
    {0x84dd, 105401, 561, 34, 33, 32, -1, -29},
    {0x8679, 105962, 544, 34, 32, 32, -1, -29},
    {0x89e6, 106506, 578, 34, 34, 32, -1, -29},
    {0x8a00, 107084, 578, 34, 34, 32, -1, -29},
    {0x8ba1, 107662, 578, 34, 34, 32, -1, -29},
    {0x8bbe, 108240, 561, 34, 33, 32, -1, -28},
    {0x8bed, 108801, 561, 34, 33, 32, -1, -28},
    {0x8bf7, 109362, 578, 34, 34, 32, -1, -29},
    {0x8d25, 109940, 561, 34, 33, 32, -1, -28},
    {0x8d5b, 110501, 578, 34, 34, 32, -1, -29},
    {0x8d85, 111079, 578, 34, 34, 32, -1, -29},
    {0x8f93, 111657, 578, 34, 34, 32, -1, -29},
    {0x8fd4, 112235, 561, 34, 33, 32, -1, -28},
    {0x8fdb, 112796, 561, 34, 33, 32, -1, -28},
    {0x8fde, 113357, 578, 34, 34, 32, -1, -29},
    {0x8ff9, 113935, 578, 34, 34, 32, -1, -29},
    {0x9000, 114513, 561, 34, 33, 32, -1, -28},
    {0x9009, 115074, 578, 34, 34, 32, -1, -29},
    {0x901f, 115652, 578, 34, 34, 32, -1, -29},
    {0x914d, 116230, 544, 34, 32, 32, -1, -27},
    {0x91cf, 116774, 527, 34, 31, 32, -1, -27},
    {0x91d1, 117301, 561, 34, 33, 32, -1, -29},
    {0x949f, 117862, 578, 34, 34, 32, -1, -29},
    {0x94bb, 118440, 578, 34, 34, 32, -1, -29},
    {0x94f6, 119018, 578, 34, 34, 32, -1, -29},
    {0x952e, 119596, 578, 34, 34, 32, -1, -29},
    {0x957f, 120174, 578, 34, 34, 32, -1, -29},
    {0x95ed, 120752, 578, 34, 34, 32, -1, -29},
    {0x95f4, 121330, 578, 34, 34, 32, -1, -29},
    {0x9634, 121908, 561, 34, 33, 32, -1, -28},
    {0x9664, 122469, 561, 34, 33, 32, -1, -29},
    {0x96e8, 123030, 527, 34, 31, 32, -1, -26},
    {0x96ea, 123557, 544, 34, 32, 32, -1, -27},
    {0x96f7, 124101, 544, 34, 32, 32, -1, -27},
    {0x96fe, 124645, 544, 34, 32, 32, -1, -27},
    {0x9707, 125189, 561, 34, 33, 32, -1, -28},
    {0x9759, 125750, 578, 34, 34, 32, -1, -29},
    {0x97f3, 126328, 578, 34, 34, 32, -1, -29},
    {0x9898, 126906, 544, 34, 32, 32, -1, -27},
    {0x98ce, 127450, 544, 34, 32, 32, -1, -27},
    {0x9a7b, 127994, 578, 34, 34, 32, -1, -29},
    {0x9ad8, 128572, 578, 34, 34, 32, -1, -29},
    {0x9ec4, 129150, 578, 34, 34, 32, -1, -29},
    {0xff0c, 129728, 255, 34, 15, 32, -1, -9},
    {0xff0f, 129983, 544, 34, 32, 32, -1, -28},
    {0xff1a, 130527, 408, 34, 24, 32, -1, -22},
};

static const uint8_t kBitmap[] = {
    0x00, 0x00, 0x00, 0x00, 0x00, 0x00, 0x00, 0x00, 0x00, 0x00, 0x00, 0x00, 0x00, 0x00, 0x00, 0x00,
    0x00, 0x03, 0x88, 0x83, 0x00, 0x00, 0x00, 0x00, 0x5f, 0xff, 0x50, 0x00, 0x00, 0x00, 0x05, 0xff,
    0xf4, 0x00, 0x00, 0x00, 0x00, 0x4f, 0xff, 0x40, 0x00, 0x00, 0x00, 0x04, 0xff, 0xf4, 0x00, 0x00,
    0x00, 0x00, 0x3f, 0xff, 0x30, 0x00, 0x00, 0x00, 0x03, 0xff, 0xf2, 0x00, 0x00, 0x00, 0x00, 0x2f,
    0xff, 0x20, 0x00, 0x00, 0x00, 0x01, 0xff, 0xf1, 0x00, 0x00, 0x00, 0x00, 0x1f, 0xff, 0x00, 0x00,
    0x00, 0x00, 0x00, 0xff, 0xf0, 0x00, 0x00, 0x00, 0x00, 0x0f, 0xfe, 0x00, 0x00, 0x00, 0x00, 0x00,
    0xef, 0xe0, 0x00, 0x00, 0x00, 0x00, 0x0d, 0xfd, 0x00, 0x00, 0x00, 0x00, 0x00, 0xdf, 0xc0, 0x00,
    0x00, 0x00, 0x00, 0x0c, 0xfc, 0x00, 0x00, 0x00, 0x00, 0x00, 0xcf, 0xb0, 0x00, 0x00, 0x00, 0x00,
    0x01, 0x10, 0x00, 0x00, 0x00, 0x00, 0x00, 0x00, 0x00, 0x00, 0x00, 0x00, 0x00, 0x00, 0x20, 0x00,
    0x00, 0x00, 0x00, 0x03, 0xef, 0xe3, 0x00, 0x00, 0x00, 0x00, 0xcf, 0xff, 0xb0, 0x00, 0x00, 0x00,
    0x0e, 0xff, 0xfe, 0x00, 0x00, 0x00, 0x00, 0xaf, 0xff, 0xa0, 0x00, 0x00, 0x00, 0x02, 0xbe, 0xb2,
    0x00, 0x00, 0x00, 0x00, 0x00, 0x00, 0x00, 0x00, 0x00, 0x00, 0x00, 0x00, 0x00, 0x00, 0x00, 0x00,
    0x00, 0x00, 0x00, 0x00, 0x2f, 0xff, 0x90, 0x02, 0xff, 0xfa, 0x00, 0x00, 0x00, 0x02, 0xff, 0xf9,
    0x00, 0x2f, 0xff, 0xa0, 0x00, 0x00, 0x00, 0x1f, 0xff, 0x90, 0x01, 0xff, 0xf9, 0x00, 0x00, 0x00,
    0x01, 0xff, 0xf8, 0x00, 0x1f, 0xff, 0x90, 0x00, 0x00, 0x00, 0x0f, 0xff, 0x70, 0x00, 0xef, 0xf8,
    0x00, 0x00, 0x00, 0x00, 0xdf, 0xf5, 0x00, 0x0c, 0xff, 0x60, 0x00, 0x00, 0x00, 0x0b, 0xff, 0x40,
    0x00, 0xbf, 0xf4, 0x00, 0x00, 0x00, 0x00, 0xaf, 0xf2, 0x00, 0x09, 0xff, 0x20, 0x00, 0x00, 0x00,
    0x08, 0xff, 0x00, 0x00, 0x7f, 0xf1, 0x00, 0x00, 0x00, 0x00, 0x6f, 0xe0, 0x00, 0x05, 0xfe, 0x00,
    0x00, 0x00, 0x00, 0x01, 0x22, 0x00, 0x00, 0x12, 0x20, 0x00, 0x00, 0x00, 0x00, 0x00, 0x00, 0x00,
    0x00, 0x00, 0x00, 0x00, 0x00, 0x00, 0x00, 0x00, 0x00, 0x00, 0x00, 0x00, 0x00, 0x00, 0x00, 0x00,
    0x00, 0x00, 0x00, 0x00, 0x00, 0x00, 0x00, 0x00, 0x00, 0x00, 0x00, 0x00, 0x00, 0x00, 0x00, 0x00,
    0x00, 0x00, 0x00, 0x00, 0x00, 0x00, 0x00, 0x00, 0x00, 0x00, 0x00, 0x00, 0x00, 0x00, 0x00, 0x00,
    0x00, 0x00, 0x00, 0x00, 0x00, 0x00, 0x00, 0x00, 0x00, 0x00, 0x00, 0x00, 0x00, 0x00, 0x00, 0x00,
    0x00, 0x00, 0x00, 0x00, 0x00, 0x00, 0x00, 0x00, 0x00, 0x00, 0x00, 0x00, 0x00, 0x00, 0x00, 0x00,
    0x00, 0x00, 0x00, 0x00, 0x00, 0x00, 0x00, 0x00, 0x00, 0x00, 0x00, 0x00, 0x00, 0x00, 0x00, 0x00,
    0x00, 0x00, 0x00, 0x00, 0x00, 0x00, 0x00, 0x00, 0x00, 0x00, 0x00, 0x00, 0x00, 0x00, 0x00, 0x00,
    0x00, 0x00, 0x00, 0x00, 0x00, 0x00, 0x00, 0x00, 0x00, 0x00, 0x00, 0x00, 0x00, 0x00, 0x00, 0x00,
    0x00, 0x00, 0x00, 0x00, 0x00, 0x00, 0x00, 0x00, 0x00, 0x00, 0x00, 0x00, 0x00, 0x00, 0x00, 0x00,
    0x00, 0x00, 0x00, 0x00, 0x00, 0x00, 0x00, 0x05, 0x52, 0x00, 0x01, 0x55, 0x00, 0x00, 0x00, 0x00,
    0x00, 0x1f, 0xf3, 0x00, 0x05, 0xfe, 0x00, 0x00, 0x00, 0x00, 0x00, 0x2f, 0xf2, 0x00, 0x07, 0xfd,
    0x00, 0x00, 0x00, 0x00, 0x00, 0x4f, 0xf0, 0x00, 0x09, 0xfb, 0x00, 0x00, 0x00, 0x00, 0x00, 0x6f,
    0xd0, 0x00, 0x0a, 0xf9, 0x00, 0x00, 0x00, 0x00, 0x00, 0x8f, 0xb0, 0x00, 0x0c, 0xf7, 0x00, 0x00,
    0x00, 0x00, 0x00, 0xaf, 0x90, 0x00, 0x0e, 0xf5, 0x00, 0x00, 0x00, 0x0f, 0xff, 0xff, 0xff, 0xff,
    0xff, 0xff, 0xff, 0x30, 0x00, 0x0f, 0xff, 0xff, 0xff, 0xff, 0xff, 0xff, 0xff, 0x30, 0x00, 0x07,
    0x78, 0xff, 0x97, 0x77, 0xaf, 0xf7, 0x77, 0x10, 0x00, 0x00, 0x03, 0xff, 0x10, 0x00, 0x7f, 0xd0,
    0x00, 0x00, 0x00, 0x00, 0x04, 0xff, 0x00, 0x00, 0x9f, 0xb0, 0x00, 0x00, 0x00, 0x00, 0x06, 0xfd,
    0x00, 0x00, 0xaf, 0x90, 0x00, 0x00, 0x00, 0x00, 0x08, 0xfb, 0x00, 0x00, 0xcf, 0x80, 0x00, 0x00,
    0x00, 0x57, 0x7c, 0xfc, 0x77, 0x77, 0xef, 0xa7, 0x73, 0x00, 0x00, 0xbf, 0xff, 0xff, 0xff, 0xff,
    0xff, 0xff, 0xf7, 0x00, 0x00, 0xbf, 0xff, 0xff, 0xff, 0xff, 0xff, 0xff, 0xf7, 0x00, 0x00, 0x00,
    0x0f, 0xf4, 0x00, 0x04, 0xff, 0x00, 0x00, 0x00, 0x00, 0x00, 0x2f, 0xf2, 0x00, 0x06, 0xfd, 0x00,
    0x00, 0x00, 0x00, 0x00, 0x4f, 0xf1, 0x00, 0x08, 0xfc, 0x00, 0x00, 0x00, 0x00, 0x00, 0x6f, 0xe0,
    0x00, 0x0a, 0xfa, 0x00, 0x00, 0x00, 0x00, 0x00, 0x8f, 0xc0, 0x00, 0x0c, 0xf8, 0x00, 0x00, 0x00,
    0x00, 0x00, 0x9f, 0xa0, 0x00, 0x0e, 0xf6, 0x00, 0x00, 0x00, 0x00, 0x00, 0xbf, 0x80, 0x00, 0x0f,
    0xf4, 0x00, 0x00, 0x00, 0x00, 0x00, 0x00, 0x00, 0x00, 0x00, 0x00, 0x00, 0x00, 0x00, 0x00, 0x00,
    0x00, 0x00, 0x00, 0x00, 0x00, 0x00, 0x00, 0x00, 0x00, 0x00, 0x00, 0x00, 0x18, 0x84, 0x00, 0x00,
    0x00, 0x00, 0x00, 0x00, 0x00, 0x00, 0x1f, 0xf7, 0x00, 0x00, 0x00, 0x00, 0x00, 0x00, 0x00, 0x00,
    0x1f, 0xf7, 0x00, 0x00, 0x00, 0x00, 0x00, 0x00, 0x00, 0x00, 0x1f, 0xf7, 0x00, 0x00, 0x00, 0x00,
    0x00, 0x00, 0x00, 0x17, 0xcf, 0xfe, 0xb7, 0x10, 0x00, 0x00, 0x00, 0x00, 0x03, 0xef, 0xff, 0xff,
    0xff, 0xd3, 0x00, 0x00, 0x00, 0x00, 0x2f, 0xff, 0xff, 0xff, 0xff, 0xfe, 0x40, 0x00, 0x00, 0x00,
    0xbf, 0xff, 0x92, 0x13, 0x6e, 0xfe, 0x20, 0x00, 0x00, 0x01, 0xff, 0xfa, 0x00, 0x00, 0x01, 0xa3,
    0x00, 0x00, 0x00, 0x04, 0xff, 0xf4, 0x00, 0x00, 0x00, 0x00, 0x00, 0x00, 0x00, 0x05, 0xff, 0xf4,
    0x00, 0x00, 0x00, 0x00, 0x00, 0x00, 0x00, 0x02, 0xff, 0xf9, 0x00, 0x00, 0x00, 0x00, 0x00, 0x00,
    0x00, 0x00, 0xef, 0xff, 0x80, 0x00, 0x00, 0x00, 0x00, 0x00, 0x00, 0x00, 0x5f, 0xff, 0xfc, 0x30,
    0x00, 0x00, 0x00, 0x00, 0x00, 0x00, 0x07, 0xff, 0xff, 0xf9, 0x20, 0x00, 0x00, 0x00, 0x00, 0x00,
    0x00, 0x5e, 0xff, 0xff, 0xe7, 0x00, 0x00, 0x00, 0x00, 0x00, 0x00, 0x01, 0x8f, 0xff, 0xff, 0xa1,
    0x00, 0x00, 0x00, 0x00, 0x00, 0x00, 0x02, 0xbf, 0xff, 0xfb, 0x00, 0x00, 0x00, 0x00, 0x00, 0x00,
    0x00, 0x06, 0xff, 0xff, 0x50, 0x00, 0x00, 0x00, 0x00, 0x00, 0x00, 0x00, 0x5f, 0xff, 0xb0, 0x00,
    0x00, 0x00, 0x00, 0x00, 0x00, 0x00, 0x0c, 0xff, 0xe0, 0x00, 0x00, 0x00, 0x00, 0x00, 0x00, 0x00,
    0x08, 0xff, 0xf0, 0x00, 0x00, 0x00, 0x10, 0x00, 0x00, 0x00, 0x0a, 0xff, 0xd0, 0x00, 0x00, 0x03,
    0xe6, 0x00, 0x00, 0x00, 0x2e, 0xff, 0xa0, 0x00, 0x00, 0x1d, 0xff, 0xc6, 0x21, 0x25, 0xdf, 0xff,
    0x40, 0x00, 0x00, 0x1b, 0xff, 0xff, 0xff, 0xff, 0xff, 0xfa, 0x00, 0x00, 0x00, 0x00, 0x8f, 0xff,
    0xff, 0xff, 0xff, 0x90, 0x00, 0x00, 0x00, 0x00, 0x02, 0x7b, 0xef, 0xfe, 0xa4, 0x00, 0x00, 0x00,
    0x00, 0x00, 0x00, 0x00, 0x1f, 0xf7, 0x00, 0x00, 0x00, 0x00, 0x00, 0x00, 0x00, 0x00, 0x1f, 0xf7,
    0x00, 0x00, 0x00, 0x00, 0x00, 0x00, 0x00, 0x00, 0x1f, 0xf7, 0x00, 0x00, 0x00, 0x00, 0x00, 0x00,
    0x00, 0x00, 0x18, 0x84, 0x00, 0x00, 0x00, 0x00, 0x00, 0x00, 0x00, 0x00, 0x00, 0x00, 0x00, 0x00,
    0x00, 0x00, 0x00, 0x00, 0x00, 0x00, 0x00, 0x00, 0x00, 0x00, 0x00, 0x00, 0x00, 0x00, 0x00, 0x00,
    0x00, 0x00, 0x00, 0x00, 0x07, 0xbe, 0xc9, 0x20, 0x00, 0x00, 0x00, 0x00, 0x1e, 0xf5, 0x00, 0x00,
    0x00, 0x00, 0x00, 0x01, 0xcf, 0xff, 0xff, 0xe4, 0x00, 0x00, 0x00, 0x00, 0x8f, 0xc0, 0x00, 0x00,
    0x00, 0x00, 0x00, 0x0a, 0xff, 0x94, 0x6e, 0xfe, 0x10, 0x00, 0x00, 0x02, 0xef, 0x40, 0x00, 0x00,
    0x00, 0x00, 0x00, 0x3f, 0xf9, 0x00, 0x04, 0xff, 0x70, 0x00, 0x00, 0x09, 0xfb, 0x00, 0x00, 0x00,
    0x00, 0x00, 0x00, 0x8f, 0xf3, 0x00, 0x00, 0xdf, 0xd0, 0x00, 0x00, 0x2f, 0xf3, 0x00, 0x00, 0x00,
    0x00, 0x00, 0x00, 0xaf, 0xf0, 0x00, 0x00, 0xaf, 0xf0, 0x00, 0x00, 0xaf, 0xa0, 0x00, 0x00, 0x00,
    0x00, 0x00, 0x00, 0xcf, 0xd0, 0x00, 0x00, 0x9f, 0xf2, 0x00, 0x03, 0xff, 0x20, 0x00, 0x00, 0x00,
    0x00, 0x00, 0x00, 0xcf, 0xd0, 0x00, 0x00, 0x9f, 0xf2, 0x00, 0x0b, 0xf9, 0x00, 0x00, 0x00, 0x00,
    0x00, 0x00, 0x00, 0xaf, 0xe0, 0x00, 0x00, 0xaf, 0xf0, 0x00, 0x4f, 0xe1, 0x00, 0x00, 0x00, 0x00,
    0x00, 0x00, 0x00, 0x8f, 0xf1, 0x00, 0x00, 0xcf, 0xd0, 0x00, 0xcf, 0x80, 0x01, 0x9d, 0xfd, 0x70,
    0x00, 0x00, 0x00, 0x6f, 0xf6, 0x00, 0x01, 0xff, 0xa0, 0x05, 0xfe, 0x10, 0x1c, 0xff, 0xff, 0xfa,
    0x00, 0x00, 0x00, 0x0e, 0xfc, 0x00, 0x08, 0xff, 0x40, 0x0d, 0xf6, 0x00, 0xbf, 0xf8, 0x4a, 0xff,
    0x80, 0x00, 0x00, 0x07, 0xff, 0xa4, 0x7f, 0xfc, 0x00, 0x7f, 0xd0, 0x03, 0xff, 0x80, 0x00, 0xcf,
    0xe1, 0x00, 0x00, 0x00, 0x9f, 0xff, 0xff, 0xc2, 0x01, 0xef, 0x50, 0x0a, 0xff, 0x20, 0x00, 0x5f,
    0xf6, 0x00, 0x00, 0x00, 0x07, 0xdf, 0xd9, 0x10, 0x08, 0xfc, 0x00, 0x0c, 0xfc, 0x00, 0x00, 0x1f,
    0xf9, 0x00, 0x00, 0x00, 0x00, 0x00, 0x00, 0x00, 0x1e, 0xf4, 0x00, 0x0e, 0xfa, 0x00, 0x00, 0x0d,
    0xfb, 0x00, 0x00, 0x00, 0x00, 0x00, 0x00, 0x00, 0x9f, 0xb0, 0x00, 0x1f, 0xf9, 0x00, 0x00, 0x0c,
    0xfd, 0x00, 0x00, 0x00, 0x00, 0x00, 0x00, 0x02, 0xff, 0x30, 0x00, 0x1f, 0xf9, 0x00, 0x00, 0x0c,
    0xfc, 0x00, 0x00, 0x00, 0x00, 0x00, 0x00, 0x0a, 0xfa, 0x00, 0x00, 0x0e, 0xfb, 0x00, 0x00, 0x0e,
    0xfa, 0x00, 0x00, 0x00, 0x00, 0x00, 0x00, 0x3f, 0xf2, 0x00, 0x00, 0x0c, 0xfe, 0x00, 0x00, 0x2f,
    0xf8, 0x00, 0x00, 0x00, 0x00, 0x00, 0x00, 0xbf, 0x90, 0x00, 0x00, 0x06, 0xff, 0x50, 0x00, 0x9f,
    0xf3, 0x00, 0x00, 0x00, 0x00, 0x00, 0x04, 0xfe, 0x10, 0x00, 0x00, 0x00, 0xdf, 0xf7, 0x49, 0xff,
    0xa0, 0x00, 0x00, 0x00, 0x00, 0x00, 0x0c, 0xf8, 0x00, 0x00, 0x00, 0x00, 0x3d, 0xff, 0xff, 0xfc,
    0x10, 0x00, 0x00, 0x00, 0x00, 0x00, 0x5f, 0xe1, 0x00, 0x00, 0x00, 0x00, 0x01, 0x9c, 0xeb, 0x70,
    0x00, 0x00, 0x00, 0x00, 0x00, 0x00, 0x00, 0x00, 0x00, 0x00, 0x00, 0x00, 0x00, 0x00, 0x00, 0x00,
    0x00, 0x00, 0x00, 0x00, 0x00, 0x00, 0x00, 0x00, 0x00, 0x00, 0x00, 0x00, 0x00, 0x00, 0x00, 0x00,
    0x00, 0x00, 0x18, 0xbe, 0xdb, 0x40, 0x00, 0x00, 0x00, 0x00, 0x00, 0x00, 0x00, 0x00, 0x3d, 0xff,
    0xff, 0xff, 0x80, 0x00, 0x00, 0x00, 0x00, 0x00, 0x00, 0x00, 0x0d, 0xff, 0xe9, 0xaf, 0xff, 0x40,
    0x00, 0x00, 0x00, 0x00, 0x00, 0x00, 0x07, 0xff, 0xd1, 0x00, 0x7f, 0xf9, 0x00, 0x00, 0x00, 0x00,
    0x00, 0x00, 0x00, 0xaf, 0xf6, 0x00, 0x02, 0xff, 0xc0, 0x00, 0x00, 0x00, 0x00, 0x00, 0x00, 0x0d,
    0xff, 0x40, 0x00, 0x4f, 0xfa, 0x00, 0x00, 0x00, 0x00, 0x00, 0x00, 0x00, 0xcf, 0xf5, 0x00, 0x0a,
    0xff, 0x70, 0x00, 0x00, 0x00, 0x00, 0x00, 0x00, 0x09, 0xff, 0x80, 0x07, 0xff, 0xe1, 0x00, 0x00,
    0x00, 0x00, 0x00, 0x00, 0x00, 0x6f, 0xfd, 0x19, 0xff, 0xf4, 0x00, 0x00, 0x00, 0x00, 0x00, 0x00,
    0x00, 0x00, 0xef, 0xfe, 0xff, 0xf5, 0x00, 0x00, 0x00, 0x00, 0x00, 0x00, 0x00, 0x00, 0x08, 0xff,
    0xff, 0xd3, 0x00, 0x00, 0x00, 0x11, 0x11, 0x00, 0x00, 0x00, 0x05, 0xef, 0xff, 0xd1, 0x00, 0x00,
    0x00, 0x0d, 0xff, 0x80, 0x00, 0x00, 0x07, 0xff, 0xff, 0xff, 0x60, 0x00, 0x00, 0x04, 0xff, 0xf2,
    0x00, 0x00, 0x06, 0xff, 0xfd, 0xbf, 0xff, 0x40, 0x00, 0x00, 0xaf, 0xfb, 0x00, 0x00, 0x02, 0xef,
    0xfd, 0x21, 0xdf, 0xfe, 0x30, 0x00, 0x2e, 0xff, 0x50, 0x00, 0x00, 0x8f, 0xff, 0x30, 0x02, 0xef,
    0xfe, 0x40, 0x0a, 0xff, 0xd0, 0x00, 0x00, 0x0b, 0xff, 0xb0, 0x00, 0x04, 0xff, 0xff, 0x65, 0xff,
    0xf4, 0x00, 0x00, 0x00, 0xdf, 0xfa, 0x00, 0x00, 0x04, 0xef, 0xff, 0xef, 0xf9, 0x00, 0x00, 0x00,
    0x0c, 0xff, 0xd0, 0x00, 0x00, 0x03, 0xef, 0xff, 0xfe, 0x10, 0x00, 0x00, 0x00, 0x9f, 0xff, 0x60,
    0x00, 0x00, 0x06, 0xff, 0xff, 0xf9, 0x10, 0x00, 0x00, 0x02, 0xef, 0xff, 0x82, 0x01, 0x39, 0xff,
    0xff, 0xff, 0xfe, 0x94, 0x00, 0x00, 0x05, 0xff, 0xff, 0xfe, 0xff, 0xff, 0xfe, 0x9e, 0xff, 0xff,
    0xc0, 0x00, 0x00, 0x06, 0xef, 0xff, 0xff, 0xff, 0xfb, 0x30, 0x18, 0xff, 0xf8, 0x00, 0x00, 0x00,
    0x01, 0x7a, 0xce, 0xec, 0x94, 0x00, 0x00, 0x01, 0x7c, 0x30, 0x00, 0x00, 0x00, 0x00, 0x00, 0x00,
    0x00, 0x00, 0x00, 0x00, 0x00, 0x00, 0x00, 0x00, 0x00, 0x00, 0x00, 0x00, 0x00, 0x00, 0x02, 0xff,
    0xf9, 0x00, 0x00, 0x00, 0x02, 0xff, 0xf9, 0x00, 0x00, 0x00, 0x01, 0xff, 0xf9, 0x00, 0x00, 0x00,
    0x01, 0xff, 0xf8, 0x00, 0x00, 0x00, 0x00, 0xff, 0xf7, 0x00, 0x00, 0x00, 0x00, 0xdf, 0xf5, 0x00,
    0x00, 0x00, 0x00, 0xbf, 0xf4, 0x00, 0x00, 0x00, 0x00, 0xaf, 0xf2, 0x00, 0x00, 0x00, 0x00, 0x8f,
    0xf0, 0x00, 0x00, 0x00, 0x00, 0x6f, 0xe0, 0x00, 0x00, 0x00, 0x00, 0x12, 0x20, 0x00, 0x00, 0x00,
    0x00, 0x00, 0x00, 0x00, 0x00, 0x00, 0x00, 0x00, 0x00, 0x00, 0x00, 0x00, 0x00, 0x00, 0x00, 0x00,
    0x00, 0x00, 0x00, 0x00, 0x00, 0x00, 0x00, 0x00, 0x00, 0x00, 0x00, 0x00, 0x00, 0x00, 0x00, 0x00,
    0x00, 0x00, 0x00, 0x00, 0x00, 0x00, 0x00, 0x00, 0x00, 0x00, 0x00, 0x00, 0x00, 0x00, 0x00, 0x00,
    0x00, 0x00, 0x00, 0x00, 0x00, 0x00, 0x00, 0x00, 0x00, 0x00, 0x00, 0x00, 0x00, 0x00, 0x00, 0x00,
    0x00, 0x00, 0x00, 0x00, 0x00, 0x00, 0x00, 0x00, 0x00, 0x00, 0x00, 0x00, 0x00, 0x00, 0x00, 0x00,
    0x00, 0x00, 0x00, 0x00, 0x00, 0x00, 0x00, 0x00, 0x00, 0x00, 0x00, 0x00, 0x00, 0x00, 0x00, 0x00,
    0x00, 0x00, 0x00, 0x07, 0x50, 0x00, 0x00, 0x00, 0x00, 0x02, 0xff, 0xa0, 0x00, 0x00, 0x00, 0x00,
    0xaf, 0xf4, 0x00, 0x00, 0x00, 0x00, 0x3f, 0xfb, 0x00, 0x00, 0x00, 0x00, 0x09, 0xff, 0x40, 0x00,
    0x00, 0x00, 0x01, 0xef, 0xd0, 0x00, 0x00, 0x00, 0x00, 0x6f, 0xf8, 0x00, 0x00, 0x00, 0x00, 0x0b,
    0xff, 0x30, 0x00, 0x00, 0x00, 0x01, 0xff, 0xe0, 0x00, 0x00, 0x00, 0x00, 0x4f, 0xfa, 0x00, 0x00,
    0x00, 0x00, 0x07, 0xff, 0x80, 0x00, 0x00, 0x00, 0x00, 0xbf, 0xf5, 0x00, 0x00, 0x00, 0x00, 0x0d,
    0xff, 0x20, 0x00, 0x00, 0x00, 0x00, 0xef, 0xf1, 0x00, 0x00, 0x00, 0x00, 0x0f, 0xff, 0x00, 0x00,
    0x00, 0x00, 0x01, 0xff, 0xe0, 0x00, 0x00, 0x00, 0x00, 0x2f, 0xfd, 0x00, 0x00, 0x00, 0x00, 0x01,
    0xff, 0xe0, 0x00, 0x00, 0x00, 0x00, 0x0f, 0xff, 0x00, 0x00, 0x00, 0x00, 0x00, 0xef, 0xf1, 0x00,
    0x00, 0x00, 0x00, 0x0d, 0xff, 0x20, 0x00, 0x00, 0x00, 0x00, 0xcf, 0xf4, 0x00, 0x00, 0x00, 0x00,
    0x08, 0xff, 0x70, 0x00, 0x00, 0x00, 0x00, 0x5f, 0xfa, 0x00, 0x00, 0x00, 0x00, 0x02, 0xff, 0xd0,
    0x00, 0x00, 0x00, 0x00, 0x0d, 0xff, 0x20, 0x00, 0x00, 0x00, 0x00, 0x7f, 0xf7, 0x00, 0x00, 0x00,
    0x00, 0x02, 0xff, 0xc0, 0x00, 0x00, 0x00, 0x00, 0x0b, 0xff, 0x20, 0x00, 0x00, 0x00, 0x00, 0x5f,
    0xf9, 0x00, 0x00, 0x00, 0x00, 0x00, 0xcf, 0xf2, 0x00, 0x00, 0x00, 0x00, 0x03, 0xff, 0x90, 0x00,
    0x00, 0x00, 0x00, 0x0a, 0x92, 0x00, 0x00, 0x00, 0x00, 0x00, 0x00, 0x00, 0x00, 0x00, 0x00, 0x00,
    0x00, 0x00, 0x00, 0x00, 0x00, 0x39, 0x00, 0x00, 0x00, 0x00, 0x00, 0x5f, 0xf7, 0x00, 0x00, 0x00,
    0x00, 0x00, 0xdf, 0xe1, 0x00, 0x00, 0x00, 0x00, 0x06, 0xff, 0x80, 0x00, 0x00, 0x00, 0x00, 0x0d,
    0xfe, 0x10, 0x00, 0x00, 0x00, 0x00, 0x8f, 0xf5, 0x00, 0x00, 0x00, 0x00, 0x03, 0xff, 0xb0, 0x00,
    0x00, 0x00, 0x00, 0x0d, 0xff, 0x20, 0x00, 0x00, 0x00, 0x00, 0x8f, 0xf6, 0x00, 0x00, 0x00, 0x00,
    0x05, 0xff, 0x90, 0x00, 0x00, 0x00, 0x00, 0x2f, 0xfd, 0x00, 0x00, 0x00, 0x00, 0x00, 0xef, 0xf1,
    0x00, 0x00, 0x00, 0x00, 0x0c, 0xff, 0x30, 0x00, 0x00, 0x00, 0x00, 0xaf, 0xf5, 0x00, 0x00, 0x00,
    0x00, 0x09, 0xff, 0x60, 0x00, 0x00, 0x00, 0x00, 0x9f, 0xf7, 0x00, 0x00, 0x00, 0x00, 0x08, 0xff,
    0x80, 0x00, 0x00, 0x00, 0x00, 0x8f, 0xf7, 0x00, 0x00, 0x00, 0x00, 0x09, 0xff, 0x60, 0x00, 0x00,
    0x00, 0x00, 0xaf, 0xf5, 0x00, 0x00, 0x00, 0x00, 0x0b, 0xff, 0x40, 0x00, 0x00, 0x00, 0x00, 0xef,
    0xf2, 0x00, 0x00, 0x00, 0x00, 0x1f, 0xfe, 0x00, 0x00, 0x00, 0x00, 0x04, 0xff, 0xa0, 0x00, 0x00,
    0x00, 0x00, 0x7f, 0xf7, 0x00, 0x00, 0x00, 0x00, 0x0c, 0xff, 0x30, 0x00, 0x00, 0x00, 0x02, 0xff,
    0xd0, 0x00, 0x00, 0x00, 0x00, 0x7f, 0xf7, 0x00, 0x00, 0x00, 0x00, 0x0c, 0xff, 0x10, 0x00, 0x00,
    0x00, 0x04, 0xff, 0xa0, 0x00, 0x00, 0x00, 0x00, 0xcf, 0xf2, 0x00, 0x00, 0x00, 0x00, 0x4f, 0xf9,
    0x00, 0x00, 0x00, 0x00, 0x01, 0x7c, 0x10, 0x00, 0x00, 0x00, 0x00, 0x00, 0x00, 0x00, 0x00, 0x00,
    0x00, 0x00, 0x00, 0x00, 0x00, 0x00, 0x00, 0x00, 0x00, 0x00, 0x00, 0x00, 0x00, 0x14, 0x30, 0x00,
    0x00, 0x00, 0x00, 0x00, 0x00, 0x06, 0xfc, 0x00, 0x00, 0x00, 0x00, 0x00, 0x00, 0x00, 0x7f, 0xe0,
    0x00, 0x00, 0x00, 0x00, 0x01, 0x00, 0x08, 0xff, 0x00, 0x01, 0x00, 0x00, 0x00, 0xbe, 0xb7, 0xbf,
    0xf6, 0x9d, 0xf3, 0x00, 0x00, 0x1e, 0xff, 0xff, 0xff, 0xff, 0xff, 0x60, 0x00, 0x00, 0x17, 0xef,
    0xff, 0xff, 0xfa, 0x40, 0x00, 0x00, 0x00, 0x00, 0xcf, 0xff, 0xf4, 0x00, 0x00, 0x00, 0x00, 0x00,
    0x3f, 0xff, 0xff, 0xa0, 0x00, 0x00, 0x00, 0x00, 0x0c, 0xff, 0x4b, 0xff, 0x40, 0x00, 0x00, 0x00,
    0x05, 0xff, 0x60, 0x1d, 0xfd, 0x00, 0x00, 0x00, 0x00, 0x09, 0x80, 0x00, 0x2c, 0x30, 0x00, 0x00,
    0x00, 0x00, 0x00, 0x00, 0x00, 0x00, 0x00, 0x00, 0x00, 0x00, 0x00, 0x00, 0x00, 0x00, 0x00, 0x00,
    0x00, 0x00, 0x00, 0x00, 0x00, 0x00, 0x00, 0x00, 0x00, 0x00, 0x00, 0x00, 0x00, 0x00, 0x00, 0x00,
    0x00, 0x00, 0x00, 0x00, 0x00, 0x00, 0x00, 0x00, 0x00, 0x00, 0x00, 0x00, 0x00, 0x00, 0x00, 0x00,
    0x00, 0x00, 0x00, 0x00, 0x00, 0x00, 0x00, 0x00, 0x00, 0x00, 0x00, 0x00, 0x00, 0x00, 0x00, 0x00,
    0x00, 0x00, 0x00, 0x00, 0x00, 0x00, 0x00, 0x00, 0x00, 0x00, 0x00, 0x00, 0x00, 0x00, 0x00, 0x00,
    0x00, 0x00, 0x00, 0x00, 0x00, 0x00, 0x00, 0x00, 0x00, 0x00, 0x00, 0x00, 0x00, 0x00, 0x00, 0x00,
    0x00, 0x00, 0x00, 0x00, 0x00, 0x00, 0x00, 0x00, 0x00, 0x00, 0x00, 0x00, 0x00, 0x00, 0x00, 0x00,
    0x00, 0x00, 0x00, 0x00, 0x00, 0x00, 0x00, 0x00, 0x00, 0x00, 0x00, 0x00, 0x00, 0x00, 0x00, 0x00,
    0x00, 0x00, 0x00, 0x00, 0x00, 0x00, 0x00, 0x00, 0x00, 0x00, 0x00, 0x00, 0x00, 0x5e, 0xe7, 0x00,
    0x00, 0x00, 0x00, 0x00, 0x00, 0x00, 0x00, 0x5f, 0xf8, 0x00, 0x00, 0x00, 0x00, 0x00, 0x00, 0x00,
    0x00, 0x5f, 0xf8, 0x00, 0x00, 0x00, 0x00, 0x00, 0x00, 0x00, 0x00, 0x5f, 0xf8, 0x00, 0x00, 0x00,
    0x00, 0x00, 0x00, 0x00, 0x00, 0x5f, 0xf8, 0x00, 0x00, 0x00, 0x00, 0x00, 0x00, 0x00, 0x00, 0x5f,
    0xf8, 0x00, 0x00, 0x00, 0x00, 0x00, 0x00, 0x00, 0x00, 0x5f, 0xf8, 0x00, 0x00, 0x00, 0x00, 0x00,
    0xcf, 0xff, 0xff, 0xff, 0xff, 0xff, 0xff, 0xff, 0x00, 0x00, 0xcf, 0xff, 0xff, 0xff, 0xff, 0xff,
    0xff, 0xff, 0x00, 0x00, 0x8b, 0xbb, 0xbb, 0xcf, 0xfd, 0xbb, 0xbb, 0xbb, 0x00, 0x00, 0x00, 0x00,
    0x00, 0x5f, 0xf8, 0x00, 0x00, 0x00, 0x00, 0x00, 0x00, 0x00, 0x00, 0x5f, 0xf8, 0x00, 0x00, 0x00,
    0x00, 0x00, 0x00, 0x00, 0x00, 0x5f, 0xf8, 0x00, 0x00, 0x00, 0x00, 0x00, 0x00, 0x00, 0x00, 0x5f,
    0xf8, 0x00, 0x00, 0x00, 0x00, 0x00, 0x00, 0x00, 0x00, 0x5f, 0xf8, 0x00, 0x00, 0x00, 0x00, 0x00,
    0x00, 0x00, 0x00, 0x5f, 0xf8, 0x00, 0x00, 0x00, 0x00, 0x00, 0x00, 0x00, 0x00, 0x39, 0x95, 0x00,
    0x00, 0x00, 0x00, 0x00, 0x00, 0x00, 0x00, 0x00, 0x00, 0x00, 0x00, 0x00, 0x00, 0x00, 0x00, 0x00,
    0x00, 0x00, 0x00, 0x00, 0x00, 0x00, 0x00, 0x00, 0x00, 0x00, 0x00, 0x00, 0x00, 0x00, 0x00, 0x00,
    0x00, 0x00, 0x00, 0x00, 0x00, 0x00, 0x00, 0x00, 0x00, 0x00, 0x00, 0x00, 0x00, 0x00, 0x00, 0x00,
    0x00, 0x00, 0x00, 0x5a, 0x93, 0x00, 0x00, 0x00, 0x04, 0xff, 0xfe, 0x20, 0x00, 0x00, 0x09, 0xff,
    0xff, 0x80, 0x00, 0x00, 0x07, 0xff, 0xff, 0xa0, 0x00, 0x00, 0x00, 0x9e, 0xff, 0xb0, 0x00, 0x00,
    0x00, 0x00, 0xef, 0x90, 0x00, 0x00, 0x00, 0x03, 0xff, 0x60, 0x00, 0x00, 0x00, 0x0b, 0xfe, 0x10,
    0x00, 0x00, 0x02, 0xbf, 0xf6, 0x00, 0x00, 0x00, 0x2f, 0xff, 0x80, 0x00, 0x00, 0x00, 0x0d, 0xd6,
    0x00, 0x00, 0x00, 0x00, 0x03, 0x00, 0x00, 0x00, 0x00, 0x00, 0x00, 0x00, 0x00, 0x00, 0x00, 0x00,
    0x00, 0x00, 0x00, 0x00, 0x00, 0x00, 0x05, 0xbb, 0xbb, 0xbb, 0xba, 0x00, 0x00, 0x7f, 0xff, 0xff,
    0xff, 0xe0, 0x00, 0x07, 0xff, 0xff, 0xff, 0xfe, 0x00, 0x00, 0x00, 0x00, 0x00, 0x00, 0x00, 0x00,
    0x00, 0x00, 0x00, 0x00, 0x00, 0x00, 0x00, 0x00, 0x00, 0x00, 0x00, 0x00, 0x00, 0x00, 0x00, 0x00,
    0x00, 0x00, 0x00, 0x00, 0x00, 0x00, 0x00, 0x00, 0x00, 0x00, 0x00, 0x00, 0x00, 0x00, 0x00, 0x00,
    0x00, 0x00, 0x00, 0x00, 0x00, 0x00, 0x00, 0x00, 0x00, 0x00, 0x00, 0x00, 0x00, 0x00, 0x00, 0x00,
    0x00, 0x00, 0x00, 0x00, 0x00, 0x00, 0x00, 0x00, 0x00, 0x00, 0x00, 0x00, 0x02, 0x10, 0x00, 0x00,
    0x00, 0x01, 0xcf, 0xf6, 0x00, 0x00, 0x00, 0x08, 0xff, 0xff, 0x10, 0x00, 0x00, 0x0a, 0xff, 0xff,
    0x30, 0x00, 0x00, 0x06, 0xff, 0xfe, 0x10, 0x00, 0x00, 0x00, 0x9e, 0xd4, 0x00, 0x00, 0x00, 0x00,
    0x00, 0x00, 0x00, 0x00, 0x00, 0x00, 0x00, 0x00, 0x00, 0x00, 0x00, 0x00, 0x00, 0x00, 0x00, 0x00,
    0x45, 0x40, 0x00, 0x00, 0x00, 0x00, 0x00, 0xef, 0x80, 0x00, 0x00, 0x00, 0x00, 0x04, 0xff, 0x40,
    0x00, 0x00, 0x00, 0x00, 0x08, 0xff, 0x10, 0x00, 0x00, 0x00, 0x00, 0x0c, 0xfb, 0x00, 0x00, 0x00,
    0x00, 0x00, 0x2f, 0xf7, 0x00, 0x00, 0x00, 0x00, 0x00, 0x6f, 0xf2, 0x00, 0x00, 0x00, 0x00, 0x00,
    0xaf, 0xd0, 0x00, 0x00, 0x00, 0x00, 0x00, 0xef, 0x90, 0x00, 0x00, 0x00, 0x00, 0x04, 0xff, 0x50,
    0x00, 0x00, 0x00, 0x00, 0x08, 0xff, 0x10, 0x00, 0x00, 0x00, 0x00, 0x0c, 0xfb, 0x00, 0x00, 0x00,
    0x00, 0x00, 0x1f, 0xf7, 0x00, 0x00, 0x00, 0x00, 0x00, 0x6f, 0xf3, 0x00, 0x00, 0x00, 0x00, 0x00,
    0xaf, 0xd0, 0x00, 0x00, 0x00, 0x00, 0x00, 0xef, 0x90, 0x00, 0x00, 0x00, 0x00, 0x03, 0xff, 0x50,
    0x00, 0x00, 0x00, 0x00, 0x08, 0xff, 0x10, 0x00, 0x00, 0x00, 0x00, 0x0c, 0xfc, 0x00, 0x00, 0x00,
    0x00, 0x00, 0x1f, 0xf7, 0x00, 0x00, 0x00, 0x00, 0x00, 0x5f, 0xf3, 0x00, 0x00, 0x00, 0x00, 0x00,
    0xaf, 0xe0, 0x00, 0x00, 0x00, 0x00, 0x00, 0xef, 0xa0, 0x00, 0x00, 0x00, 0x00, 0x03, 0xff, 0x50,
    0x00, 0x00, 0x00, 0x00, 0x07, 0xff, 0x10, 0x00, 0x00, 0x00, 0x00, 0x0c, 0xfc, 0x00, 0x00, 0x00,
    0x00, 0x00, 0x1f, 0xf8, 0x00, 0x00, 0x00, 0x00, 0x00, 0x5f, 0xf3, 0x00, 0x00, 0x00, 0x00, 0x00,
    0x9f, 0xe0, 0x00, 0x00, 0x00, 0x00, 0x00, 0xef, 0xa0, 0x00, 0x00, 0x00, 0x00, 0x03, 0xff, 0x60,
    0x00, 0x00, 0x00, 0x00, 0x07, 0xff, 0x20, 0x00, 0x00, 0x00, 0x00, 0x00, 0x00, 0x00, 0x00, 0x00,
    0x00, 0x00, 0x00, 0x00, 0x00, 0x00, 0x00, 0x00, 0x00, 0x00, 0x00, 0x00, 0x00, 0x00, 0x00, 0x17,
    0xce, 0xed, 0x82, 0x00, 0x00, 0x00, 0x00, 0x00, 0x03, 0xdf, 0xff, 0xff, 0xfe, 0x50, 0x00, 0x00,
    0x00, 0x00, 0x2e, 0xff, 0xff, 0xff, 0xff, 0xf4, 0x00, 0x00, 0x00, 0x00, 0xbf, 0xff, 0x70, 0x04,
    0xef, 0xfd, 0x00, 0x00, 0x00, 0x03, 0xff, 0xf7, 0x00, 0x00, 0x4f, 0xff, 0x70, 0x00, 0x00, 0x09,
    0xff, 0xe1, 0x00, 0x00, 0x0b, 0xff, 0xc0, 0x00, 0x00, 0x0d, 0xff, 0xa0, 0x00, 0x00, 0x06, 0xff,
    0xf2, 0x00, 0x00, 0x1f, 0xff, 0x60, 0x00, 0x00, 0x02, 0xff, 0xf5, 0x00, 0x00, 0x4f, 0xff, 0x40,
    0x00, 0x00, 0x00, 0xff, 0xf7, 0x00, 0x00, 0x6f, 0xff, 0x20, 0x00, 0x00, 0x00, 0xdf, 0xf9, 0x00,
    0x00, 0x6f, 0xff, 0x10, 0x00, 0x00, 0x00, 0xdf, 0xfa, 0x00, 0x00, 0x7f, 0xff, 0x10, 0x00, 0x00,
    0x00, 0xcf, 0xfb, 0x00, 0x00, 0x7f, 0xff, 0x10, 0x00, 0x00, 0x00, 0xcf, 0xfb, 0x00, 0x00, 0x6f,
    0xff, 0x10, 0x00, 0x00, 0x00, 0xdf, 0xfa, 0x00, 0x00, 0x6f, 0xff, 0x20, 0x00, 0x00, 0x00, 0xef,
    0xf9, 0x00, 0x00, 0x4f, 0xff, 0x40, 0x00, 0x00, 0x00, 0xff, 0xf7, 0x00, 0x00, 0x1f, 0xff, 0x60,
    0x00, 0x00, 0x03, 0xff, 0xf4, 0x00, 0x00, 0x0d, 0xff, 0xa0, 0x00, 0x00, 0x06, 0xff, 0xf1, 0x00,
    0x00, 0x08, 0xff, 0xe1, 0x00, 0x00, 0x0b, 0xff, 0xc0, 0x00, 0x00, 0x03, 0xff, 0xf8, 0x00, 0x00,
    0x4f, 0xff, 0x60, 0x00, 0x00, 0x00, 0xaf, 0xff, 0x71, 0x05, 0xef, 0xfd, 0x00, 0x00, 0x00, 0x00,
    0x1d, 0xff, 0xff, 0xff, 0xff, 0xf3, 0x00, 0x00, 0x00, 0x00, 0x02, 0xdf, 0xff, 0xff, 0xfe, 0x50,
    0x00, 0x00, 0x00, 0x00, 0x00, 0x17, 0xce, 0xed, 0x82, 0x00, 0x00, 0x00, 0x00, 0x00, 0x00, 0x00,
    0x00, 0x00, 0x00, 0x00, 0x00, 0x00, 0x00, 0x00, 0x00, 0x00, 0x00, 0x00, 0x00, 0x00, 0x00, 0x00,
    0x00, 0x00, 0x00, 0x00, 0x5d, 0xff, 0x90, 0x00, 0x00, 0x00, 0x00, 0x00, 0x16, 0x9d, 0xff, 0xff,
    0x90, 0x00, 0x00, 0x00, 0x00, 0x00, 0x5f, 0xff, 0xff, 0xff, 0x90, 0x00, 0x00, 0x00, 0x00, 0x00,
    0x5f, 0xff, 0xff, 0xff, 0x90, 0x00, 0x00, 0x00, 0x00, 0x00, 0x13, 0x33, 0x4f, 0xff, 0x90, 0x00,
    0x00, 0x00, 0x00, 0x00, 0x00, 0x00, 0x2f, 0xff, 0x90, 0x00, 0x00, 0x00, 0x00, 0x00, 0x00, 0x00,
    0x2f, 0xff, 0x90, 0x00, 0x00, 0x00, 0x00, 0x00, 0x00, 0x00, 0x2f, 0xff, 0x90, 0x00, 0x00, 0x00,
    0x00, 0x00, 0x00, 0x00, 0x2f, 0xff, 0x90, 0x00, 0x00, 0x00, 0x00, 0x00, 0x00, 0x00, 0x2f, 0xff,
    0x90, 0x00, 0x00, 0x00, 0x00, 0x00, 0x00, 0x00, 0x2f, 0xff, 0x90, 0x00, 0x00, 0x00, 0x00, 0x00,
    0x00, 0x00, 0x2f, 0xff, 0x90, 0x00, 0x00, 0x00, 0x00, 0x00, 0x00, 0x00, 0x2f, 0xff, 0x90, 0x00,
    0x00, 0x00, 0x00, 0x00, 0x00, 0x00, 0x2f, 0xff, 0x90, 0x00, 0x00, 0x00, 0x00, 0x00, 0x00, 0x00,
    0x2f, 0xff, 0x90, 0x00, 0x00, 0x00, 0x00, 0x00, 0x00, 0x00, 0x2f, 0xff, 0x90, 0x00, 0x00, 0x00,
    0x00, 0x00, 0x00, 0x00, 0x2f, 0xff, 0x90, 0x00, 0x00, 0x00, 0x00, 0x00, 0x00, 0x00, 0x2f, 0xff,
    0x90, 0x00, 0x00, 0x00, 0x00, 0x00, 0x00, 0x00, 0x2f, 0xff, 0x90, 0x00, 0x00, 0x00, 0x00, 0x00,
    0x00, 0x00, 0x2f, 0xff, 0x90, 0x00, 0x00, 0x00, 0x00, 0x00, 0x00, 0x00, 0x2f, 0xff, 0x90, 0x00,
    0x00, 0x00, 0x00, 0x04, 0xff, 0xff, 0xff, 0xff, 0xff, 0xff, 0xf3, 0x00, 0x00, 0x04, 0xff, 0xff,
    0xff, 0xff, 0xff, 0xff, 0xf3, 0x00, 0x00, 0x04, 0xff, 0xff, 0xff, 0xff, 0xff, 0xff, 0xf3, 0x00,
    0x00, 0x00, 0x00, 0x00, 0x00, 0x00, 0x00, 0x00, 0x00, 0x00, 0x00, 0x00, 0x00, 0x00, 0x00, 0x00,
    0x00, 0x00, 0x00, 0x00, 0x00, 0x00, 0x01, 0x6b, 0xdf, 0xeb, 0x50, 0x00, 0x00, 0x00, 0x00, 0x00,
    0x5e, 0xff, 0xff, 0xff, 0xfb, 0x20, 0x00, 0x00, 0x00, 0x08, 0xff, 0xff, 0xff, 0xff, 0xff, 0xd1,
    0x00, 0x00, 0x00, 0x7f, 0xff, 0xb4, 0x11, 0x4d, 0xff, 0xf9, 0x00, 0x00, 0x00, 0x1b, 0xf8, 0x00,
    0x00, 0x01, 0xdf, 0xff, 0x10, 0x00, 0x00, 0x01, 0x50, 0x00, 0x00, 0x00, 0x6f, 0xff, 0x50, 0x00,
    0x00, 0x00, 0x00, 0x00, 0x00, 0x00, 0x3f, 0xff, 0x70, 0x00, 0x00, 0x00, 0x00, 0x00, 0x00, 0x00,
    0x2f, 0xff, 0x70, 0x00, 0x00, 0x00, 0x00, 0x00, 0x00, 0x00, 0x4f, 0xff, 0x60, 0x00, 0x00, 0x00,
    0x00, 0x00, 0x00, 0x00, 0x8f, 0xff, 0x20, 0x00, 0x00, 0x00, 0x00, 0x00, 0x00, 0x00, 0xdf, 0xfd,
    0x00, 0x00, 0x00, 0x00, 0x00, 0x00, 0x00, 0x05, 0xff, 0xf6, 0x00, 0x00, 0x00, 0x00, 0x00, 0x00,
    0x00, 0x1d, 0xff, 0xd0, 0x00, 0x00, 0x00, 0x00, 0x00, 0x00, 0x00, 0x9f, 0xff, 0x40, 0x00, 0x00,
    0x00, 0x00, 0x00, 0x00, 0x06, 0xff, 0xf9, 0x00, 0x00, 0x00, 0x00, 0x00, 0x00, 0x00, 0x3f, 0xff,
    0xb0, 0x00, 0x00, 0x00, 0x00, 0x00, 0x00, 0x03, 0xef, 0xfd, 0x10, 0x00, 0x00, 0x00, 0x00, 0x00,
    0x00, 0x2d, 0xff, 0xe3, 0x00, 0x00, 0x00, 0x00, 0x00, 0x00, 0x02, 0xef, 0xfe, 0x40, 0x00, 0x00,
    0x00, 0x00, 0x00, 0x00, 0x3e, 0xff, 0xe4, 0x00, 0x00, 0x00, 0x00, 0x00, 0x00, 0x04, 0xef, 0xfe,
    0x40, 0x12, 0x22, 0x22, 0x21, 0x00, 0x00, 0x5f, 0xff, 0xff, 0xef, 0xff, 0xff, 0xff, 0xf9, 0x00,
    0x00, 0x9f, 0xff, 0xff, 0xff, 0xff, 0xff, 0xff, 0xf9, 0x00, 0x00, 0x9f, 0xff, 0xff, 0xff, 0xff,
    0xff, 0xff, 0xf9, 0x00, 0x00, 0x00, 0x00, 0x00, 0x00, 0x00, 0x00, 0x00, 0x00, 0x00, 0x00, 0x00,
    0x00, 0x00, 0x00, 0x00, 0x00, 0x00, 0x00, 0x00, 0x00, 0x00, 0x01, 0x7b, 0xdf, 0xdb, 0x71, 0x00,
    0x00, 0x00, 0x00, 0x00, 0x7e, 0xff, 0xff, 0xff, 0xfe, 0x70, 0x00, 0x00, 0x00, 0x1b, 0xff, 0xff,
    0xff, 0xff, 0xff, 0xf5, 0x00, 0x00, 0x00, 0x0b, 0xff, 0xc5, 0x10, 0x39, 0xff, 0xfe, 0x20, 0x00,
    0x00, 0x01, 0xc7, 0x00, 0x00, 0x00, 0x9f, 0xff, 0x70, 0x00, 0x00, 0x00, 0x00, 0x00, 0x00, 0x00,
    0x3f, 0xff, 0x90, 0x00, 0x00, 0x00, 0x00, 0x00, 0x00, 0x00, 0x2f, 0xff, 0x90, 0x00, 0x00, 0x00,
    0x00, 0x00, 0x00, 0x00, 0x5f, 0xff, 0x70, 0x00, 0x00, 0x00, 0x00, 0x00, 0x00, 0x01, 0xdf, 0xfe,
    0x10, 0x00, 0x00, 0x00, 0x00, 0x00, 0x01, 0x6d, 0xff, 0xf6, 0x00, 0x00, 0x00, 0x00, 0x00, 0x3c,
    0xdf, 0xff, 0xfe, 0x60, 0x00, 0x00, 0x00, 0x00, 0x00, 0x4f, 0xff, 0xff, 0xd2, 0x00, 0x00, 0x00,
    0x00, 0x00, 0x00, 0x4f, 0xff, 0xff, 0xff, 0x91, 0x00, 0x00, 0x00, 0x00, 0x00, 0x00, 0x13, 0x6c,
    0xff, 0xfc, 0x10, 0x00, 0x00, 0x00, 0x00, 0x00, 0x00, 0x00, 0x7f, 0xff, 0x90, 0x00, 0x00, 0x00,
    0x00, 0x00, 0x00, 0x00, 0x0b, 0xff, 0xf1, 0x00, 0x00, 0x00, 0x00, 0x00, 0x00, 0x00, 0x07, 0xff,
    0xf4, 0x00, 0x00, 0x00, 0x00, 0x00, 0x00, 0x00, 0x06, 0xff, 0xf6, 0x00, 0x00, 0x04, 0x10, 0x00,
    0x00, 0x00, 0x09, 0xff, 0xf5, 0x00, 0x00, 0x3e, 0xd4, 0x00, 0x00, 0x00, 0x3f, 0xff, 0xf1, 0x00,
    0x00, 0xdf, 0xff, 0xa5, 0x22, 0x38, 0xff, 0xff, 0x80, 0x00, 0x00, 0x5f, 0xff, 0xff, 0xff, 0xff,
    0xff, 0xfb, 0x00, 0x00, 0x00, 0x03, 0xbf, 0xff, 0xff, 0xff, 0xff, 0x81, 0x00, 0x00, 0x00, 0x00,
    0x03, 0x8c, 0xdf, 0xdb, 0x82, 0x00, 0x00, 0x00, 0x00, 0x00, 0x00, 0x00, 0x00, 0x00, 0x00, 0x00,
    0x00, 0x00, 0x00, 0x00, 0x00, 0x00, 0x00, 0x00, 0x00, 0x00, 0x00, 0x00, 0x00, 0x00, 0x00, 0x00,
    0x00, 0x5f, 0xff, 0xf4, 0x00, 0x00, 0x00, 0x00, 0x00, 0x00, 0x01, 0xdf, 0xff, 0xf4, 0x00, 0x00,
    0x00, 0x00, 0x00, 0x00, 0x08, 0xff, 0xff, 0xf4, 0x00, 0x00, 0x00, 0x00, 0x00, 0x00, 0x2f, 0xfe,
    0xff, 0xf4, 0x00, 0x00, 0x00, 0x00, 0x00, 0x00, 0xbf, 0xf7, 0xff, 0xf4, 0x00, 0x00, 0x00, 0x00,
    0x00, 0x05, 0xff, 0xe2, 0xff, 0xf4, 0x00, 0x00, 0x00, 0x00, 0x00, 0x1d, 0xff, 0x72, 0xff, 0xf4,
    0x00, 0x00, 0x00, 0x00, 0x00, 0x8f, 0xfe, 0x12, 0xff, 0xf4, 0x00, 0x00, 0x00, 0x00, 0x03, 0xff,
    0xf6, 0x02, 0xff, 0xf4, 0x00, 0x00, 0x00, 0x00, 0x0c, 0xff, 0xb0, 0x02, 0xff, 0xf4, 0x00, 0x00,
    0x00, 0x00, 0x6f, 0xff, 0x20, 0x02, 0xff, 0xf4, 0x00, 0x00, 0x00, 0x01, 0xef, 0xf8, 0x00, 0x02,
    0xff, 0xf4, 0x00, 0x00, 0x00, 0x09, 0xff, 0xd1, 0x00, 0x02, 0xff, 0xf4, 0x00, 0x00, 0x00, 0x3f,
    0xff, 0x40, 0x00, 0x02, 0xff, 0xf4, 0x00, 0x00, 0x00, 0xcf, 0xfa, 0x00, 0x00, 0x02, 0xff, 0xf4,
    0x00, 0x00, 0x05, 0xff, 0xff, 0xff, 0xff, 0xff, 0xff, 0xff, 0xff, 0x40, 0x06, 0xff, 0xff, 0xff,
    0xff, 0xff, 0xff, 0xff, 0xff, 0x40, 0x05, 0xdd, 0xdd, 0xdd, 0xdd, 0xde, 0xff, 0xfe, 0xdd, 0x40,
    0x00, 0x00, 0x00, 0x00, 0x00, 0x02, 0xff, 0xf4, 0x00, 0x00, 0x00, 0x00, 0x00, 0x00, 0x00, 0x02,
    0xff, 0xf4, 0x00, 0x00, 0x00, 0x00, 0x00, 0x00, 0x00, 0x02, 0xff, 0xf4, 0x00, 0x00, 0x00, 0x00,
    0x00, 0x00, 0x00, 0x02, 0xff, 0xf4, 0x00, 0x00, 0x00, 0x00, 0x00, 0x00, 0x00, 0x02, 0xff, 0xf4,
    0x00, 0x00, 0x00, 0x00, 0x00, 0x00, 0x00, 0x02, 0xff, 0xf4, 0x00, 0x00, 0x00, 0x00, 0x00, 0x00,
    0x00, 0x00, 0x00, 0x00, 0x00, 0x00, 0x00, 0x00, 0x00, 0x00, 0x00, 0x00, 0x00, 0x00, 0x00, 0x00,
    0x00, 0x00, 0x9f, 0xff, 0xff, 0xff, 0xff, 0xff, 0x60, 0x00, 0x00, 0x00, 0xaf, 0xff, 0xff, 0xff,
    0xff, 0xff, 0x60, 0x00, 0x00, 0x00, 0xbf, 0xff, 0xff, 0xff, 0xff, 0xff, 0x60, 0x00, 0x00, 0x00,
    0xcf, 0xfa, 0x22, 0x22, 0x22, 0x22, 0x10, 0x00, 0x00, 0x00, 0xcf, 0xf8, 0x00, 0x00, 0x00, 0x00,
    0x00, 0x00, 0x00, 0x00, 0xdf, 0xf6, 0x00, 0x00, 0x00, 0x00, 0x00, 0x00, 0x00, 0x00, 0xef, 0xf5,
    0x00, 0x00, 0x00, 0x00, 0x00, 0x00, 0x00, 0x00, 0xff, 0xf4, 0x00, 0x00, 0x00, 0x00, 0x00, 0x00,
    0x00, 0x01, 0xff, 0xf4, 0x69, 0xa8, 0x51, 0x00, 0x00, 0x00, 0x00, 0x02, 0xff, 0xff, 0xff, 0xff,
    0xfe, 0x60, 0x00, 0x00, 0x00, 0x03, 0xff, 0xff, 0xff, 0xff, 0xff, 0xfa, 0x00, 0x00, 0x00, 0x01,
    0x9f, 0xc5, 0x21, 0x39, 0xff, 0xff, 0x50, 0x00, 0x00, 0x00, 0x03, 0x00, 0x00, 0x00, 0x5f, 0xff,
    0xd0, 0x00, 0x00, 0x00, 0x00, 0x00, 0x00, 0x00, 0x0b, 0xff, 0xf3, 0x00, 0x00, 0x00, 0x00, 0x00,
    0x00, 0x00, 0x06, 0xff, 0xf6, 0x00, 0x00, 0x00, 0x00, 0x00, 0x00, 0x00, 0x04, 0xff, 0xf7, 0x00,
    0x00, 0x00, 0x00, 0x00, 0x00, 0x00, 0x05, 0xff, 0xf6, 0x00, 0x00, 0x00, 0x00, 0x00, 0x00, 0x00,
    0x07, 0xff, 0xf5, 0x00, 0x00, 0x04, 0x10, 0x00, 0x00, 0x00, 0x0d, 0xff, 0xf1, 0x00, 0x00, 0x3f,
    0xd3, 0x00, 0x00, 0x00, 0x8f, 0xff, 0xa0, 0x00, 0x00, 0xdf, 0xff, 0x94, 0x22, 0x5b, 0xff, 0xfe,
    0x10, 0x00, 0x00, 0x6f, 0xff, 0xff, 0xff, 0xff, 0xff, 0xf5, 0x00, 0x00, 0x00, 0x03, 0xcf, 0xff,
    0xff, 0xff, 0xfe, 0x50, 0x00, 0x00, 0x00, 0x00, 0x03, 0x8c, 0xdf, 0xeb, 0x71, 0x00, 0x00, 0x00,
    0x00, 0x00, 0x00, 0x00, 0x00, 0x00, 0x00, 0x00, 0x00, 0x00, 0x00, 0x00, 0x00, 0x00, 0x00, 0x00,
    0x00, 0x00, 0x00, 0x00, 0x00, 0x00, 0x00, 0x00, 0x6b, 0xdf, 0xdb, 0x61, 0x00, 0x00, 0x00, 0x00,
    0x00, 0x3d, 0xff, 0xff, 0xff, 0xfd, 0x30, 0x00, 0x00, 0x00, 0x04, 0xef, 0xff, 0xff, 0xff, 0xff,
    0xf3, 0x00, 0x00, 0x00, 0x1e, 0xff, 0xf9, 0x41, 0x36, 0xef, 0x90, 0x00, 0x00, 0x00, 0x9f, 0xff,
    0x50, 0x00, 0x00, 0x17, 0x00, 0x00, 0x00, 0x01, 0xff, 0xf8, 0x00, 0x00, 0x00, 0x00, 0x00, 0x00,
    0x00, 0x07, 0xff, 0xf1, 0x00, 0x00, 0x00, 0x00, 0x00, 0x00, 0x00, 0x0b, 0xff, 0xa0, 0x00, 0x00,
    0x00, 0x00, 0x00, 0x00, 0x00, 0x0e, 0xff, 0x70, 0x00, 0x00, 0x00, 0x00, 0x00, 0x00, 0x00, 0x2f,
    0xff, 0x40, 0x3a, 0xde, 0xc9, 0x30, 0x00, 0x00, 0x00, 0x3f, 0xff, 0x39, 0xff, 0xff, 0xff, 0xf8,
    0x00, 0x00, 0x00, 0x4f, 0xff, 0xbf, 0xfd, 0xbd, 0xff, 0xff, 0x70, 0x00, 0x00, 0x4f, 0xff, 0xfd,
    0x40, 0x00, 0x3d, 0xff, 0xe1, 0x00, 0x00, 0x4f, 0xff, 0xd1, 0x00, 0x00, 0x04, 0xff, 0xf7, 0x00,
    0x00, 0x3f, 0xff, 0x40, 0x00, 0x00, 0x00, 0xcf, 0xf9, 0x00, 0x00, 0x1f, 0xff, 0x50, 0x00, 0x00,
    0x00, 0xaf, 0xfb, 0x00, 0x00, 0x0d, 0xff, 0x80, 0x00, 0x00, 0x00, 0x9f, 0xfd, 0x00, 0x00, 0x0a,
    0xff, 0xc0, 0x00, 0x00, 0x00, 0xbf, 0xfc, 0x00, 0x00, 0x05, 0xff, 0xf3, 0x00, 0x00, 0x00, 0xef,
    0xf9, 0x00, 0x00, 0x00, 0xdf, 0xfb, 0x00, 0x00, 0x07, 0xff, 0xf4, 0x00, 0x00, 0x00, 0x5f, 0xff,
    0xb2, 0x00, 0x6f, 0xff, 0xa0, 0x00, 0x00, 0x00, 0x09, 0xff, 0xff, 0xef, 0xff, 0xfe, 0x10, 0x00,
    0x00, 0x00, 0x00, 0x8f, 0xff, 0xff, 0xff, 0xc2, 0x00, 0x00, 0x00, 0x00, 0x00, 0x03, 0x9d, 0xee,
    0xc6, 0x00, 0x00, 0x00, 0x00, 0x00, 0x00, 0x00, 0x00, 0x00, 0x00, 0x00, 0x00, 0x00, 0x00, 0x00,
    0x00, 0x00, 0x00, 0x00, 0x00, 0x00, 0x00, 0x00, 0x00, 0x6f, 0xff, 0xff, 0xff, 0xff, 0xff, 0xff,
    0xfb, 0x00, 0x00, 0x6f, 0xff, 0xff, 0xff, 0xff, 0xff, 0xff, 0xfb, 0x00, 0x00, 0x6f, 0xff, 0xff,
    0xff, 0xff, 0xff, 0xff, 0xf8, 0x00, 0x00, 0x12, 0x22, 0x22, 0x22, 0x22, 0x2b, 0xff, 0xc0, 0x00,
    0x00, 0x00, 0x00, 0x00, 0x00, 0x00, 0x4f, 0xfe, 0x20, 0x00, 0x00, 0x00, 0x00, 0x00, 0x00, 0x00,
    0xdf, 0xf7, 0x00, 0x00, 0x00, 0x00, 0x00, 0x00, 0x00, 0x07, 0xff, 0xd0, 0x00, 0x00, 0x00, 0x00,
    0x00, 0x00, 0x00, 0x1e, 0xff, 0x50, 0x00, 0x00, 0x00, 0x00, 0x00, 0x00, 0x00, 0x7f, 0xfd, 0x00,
    0x00, 0x00, 0x00, 0x00, 0x00, 0x00, 0x00, 0xdf, 0xf6, 0x00, 0x00, 0x00, 0x00, 0x00, 0x00, 0x00,
    0x04, 0xff, 0xe1, 0x00, 0x00, 0x00, 0x00, 0x00, 0x00, 0x00, 0x0a, 0xff, 0xa0, 0x00, 0x00, 0x00,
    0x00, 0x00, 0x00, 0x00, 0x1f, 0xff, 0x60, 0x00, 0x00, 0x00, 0x00, 0x00, 0x00, 0x00, 0x5f, 0xff,
    0x30, 0x00, 0x00, 0x00, 0x00, 0x00, 0x00, 0x00, 0x8f, 0xff, 0x00, 0x00, 0x00, 0x00, 0x00, 0x00,
    0x00, 0x00, 0xbf, 0xfc, 0x00, 0x00, 0x00, 0x00, 0x00, 0x00, 0x00, 0x00, 0xef, 0xf9, 0x00, 0x00,
    0x00, 0x00, 0x00, 0x00, 0x00, 0x03, 0xff, 0xf6, 0x00, 0x00, 0x00, 0x00, 0x00, 0x00, 0x00, 0x05,
    0xff, 0xf5, 0x00, 0x00, 0x00, 0x00, 0x00, 0x00, 0x00, 0x07, 0xff, 0xf3, 0x00, 0x00, 0x00, 0x00,
    0x00, 0x00, 0x00, 0x09, 0xff, 0xf2, 0x00, 0x00, 0x00, 0x00, 0x00, 0x00, 0x00, 0x0a, 0xff, 0xf1,
    0x00, 0x00, 0x00, 0x00, 0x00, 0x00, 0x00, 0x0b, 0xff, 0xf0, 0x00, 0x00, 0x00, 0x00, 0x00, 0x00,
    0x00, 0x0c, 0xff, 0xe0, 0x00, 0x00, 0x00, 0x00, 0x00, 0x00, 0x00, 0x00, 0x00, 0x00, 0x00, 0x00,
    0x00, 0x00, 0x00, 0x00, 0x00, 0x00, 0x00, 0x00, 0x00, 0x00, 0x00, 0x00, 0x00, 0x00, 0x00, 0x17,
    0xbd, 0xec, 0x94, 0x00, 0x00, 0x00, 0x00, 0x00, 0x05, 0xef, 0xff, 0xff, 0xff, 0x91, 0x00, 0x00,
    0x00, 0x00, 0x3f, 0xff, 0xfc, 0xbe, 0xff, 0xf9, 0x00, 0x00, 0x00, 0x00, 0xdf, 0xfc, 0x20, 0x00,
    0x7f, 0xff, 0x40, 0x00, 0x00, 0x04, 0xff, 0xf3, 0x00, 0x00, 0x0a, 0xff, 0x90, 0x00, 0x00, 0x07,
    0xff, 0xe0, 0x00, 0x00, 0x05, 0xff, 0xb0, 0x00, 0x00, 0x06, 0xff, 0xe0, 0x00, 0x00, 0x04, 0xff,
    0xc0, 0x00, 0x00, 0x04, 0xff, 0xf3, 0x00, 0x00, 0x05, 0xff, 0xa0, 0x00, 0x00, 0x00, 0xdf, 0xfd,
    0x10, 0x00, 0x0a, 0xff, 0x50, 0x00, 0x00, 0x00, 0x5f, 0xff, 0xd5, 0x00, 0x4f, 0xfb, 0x00, 0x00,
    0x00, 0x00, 0x06, 0xff, 0xff, 0xc7, 0xef, 0xd1, 0x00, 0x00, 0x00, 0x00, 0x00, 0x9f, 0xff, 0xff,
    0xfe, 0x20, 0x00, 0x00, 0x00, 0x00, 0x1a, 0xff, 0xbf, 0xff, 0xff, 0xc2, 0x00, 0x00, 0x00, 0x01,
    0xbf, 0xf7, 0x01, 0x7e, 0xff, 0xfd, 0x20, 0x00, 0x00, 0x08, 0xff, 0xa0, 0x00, 0x01, 0x9f, 0xff,
    0xc0, 0x00, 0x00, 0x1f, 0xff, 0x20, 0x00, 0x00, 0x09, 0xff, 0xf4, 0x00, 0x00, 0x5f, 0xfd, 0x00,
    0x00, 0x00, 0x01, 0xff, 0xf8, 0x00, 0x00, 0x7f, 0xfc, 0x00, 0x00, 0x00, 0x00, 0xcf, 0xfb, 0x00,
    0x00, 0x7f, 0xfe, 0x00, 0x00, 0x00, 0x00, 0xdf, 0xfa, 0x00, 0x00, 0x3f, 0xff, 0x70, 0x00, 0x00,
    0x04, 0xff, 0xf7, 0x00, 0x00, 0x0b, 0xff, 0xf8, 0x10, 0x00, 0x4d, 0xff, 0xe1, 0x00, 0x00, 0x01,
    0xdf, 0xff, 0xec, 0xbd, 0xff, 0xff, 0x40, 0x00, 0x00, 0x00, 0x2a, 0xff, 0xff, 0xff, 0xff, 0xd4,
    0x00, 0x00, 0x00, 0x00, 0x00, 0x39, 0xbe, 0xec, 0xa6, 0x00, 0x00, 0x00, 0x00, 0x00, 0x00, 0x00,
    0x00, 0x00, 0x00, 0x00, 0x00, 0x00, 0x00, 0x00, 0x00, 0x00, 0x00, 0x00, 0x00, 0x00, 0x00, 0x00,
    0x00, 0x00, 0x00, 0x5b, 0xef, 0xda, 0x40, 0x00, 0x00, 0x00, 0x00, 0x00, 0x19, 0xff, 0xff, 0xff,
    0xfb, 0x10, 0x00, 0x00, 0x00, 0x00, 0xcf, 0xff, 0xfe, 0xff, 0xff, 0xc1, 0x00, 0x00, 0x00, 0x07,
    0xff, 0xf9, 0x10, 0x18, 0xff, 0xf9, 0x00, 0x00, 0x00, 0x1e, 0xff, 0xa0, 0x00, 0x00, 0x8f, 0xff,
    0x30, 0x00, 0x00, 0x5f, 0xff, 0x30, 0x00, 0x00, 0x1e, 0xff, 0x90, 0x00, 0x00, 0x8f, 0xfe, 0x00,
    0x00, 0x00, 0x08, 0xff, 0xe0, 0x00, 0x00, 0x9f, 0xfd, 0x00, 0x00, 0x00, 0x05, 0xff, 0xf2, 0x00,
    0x00, 0x8f, 0xfd, 0x00, 0x00, 0x00, 0x02, 0xff, 0xf5, 0x00, 0x00, 0x6f, 0xff, 0x10, 0x00, 0x00,
    0x01, 0xff, 0xf6, 0x00, 0x00, 0x3f, 0xff, 0x70, 0x00, 0x00, 0x0b, 0xff, 0xf7, 0x00, 0x00, 0x0c,
    0xff, 0xe5, 0x00, 0x03, 0xcf, 0xff, 0xf8, 0x00, 0x00, 0x03, 0xff, 0xff, 0xdb, 0xcf, 0xfc, 0xff,
    0xf7, 0x00, 0x00, 0x00, 0x5e, 0xff, 0xff, 0xff, 0xb1, 0xff, 0xf6, 0x00, 0x00, 0x00, 0x01, 0x8b,
    0xee, 0xb5, 0x02, 0xff, 0xf5, 0x00, 0x00, 0x00, 0x00, 0x00, 0x00, 0x00, 0x04, 0xff, 0xf2, 0x00,
    0x00, 0x00, 0x00, 0x00, 0x00, 0x00, 0x08, 0xff, 0xe0, 0x00, 0x00, 0x00, 0x00, 0x00, 0x00, 0x00,
    0x0d, 0xff, 0x90, 0x00, 0x00, 0x00, 0x00, 0x00, 0x00, 0x00, 0x5f, 0xff, 0x40, 0x00, 0x00, 0x00,
    0x63, 0x00, 0x00, 0x02, 0xef, 0xfc, 0x00, 0x00, 0x00, 0x05, 0xff, 0x94, 0x24, 0x7e, 0xff, 0xf3,
    0x00, 0x00, 0x00, 0x1e, 0xff, 0xff, 0xff, 0xff, 0xff, 0x60, 0x00, 0x00, 0x00, 0x01, 0xbf, 0xff,
    0xff, 0xff, 0xe5, 0x00, 0x00, 0x00, 0x00, 0x00, 0x05, 0xad, 0xfe, 0xc7, 0x10, 0x00, 0x00, 0x00,
    0x00, 0x00, 0x00, 0x00, 0x00, 0x00, 0x00, 0x00, 0x00, 0x00, 0x00, 0x00, 0x00, 0x00, 0x00, 0x00,
    0x00, 0x00, 0x9e, 0xd4, 0x00, 0x00, 0x00, 0x06, 0xff, 0xfe, 0x10, 0x00, 0x00, 0x0a, 0xff, 0xff,
    0x30, 0x00, 0x00, 0x08, 0xff, 0xff, 0x10, 0x00, 0x00, 0x01, 0xcf, 0xf6, 0x00, 0x00, 0x00, 0x00,
    0x02, 0x10, 0x00, 0x00, 0x00, 0x00, 0x00, 0x00, 0x00, 0x00, 0x00, 0x00, 0x00, 0x00, 0x00, 0x00,
    0x00, 0x00, 0x00, 0x00, 0x00, 0x00, 0x00, 0x00, 0x00, 0x00, 0x00, 0x00, 0x00, 0x00, 0x00, 0x00,
    0x00, 0x00, 0x00, 0x00, 0x00, 0x00, 0x00, 0x00, 0x00, 0x00, 0x02, 0x10, 0x00, 0x00, 0x00, 0x01,
    0xcf, 0xf6, 0x00, 0x00, 0x00, 0x08, 0xff, 0xff, 0x10, 0x00, 0x00, 0x0a, 0xff, 0xff, 0x30, 0x00,
    0x00, 0x06, 0xff, 0xfe, 0x10, 0x00, 0x00, 0x00, 0x9e, 0xd4, 0x00, 0x00, 0x00, 0x00, 0x00, 0x00,
    0x00, 0x00, 0x00, 0x00, 0x00, 0x00, 0x00, 0x00, 0x00, 0x00, 0x02, 0x10, 0x00, 0x00, 0x00, 0x01,
    0xbf, 0xf6, 0x00, 0x00, 0x00, 0x07, 0xff, 0xff, 0x10, 0x00, 0x00, 0x0a, 0xff, 0xff, 0x30, 0x00,
    0x00, 0x07, 0xff, 0xfe, 0x10, 0x00, 0x00, 0x00, 0x9e, 0xd4, 0x00, 0x00, 0x00, 0x00, 0x00, 0x00,
    0x00, 0x00, 0x00, 0x00, 0x00, 0x00, 0x00, 0x00, 0x00, 0x00, 0x00, 0x00, 0x00, 0x00, 0x00, 0x00,
    0x00, 0x00, 0x00, 0x00, 0x00, 0x00, 0x00, 0x00, 0x00, 0x00, 0x00, 0x00, 0x00, 0x00, 0x00, 0x00,
    0x00, 0x00, 0x00, 0x00, 0x00, 0x00, 0x00, 0x00, 0x5a, 0x93, 0x00, 0x00, 0x00, 0x04, 0xff, 0xfe,
    0x20, 0x00, 0x00, 0x09, 0xff, 0xff, 0x80, 0x00, 0x00, 0x07, 0xff, 0xff, 0xa0, 0x00, 0x00, 0x00,
    0x9e, 0xff, 0xb0, 0x00, 0x00, 0x00, 0x00, 0xef, 0x90, 0x00, 0x00, 0x00, 0x03, 0xff, 0x60, 0x00,
    0x00, 0x00, 0x0b, 0xfe, 0x10, 0x00, 0x00, 0x02, 0xbf, 0xf6, 0x00, 0x00, 0x00, 0x2f, 0xff, 0x80,
    0x00, 0x00, 0x00, 0x0d, 0xd6, 0x00, 0x00, 0x00, 0x00, 0x03, 0x00, 0x00, 0x00, 0x00, 0x00, 0x00,
    0x00, 0x00, 0x00, 0x00, 0x00, 0x00, 0x00, 0x00, 0x00, 0x00, 0x00, 0x00, 0x00, 0x00, 0x00, 0x00,
    0x00, 0x00, 0x00, 0x00, 0x00, 0x00, 0x00, 0x00, 0x00, 0x00, 0x00, 0x00, 0x00, 0x00, 0x00, 0x02,
    0x8d, 0x00, 0x00, 0x00, 0x00, 0x00, 0x00, 0x00, 0x05, 0xbf, 0xff, 0x00, 0x00, 0x00, 0x00, 0x00,
    0x00, 0x38, 0xef, 0xff, 0xff, 0x00, 0x00, 0x00, 0x00, 0x01, 0x6c, 0xff, 0xff, 0xfe, 0x83, 0x00,
    0x00, 0x00, 0x03, 0x9e, 0xff, 0xff, 0xe9, 0x40, 0x00, 0x00, 0x00, 0x17, 0xdf, 0xff, 0xff, 0xb5,
    0x10, 0x00, 0x00, 0x00, 0x00, 0xcf, 0xff, 0xfc, 0x71, 0x00, 0x00, 0x00, 0x00, 0x00, 0x00, 0xcf,
    0xff, 0x70, 0x00, 0x00, 0x00, 0x00, 0x00, 0x00, 0x00, 0xbf, 0xff, 0xfe, 0x83, 0x00, 0x00, 0x00,
    0x00, 0x00, 0x00, 0x05, 0xbf, 0xff, 0xff, 0xd7, 0x20, 0x00, 0x00, 0x00, 0x00, 0x00, 0x02, 0x8d,
    0xff, 0xff, 0xfb, 0x61, 0x00, 0x00, 0x00, 0x00, 0x00, 0x00, 0x4a, 0xff, 0xff, 0xff, 0xa5, 0x00,
    0x00, 0x00, 0x00, 0x00, 0x00, 0x17, 0xdf, 0xff, 0xff, 0x00, 0x00, 0x00, 0x00, 0x00, 0x00, 0x00,
    0x04, 0x9e, 0xff, 0x00, 0x00, 0x00, 0x00, 0x00, 0x00, 0x00, 0x00, 0x01, 0x6c, 0x00, 0x00, 0x00,
    0x00, 0x00, 0x00, 0x00, 0x00, 0x00, 0x00, 0x00, 0x00, 0x00, 0x00, 0x00, 0x00, 0x00, 0x00, 0x00,
    0x00, 0x00, 0x00, 0x00, 0x00, 0x00, 0x00, 0x00, 0x00, 0x00, 0x00, 0x00, 0x00, 0x00, 0x00, 0x00,
    0x00, 0x00, 0x00, 0x00, 0x00, 0x00, 0x00, 0x00, 0x00, 0x00, 0x00, 0x00, 0x00, 0x00, 0x00, 0x00,
    0x00, 0x00, 0x00, 0x00, 0x00, 0x00, 0x00, 0x00, 0x00, 0x00, 0x00, 0xcf, 0xff, 0xff, 0xff, 0xff,
    0xff, 0xff, 0xff, 0x00, 0x00, 0xcf, 0xff, 0xff, 0xff, 0xff, 0xff, 0xff, 0xff, 0x00, 0x00, 0x8a,
    0xaa, 0xaa, 0xaa, 0xaa, 0xaa, 0xaa, 0xaa, 0x00, 0x00, 0x00, 0x00, 0x00, 0x00, 0x00, 0x00, 0x00,
    0x00, 0x00, 0x00, 0x00, 0x00, 0x00, 0x00, 0x00, 0x00, 0x00, 0x00, 0x00, 0x00, 0x00, 0x00, 0x00,
    0x00, 0x00, 0x00, 0x00, 0x00, 0x00, 0x00, 0x00, 0x00, 0x00, 0x00, 0x00, 0x00, 0x00, 0x00, 0x00,
    0x00, 0x00, 0x00, 0x00, 0x00, 0x00, 0x00, 0x00, 0x00, 0x00, 0x00, 0xcf, 0xff, 0xff, 0xff, 0xff,
    0xff, 0xff, 0xff, 0x00, 0x00, 0xcf, 0xff, 0xff, 0xff, 0xff, 0xff, 0xff, 0xff, 0x00, 0x00, 0x8b,
    0xbb, 0xbb, 0xbb, 0xbb, 0xbb, 0xbb, 0xbb, 0x00, 0x00, 0x00, 0x00, 0x00, 0x00, 0x00, 0x00, 0x00,
    0x00, 0x00, 0x00, 0x00, 0x00, 0x00, 0x00, 0x00, 0x00, 0x00, 0x00, 0x00, 0x00, 0x00, 0x00, 0x00,
    0x00, 0x00, 0x00, 0x00, 0x00, 0x00, 0x00, 0x00, 0x00, 0x00, 0x00, 0x00, 0x00, 0x00, 0x00, 0x00,
    0x00, 0x00, 0x00, 0x00, 0x00, 0x00, 0x00, 0x00, 0x00, 0x00, 0x00, 0x00, 0x00, 0x00, 0x00, 0x00,
    0x00, 0x00, 0x00, 0x00, 0x00, 0x00, 0x00, 0x00, 0x00, 0x00, 0x00, 0x00, 0x00, 0x00, 0x00, 0x00,
    0x00, 0x00, 0x00, 0x00, 0x00, 0x00, 0x00, 0x00, 0x00, 0x00, 0x00, 0x00, 0x00, 0x00, 0x00, 0x00,
    0x00, 0x00, 0x00, 0xb9, 0x30, 0x00, 0x00, 0x00, 0x00, 0x00, 0x00, 0x00, 0x00, 0xcf, 0xfc, 0x61,
    0x00, 0x00, 0x00, 0x00, 0x00, 0x00, 0x00, 0xcf, 0xff, 0xff, 0xa4, 0x00, 0x00, 0x00, 0x00, 0x00,
    0x00, 0x27, 0xdf, 0xff, 0xff, 0xd7, 0x20, 0x00, 0x00, 0x00, 0x00, 0x00, 0x03, 0x8e, 0xff, 0xff,
    0xfb, 0x50, 0x00, 0x00, 0x00, 0x00, 0x00, 0x00, 0x49, 0xef, 0xff, 0xfe, 0x82, 0x00, 0x00, 0x00,
    0x00, 0x00, 0x00, 0x16, 0xbf, 0xff, 0xff, 0x00, 0x00, 0x00, 0x00, 0x00, 0x00, 0x00, 0x05, 0xef,
    0xff, 0x00, 0x00, 0x00, 0x00, 0x00, 0x00, 0x27, 0xdf, 0xff, 0xff, 0x00, 0x00, 0x00, 0x00, 0x01,
    0x6b, 0xff, 0xff, 0xfc, 0x61, 0x00, 0x00, 0x00, 0x05, 0xaf, 0xff, 0xff, 0xe9, 0x30, 0x00, 0x00,
    0x00, 0x39, 0xef, 0xff, 0xff, 0xb6, 0x10, 0x00, 0x00, 0x00, 0x00, 0xcf, 0xff, 0xfe, 0x82, 0x00,
    0x00, 0x00, 0x00, 0x00, 0x00, 0xcf, 0xfb, 0x50, 0x00, 0x00, 0x00, 0x00, 0x00, 0x00, 0x00, 0xa7,
    0x20, 0x00, 0x00, 0x00, 0x00, 0x00, 0x00, 0x00, 0x00, 0x00, 0x00, 0x00, 0x00, 0x00, 0x00, 0x00,
    0x00, 0x00, 0x00, 0x00, 0x00, 0x00, 0x00, 0x00, 0x00, 0x00, 0x00, 0x00, 0x00, 0x00, 0x00, 0x00,
    0x00, 0x00, 0x00, 0x00, 0x00, 0x00, 0x00, 0x00, 0x00, 0x00, 0x00, 0x00, 0x00, 0x00, 0x00, 0x00,
    0x00, 0x00, 0x00, 0x00, 0x00, 0x00, 0x00, 0x00, 0x00, 0x00, 0x00, 0x00, 0x00, 0x00, 0x00, 0x00,
    0x00, 0x00, 0x00, 0x00, 0x00, 0x04, 0x9d, 0xed, 0xb7, 0x10, 0x00, 0x00, 0x00, 0x01, 0xaf, 0xff,
    0xff, 0xff, 0xd4, 0x00, 0x00, 0x00, 0x2d, 0xff, 0xff, 0xff, 0xff, 0xfe, 0x10, 0x00, 0x00, 0x3e,
    0xfe, 0x72, 0x14, 0xcf, 0xff, 0x90, 0x00, 0x00, 0x02, 0xb3, 0x00, 0x00, 0x1e, 0xff, 0xc0, 0x00,
    0x00, 0x00, 0x00, 0x00, 0x00, 0x09, 0xff, 0xf0, 0x00, 0x00, 0x00, 0x00, 0x00, 0x00, 0x09, 0xff,
    0xf0, 0x00, 0x00, 0x00, 0x00, 0x00, 0x00, 0x0d, 0xff, 0xc0, 0x00, 0x00, 0x00, 0x00, 0x00, 0x00,
    0x6f, 0xff, 0x60, 0x00, 0x00, 0x00, 0x00, 0x00, 0x03, 0xef, 0xfb, 0x00, 0x00, 0x00, 0x00, 0x00,
    0x00, 0x1d, 0xff, 0xd1, 0x00, 0x00, 0x00, 0x00, 0x00, 0x00, 0x9f, 0xff, 0x40, 0x00, 0x00, 0x00,
    0x00, 0x00, 0x03, 0xff, 0xf8, 0x00, 0x00, 0x00, 0x00, 0x00, 0x00, 0x0c, 0xff, 0xc0, 0x00, 0x00,
    0x00, 0x00, 0x00, 0x00, 0x2f, 0xff, 0x40, 0x00, 0x00, 0x00, 0x00, 0x00, 0x00, 0x5f, 0xff, 0x00,
    0x00, 0x00, 0x00, 0x00, 0x00, 0x00, 0x5f, 0xfe, 0x00, 0x00, 0x00, 0x00, 0x00, 0x00, 0x00, 0x01,
    0x11, 0x00, 0x00, 0x00, 0x00, 0x00, 0x00, 0x00, 0x00, 0x00, 0x00, 0x00, 0x00, 0x00, 0x00, 0x00,
    0x00, 0x01, 0x20, 0x00, 0x00, 0x00, 0x00, 0x00, 0x00, 0x00, 0x5e, 0xfd, 0x20, 0x00, 0x00, 0x00,
    0x00, 0x00, 0x00, 0xef, 0xff, 0xa0, 0x00, 0x00, 0x00, 0x00, 0x00, 0x01, 0xff, 0xff, 0xc0, 0x00,
    0x00, 0x00, 0x00, 0x00, 0x00, 0xdf, 0xff, 0x80, 0x00, 0x00, 0x00, 0x00, 0x00, 0x00, 0x3c, 0xea,
    0x10, 0x00, 0x00, 0x00, 0x00, 0x00, 0x00, 0x00, 0x00, 0x00, 0x00, 0x00, 0x00, 0x00, 0x00, 0x00,
    0x00, 0x00, 0x00, 0x00, 0x00, 0x00, 0x00, 0x00, 0x00, 0x00, 0x00, 0x00, 0x00, 0x00, 0x00, 0x00,
    0x00, 0x00, 0x00, 0x00, 0x37, 0xbc, 0xef, 0xdc, 0x94, 0x00, 0x00, 0x00, 0x00, 0x00, 0x00, 0x00,
    0x00, 0x00, 0x00, 0x06, 0xdf, 0xff, 0xff, 0xff, 0xff, 0xfe, 0x60, 0x00, 0x00, 0x00, 0x00, 0x00,
    0x00, 0x00, 0x00, 0x4d, 0xff, 0xfe, 0xa8, 0x66, 0x8a, 0xef, 0xff, 0xc1, 0x00, 0x00, 0x00, 0x00,
    0x00, 0x00, 0x00, 0x6f, 0xff, 0xc5, 0x00, 0x00, 0x00, 0x00, 0x4c, 0xff, 0xd2, 0x00, 0x00, 0x00,
    0x00, 0x00, 0x00, 0x8f, 0xfe, 0x60, 0x00, 0x00, 0x00, 0x00, 0x00, 0x08, 0xff, 0xc0, 0x00, 0x00,
    0x00, 0x00, 0x00, 0x6f, 0xfd, 0x30, 0x00, 0x00, 0x00, 0x00, 0x00, 0x00, 0x08, 0xff, 0x80, 0x00,
    0x00, 0x00, 0x00, 0x3f, 0xfe, 0x20, 0x00, 0x00, 0x00, 0x00, 0x00, 0x00, 0x00, 0x0b, 0xfe, 0x10,
    0x00, 0x00, 0x00, 0x0c, 0xff, 0x40, 0x00, 0x00, 0x00, 0x00, 0x00, 0x00, 0x00, 0x00, 0x4f, 0xf7,
    0x00, 0x00, 0x00, 0x05, 0xff, 0x80, 0x00, 0x00, 0x05, 0xbe, 0xd9, 0x07, 0xb7, 0x00, 0x00, 0xcf,
    0xb0, 0x00, 0x00, 0x00, 0xdf, 0xe1, 0x00, 0x00, 0x1a, 0xff, 0xff, 0xfa, 0xef, 0x80, 0x00, 0x08,
    0xff, 0x00, 0x00, 0x00, 0x3f, 0xf8, 0x00, 0x00, 0x0b, 0xff, 0xe9, 0x9e, 0xff, 0xf5, 0x00, 0x00,
    0x5f, 0xf2, 0x00, 0x00, 0x07, 0xff, 0x30, 0x00, 0x06, 0xff, 0xd2, 0x00, 0x2e, 0xff, 0x20, 0x00,
    0x04, 0xff, 0x30, 0x00, 0x00, 0xbf, 0xe0, 0x00, 0x00, 0xdf, 0xe2, 0x00, 0x00, 0xdf, 0xe0, 0x00,
    0x00, 0x3f, 0xf4, 0x00, 0x00, 0x0e, 0xfa, 0x00, 0x00, 0x6f, 0xf9, 0x00, 0x00, 0x0f, 0xfb, 0x00,
    0x00, 0x04, 0xff, 0x30, 0x00, 0x00, 0xff, 0x80, 0x00, 0x0a, 0xff, 0x30, 0x00, 0x03, 0xff, 0x80,
    0x00, 0x00, 0x6f, 0xf2, 0x00, 0x00, 0x2f, 0xf7, 0x00, 0x00, 0xdf, 0xf1, 0x00, 0x00, 0x6f, 0xf6,
    0x00, 0x00, 0x09, 0xfe, 0x00, 0x00, 0x03, 0xff, 0x60, 0x00, 0x0e, 0xfe, 0x00, 0x00, 0x08, 0xff,
    0x30, 0x00, 0x01, 0xef, 0xa0, 0x00, 0x00, 0x2f, 0xf7, 0x00, 0x00, 0xdf, 0xf0, 0x00, 0x00, 0xcf,
    0xf1, 0x00, 0x00, 0x6f, 0xf4, 0x00, 0x00, 0x01, 0xff, 0x80, 0x00, 0x0b, 0xff, 0x60, 0x00, 0xaf,
    0xff, 0x30, 0x00, 0x3e, 0xfc, 0x00, 0x00, 0x00, 0x0e, 0xfb, 0x00, 0x00, 0x5f, 0xff, 0x87, 0xdf,
    0xcf, 0xfb, 0x21, 0x6e, 0xfe, 0x20, 0x00, 0x00, 0x00, 0xbf, 0xe0, 0x00, 0x00, 0xbf, 0xff, 0xff,
    0xb1, 0xbf, 0xff, 0xff, 0xfe, 0x40, 0x00, 0x00, 0x00, 0x07, 0xff, 0x50, 0x00, 0x00, 0x7c, 0xec,
    0x70, 0x02, 0xcf, 0xff, 0xfb, 0x20, 0x00, 0x00, 0x00, 0x00, 0x2f, 0xfc, 0x00, 0x00, 0x00, 0x00,
    0x00, 0x00, 0x00, 0x35, 0x52, 0x00, 0x00, 0x00, 0x00, 0x00, 0x00, 0x9f, 0xf7, 0x00, 0x00, 0x00,
    0x00, 0x00, 0x00, 0x00, 0x00, 0x00, 0x00, 0x00, 0x00, 0x00, 0x00, 0x02, 0xff, 0xf4, 0x00, 0x00,
    0x00, 0x00, 0x00, 0x00, 0x00, 0x00, 0x00, 0x00, 0x00, 0x00, 0x00, 0x00, 0x05, 0xff, 0xf7, 0x00,
    0x00, 0x00, 0x00, 0x00, 0x00, 0x00, 0x00, 0x00, 0x00, 0x00, 0x00, 0x00, 0x00, 0x07, 0xff, 0xfc,
    0x40, 0x00, 0x00, 0x00, 0x16, 0xc1, 0x00, 0x00, 0x00, 0x00, 0x00, 0x00, 0x00, 0x00, 0x05, 0xef,
    0xff, 0xea, 0x87, 0x79, 0xbe, 0xff, 0x60, 0x00, 0x00, 0x00, 0x00, 0x00, 0x00, 0x00, 0x00, 0x02,
    0x8e, 0xff, 0xff, 0xff, 0xff, 0xff, 0xa3, 0x00, 0x00, 0x00, 0x00, 0x00, 0x00, 0x00, 0x00, 0x00,
    0x00, 0x15, 0x9c, 0xdf, 0xec, 0xa7, 0x20, 0x00, 0x00, 0x00, 0x00, 0x00, 0x00, 0x00, 0x00, 0x00,
    0x00, 0x00, 0x00, 0x00, 0x00, 0x00, 0x00, 0x00, 0x00, 0x00, 0x00, 0x00, 0x00, 0x00, 0x00, 0x00,
    0x00, 0x00, 0x00, 0x00, 0x00, 0x00, 0x00, 0x00, 0x00, 0x00, 0x00, 0x00, 0x6f, 0xff, 0xf4, 0x00,
    0x00, 0x00, 0x00, 0x00, 0x00, 0x00, 0x00, 0xaf, 0xff, 0xf9, 0x00, 0x00, 0x00, 0x00, 0x00, 0x00,
    0x00, 0x01, 0xff, 0xff, 0xfd, 0x00, 0x00, 0x00, 0x00, 0x00, 0x00, 0x00, 0x05, 0xff, 0xae, 0xff,
    0x30, 0x00, 0x00, 0x00, 0x00, 0x00, 0x00, 0x0a, 0xff, 0x69, 0xff, 0x80, 0x00, 0x00, 0x00, 0x00,
    0x00, 0x00, 0x1e, 0xff, 0x25, 0xff, 0xd0, 0x00, 0x00, 0x00, 0x00, 0x00, 0x00, 0x5f, 0xfc, 0x01,
    0xff, 0xf3, 0x00, 0x00, 0x00, 0x00, 0x00, 0x00, 0xaf, 0xf8, 0x00, 0xcf, 0xf8, 0x00, 0x00, 0x00,
    0x00, 0x00, 0x00, 0xef, 0xf4, 0x00, 0x8f, 0xfd, 0x00, 0x00, 0x00, 0x00, 0x00, 0x04, 0xff, 0xe0,
    0x00, 0x3f, 0xff, 0x30, 0x00, 0x00, 0x00, 0x00, 0x09, 0xff, 0xb0, 0x00, 0x0e, 0xff, 0x80, 0x00,
    0x00, 0x00, 0x00, 0x0e, 0xff, 0x60, 0x00, 0x0a, 0xff, 0xc0, 0x00, 0x00, 0x00, 0x00, 0x4f, 0xff,
    0x20, 0x00, 0x06, 0xff, 0xf2, 0x00, 0x00, 0x00, 0x00, 0x9f, 0xfd, 0x00, 0x00, 0x01, 0xff, 0xf7,
    0x00, 0x00, 0x00, 0x00, 0xef, 0xff, 0xee, 0xee, 0xee, 0xff, 0xfc, 0x00, 0x00, 0x00, 0x04, 0xff,
    0xff, 0xff, 0xff, 0xff, 0xff, 0xff, 0x20, 0x00, 0x00, 0x08, 0xff, 0xff, 0xff, 0xff, 0xff, 0xff,
    0xff, 0x70, 0x00, 0x00, 0x0d, 0xff, 0xa0, 0x00, 0x00, 0x00, 0x0d, 0xff, 0xc0, 0x00, 0x00, 0x3f,
    0xff, 0x50, 0x00, 0x00, 0x00, 0x09, 0xff, 0xf2, 0x00, 0x00, 0x8f, 0xff, 0x10, 0x00, 0x00, 0x00,
    0x05, 0xff, 0xf6, 0x00, 0x00, 0xdf, 0xfc, 0x00, 0x00, 0x00, 0x00, 0x01, 0xff, 0xfb, 0x00, 0x03,
    0xff, 0xf8, 0x00, 0x00, 0x00, 0x00, 0x00, 0xbf, 0xff, 0x10, 0x08, 0xff, 0xf3, 0x00, 0x00, 0x00,
    0x00, 0x00, 0x7f, 0xff, 0x60, 0x0d, 0xff, 0xe0, 0x00, 0x00, 0x00, 0x00, 0x00, 0x3f, 0xff, 0xb0,
    0x00, 0x00, 0x00, 0x00, 0x00, 0x00, 0x00, 0x00, 0x00, 0x00, 0x00, 0x00, 0x00, 0x00, 0x00, 0x00,
    0x00, 0x00, 0x00, 0x00, 0x00, 0x00, 0x00, 0x00, 0x0e, 0xff, 0xff, 0xff, 0xfd, 0xca, 0x61, 0x00,
    0x00, 0x00, 0x00, 0x00, 0xef, 0xff, 0xff, 0xff, 0xff, 0xff, 0xe8, 0x00, 0x00, 0x00, 0x00, 0x0e,
    0xff, 0xfe, 0xee, 0xef, 0xff, 0xff, 0xf9, 0x00, 0x00, 0x00, 0x00, 0xef, 0xfc, 0x00, 0x00, 0x13,
    0x9f, 0xff, 0xf3, 0x00, 0x00, 0x00, 0x0e, 0xff, 0xc0, 0x00, 0x00, 0x00, 0x8f, 0xff, 0x80, 0x00,
    0x00, 0x00, 0xef, 0xfc, 0x00, 0x00, 0x00, 0x02, 0xff, 0xfa, 0x00, 0x00, 0x00, 0x0e, 0xff, 0xc0,
    0x00, 0x00, 0x00, 0x0f, 0xff, 0x90, 0x00, 0x00, 0x00, 0xef, 0xfc, 0x00, 0x00, 0x00, 0x02, 0xff,
    0xf7, 0x00, 0x00, 0x00, 0x0e, 0xff, 0xc0, 0x00, 0x00, 0x00, 0xbf, 0xff, 0x20, 0x00, 0x00, 0x00,
    0xef, 0xfc, 0x00, 0x01, 0x25, 0xcf, 0xff, 0x70, 0x00, 0x00, 0x00, 0x0e, 0xff, 0xff, 0xff, 0xff,
    0xff, 0xfe, 0x70, 0x00, 0x00, 0x00, 0x00, 0xef, 0xff, 0xff, 0xff, 0xff, 0xff, 0xc6, 0x10, 0x00,
    0x00, 0x00, 0x0e, 0xff, 0xfc, 0xcc, 0xde, 0xff, 0xff, 0xfd, 0x30, 0x00, 0x00, 0x00, 0xef, 0xfc,
    0x00, 0x00, 0x00, 0x4a, 0xff, 0xfe, 0x10, 0x00, 0x00, 0x0e, 0xff, 0xc0, 0x00, 0x00, 0x00, 0x07,
    0xff, 0xf8, 0x00, 0x00, 0x00, 0xef, 0xfc, 0x00, 0x00, 0x00, 0x00, 0x0e, 0xff, 0xc0, 0x00, 0x00,
    0x0e, 0xff, 0xc0, 0x00, 0x00, 0x00, 0x00, 0xbf, 0xfe, 0x00, 0x00, 0x00, 0xef, 0xfc, 0x00, 0x00,
    0x00, 0x00, 0x0c, 0xff, 0xe0, 0x00, 0x00, 0x0e, 0xff, 0xc0, 0x00, 0x00, 0x00, 0x01, 0xff, 0xfc,
    0x00, 0x00, 0x00, 0xef, 0xfc, 0x00, 0x00, 0x00, 0x00, 0xbf, 0xff, 0x70, 0x00, 0x00, 0x0e, 0xff,
    0xc0, 0x00, 0x00, 0x26, 0xcf, 0xff, 0xe1, 0x00, 0x00, 0x00, 0xef, 0xff, 0xee, 0xee, 0xff, 0xff,
    0xff, 0xe4, 0x00, 0x00, 0x00, 0x0e, 0xff, 0xff, 0xff, 0xff, 0xff, 0xff, 0xa3, 0x00, 0x00, 0x00,
    0x00, 0xef, 0xff, 0xff, 0xff, 0xec, 0xb8, 0x20, 0x00, 0x00, 0x00, 0x00, 0x00, 0x00, 0x00, 0x00,
    0x00, 0x00, 0x00, 0x00, 0x00, 0x00, 0x00, 0x00, 0x00, 0x00, 0x00, 0x00, 0x00, 0x00, 0x00, 0x00,
    0x00, 0x00, 0x00, 0x00, 0x00, 0x00, 0x38, 0xce, 0xfd, 0xb6, 0x10, 0x00, 0x00, 0x00, 0x00, 0x00,
    0x03, 0xbf, 0xff, 0xff, 0xff, 0xfe, 0x60, 0x00, 0x00, 0x00, 0x00, 0x05, 0xff, 0xff, 0xff, 0xff,
    0xff, 0xff, 0x90, 0x00, 0x00, 0x00, 0x05, 0xff, 0xff, 0xe9, 0x54, 0x59, 0xef, 0xfa, 0x00, 0x00,
    0x00, 0x02, 0xef, 0xff, 0xa1, 0x00, 0x00, 0x02, 0xbb, 0x00, 0x00, 0x00, 0x00, 0xaf, 0xff, 0xa0,
    0x00, 0x00, 0x00, 0x00, 0x00, 0x00, 0x00, 0x00, 0x2f, 0xff, 0xf2, 0x00, 0x00, 0x00, 0x00, 0x00,
    0x00, 0x00, 0x00, 0x08, 0xff, 0xf8, 0x00, 0x00, 0x00, 0x00, 0x00, 0x00, 0x00, 0x00, 0x00, 0xcf,
    0xff, 0x20, 0x00, 0x00, 0x00, 0x00, 0x00, 0x00, 0x00, 0x00, 0x0f, 0xff, 0xd0, 0x00, 0x00, 0x00,
    0x00, 0x00, 0x00, 0x00, 0x00, 0x01, 0xff, 0xfb, 0x00, 0x00, 0x00, 0x00, 0x00, 0x00, 0x00, 0x00,
    0x00, 0x3f, 0xff, 0xa0, 0x00, 0x00, 0x00, 0x00, 0x00, 0x00, 0x00, 0x00, 0x03, 0xff, 0xfa, 0x00,
    0x00, 0x00, 0x00, 0x00, 0x00, 0x00, 0x00, 0x00, 0x2f, 0xff, 0xc0, 0x00, 0x00, 0x00, 0x00, 0x00,
    0x00, 0x00, 0x00, 0x00, 0xff, 0xfe, 0x00, 0x00, 0x00, 0x00, 0x00, 0x00, 0x00, 0x00, 0x00, 0x0c,
    0xff, 0xf2, 0x00, 0x00, 0x00, 0x00, 0x00, 0x00, 0x00, 0x00, 0x00, 0x8f, 0xff, 0x80, 0x00, 0x00,
    0x00, 0x00, 0x00, 0x00, 0x00, 0x00, 0x03, 0xff, 0xff, 0x20, 0x00, 0x00, 0x00, 0x00, 0x00, 0x00,
    0x00, 0x00, 0x0b, 0xff, 0xfa, 0x00, 0x00, 0x00, 0x00, 0x04, 0x00, 0x00, 0x00, 0x00, 0x3f, 0xff,
    0xfa, 0x10, 0x00, 0x00, 0x18, 0xf9, 0x00, 0x00, 0x00, 0x00, 0x6f, 0xff, 0xfe, 0x95, 0x45, 0x8d,
    0xff, 0xf5, 0x00, 0x00, 0x00, 0x00, 0x6f, 0xff, 0xff, 0xff, 0xff, 0xff, 0xfa, 0x00, 0x00, 0x00,
    0x00, 0x00, 0x4c, 0xff, 0xff, 0xff, 0xff, 0xe6, 0x00, 0x00, 0x00, 0x00, 0x00, 0x00, 0x04, 0x9c,
    0xef, 0xdb, 0x71, 0x00, 0x00, 0x00, 0x00, 0x00, 0x00, 0x00, 0x00, 0x00, 0x00, 0x00, 0x00, 0x00,
    0x00, 0x00, 0x00, 0x00, 0x00, 0x00, 0x00, 0x00, 0x00, 0x00, 0x00, 0x00, 0x00, 0x00, 0x00, 0xef,
    0xff, 0xff, 0xfe, 0xc9, 0x61, 0x00, 0x00, 0x00, 0x00, 0x00, 0x00, 0xef, 0xff, 0xff, 0xff, 0xff,
    0xfe, 0x81, 0x00, 0x00, 0x00, 0x00, 0x00, 0xef, 0xff, 0xff, 0xff, 0xff, 0xff, 0xfc, 0x20, 0x00,
    0x00, 0x00, 0x00, 0xef, 0xfc, 0x11, 0x13, 0x6b, 0xff, 0xff, 0xd1, 0x00, 0x00, 0x00, 0x00, 0xef,
    0xfc, 0x00, 0x00, 0x00, 0x3e, 0xff, 0xfb, 0x00, 0x00, 0x00, 0x00, 0xef, 0xfc, 0x00, 0x00, 0x00,
    0x02, 0xef, 0xff, 0x40, 0x00, 0x00, 0x00, 0xef, 0xfc, 0x00, 0x00, 0x00, 0x00, 0x6f, 0xff, 0xa0,
    0x00, 0x00, 0x00, 0xef, 0xfc, 0x00, 0x00, 0x00, 0x00, 0x1e, 0xff, 0xe0, 0x00, 0x00, 0x00, 0xef,
    0xfc, 0x00, 0x00, 0x00, 0x00, 0x0a, 0xff, 0xf3, 0x00, 0x00, 0x00, 0xef, 0xfc, 0x00, 0x00, 0x00,
    0x00, 0x07, 0xff, 0xf6, 0x00, 0x00, 0x00, 0xef, 0xfc, 0x00, 0x00, 0x00, 0x00, 0x05, 0xff, 0xf7,
    0x00, 0x00, 0x00, 0xef, 0xfc, 0x00, 0x00, 0x00, 0x00, 0x04, 0xff, 0xf8, 0x00, 0x00, 0x00, 0xef,
    0xfc, 0x00, 0x00, 0x00, 0x00, 0x05, 0xff, 0xf8, 0x00, 0x00, 0x00, 0xef, 0xfc, 0x00, 0x00, 0x00,
    0x00, 0x05, 0xff, 0xf7, 0x00, 0x00, 0x00, 0xef, 0xfc, 0x00, 0x00, 0x00, 0x00, 0x07, 0xff, 0xf6,
    0x00, 0x00, 0x00, 0xef, 0xfc, 0x00, 0x00, 0x00, 0x00, 0x0b, 0xff, 0xf3, 0x00, 0x00, 0x00, 0xef,
    0xfc, 0x00, 0x00, 0x00, 0x00, 0x1e, 0xff, 0xe0, 0x00, 0x00, 0x00, 0xef, 0xfc, 0x00, 0x00, 0x00,
    0x00, 0x7f, 0xff, 0xa0, 0x00, 0x00, 0x00, 0xef, 0xfc, 0x00, 0x00, 0x00, 0x03, 0xff, 0xff, 0x30,
    0x00, 0x00, 0x00, 0xef, 0xfc, 0x00, 0x00, 0x00, 0x4e, 0xff, 0xfa, 0x00, 0x00, 0x00, 0x00, 0xef,
    0xfc, 0x00, 0x12, 0x6b, 0xff, 0xff, 0xd1, 0x00, 0x00, 0x00, 0x00, 0xef, 0xff, 0xff, 0xff, 0xff,
    0xff, 0xfc, 0x20, 0x00, 0x00, 0x00, 0x00, 0xef, 0xff, 0xff, 0xff, 0xff, 0xfe, 0x81, 0x00, 0x00,
    0x00, 0x00, 0x00, 0xef, 0xff, 0xff, 0xfe, 0xda, 0x61, 0x00, 0x00, 0x00, 0x00, 0x00, 0x00, 0x00,
    0x00, 0x00, 0x00, 0x00, 0x00, 0x00, 0x00, 0x00, 0x00, 0x00, 0x00, 0x00, 0x00, 0x00, 0x00, 0x00,
    0x00, 0x00, 0x00, 0x00, 0x00, 0x0e, 0xff, 0xff, 0xff, 0xff, 0xff, 0xff, 0xf0, 0x00, 0x00, 0x00,
    0xef, 0xff, 0xff, 0xff, 0xff, 0xff, 0xff, 0x00, 0x00, 0x00, 0x0e, 0xff, 0xff, 0xff, 0xff, 0xff,
    0xff, 0xf0, 0x00, 0x00, 0x00, 0xef, 0xfd, 0x22, 0x22, 0x22, 0x22, 0x22, 0x00, 0x00, 0x00, 0x0e,
    0xff, 0xc0, 0x00, 0x00, 0x00, 0x00, 0x00, 0x00, 0x00, 0x00, 0xef, 0xfc, 0x00, 0x00, 0x00, 0x00,
    0x00, 0x00, 0x00, 0x00, 0x0e, 0xff, 0xc0, 0x00, 0x00, 0x00, 0x00, 0x00, 0x00, 0x00, 0x00, 0xef,
    0xfc, 0x00, 0x00, 0x00, 0x00, 0x00, 0x00, 0x00, 0x00, 0x0e, 0xff, 0xc0, 0x00, 0x00, 0x00, 0x00,
    0x00, 0x00, 0x00, 0x00, 0xef, 0xfd, 0x22, 0x22, 0x22, 0x22, 0x10, 0x00, 0x00, 0x00, 0x0e, 0xff,
    0xff, 0xff, 0xff, 0xff, 0xf7, 0x00, 0x00, 0x00, 0x00, 0xef, 0xff, 0xff, 0xff, 0xff, 0xff, 0x70,
    0x00, 0x00, 0x00, 0x0e, 0xff, 0xff, 0xff, 0xff, 0xff, 0xf7, 0x00, 0x00, 0x00, 0x00, 0xef, 0xfc,
    0x00, 0x00, 0x00, 0x00, 0x00, 0x00, 0x00, 0x00, 0x0e, 0xff, 0xc0, 0x00, 0x00, 0x00, 0x00, 0x00,
    0x00, 0x00, 0x00, 0xef, 0xfc, 0x00, 0x00, 0x00, 0x00, 0x00, 0x00, 0x00, 0x00, 0x0e, 0xff, 0xc0,
    0x00, 0x00, 0x00, 0x00, 0x00, 0x00, 0x00, 0x00, 0xef, 0xfc, 0x00, 0x00, 0x00, 0x00, 0x00, 0x00,
    0x00, 0x00, 0x0e, 0xff, 0xc0, 0x00, 0x00, 0x00, 0x00, 0x00, 0x00, 0x00, 0x00, 0xef, 0xfc, 0x00,
    0x00, 0x00, 0x00, 0x00, 0x00, 0x00, 0x00, 0x0e, 0xff, 0xd2, 0x22, 0x22, 0x22, 0x22, 0x21, 0x00,
    0x00, 0x00, 0xef, 0xff, 0xff, 0xff, 0xff, 0xff, 0xff, 0x50, 0x00, 0x00, 0x0e, 0xff, 0xff, 0xff,
    0xff, 0xff, 0xff, 0xf5, 0x00, 0x00, 0x00, 0xef, 0xff, 0xff, 0xff, 0xff, 0xff, 0xff, 0x50, 0x00,
    0x00, 0x00, 0x00, 0x00, 0x00, 0x00, 0x00, 0x00, 0x00, 0x00, 0x00, 0x00, 0x00, 0x00, 0x00, 0x00,
    0x00, 0x00, 0x00, 0x00, 0x00, 0x00, 0xef, 0xff, 0xff, 0xff, 0xff, 0xff, 0xff, 0x10, 0x00, 0x00,
    0xef, 0xff, 0xff, 0xff, 0xff, 0xff, 0xff, 0x10, 0x00, 0x00, 0xef, 0xff, 0xff, 0xff, 0xff, 0xff,
    0xff, 0x10, 0x00, 0x00, 0xef, 0xfd, 0x22, 0x22, 0x22, 0x22, 0x22, 0x00, 0x00, 0x00, 0xef, 0xfc,
    0x00, 0x00, 0x00, 0x00, 0x00, 0x00, 0x00, 0x00, 0xef, 0xfc, 0x00, 0x00, 0x00, 0x00, 0x00, 0x00,
    0x00, 0x00, 0xef, 0xfc, 0x00, 0x00, 0x00, 0x00, 0x00, 0x00, 0x00, 0x00, 0xef, 0xfc, 0x00, 0x00,
    0x00, 0x00, 0x00, 0x00, 0x00, 0x00, 0xef, 0xfc, 0x00, 0x00, 0x00, 0x00, 0x00, 0x00, 0x00, 0x00,
    0xef, 0xfc, 0x00, 0x00, 0x00, 0x00, 0x00, 0x00, 0x00, 0x00, 0xef, 0xfc, 0x11, 0x11, 0x11, 0x11,
    0x10, 0x00, 0x00, 0x00, 0xef, 0xff, 0xff, 0xff, 0xff, 0xff, 0x80, 0x00, 0x00, 0x00, 0xef, 0xff,
    0xff, 0xff, 0xff, 0xff, 0x80, 0x00, 0x00, 0x00, 0xef, 0xff, 0xff, 0xff, 0xff, 0xff, 0x80, 0x00,
    0x00, 0x00, 0xef, 0xfc, 0x00, 0x00, 0x00, 0x00, 0x00, 0x00, 0x00, 0x00, 0xef, 0xfc, 0x00, 0x00,
    0x00, 0x00, 0x00, 0x00, 0x00, 0x00, 0xef, 0xfc, 0x00, 0x00, 0x00, 0x00, 0x00, 0x00, 0x00, 0x00,
    0xef, 0xfc, 0x00, 0x00, 0x00, 0x00, 0x00, 0x00, 0x00, 0x00, 0xef, 0xfc, 0x00, 0x00, 0x00, 0x00,
    0x00, 0x00, 0x00, 0x00, 0xef, 0xfc, 0x00, 0x00, 0x00, 0x00, 0x00, 0x00, 0x00, 0x00, 0xef, 0xfc,
    0x00, 0x00, 0x00, 0x00, 0x00, 0x00, 0x00, 0x00, 0xef, 0xfc, 0x00, 0x00, 0x00, 0x00, 0x00, 0x00,
    0x00, 0x00, 0xef, 0xfc, 0x00, 0x00, 0x00, 0x00, 0x00, 0x00, 0x00, 0x00, 0xef, 0xfc, 0x00, 0x00,
    0x00, 0x00, 0x00, 0x00, 0x00, 0x00, 0x00, 0x00, 0x00, 0x00, 0x00, 0x00, 0x00, 0x00, 0x00, 0x00,
    0x00, 0x00, 0x00, 0x00, 0x00, 0x00, 0x00, 0x00, 0x00, 0x00, 0x00, 0x00, 0x00, 0x00, 0x03, 0x7b,
    0xdf, 0xec, 0x94, 0x00, 0x00, 0x00, 0x00, 0x00, 0x00, 0x02, 0xaf, 0xff, 0xff, 0xff, 0xff, 0xc3,
    0x00, 0x00, 0x00, 0x00, 0x00, 0x4e, 0xff, 0xff, 0xff, 0xff, 0xff, 0xfe, 0x50, 0x00, 0x00, 0x00,
    0x05, 0xff, 0xff, 0xea, 0x64, 0x46, 0xaf, 0xff, 0x50, 0x00, 0x00, 0x00, 0x2e, 0xff, 0xfb, 0x20,
    0x00, 0x00, 0x04, 0xd6, 0x00, 0x00, 0x00, 0x00, 0xaf, 0xff, 0xa0, 0x00, 0x00, 0x00, 0x00, 0x00,
    0x00, 0x00, 0x00, 0x03, 0xff, 0xfe, 0x20, 0x00, 0x00, 0x00, 0x00, 0x00, 0x00, 0x00, 0x00, 0x08,
    0xff, 0xf8, 0x00, 0x00, 0x00, 0x00, 0x00, 0x00, 0x00, 0x00, 0x00, 0x0c, 0xff, 0xf1, 0x00, 0x00,
    0x00, 0x00, 0x00, 0x00, 0x00, 0x00, 0x00, 0x0f, 0xff, 0xd0, 0x00, 0x00, 0x00, 0x00, 0x00, 0x00,
    0x00, 0x00, 0x00, 0x2f, 0xff, 0xb0, 0x00, 0x00, 0x00, 0x00, 0x00, 0x00, 0x00, 0x00, 0x00, 0x3f,
    0xff, 0xa0, 0x00, 0x00, 0x0d, 0xff, 0xff, 0xff, 0xf2, 0x00, 0x00, 0x2f, 0xff, 0xb0, 0x00, 0x00,
    0x0d, 0xff, 0xff, 0xff, 0xf2, 0x00, 0x00, 0x1f, 0xff, 0xd0, 0x00, 0x00, 0x0d, 0xff, 0xff, 0xff,
    0xf2, 0x00, 0x00, 0x0f, 0xff, 0xf0, 0x00, 0x00, 0x01, 0x11, 0x14, 0xff, 0xf2, 0x00, 0x00, 0x0c,
    0xff, 0xf2, 0x00, 0x00, 0x00, 0x00, 0x03, 0xff, 0xf2, 0x00, 0x00, 0x08, 0xff, 0xf9, 0x00, 0x00,
    0x00, 0x00, 0x03, 0xff, 0xf2, 0x00, 0x00, 0x02, 0xff, 0xff, 0x20, 0x00, 0x00, 0x00, 0x03, 0xff,
    0xf2, 0x00, 0x00, 0x00, 0xaf, 0xff, 0xb0, 0x00, 0x00, 0x00, 0x03, 0xff, 0xf2, 0x00, 0x00, 0x00,
    0x2e, 0xff, 0xfb, 0x20, 0x00, 0x00, 0x06, 0xff, 0xf2, 0x00, 0x00, 0x00, 0x05, 0xff, 0xff, 0xfa,
    0x65, 0x57, 0xbf, 0xff, 0xf2, 0x00, 0x00, 0x00, 0x00, 0x5f, 0xff, 0xff, 0xff, 0xff, 0xff, 0xff,
    0xb1, 0x00, 0x00, 0x00, 0x00, 0x03, 0xbf, 0xff, 0xff, 0xff, 0xff, 0xe7, 0x00, 0x00, 0x00, 0x00,
    0x00, 0x00, 0x03, 0x8c, 0xdf, 0xed, 0xa5, 0x10, 0x00, 0x00, 0x00, 0x00, 0x00, 0x00, 0x00, 0x00,
    0x00, 0x00, 0x00, 0x00, 0x00, 0x00, 0x00, 0x00, 0x00, 0x00, 0x00, 0x00, 0x00, 0x00, 0x00, 0x00,
    0x00, 0x00, 0x00, 0x00, 0x00, 0xef, 0xfc, 0x00, 0x00, 0x00, 0x00, 0x02, 0xff, 0xf9, 0x00, 0x00,
    0x00, 0x00, 0xef, 0xfc, 0x00, 0x00, 0x00, 0x00, 0x02, 0xff, 0xf9, 0x00, 0x00, 0x00, 0x00, 0xef,
    0xfc, 0x00, 0x00, 0x00, 0x00, 0x02, 0xff, 0xf9, 0x00, 0x00, 0x00, 0x00, 0xef, 0xfc, 0x00, 0x00,
    0x00, 0x00, 0x02, 0xff, 0xf9, 0x00, 0x00, 0x00, 0x00, 0xef, 0xfc, 0x00, 0x00, 0x00, 0x00, 0x02,
    0xff, 0xf9, 0x00, 0x00, 0x00, 0x00, 0xef, 0xfc, 0x00, 0x00, 0x00, 0x00, 0x02, 0xff, 0xf9, 0x00,
    0x00, 0x00, 0x00, 0xef, 0xfc, 0x00, 0x00, 0x00, 0x00, 0x02, 0xff, 0xf9, 0x00, 0x00, 0x00, 0x00,
    0xef, 0xfc, 0x00, 0x00, 0x00, 0x00, 0x02, 0xff, 0xf9, 0x00, 0x00, 0x00, 0x00, 0xef, 0xfc, 0x00,
    0x00, 0x00, 0x00, 0x02, 0xff, 0xf9, 0x00, 0x00, 0x00, 0x00, 0xef, 0xfd, 0x33, 0x33, 0x33, 0x33,
    0x35, 0xff, 0xf9, 0x00, 0x00, 0x00, 0x00, 0xef, 0xff, 0xff, 0xff, 0xff, 0xff, 0xff, 0xff, 0xf9,
    0x00, 0x00, 0x00, 0x00, 0xef, 0xff, 0xff, 0xff, 0xff, 0xff, 0xff, 0xff, 0xf9, 0x00, 0x00, 0x00,
    0x00, 0xef, 0xff, 0xff, 0xff, 0xff, 0xff, 0xff, 0xff, 0xf9, 0x00, 0x00, 0x00, 0x00, 0xef, 0xfc,
    0x00, 0x00, 0x00, 0x00, 0x02, 0xff, 0xf9, 0x00, 0x00, 0x00, 0x00, 0xef, 0xfc, 0x00, 0x00, 0x00,
    0x00, 0x02, 0xff, 0xf9, 0x00, 0x00, 0x00, 0x00, 0xef, 0xfc, 0x00, 0x00, 0x00, 0x00, 0x02, 0xff,
    0xf9, 0x00, 0x00, 0x00, 0x00, 0xef, 0xfc, 0x00, 0x00, 0x00, 0x00, 0x02, 0xff, 0xf9, 0x00, 0x00,
    0x00, 0x00, 0xef, 0xfc, 0x00, 0x00, 0x00, 0x00, 0x02, 0xff, 0xf9, 0x00, 0x00, 0x00, 0x00, 0xef,
    0xfc, 0x00, 0x00, 0x00, 0x00, 0x02, 0xff, 0xf9, 0x00, 0x00, 0x00, 0x00, 0xef, 0xfc, 0x00, 0x00,
    0x00, 0x00, 0x02, 0xff, 0xf9, 0x00, 0x00, 0x00, 0x00, 0xef, 0xfc, 0x00, 0x00, 0x00, 0x00, 0x02,
    0xff, 0xf9, 0x00, 0x00, 0x00, 0x00, 0xef, 0xfc, 0x00, 0x00, 0x00, 0x00, 0x02, 0xff, 0xf9, 0x00,
    0x00, 0x00, 0x00, 0xef, 0xfc, 0x00, 0x00, 0x00, 0x00, 0x02, 0xff, 0xf9, 0x00, 0x00, 0x00, 0x00,
    0xef, 0xfc, 0x00, 0x00, 0x00, 0x00, 0x02, 0xff, 0xf9, 0x00, 0x00, 0x00, 0x00, 0x00, 0x00, 0x00,
    0x00, 0x00, 0x00, 0x00, 0x00, 0x00, 0x00, 0x00, 0x00, 0x00, 0x00, 0x00, 0x00, 0x00, 0x00, 0x00,
    0xef, 0xfc, 0x00, 0x00, 0x00, 0x00, 0xef, 0xfc, 0x00, 0x00, 0x00, 0x00, 0xef, 0xfc, 0x00, 0x00,
    0x00, 0x00, 0xef, 0xfc, 0x00, 0x00, 0x00, 0x00, 0xef, 0xfc, 0x00, 0x00, 0x00, 0x00, 0xef, 0xfc,
    0x00, 0x00, 0x00, 0x00, 0xef, 0xfc, 0x00, 0x00, 0x00, 0x00, 0xef, 0xfc, 0x00, 0x00, 0x00, 0x00,
    0xef, 0xfc, 0x00, 0x00, 0x00, 0x00, 0xef, 0xfc, 0x00, 0x00, 0x00, 0x00, 0xef, 0xfc, 0x00, 0x00,
    0x00, 0x00, 0xef, 0xfc, 0x00, 0x00, 0x00, 0x00, 0xef, 0xfc, 0x00, 0x00, 0x00, 0x00, 0xef, 0xfc,
    0x00, 0x00, 0x00, 0x00, 0xef, 0xfc, 0x00, 0x00, 0x00, 0x00, 0xef, 0xfc, 0x00, 0x00, 0x00, 0x00,
    0xef, 0xfc, 0x00, 0x00, 0x00, 0x00, 0xef, 0xfc, 0x00, 0x00, 0x00, 0x00, 0xef, 0xfc, 0x00, 0x00,
    0x00, 0x00, 0xef, 0xfc, 0x00, 0x00, 0x00, 0x00, 0xef, 0xfc, 0x00, 0x00, 0x00, 0x00, 0xef, 0xfc,
    0x00, 0x00, 0x00, 0x00, 0xef, 0xfc, 0x00, 0x00, 0x00, 0x00, 0xef, 0xfc, 0x00, 0x00, 0x00, 0x00,
    0x00, 0x00, 0x00, 0x00, 0x00, 0x00, 0x00, 0x00, 0x00, 0x00, 0x00, 0x00, 0x00, 0x00, 0x00, 0x00,
    0x00, 0x00, 0x00, 0x02, 0xff, 0xf9, 0x00, 0x00, 0x00, 0x00, 0x00, 0x00, 0x00, 0x02, 0xff, 0xf9,
    0x00, 0x00, 0x00, 0x00, 0x00, 0x00, 0x00, 0x02, 0xff, 0xf9, 0x00, 0x00, 0x00, 0x00, 0x00, 0x00,
    0x00, 0x02, 0xff, 0xf9, 0x00, 0x00, 0x00, 0x00, 0x00, 0x00, 0x00, 0x02, 0xff, 0xf9, 0x00, 0x00,
    0x00, 0x00, 0x00, 0x00, 0x00, 0x02, 0xff, 0xf9, 0x00, 0x00, 0x00, 0x00, 0x00, 0x00, 0x00, 0x02,
    0xff, 0xf9, 0x00, 0x00, 0x00, 0x00, 0x00, 0x00, 0x00, 0x02, 0xff, 0xf9, 0x00, 0x00, 0x00, 0x00,
    0x00, 0x00, 0x00, 0x02, 0xff, 0xf9, 0x00, 0x00, 0x00, 0x00, 0x00, 0x00, 0x00, 0x02, 0xff, 0xf9,
    0x00, 0x00, 0x00, 0x00, 0x00, 0x00, 0x00, 0x02, 0xff, 0xf9, 0x00, 0x00, 0x00, 0x00, 0x00, 0x00,
    0x00, 0x02, 0xff, 0xf9, 0x00, 0x00, 0x00, 0x00, 0x00, 0x00, 0x00, 0x02, 0xff, 0xf9, 0x00, 0x00,
    0x00, 0x00, 0x00, 0x00, 0x00, 0x02, 0xff, 0xf9, 0x00, 0x00, 0x00, 0x00, 0x00, 0x00, 0x00, 0x02,
    0xff, 0xf9, 0x00, 0x00, 0x00, 0x00, 0x00, 0x00, 0x00, 0x02, 0xff, 0xf9, 0x00, 0x00, 0x00, 0x00,
    0x00, 0x00, 0x00, 0x03, 0xff, 0xf9, 0x00, 0x00, 0x00, 0x00, 0x00, 0x00, 0x00, 0x04, 0xff, 0xf7,
    0x00, 0x00, 0x00, 0x01, 0x50, 0x00, 0x00, 0x08, 0xff, 0xf5, 0x00, 0x00, 0x00, 0x5e, 0xf5, 0x00,
    0x00, 0x1e, 0xff, 0xf1, 0x00, 0x00, 0x00, 0xaf, 0xff, 0xa5, 0x47, 0xef, 0xff, 0x80, 0x00, 0x00,
    0x00, 0x1d, 0xff, 0xff, 0xff, 0xff, 0xfe, 0x10, 0x00, 0x00, 0x00, 0x02, 0xcf, 0xff, 0xff, 0xff,
    0xc2, 0x00, 0x00, 0x00, 0x00, 0x00, 0x05, 0xbd, 0xfe, 0xc7, 0x00, 0x00, 0x00, 0x00, 0x00, 0x00,
    0x00, 0x00, 0x00, 0x00, 0x00, 0x00, 0x00, 0x00, 0x00, 0x00, 0x00, 0x00, 0x00, 0x00, 0x00, 0x00,
    0x00, 0x00, 0x00, 0x00, 0x00, 0x00, 0xef, 0xfc, 0x00, 0x00, 0x00, 0x00, 0x8f, 0xff, 0x90, 0x00,
    0x00, 0x00, 0xef, 0xfc, 0x00, 0x00, 0x00, 0x05, 0xff, 0xfc, 0x00, 0x00, 0x00, 0x00, 0xef, 0xfc,
    0x00, 0x00, 0x00, 0x3e, 0xff, 0xe2, 0x00, 0x00, 0x00, 0x00, 0xef, 0xfc, 0x00, 0x00, 0x01, 0xdf,
    0xff, 0x40, 0x00, 0x00, 0x00, 0x00, 0xef, 0xfc, 0x00, 0x00, 0x0a, 0xff, 0xf7, 0x00, 0x00, 0x00,
    0x00, 0x00, 0xef, 0xfc, 0x00, 0x00, 0x7f, 0xff, 0xa0, 0x00, 0x00, 0x00, 0x00, 0x00, 0xef, 0xfc,
    0x00, 0x04, 0xff, 0xfd, 0x10, 0x00, 0x00, 0x00, 0x00, 0x00, 0xef, 0xfc, 0x00, 0x2e, 0xff, 0xe2,
    0x00, 0x00, 0x00, 0x00, 0x00, 0x00, 0xef, 0xfc, 0x00, 0xcf, 0xff, 0x50, 0x00, 0x00, 0x00, 0x00,
    0x00, 0x00, 0xef, 0xfc, 0x09, 0xff, 0xfd, 0x00, 0x00, 0x00, 0x00, 0x00, 0x00, 0x00, 0xef, 0xfc,
    0x6f, 0xff, 0xff, 0x60, 0x00, 0x00, 0x00, 0x00, 0x00, 0x00, 0xef, 0xfe, 0xff, 0xff, 0xff, 0xe1,
    0x00, 0x00, 0x00, 0x00, 0x00, 0x00, 0xef, 0xff, 0xff, 0xfa, 0xff, 0xf8, 0x00, 0x00, 0x00, 0x00,
    0x00, 0x00, 0xef, 0xff, 0xff, 0x70, 0xdf, 0xff, 0x20, 0x00, 0x00, 0x00, 0x00, 0x00, 0xef, 0xff,
    0xfa, 0x00, 0x4f, 0xff, 0xa0, 0x00, 0x00, 0x00, 0x00, 0x00, 0xef, 0xff, 0xc1, 0x00, 0x0b, 0xff,
    0xf4, 0x00, 0x00, 0x00, 0x00, 0x00, 0xef, 0xfe, 0x20, 0x00, 0x03, 0xff, 0xfd, 0x00, 0x00, 0x00,
    0x00, 0x00, 0xef, 0xfc, 0x00, 0x00, 0x00, 0x9f, 0xff, 0x70, 0x00, 0x00, 0x00, 0x00, 0xef, 0xfc,
    0x00, 0x00, 0x00, 0x1e, 0xff, 0xe1, 0x00, 0x00, 0x00, 0x00, 0xef, 0xfc, 0x00, 0x00, 0x00, 0x07,
    0xff, 0xf9, 0x00, 0x00, 0x00, 0x00, 0xef, 0xfc, 0x00, 0x00, 0x00, 0x00, 0xdf, 0xff, 0x30, 0x00,
    0x00, 0x00, 0xef, 0xfc, 0x00, 0x00, 0x00, 0x00, 0x5f, 0xff, 0xb0, 0x00, 0x00, 0x00, 0xef, 0xfc,
    0x00, 0x00, 0x00, 0x00, 0x0c, 0xff, 0xf5, 0x00, 0x00, 0x00, 0xef, 0xfc, 0x00, 0x00, 0x00, 0x00,
    0x03, 0xff, 0xfd, 0x10, 0x00, 0x00, 0x00, 0x00, 0x00, 0x00, 0x00, 0x00, 0x00, 0x00, 0x00, 0x00,
    0x00, 0x00, 0x00, 0x00, 0x00, 0x00, 0x00, 0x00, 0x00, 0x00, 0x00, 0x00, 0xef, 0xfc, 0x00, 0x00,
    0x00, 0x00, 0x00, 0x00, 0x00, 0x00, 0xef, 0xfc, 0x00, 0x00, 0x00, 0x00, 0x00, 0x00, 0x00, 0x00,
    0xef, 0xfc, 0x00, 0x00, 0x00, 0x00, 0x00, 0x00, 0x00, 0x00, 0xef, 0xfc, 0x00, 0x00, 0x00, 0x00,
    0x00, 0x00, 0x00, 0x00, 0xef, 0xfc, 0x00, 0x00, 0x00, 0x00, 0x00, 0x00, 0x00, 0x00, 0xef, 0xfc,
    0x00, 0x00, 0x00, 0x00, 0x00, 0x00, 0x00, 0x00, 0xef, 0xfc, 0x00, 0x00, 0x00, 0x00, 0x00, 0x00,
    0x00, 0x00, 0xef, 0xfc, 0x00, 0x00, 0x00, 0x00, 0x00, 0x00, 0x00, 0x00, 0xef, 0xfc, 0x00, 0x00,
    0x00, 0x00, 0x00, 0x00, 0x00, 0x00, 0xef, 0xfc, 0x00, 0x00, 0x00, 0x00, 0x00, 0x00, 0x00, 0x00,
    0xef, 0xfc, 0x00, 0x00, 0x00, 0x00, 0x00, 0x00, 0x00, 0x00, 0xef, 0xfc, 0x00, 0x00, 0x00, 0x00,
    0x00, 0x00, 0x00, 0x00, 0xef, 0xfc, 0x00, 0x00, 0x00, 0x00, 0x00, 0x00, 0x00, 0x00, 0xef, 0xfc,
    0x00, 0x00, 0x00, 0x00, 0x00, 0x00, 0x00, 0x00, 0xef, 0xfc, 0x00, 0x00, 0x00, 0x00, 0x00, 0x00,
    0x00, 0x00, 0xef, 0xfc, 0x00, 0x00, 0x00, 0x00, 0x00, 0x00, 0x00, 0x00, 0xef, 0xfc, 0x00, 0x00,
    0x00, 0x00, 0x00, 0x00, 0x00, 0x00, 0xef, 0xfc, 0x00, 0x00, 0x00, 0x00, 0x00, 0x00, 0x00, 0x00,
    0xef, 0xfc, 0x00, 0x00, 0x00, 0x00, 0x00, 0x00, 0x00, 0x00, 0xef, 0xfc, 0x00, 0x00, 0x00, 0x00,
    0x00, 0x00, 0x00, 0x00, 0xef, 0xfd, 0x22, 0x22, 0x22, 0x22, 0x22, 0x00, 0x00, 0x00, 0xef, 0xff,
    0xff, 0xff, 0xff, 0xff, 0xfc, 0x00, 0x00, 0x00, 0xef, 0xff, 0xff, 0xff, 0xff, 0xff, 0xfc, 0x00,
    0x00, 0x00, 0xef, 0xff, 0xff, 0xff, 0xff, 0xff, 0xfc, 0x00, 0x00, 0x00, 0x00, 0x00, 0x00, 0x00,
    0x00, 0x00, 0x00, 0x00, 0x00, 0x00, 0x00, 0x00, 0x00, 0x00, 0x00, 0x00, 0x00, 0x00, 0x00, 0x00,
    0x00, 0x00, 0x00, 0x00, 0x0e, 0xff, 0xf8, 0x00, 0x00, 0x00, 0x00, 0x00, 0x1f, 0xff, 0xf7, 0x00,
    0x00, 0x00, 0x00, 0xef, 0xff, 0xe0, 0x00, 0x00, 0x00, 0x00, 0x05, 0xff, 0xff, 0x70, 0x00, 0x00,
    0x00, 0x0e, 0xff, 0xff, 0x40, 0x00, 0x00, 0x00, 0x00, 0xbf, 0xff, 0xf7, 0x00, 0x00, 0x00, 0x00,
    0xef, 0xff, 0xf9, 0x00, 0x00, 0x00, 0x00, 0x1f, 0xff, 0xff, 0x70, 0x00, 0x00, 0x00, 0x0e, 0xff,
    0xdf, 0xe0, 0x00, 0x00, 0x00, 0x06, 0xff, 0xdf, 0xf7, 0x00, 0x00, 0x00, 0x00, 0xef, 0xf9, 0xff,
    0x50, 0x00, 0x00, 0x00, 0xbf, 0xe9, 0xff, 0x70, 0x00, 0x00, 0x00, 0x0e, 0xff, 0x6f, 0xfa, 0x00,
    0x00, 0x00, 0x2f, 0xfa, 0xaf, 0xf7, 0x00, 0x00, 0x00, 0x00, 0xef, 0xf3, 0xef, 0xf1, 0x00, 0x00,
    0x07, 0xff, 0x5b, 0xff, 0x70, 0x00, 0x00, 0x00, 0x0e, 0xff, 0x49, 0xff, 0x60, 0x00, 0x00, 0xcf,
    0xf1, 0xcf, 0xf7, 0x00, 0x00, 0x00, 0x00, 0xef, 0xf5, 0x4f, 0xfb, 0x00, 0x00, 0x2f, 0xfb, 0x0d,
    0xff, 0x70, 0x00, 0x00, 0x00, 0x0e, 0xff, 0x60, 0xef, 0xf2, 0x00, 0x07, 0xff, 0x60, 0xef, 0xf7,
    0x00, 0x00, 0x00, 0x00, 0xef, 0xf6, 0x09, 0xff, 0x70, 0x00, 0xdf, 0xf1, 0x0f, 0xff, 0x70, 0x00,
    0x00, 0x00, 0x0e, 0xff, 0x70, 0x3f, 0xfc, 0x00, 0x3f, 0xfa, 0x00, 0xff, 0xf7, 0x00, 0x00, 0x00,
    0x00, 0xef, 0xf7, 0x00, 0xdf, 0xf2, 0x07, 0xff, 0x50, 0x0f, 0xff, 0x70, 0x00, 0x00, 0x00, 0x0e,
    0xff, 0x70, 0x08, 0xff, 0x60, 0xcf, 0xe0, 0x00, 0xff, 0xf7, 0x00, 0x00, 0x00, 0x00, 0xef, 0xf7,
    0x00, 0x2f, 0xfb, 0x2f, 0xf9, 0x00, 0x0f, 0xff, 0x70, 0x00, 0x00, 0x00, 0x0e, 0xff, 0x70, 0x00,
    0xcf, 0xf8, 0xff, 0x30, 0x00, 0xff, 0xf7, 0x00, 0x00, 0x00, 0x00, 0xef, 0xf7, 0x00, 0x06, 0xff,
    0xff, 0xd0, 0x00, 0x0f, 0xff, 0x70, 0x00, 0x00, 0x00, 0x0e, 0xff, 0x70, 0x00, 0x1f, 0xff, 0xf8,
    0x00, 0x00, 0xff, 0xf7, 0x00, 0x00, 0x00, 0x00, 0xef, 0xf7, 0x00, 0x00, 0xaf, 0xff, 0x20, 0x00,
    0x0f, 0xff, 0x70, 0x00, 0x00, 0x00, 0x0e, 0xff, 0x70, 0x00, 0x05, 0xff, 0xc0, 0x00, 0x00, 0xff,
    0xf7, 0x00, 0x00, 0x00, 0x00, 0xef, 0xf7, 0x00, 0x00, 0x09, 0xa5, 0x00, 0x00, 0x0f, 0xff, 0x70,
    0x00, 0x00, 0x00, 0x0e, 0xff, 0x70, 0x00, 0x00, 0x00, 0x00, 0x00, 0x00, 0xff, 0xf7, 0x00, 0x00,
    0x00, 0x00, 0xef, 0xf7, 0x00, 0x00, 0x00, 0x00, 0x00, 0x00, 0x0f, 0xff, 0x70, 0x00, 0x00, 0x00,
    0x00, 0x00, 0x00, 0x00, 0x00, 0x00, 0x00, 0x00, 0x00, 0x00, 0x00, 0x00, 0x00, 0x00, 0x00, 0x00,
    0x00, 0x00, 0x00, 0x00, 0x00, 0x00, 0x00, 0x00, 0x00, 0x00, 0x00, 0x0e, 0xff, 0xf3, 0x00, 0x00,
    0x00, 0x00, 0x3f, 0xff, 0x60, 0x00, 0x00, 0x00, 0xef, 0xff, 0xb0, 0x00, 0x00, 0x00, 0x03, 0xff,
    0xf6, 0x00, 0x00, 0x00, 0x0e, 0xff, 0xff, 0x40, 0x00, 0x00, 0x00, 0x3f, 0xff, 0x60, 0x00, 0x00,
    0x00, 0xef, 0xff, 0xfc, 0x00, 0x00, 0x00, 0x03, 0xff, 0xf6, 0x00, 0x00, 0x00, 0x0e, 0xff, 0xef,
    0xf6, 0x00, 0x00, 0x00, 0x3f, 0xff, 0x60, 0x00, 0x00, 0x00, 0xef, 0xf8, 0xff, 0xd1, 0x00, 0x00,
    0x03, 0xff, 0xf6, 0x00, 0x00, 0x00, 0x0e, 0xff, 0x4d, 0xff, 0x70, 0x00, 0x00, 0x3f, 0xff, 0x60,
    0x00, 0x00, 0x00, 0xef, 0xf5, 0x6f, 0xfe, 0x10, 0x00, 0x03, 0xff, 0xf6, 0x00, 0x00, 0x00, 0x0e,
    0xff, 0x60, 0xdf, 0xf9, 0x00, 0x00, 0x3f, 0xff, 0x60, 0x00, 0x00, 0x00, 0xef, 0xf6, 0x06, 0xff,
    0xf2, 0x00, 0x03, 0xff, 0xf6, 0x00, 0x00, 0x00, 0x0e, 0xff, 0x70, 0x0d, 0xff, 0xa0, 0x00, 0x3f,
    0xff, 0x60, 0x00, 0x00, 0x00, 0xef, 0xf8, 0x00, 0x5f, 0xff, 0x40, 0x02, 0xff, 0xf6, 0x00, 0x00,
    0x00, 0x0e, 0xff, 0x90, 0x00, 0xcf, 0xfc, 0x00, 0x2f, 0xff, 0x60, 0x00, 0x00, 0x00, 0xef, 0xf9,
    0x00, 0x03, 0xff, 0xf5, 0x01, 0xff, 0xf6, 0x00, 0x00, 0x00, 0x0e, 0xff, 0x90, 0x00, 0x0a, 0xff,
    0xd0, 0x0f, 0xff, 0x60, 0x00, 0x00, 0x00, 0xef, 0xf9, 0x00, 0x00, 0x2f, 0xff, 0x50, 0xff, 0xf6,
    0x00, 0x00, 0x00, 0x0e, 0xff, 0x90, 0x00, 0x00, 0x9f, 0xfd, 0x0d, 0xff, 0x60, 0x00, 0x00, 0x00,
    0xef, 0xf9, 0x00, 0x00, 0x01, 0xef, 0xf5, 0xcf, 0xf6, 0x00, 0x00, 0x00, 0x0e, 0xff, 0x90, 0x00,
    0x00, 0x07, 0xff, 0xcb, 0xff, 0x60, 0x00, 0x00, 0x00, 0xef, 0xf9, 0x00, 0x00, 0x00, 0x0d, 0xff,
    0xef, 0xf6, 0x00, 0x00, 0x00, 0x0e, 0xff, 0x90, 0x00, 0x00, 0x00, 0x5f, 0xff, 0xff, 0x60, 0x00,
    0x00, 0x00, 0xef, 0xf9, 0x00, 0x00, 0x00, 0x00, 0xcf, 0xff, 0xf6, 0x00, 0x00, 0x00, 0x0e, 0xff,
    0x90, 0x00, 0x00, 0x00, 0x04, 0xff, 0xff, 0x60, 0x00, 0x00, 0x00, 0xef, 0xf9, 0x00, 0x00, 0x00,
    0x00, 0x0b, 0xff, 0xf6, 0x00, 0x00, 0x00, 0x00, 0x00, 0x00, 0x00, 0x00, 0x00, 0x00, 0x00, 0x00,
    0x00, 0x00, 0x00, 0x00, 0x00, 0x00, 0x00, 0x00, 0x00, 0x00, 0x00, 0x00, 0x00, 0x00, 0x00, 0x00,
    0x00, 0x00, 0x00, 0x15, 0xad, 0xee, 0xdb, 0x61, 0x00, 0x00, 0x00, 0x00, 0x00, 0x00, 0x00, 0x06,
    0xef, 0xff, 0xff, 0xff, 0xfe, 0x70, 0x00, 0x00, 0x00, 0x00, 0x00, 0x00, 0x9f, 0xff, 0xff, 0xff,
    0xff, 0xff, 0xfa, 0x00, 0x00, 0x00, 0x00, 0x00, 0x09, 0xff, 0xff, 0xc7, 0x44, 0x6c, 0xff, 0xff,
    0xa0, 0x00, 0x00, 0x00, 0x00, 0x4f, 0xff, 0xf7, 0x00, 0x00, 0x00, 0x6f, 0xff, 0xf6, 0x00, 0x00,
    0x00, 0x00, 0xdf, 0xff, 0x70, 0x00, 0x00, 0x00, 0x05, 0xff, 0xfe, 0x00, 0x00, 0x00, 0x04, 0xff,
    0xfe, 0x00, 0x00, 0x00, 0x00, 0x00, 0xcf, 0xff, 0x60, 0x00, 0x00, 0x09, 0xff, 0xf7, 0x00, 0x00,
    0x00, 0x00, 0x00, 0x5f, 0xff, 0xb0, 0x00, 0x00, 0x0d, 0xff, 0xf1, 0x00, 0x00, 0x00, 0x00, 0x00,
    0x0e, 0xff, 0xe0, 0x00, 0x00, 0x1f, 0xff, 0xe0, 0x00, 0x00, 0x00, 0x00, 0x00, 0x0c, 0xff, 0xf2,
    0x00, 0x00, 0x2f, 0xff, 0xc0, 0x00, 0x00, 0x00, 0x00, 0x00, 0x0a, 0xff, 0xf3, 0x00, 0x00, 0x3f,
    0xff, 0xa0, 0x00, 0x00, 0x00, 0x00, 0x00, 0x08, 0xff, 0xf4, 0x00, 0x00, 0x3f, 0xff, 0xa0, 0x00,
    0x00, 0x00, 0x00, 0x00, 0x08, 0xff, 0xf4, 0x00, 0x00, 0x2f, 0xff, 0xc0, 0x00, 0x00, 0x00, 0x00,
    0x00, 0x0a, 0xff, 0xf3, 0x00, 0x00, 0x0f, 0xff, 0xe0, 0x00, 0x00, 0x00, 0x00, 0x00, 0x0c, 0xff,
    0xf2, 0x00, 0x00, 0x0c, 0xff, 0xf2, 0x00, 0x00, 0x00, 0x00, 0x00, 0x0e, 0xff, 0xe0, 0x00, 0x00,
    0x08, 0xff, 0xf8, 0x00, 0x00, 0x00, 0x00, 0x00, 0x6f, 0xff, 0xa0, 0x00, 0x00, 0x03, 0xff, 0xfe,
    0x10, 0x00, 0x00, 0x00, 0x00, 0xdf, 0xff, 0x50, 0x00, 0x00, 0x00, 0xcf, 0xff, 0x80, 0x00, 0x00,
    0x00, 0x06, 0xff, 0xfd, 0x00, 0x00, 0x00, 0x00, 0x3f, 0xff, 0xf8, 0x00, 0x00, 0x00, 0x6f, 0xff,
    0xf5, 0x00, 0x00, 0x00, 0x00, 0x08, 0xff, 0xff, 0xd7, 0x54, 0x7c, 0xff, 0xff, 0x90, 0x00, 0x00,
    0x00, 0x00, 0x00, 0x8f, 0xff, 0xff, 0xff, 0xff, 0xff, 0xfa, 0x00, 0x00, 0x00, 0x00, 0x00, 0x00,
    0x05, 0xdf, 0xff, 0xff, 0xff, 0xfe, 0x60, 0x00, 0x00, 0x00, 0x00, 0x00, 0x00, 0x00, 0x15, 0xad,
    0xee, 0xda, 0x61, 0x00, 0x00, 0x00, 0x00, 0x00, 0x00, 0x00, 0x00, 0x00, 0x00, 0x00, 0x00, 0x00,
    0x00, 0x00, 0x00, 0x00, 0x00, 0x00, 0x00, 0x00, 0x00, 0x00, 0x00, 0x00, 0x00, 0x00, 0x00, 0x00,
    0x00, 0x0e, 0xff, 0xff, 0xff, 0xfd, 0xba, 0x50, 0x00, 0x00, 0x00, 0x00, 0x00, 0xef, 0xff, 0xff,
    0xff, 0xff, 0xff, 0xd7, 0x00, 0x00, 0x00, 0x00, 0x0e, 0xff, 0xff, 0xff, 0xff, 0xff, 0xff, 0xf9,
    0x00, 0x00, 0x00, 0x00, 0xef, 0xfc, 0x00, 0x01, 0x25, 0xbf, 0xff, 0xf5, 0x00, 0x00, 0x00, 0x0e,
    0xff, 0xc0, 0x00, 0x00, 0x00, 0x6f, 0xff, 0xc0, 0x00, 0x00, 0x00, 0xef, 0xfc, 0x00, 0x00, 0x00,
    0x00, 0xcf, 0xff, 0x10, 0x00, 0x00, 0x0e, 0xff, 0xc0, 0x00, 0x00, 0x00, 0x09, 0xff, 0xf3, 0x00,
    0x00, 0x00, 0xef, 0xfc, 0x00, 0x00, 0x00, 0x00, 0x7f, 0xff, 0x30, 0x00, 0x00, 0x0e, 0xff, 0xc0,
    0x00, 0x00, 0x00, 0x09, 0xff, 0xf2, 0x00, 0x00, 0x00, 0xef, 0xfc, 0x00, 0x00, 0x00, 0x00, 0xdf,
    0xfe, 0x00, 0x00, 0x00, 0x0e, 0xff, 0xc0, 0x00, 0x00, 0x00, 0x8f, 0xff, 0xa0, 0x00, 0x00, 0x00,
    0xef, 0xfc, 0x00, 0x01, 0x25, 0xcf, 0xff, 0xf2, 0x00, 0x00, 0x00, 0x0e, 0xff, 0xff, 0xff, 0xff,
    0xff, 0xff, 0xf6, 0x00, 0x00, 0x00, 0x00, 0xef, 0xff, 0xff, 0xff, 0xff, 0xff, 0xb4, 0x00, 0x00,
    0x00, 0x00, 0x0e, 0xff, 0xff, 0xff, 0xfd, 0xb9, 0x40, 0x00, 0x00, 0x00, 0x00, 0x00, 0xef, 0xfc,
    0x00, 0x00, 0x00, 0x00, 0x00, 0x00, 0x00, 0x00, 0x00, 0x0e, 0xff, 0xc0, 0x00, 0x00, 0x00, 0x00,
    0x00, 0x00, 0x00, 0x00, 0x00, 0xef, 0xfc, 0x00, 0x00, 0x00, 0x00, 0x00, 0x00, 0x00, 0x00, 0x00,
    0x0e, 0xff, 0xc0, 0x00, 0x00, 0x00, 0x00, 0x00, 0x00, 0x00, 0x00, 0x00, 0xef, 0xfc, 0x00, 0x00,
    0x00, 0x00, 0x00, 0x00, 0x00, 0x00, 0x00, 0x0e, 0xff, 0xc0, 0x00, 0x00, 0x00, 0x00, 0x00, 0x00,
    0x00, 0x00, 0x00, 0xef, 0xfc, 0x00, 0x00, 0x00, 0x00, 0x00, 0x00, 0x00, 0x00, 0x00, 0x0e, 0xff,
    0xc0, 0x00, 0x00, 0x00, 0x00, 0x00, 0x00, 0x00, 0x00, 0x00, 0xef, 0xfc, 0x00, 0x00, 0x00, 0x00,
    0x00, 0x00, 0x00, 0x00, 0x00, 0x00, 0x00, 0x00, 0x00, 0x00, 0x00, 0x00, 0x00, 0x00, 0x00, 0x00,
    0x00, 0x00, 0x00, 0x00, 0x00, 0x00, 0x00, 0x00, 0x00, 0x00, 0x00, 0x00, 0x00, 0x00, 0x00, 0x00,
    0x15, 0xad, 0xee, 0xdb, 0x61, 0x00, 0x00, 0x00, 0x00, 0x00, 0x00, 0x00, 0x06, 0xef, 0xff, 0xff,
    0xff, 0xfe, 0x70, 0x00, 0x00, 0x00, 0x00, 0x00, 0x00, 0x9f, 0xff, 0xff, 0xff, 0xff, 0xff, 0xfa,
    0x00, 0x00, 0x00, 0x00, 0x00, 0x08, 0xff, 0xff, 0xc7, 0x44, 0x6c, 0xff, 0xff, 0xa0, 0x00, 0x00,
    0x00, 0x00, 0x4f, 0xff, 0xf7, 0x00, 0x00, 0x00, 0x6f, 0xff, 0xf6, 0x00, 0x00, 0x00, 0x00, 0xcf,
    0xff, 0x80, 0x00, 0x00, 0x00, 0x06, 0xff, 0xfe, 0x00, 0x00, 0x00, 0x04, 0xff, 0xfe, 0x10, 0x00,
    0x00, 0x00, 0x00, 0xcf, 0xff, 0x50, 0x00, 0x00, 0x09, 0xff, 0xf7, 0x00, 0x00, 0x00, 0x00, 0x00,
    0x5f, 0xff, 0xa0, 0x00, 0x00, 0x0c, 0xff, 0xf1, 0x00, 0x00, 0x00, 0x00, 0x00, 0x0e, 0xff, 0xe0,
    0x00, 0x00, 0x0f, 0xff, 0xe0, 0x00, 0x00, 0x00, 0x00, 0x00, 0x0c, 0xff, 0xf2, 0x00, 0x00, 0x2f,
    0xff, 0xc0, 0x00, 0x00, 0x00, 0x00, 0x00, 0x0a, 0xff, 0xf3, 0x00, 0x00, 0x3f, 0xff, 0xa0, 0x00,
    0x00, 0x00, 0x00, 0x00, 0x08, 0xff, 0xf4, 0x00, 0x00, 0x3f, 0xff, 0xa0, 0x00, 0x00, 0x00, 0x00,
    0x00, 0x08, 0xff, 0xf4, 0x00, 0x00, 0x2f, 0xff, 0xc0, 0x00, 0x00, 0x00, 0x00, 0x00, 0x0a, 0xff,
    0xf3, 0x00, 0x00, 0x1f, 0xff, 0xe0, 0x00, 0x00, 0x00, 0x00, 0x00, 0x0c, 0xff, 0xf2, 0x00, 0x00,
    0x0d, 0xff, 0xf1, 0x00, 0x00, 0x00, 0x00, 0x00, 0x0e, 0xff, 0xe0, 0x00, 0x00, 0x09, 0xff, 0xf5,
    0x00, 0x00, 0x00, 0x00, 0x00, 0x3f, 0xff, 0xb0, 0x00, 0x00, 0x04, 0xff, 0xfb, 0x00, 0x00, 0x00,
    0x00, 0x00, 0x9f, 0xff, 0x60, 0x00, 0x00, 0x00, 0xdf, 0xff, 0x40, 0x00, 0x00, 0x00, 0x02, 0xff,
    0xfe, 0x10, 0x00, 0x00, 0x00, 0x5f, 0xff, 0xe2, 0x00, 0x00, 0x00, 0x2d, 0xff, 0xf7, 0x00, 0x00,
    0x00, 0x00, 0x0a, 0xff, 0xfe, 0x71, 0x00, 0x16, 0xef, 0xff, 0xc0, 0x00, 0x00, 0x00, 0x00, 0x01,
    0xbf, 0xff, 0xff, 0xed, 0xff, 0xff, 0xfc, 0x10, 0x00, 0x00, 0x00, 0x00, 0x00, 0x09, 0xff, 0xff,
    0xff, 0xff, 0xff, 0xa1, 0x00, 0x00, 0x00, 0x00, 0x00, 0x00, 0x00, 0x39, 0xef, 0xff, 0xfe, 0x93,
    0x00, 0x00, 0x00, 0x00, 0x00, 0x00, 0x00, 0x00, 0x00, 0x07, 0xff, 0xfa, 0x00, 0x00, 0x00, 0x00,
    0x00, 0x00, 0x00, 0x00, 0x00, 0x00, 0x00, 0xdf, 0xff, 0x80, 0x00, 0x00, 0x00, 0x00, 0x00, 0x00,
    0x00, 0x00, 0x00, 0x00, 0x4e, 0xff, 0xfd, 0x73, 0x12, 0x32, 0x00, 0x00, 0x00, 0x00, 0x00, 0x00,
    0x00, 0x04, 0xef, 0xff, 0xff, 0xff, 0xf9, 0x00, 0x00, 0x00, 0x00, 0x00, 0x00, 0x00, 0x00, 0x3b,
    0xff, 0xff, 0xff, 0xfd, 0x00, 0x00, 0x00, 0x00, 0x00, 0x00, 0x00, 0x00, 0x00, 0x39, 0xbd, 0xfe,
    0xc8, 0x00, 0x00, 0x00, 0x00, 0x00, 0x00, 0x00, 0x00, 0x00, 0x00, 0x00, 0x00, 0x00, 0x00, 0x00,
    0x00, 0x00, 0x00, 0x00, 0x00, 0x00, 0x00, 0x00, 0x00, 0x00, 0x00, 0x00, 0x0e, 0xff, 0xff, 0xff,
    0xfe, 0xcb, 0x82, 0x00, 0x00, 0x00, 0x00, 0x00, 0xef, 0xff, 0xff, 0xff, 0xff, 0xff, 0xfa, 0x10,
    0x00, 0x00, 0x00, 0x0e, 0xff, 0xff, 0xff, 0xff, 0xff, 0xff, 0xfd, 0x10, 0x00, 0x00, 0x00, 0xef,
    0xfc, 0x00, 0x00, 0x23, 0x8e, 0xff, 0xf9, 0x00, 0x00, 0x00, 0x0e, 0xff, 0xc0, 0x00, 0x00, 0x00,
    0x3e, 0xff, 0xe0, 0x00, 0x00, 0x00, 0xef, 0xfc, 0x00, 0x00, 0x00, 0x00, 0x9f, 0xff, 0x30, 0x00,
    0x00, 0x0e, 0xff, 0xc0, 0x00, 0x00, 0x00, 0x06, 0xff, 0xf4, 0x00, 0x00, 0x00, 0xef, 0xfc, 0x00,
    0x00, 0x00, 0x00, 0x7f, 0xff, 0x30, 0x00, 0x00, 0x0e, 0xff, 0xc0, 0x00, 0x00, 0x00, 0x0b, 0xff,
    0xf1, 0x00, 0x00, 0x00, 0xef, 0xfc, 0x00, 0x00, 0x00, 0x05, 0xff, 0xfc, 0x00, 0x00, 0x00, 0x0e,
    0xff, 0xc0, 0x00, 0x01, 0x4a, 0xff, 0xff, 0x50, 0x00, 0x00, 0x00, 0xef, 0xff, 0xff, 0xff, 0xff,
    0xff, 0xff, 0x90, 0x00, 0x00, 0x00, 0x0e, 0xff, 0xff, 0xff, 0xff, 0xff, 0xfe, 0x70, 0x00, 0x00,
    0x00, 0x00, 0xef, 0xff, 0xff, 0xff, 0xff, 0xfa, 0x10, 0x00, 0x00, 0x00, 0x00, 0x0e, 0xff, 0xc0,
    0x00, 0x2f, 0xff, 0xd1, 0x00, 0x00, 0x00, 0x00, 0x00, 0xef, 0xfc, 0x00, 0x00, 0x8f, 0xff, 0x70,
    0x00, 0x00, 0x00, 0x00, 0x0e, 0xff, 0xc0, 0x00, 0x01, 0xef, 0xfe, 0x10, 0x00, 0x00, 0x00, 0x00,
    0xef, 0xfc, 0x00, 0x00, 0x08, 0xff, 0xf9, 0x00, 0x00, 0x00, 0x00, 0x0e, 0xff, 0xc0, 0x00, 0x00,
    0x1e, 0xff, 0xf2, 0x00, 0x00, 0x00, 0x00, 0xef, 0xfc, 0x00, 0x00, 0x00, 0x7f, 0xff, 0xa0, 0x00,
    0x00, 0x00, 0x0e, 0xff, 0xc0, 0x00, 0x00, 0x00, 0xdf, 0xff, 0x30, 0x00, 0x00, 0x00, 0xef, 0xfc,
    0x00, 0x00, 0x00, 0x06, 0xff, 0xfc, 0x00, 0x00, 0x00, 0x0e, 0xff, 0xc0, 0x00, 0x00, 0x00, 0x0d,
    0xff, 0xf5, 0x00, 0x00, 0x00, 0xef, 0xfc, 0x00, 0x00, 0x00, 0x00, 0x5f, 0xff, 0xd0, 0x00, 0x00,
    0x00, 0x00, 0x00, 0x00, 0x00, 0x00, 0x00, 0x00, 0x00, 0x00, 0x00, 0x00, 0x00, 0x00, 0x00, 0x00,
    0x00, 0x00, 0x00, 0x00, 0x00, 0x00, 0x00, 0x00, 0x38, 0xbd, 0xed, 0xb6, 0x10, 0x00, 0x00, 0x00,
    0x00, 0x01, 0x9f, 0xff, 0xff, 0xff, 0xfe, 0x70, 0x00, 0x00, 0x00, 0x01, 0xcf, 0xff, 0xff, 0xff,
    0xff, 0xff, 0xb1, 0x00, 0x00, 0x00, 0x9f, 0xff, 0xe8, 0x54, 0x6a, 0xff, 0xfc, 0x00, 0x00, 0x00,
    0x2f, 0xff, 0xd1, 0x00, 0x00, 0x02, 0xbd, 0x20, 0x00, 0x00, 0x06, 0xff, 0xf7, 0x00, 0x00, 0x00,
    0x00, 0x10, 0x00, 0x00, 0x00, 0x7f, 0xff, 0x60, 0x00, 0x00, 0x00, 0x00, 0x00, 0x00, 0x00, 0x05,
    0xff, 0xfb, 0x00, 0x00, 0x00, 0x00, 0x00, 0x00, 0x00, 0x00, 0x2f, 0xff, 0xfa, 0x20, 0x00, 0x00,
    0x00, 0x00, 0x00, 0x00, 0x00, 0x8f, 0xff, 0xff, 0x92, 0x00, 0x00, 0x00, 0x00, 0x00, 0x00, 0x00,
    0xbf, 0xff, 0xff, 0xfb, 0x50, 0x00, 0x00, 0x00, 0x00, 0x00, 0x00, 0x7e, 0xff, 0xff, 0xff, 0xd6,
    0x00, 0x00, 0x00, 0x00, 0x00, 0x00, 0x18, 0xef, 0xff, 0xff, 0xfc, 0x10, 0x00, 0x00, 0x00, 0x00,
    0x00, 0x00, 0x6c, 0xff, 0xff, 0xfd, 0x00, 0x00, 0x00, 0x00, 0x00, 0x00, 0x00, 0x04, 0xbf, 0xff,
    0xf7, 0x00, 0x00, 0x00, 0x00, 0x00, 0x00, 0x00, 0x00, 0x8f, 0xff, 0xd0, 0x00, 0x00, 0x00, 0x00,
    0x00, 0x00, 0x00, 0x00, 0xef, 0xff, 0x00, 0x00, 0x00, 0x00, 0x00, 0x00, 0x00, 0x00, 0x0b, 0xff,
    0xf1, 0x00, 0x00, 0x19, 0x20, 0x00, 0x00, 0x00, 0x00, 0xef, 0xfe, 0x00, 0x00, 0x0a, 0xfe, 0x60,
    0x00, 0x00, 0x00, 0x8f, 0xff, 0xa0, 0x00, 0x05, 0xff, 0xff, 0xe9, 0x64, 0x57, 0xcf, 0xff, 0xf2,
    0x00, 0x00, 0x06, 0xff, 0xff, 0xff, 0xff, 0xff, 0xff, 0xf6, 0x00, 0x00, 0x00, 0x03, 0xbf, 0xff,
    0xff, 0xff, 0xff, 0xc3, 0x00, 0x00, 0x00, 0x00, 0x00, 0x37, 0xbd, 0xfe, 0xda, 0x50, 0x00, 0x00,
    0x00, 0x00, 0x00, 0x00, 0x00, 0x00, 0x00, 0x00, 0x00, 0x00, 0x00, 0x00, 0x00, 0x00, 0x00, 0x00,
    0x00, 0x00, 0x00, 0x00, 0x00, 0x00, 0x00, 0xff, 0xff, 0xff, 0xff, 0xff, 0xff, 0xff, 0xff, 0xf8,
    0x00, 0x00, 0xff, 0xff, 0xff, 0xff, 0xff, 0xff, 0xff, 0xff, 0xf8, 0x00, 0x00, 0xff, 0xff, 0xff,
    0xff, 0xff, 0xff, 0xff, 0xff, 0xf8, 0x00, 0x00, 0x22, 0x22, 0x22, 0x4f, 0xff, 0xa2, 0x22, 0x22,
    0x21, 0x00, 0x00, 0x00, 0x00, 0x00, 0x2f, 0xff, 0xa0, 0x00, 0x00, 0x00, 0x00, 0x00, 0x00, 0x00,
    0x00, 0x2f, 0xff, 0xa0, 0x00, 0x00, 0x00, 0x00, 0x00, 0x00, 0x00, 0x00, 0x2f, 0xff, 0xa0, 0x00,
    0x00, 0x00, 0x00, 0x00, 0x00, 0x00, 0x00, 0x2f, 0xff, 0xa0, 0x00, 0x00, 0x00, 0x00, 0x00, 0x00,
    0x00, 0x00, 0x2f, 0xff, 0xa0, 0x00, 0x00, 0x00, 0x00, 0x00, 0x00, 0x00, 0x00, 0x2f, 0xff, 0xa0,
    0x00, 0x00, 0x00, 0x00, 0x00, 0x00, 0x00, 0x00, 0x2f, 0xff, 0xa0, 0x00, 0x00, 0x00, 0x00, 0x00,
    0x00, 0x00, 0x00, 0x2f, 0xff, 0xa0, 0x00, 0x00, 0x00, 0x00, 0x00, 0x00, 0x00, 0x00, 0x2f, 0xff,
    0xa0, 0x00, 0x00, 0x00, 0x00, 0x00, 0x00, 0x00, 0x00, 0x2f, 0xff, 0xa0, 0x00, 0x00, 0x00, 0x00,
    0x00, 0x00, 0x00, 0x00, 0x2f, 0xff, 0xa0, 0x00, 0x00, 0x00, 0x00, 0x00, 0x00, 0x00, 0x00, 0x2f,
    0xff, 0xa0, 0x00, 0x00, 0x00, 0x00, 0x00, 0x00, 0x00, 0x00, 0x2f, 0xff, 0xa0, 0x00, 0x00, 0x00,
    0x00, 0x00, 0x00, 0x00, 0x00, 0x2f, 0xff, 0xa0, 0x00, 0x00, 0x00, 0x00, 0x00, 0x00, 0x00, 0x00,
    0x2f, 0xff, 0xa0, 0x00, 0x00, 0x00, 0x00, 0x00, 0x00, 0x00, 0x00, 0x2f, 0xff, 0xa0, 0x00, 0x00,
    0x00, 0x00, 0x00, 0x00, 0x00, 0x00, 0x2f, 0xff, 0xa0, 0x00, 0x00, 0x00, 0x00, 0x00, 0x00, 0x00,
    0x00, 0x2f, 0xff, 0xa0, 0x00, 0x00, 0x00, 0x00, 0x00, 0x00, 0x00, 0x00, 0x2f, 0xff, 0xa0, 0x00,
    0x00, 0x00, 0x00, 0x00, 0x00, 0x00, 0x00, 0x2f, 0xff, 0xa0, 0x00, 0x00, 0x00, 0x00, 0x00, 0x00,
    0x00, 0x00, 0x00, 0x00, 0x00, 0x00, 0x00, 0x00, 0x00, 0x00, 0x00, 0x00, 0x00, 0x00, 0x00, 0x00,
    0x00, 0x00, 0x00, 0x00, 0x00, 0x00, 0x00, 0x0f, 0xff, 0xa0, 0x00, 0x00, 0x00, 0x00, 0x2f, 0xff,
    0x70, 0x00, 0x00, 0x00, 0xff, 0xfa, 0x00, 0x00, 0x00, 0x00, 0x02, 0xff, 0xf7, 0x00, 0x00, 0x00,
    0x0f, 0xff, 0xa0, 0x00, 0x00, 0x00, 0x00, 0x2f, 0xff, 0x70, 0x00, 0x00, 0x00, 0xff, 0xfa, 0x00,
    0x00, 0x00, 0x00, 0x02, 0xff, 0xf7, 0x00, 0x00, 0x00, 0x0f, 0xff, 0xa0, 0x00, 0x00, 0x00, 0x00,
    0x2f, 0xff, 0x70, 0x00, 0x00, 0x00, 0xff, 0xfa, 0x00, 0x00, 0x00, 0x00, 0x02, 0xff, 0xf7, 0x00,
    0x00, 0x00, 0x0f, 0xff, 0xa0, 0x00, 0x00, 0x00, 0x00, 0x2f, 0xff, 0x70, 0x00, 0x00, 0x00, 0xff,
    0xfa, 0x00, 0x00, 0x00, 0x00, 0x02, 0xff, 0xf7, 0x00, 0x00, 0x00, 0x0f, 0xff, 0xa0, 0x00, 0x00,
    0x00, 0x00, 0x2f, 0xff, 0x70, 0x00, 0x00, 0x00, 0xff, 0xfa, 0x00, 0x00, 0x00, 0x00, 0x02, 0xff,
    0xf7, 0x00, 0x00, 0x00, 0x0f, 0xff, 0xa0, 0x00, 0x00, 0x00, 0x00, 0x2f, 0xff, 0x70, 0x00, 0x00,
    0x00, 0xff, 0xfa, 0x00, 0x00, 0x00, 0x00, 0x02, 0xff, 0xf7, 0x00, 0x00, 0x00, 0x0f, 0xff, 0xa0,
    0x00, 0x00, 0x00, 0x00, 0x2f, 0xff, 0x70, 0x00, 0x00, 0x00, 0xff, 0xfa, 0x00, 0x00, 0x00, 0x00,
    0x02, 0xff, 0xf7, 0x00, 0x00, 0x00, 0x0f, 0xff, 0xb0, 0x00, 0x00, 0x00, 0x00, 0x2f, 0xff, 0x60,
    0x00, 0x00, 0x00, 0xef, 0xfc, 0x00, 0x00, 0x00, 0x00, 0x03, 0xff, 0xf5, 0x00, 0x00, 0x00, 0x0c,
    0xff, 0xe0, 0x00, 0x00, 0x00, 0x00, 0x6f, 0xff, 0x40, 0x00, 0x00, 0x00, 0x9f, 0xff, 0x30, 0x00,
    0x00, 0x00, 0x0a, 0xff, 0xf1, 0x00, 0x00, 0x00, 0x05, 0xff, 0xf9, 0x00, 0x00, 0x00, 0x02, 0xef,
    0xfc, 0x00, 0x00, 0x00, 0x00, 0x0e, 0xff, 0xf7, 0x00, 0x00, 0x02, 0xcf, 0xff, 0x60, 0x00, 0x00,
    0x00, 0x00, 0x7f, 0xff, 0xfb, 0x74, 0x68, 0xef, 0xff, 0xd0, 0x00, 0x00, 0x00, 0x00, 0x00, 0xaf,
    0xff, 0xff, 0xff, 0xff, 0xff, 0xe3, 0x00, 0x00, 0x00, 0x00, 0x00, 0x00, 0x8f, 0xff, 0xff, 0xff,
    0xff, 0xd3, 0x00, 0x00, 0x00, 0x00, 0x00, 0x00, 0x00, 0x28, 0xce, 0xfe, 0xda, 0x50, 0x00, 0x00,
    0x00, 0x00, 0x00, 0x00, 0x00, 0x00, 0x00, 0x00, 0x00, 0x00, 0x00, 0x00, 0x00, 0x00, 0x00, 0x00,
    0x00, 0x00, 0x00, 0x00, 0x00, 0x00, 0x00, 0x00, 0x00, 0x00, 0x0e, 0xff, 0xe0, 0x00, 0x00, 0x00,
    0x00, 0x00, 0xdf, 0xfe, 0x00, 0x00, 0x9f, 0xff, 0x40, 0x00, 0x00, 0x00, 0x00, 0x2f, 0xff, 0x90,
    0x00, 0x05, 0xff, 0xf8, 0x00, 0x00, 0x00, 0x00, 0x07, 0xff, 0xf5, 0x00, 0x00, 0x1f, 0xff, 0xc0,
    0x00, 0x00, 0x00, 0x00, 0xbf, 0xfe, 0x10, 0x00, 0x00, 0xbf, 0xff, 0x10, 0x00, 0x00, 0x00, 0x1f,
    0xff, 0xa0, 0x00, 0x00, 0x06, 0xff, 0xf5, 0x00, 0x00, 0x00, 0x05, 0xff, 0xf5, 0x00, 0x00, 0x00,
    0x2f, 0xff, 0x90, 0x00, 0x00, 0x00, 0x9f, 0xff, 0x10, 0x00, 0x00, 0x00, 0xcf, 0xfd, 0x00, 0x00,
    0x00, 0x0d, 0xff, 0xb0, 0x00, 0x00, 0x00, 0x08, 0xff, 0xf2, 0x00, 0x00, 0x03, 0xff, 0xf6, 0x00,
    0x00, 0x00, 0x00, 0x3f, 0xff, 0x60, 0x00, 0x00, 0x7f, 0xff, 0x20, 0x00, 0x00, 0x00, 0x00, 0xdf,
    0xfa, 0x00, 0x00, 0x0b, 0xff, 0xc0, 0x00, 0x00, 0x00, 0x00, 0x09, 0xff, 0xe0, 0x00, 0x01, 0xff,
    0xf7, 0x00, 0x00, 0x00, 0x00, 0x00, 0x4f, 0xff, 0x30, 0x00, 0x5f, 0xff, 0x20, 0x00, 0x00, 0x00,
    0x00, 0x00, 0xef, 0xf7, 0x00, 0x09, 0xff, 0xd0, 0x00, 0x00, 0x00, 0x00, 0x00, 0x0a, 0xff, 0xb0,
    0x00, 0xdf, 0xf8, 0x00, 0x00, 0x00, 0x00, 0x00, 0x00, 0x6f, 0xff, 0x10, 0x3f, 0xff, 0x30, 0x00,
    0x00, 0x00, 0x00, 0x00, 0x01, 0xff, 0xf4, 0x07, 0xff, 0xd0, 0x00, 0x00, 0x00, 0x00, 0x00, 0x00,
    0x0c, 0xff, 0x90, 0xbf, 0xf9, 0x00, 0x00, 0x00, 0x00, 0x00, 0x00, 0x00, 0x7f, 0xfd, 0x0e, 0xff,
    0x40, 0x00, 0x00, 0x00, 0x00, 0x00, 0x00, 0x03, 0xff, 0xf6, 0xff, 0xe0, 0x00, 0x00, 0x00, 0x00,
    0x00, 0x00, 0x00, 0x0d, 0xff, 0xef, 0xfa, 0x00, 0x00, 0x00, 0x00, 0x00, 0x00, 0x00, 0x00, 0x9f,
    0xff, 0xff, 0x50, 0x00, 0x00, 0x00, 0x00, 0x00, 0x00, 0x00, 0x04, 0xff, 0xff, 0xf1, 0x00, 0x00,
    0x00, 0x00, 0x00, 0x00, 0x00, 0x00, 0x0e, 0xff, 0xfb, 0x00, 0x00, 0x00, 0x00, 0x00, 0x00, 0x00,
    0x00, 0x00, 0x00, 0x00, 0x00, 0x00, 0x00, 0x00, 0x00, 0x00, 0x00, 0x00, 0x00, 0x00, 0x00, 0x00,
    0x00, 0x00, 0x00, 0x00, 0x00, 0x00, 0x00, 0x00, 0x00, 0x3f, 0xff, 0x90, 0x00, 0x00, 0x00, 0x5f,
    0xff, 0x30, 0x00, 0x00, 0x00, 0xcf, 0xfb, 0x00, 0x00, 0xef, 0xfc, 0x00, 0x00, 0x00, 0x09, 0xff,
    0xf6, 0x00, 0x00, 0x00, 0x0f, 0xff, 0x80, 0x00, 0x0c, 0xff, 0xe0, 0x00, 0x00, 0x00, 0xdf, 0xff,
    0xa0, 0x00, 0x00, 0x03, 0xff, 0xf5, 0x00, 0x00, 0x9f, 0xff, 0x20, 0x00, 0x00, 0x2f, 0xff, 0xfd,
    0x00, 0x00, 0x00, 0x6f, 0xff, 0x20, 0x00, 0x06, 0xff, 0xf5, 0x00, 0x00, 0x05, 0xff, 0xff, 0xf2,
    0x00, 0x00, 0x08, 0xff, 0xe0, 0x00, 0x00, 0x3f, 0xff, 0x70, 0x00, 0x00, 0x9f, 0xfb, 0xff, 0x60,
    0x00, 0x00, 0xbf, 0xfb, 0x00, 0x00, 0x00, 0xff, 0xfa, 0x00, 0x00, 0x0d, 0xfe, 0x6f, 0xf9, 0x00,
    0x00, 0x0e, 0xff, 0x80, 0x00, 0x00, 0x0c, 0xff, 0xc0, 0x00, 0x02, 0xff, 0xb3, 0xff, 0xd0, 0x00,
    0x02, 0xff, 0xf5, 0x00, 0x00, 0x00, 0x9f, 0xff, 0x00, 0x00, 0x5f, 0xf8, 0x1f, 0xff, 0x10, 0x00,
    0x4f, 0xff, 0x20, 0x00, 0x00, 0x06, 0xff, 0xf3, 0x00, 0x09, 0xff, 0x50, 0xcf, 0xf5, 0x00, 0x07,
    0xff, 0xe0, 0x00, 0x00, 0x00, 0x3f, 0xff, 0x50, 0x00, 0xdf, 0xf2, 0x0a, 0xff, 0x80, 0x00, 0xaf,
    0xfc, 0x00, 0x00, 0x00, 0x00, 0xff, 0xf8, 0x00, 0x2f, 0xfd, 0x00, 0x6f, 0xfc, 0x00, 0x0d, 0xff,
    0x90, 0x00, 0x00, 0x00, 0x0c, 0xff, 0xa0, 0x05, 0xff, 0xa0, 0x03, 0xff, 0xf1, 0x01, 0xff, 0xf6,
    0x00, 0x00, 0x00, 0x00, 0x9f, 0xfd, 0x00, 0x8f, 0xf6, 0x00, 0x0e, 0xff, 0x40, 0x3f, 0xff, 0x30,
    0x00, 0x00, 0x00, 0x06, 0xff, 0xf0, 0x0b, 0xff, 0x20, 0x00, 0xbf, 0xf7, 0x05, 0xff, 0xf0, 0x00,
    0x00, 0x00, 0x00, 0x3f, 0xff, 0x20, 0xef, 0xe0, 0x00, 0x07, 0xff, 0xa0, 0x7f, 0xfc, 0x00, 0x00,
    0x00, 0x00, 0x01, 0xff, 0xf5, 0x2f, 0xfa, 0x00, 0x00, 0x3f, 0xfd, 0x0a, 0xff, 0x90, 0x00, 0x00,
    0x00, 0x00, 0x0d, 0xff, 0x75, 0xff, 0x70, 0x00, 0x00, 0xff, 0xf1, 0xcf, 0xf6, 0x00, 0x00, 0x00,
    0x00, 0x00, 0xaf, 0xfa, 0x8f, 0xf3, 0x00, 0x00, 0x0b, 0xff, 0x4e, 0xff, 0x30, 0x00, 0x00, 0x00,
    0x00, 0x07, 0xff, 0xcb, 0xfe, 0x00, 0x00, 0x00, 0x8f, 0xf8, 0xff, 0xf0, 0x00, 0x00, 0x00, 0x00,
    0x00, 0x4f, 0xff, 0xff, 0xb0, 0x00, 0x00, 0x04, 0xff, 0xef, 0xfc, 0x00, 0x00, 0x00, 0x00, 0x00,
    0x01, 0xff, 0xff, 0xf7, 0x00, 0x00, 0x00, 0x1f, 0xff, 0xff, 0x90, 0x00, 0x00, 0x00, 0x00, 0x00,
    0x0d, 0xff, 0xff, 0x40, 0x00, 0x00, 0x00, 0xcf, 0xff, 0xf6, 0x00, 0x00, 0x00, 0x00, 0x00, 0x00,
    0xaf, 0xff, 0xf1, 0x00, 0x00, 0x00, 0x09, 0xff, 0xff, 0x30, 0x00, 0x00, 0x00, 0x00, 0x00, 0x00,
    0x00, 0x00, 0x00, 0x00, 0x00, 0x00, 0x00, 0x00, 0x00, 0x00, 0x00, 0x00, 0x00, 0x00, 0x00, 0x00,
    0x00, 0x00, 0x00, 0x00, 0x00, 0x00, 0x00, 0x0c, 0xff, 0xf4, 0x00, 0x00, 0x00, 0x01, 0xef, 0xfd,
    0x00, 0x00, 0x4f, 0xff, 0xc0, 0x00, 0x00, 0x00, 0x7f, 0xff, 0x50, 0x00, 0x00, 0xbf, 0xff, 0x50,
    0x00, 0x00, 0x1e, 0xff, 0xc0, 0x00, 0x00, 0x03, 0xff, 0xfc, 0x00, 0x00, 0x07, 0xff, 0xf4, 0x00,
    0x00, 0x00, 0x0a, 0xff, 0xf5, 0x00, 0x01, 0xef, 0xfb, 0x00, 0x00, 0x00, 0x00, 0x2f, 0xff, 0xc0,
    0x00, 0x7f, 0xff, 0x30, 0x00, 0x00, 0x00, 0x00, 0x8f, 0xff, 0x50, 0x0d, 0xff, 0xa0, 0x00, 0x00,
    0x00, 0x00, 0x01, 0xef, 0xfc, 0x06, 0xff, 0xf2, 0x00, 0x00, 0x00, 0x00, 0x00, 0x07, 0xff, 0xf5,
    0xcf, 0xf9, 0x00, 0x00, 0x00, 0x00, 0x00, 0x00, 0x0d, 0xff, 0xef, 0xfe, 0x10, 0x00, 0x00, 0x00,
    0x00, 0x00, 0x00, 0x6f, 0xff, 0xff, 0x80, 0x00, 0x00, 0x00, 0x00, 0x00, 0x00, 0x00, 0xdf, 0xff,
    0xe1, 0x00, 0x00, 0x00, 0x00, 0x00, 0x00, 0x00, 0x3f, 0xff, 0xff, 0x30, 0x00, 0x00, 0x00, 0x00,
    0x00, 0x00, 0x0c, 0xff, 0xff, 0xfc, 0x00, 0x00, 0x00, 0x00, 0x00, 0x00, 0x05, 0xff, 0xf8, 0xff,
    0xf5, 0x00, 0x00, 0x00, 0x00, 0x00, 0x00, 0xdf, 0xf9, 0x0d, 0xff, 0xd0, 0x00, 0x00, 0x00, 0x00,
    0x00, 0x6f, 0xff, 0x30, 0x6f, 0xff, 0x60, 0x00, 0x00, 0x00, 0x00, 0x1e, 0xff, 0xb0, 0x00, 0xdf,
    0xfe, 0x10, 0x00, 0x00, 0x00, 0x07, 0xff, 0xf3, 0x00, 0x06, 0xff, 0xf8, 0x00, 0x00, 0x00, 0x01,
    0xef, 0xfb, 0x00, 0x00, 0x0d, 0xff, 0xf2, 0x00, 0x00, 0x00, 0x9f, 0xff, 0x30, 0x00, 0x00, 0x6f,
    0xff, 0xa0, 0x00, 0x00, 0x2f, 0xff, 0xb0, 0x00, 0x00, 0x00, 0xdf, 0xff, 0x30, 0x00, 0x0a, 0xff,
    0xf3, 0x00, 0x00, 0x00, 0x05, 0xff, 0xfb, 0x00, 0x03, 0xff, 0xfa, 0x00, 0x00, 0x00, 0x00, 0x0c,
    0xff, 0xf4, 0x00, 0x00, 0x00, 0x00, 0x00, 0x00, 0x00, 0x00, 0x00, 0x00, 0x00, 0x00, 0x00, 0x00,
    0x00, 0x00, 0x00, 0x00, 0x00, 0x00, 0x00, 0x00, 0x0d, 0xff, 0xf1, 0x00, 0x00, 0x00, 0x00, 0x5f,
    0xff, 0x80, 0x00, 0x6f, 0xff, 0x70, 0x00, 0x00, 0x00, 0x0b, 0xff, 0xf1, 0x00, 0x00, 0xef, 0xfe,
    0x00, 0x00, 0x00, 0x03, 0xff, 0xf9, 0x00, 0x00, 0x07, 0xff, 0xf5, 0x00, 0x00, 0x00, 0x9f, 0xff,
    0x20, 0x00, 0x00, 0x1e, 0xff, 0xc0, 0x00, 0x00, 0x1e, 0xff, 0xa0, 0x00, 0x00, 0x00, 0x8f, 0xff,
    0x30, 0x00, 0x07, 0xff, 0xf3, 0x00, 0x00, 0x00, 0x01, 0xef, 0xf9, 0x00, 0x00, 0xdf, 0xfa, 0x00,
    0x00, 0x00, 0x00, 0x08, 0xff, 0xf1, 0x00, 0x5f, 0xff, 0x30, 0x00, 0x00, 0x00, 0x00, 0x2f, 0xff,
    0x70, 0x0b, 0xff, 0xb0, 0x00, 0x00, 0x00, 0x00, 0x00, 0x9f, 0xfd, 0x02, 0xff, 0xf4, 0x00, 0x00,
    0x00, 0x00, 0x00, 0x02, 0xff, 0xf5, 0x9f, 0xfc, 0x00, 0x00, 0x00, 0x00, 0x00, 0x00, 0x0a, 0xff,
    0xce, 0xff, 0x50, 0x00, 0x00, 0x00, 0x00, 0x00, 0x00, 0x3f, 0xff, 0xff, 0xc0, 0x00, 0x00, 0x00,
    0x00, 0x00, 0x00, 0x00, 0xbf, 0xff, 0xf5, 0x00, 0x00, 0x00, 0x00, 0x00, 0x00, 0x00, 0x04, 0xff,
    0xfd, 0x00, 0x00, 0x00, 0x00, 0x00, 0x00, 0x00, 0x00, 0x0f, 0xff, 0xa0, 0x00, 0x00, 0x00, 0x00,
    0x00, 0x00, 0x00, 0x00, 0xff, 0xfa, 0x00, 0x00, 0x00, 0x00, 0x00, 0x00, 0x00, 0x00, 0x0f, 0xff,
    0xa0, 0x00, 0x00, 0x00, 0x00, 0x00, 0x00, 0x00, 0x00, 0xff, 0xfa, 0x00, 0x00, 0x00, 0x00, 0x00,
    0x00, 0x00, 0x00, 0x0f, 0xff, 0xa0, 0x00, 0x00, 0x00, 0x00, 0x00, 0x00, 0x00, 0x00, 0xff, 0xfa,
    0x00, 0x00, 0x00, 0x00, 0x00, 0x00, 0x00, 0x00, 0x0f, 0xff, 0xa0, 0x00, 0x00, 0x00, 0x00, 0x00,
    0x00, 0x00, 0x00, 0xff, 0xfa, 0x00, 0x00, 0x00, 0x00, 0x00, 0x00, 0x00, 0x00, 0x0f, 0xff, 0xa0,
    0x00, 0x00, 0x00, 0x00, 0x00, 0x00, 0x00, 0x00, 0x00, 0x00, 0x00, 0x00, 0x00, 0x00, 0x00, 0x00,
    0x00, 0x00, 0x00, 0x00, 0x00, 0x00, 0x00, 0x00, 0x00, 0x00, 0x6f, 0xff, 0xff, 0xff, 0xff, 0xff,
    0xff, 0xfd, 0x00, 0x00, 0x06, 0xff, 0xff, 0xff, 0xff, 0xff, 0xff, 0xff, 0xd0, 0x00, 0x00, 0x6f,
    0xff, 0xff, 0xff, 0xff, 0xff, 0xff, 0xfa, 0x00, 0x00, 0x01, 0x22, 0x22, 0x22, 0x22, 0x23, 0xef,
    0xfe, 0x20, 0x00, 0x00, 0x00, 0x00, 0x00, 0x00, 0x00, 0x9f, 0xff, 0x70, 0x00, 0x00, 0x00, 0x00,
    0x00, 0x00, 0x00, 0x3f, 0xff, 0xc0, 0x00, 0x00, 0x00, 0x00, 0x00, 0x00, 0x00, 0x0d, 0xff, 0xf3,
    0x00, 0x00, 0x00, 0x00, 0x00, 0x00, 0x00, 0x07, 0xff, 0xf8, 0x00, 0x00, 0x00, 0x00, 0x00, 0x00,
    0x00, 0x02, 0xff, 0xfd, 0x10, 0x00, 0x00, 0x00, 0x00, 0x00, 0x00, 0x00, 0xbf, 0xff, 0x40, 0x00,
    0x00, 0x00, 0x00, 0x00, 0x00, 0x00, 0x6f, 0xff, 0xa0, 0x00, 0x00, 0x00, 0x00, 0x00, 0x00, 0x00,
    0x1e, 0xff, 0xe1, 0x00, 0x00, 0x00, 0x00, 0x00, 0x00, 0x00, 0x0a, 0xff, 0xf6, 0x00, 0x00, 0x00,
    0x00, 0x00, 0x00, 0x00, 0x04, 0xff, 0xfb, 0x00, 0x00, 0x00, 0x00, 0x00, 0x00, 0x00, 0x01, 0xdf,
    0xff, 0x20, 0x00, 0x00, 0x00, 0x00, 0x00, 0x00, 0x00, 0x8f, 0xff, 0x70, 0x00, 0x00, 0x00, 0x00,
    0x00, 0x00, 0x00, 0x3f, 0xff, 0xd0, 0x00, 0x00, 0x00, 0x00, 0x00, 0x00, 0x00, 0x0c, 0xff, 0xf3,
    0x00, 0x00, 0x00, 0x00, 0x00, 0x00, 0x00, 0x07, 0xff, 0xf9, 0x00, 0x00, 0x00, 0x00, 0x00, 0x00,
    0x00, 0x02, 0xef, 0xfe, 0x10, 0x00, 0x00, 0x00, 0x00, 0x00, 0x00, 0x00, 0xbf, 0xff, 0x72, 0x22,
    0x22, 0x22, 0x22, 0x22, 0x00, 0x00, 0x5f, 0xff, 0xff, 0xff, 0xff, 0xff, 0xff, 0xff, 0xf0, 0x00,
    0x07, 0xff, 0xff, 0xff, 0xff, 0xff, 0xff, 0xff, 0xff, 0x00, 0x00, 0x7f, 0xff, 0xff, 0xff, 0xff,
    0xff, 0xff, 0xff, 0xf0, 0x00, 0x00, 0x00, 0x00, 0x00, 0x00, 0x00, 0x00, 0x00, 0x00, 0x00, 0x00,
    0x00, 0x00, 0x00, 0x00, 0x00, 0x00, 0x00, 0x00, 0x11, 0x11, 0x11, 0x00, 0x00, 0x00, 0xaf, 0xff,
    0xff, 0xf2, 0x00, 0x00, 0x0a, 0xff, 0xff, 0xff, 0x20, 0x00, 0x00, 0xaf, 0xf1, 0x00, 0x00, 0x00,
    0x00, 0x0a, 0xff, 0x10, 0x00, 0x00, 0x00, 0x00, 0xaf, 0xf1, 0x00, 0x00, 0x00, 0x00, 0x0a, 0xff,
    0x10, 0x00, 0x00, 0x00, 0x00, 0xaf, 0xf1, 0x00, 0x00, 0x00, 0x00, 0x0a, 0xff, 0x10, 0x00, 0x00,
    0x00, 0x00, 0xaf, 0xf1, 0x00, 0x00, 0x00, 0x00, 0x0a, 0xff, 0x10, 0x00, 0x00, 0x00, 0x00, 0xaf,
    0xf1, 0x00, 0x00, 0x00, 0x00, 0x0a, 0xff, 0x10, 0x00, 0x00, 0x00, 0x00, 0xaf, 0xf1, 0x00, 0x00,
    0x00, 0x00, 0x0a, 0xff, 0x10, 0x00, 0x00, 0x00, 0x00, 0xaf, 0xf1, 0x00, 0x00, 0x00, 0x00, 0x0a,
    0xff, 0x10, 0x00, 0x00, 0x00, 0x00, 0xaf, 0xf1, 0x00, 0x00, 0x00, 0x00, 0x0a, 0xff, 0x10, 0x00,
    0x00, 0x00, 0x00, 0xaf, 0xf1, 0x00, 0x00, 0x00, 0x00, 0x0a, 0xff, 0x10, 0x00, 0x00, 0x00, 0x00,
    0xaf, 0xf1, 0x00, 0x00, 0x00, 0x00, 0x0a, 0xff, 0x10, 0x00, 0x00, 0x00, 0x00, 0xaf, 0xf1, 0x00,
    0x00, 0x00, 0x00, 0x0a, 0xff, 0x10, 0x00, 0x00, 0x00, 0x00, 0xaf, 0xf1, 0x00, 0x00, 0x00, 0x00,
    0x0a, 0xff, 0x10, 0x00, 0x00, 0x00, 0x00, 0xaf, 0xf1, 0x00, 0x00, 0x00, 0x00, 0x0a, 0xff, 0x10,
    0x00, 0x00, 0x00, 0x00, 0xaf, 0xff, 0xff, 0xf2, 0x00, 0x00, 0x0a, 0xff, 0xff, 0xff, 0x20, 0x00,
    0x00, 0x11, 0x11, 0x11, 0x10, 0x00, 0x00, 0x00, 0x00, 0x00, 0x00, 0x00, 0x00, 0x00, 0x00, 0x00,
    0x00, 0x00, 0x00, 0x00, 0x15, 0x51, 0x00, 0x00, 0x00, 0x00, 0x00, 0x02, 0xff, 0x60, 0x00, 0x00,
    0x00, 0x00, 0x00, 0x0c, 0xfa, 0x00, 0x00, 0x00, 0x00, 0x00, 0x00, 0x8f, 0xe0, 0x00, 0x00, 0x00,
    0x00, 0x00, 0x04, 0xff, 0x40, 0x00, 0x00, 0x00, 0x00, 0x00, 0x0e, 0xf8, 0x00, 0x00, 0x00, 0x00,
    0x00, 0x00, 0xaf, 0xd0, 0x00, 0x00, 0x00, 0x00, 0x00, 0x06, 0xff, 0x20, 0x00, 0x00, 0x00, 0x00,
    0x00, 0x2f, 0xf6, 0x00, 0x00, 0x00, 0x00, 0x00, 0x00, 0xdf, 0xa0, 0x00, 0x00, 0x00, 0x00, 0x00,
    0x08, 0xfe, 0x00, 0x00, 0x00, 0x00, 0x00, 0x00, 0x4f, 0xf4, 0x00, 0x00, 0x00, 0x00, 0x00, 0x00,
    0xef, 0x80, 0x00, 0x00, 0x00, 0x00, 0x00, 0x0b, 0xfc, 0x00, 0x00, 0x00, 0x00, 0x00, 0x00, 0x6f,
    0xf2, 0x00, 0x00, 0x00, 0x00, 0x00, 0x02, 0xff, 0x60, 0x00, 0x00, 0x00, 0x00, 0x00, 0x0d, 0xfa,
    0x00, 0x00, 0x00, 0x00, 0x00, 0x00, 0x9f, 0xe0, 0x00, 0x00, 0x00, 0x00, 0x00, 0x04, 0xff, 0x30,
    0x00, 0x00, 0x00, 0x00, 0x00, 0x1f, 0xf8, 0x00, 0x00, 0x00, 0x00, 0x00, 0x00, 0xbf, 0xc0, 0x00,
    0x00, 0x00, 0x00, 0x00, 0x07, 0xff, 0x10, 0x00, 0x00, 0x00, 0x00, 0x00, 0x2f, 0xf5, 0x00, 0x00,
    0x00, 0x00, 0x00, 0x00, 0xdf, 0xa0, 0x00, 0x00, 0x00, 0x00, 0x00, 0x09, 0xfe, 0x00, 0x00, 0x00,
    0x00, 0x00, 0x00, 0x5f, 0xf3, 0x00, 0x00, 0x00, 0x00, 0x00, 0x01, 0xff, 0x80, 0x00, 0x00, 0x00,
    0x00, 0x00, 0x0b, 0xfc, 0x00, 0x00, 0x00, 0x00, 0x00, 0x00, 0x7f, 0xf1, 0x00, 0x00, 0x00, 0x00,
    0x00, 0x03, 0xff, 0x50, 0x00, 0x00, 0x00, 0x00, 0x00, 0x0d, 0xfa, 0x00, 0x00, 0x00, 0x00, 0x00,
    0x00, 0x9f, 0xe0, 0x00, 0x00, 0x00, 0x00, 0x00, 0x00, 0x00, 0x00, 0x00, 0x00, 0x00, 0x00, 0x00,
    0x00, 0x00, 0x00, 0x11, 0x11, 0x11, 0x00, 0x00, 0x00, 0xbf, 0xff, 0xff, 0xf1, 0x00, 0x00, 0x0b,
    0xff, 0xff, 0xff, 0x10, 0x00, 0x00, 0x00, 0x00, 0xbf, 0xf1, 0x00, 0x00, 0x00, 0x00, 0x0b, 0xff,
    0x10, 0x00, 0x00, 0x00, 0x00, 0xbf, 0xf1, 0x00, 0x00, 0x00, 0x00, 0x0b, 0xff, 0x10, 0x00, 0x00,
    0x00, 0x00, 0xbf, 0xf1, 0x00, 0x00, 0x00, 0x00, 0x0b, 0xff, 0x10, 0x00, 0x00, 0x00, 0x00, 0xbf,
    0xf1, 0x00, 0x00, 0x00, 0x00, 0x0b, 0xff, 0x10, 0x00, 0x00, 0x00, 0x00, 0xbf, 0xf1, 0x00, 0x00,
    0x00, 0x00, 0x0b, 0xff, 0x10, 0x00, 0x00, 0x00, 0x00, 0xbf, 0xf1, 0x00, 0x00, 0x00, 0x00, 0x0b,
    0xff, 0x10, 0x00, 0x00, 0x00, 0x00, 0xbf, 0xf1, 0x00, 0x00, 0x00, 0x00, 0x0b, 0xff, 0x10, 0x00,
    0x00, 0x00, 0x00, 0xbf, 0xf1, 0x00, 0x00, 0x00, 0x00, 0x0b, 0xff, 0x10, 0x00, 0x00, 0x00, 0x00,
    0xbf, 0xf1, 0x00, 0x00, 0x00, 0x00, 0x0b, 0xff, 0x10, 0x00, 0x00, 0x00, 0x00, 0xbf, 0xf1, 0x00,
    0x00, 0x00, 0x00, 0x0b, 0xff, 0x10, 0x00, 0x00, 0x00, 0x00, 0xbf, 0xf1, 0x00, 0x00, 0x00, 0x00,
    0x0b, 0xff, 0x10, 0x00, 0x00, 0x00, 0x00, 0xbf, 0xf1, 0x00, 0x00, 0x00, 0x00, 0x0b, 0xff, 0x10,
    0x00, 0x00, 0x00, 0x00, 0xbf, 0xf1, 0x00, 0x00, 0x00, 0x00, 0x0b, 0xff, 0x10, 0x00, 0x00, 0xbf,
    0xff, 0xff, 0xf1, 0x00, 0x00, 0x0b, 0xff, 0xff, 0xff, 0x10, 0x00, 0x00, 0x11, 0x11, 0x11, 0x10,
    0x00, 0x00, 0x00, 0x00, 0x00, 0x00, 0x00, 0x00, 0x00, 0x00, 0x00, 0x00, 0x00, 0x00, 0x00, 0x00,
    0x00, 0x00, 0x00, 0x00, 0x00, 0x00, 0xaf, 0xfd, 0x00, 0x00, 0x00, 0x00, 0x00, 0x00, 0x00, 0x01,
    0xff, 0xff, 0x40, 0x00, 0x00, 0x00, 0x00, 0x00, 0x00, 0x07, 0xff, 0xff, 0xa0, 0x00, 0x00, 0x00,
    0x00, 0x00, 0x00, 0x0c, 0xff, 0xdf, 0xf1, 0x00, 0x00, 0x00, 0x00, 0x00, 0x00, 0x3f, 0xfa, 0x6f,
    0xf7, 0x00, 0x00, 0x00, 0x00, 0x00, 0x00, 0x9f, 0xf4, 0x1f, 0xfd, 0x00, 0x00, 0x00, 0x00, 0x00,
    0x01, 0xef, 0xe0, 0x0b, 0xff, 0x30, 0x00, 0x00, 0x00, 0x00, 0x06, 0xff, 0x90, 0x05, 0xff, 0x90,
    0x00, 0x00, 0x00, 0x00, 0x0c, 0xff, 0x30, 0x01, 0xef, 0xe1, 0x00, 0x00, 0x00, 0x00, 0x3f, 0xfd,
    0x00, 0x00, 0x9f, 0xf6, 0x00, 0x00, 0x00, 0x00, 0x9f, 0xf7, 0x00, 0x00, 0x4f, 0xfc, 0x00, 0x00,
    0x00, 0x00, 0xef, 0xf2, 0x00, 0x00, 0x0d, 0xff, 0x30, 0x00, 0x00, 0x05, 0xff, 0xb0, 0x00, 0x00,
    0x08, 0xff, 0x90, 0x00, 0x00, 0x0b, 0xff, 0x50, 0x00, 0x00, 0x02, 0xff, 0xe1, 0x00, 0x00, 0x00,
    0x00, 0x00, 0x00, 0x00, 0x00, 0x00, 0x00, 0x00, 0x00, 0x00, 0x00, 0x00, 0x00, 0x00, 0x00, 0x00,
    0x00, 0x00, 0x00, 0x00, 0x00, 0x00, 0x00, 0x00, 0x00, 0x00, 0x00, 0x00, 0x00, 0x00, 0x00, 0x00,
    0x00, 0x00, 0x00, 0x00, 0x00, 0x00, 0x00, 0x00, 0x00, 0x00, 0x00, 0x00, 0x00, 0x00, 0x00, 0x00,
    0x00, 0x00, 0x00, 0x00, 0x00, 0x00, 0x00, 0x00, 0x00, 0x00, 0x00, 0x00, 0x00, 0x00, 0x00, 0x00,
    0x00, 0x00, 0x00, 0x00, 0x00, 0x00, 0x00, 0x00, 0x00, 0x00, 0x00, 0x00, 0x00, 0x00, 0x00, 0x00,
    0x00, 0x00, 0x00, 0x00, 0x00, 0x00, 0x00, 0x00, 0x00, 0x00, 0x00, 0x00, 0x00, 0x00, 0x00, 0x00,
    0x00, 0x00, 0x00, 0x00, 0x00, 0x00, 0x00, 0x00, 0x00, 0x00, 0x00, 0x00, 0x00, 0x00, 0x00, 0x00,
    0x00, 0x00, 0x00, 0x00, 0x00, 0x00, 0x00, 0x00, 0x00, 0x00, 0x00, 0x00, 0x00, 0x00, 0x00, 0x00,
    0x00, 0x00, 0x00, 0x00, 0x00, 0x00, 0x00, 0x00, 0x00, 0x00, 0x02, 0x44, 0x44, 0x44, 0x44, 0x44,
    0x44, 0x44, 0x44, 0x20, 0x08, 0xff, 0xff, 0xff, 0xff, 0xff, 0xff, 0xff, 0xff, 0x80, 0x08, 0xff,
    0xff, 0xff, 0xff, 0xff, 0xff, 0xff, 0xff, 0x80, 0x00, 0x00, 0x00, 0x00, 0x00, 0x00, 0x00, 0x00,
    0x00, 0x00, 0x00, 0x00, 0x00, 0x00, 0x00, 0x00, 0x00, 0x00, 0x00, 0x00, 0x00, 0x00, 0x00, 0x05,
    0x66, 0x62, 0x00, 0x00, 0x00, 0x00, 0x00, 0x00, 0x00, 0x00, 0x07, 0xff, 0xfd, 0x10, 0x00, 0x00,
    0x00, 0x00, 0x00, 0x00, 0x00, 0x00, 0x7f, 0xff, 0x90, 0x00, 0x00, 0x00, 0x00, 0x00, 0x00, 0x00,
    0x00, 0x07, 0xff, 0xf5, 0x00, 0x00, 0x00, 0x00, 0x00, 0x00, 0x00, 0x00, 0x00, 0x6f, 0xfe, 0x20,
    0x00, 0x00, 0x00, 0x00, 0x00, 0x00, 0x00, 0x00, 0x06, 0xff, 0xc0, 0x00, 0x00, 0x00, 0x00, 0x00,
    0x00, 0x00, 0x00, 0x00, 0x6b, 0xb5, 0x00, 0x00, 0x00, 0x00, 0x00, 0x00, 0x00, 0x00, 0x00, 0x00,
    0x00, 0x00, 0x00, 0x00, 0x00, 0x00, 0x00, 0x00, 0x00, 0x00, 0x00, 0x00, 0x00, 0x00, 0x00, 0x00,
    0x00, 0x00, 0x00, 0x00, 0x00, 0x00, 0x00, 0x00, 0x00, 0x00, 0x00, 0x00, 0x00, 0x00, 0x00, 0x00,
    0x00, 0x00, 0x00, 0x00, 0x00, 0x00, 0x00, 0x00, 0x00, 0x00, 0x00, 0x00, 0x00, 0x00, 0x00, 0x00,
    0x00, 0x00, 0x00, 0x00, 0x00, 0x00, 0x00, 0x00, 0x00, 0x00, 0x00, 0x00, 0x00, 0x00, 0x00, 0x00,
    0x00, 0x00, 0x00, 0x00, 0x00, 0x00, 0x00, 0x00, 0x00, 0x00, 0x00, 0x00, 0x00, 0x00, 0x00, 0x00,
    0x00, 0x00, 0x00, 0x00, 0x00, 0x00, 0x00, 0x00, 0x00, 0x00, 0x00, 0x00, 0x00, 0x00, 0x00, 0x00,
    0x00, 0x00, 0x00, 0x00, 0x00, 0x00, 0x00, 0x00, 0x00, 0x00, 0x00, 0x00, 0x00, 0x00, 0x00, 0x00,
    0x00, 0x00, 0x00, 0x00, 0x00, 0x00, 0x00, 0x00, 0x00, 0x00, 0x00, 0x00, 0x00, 0x00, 0x00, 0x00,
    0x00, 0x00, 0x00, 0x00, 0x00, 0x00, 0x00, 0x00, 0x00, 0x00, 0x00, 0x00, 0x00, 0x00, 0x00, 0x00,
    0x00, 0x00, 0x00, 0x00, 0x00, 0x00, 0x00, 0x00, 0x00, 0x00, 0x00, 0x00, 0x00, 0x00, 0x00, 0x00,
    0x00, 0x00, 0x00, 0x00, 0x00, 0x00, 0x00, 0x00, 0x00, 0x00, 0x00, 0x00, 0x00, 0x00, 0x00, 0x00,
    0x00, 0x00, 0x00, 0x00, 0x00, 0x00, 0x00, 0x00, 0x00, 0x00, 0x00, 0x00, 0x00, 0x00, 0x00, 0x00,
    0x00, 0x00, 0x00, 0x00, 0x00, 0x00, 0x00, 0x00, 0x00, 0x00, 0x00, 0x00, 0x00, 0x00, 0x00, 0x00,
    0x00, 0x00, 0x00, 0x00, 0x00, 0x00, 0x00, 0x00, 0x00, 0x00, 0x00, 0x00, 0x00, 0x00, 0x00, 0x00,
    0x00, 0x00, 0x00, 0x00, 0x00, 0x00, 0x00, 0x00, 0x00, 0x00, 0x00, 0x00, 0x00, 0x00, 0x38, 0xcd,
    0xfe, 0xb6, 0x00, 0x00, 0x00, 0x00, 0x00, 0x3b, 0xff, 0xff, 0xff, 0xff, 0xa1, 0x00, 0x00, 0x00,
    0x05, 0xff, 0xff, 0xff, 0xff, 0xff, 0xfa, 0x00, 0x00, 0x00, 0x00, 0xdf, 0xd7, 0x31, 0x26, 0xef,
    0xff, 0x30, 0x00, 0x00, 0x00, 0x46, 0x00, 0x00, 0x00, 0x4f, 0xff, 0x90, 0x00, 0x00, 0x00, 0x00,
    0x00, 0x00, 0x00, 0x0e, 0xff, 0xb0, 0x00, 0x00, 0x00, 0x00, 0x00, 0x00, 0x00, 0x1c, 0xff, 0xd0,
    0x00, 0x00, 0x00, 0x00, 0x01, 0x58, 0xce, 0xff, 0xff, 0xe0, 0x00, 0x00, 0x00, 0x02, 0xaf, 0xff,
    0xff, 0xff, 0xff, 0xe0, 0x00, 0x00, 0x00, 0x7f, 0xff, 0xea, 0x63, 0x1b, 0xff, 0xe0, 0x00, 0x00,
    0x05, 0xff, 0xfa, 0x10, 0x00, 0x0b, 0xff, 0xe0, 0x00, 0x00, 0x0d, 0xff, 0xa0, 0x00, 0x00, 0x0b,
    0xff, 0xe0, 0x00, 0x00, 0x2f, 0xff, 0x60, 0x00, 0x00, 0x0b, 0xff, 0xe0, 0x00, 0x00, 0x3f, 0xff,
    0x70, 0x00, 0x00, 0x6e, 0xff, 0xe0, 0x00, 0x00, 0x1f, 0xff, 0xe3, 0x00, 0x3a, 0xff, 0xff, 0xe0,
    0x00, 0x00, 0x0c, 0xff, 0xff, 0xbe, 0xff, 0xfc, 0xff, 0xe0, 0x00, 0x00, 0x03, 0xff, 0xff, 0xff,
    0xfd, 0x43, 0xff, 0xe0, 0x00, 0x00, 0x00, 0x4d, 0xff, 0xec, 0x71, 0x02, 0xff, 0xe0, 0x00, 0x00,
    0x00, 0x00, 0x35, 0x00, 0x00, 0x00, 0x00, 0x00, 0x00, 0x00, 0x00, 0x00, 0x00, 0x00, 0x00, 0x00,
    0x00, 0x00, 0x00, 0x00, 0x00, 0x00, 0x00, 0x00, 0x00, 0x00, 0x00, 0x00, 0x00, 0x00, 0x00, 0x01,
    0x77, 0x73, 0x00, 0x00, 0x00, 0x00, 0x00, 0x00, 0x00, 0x00, 0x03, 0xff, 0xf7, 0x00, 0x00, 0x00,
    0x00, 0x00, 0x00, 0x00, 0x00, 0x03, 0xff, 0xf7, 0x00, 0x00, 0x00, 0x00, 0x00, 0x00, 0x00, 0x00,
    0x03, 0xff, 0xf7, 0x00, 0x00, 0x00, 0x00, 0x00, 0x00, 0x00, 0x00, 0x03, 0xff, 0xf7, 0x00, 0x00,
    0x00, 0x00, 0x00, 0x00, 0x00, 0x00, 0x03, 0xff, 0xf7, 0x00, 0x00, 0x00, 0x00, 0x00, 0x00, 0x00,
    0x00, 0x03, 0xff, 0xf7, 0x00, 0x00, 0x00, 0x00, 0x00, 0x00, 0x00, 0x00, 0x03, 0xff, 0xf7, 0x00,
    0x00, 0x00, 0x00, 0x00, 0x00, 0x00, 0x00, 0x03, 0xff, 0xf6, 0x02, 0x9d, 0xfe, 0xb5, 0x00, 0x00,
    0x00, 0x00, 0x03, 0xff, 0xf6, 0x7f, 0xff, 0xff, 0xff, 0xb1, 0x00, 0x00, 0x00, 0x03, 0xff, 0xfe,
    0xff, 0xff, 0xff, 0xff, 0xfb, 0x00, 0x00, 0x00, 0x03, 0xff, 0xff, 0xfa, 0x42, 0x48, 0xff, 0xff,
    0x40, 0x00, 0x00, 0x03, 0xff, 0xfe, 0x40, 0x00, 0x00, 0x6f, 0xff, 0xb0, 0x00, 0x00, 0x03, 0xff,
    0xf7, 0x00, 0x00, 0x00, 0x0d, 0xff, 0xf2, 0x00, 0x00, 0x03, 0xff, 0xf7, 0x00, 0x00, 0x00, 0x08,
    0xff, 0xf4, 0x00, 0x00, 0x03, 0xff, 0xf7, 0x00, 0x00, 0x00, 0x06, 0xff, 0xf6, 0x00, 0x00, 0x03,
    0xff, 0xf7, 0x00, 0x00, 0x00, 0x04, 0xff, 0xf8, 0x00, 0x00, 0x03, 0xff, 0xf7, 0x00, 0x00, 0x00,
    0x05, 0xff, 0xf7, 0x00, 0x00, 0x03, 0xff, 0xf7, 0x00, 0x00, 0x00, 0x07, 0xff, 0xf6, 0x00, 0x00,
    0x03, 0xff, 0xf7, 0x00, 0x00, 0x00, 0x0a, 0xff, 0xf3, 0x00, 0x00, 0x03, 0xff, 0xf7, 0x00, 0x00,
    0x00, 0x2f, 0xff, 0xe0, 0x00, 0x00, 0x03, 0xff, 0xfa, 0x10, 0x00, 0x01, 0xbf, 0xff, 0x80, 0x00,
    0x00, 0x03, 0xff, 0xff, 0xe6, 0x02, 0x6c, 0xff, 0xfe, 0x10, 0x00, 0x00, 0x03, 0xff, 0xff, 0xff,
    0xee, 0xff, 0xff, 0xf4, 0x00, 0x00, 0x00, 0x03, 0xff, 0xe7, 0xff, 0xff, 0xff, 0xfe, 0x40, 0x00,
    0x00, 0x00, 0x03, 0xff, 0xc0, 0x4c, 0xff, 0xec, 0x71, 0x00, 0x00, 0x00, 0x00, 0x00, 0x00, 0x00,
    0x00, 0x36, 0x00, 0x00, 0x00, 0x00, 0x00, 0x00, 0x00, 0x00, 0x00, 0x00, 0x00, 0x00, 0x00, 0x00,
    0x00, 0x00, 0x00, 0x00, 0x00, 0x00, 0x00, 0x00, 0x00, 0x00, 0x00, 0x00, 0x00, 0x00, 0x00, 0x38,
    0xce, 0xfd, 0xa3, 0x00, 0x00, 0x00, 0x00, 0x01, 0xaf, 0xff, 0xff, 0xff, 0xf8, 0x10, 0x00, 0x00,
    0x01, 0xdf, 0xff, 0xff, 0xff, 0xff, 0xe2, 0x00, 0x00, 0x00, 0xbf, 0xff, 0xe7, 0x41, 0x49, 0xe3,
    0x00, 0x00, 0x00, 0x6f, 0xff, 0xd3, 0x00, 0x00, 0x01, 0x00, 0x00, 0x00, 0x0d, 0xff, 0xf5, 0x00,
    0x00, 0x00, 0x00, 0x00, 0x00, 0x02, 0xff, 0xfc, 0x00, 0x00, 0x00, 0x00, 0x00, 0x00, 0x00, 0x5f,
    0xff, 0x80, 0x00, 0x00, 0x00, 0x00, 0x00, 0x00, 0x06, 0xff, 0xf6, 0x00, 0x00, 0x00, 0x00, 0x00,
    0x00, 0x00, 0x6f, 0xff, 0x60, 0x00, 0x00, 0x00, 0x00, 0x00, 0x00, 0x05, 0xff, 0xf8, 0x00, 0x00,
    0x00, 0x00, 0x00, 0x00, 0x00, 0x3f, 0xff, 0xb0, 0x00, 0x00, 0x00, 0x00, 0x00, 0x00, 0x00, 0xdf,
    0xff, 0x40, 0x00, 0x00, 0x00, 0x00, 0x00, 0x00, 0x07, 0xff, 0xfd, 0x20, 0x00, 0x00, 0x22, 0x00,
    0x00, 0x00, 0x1d, 0xff, 0xfe, 0x73, 0x24, 0x8f, 0xc0, 0x00, 0x00, 0x00, 0x3e, 0xff, 0xff, 0xff,
    0xff, 0xff, 0x60, 0x00, 0x00, 0x00, 0x2c, 0xff, 0xff, 0xff, 0xff, 0x70, 0x00, 0x00, 0x00, 0x00,
    0x05, 0xad, 0xee, 0xd9, 0x20, 0x00, 0x00, 0x00, 0x00, 0x00, 0x00, 0x00, 0x00, 0x00, 0x00, 0x00,
    0x00, 0x00, 0x00, 0x00, 0x00, 0x00, 0x00, 0x00, 0x00, 0x00, 0x00, 0x00, 0x00, 0x00, 0x00, 0x00,
    0x00, 0x00, 0x27, 0x77, 0x30, 0x00, 0x00, 0x00, 0x00, 0x00, 0x00, 0x00, 0x00, 0x4f, 0xff, 0x60,
    0x00, 0x00, 0x00, 0x00, 0x00, 0x00, 0x00, 0x00, 0x4f, 0xff, 0x60, 0x00, 0x00, 0x00, 0x00, 0x00,
    0x00, 0x00, 0x00, 0x4f, 0xff, 0x60, 0x00, 0x00, 0x00, 0x00, 0x00, 0x00, 0x00, 0x00, 0x4f, 0xff,
    0x60, 0x00, 0x00, 0x00, 0x00, 0x00, 0x00, 0x00, 0x00, 0x4f, 0xff, 0x60, 0x00, 0x00, 0x00, 0x00,
    0x00, 0x00, 0x00, 0x00, 0x4f, 0xff, 0x60, 0x00, 0x00, 0x00, 0x00, 0x00, 0x00, 0x00, 0x00, 0x4f,
    0xff, 0x60, 0x00, 0x00, 0x00, 0x00, 0x06, 0xbe, 0xed, 0x81, 0x3f, 0xff, 0x60, 0x00, 0x00, 0x00,
    0x03, 0xdf, 0xff, 0xff, 0xfd, 0x6f, 0xff, 0x60, 0x00, 0x00, 0x00, 0x2e, 0xff, 0xff, 0xff, 0xff,
    0xff, 0xff, 0x60, 0x00, 0x00, 0x00, 0xcf, 0xff, 0xe6, 0x23, 0x6d, 0xff, 0xff, 0x60, 0x00, 0x00,
    0x06, 0xff, 0xfd, 0x20, 0x00, 0x00, 0x8f, 0xff, 0x60, 0x00, 0x00, 0x0c, 0xff, 0xf4, 0x00, 0x00,
    0x00, 0x4f, 0xff, 0x60, 0x00, 0x00, 0x1f, 0xff, 0xc0, 0x00, 0x00, 0x00, 0x4f, 0xff, 0x60, 0x00,
    0x00, 0x4f, 0xff, 0x90, 0x00, 0x00, 0x00, 0x4f, 0xff, 0x60, 0x00, 0x00, 0x5f, 0xff, 0x70, 0x00,
    0x00, 0x00, 0x4f, 0xff, 0x60, 0x00, 0x00, 0x6f, 0xff, 0x70, 0x00, 0x00, 0x00, 0x4f, 0xff, 0x60,
    0x00, 0x00, 0x5f, 0xff, 0x90, 0x00, 0x00, 0x00, 0x4f, 0xff, 0x60, 0x00, 0x00, 0x3f, 0xff, 0xb0,
    0x00, 0x00, 0x00, 0x4f, 0xff, 0x60, 0x00, 0x00, 0x1f, 0xff, 0xf2, 0x00, 0x00, 0x00, 0x4f, 0xff,
    0x60, 0x00, 0x00, 0x0b, 0xff, 0xfa, 0x00, 0x00, 0x02, 0xdf, 0xff, 0x60, 0x00, 0x00, 0x05, 0xff,
    0xff, 0xa1, 0x03, 0x7e, 0xff, 0xff, 0x60, 0x00, 0x00, 0x00, 0xcf, 0xff, 0xff, 0xdf, 0xff, 0xde,
    0xff, 0x60, 0x00, 0x00, 0x00, 0x2d, 0xff, 0xff, 0xff, 0xfa, 0x1c, 0xff, 0x60, 0x00, 0x00, 0x00,
    0x01, 0x9f, 0xff, 0xeb, 0x50, 0x0a, 0xff, 0x60, 0x00, 0x00, 0x00, 0x00, 0x01, 0x55, 0x00, 0x00,
    0x00, 0x00, 0x00, 0x00, 0x00, 0x00, 0x00, 0x00, 0x00, 0x00, 0x00, 0x00, 0x00, 0x00, 0x00, 0x00,
    0x00, 0x00, 0x00, 0x00, 0x00, 0x00, 0x00, 0x00, 0x00, 0x00, 0x00, 0x00, 0x04, 0xad, 0xfe, 0xb6,
    0x00, 0x00, 0x00, 0x00, 0x00, 0x01, 0xbf, 0xff, 0xff, 0xff, 0xb2, 0x00, 0x00, 0x00, 0x00, 0x2d,
    0xff, 0xff, 0xff, 0xff, 0xfe, 0x10, 0x00, 0x00, 0x00, 0xcf, 0xff, 0x92, 0x01, 0x6e, 0xff, 0x90,
    0x00, 0x00, 0x06, 0xff, 0xf6, 0x00, 0x00, 0x04, 0xff, 0xf2, 0x00, 0x00, 0x0d, 0xff, 0xb0, 0x00,
    0x00, 0x00, 0xbf, 0xf6, 0x00, 0x00, 0x2f, 0xff, 0x60, 0x00, 0x00, 0x00, 0x9f, 0xf8, 0x00, 0x00,
    0x5f, 0xff, 0x98, 0x88, 0x88, 0x88, 0xbf, 0xfa, 0x00, 0x00, 0x6f, 0xff, 0xff, 0xff, 0xff, 0xff,
    0xff, 0xfb, 0x00, 0x00, 0x6f, 0xff, 0xff, 0xff, 0xff, 0xff, 0xff, 0xfa, 0x00, 0x00, 0x5f, 0xff,
    0x30, 0x00, 0x00, 0x00, 0x00, 0x00, 0x00, 0x00, 0x3f, 0xff, 0x80, 0x00, 0x00, 0x00, 0x00, 0x00,
    0x00, 0x00, 0x0d, 0xff, 0xd1, 0x00, 0x00, 0x00, 0x00, 0x00, 0x00, 0x00, 0x07, 0xff, 0xfa, 0x00,
    0x00, 0x00, 0x00, 0x00, 0x00, 0x00, 0x01, 0xdf, 0xff, 0xc4, 0x10, 0x13, 0x7d, 0x30, 0x00, 0x00,
    0x00, 0x2d, 0xff, 0xff, 0xfe, 0xff, 0xff, 0xb0, 0x00, 0x00, 0x00, 0x01, 0xbf, 0xff, 0xff, 0xff,
    0xfd, 0x60, 0x00, 0x00, 0x00, 0x00, 0x04, 0x9d, 0xef, 0xda, 0x60, 0x00, 0x00, 0x00, 0x00, 0x00,
    0x00, 0x00, 0x00, 0x00, 0x00, 0x00, 0x00, 0x00, 0x00, 0x00, 0x00, 0x00, 0x00, 0x00, 0x00, 0x00,
    0x00, 0x01, 0x8b, 0xee, 0xd9, 0x00, 0x00, 0x00, 0x02, 0xdf, 0xff, 0xff, 0xc0, 0x00, 0x00, 0x00,
    0xbf, 0xff, 0xff, 0xf7, 0x00, 0x00, 0x00, 0x3f, 0xff, 0xc2, 0x02, 0x10, 0x00, 0x00, 0x06, 0xff,
    0xf4, 0x00, 0x00, 0x00, 0x00, 0x00, 0x8f, 0xff, 0x20, 0x00, 0x00, 0x00, 0x00, 0x09, 0xff, 0xf1,
    0x00, 0x00, 0x00, 0x00, 0x00, 0x9f, 0xff, 0x10, 0x00, 0x00, 0x00, 0x2c, 0xef, 0xff, 0xff, 0xff,
    0x90, 0x00, 0x03, 0xff, 0xff, 0xff, 0xff, 0xf9, 0x00, 0x00, 0x3f, 0xff, 0xff, 0xff, 0xff, 0x90,
    0x00, 0x00, 0x00, 0x9f, 0xff, 0x10, 0x00, 0x00, 0x00, 0x00, 0x09, 0xff, 0xf1, 0x00, 0x00, 0x00,
    0x00, 0x00, 0x9f, 0xff, 0x10, 0x00, 0x00, 0x00, 0x00, 0x09, 0xff, 0xf1, 0x00, 0x00, 0x00, 0x00,
    0x00, 0x9f, 0xff, 0x10, 0x00, 0x00, 0x00, 0x00, 0x09, 0xff, 0xf1, 0x00, 0x00, 0x00, 0x00, 0x00,
    0x9f, 0xff, 0x10, 0x00, 0x00, 0x00, 0x00, 0x09, 0xff, 0xf1, 0x00, 0x00, 0x00, 0x00, 0x00, 0x9f,
    0xff, 0x10, 0x00, 0x00, 0x00, 0x00, 0x09, 0xff, 0xf1, 0x00, 0x00, 0x00, 0x00, 0x00, 0x9f, 0xff,
    0x10, 0x00, 0x00, 0x00, 0x00, 0x09, 0xff, 0xf1, 0x00, 0x00, 0x00, 0x00, 0x00, 0x9f, 0xff, 0x10,
    0x00, 0x00, 0x00, 0x00, 0x09, 0xff, 0xf1, 0x00, 0x00, 0x00, 0x00, 0x00, 0x9f, 0xff, 0x10, 0x00,
    0x00, 0x00, 0x00, 0x00, 0x00, 0x00, 0x00, 0x00, 0x00, 0x00, 0x00, 0x00, 0x00, 0x00, 0x00, 0x00,
    0x00, 0x00, 0x00, 0x00, 0x00, 0x00, 0x02, 0x9b, 0xee, 0xef, 0xff, 0xff, 0xfb, 0x00, 0x00, 0x00,
    0x08, 0xff, 0xff, 0xff, 0xff, 0xff, 0xff, 0xb0, 0x00, 0x00, 0x08, 0xff, 0xfd, 0xaa, 0xef, 0xff,
    0xdc, 0xc9, 0x00, 0x00, 0x04, 0xff, 0xfa, 0x10, 0x01, 0xbf, 0xfa, 0x00, 0x00, 0x00, 0x00, 0xaf,
    0xfe, 0x10, 0x00, 0x02, 0xff, 0xf3, 0x00, 0x00, 0x00, 0x0c, 0xff, 0xa0, 0x00, 0x00, 0x0d, 0xff,
    0x60, 0x00, 0x00, 0x00, 0xdf, 0xfa, 0x00, 0x00, 0x00, 0xcf, 0xf7, 0x00, 0x00, 0x00, 0x0a, 0xff,
    0xd0, 0x00, 0x00, 0x1f, 0xff, 0x50, 0x00, 0x00, 0x00, 0x4f, 0xff, 0x80, 0x00, 0x0a, 0xff, 0xe1,
    0x00, 0x00, 0x00, 0x00, 0x7f, 0xff, 0xb7, 0x7c, 0xff, 0xf4, 0x00, 0x00, 0x00, 0x00, 0x00, 0xbf,
    0xff, 0xff, 0xff, 0xe6, 0x00, 0x00, 0x00, 0x00, 0x00, 0x6f, 0xfa, 0xbe, 0xeb, 0x81, 0x00, 0x00,
    0x00, 0x00, 0x00, 0x3f, 0xfb, 0x00, 0x00, 0x00, 0x00, 0x00, 0x00, 0x00, 0x00, 0x07, 0xff, 0x80,
    0x00, 0x00, 0x00, 0x00, 0x00, 0x00, 0x00, 0x00, 0x6f, 0xfe, 0x40, 0x00, 0x00, 0x00, 0x00, 0x00,
    0x00, 0x00, 0x02, 0xff, 0xff, 0xfe, 0xee, 0xed, 0xca, 0x40, 0x00, 0x00, 0x00, 0x05, 0xff, 0xff,
    0xff, 0xff, 0xff, 0xff, 0xb1, 0x00, 0x00, 0x00, 0x9f, 0xff, 0xff, 0xff, 0xff, 0xff, 0xff, 0x90,
    0x00, 0x00, 0xaf, 0xf9, 0x00, 0x00, 0x00, 0x26, 0xef, 0xfd, 0x00, 0x00, 0x4f, 0xfd, 0x00, 0x00,
    0x00, 0x00, 0x0a, 0xff, 0xe0, 0x00, 0x07, 0xff, 0xb0, 0x00, 0x00, 0x00, 0x00, 0xdf, 0xfb, 0x00,
    0x00, 0x5f, 0xff, 0x60, 0x00, 0x00, 0x01, 0xaf, 0xff, 0x40, 0x00, 0x00, 0xcf, 0xff, 0xd9, 0x77,
    0x8b, 0xff, 0xff, 0x60, 0x00, 0x00, 0x01, 0xbf, 0xff, 0xff, 0xff, 0xff, 0xfb, 0x30, 0x00, 0x00,
    0x00, 0x00, 0x39, 0xcd, 0xfe, 0xca, 0x82, 0x00, 0x00, 0x00, 0x00, 0x00, 0x00, 0x00, 0x00, 0x00,
    0x00, 0x00, 0x00, 0x00, 0x00, 0x00, 0x00, 0x00, 0x00, 0x00, 0x00, 0x00, 0x00, 0x00, 0x00, 0x00,
    0x00, 0x01, 0x77, 0x73, 0x00, 0x00, 0x00, 0x00, 0x00, 0x00, 0x00, 0x00, 0x03, 0xff, 0xf7, 0x00,
    0x00, 0x00, 0x00, 0x00, 0x00, 0x00, 0x00, 0x03, 0xff, 0xf7, 0x00, 0x00, 0x00, 0x00, 0x00, 0x00,
    0x00, 0x00, 0x03, 0xff, 0xf7, 0x00, 0x00, 0x00, 0x00, 0x00, 0x00, 0x00, 0x00, 0x03, 0xff, 0xf7,
    0x00, 0x00, 0x00, 0x00, 0x00, 0x00, 0x00, 0x00, 0x03, 0xff, 0xf7, 0x00, 0x00, 0x00, 0x00, 0x00,
    0x00, 0x00, 0x00, 0x03, 0xff, 0xf7, 0x00, 0x00, 0x00, 0x00, 0x00, 0x00, 0x00, 0x00, 0x03, 0xff,
    0xf7, 0x00, 0x00, 0x00, 0x00, 0x00, 0x00, 0x00, 0x00, 0x03, 0xff, 0xf6, 0x01, 0x7c, 0xee, 0xb6,
    0x00, 0x00, 0x00, 0x00, 0x03, 0xff, 0xf5, 0x3d, 0xff, 0xff, 0xff, 0xa0, 0x00, 0x00, 0x00, 0x03,
    0xff, 0xfa, 0xef, 0xff, 0xff, 0xff, 0xf6, 0x00, 0x00, 0x00, 0x03, 0xff, 0xff, 0xfd, 0x64, 0x5b,
    0xff, 0xfd, 0x00, 0x00, 0x00, 0x03, 0xff, 0xff, 0x90, 0x00, 0x00, 0xdf, 0xff, 0x20, 0x00, 0x00,
    0x03, 0xff, 0xf9, 0x00, 0x00, 0x00, 0x7f, 0xff, 0x40, 0x00, 0x00, 0x03, 0xff, 0xf7, 0x00, 0x00,
    0x00, 0x5f, 0xff, 0x50, 0x00, 0x00, 0x03, 0xff, 0xf7, 0x00, 0x00, 0x00, 0x4f, 0xff, 0x60, 0x00,
    0x00, 0x03, 0xff, 0xf7, 0x00, 0x00, 0x00, 0x4f, 0xff, 0x60, 0x00, 0x00, 0x03, 0xff, 0xf7, 0x00,
    0x00, 0x00, 0x4f, 0xff, 0x60, 0x00, 0x00, 0x03, 0xff, 0xf7, 0x00, 0x00, 0x00, 0x4f, 0xff, 0x60,
    0x00, 0x00, 0x03, 0xff, 0xf7, 0x00, 0x00, 0x00, 0x4f, 0xff, 0x60, 0x00, 0x00, 0x03, 0xff, 0xf7,
    0x00, 0x00, 0x00, 0x4f, 0xff, 0x60, 0x00, 0x00, 0x03, 0xff, 0xf7, 0x00, 0x00, 0x00, 0x4f, 0xff,
    0x60, 0x00, 0x00, 0x03, 0xff, 0xf7, 0x00, 0x00, 0x00, 0x4f, 0xff, 0x60, 0x00, 0x00, 0x03, 0xff,
    0xf7, 0x00, 0x00, 0x00, 0x4f, 0xff, 0x60, 0x00, 0x00, 0x03, 0xff, 0xf7, 0x00, 0x00, 0x00, 0x4f,
    0xff, 0x60, 0x00, 0x00, 0x03, 0xff, 0xf7, 0x00, 0x00, 0x00, 0x4f, 0xff, 0x60, 0x00, 0x00, 0x00,
    0x00, 0x00, 0x00, 0x00, 0x00, 0x00, 0x00, 0x00, 0x00, 0x00, 0x00, 0x00, 0x00, 0x00, 0x00, 0x00,
    0x02, 0x53, 0x00, 0x00, 0x00, 0x04, 0xff, 0xf6, 0x00, 0x00, 0x00, 0xaf, 0xff, 0xc0, 0x00, 0x00,
    0x08, 0xff, 0xfb, 0x00, 0x00, 0x00, 0x1b, 0xec, 0x20, 0x00, 0x00, 0x00, 0x00, 0x00, 0x00, 0x00,
    0x00, 0x00, 0x00, 0x00, 0x00, 0x00, 0x00, 0x00, 0x00, 0x00, 0x00, 0x00, 0x3f, 0xff, 0x70, 0x00,
    0x00, 0x03, 0xff, 0xf7, 0x00, 0x00, 0x00, 0x3f, 0xff, 0x70, 0x00, 0x00, 0x03, 0xff, 0xf7, 0x00,
    0x00, 0x00, 0x3f, 0xff, 0x70, 0x00, 0x00, 0x03, 0xff, 0xf7, 0x00, 0x00, 0x00, 0x3f, 0xff, 0x70,
    0x00, 0x00, 0x03, 0xff, 0xf7, 0x00, 0x00, 0x00, 0x3f, 0xff, 0x70, 0x00, 0x00, 0x03, 0xff, 0xf7,
    0x00, 0x00, 0x00, 0x3f, 0xff, 0x70, 0x00, 0x00, 0x03, 0xff, 0xf7, 0x00, 0x00, 0x00, 0x3f, 0xff,
    0x70, 0x00, 0x00, 0x03, 0xff, 0xf7, 0x00, 0x00, 0x00, 0x3f, 0xff, 0x70, 0x00, 0x00, 0x03, 0xff,
    0xf7, 0x00, 0x00, 0x00, 0x3f, 0xff, 0x70, 0x00, 0x00, 0x03, 0xff, 0xf7, 0x00, 0x00, 0x00, 0x00,
    0x00, 0x00, 0x00, 0x00, 0x00, 0x00, 0x00, 0x00, 0x00, 0x00, 0x00, 0x00, 0x02, 0x53, 0x00, 0x00,
    0x00, 0x00, 0x04, 0xff, 0xf7, 0x00, 0x00, 0x00, 0x00, 0x9f, 0xff, 0xd0, 0x00, 0x00, 0x00, 0x08,
    0xff, 0xfb, 0x00, 0x00, 0x00, 0x00, 0x1b, 0xec, 0x30, 0x00, 0x00, 0x00, 0x00, 0x00, 0x00, 0x00,
    0x00, 0x00, 0x00, 0x00, 0x00, 0x00, 0x00, 0x00, 0x00, 0x00, 0x00, 0x00, 0x00, 0x00, 0x00, 0x00,
    0x3f, 0xff, 0x70, 0x00, 0x00, 0x00, 0x03, 0xff, 0xf7, 0x00, 0x00, 0x00, 0x00, 0x3f, 0xff, 0x70,
    0x00, 0x00, 0x00, 0x03, 0xff, 0xf7, 0x00, 0x00, 0x00, 0x00, 0x3f, 0xff, 0x70, 0x00, 0x00, 0x00,
    0x03, 0xff, 0xf7, 0x00, 0x00, 0x00, 0x00, 0x3f, 0xff, 0x70, 0x00, 0x00, 0x00, 0x03, 0xff, 0xf7,
    0x00, 0x00, 0x00, 0x00, 0x3f, 0xff, 0x70, 0x00, 0x00, 0x00, 0x03, 0xff, 0xf7, 0x00, 0x00, 0x00,
    0x00, 0x3f, 0xff, 0x70, 0x00, 0x00, 0x00, 0x03, 0xff, 0xf7, 0x00, 0x00, 0x00, 0x00, 0x3f, 0xff,
    0x70, 0x00, 0x00, 0x00, 0x03, 0xff, 0xf7, 0x00, 0x00, 0x00, 0x00, 0x3f, 0xff, 0x70, 0x00, 0x00,
    0x00, 0x03, 0xff, 0xf7, 0x00, 0x00, 0x00, 0x00, 0x3f, 0xff, 0x70, 0x00, 0x00, 0x00, 0x03, 0xff,
    0xf7, 0x00, 0x00, 0x00, 0x00, 0x3f, 0xff, 0x70, 0x00, 0x00, 0x00, 0x04, 0xff, 0xf6, 0x00, 0x00,
    0x00, 0x00, 0x6f, 0xff, 0x40, 0x00, 0x00, 0x10, 0x2d, 0xff, 0xf2, 0x00, 0x00, 0x1f, 0xef, 0xff,
    0xfa, 0x00, 0x00, 0x04, 0xff, 0xff, 0xfd, 0x20, 0x00, 0x00, 0x4c, 0xee, 0xb8, 0x10, 0x00, 0x00,
    0x00, 0x00, 0x00, 0x00, 0x00, 0x00, 0x00, 0x00, 0x00, 0x00, 0x00, 0x00, 0x00, 0x00, 0x00, 0x00,
    0x00, 0x00, 0x00, 0x3d, 0xdd, 0x50, 0x00, 0x00, 0x00, 0x00, 0x00, 0x00, 0x00, 0x03, 0xff, 0xf6,
    0x00, 0x00, 0x00, 0x00, 0x00, 0x00, 0x00, 0x00, 0x3f, 0xff, 0x60, 0x00, 0x00, 0x00, 0x00, 0x00,
    0x00, 0x00, 0x03, 0xff, 0xf6, 0x00, 0x00, 0x00, 0x00, 0x00, 0x00, 0x00, 0x00, 0x3f, 0xff, 0x60,
    0x00, 0x00, 0x00, 0x00, 0x00, 0x00, 0x00, 0x03, 0xff, 0xf6, 0x00, 0x00, 0x00, 0x00, 0x00, 0x00,
    0x00, 0x00, 0x3f, 0xff, 0x60, 0x00, 0x00, 0x00, 0x00, 0x00, 0x00, 0x00, 0x03, 0xff, 0xf6, 0x00,
    0x00, 0x00, 0x00, 0x00, 0x00, 0x00, 0x00, 0x3f, 0xff, 0x60, 0x00, 0x00, 0x2e, 0xff, 0xe2, 0x00,
    0x00, 0x03, 0xff, 0xf6, 0x00, 0x00, 0x0c, 0xff, 0xf4, 0x00, 0x00, 0x00, 0x3f, 0xff, 0x60, 0x00,
    0x09, 0xff, 0xf6, 0x00, 0x00, 0x00, 0x03, 0xff, 0xf6, 0x00, 0x06, 0xff, 0xf9, 0x00, 0x00, 0x00,
    0x00, 0x3f, 0xff, 0x60, 0x03, 0xff, 0xfc, 0x00, 0x00, 0x00, 0x00, 0x03, 0xff, 0xf6, 0x01, 0xdf,
    0xfd, 0x10, 0x00, 0x00, 0x00, 0x00, 0x3f, 0xff, 0x60, 0xbf, 0xff, 0x30, 0x00, 0x00, 0x00, 0x00,
    0x03, 0xff, 0xf6, 0x8f, 0xff, 0xa0, 0x00, 0x00, 0x00, 0x00, 0x00, 0x3f, 0xff, 0xbf, 0xff, 0xff,
    0x30, 0x00, 0x00, 0x00, 0x00, 0x03, 0xff, 0xff, 0xff, 0xff, 0xfc, 0x00, 0x00, 0x00, 0x00, 0x00,
    0x3f, 0xff, 0xff, 0xc5, 0xff, 0xf7, 0x00, 0x00, 0x00, 0x00, 0x03, 0xff, 0xff, 0xd1, 0x0b, 0xff,
    0xe2, 0x00, 0x00, 0x00, 0x00, 0x3f, 0xff, 0xe2, 0x00, 0x2f, 0xff, 0xa0, 0x00, 0x00, 0x00, 0x03,
    0xff, 0xf7, 0x00, 0x00, 0x8f, 0xff, 0x50, 0x00, 0x00, 0x00, 0x3f, 0xff, 0x60, 0x00, 0x01, 0xef,
    0xfd, 0x10, 0x00, 0x00, 0x03, 0xff, 0xf6, 0x00, 0x00, 0x05, 0xff, 0xf8, 0x00, 0x00, 0x00, 0x3f,
    0xff, 0x60, 0x00, 0x00, 0x0c, 0xff, 0xf3, 0x00, 0x00, 0x03, 0xff, 0xf6, 0x00, 0x00, 0x00, 0x3f,
    0xff, 0xc0, 0x00, 0x00, 0x00, 0x00, 0x00, 0x00, 0x00, 0x00, 0x00, 0x00, 0x00, 0x00, 0x00, 0x00,
    0x00, 0x00, 0x00, 0x00, 0x03, 0xdd, 0xd6, 0x00, 0x00, 0x00, 0x03, 0xff, 0xf7, 0x00, 0x00, 0x00,
    0x03, 0xff, 0xf7, 0x00, 0x00, 0x00, 0x03, 0xff, 0xf7, 0x00, 0x00, 0x00, 0x03, 0xff, 0xf7, 0x00,
    0x00, 0x00, 0x03, 0xff, 0xf7, 0x00, 0x00, 0x00, 0x03, 0xff, 0xf7, 0x00, 0x00, 0x00, 0x03, 0xff,
    0xf7, 0x00, 0x00, 0x00, 0x03, 0xff, 0xf7, 0x00, 0x00, 0x00, 0x03, 0xff, 0xf7, 0x00, 0x00, 0x00,
    0x03, 0xff, 0xf7, 0x00, 0x00, 0x00, 0x03, 0xff, 0xf7, 0x00, 0x00, 0x00, 0x03, 0xff, 0xf7, 0x00,
    0x00, 0x00, 0x03, 0xff, 0xf7, 0x00, 0x00, 0x00, 0x03, 0xff, 0xf7, 0x00, 0x00, 0x00, 0x03, 0xff,
    0xf7, 0x00, 0x00, 0x00, 0x03, 0xff, 0xf7, 0x00, 0x00, 0x00, 0x03, 0xff, 0xf7, 0x00, 0x00, 0x00,
    0x03, 0xff, 0xf7, 0x00, 0x00, 0x00, 0x03, 0xff, 0xf7, 0x00, 0x00, 0x00, 0x03, 0xff, 0xf7, 0x00,
    0x00, 0x00, 0x03, 0xff, 0xf7, 0x00, 0x00, 0x00, 0x02, 0xff, 0xfb, 0x10, 0x00, 0x00, 0x00, 0xef,
    0xff, 0xf1, 0x00, 0x00, 0x00, 0x8f, 0xff, 0xf3, 0x00, 0x00, 0x00, 0x07, 0xdf, 0xd4, 0x00, 0x00,
    0x00, 0x00, 0x00, 0x00, 0x00, 0x00, 0x00, 0x00, 0x00, 0x00, 0x00, 0x00, 0x00, 0x00, 0x00, 0x00,
    0x00, 0x00, 0x00, 0x00, 0x00, 0x00, 0x03, 0xff, 0xd0, 0x01, 0x8d, 0xed, 0xa4, 0x00, 0x00, 0x3a,
    0xde, 0xb8, 0x00, 0x00, 0x00, 0x00, 0x03, 0xff, 0xe0, 0x5e, 0xff, 0xff, 0xff, 0x60, 0x09, 0xff,
    0xff, 0xff, 0xc1, 0x00, 0x00, 0x00, 0x03, 0xff, 0xf7, 0xff, 0xff, 0xff, 0xff, 0xf2, 0xbf, 0xff,
    0xff, 0xff, 0xf9, 0x00, 0x00, 0x00, 0x03, 0xff, 0xff, 0xfc, 0x64, 0x6e, 0xff, 0xfe, 0xff, 0x94,
    0x4a, 0xff, 0xff, 0x10, 0x00, 0x00, 0x03, 0xff, 0xff, 0x90, 0x00, 0x04, 0xff, 0xff, 0xe4, 0x00,
    0x00, 0xaf, 0xff, 0x50, 0x00, 0x00, 0x03, 0xff, 0xf9, 0x00, 0x00, 0x00, 0xdf, 0xff, 0x30, 0x00,
    0x00, 0x5f, 0xff, 0x70, 0x00, 0x00, 0x03, 0xff, 0xf7, 0x00, 0x00, 0x00, 0xbf, 0xff, 0x00, 0x00,
    0x00, 0x3f, 0xff, 0x80, 0x00, 0x00, 0x03, 0xff, 0xf7, 0x00, 0x00, 0x00, 0xaf, 0xff, 0x00, 0x00,
    0x00, 0x2f, 0xff, 0x90, 0x00, 0x00, 0x03, 0xff, 0xf7, 0x00, 0x00, 0x00, 0xaf, 0xff, 0x00, 0x00,
    0x00, 0x2f, 0xff, 0x90, 0x00, 0x00, 0x03, 0xff, 0xf7, 0x00, 0x00, 0x00, 0xaf, 0xff, 0x00, 0x00,
    0x00, 0x2f, 0xff, 0x90, 0x00, 0x00, 0x03, 0xff, 0xf7, 0x00, 0x00, 0x00, 0xaf, 0xff, 0x00, 0x00,
    0x00, 0x2f, 0xff, 0x90, 0x00, 0x00, 0x03, 0xff, 0xf7, 0x00, 0x00, 0x00, 0xaf, 0xff, 0x00, 0x00,
    0x00, 0x2f, 0xff, 0x90, 0x00, 0x00, 0x03, 0xff, 0xf7, 0x00, 0x00, 0x00, 0xaf, 0xff, 0x00, 0x00,
    0x00, 0x2f, 0xff, 0x90, 0x00, 0x00, 0x03, 0xff, 0xf7, 0x00, 0x00, 0x00, 0xaf, 0xff, 0x00, 0x00,
    0x00, 0x2f, 0xff, 0x90, 0x00, 0x00, 0x03, 0xff, 0xf7, 0x00, 0x00, 0x00, 0xaf, 0xff, 0x00, 0x00,
    0x00, 0x2f, 0xff, 0x90, 0x00, 0x00, 0x03, 0xff, 0xf7, 0x00, 0x00, 0x00, 0xaf, 0xff, 0x00, 0x00,
    0x00, 0x2f, 0xff, 0x90, 0x00, 0x00, 0x03, 0xff, 0xf7, 0x00, 0x00, 0x00, 0xaf, 0xff, 0x00, 0x00,
    0x00, 0x2f, 0xff, 0x90, 0x00, 0x00, 0x03, 0xff, 0xf7, 0x00, 0x00, 0x00, 0xaf, 0xff, 0x00, 0x00,
    0x00, 0x2f, 0xff, 0x90, 0x00, 0x00, 0x00, 0x00, 0x00, 0x00, 0x00, 0x00, 0x00, 0x00, 0x00, 0x00,
    0x00, 0x00, 0x00, 0x00, 0x00, 0x00, 0x00, 0x00, 0x00, 0x00, 0x00, 0x00, 0x00, 0x00, 0x00, 0x00,
    0x00, 0x03, 0xff, 0xd0, 0x01, 0x7c, 0xee, 0xb6, 0x00, 0x00, 0x00, 0x00, 0x03, 0xff, 0xe0, 0x3d,
    0xff, 0xff, 0xff, 0xa0, 0x00, 0x00, 0x00, 0x03, 0xff, 0xf6, 0xef, 0xff, 0xff, 0xff, 0xf6, 0x00,
    0x00, 0x00, 0x03, 0xff, 0xff, 0xfd, 0x64, 0x5b, 0xff, 0xfd, 0x00, 0x00, 0x00, 0x03, 0xff, 0xff,
    0x90, 0x00, 0x00, 0xdf, 0xff, 0x20, 0x00, 0x00, 0x03, 0xff, 0xf9, 0x00, 0x00, 0x00, 0x7f, 0xff,
    0x40, 0x00, 0x00, 0x03, 0xff, 0xf7, 0x00, 0x00, 0x00, 0x5f, 0xff, 0x50, 0x00, 0x00, 0x03, 0xff,
    0xf7, 0x00, 0x00, 0x00, 0x4f, 0xff, 0x60, 0x00, 0x00, 0x03, 0xff, 0xf7, 0x00, 0x00, 0x00, 0x4f,
    0xff, 0x60, 0x00, 0x00, 0x03, 0xff, 0xf7, 0x00, 0x00, 0x00, 0x4f, 0xff, 0x60, 0x00, 0x00, 0x03,
    0xff, 0xf7, 0x00, 0x00, 0x00, 0x4f, 0xff, 0x60, 0x00, 0x00, 0x03, 0xff, 0xf7, 0x00, 0x00, 0x00,
    0x4f, 0xff, 0x60, 0x00, 0x00, 0x03, 0xff, 0xf7, 0x00, 0x00, 0x00, 0x4f, 0xff, 0x60, 0x00, 0x00,
    0x03, 0xff, 0xf7, 0x00, 0x00, 0x00, 0x4f, 0xff, 0x60, 0x00, 0x00, 0x03, 0xff, 0xf7, 0x00, 0x00,
    0x00, 0x4f, 0xff, 0x60, 0x00, 0x00, 0x03, 0xff, 0xf7, 0x00, 0x00, 0x00, 0x4f, 0xff, 0x60, 0x00,
    0x00, 0x03, 0xff, 0xf7, 0x00, 0x00, 0x00, 0x4f, 0xff, 0x60, 0x00, 0x00, 0x03, 0xff, 0xf7, 0x00,
    0x00, 0x00, 0x4f, 0xff, 0x60, 0x00, 0x00, 0x00, 0x00, 0x00, 0x00, 0x00, 0x00, 0x00, 0x00, 0x00,
    0x00, 0x00, 0x00, 0x00, 0x00, 0x00, 0x00, 0x00, 0x00, 0x00, 0x00, 0x00, 0x00, 0x00, 0x00, 0x04,
    0x9d, 0xee, 0xc8, 0x20, 0x00, 0x00, 0x00, 0x00, 0x00, 0x01, 0xbf, 0xff, 0xff, 0xff, 0xf8, 0x00,
    0x00, 0x00, 0x00, 0x00, 0x2d, 0xff, 0xff, 0xff, 0xff, 0xff, 0xa0, 0x00, 0x00, 0x00, 0x00, 0xcf,
    0xff, 0xc5, 0x23, 0x7e, 0xff, 0xf7, 0x00, 0x00, 0x00, 0x06, 0xff, 0xfb, 0x10, 0x00, 0x03, 0xef,
    0xfe, 0x10, 0x00, 0x00, 0x0d, 0xff, 0xf2, 0x00, 0x00, 0x00, 0x7f, 0xff, 0x70, 0x00, 0x00, 0x2f,
    0xff, 0xb0, 0x00, 0x00, 0x00, 0x1f, 0xff, 0xc0, 0x00, 0x00, 0x5f, 0xff, 0x80, 0x00, 0x00, 0x00,
    0x0d, 0xff, 0xf0, 0x00, 0x00, 0x6f, 0xff, 0x60, 0x00, 0x00, 0x00, 0x0b, 0xff, 0xf1, 0x00, 0x00,
    0x6f, 0xff, 0x60, 0x00, 0x00, 0x00, 0x0b, 0xff, 0xf1, 0x00, 0x00, 0x5f, 0xff, 0x80, 0x00, 0x00,
    0x00, 0x0d, 0xff, 0xf0, 0x00, 0x00, 0x2f, 0xff, 0xa0, 0x00, 0x00, 0x00, 0x1f, 0xff, 0xc0, 0x00,
    0x00, 0x0d, 0xff, 0xf2, 0x00, 0x00, 0x00, 0x7f, 0xff, 0x80, 0x00, 0x00, 0x06, 0xff, 0xfb, 0x10,
    0x00, 0x03, 0xef, 0xfe, 0x10, 0x00, 0x00, 0x00, 0xcf, 0xff, 0xc5, 0x23, 0x7e, 0xff, 0xf7, 0x00,
    0x00, 0x00, 0x00, 0x2d, 0xff, 0xff, 0xff, 0xff, 0xff, 0xa0, 0x00, 0x00, 0x00, 0x00, 0x01, 0xbf,
    0xff, 0xff, 0xff, 0xf8, 0x00, 0x00, 0x00, 0x00, 0x00, 0x00, 0x04, 0x9d, 0xfe, 0xc8, 0x20, 0x00,
    0x00, 0x00, 0x00, 0x00, 0x00, 0x00, 0x00, 0x00, 0x00, 0x00, 0x00, 0x00, 0x00, 0x00, 0x00, 0x00,
    0x00, 0x00, 0x00, 0x00, 0x00, 0x00, 0x00, 0x00, 0x00, 0x03, 0xff, 0xd0, 0x02, 0x9d, 0xfe, 0xb5,
    0x00, 0x00, 0x00, 0x00, 0x03, 0xff, 0xf0, 0x7f, 0xff, 0xff, 0xff, 0xb1, 0x00, 0x00, 0x00, 0x03,
    0xff, 0xfd, 0xff, 0xff, 0xff, 0xff, 0xfb, 0x00, 0x00, 0x00, 0x03, 0xff, 0xff, 0xf9, 0x52, 0x48,
    0xff, 0xff, 0x40, 0x00, 0x00, 0x03, 0xff, 0xfc, 0x30, 0x00, 0x00, 0x6f, 0xff, 0xb0, 0x00, 0x00,
    0x03, 0xff, 0xf7, 0x00, 0x00, 0x00, 0x0d, 0xff, 0xf2, 0x00, 0x00, 0x03, 0xff, 0xf7, 0x00, 0x00,
    0x00, 0x08, 0xff, 0xf4, 0x00, 0x00, 0x03, 0xff, 0xf7, 0x00, 0x00, 0x00, 0x06, 0xff, 0xf6, 0x00,
    0x00, 0x03, 0xff, 0xf7, 0x00, 0x00, 0x00, 0x04, 0xff, 0xf8, 0x00, 0x00, 0x03, 0xff, 0xf7, 0x00,
    0x00, 0x00, 0x05, 0xff, 0xf7, 0x00, 0x00, 0x03, 0xff, 0xf7, 0x00, 0x00, 0x00, 0x07, 0xff, 0xf6,
    0x00, 0x00, 0x03, 0xff, 0xf7, 0x00, 0x00, 0x00, 0x0a, 0xff, 0xf3, 0x00, 0x00, 0x03, 0xff, 0xf7,
    0x00, 0x00, 0x00, 0x2f, 0xff, 0xe0, 0x00, 0x00, 0x03, 0xff, 0xfb, 0x10, 0x00, 0x01, 0xbf, 0xff,
    0x80, 0x00, 0x00, 0x03, 0xff, 0xff, 0xe7, 0x42, 0x6c, 0xff, 0xfe, 0x10, 0x00, 0x00, 0x03, 0xff,
    0xff, 0xff, 0xff, 0xff, 0xff, 0xf4, 0x00, 0x00, 0x00, 0x03, 0xff, 0xf7, 0xbf, 0xff, 0xff, 0xfe,
    0x40, 0x00, 0x00, 0x00, 0x03, 0xff, 0xf6, 0x05, 0xbe, 0xec, 0x71, 0x00, 0x00, 0x00, 0x00, 0x03,
    0xff, 0xf6, 0x00, 0x00, 0x00, 0x00, 0x00, 0x00, 0x00, 0x00, 0x03, 0xff, 0xf7, 0x00, 0x00, 0x00,
    0x00, 0x00, 0x00, 0x00, 0x00, 0x03, 0xff, 0xf7, 0x00, 0x00, 0x00, 0x00, 0x00, 0x00, 0x00, 0x00,
    0x03, 0xff, 0xf7, 0x00, 0x00, 0x00, 0x00, 0x00, 0x00, 0x00, 0x00, 0x03, 0xff, 0xf7, 0x00, 0x00,
    0x00, 0x00, 0x00, 0x00, 0x00, 0x00, 0x03, 0xff, 0xf7, 0x00, 0x00, 0x00, 0x00, 0x00, 0x00, 0x00,
    0x00, 0x03, 0xff, 0xf7, 0x00, 0x00, 0x00, 0x00, 0x00, 0x00, 0x00, 0x00, 0x00, 0x00, 0x00, 0x00,
    0x00, 0x00, 0x00, 0x00, 0x00, 0x00, 0x00, 0x00, 0x00, 0x00, 0x00, 0x00, 0x00, 0x00, 0x00, 0x00,
    0x00, 0x00, 0x00, 0x00, 0x06, 0xce, 0xeb, 0x82, 0x09, 0xff, 0x60, 0x00, 0x00, 0x00, 0x03, 0xdf,
    0xff, 0xff, 0xff, 0x9d, 0xff, 0x60, 0x00, 0x00, 0x00, 0x2e, 0xff, 0xff, 0xff, 0xff, 0xff, 0xff,
    0x60, 0x00, 0x00, 0x00, 0xbf, 0xff, 0xe6, 0x23, 0x6d, 0xff, 0xff, 0x60, 0x00, 0x00, 0x05, 0xff,
    0xfd, 0x20, 0x00, 0x00, 0x8f, 0xff, 0x60, 0x00, 0x00, 0x0c, 0xff, 0xf4, 0x00, 0x00, 0x00, 0x4f,
    0xff, 0x60, 0x00, 0x00, 0x2f, 0xff, 0xc0, 0x00, 0x00, 0x00, 0x4f, 0xff, 0x60, 0x00, 0x00, 0x4f,
    0xff, 0x90, 0x00, 0x00, 0x00, 0x4f, 0xff, 0x60, 0x00, 0x00, 0x5f, 0xff, 0x70, 0x00, 0x00, 0x00,
    0x4f, 0xff, 0x60, 0x00, 0x00, 0x6f, 0xff, 0x70, 0x00, 0x00, 0x00, 0x4f, 0xff, 0x60, 0x00, 0x00,
    0x5f, 0xff, 0x90, 0x00, 0x00, 0x00, 0x4f, 0xff, 0x60, 0x00, 0x00, 0x3f, 0xff, 0xb0, 0x00, 0x00,
    0x00, 0x4f, 0xff, 0x60, 0x00, 0x00, 0x0e, 0xff, 0xf2, 0x00, 0x00, 0x00, 0x4f, 0xff, 0x60, 0x00,
    0x00, 0x09, 0xff, 0xfb, 0x00, 0x00, 0x02, 0xdf, 0xff, 0x60, 0x00, 0x00, 0x03, 0xff, 0xff, 0xc5,
    0x23, 0x7e, 0xff, 0xff, 0x60, 0x00, 0x00, 0x00, 0x7f, 0xff, 0xff, 0xff, 0xff, 0xef, 0xff, 0x60,
    0x00, 0x00, 0x00, 0x08, 0xff, 0xff, 0xff, 0xfa, 0x4f, 0xff, 0x60, 0x00, 0x00, 0x00, 0x00, 0x39,
    0xdf, 0xeb, 0x50, 0x3f, 0xff, 0x60, 0x00, 0x00, 0x00, 0x00, 0x00, 0x00, 0x00, 0x00, 0x4f, 0xff,
    0x60, 0x00, 0x00, 0x00, 0x00, 0x00, 0x00, 0x00, 0x00, 0x4f, 0xff, 0x60, 0x00, 0x00, 0x00, 0x00,
    0x00, 0x00, 0x00, 0x00, 0x4f, 0xff, 0x60, 0x00, 0x00, 0x00, 0x00, 0x00, 0x00, 0x00, 0x00, 0x4f,
    0xff, 0x60, 0x00, 0x00, 0x00, 0x00, 0x00, 0x00, 0x00, 0x00, 0x4f, 0xff, 0x60, 0x00, 0x00, 0x00,
    0x00, 0x00, 0x00, 0x00, 0x00, 0x4f, 0xff, 0x60, 0x00, 0x00, 0x00, 0x00, 0x00, 0x00, 0x00, 0x00,
    0x4f, 0xff, 0x60, 0x00, 0x00, 0x00, 0x00, 0x00, 0x00, 0x00, 0x00, 0x00, 0x00, 0x00, 0x00, 0x00,
    0x00, 0x00, 0x00, 0x00, 0x00, 0x00, 0x00, 0x00, 0x03, 0xff, 0xc0, 0x02, 0x9d, 0xfe, 0x10, 0x00,
    0x03, 0xff, 0xe0, 0x4e, 0xff, 0xfc, 0x00, 0x00, 0x03, 0xff, 0xf2, 0xef, 0xff, 0xf9, 0x00, 0x00,
    0x03, 0xff, 0xfc, 0xff, 0x95, 0x53, 0x00, 0x00, 0x03, 0xff, 0xff, 0xe3, 0x00, 0x00, 0x00, 0x00,
    0x03, 0xff, 0xff, 0x50, 0x00, 0x00, 0x00, 0x00, 0x03, 0xff, 0xfb, 0x00, 0x00, 0x00, 0x00, 0x00,
    0x03, 0xff, 0xf7, 0x00, 0x00, 0x00, 0x00, 0x00, 0x03, 0xff, 0xf7, 0x00, 0x00, 0x00, 0x00, 0x00,
    0x03, 0xff, 0xf7, 0x00, 0x00, 0x00, 0x00, 0x00, 0x03, 0xff, 0xf7, 0x00, 0x00, 0x00, 0x00, 0x00,
    0x03, 0xff, 0xf7, 0x00, 0x00, 0x00, 0x00, 0x00, 0x03, 0xff, 0xf7, 0x00, 0x00, 0x00, 0x00, 0x00,
    0x03, 0xff, 0xf7, 0x00, 0x00, 0x00, 0x00, 0x00, 0x03, 0xff, 0xf7, 0x00, 0x00, 0x00, 0x00, 0x00,
    0x03, 0xff, 0xf7, 0x00, 0x00, 0x00, 0x00, 0x00, 0x03, 0xff, 0xf7, 0x00, 0x00, 0x00, 0x00, 0x00,
    0x03, 0xff, 0xf7, 0x00, 0x00, 0x00, 0x00, 0x00, 0x00, 0x00, 0x00, 0x00, 0x00, 0x00, 0x00, 0x00,
    0x00, 0x00, 0x00, 0x00, 0x00, 0x00, 0x00, 0x00, 0x00, 0x00, 0x18, 0xbd, 0xfd, 0xa5, 0x00, 0x00,
    0x00, 0x00, 0x6e, 0xff, 0xff, 0xff, 0xfb, 0x20, 0x00, 0x00, 0x3f, 0xff, 0xfe, 0xdf, 0xff, 0xf8,
    0x00, 0x00, 0x0b, 0xff, 0xe4, 0x00, 0x04, 0xbb, 0x00, 0x00, 0x00, 0xef, 0xf7, 0x00, 0x00, 0x00,
    0x00, 0x00, 0x00, 0x0f, 0xff, 0x90, 0x00, 0x00, 0x00, 0x00, 0x00, 0x00, 0xbf, 0xff, 0x81, 0x00,
    0x00, 0x00, 0x00, 0x00, 0x03, 0xef, 0xff, 0xea, 0x40, 0x00, 0x00, 0x00, 0x00, 0x04, 0xdf, 0xff,
    0xff, 0xd5, 0x00, 0x00, 0x00, 0x00, 0x01, 0x7d, 0xff, 0xff, 0xfa, 0x00, 0x00, 0x00, 0x00, 0x00,
    0x04, 0xaf, 0xff, 0xf8, 0x00, 0x00, 0x00, 0x00, 0x00, 0x00, 0x3d, 0xff, 0xe0, 0x00, 0x00, 0x00,
    0x00, 0x00, 0x00, 0x6f, 0xff, 0x30, 0x00, 0x06, 0x20, 0x00, 0x00, 0x06, 0xff, 0xf1, 0x00, 0x05,
    0xfe, 0x82, 0x00, 0x04, 0xef, 0xfc, 0x00, 0x00, 0xcf, 0xff, 0xff, 0xde, 0xff, 0xff, 0x40, 0x00,
    0x01, 0x9f, 0xff, 0xff, 0xff, 0xfe, 0x50, 0x00, 0x00, 0x00, 0x27, 0xce, 0xfd, 0xb7, 0x10, 0x00,
    0x00, 0x00, 0x00, 0x00, 0x00, 0x00, 0x00, 0x00, 0x00, 0x00, 0x00, 0x00, 0x00, 0x00, 0x00, 0x00,
    0x00, 0x00, 0x01, 0x88, 0x80, 0x00, 0x00, 0x00, 0x00, 0x00, 0x2f, 0xff, 0x00, 0x00, 0x00, 0x00,
    0x00, 0x03, 0xff, 0xf0, 0x00, 0x00, 0x00, 0x00, 0x00, 0x4f, 0xff, 0x00, 0x00, 0x00, 0x00, 0x00,
    0x05, 0xff, 0xf0, 0x00, 0x00, 0x00, 0x00, 0x00, 0x6f, 0xff, 0x00, 0x00, 0x00, 0x00, 0x2c, 0xef,
    0xff, 0xff, 0xff, 0xf9, 0x00, 0x03, 0xff, 0xff, 0xff, 0xff, 0xff, 0x90, 0x00, 0x3f, 0xff, 0xff,
    0xff, 0xff, 0xf9, 0x00, 0x00, 0x00, 0xaf, 0xff, 0x00, 0x00, 0x00, 0x00, 0x00, 0x0a, 0xff, 0xf0,
    0x00, 0x00, 0x00, 0x00, 0x00, 0xaf, 0xff, 0x00, 0x00, 0x00, 0x00, 0x00, 0x0a, 0xff, 0xf0, 0x00,
    0x00, 0x00, 0x00, 0x00, 0xaf, 0xff, 0x00, 0x00, 0x00, 0x00, 0x00, 0x0a, 0xff, 0xf0, 0x00, 0x00,
    0x00, 0x00, 0x00, 0xaf, 0xff, 0x00, 0x00, 0x00, 0x00, 0x00, 0x0a, 0xff, 0xf0, 0x00, 0x00, 0x00,
    0x00, 0x00, 0xaf, 0xff, 0x00, 0x00, 0x00, 0x00, 0x00, 0x09, 0xff, 0xf1, 0x00, 0x00, 0x00, 0x00,
    0x00, 0x7f, 0xff, 0x40, 0x00, 0x00, 0x00, 0x00, 0x04, 0xff, 0xfd, 0x30, 0x22, 0x00, 0x00, 0x00,
    0x0c, 0xff, 0xff, 0xff, 0xb0, 0x00, 0x00, 0x00, 0x3e, 0xff, 0xff, 0xfe, 0x00, 0x00, 0x00, 0x00,
    0x29, 0xce, 0xec, 0x71, 0x00, 0x00, 0x00, 0x00, 0x00, 0x00, 0x00, 0x00, 0x00, 0x00, 0x00, 0x00,
    0x00, 0x00, 0x00, 0x00, 0x00, 0x00, 0x00, 0x00, 0x07, 0xff, 0xf3, 0x00, 0x00, 0x00, 0x9f, 0xff,
    0x20, 0x00, 0x00, 0x07, 0xff, 0xf3, 0x00, 0x00, 0x00, 0x9f, 0xff, 0x20, 0x00, 0x00, 0x07, 0xff,
    0xf3, 0x00, 0x00, 0x00, 0x9f, 0xff, 0x20, 0x00, 0x00, 0x07, 0xff, 0xf3, 0x00, 0x00, 0x00, 0x9f,
    0xff, 0x20, 0x00, 0x00, 0x07, 0xff, 0xf3, 0x00, 0x00, 0x00, 0x9f, 0xff, 0x20, 0x00, 0x00, 0x07,
    0xff, 0xf3, 0x00, 0x00, 0x00, 0x9f, 0xff, 0x20, 0x00, 0x00, 0x07, 0xff, 0xf3, 0x00, 0x00, 0x00,
    0x9f, 0xff, 0x20, 0x00, 0x00, 0x07, 0xff, 0xf3, 0x00, 0x00, 0x00, 0x9f, 0xff, 0x20, 0x00, 0x00,
    0x07, 0xff, 0xf3, 0x00, 0x00, 0x00, 0x9f, 0xff, 0x20, 0x00, 0x00, 0x07, 0xff, 0xf3, 0x00, 0x00,
    0x00, 0x9f, 0xff, 0x20, 0x00, 0x00, 0x07, 0xff, 0xf4, 0x00, 0x00, 0x00, 0x9f, 0xff, 0x20, 0x00,
    0x00, 0x07, 0xff, 0xf5, 0x00, 0x00, 0x00, 0x9f, 0xff, 0x20, 0x00, 0x00, 0x05, 0xff, 0xf7, 0x00,
    0x00, 0x00, 0xbf, 0xff, 0x20, 0x00, 0x00, 0x03, 0xff, 0xfc, 0x00, 0x00, 0x09, 0xff, 0xff, 0x20,
    0x00, 0x00, 0x00, 0xef, 0xff, 0xb5, 0x36, 0xdf, 0xff, 0xff, 0x20, 0x00, 0x00, 0x00, 0x7f, 0xff,
    0xff, 0xff, 0xfe, 0x5f, 0xff, 0x20, 0x00, 0x00, 0x00, 0x1b, 0xff, 0xff, 0xff, 0xd3, 0x1f, 0xff,
    0x20, 0x00, 0x00, 0x00, 0x00, 0x7b, 0xee, 0xc6, 0x10, 0x0f, 0xff, 0x20, 0x00, 0x00, 0x00, 0x00,
    0x00, 0x00, 0x00, 0x00, 0x00, 0x00, 0x00, 0x00, 0x00, 0x00, 0x00, 0x00, 0x00, 0x00, 0x00, 0x00,
    0x00, 0x00, 0x6f, 0xff, 0x50, 0x00, 0x00, 0x00, 0x0b, 0xff, 0xc0, 0x01, 0xff, 0xfa, 0x00, 0x00,
    0x00, 0x01, 0xff, 0xf7, 0x00, 0x0b, 0xff, 0xe0, 0x00, 0x00, 0x00, 0x6f, 0xff, 0x20, 0x00, 0x5f,
    0xff, 0x40, 0x00, 0x00, 0x0a, 0xff, 0xc0, 0x00, 0x01, 0xff, 0xf9, 0x00, 0x00, 0x00, 0xef, 0xf7,
    0x00, 0x00, 0x0a, 0xff, 0xd0, 0x00, 0x00, 0x4f, 0xff, 0x20, 0x00, 0x00, 0x5f, 0xff, 0x30, 0x00,
    0x09, 0xff, 0xc0, 0x00, 0x00, 0x01, 0xef, 0xf7, 0x00, 0x00, 0xef, 0xf7, 0x00, 0x00, 0x00, 0x0a,
    0xff, 0xc0, 0x00, 0x3f, 0xff, 0x20, 0x00, 0x00, 0x00, 0x5f, 0xff, 0x20, 0x08, 0xff, 0xc0, 0x00,
    0x00, 0x00, 0x00, 0xef, 0xf6, 0x00, 0xcf, 0xf7, 0x00, 0x00, 0x00, 0x00, 0x09, 0xff, 0xa0, 0x2f,
    0xff, 0x20, 0x00, 0x00, 0x00, 0x00, 0x4f, 0xfe, 0x06, 0xff, 0xc0, 0x00, 0x00, 0x00, 0x00, 0x00,
    0xef, 0xf4, 0xaf, 0xf7, 0x00, 0x00, 0x00, 0x00, 0x00, 0x09, 0xff, 0x9e, 0xff, 0x20, 0x00, 0x00,
    0x00, 0x00, 0x00, 0x4f, 0xff, 0xff, 0xc0, 0x00, 0x00, 0x00, 0x00, 0x00, 0x00, 0xdf, 0xff, 0xf7,
    0x00, 0x00, 0x00, 0x00, 0x00, 0x00, 0x08, 0xff, 0xff, 0x20, 0x00, 0x00, 0x00, 0x00, 0x00, 0x00,
    0x00, 0x00, 0x00, 0x00, 0x00, 0x00, 0x00, 0x00, 0x00, 0x00, 0x00, 0x00, 0x00, 0x00, 0x00, 0x00,
    0x00, 0x00, 0x00, 0x00, 0x00, 0x1f, 0xff, 0xa0, 0x00, 0x00, 0x07, 0xff, 0xf2, 0x00, 0x00, 0x00,
    0xef, 0xf8, 0x00, 0x00, 0xbf, 0xfe, 0x00, 0x00, 0x00, 0xbf, 0xff, 0x60, 0x00, 0x00, 0x3f, 0xff,
    0x40, 0x00, 0x07, 0xff, 0xf2, 0x00, 0x00, 0x0f, 0xff, 0xfa, 0x00, 0x00, 0x06, 0xff, 0xf1, 0x00,
    0x00, 0x3f, 0xff, 0x60, 0x00, 0x04, 0xff, 0xef, 0xe0, 0x00, 0x00, 0xaf, 0xfb, 0x00, 0x00, 0x00,
    0xef, 0xfa, 0x00, 0x00, 0x8f, 0xf9, 0xff, 0x30, 0x00, 0x0d, 0xff, 0x80, 0x00, 0x00, 0x0a, 0xff,
    0xd0, 0x00, 0x0c, 0xfc, 0x5f, 0xf7, 0x00, 0x02, 0xff, 0xf4, 0x00, 0x00, 0x00, 0x6f, 0xff, 0x20,
    0x01, 0xff, 0x92, 0xff, 0xb0, 0x00, 0x5f, 0xff, 0x00, 0x00, 0x00, 0x03, 0xff, 0xf5, 0x00, 0x4f,
    0xf6, 0x0e, 0xfe, 0x00, 0x09, 0xff, 0xb0, 0x00, 0x00, 0x00, 0x0e, 0xff, 0x90, 0x08, 0xff, 0x30,
    0xbf, 0xf4, 0x00, 0xcf, 0xf7, 0x00, 0x00, 0x00, 0x00, 0xaf, 0xfd, 0x00, 0xcf, 0xe0, 0x07, 0xff,
    0x70, 0x1f, 0xff, 0x40, 0x00, 0x00, 0x00, 0x06, 0xff, 0xf1, 0x1f, 0xfb, 0x00, 0x3f, 0xfb, 0x04,
    0xff, 0xe0, 0x00, 0x00, 0x00, 0x00, 0x2f, 0xff, 0x34, 0xff, 0x70, 0x00, 0xef, 0xe0, 0x7f, 0xfb,
    0x00, 0x00, 0x00, 0x00, 0x00, 0xdf, 0xf6, 0x7f, 0xf3, 0x00, 0x0b, 0xff, 0x3a, 0xff, 0x70, 0x00,
    0x00, 0x00, 0x00, 0x09, 0xff, 0x9a, 0xfe, 0x00, 0x00, 0x7f, 0xf6, 0xcf, 0xf3, 0x00, 0x00, 0x00,
    0x00, 0x00, 0x5f, 0xfc, 0xdf, 0xb0, 0x00, 0x03, 0xff, 0xaf, 0xfe, 0x00, 0x00, 0x00, 0x00, 0x00,
    0x01, 0xff, 0xff, 0xf7, 0x00, 0x00, 0x0e, 0xff, 0xff, 0xb0, 0x00, 0x00, 0x00, 0x00, 0x00, 0x0c,
    0xff, 0xff, 0x40, 0x00, 0x00, 0xbf, 0xff, 0xf7, 0x00, 0x00, 0x00, 0x00, 0x00, 0x00, 0x8f, 0xff,
    0xf0, 0x00, 0x00, 0x07, 0xff, 0xff, 0x30, 0x00, 0x00, 0x00, 0x00, 0x00, 0x00, 0x00, 0x00, 0x00,
    0x00, 0x00, 0x00, 0x00, 0x00, 0x00, 0x00, 0x00, 0x00, 0x00, 0x00, 0x00, 0x00, 0x00, 0x00, 0x00,
    0x00, 0x00, 0x0c, 0xff, 0xf3, 0x00, 0x00, 0x03, 0xff, 0xf9, 0x00, 0x00, 0x3f, 0xff, 0xb0, 0x00,
    0x00, 0xaf, 0xfe, 0x10, 0x00, 0x00, 0x9f, 0xff, 0x50, 0x00, 0x3f, 0xff, 0x70, 0x00, 0x00, 0x01,
    0xef, 0xfd, 0x00, 0x0a, 0xff, 0xd0, 0x00, 0x00, 0x00, 0x05, 0xff, 0xf7, 0x03, 0xff, 0xf4, 0x00,
    0x00, 0x00, 0x00, 0x0b, 0xff, 0xe1, 0xaf, 0xfb, 0x00, 0x00, 0x00, 0x00, 0x00, 0x2f, 0xff, 0xaf,
    0xff, 0x20, 0x00, 0x00, 0x00, 0x00, 0x00, 0x8f, 0xff, 0xff, 0x80, 0x00, 0x00, 0x00, 0x00, 0x00,
    0x01, 0xef, 0xff, 0xe1, 0x00, 0x00, 0x00, 0x00, 0x00, 0x00, 0x5f, 0xff, 0xfd, 0x10, 0x00, 0x00,
    0x00, 0x00, 0x00, 0x1e, 0xff, 0xff, 0xf8, 0x00, 0x00, 0x00, 0x00, 0x00, 0x09, 0xff, 0xc8, 0xff,
    0xf3, 0x00, 0x00, 0x00, 0x00, 0x03, 0xff, 0xf4, 0x1e, 0xff, 0xc0, 0x00, 0x00, 0x00, 0x00, 0xcf,
    0xfb, 0x00, 0x6f, 0xff, 0x70, 0x00, 0x00, 0x00, 0x6f, 0xff, 0x30, 0x00, 0xcf, 0xfe, 0x20, 0x00,
    0x00, 0x1e, 0xff, 0xa0, 0x00, 0x03, 0xff, 0xfb, 0x00, 0x00, 0x09, 0xff, 0xf2, 0x00, 0x00, 0x09,
    0xff, 0xf5, 0x00, 0x03, 0xff, 0xf9, 0x00, 0x00, 0x00, 0x1e, 0xff, 0xe1, 0x00, 0x00, 0x00, 0x00,
    0x00, 0x00, 0x00, 0x00, 0x00, 0x00, 0x00, 0x00, 0x00, 0x00, 0x00, 0x00, 0x00, 0x00, 0x00, 0x00,
    0x5f, 0xff, 0x50, 0x00, 0x00, 0x00, 0x0b, 0xff, 0xc0, 0x00, 0xef, 0xfb, 0x00, 0x00, 0x00, 0x01,
    0xff, 0xf7, 0x00, 0x08, 0xff, 0xf1, 0x00, 0x00, 0x00, 0x5f, 0xff, 0x20, 0x00, 0x3f, 0xff, 0x60,
    0x00, 0x00, 0x0a, 0xff, 0xc0, 0x00, 0x00, 0xcf, 0xfc, 0x00, 0x00, 0x00, 0xef, 0xf6, 0x00, 0x00,
    0x06, 0xff, 0xf2, 0x00, 0x00, 0x4f, 0xff, 0x10, 0x00, 0x00, 0x1e, 0xff, 0x70, 0x00, 0x09, 0xff,
    0xb0, 0x00, 0x00, 0x00, 0x9f, 0xfd, 0x00, 0x00, 0xef, 0xf6, 0x00, 0x00, 0x00, 0x03, 0xff, 0xf3,
    0x00, 0x4f, 0xff, 0x10, 0x00, 0x00, 0x00, 0x0c, 0xff, 0x80, 0x08, 0xff, 0xa0, 0x00, 0x00, 0x00,
    0x00, 0x6f, 0xfd, 0x00, 0xcf, 0xf5, 0x00, 0x00, 0x00, 0x00, 0x01, 0xef, 0xf3, 0x1f, 0xfe, 0x10,
    0x00, 0x00, 0x00, 0x00, 0x09, 0xff, 0x85, 0xff, 0xa0, 0x00, 0x00, 0x00, 0x00, 0x00, 0x3f, 0xfd,
    0xaf, 0xf5, 0x00, 0x00, 0x00, 0x00, 0x00, 0x00, 0xcf, 0xff, 0xfe, 0x00, 0x00, 0x00, 0x00, 0x00,
    0x00, 0x06, 0xff, 0xff, 0x90, 0x00, 0x00, 0x00, 0x00, 0x00, 0x00, 0x1e, 0xff, 0xf4, 0x00, 0x00,
    0x00, 0x00, 0x00, 0x00, 0x00, 0xaf, 0xfe, 0x00, 0x00, 0x00, 0x00, 0x00, 0x00, 0x00, 0x0d, 0xff,
    0x90, 0x00, 0x00, 0x00, 0x00, 0x00, 0x00, 0x05, 0xff, 0xf2, 0x00, 0x00, 0x00, 0x00, 0x00, 0x00,
    0x01, 0xdf, 0xfb, 0x00, 0x00, 0x00, 0x00, 0x00, 0x02, 0x03, 0xcf, 0xff, 0x30, 0x00, 0x00, 0x00,
    0x00, 0x01, 0xff, 0xff, 0xff, 0x70, 0x00, 0x00, 0x00, 0x00, 0x00, 0x5f, 0xff, 0xff, 0x80, 0x00,
    0x00, 0x00, 0x00, 0x00, 0x06, 0xef, 0xda, 0x40, 0x00, 0x00, 0x00, 0x00, 0x00, 0x00, 0x00, 0x00,
    0x00, 0x00, 0x00, 0x00, 0x00, 0x00, 0x00, 0x00, 0x00, 0x00, 0x00, 0x00, 0x00, 0x00, 0x00, 0x00,
    0x00, 0x0d, 0xff, 0xff, 0xff, 0xff, 0xff, 0xf7, 0x00, 0x00, 0x0d, 0xff, 0xff, 0xff, 0xff, 0xff,
    0xf7, 0x00, 0x00, 0x0d, 0xff, 0xff, 0xff, 0xff, 0xff, 0xf3, 0x00, 0x00, 0x00, 0x00, 0x00, 0x00,
    0x7f, 0xff, 0x70, 0x00, 0x00, 0x00, 0x00, 0x00, 0x03, 0xff, 0xfc, 0x00, 0x00, 0x00, 0x00, 0x00,
    0x00, 0x0c, 0xff, 0xf3, 0x00, 0x00, 0x00, 0x00, 0x00, 0x00, 0x7f, 0xff, 0x70, 0x00, 0x00, 0x00,
    0x00, 0x00, 0x03, 0xff, 0xfc, 0x00, 0x00, 0x00, 0x00, 0x00, 0x00, 0x0c, 0xff, 0xf3, 0x00, 0x00,
    0x00, 0x00, 0x00, 0x00, 0x7f, 0xff, 0x70, 0x00, 0x00, 0x00, 0x00, 0x00, 0x03, 0xff, 0xfc, 0x00,
    0x00, 0x00, 0x00, 0x00, 0x00, 0x0c, 0xff, 0xf3, 0x00, 0x00, 0x00, 0x00, 0x00, 0x00, 0x7f, 0xff,
    0x80, 0x00, 0x00, 0x00, 0x00, 0x00, 0x03, 0xff, 0xfc, 0x00, 0x00, 0x00, 0x00, 0x00, 0x00, 0x0c,
    0xff, 0xf3, 0x00, 0x00, 0x00, 0x00, 0x00, 0x00, 0x7f, 0xff, 0xfe, 0xee, 0xee, 0xee, 0xeb, 0x00,
    0x00, 0xcf, 0xff, 0xff, 0xff, 0xff, 0xff, 0xfc, 0x00, 0x00, 0xcf, 0xff, 0xff, 0xff, 0xff, 0xff,
    0xfc, 0x00, 0x00, 0x00, 0x00, 0x00, 0x00, 0x00, 0x00, 0x00, 0x00, 0x00, 0x00, 0x00, 0x00, 0x00,
    0x00, 0x00, 0x00, 0x00, 0x00, 0x00, 0x11, 0x00, 0x00, 0x00, 0x00, 0x5c, 0xef, 0xf2, 0x00, 0x00,
    0x00, 0x4f, 0xff, 0xff, 0x20, 0x00, 0x00, 0x0c, 0xff, 0xa2, 0x00, 0x00, 0x00, 0x00, 0xef, 0xf2,
    0x00, 0x00, 0x00, 0x00, 0x1f, 0xff, 0x00, 0x00, 0x00, 0x00, 0x01, 0xff, 0xf0, 0x00, 0x00, 0x00,
    0x00, 0x0f, 0xff, 0x00, 0x00, 0x00, 0x00, 0x00, 0xef, 0xf1, 0x00, 0x00, 0x00, 0x00, 0x0d, 0xff,
    0x10, 0x00, 0x00, 0x00, 0x00, 0xdf, 0xf1, 0x00, 0x00, 0x00, 0x00, 0x0c, 0xff, 0x20, 0x00, 0x00,
    0x00, 0x00, 0xcf, 0xf1, 0x00, 0x00, 0x00, 0x00, 0x2f, 0xfe, 0x00, 0x00, 0x00, 0x04, 0x7e, 0xff,
    0x90, 0x00, 0x00, 0x00, 0xcf, 0xfe, 0x80, 0x00, 0x00, 0x00, 0x0c, 0xff, 0xfb, 0x10, 0x00, 0x00,
    0x00, 0x14, 0xcf, 0xfa, 0x00, 0x00, 0x00, 0x00, 0x01, 0xef, 0xf0, 0x00, 0x00, 0x00, 0x00, 0x0c,
    0xff, 0x10, 0x00, 0x00, 0x00, 0x00, 0xcf, 0xf2, 0x00, 0x00, 0x00, 0x00, 0x0d, 0xff, 0x10, 0x00,
    0x00, 0x00, 0x00, 0xdf, 0xf1, 0x00, 0x00, 0x00, 0x00, 0x0e, 0xff, 0x00, 0x00, 0x00, 0x00, 0x00,
    0xff, 0xf0, 0x00, 0x00, 0x00, 0x00, 0x1f, 0xff, 0x00, 0x00, 0x00, 0x00, 0x01, 0xff, 0xf0, 0x00,
    0x00, 0x00, 0x00, 0x0e, 0xff, 0x20, 0x00, 0x00, 0x00, 0x00, 0xcf, 0xfa, 0x20, 0x00, 0x00, 0x00,
    0x05, 0xff, 0xff, 0xf2, 0x00, 0x00, 0x00, 0x05, 0xcf, 0xff, 0x20, 0x00, 0x00, 0x00, 0x00, 0x01,
    0x10, 0x00, 0x00, 0x00, 0x00, 0x00, 0x00, 0x00, 0x00, 0x00, 0x00, 0x00, 0x00, 0x00, 0x00, 0x0b,
    0xfb, 0x00, 0x00, 0x00, 0x00, 0xbf, 0xb0, 0x00, 0x00, 0x00, 0x0b, 0xfb, 0x00, 0x00, 0x00, 0x00,
    0xbf, 0xb0, 0x00, 0x00, 0x00, 0x0b, 0xfb, 0x00, 0x00, 0x00, 0x00, 0xbf, 0xb0, 0x00, 0x00, 0x00,
    0x0b, 0xfb, 0x00, 0x00, 0x00, 0x00, 0xbf, 0xb0, 0x00, 0x00, 0x00, 0x0b, 0xfb, 0x00, 0x00, 0x00,
    0x00, 0xbf, 0xb0, 0x00, 0x00, 0x00, 0x0b, 0xfb, 0x00, 0x00, 0x00, 0x00, 0xbf, 0xb0, 0x00, 0x00,
    0x00, 0x0b, 0xfb, 0x00, 0x00, 0x00, 0x00, 0xbf, 0xb0, 0x00, 0x00, 0x00, 0x0b, 0xfb, 0x00, 0x00,
    0x00, 0x00, 0xbf, 0xb0, 0x00, 0x00, 0x00, 0x0b, 0xfb, 0x00, 0x00, 0x00, 0x00, 0xbf, 0xb0, 0x00,
    0x00, 0x00, 0x0b, 0xfb, 0x00, 0x00, 0x00, 0x00, 0xbf, 0xb0, 0x00, 0x00, 0x00, 0x0b, 0xfb, 0x00,
    0x00, 0x00, 0x00, 0xbf, 0xb0, 0x00, 0x00, 0x00, 0x0b, 0xfb, 0x00, 0x00, 0x00, 0x00, 0xbf, 0xb0,
    0x00, 0x00, 0x00, 0x0b, 0xfb, 0x00, 0x00, 0x00, 0x00, 0xbf, 0xb0, 0x00, 0x00, 0x00, 0x0b, 0xfb,
    0x00, 0x00, 0x00, 0x00, 0xbf, 0xb0, 0x00, 0x00, 0x00, 0x0b, 0xfb, 0x00, 0x00, 0x00, 0x00, 0xbf,
    0xb0, 0x00, 0x00, 0x00, 0x0b, 0xfb, 0x00, 0x00, 0x00, 0x00, 0xbf, 0xb0, 0x00, 0x00, 0x00, 0x0b,
    0xfb, 0x00, 0x00, 0x00, 0x00, 0xbf, 0xb0, 0x00, 0x00, 0x00, 0x0b, 0xfb, 0x00, 0x00, 0x00, 0x00,
    0xbf, 0xb0, 0x00, 0x00, 0x00, 0x00, 0x00, 0x00, 0x00, 0x00, 0x00, 0x00, 0x00, 0x00, 0x00, 0x00,
    0x00, 0x10, 0x00, 0x00, 0x00, 0x00, 0x00, 0xbf, 0xfd, 0x81, 0x00, 0x00, 0x00, 0x0b, 0xff, 0xff,
    0xa0, 0x00, 0x00, 0x00, 0x01, 0x6f, 0xff, 0x20, 0x00, 0x00, 0x00, 0x00, 0xbf, 0xf4, 0x00, 0x00,
    0x00, 0x00, 0x09, 0xff, 0x60, 0x00, 0x00, 0x00, 0x00, 0x9f, 0xf6, 0x00, 0x00, 0x00, 0x00, 0x0a,
    0xff, 0x50, 0x00, 0x00, 0x00, 0x00, 0xaf, 0xf4, 0x00, 0x00, 0x00, 0x00, 0x0a, 0xff, 0x30, 0x00,
    0x00, 0x00, 0x00, 0xbf, 0xf3, 0x00, 0x00, 0x00, 0x00, 0x0b, 0xff, 0x20, 0x00, 0x00, 0x00, 0x00,
    0xbf, 0xf2, 0x00, 0x00, 0x00, 0x00, 0x09, 0xff, 0x70, 0x00, 0x00, 0x00, 0x00, 0x3f, 0xff, 0x95,
    0x10, 0x00, 0x00, 0x00, 0x5d, 0xff, 0xf3, 0x00, 0x00, 0x00, 0x07, 0xef, 0xff, 0x30, 0x00, 0x00,
    0x05, 0xff, 0xe6, 0x20, 0x00, 0x00, 0x00, 0x9f, 0xf6, 0x00, 0x00, 0x00, 0x00, 0x0b, 0xff, 0x20,
    0x00, 0x00, 0x00, 0x00, 0xbf, 0xf2, 0x00, 0x00, 0x00, 0x00, 0x0b, 0xff, 0x30, 0x00, 0x00, 0x00,
    0x00, 0xaf, 0xf4, 0x00, 0x00, 0x00, 0x00, 0x0a, 0xff, 0x40, 0x00, 0x00, 0x00, 0x00, 0xaf, 0xf5,
    0x00, 0x00, 0x00, 0x00, 0x09, 0xff, 0x60, 0x00, 0x00, 0x00, 0x00, 0x9f, 0xf6, 0x00, 0x00, 0x00,
    0x00, 0x0b, 0xff, 0x40, 0x00, 0x00, 0x00, 0x16, 0xff, 0xf2, 0x00, 0x00, 0x00, 0xbf, 0xff, 0xfa,
    0x00, 0x00, 0x00, 0x0b, 0xff, 0xd8, 0x10, 0x00, 0x00, 0x00, 0x11, 0x00, 0x00, 0x00, 0x00, 0x00,
    0x00, 0x00, 0x00, 0x00, 0x00, 0x00, 0x00, 0x00, 0x00, 0x00, 0x00, 0x00, 0x00, 0x00, 0x00, 0x00,
    0x00, 0x00, 0x06, 0xa9, 0x50, 0x00, 0x00, 0x00, 0x00, 0x00, 0x00, 0x02, 0xcf, 0xff, 0xfd, 0x30,
    0x00, 0x03, 0x80, 0x00, 0x00, 0x1d, 0xff, 0xff, 0xff, 0xf7, 0x10, 0x2d, 0xfa, 0x00, 0x00, 0x8f,
    0xf8, 0x13, 0x9f, 0xff, 0xec, 0xff, 0xf6, 0x00, 0x00, 0x1a, 0xa0, 0x00, 0x04, 0xdf, 0xff, 0xff,
    0x70, 0x00, 0x00, 0x00, 0x00, 0x00, 0x00, 0x18, 0xce, 0xb4, 0x00, 0x00, 0x00, 0x00, 0x00, 0x00,
    0x00, 0x00, 0x00, 0x00, 0x00, 0x00, 0x00, 0x00, 0x00, 0x00, 0x00, 0x00, 0x00, 0x00, 0x00, 0x00,
    0x00, 0x00, 0x00, 0x00, 0x00, 0x00, 0x00, 0x00, 0x00, 0x00, 0x00, 0x00, 0x00, 0x00, 0x00, 0x00,
    0x00, 0x00, 0x00, 0x00, 0x00, 0x00, 0x00, 0x00, 0x00, 0x00, 0x00, 0x00, 0x00, 0x00, 0x00, 0x00,
    0x00, 0x00, 0x00, 0x00, 0x00, 0x00, 0x00, 0x00, 0x00, 0x00, 0x00, 0x00, 0x00, 0x00, 0x00, 0x00,
    0x00, 0x00, 0x00, 0x00, 0x00, 0x00, 0x00, 0x00, 0x00, 0x00, 0x00, 0x00, 0x00, 0x00, 0x00, 0x00,
    0x00, 0x00, 0x00, 0x00, 0x00, 0x00, 0x00, 0x00, 0x00, 0x00, 0x00, 0x00, 0x00, 0x00, 0x00, 0x00,
    0x00, 0x00, 0x00, 0x00, 0x00, 0x00, 0x00, 0x00, 0x00, 0x18, 0xcd, 0xa3, 0x00, 0x00, 0x00, 0x03,
    0xef, 0xff, 0xff, 0x70, 0x00, 0x00, 0x0c, 0xfa, 0x21, 0x7f, 0xf3, 0x00, 0x00, 0x4f, 0xd0, 0x00,
    0x09, 0xf9, 0x00, 0x00, 0x7f, 0x90, 0x00, 0x04, 0xfc, 0x00, 0x00, 0x7f, 0x90, 0x00, 0x04, 0xfc,
    0x00, 0x00, 0x4f, 0xd0, 0x00, 0x09, 0xf9, 0x00, 0x00, 0x0d, 0xfa, 0x21, 0x6f, 0xf3, 0x00, 0x00,
    0x03, 0xef, 0xff, 0xff, 0x70, 0x00, 0x00, 0x00, 0x19, 0xcd, 0xa4, 0x00, 0x00, 0x00, 0x00, 0x00,
    0x00, 0x00, 0x00, 0x00, 0x00, 0x00, 0x00, 0x00, 0x00, 0x00, 0x00, 0x00, 0x00, 0x00, 0x00, 0x00,
    0x00, 0x00, 0x00, 0x00, 0x00, 0x00, 0x00, 0x00, 0x00, 0x00, 0x00, 0x00, 0x00, 0x00, 0x00, 0x00,
    0x00, 0x00, 0x00, 0x00, 0x00, 0x00, 0x00, 0x00, 0x00, 0x00, 0x00, 0x00, 0x00, 0x00, 0x00, 0x00,
    0x00, 0x00, 0x00, 0x00, 0x00, 0x00, 0x00, 0x00, 0x00, 0x00, 0x00, 0x00, 0x00, 0x00, 0x00, 0x00,
    0x00, 0x00, 0x00, 0x00, 0x00, 0x00, 0x00, 0x00, 0x00, 0x00, 0x00, 0x00, 0x00, 0x00, 0x00, 0x00,
    0x00, 0x00, 0x00, 0x00, 0x00, 0x00, 0x00, 0x00, 0x00, 0x00, 0x00, 0x00, 0x00, 0x00, 0x00, 0x00,
    0x00, 0x00, 0x00, 0x00, 0x00, 0x00, 0x00, 0x00, 0x00, 0x00, 0x00, 0x00, 0x00, 0x00, 0x00, 0x00,
    0x00, 0x00, 0x00, 0x00, 0x00, 0x00, 0x00, 0x00, 0x00, 0x00, 0x00, 0x00, 0x00, 0x00, 0x00, 0x00,
    0x00, 0x00, 0x00, 0x00, 0x00, 0x19, 0xed, 0x91, 0x00, 0x00, 0x00, 0x00, 0x00, 0x00, 0x00, 0x00,
    0x00, 0x00, 0x00, 0x00, 0x00, 0x01, 0xdf, 0xff, 0xfd, 0x10, 0x00, 0x00, 0x00, 0x00, 0x00, 0x00,
    0x00, 0x00, 0x00, 0x00, 0x00, 0x00, 0x07, 0xff, 0xff, 0xff, 0x70, 0x00, 0x00, 0x00, 0x00, 0x00,
    0x00, 0x00, 0x00, 0x00, 0x00, 0x00, 0x00, 0x0a, 0xff, 0xff, 0xff, 0xa0, 0x00, 0x00, 0x00, 0x00,
    0x00, 0x00, 0x00, 0x00, 0x00, 0x00, 0x00, 0x00, 0x08, 0xff, 0xff, 0xff, 0x80, 0x00, 0x00, 0x00,
    0x00, 0x00, 0x00, 0x00, 0x00, 0x00, 0x00, 0x00, 0x00, 0x03, 0xff, 0xff, 0xff, 0x30, 0x00, 0x00,
    0x00, 0x00, 0x00, 0x00, 0x00, 0x00, 0x00, 0x00, 0x00, 0x00, 0x00, 0x6e, 0xff, 0xe6, 0x00, 0x00,
    0x00, 0x00, 0x00, 0x00, 0x00, 0x00, 0x00, 0x00, 0x00, 0x00, 0x00, 0x00, 0x02, 0x55, 0x10, 0x00,
    0x00, 0x00, 0x00, 0x00, 0x00, 0x00, 0x00, 0x00, 0x00, 0x00, 0x00, 0x00, 0x00, 0x00, 0x00, 0x00,
    0x00, 0x00, 0x00, 0x00, 0x00, 0x00, 0x00, 0x00, 0x00, 0x00, 0x00, 0x00, 0x00, 0x00, 0x00, 0x00,
    0x00, 0x00, 0x00, 0x00, 0x00, 0x00, 0x00, 0x00, 0x00, 0x00, 0x00, 0x00, 0x00, 0x00, 0x00, 0x00,
    0x00, 0x00, 0x00, 0x00, 0x00, 0x00, 0x00, 0x00, 0x00, 0x00, 0x00, 0x00, 0x00, 0x00, 0x00, 0x00,
    0x00, 0x00, 0x00, 0x00, 0x00, 0x00, 0x00, 0x00, 0x00, 0x00, 0x00, 0x00, 0x00, 0x00, 0x00, 0x00,
    0x00, 0x00, 0x00, 0x00, 0x00, 0x00, 0x00, 0x00, 0x00, 0x00, 0x00, 0x00, 0x00, 0x00, 0x00, 0x00,
    0x00, 0x00, 0x00, 0x00, 0x00, 0x00, 0x00, 0x00, 0x00, 0x00, 0x00, 0x00, 0x00, 0x00, 0x00, 0x00,
    0x00, 0x00, 0x00, 0x00, 0x00, 0x00, 0x00, 0x00, 0x00, 0x00, 0x00, 0x00, 0x00, 0x00, 0x00, 0x00,
    0x00, 0x00, 0x00, 0x00, 0x00, 0x00, 0x00, 0x00, 0x00, 0x00, 0x00, 0x00, 0x00, 0x00, 0x00, 0x00,
    0x00, 0x00, 0x00, 0x00, 0x00, 0x00, 0x00, 0x00, 0x00, 0x00, 0x00, 0x00, 0x00, 0x00, 0x00, 0x00,
    0x00, 0x00, 0x00, 0x00, 0x00, 0x00, 0x00, 0x00, 0x00, 0x00, 0x00, 0x00, 0x00, 0x00, 0x00, 0x00,
    0x00, 0x00, 0x34, 0x44, 0x44, 0x44, 0x44, 0x44, 0x44, 0x44, 0x44, 0x44, 0x44, 0x44, 0x43, 0x00,
    0x00, 0x00, 0x00, 0xcf, 0xff, 0xff, 0xff, 0xff, 0xff, 0xff, 0xff, 0xff, 0xff, 0xff, 0xff, 0xfc,
    0x00, 0x00, 0x00, 0x00, 0xc7, 0x00, 0x00, 0x00, 0x00, 0x00, 0x00, 0x00, 0x00, 0x00, 0x00, 0x00,
    0x7c, 0x00, 0x00, 0x00, 0x00, 0xc7, 0x00, 0x00, 0x00, 0x00, 0x00, 0x00, 0x00, 0x00, 0x00, 0x00,
    0x00, 0x7c, 0x00, 0x00, 0x00, 0x00, 0xc7, 0x00, 0x00, 0x00, 0x00, 0x00, 0x00, 0x00, 0x00, 0x00,
    0x00, 0x00, 0x7c, 0x00, 0x00, 0x00, 0x00, 0xc7, 0x00, 0x00, 0x00, 0x00, 0x00, 0x00, 0x00, 0x00,
    0x00, 0x00, 0x00, 0x7c, 0x00, 0x00, 0x00, 0x00, 0xc7, 0x00, 0x00, 0x00, 0x00, 0x00, 0x00, 0x00,
    0x00, 0x00, 0x00, 0x00, 0x7c, 0x00, 0x00, 0x00, 0x00, 0xc7, 0x00, 0x00, 0x00, 0x00, 0x00, 0x00,
    0x00, 0x00, 0x00, 0x00, 0x00, 0x7c, 0x00, 0x00, 0x00, 0x00, 0xc7, 0x00, 0x00, 0x00, 0x00, 0x00,
    0x00, 0x00, 0x00, 0x00, 0x00, 0x00, 0x7c, 0x00, 0x00, 0x00, 0x00, 0xc7, 0x00, 0x00, 0x00, 0x00,
    0x00, 0x00, 0x00, 0x00, 0x00, 0x00, 0x00, 0x7c, 0x00, 0x00, 0x00, 0x00, 0xc7, 0x00, 0x00, 0x00,
    0x00, 0x00, 0x00, 0x00, 0x00, 0x00, 0x00, 0x00, 0x7c, 0x00, 0x00, 0x00, 0x00, 0xc7, 0x00, 0x00,
    0x00, 0x00, 0x00, 0x00, 0x00, 0x00, 0x00, 0x00, 0x00, 0x7c, 0x00, 0x00, 0x00, 0x00, 0xc7, 0x00,
    0x00, 0x00, 0x00, 0x00, 0x00, 0x00, 0x00, 0x00, 0x00, 0x00, 0x7c, 0x00, 0x00, 0x00, 0x00, 0xc7,
    0x00, 0x00, 0x00, 0x00, 0x00, 0x00, 0x00, 0x00, 0x00, 0x00, 0x00, 0x7c, 0x00, 0x00, 0x00, 0x00,
    0xc7, 0x00, 0x00, 0x00, 0x00, 0x00, 0x00, 0x00, 0x00, 0x00, 0x00, 0x00, 0x7c, 0x00, 0x00, 0x00,
    0x00, 0xc7, 0x00, 0x00, 0x00, 0x00, 0x00, 0x00, 0x00, 0x00, 0x00, 0x00, 0x00, 0x7c, 0x00, 0x00,
    0x00, 0x00, 0xc7, 0x00, 0x00, 0x00, 0x00, 0x00, 0x00, 0x00, 0x00, 0x00, 0x00, 0x00, 0x7c, 0x00,
    0x00, 0x00, 0x00, 0xc7, 0x00, 0x00, 0x00, 0x00, 0x00, 0x00, 0x00, 0x00, 0x00, 0x00, 0x00, 0x7c,
    0x00, 0x00, 0x00, 0x00, 0xc7, 0x00, 0x00, 0x00, 0x00, 0x00, 0x00, 0x00, 0x00, 0x00, 0x00, 0x00,
    0x7c, 0x00, 0x00, 0x00, 0x00, 0xc7, 0x00, 0x00, 0x00, 0x00, 0x00, 0x00, 0x00, 0x00, 0x00, 0x00,
    0x00, 0x7c, 0x00, 0x00, 0x00, 0x00, 0xc7, 0x00, 0x00, 0x00, 0x00, 0x00, 0x00, 0x00, 0x00, 0x00,
    0x00, 0x00, 0x7c, 0x00, 0x00, 0x00, 0x00, 0xc7, 0x00, 0x00, 0x00, 0x00, 0x00, 0x00, 0x00, 0x00,
    0x00, 0x00, 0x00, 0x7c, 0x00, 0x00, 0x00, 0x00, 0xc7, 0x00, 0x00, 0x00, 0x00, 0x00, 0x00, 0x00,
    0x00, 0x00, 0x00, 0x00, 0x7c, 0x00, 0x00, 0x00, 0x00, 0xc7, 0x00, 0x00, 0x00, 0x00, 0x00, 0x00,
    0x00, 0x00, 0x00, 0x00, 0x00, 0x7c, 0x00, 0x00, 0x00, 0x00, 0xc7, 0x00, 0x00, 0x00, 0x00, 0x00,
    0x00, 0x00, 0x00, 0x00, 0x00, 0x00, 0x7c, 0x00, 0x00, 0x00, 0x00, 0xc7, 0x00, 0x00, 0x00, 0x00,
    0x00, 0x00, 0x00, 0x00, 0x00, 0x00, 0x00, 0x7c, 0x00, 0x00, 0x00, 0x00, 0xcf, 0xff, 0xff, 0xff,
    0xff, 0xff, 0xff, 0xff, 0xff, 0xff, 0xff, 0xff, 0xfc, 0x00, 0x00, 0x00, 0x00, 0x34, 0x44, 0x44,
    0x44, 0x44, 0x44, 0x44, 0x44, 0x44, 0x44, 0x44, 0x44, 0x43, 0x00, 0x00, 0x00, 0x00, 0x00, 0x00,
    0x00, 0x00, 0x00, 0x00, 0x00, 0x00, 0x00, 0x00, 0x00, 0x00, 0x00, 0x00, 0x00, 0x00, 0x00, 0x00,
    0x00, 0x00, 0x00, 0x00, 0x00, 0x00, 0x00, 0x00, 0x00, 0x00, 0x00, 0x00, 0x00, 0x00, 0x00, 0x00,
    0x18, 0xcd, 0xa4, 0x00, 0x00, 0x00, 0x00, 0x00, 0x00, 0x00, 0x00, 0x00, 0x00, 0x00, 0x00, 0x00,
    0x03, 0xef, 0xff, 0xff, 0x80, 0x00, 0x00, 0x00, 0x00, 0x00, 0x00, 0x00, 0x00, 0x00, 0x00, 0x00,
    0x00, 0x1d, 0xfa, 0x21, 0x6e, 0xf4, 0x00, 0x00, 0x00, 0x00, 0x00, 0x00, 0x00, 0x00, 0x00, 0x00,
    0x00, 0x00, 0x7f, 0xb0, 0x00, 0x05, 0xfc, 0x00, 0x00, 0x00, 0x00, 0x00, 0x00, 0x00, 0x00, 0x00,
    0x00, 0x00, 0x00, 0xaf, 0x50, 0x00, 0x00, 0xef, 0x00, 0x00, 0x00, 0x00, 0x00, 0x00, 0x00, 0x00,
    0x00, 0x00, 0x00, 0x00, 0xcf, 0x30, 0x00, 0x00, 0xcf, 0x20, 0x00, 0x00, 0x00, 0x00, 0x00, 0x00,
    0x00, 0x00, 0x00, 0x00, 0x00, 0xaf, 0x40, 0x00, 0x00, 0xef, 0x00, 0x00, 0x00, 0x00, 0x00, 0x00,
    0x00, 0x00, 0x00, 0x00, 0x00, 0x00, 0x7f, 0xb0, 0x00, 0x05, 0xfc, 0x00, 0x00, 0x00, 0x00, 0x00,
    0x00, 0x00, 0x00, 0x00, 0x00, 0x00, 0x00, 0x1d, 0xfa, 0x21, 0x6e, 0xf4, 0x00, 0x00, 0x00, 0x00,
    0x00, 0x00, 0x00, 0x00, 0x00, 0x00, 0x00, 0x00, 0x03, 0xef, 0xff, 0xff, 0x80, 0x00, 0x00, 0x00,
    0x00, 0x00, 0x00, 0x00, 0x00, 0x00, 0x00, 0x00, 0x00, 0x00, 0x18, 0xcd, 0xa4, 0x00, 0x00, 0x00,
    0x00, 0x00, 0x00, 0x00, 0x00, 0x00, 0x00, 0x00, 0x00, 0x00, 0x00, 0x00, 0x00, 0x00, 0x00, 0x00,
    0x00, 0x00, 0x00, 0x00, 0x00, 0x00, 0x00, 0x00, 0x00, 0x00, 0x00, 0x00, 0x00, 0x00, 0x00, 0x00,
    0x00, 0x00, 0x00, 0x00, 0x00, 0x00, 0x00, 0x00, 0x00, 0x00, 0x00, 0x00, 0xaf, 0xff, 0xff, 0xff,
    0xff, 0xff, 0xff, 0xff, 0xff, 0xff, 0xff, 0xff, 0xff, 0xff, 0xfc, 0x00, 0x00, 0xaf, 0xff, 0xff,
    0xff, 0xff, 0xff, 0xff, 0xff, 0xff, 0xff, 0xff, 0xff, 0xff, 0xff, 0xfc, 0x00, 0x00, 0xaf, 0xff,
    0xff, 0xff, 0xff, 0xff, 0xff, 0xff, 0xff, 0xff, 0xff, 0xff, 0xff, 0xff, 0xfc, 0x00, 0x00, 0x35,
    0x55, 0x55, 0x55, 0x55, 0x55, 0x55, 0x55, 0x55, 0x55, 0x55, 0x55, 0x55, 0x55, 0x54, 0x00, 0x00,
    0x00, 0x00, 0x00, 0x00, 0x00, 0x00, 0x00, 0x00, 0x00, 0x00, 0x00, 0x00, 0x00, 0x00, 0x00, 0x00,
    0x00, 0x00, 0x00, 0x00, 0x00, 0x00, 0x00, 0x00, 0x00, 0x00, 0x00, 0x00, 0x00, 0x00, 0x00, 0x00,
    0x00, 0x00, 0x00, 0x00, 0x00, 0x00, 0x00, 0x00, 0x00, 0x00, 0x00, 0x00, 0x00, 0x00, 0x00, 0x00,
    0x00, 0x00, 0x00, 0x00, 0x00, 0x00, 0x00, 0x00, 0x00, 0x00, 0x00, 0x00, 0x00, 0x00, 0x00, 0x00,
    0x00, 0x00, 0x00, 0x00, 0x00, 0x00, 0x00, 0x00, 0x00, 0x00, 0x00, 0x00, 0x00, 0x00, 0x00, 0x00,
    0x00, 0x00, 0x00, 0x00, 0x00, 0x00, 0x00, 0x00, 0x00, 0x00, 0x00, 0x00, 0x00, 0x00, 0x00, 0x00,
    0x00, 0x00, 0x00, 0x00, 0x00, 0x00, 0x00, 0x00, 0x00, 0x00, 0x00, 0x00, 0x00, 0x00, 0x00, 0x00,
    0x00, 0x00, 0x00, 0x00, 0x00, 0x00, 0x00, 0x00, 0x00, 0x00, 0x00, 0x00, 0x00, 0x00, 0x00, 0x00,
    0x00, 0x00, 0x00, 0x00, 0x00, 0x00, 0x00, 0x00, 0x00, 0x00, 0x00, 0x00, 0x00, 0x00, 0x00, 0x00,
    0x00, 0x00, 0x00, 0x00, 0x00, 0x00, 0x00, 0x00, 0x00, 0x00, 0x00, 0x00, 0x00, 0x00, 0x00, 0x00,
    0x00, 0x00, 0x00, 0x00, 0x00, 0x00, 0x00, 0x00, 0x00, 0x00, 0x00, 0x00, 0x00, 0x00, 0x00, 0x00,
    0x00, 0x00, 0x00, 0x00, 0x00, 0x00, 0x00, 0x00, 0x00, 0x00, 0x00, 0x00, 0x00, 0x00, 0x00, 0x00,
    0x00, 0x00, 0x00, 0x00, 0x00, 0x00, 0x00, 0x00, 0x00, 0x00, 0x00, 0x00, 0x00, 0x00, 0x00, 0x00,
    0x00, 0x00, 0x9d, 0xd7, 0x00, 0x00, 0x00, 0x00, 0x00, 0x00, 0x00, 0x00, 0x00, 0x00, 0x00, 0x00,
    0x00, 0x00, 0x00, 0xaf, 0xf8, 0x00, 0x00, 0x00, 0x00, 0x00, 0x00, 0x00, 0x00, 0x00, 0x00, 0x00,
    0x00, 0x00, 0x00, 0x00, 0xaf, 0xf8, 0x00, 0x00, 0x00, 0x00, 0x00, 0x00, 0x00, 0x00, 0x00, 0x00,
    0x00, 0x00, 0x00, 0x00, 0x00, 0xaf, 0xf8, 0x00, 0x00, 0x00, 0x00, 0x00, 0x00, 0x00, 0x00, 0x00,
    0x00, 0x00, 0x00, 0x00, 0x00, 0x00, 0xaf, 0xf8, 0x00, 0x00, 0x00, 0x00, 0x00, 0x00, 0x00, 0x00,
    0x00, 0x00, 0x00, 0x00, 0x00, 0x00, 0x00, 0xaf, 0xf8, 0x00, 0x00, 0x00, 0x00, 0x00, 0x00, 0x00,
    0x00, 0x00, 0x00, 0x00, 0x00, 0x00, 0x00, 0x00, 0xaf, 0xf8, 0x00, 0x00, 0x00, 0x00, 0x00, 0x00,
    0x00, 0x00, 0x00, 0x00, 0x00, 0x00, 0x00, 0x00, 0x00, 0xaf, 0xf8, 0x00, 0x00, 0x00, 0x00, 0x00,
    0x00, 0x00, 0x00, 0x00, 0x00, 0x00, 0x00, 0x00, 0x00, 0x00, 0xaf, 0xf8, 0x00, 0x00, 0x00, 0x00,
    0x00, 0x00, 0x00, 0x00, 0x00, 0x00, 0x00, 0x00, 0x00, 0x00, 0x00, 0xaf, 0xf8, 0x00, 0x00, 0x00,
    0x00, 0x00, 0x00, 0x00, 0x00, 0x00, 0x00, 0x00, 0x00, 0x00, 0x00, 0x00, 0xaf, 0xff, 0xff, 0xff,
    0xff, 0xff, 0xff, 0xf4, 0x00, 0x00, 0x00, 0x00, 0x00, 0x00, 0x00, 0x00, 0x00, 0xaf, 0xff, 0xff,
    0xff, 0xff, 0xff, 0xff, 0xf4, 0x00, 0x00, 0x00, 0x00, 0x00, 0x00, 0x00, 0x00, 0x00, 0xaf, 0xff,
    0xff, 0xff, 0xff, 0xff, 0xff, 0xf4, 0x00, 0x00, 0x00, 0x00, 0x00, 0x00, 0x00, 0x00, 0x00, 0xaf,
    0xf9, 0x11, 0x11, 0x11, 0x11, 0x11, 0x10, 0x00, 0x00, 0x00, 0x00, 0x00, 0x00, 0x00, 0x00, 0x00,
    0xaf, 0xf8, 0x00, 0x00, 0x00, 0x00, 0x00, 0x00, 0x00, 0x00, 0x00, 0x00, 0x00, 0x00, 0x00, 0x00,
    0x00, 0xaf, 0xf8, 0x00, 0x00, 0x00, 0x00, 0x00, 0x00, 0x00, 0x00, 0x00, 0x00, 0x00, 0x00, 0x00,
    0x00, 0x00, 0xaf, 0xf8, 0x00, 0x00, 0x00, 0x00, 0x00, 0x00, 0x00, 0x00, 0x00, 0x00, 0x00, 0x00,
    0x00, 0x00, 0x00, 0xaf, 0xf8, 0x00, 0x00, 0x00, 0x00, 0x00, 0x00, 0x00, 0x00, 0x00, 0x00, 0x00,
    0x00, 0x00, 0x00, 0x00, 0xaf, 0xf8, 0x00, 0x00, 0x00, 0x00, 0x00, 0x00, 0x00, 0x00, 0x00, 0x00,
    0x00, 0x00, 0x00, 0x00, 0x00, 0xaf, 0xf8, 0x00, 0x00, 0x00, 0x00, 0x00, 0x00, 0x00, 0x00, 0x00,
    0x00, 0x00, 0x00, 0x00, 0x00, 0x00, 0xaf, 0xf8, 0x00, 0x00, 0x00, 0x00, 0x00, 0x00, 0x00, 0x00,
    0x00, 0x00, 0x00, 0x00, 0x00, 0x00, 0x00, 0xaf, 0xf8, 0x00, 0x00, 0x00, 0x00, 0x00, 0x00, 0x00,
    0x00, 0x00, 0x00, 0x00, 0x00, 0x00, 0x00, 0x00, 0xaf, 0xf8, 0x00, 0x00, 0x00, 0x00, 0x00, 0x00,
    0x00, 0x00, 0x00, 0x00, 0x00, 0x00, 0x00, 0x00, 0x00, 0xaf, 0xf8, 0x00, 0x00, 0x00, 0x00, 0x00,
    0x00, 0x00, 0x00, 0x00, 0x00, 0x00, 0x00, 0x00, 0x00, 0x00, 0xaf, 0xf8, 0x00, 0x00, 0x00, 0x00,
    0x00, 0x00, 0x00, 0x00, 0x00, 0x00, 0x00, 0x00, 0x00, 0x00, 0x00, 0xaf, 0xf9, 0x00, 0x00, 0x00,
    0x00, 0x00, 0x00, 0x00, 0x00, 0x00, 0x7f, 0xff, 0xff, 0xff, 0xff, 0xff, 0xff, 0xff, 0xff, 0xff,
    0xff, 0xff, 0xff, 0xff, 0xf7, 0x00, 0x00, 0x7f, 0xff, 0xff, 0xff, 0xff, 0xff, 0xff, 0xff, 0xff,
    0xff, 0xff, 0xff, 0xff, 0xff, 0xf7, 0x00, 0x00, 0x7f, 0xff, 0xff, 0xff, 0xff, 0xff, 0xff, 0xff,
    0xff, 0xff, 0xff, 0xff, 0xff, 0xff, 0xf7, 0x00, 0x00, 0x00, 0x00, 0x00, 0x00, 0x00, 0x00, 0x00,
    0x00, 0x00, 0x00, 0x00, 0x00, 0x00, 0x00, 0x00, 0x00, 0x00, 0x00, 0x00, 0x00, 0x00, 0x00, 0x00,
    0x00, 0x00, 0x00, 0x00, 0x00, 0x00, 0x00, 0x00, 0x00, 0x00, 0x00, 0x4f, 0xff, 0xff, 0xff, 0xff,
    0xff, 0xff, 0xff, 0xff, 0xff, 0xff, 0xff, 0xff, 0xff, 0xf4, 0x00, 0x00, 0x4f, 0xff, 0xff, 0xff,
    0xff, 0xff, 0xff, 0xff, 0xff, 0xff, 0xff, 0xff, 0xff, 0xff, 0xf4, 0x00, 0x00, 0x4f, 0xff, 0xff,
    0xff, 0xff, 0xff, 0xff, 0xff, 0xff, 0xff, 0xff, 0xff, 0xff, 0xff, 0xf4, 0x00, 0x00, 0x01, 0x11,
    0x11, 0x11, 0x11, 0x11, 0x5f, 0xfe, 0x11, 0x11, 0x11, 0x11, 0x11, 0x11, 0x10, 0x00, 0x00, 0x00,
    0x00, 0x00, 0x00, 0x00, 0x00, 0x4f, 0xfe, 0x00, 0x00, 0x00, 0x00, 0x00, 0x00, 0x00, 0x00, 0x00,
    0x00, 0x00, 0x00, 0x00, 0x00, 0x00, 0x4f, 0xfe, 0x00, 0x00, 0x00, 0x00, 0x00, 0x00, 0x00, 0x00,
    0x00, 0x00, 0x00, 0x00, 0x00, 0x00, 0x00, 0x4f, 0xfe, 0x00, 0x00, 0x00, 0x00, 0x00, 0x00, 0x00,
    0x00, 0x00, 0x00, 0x00, 0x00, 0x00, 0x00, 0x00, 0x4f, 0xfe, 0x00, 0x00, 0x00, 0x00, 0x00, 0x00,
    0x00, 0x00, 0x00, 0x00, 0x00, 0x00, 0x00, 0x00, 0x00, 0x4f, 0xff, 0xa6, 0x00, 0x00, 0x00, 0x00,
    0x00, 0x00, 0x00, 0x00, 0x00, 0x00, 0x00, 0x00, 0x00, 0x00, 0x4f, 0xff, 0xff, 0xc5, 0x00, 0x00,
    0x00, 0x00, 0x00, 0x00, 0x00, 0x00, 0x00, 0x00, 0x00, 0x00, 0x00, 0x4f, 0xff, 0xff, 0xff, 0xb2,
    0x00, 0x00, 0x00, 0x00, 0x00, 0x00, 0x00, 0x00, 0x00, 0x00, 0x00, 0x00, 0x4f, 0xff, 0xbf, 0xff,
    0xff, 0x91, 0x00, 0x00, 0x00, 0x00, 0x00, 0x00, 0x00, 0x00, 0x00, 0x00, 0x00, 0x4f, 0xfe, 0x05,
    0xef, 0xff, 0xfd, 0x50, 0x00, 0x00, 0x00, 0x00, 0x00, 0x00, 0x00, 0x00, 0x00, 0x00, 0x4f, 0xfe,
    0x00, 0x19, 0xff, 0xff, 0xfa, 0x10, 0x00, 0x00, 0x00, 0x00, 0x00, 0x00, 0x00, 0x00, 0x00, 0x4f,
    0xfe, 0x00, 0x00, 0x3c, 0xff, 0xff, 0xd3, 0x00, 0x00, 0x00, 0x00, 0x00, 0x00, 0x00, 0x00, 0x00,
    0x4f, 0xfe, 0x00, 0x00, 0x00, 0x8f, 0xff, 0xf4, 0x00, 0x00, 0x00, 0x00, 0x00, 0x00, 0x00, 0x00,
    0x00, 0x4f, 0xfe, 0x00, 0x00, 0x00, 0x03, 0xdf, 0x80, 0x00, 0x00, 0x00, 0x00, 0x00, 0x00, 0x00,
    0x00, 0x00, 0x4f, 0xfe, 0x00, 0x00, 0x00, 0x00, 0x18, 0x00, 0x00, 0x00, 0x00, 0x00, 0x00, 0x00,
    0x00, 0x00, 0x00, 0x4f, 0xfe, 0x00, 0x00, 0x00, 0x00, 0x00, 0x00, 0x00, 0x00, 0x00, 0x00, 0x00,
    0x00, 0x00, 0x00, 0x00, 0x4f, 0xfe, 0x00, 0x00, 0x00, 0x00, 0x00, 0x00, 0x00, 0x00, 0x00, 0x00,
    0x00, 0x00, 0x00, 0x00, 0x00, 0x4f, 0xfe, 0x00, 0x00, 0x00, 0x00, 0x00, 0x00, 0x00, 0x00, 0x00,
    0x00, 0x00, 0x00, 0x00, 0x00, 0x00, 0x4f, 0xfe, 0x00, 0x00, 0x00, 0x00, 0x00, 0x00, 0x00, 0x00,
    0x00, 0x00, 0x00, 0x00, 0x00, 0x00, 0x00, 0x4f, 0xfe, 0x00, 0x00, 0x00, 0x00, 0x00, 0x00, 0x00,
    0x00, 0x00, 0x00, 0x00, 0x00, 0x00, 0x00, 0x00, 0x4f, 0xfe, 0x00, 0x00, 0x00, 0x00, 0x00, 0x00,
    0x00, 0x00, 0x00, 0x00, 0x00, 0x00, 0x00, 0x00, 0x00, 0x4f, 0xfe, 0x00, 0x00, 0x00, 0x00, 0x00,
    0x00, 0x00, 0x00, 0x00, 0x00, 0x00, 0x00, 0x00, 0x00, 0x00, 0x4f, 0xfe, 0x00, 0x00, 0x00, 0x00,
    0x00, 0x00, 0x00, 0x00, 0x00, 0x00, 0x00, 0x00, 0x00, 0x00, 0x00, 0x4f, 0xfe, 0x00, 0x00, 0x00,
    0x00, 0x00, 0x00, 0x00, 0x00, 0x00, 0x00, 0x00, 0x00, 0x00, 0x00, 0x00, 0x4f, 0xfe, 0x00, 0x00,
    0x00, 0x00, 0x00, 0x00, 0x00, 0x00, 0x00, 0x00, 0x00, 0x00, 0x00, 0x00, 0x00, 0x14, 0x44, 0x00,
    0x00, 0x00, 0x00, 0x00, 0x00, 0x00, 0x00, 0x00, 0x00, 0x00, 0x00, 0x00, 0x00, 0x00, 0x00, 0x00,
    0x00, 0x00, 0x00, 0x00, 0x00, 0x00, 0x00, 0x00, 0x00, 0x00, 0x00, 0x00, 0x00, 0x00, 0x00, 0x00,
    0x00, 0x00, 0x00, 0x00, 0x00, 0x00, 0x00, 0x00, 0x00, 0x00, 0x00, 0x00, 0x00, 0x00, 0x00, 0x00,
    0x00, 0x4c, 0x50, 0x00, 0x00, 0x00, 0x00, 0x00, 0x00, 0x00, 0x00, 0x00, 0x00, 0x00, 0x00, 0x00,
    0x00, 0x02, 0xef, 0xf8, 0x00, 0x00, 0x00, 0x00, 0x00, 0x00, 0x00, 0x00, 0x00, 0x00, 0x00, 0x00,
    0x00, 0x00, 0x0b, 0xff, 0xf1, 0x00, 0x00, 0x00, 0x00, 0x00, 0x00, 0x00, 0x00, 0x00, 0x00, 0x00,
    0x00, 0x00, 0x00, 0x8f, 0xff, 0xf9, 0x00, 0x00, 0x00, 0x00, 0x00, 0x00, 0x00, 0x00, 0x00, 0x00,
    0x00, 0x00, 0x00, 0x07, 0xff, 0xff, 0xff, 0x90, 0x00, 0x00, 0x00, 0x00, 0x00, 0x00, 0x00, 0x00,
    0x00, 0x00, 0x00, 0x00, 0x8f, 0xff, 0xb9, 0xff, 0xfa, 0x00, 0x00, 0x00, 0x00, 0x00, 0x00, 0x00,
    0x00, 0x00, 0x00, 0x00, 0x09, 0xff, 0xfc, 0x10, 0x9f, 0xff, 0xb1, 0x00, 0x00, 0x00, 0x00, 0x00,
    0x00, 0x00, 0x00, 0x00, 0x02, 0xbf, 0xff, 0xd1, 0x00, 0x0a, 0xff, 0xfd, 0x30, 0x00, 0x00, 0x00,
    0x00, 0x00, 0x00, 0x00, 0x00, 0x5e, 0xff, 0xfc, 0x10, 0x00, 0x00, 0x9f, 0xff, 0xf6, 0x00, 0x00,
    0x00, 0x00, 0x00, 0x00, 0x00, 0x1a, 0xff, 0xff, 0xa1, 0x01, 0x22, 0x10, 0x07, 0xff, 0xff, 0xc3,
    0x00, 0x00, 0x00, 0x00, 0x00, 0x18, 0xef, 0xff, 0xf9, 0x00, 0x09, 0xff, 0x80, 0x00, 0x5e, 0xff,
    0xff, 0x81, 0x00, 0x00, 0x00, 0x18, 0xef, 0xff, 0xfe, 0x50, 0x00, 0x09, 0xff, 0x80, 0x00, 0x03,
    0xcf, 0xff, 0xfe, 0x81, 0x00, 0x00, 0xbf, 0xff, 0xff, 0xa1, 0x00, 0x00, 0x09, 0xff, 0x80, 0x00,
    0x00, 0x08, 0xff, 0xff, 0xfd, 0x00, 0x00, 0x1d, 0xff, 0xd5, 0x00, 0x00, 0x00, 0x09, 0xff, 0x80,
    0x00, 0x00, 0x00, 0x3c, 0xff, 0xe2, 0x00, 0x00, 0x04, 0xe6, 0x00, 0x00, 0x00, 0x00, 0x09, 0xff,
    0x80, 0x00, 0x00, 0x00, 0x00, 0x5d, 0x60, 0x00, 0x00, 0x00, 0x00, 0x00, 0x00, 0x00, 0x00, 0x09,
    0xff, 0x80, 0x00, 0x00, 0x00, 0x00, 0x00, 0x00, 0x00, 0x00, 0x00, 0x00, 0x00, 0x00, 0x00, 0x00,
    0x09, 0xff, 0x80, 0x00, 0x00, 0x00, 0x00, 0x00, 0x00, 0x00, 0x00, 0x00, 0x00, 0x00, 0x00, 0x00,
    0x00, 0x09, 0xff, 0x80, 0x00, 0x00, 0x00, 0x00, 0x00, 0x00, 0x00, 0x00, 0x00, 0x00, 0x00, 0x00,
    0x00, 0x00, 0x09, 0xff, 0x80, 0x00, 0x00, 0x00, 0x00, 0x00, 0x00, 0x00, 0x00, 0x00, 0x00, 0x00,
    0x00, 0x00, 0x00, 0x09, 0xff, 0x80, 0x00, 0x00, 0x00, 0x00, 0x00, 0x00, 0x00, 0x00, 0x00, 0x00,
    0x00, 0x00, 0x00, 0x00, 0x09, 0xff, 0x80, 0x00, 0x00, 0x00, 0x00, 0x00, 0x00, 0x00, 0x00, 0x00,
    0x00, 0x00, 0x00, 0x00, 0x00, 0x09, 0xff, 0x80, 0x00, 0x00, 0x00, 0x00, 0x00, 0x00, 0x00, 0x00,
    0x00, 0x00, 0x00, 0x00, 0x00, 0x00, 0x09, 0xff, 0x80, 0x00, 0x00, 0x00, 0x00, 0x00, 0x00, 0x00,
    0x00, 0x00, 0x00, 0x00, 0x00, 0x00, 0x00, 0x09, 0xff, 0x80, 0x00, 0x00, 0x00, 0x00, 0x00, 0x00,
    0x00, 0x00, 0x00, 0x00, 0x00, 0x00, 0x00, 0x00, 0x09, 0xff, 0x80, 0x00, 0x00, 0x00, 0x00, 0x00,
    0x00, 0x00, 0x00, 0x00, 0x00, 0x00, 0x00, 0x00, 0x00, 0x09, 0xff, 0x80, 0x00, 0x00, 0x00, 0x00,
    0x00, 0x00, 0x00, 0x00, 0x00, 0x00, 0x00, 0x00, 0x00, 0x00, 0x09, 0xff, 0x80, 0x00, 0x00, 0x00,
    0x00, 0x00, 0x00, 0x00, 0x00, 0x00, 0x00, 0x00, 0x00, 0x00, 0x00, 0x09, 0xff, 0x80, 0x00, 0x00,
    0x00, 0x00, 0x00, 0x00, 0x00, 0x00, 0x00, 0x00, 0x00, 0x00, 0x00, 0x00, 0x09, 0xff, 0x80, 0x00,
    0x00, 0x00, 0x00, 0x00, 0x00, 0x00, 0x00, 0x00, 0x00, 0x00, 0x00, 0x00, 0x00, 0x07, 0xbb, 0x60,
    0x00, 0x00, 0x00, 0x00, 0x00, 0x00, 0x00, 0x00, 0x00, 0x00, 0x00, 0x00, 0x00, 0x00, 0x00, 0x00,
    0x00, 0x00, 0x00, 0x00, 0x00, 0x00, 0x00, 0x00, 0x00, 0x00, 0x00, 0x00, 0x00, 0x00, 0x00, 0x00,
    0x00, 0x00, 0x00, 0x00, 0x00, 0x00, 0x00, 0x00, 0x00, 0x00, 0x00, 0x00, 0x00, 0x00, 0x00, 0x00,
    0x02, 0x33, 0x20, 0x00, 0x00, 0x00, 0x00, 0x00, 0x00, 0x00, 0x00, 0x00, 0x00, 0x00, 0x00, 0x00,
    0x00, 0x0a, 0xff, 0x70, 0x00, 0x00, 0x00, 0x00, 0x00, 0x00, 0x00, 0x00, 0x00, 0x00, 0x00, 0x00,
    0x00, 0x00, 0x0a, 0xff, 0x70, 0x00, 0x00, 0x00, 0x00, 0x00, 0x00, 0x00, 0x00, 0x00, 0x00, 0x00,
    0x00, 0x00, 0x00, 0x0a, 0xff, 0x70, 0x00, 0x00, 0x00, 0x00, 0x00, 0x00, 0x00, 0x00, 0x00, 0x00,
    0x00, 0x00, 0x00, 0x00, 0x0a, 0xff, 0x70, 0x00, 0x00, 0x00, 0x00, 0x00, 0x00, 0x00, 0x00, 0x00,
    0x00, 0x00, 0x00, 0x00, 0x00, 0x0a, 0xff, 0x70, 0x00, 0x00, 0x00, 0x00, 0x00, 0x00, 0x00, 0x00,
    0x00, 0x00, 0x00, 0x00, 0x00, 0x00, 0x0a, 0xff, 0x70, 0x00, 0x00, 0x00, 0x00, 0x00, 0x00, 0x00,
    0x00, 0x00, 0xff, 0xff, 0xff, 0xff, 0xff, 0xff, 0xff, 0xff, 0xff, 0xff, 0xff, 0xff, 0xff, 0x00,
    0x00, 0x00, 0x00, 0xff, 0xff, 0xff, 0xff, 0xff, 0xff, 0xff, 0xff, 0xff, 0xff, 0xff, 0xff, 0xff,
    0x00, 0x00, 0x00, 0x00, 0xff, 0xff, 0xff, 0xff, 0xff, 0xff, 0xff, 0xff, 0xff, 0xff, 0xff, 0xff,
    0xff, 0x00, 0x00, 0x00, 0x00, 0xff, 0xf0, 0x00, 0x00, 0x00, 0x0a, 0xff, 0x70, 0x00, 0x00, 0x00,
    0x2f, 0xff, 0x00, 0x00, 0x00, 0x00, 0xff, 0xf0, 0x00, 0x00, 0x00, 0x0a, 0xff, 0x70, 0x00, 0x00,
    0x00, 0x2f, 0xff, 0x00, 0x00, 0x00, 0x00, 0xff, 0xf0, 0x00, 0x00, 0x00, 0x0a, 0xff, 0x70, 0x00,
    0x00, 0x00, 0x2f, 0xff, 0x00, 0x00, 0x00, 0x00, 0xff, 0xf0, 0x00, 0x00, 0x00, 0x0a, 0xff, 0x70,
    0x00, 0x00, 0x00, 0x2f, 0xff, 0x00, 0x00, 0x00, 0x00, 0xff, 0xf0, 0x00, 0x00, 0x00, 0x0a, 0xff,
    0x70, 0x00, 0x00, 0x00, 0x2f, 0xff, 0x00, 0x00, 0x00, 0x00, 0xff, 0xf0, 0x00, 0x00, 0x00, 0x0a,
    0xff, 0x70, 0x00, 0x00, 0x00, 0x2f, 0xff, 0x00, 0x00, 0x00, 0x00, 0xff, 0xf0, 0x00, 0x00, 0x00,
    0x0a, 0xff, 0x70, 0x00, 0x00, 0x00, 0x2f, 0xff, 0x00, 0x00, 0x00, 0x00, 0xff, 0xf0, 0x00, 0x00,
    0x00, 0x0a, 0xff, 0x70, 0x00, 0x00, 0x00, 0x2f, 0xff, 0x00, 0x00, 0x00, 0x00, 0xff, 0xff, 0xff,
    0xff, 0xff, 0xff, 0xff, 0xff, 0xff, 0xff, 0xff, 0xff, 0xff, 0x00, 0x00, 0x00, 0x00, 0xff, 0xff,
    0xff, 0xff, 0xff, 0xff, 0xff, 0xff, 0xff, 0xff, 0xff, 0xff, 0xff, 0x00, 0x00, 0x00, 0x00, 0xff,
    0xff, 0xff, 0xff, 0xff, 0xff, 0xff, 0xff, 0xff, 0xff, 0xff, 0xff, 0xff, 0x00, 0x00, 0x00, 0x00,
    0xff, 0xf0, 0x00, 0x00, 0x00, 0x0a, 0xff, 0x70, 0x00, 0x00, 0x00, 0x2f, 0xff, 0x00, 0x00, 0x00,
    0x00, 0xee, 0xd0, 0x00, 0x00, 0x00, 0x0a, 0xff, 0x70, 0x00, 0x00, 0x00, 0x1b, 0xbb, 0x00, 0x00,
    0x00, 0x00, 0x00, 0x00, 0x00, 0x00, 0x00, 0x0a, 0xff, 0x70, 0x00, 0x00, 0x00, 0x00, 0x00, 0x00,
    0x00, 0x00, 0x00, 0x00, 0x00, 0x00, 0x00, 0x00, 0x0a, 0xff, 0x70, 0x00, 0x00, 0x00, 0x00, 0x00,
    0x00, 0x00, 0x00, 0x00, 0x00, 0x00, 0x00, 0x00, 0x00, 0x0a, 0xff, 0x70, 0x00, 0x00, 0x00, 0x00,
    0x00, 0x00, 0x00, 0x00, 0x00, 0x00, 0x00, 0x00, 0x00, 0x00, 0x0a, 0xff, 0x70, 0x00, 0x00, 0x00,
    0x00, 0x00, 0x00, 0x00, 0x00, 0x00, 0x00, 0x00, 0x00, 0x00, 0x00, 0x0a, 0xff, 0x70, 0x00, 0x00,
    0x00, 0x00, 0x00, 0x00, 0x00, 0x00, 0x00, 0x00, 0x00, 0x00, 0x00, 0x00, 0x0a, 0xff, 0x70, 0x00,
    0x00, 0x00, 0x00, 0x00, 0x00, 0x00, 0x00, 0x00, 0x00, 0x00, 0x00, 0x00, 0x00, 0x0a, 0xff, 0x70,
    0x00, 0x00, 0x00, 0x00, 0x00, 0x00, 0x00, 0x00, 0x00, 0x00, 0x00, 0x00, 0x00, 0x00, 0x0a, 0xff,
    0x70, 0x00, 0x00, 0x00, 0x00, 0x00, 0x00, 0x00, 0x00, 0x00, 0x00, 0x00, 0x00, 0x00, 0x00, 0x03,
    0x55, 0x20, 0x00, 0x00, 0x00, 0x00, 0x00, 0x00, 0x00, 0x00, 0x00, 0x00, 0x00, 0x00, 0x00, 0x00,
    0x00, 0x00, 0x00, 0x00, 0x00, 0x00, 0x00, 0x00, 0x00, 0x00, 0x00, 0x00, 0x00, 0x00, 0x00, 0x00,
    0x00, 0x00, 0x00, 0x00, 0x00, 0x00, 0x00, 0x00, 0x00, 0x00, 0x00, 0x00, 0x00, 0x00, 0x00, 0x00,
    0x00, 0x00, 0x11, 0x00, 0x00, 0x00, 0x00, 0x00, 0x00, 0x00, 0x00, 0x00, 0x00, 0x00, 0x00, 0x00,
    0x00, 0x00, 0x03, 0xdd, 0x30, 0x00, 0x00, 0x00, 0x00, 0x00, 0x00, 0x00, 0x00, 0x00, 0x00, 0x00,
    0x00, 0x00, 0x00, 0x2f, 0xff, 0xf6, 0x00, 0x00, 0x00, 0x00, 0x00, 0x00, 0x00, 0x00, 0x00, 0x00,
    0x00, 0x00, 0x00, 0x00, 0x04, 0xef, 0xff, 0x90, 0x00, 0x00, 0x00, 0x00, 0x00, 0x00, 0x00, 0x00,
    0x00, 0x00, 0x00, 0x00, 0x00, 0x00, 0x2c, 0xff, 0xfb, 0x10, 0x00, 0x00, 0x00, 0x00, 0x00, 0x00,
    0x00, 0x00, 0x00, 0x00, 0x00, 0x00, 0x00, 0x01, 0xcf, 0xff, 0xb0, 0x00, 0x00, 0x00, 0x00, 0x00,
    0x00, 0x00, 0x00, 0x00, 0x00, 0x00, 0x00, 0x00, 0x00, 0x1b, 0xfe, 0x40, 0x00, 0x00, 0x00, 0x00,
    0x00, 0x00, 0x00, 0x00, 0xcf, 0xff, 0xff, 0xff, 0xff, 0xff, 0xff, 0xff, 0xff, 0xff, 0xff, 0xff,
    0xfb, 0x00, 0x00, 0x00, 0x00, 0xdf, 0xff, 0xff, 0xff, 0xff, 0xff, 0xff, 0xff, 0xff, 0xff, 0xff,
    0xff, 0xfb, 0x00, 0x00, 0x00, 0x00, 0xdf, 0xff, 0xff, 0xff, 0xff, 0xff, 0xff, 0xff, 0xff, 0xff,
    0xff, 0xff, 0xfb, 0x00, 0x00, 0x00, 0x00, 0x00, 0x00, 0x00, 0x00, 0x00, 0x0a, 0xff, 0xa0, 0x00,
    0x00, 0x00, 0x00, 0x00, 0x00, 0x00, 0x00, 0x00, 0x00, 0x00, 0x00, 0x00, 0x00, 0x0a, 0xff, 0xa0,
    0x00, 0x00, 0x00, 0x00, 0x00, 0x00, 0x00, 0x00, 0x00, 0x00, 0x00, 0x00, 0x00, 0x00, 0x0a, 0xff,
    0xa0, 0x00, 0x00, 0x00, 0x00, 0x00, 0x00, 0x00, 0x00, 0x00, 0x00, 0x00, 0x00, 0x00, 0x00, 0x0a,
    0xff, 0xa0, 0x00, 0x00, 0x00, 0x00, 0x00, 0x00, 0x00, 0x00, 0x00, 0x00, 0x00, 0x00, 0x00, 0x00,
    0x0a, 0xff, 0xa0, 0x00, 0x00, 0x00, 0x00, 0x00, 0x00, 0x00, 0x00, 0x00, 0x00, 0x00, 0x00, 0x00,
    0x00, 0x0a, 0xff, 0xa0, 0x00, 0x00, 0x00, 0x00, 0x00, 0x00, 0x00, 0x00, 0x00, 0x00, 0x00, 0x00,
    0x00, 0x00, 0x0a, 0xff, 0xa0, 0x00, 0x00, 0x00, 0x00, 0x00, 0x00, 0x00, 0x00, 0x00, 0x04, 0xff,
    0xff, 0xff, 0xff, 0xff, 0xff, 0xff, 0xff, 0xff, 0xff, 0xff, 0x50, 0x00, 0x00, 0x00, 0x00, 0x04,
    0xff, 0xff, 0xff, 0xff, 0xff, 0xff, 0xff, 0xff, 0xff, 0xff, 0xff, 0x50, 0x00, 0x00, 0x00, 0x00,
    0x04, 0xee, 0xee, 0xee, 0xee, 0xef, 0xff, 0xfe, 0xee, 0xee, 0xee, 0xee, 0x50, 0x00, 0x00, 0x00,
    0x00, 0x00, 0x00, 0x00, 0x00, 0x00, 0x0a, 0xff, 0xa0, 0x00, 0x00, 0x00, 0x00, 0x00, 0x00, 0x00,
    0x00, 0x00, 0x00, 0x00, 0x00, 0x00, 0x00, 0x0a, 0xff, 0xa0, 0x00, 0x00, 0x00, 0x00, 0x00, 0x00,
    0x00, 0x00, 0x00, 0x00, 0x00, 0x00, 0x00, 0x00, 0x0a, 0xff, 0xa0, 0x00, 0x00, 0x00, 0x00, 0x00,
    0x00, 0x00, 0x00, 0x00, 0x00, 0x00, 0x00, 0x00, 0x00, 0x0a, 0xff, 0xa0, 0x00, 0x00, 0x00, 0x00,
    0x00, 0x00, 0x00, 0x00, 0x00, 0x00, 0x00, 0x00, 0x00, 0x00, 0x0a, 0xff, 0xa0, 0x00, 0x00, 0x00,
    0x00, 0x00, 0x00, 0x00, 0x00, 0x00, 0x00, 0x00, 0x00, 0x00, 0x00, 0x0a, 0xff, 0xa0, 0x00, 0x00,
    0x00, 0x00, 0x00, 0x00, 0x00, 0x00, 0x00, 0x00, 0x00, 0x00, 0x00, 0x00, 0x0a, 0xff, 0xa0, 0x00,
    0x00, 0x00, 0x00, 0x00, 0x00, 0x00, 0x00, 0x4e, 0xee, 0xee, 0xee, 0xee, 0xee, 0xef, 0xff, 0xfe,
    0xee, 0xee, 0xee, 0xee, 0xee, 0xe5, 0x00, 0x00, 0x4f, 0xff, 0xff, 0xff, 0xff, 0xff, 0xff, 0xff,
    0xff, 0xff, 0xff, 0xff, 0xff, 0xff, 0xf6, 0x00, 0x00, 0x4f, 0xff, 0xff, 0xff, 0xff, 0xff, 0xff,
    0xff, 0xff, 0xff, 0xff, 0xff, 0xff, 0xff, 0xf6, 0x00, 0x00, 0x00, 0x00, 0x00, 0x00, 0x00, 0x00,
    0x00, 0x00, 0x00, 0x00, 0x00, 0x00, 0x00, 0x00, 0x00, 0x00, 0x00, 0x00, 0x00, 0x00, 0x00, 0x00,
    0x00, 0x00, 0x00, 0x00, 0x00, 0x00, 0x00, 0x00, 0x00, 0x00, 0x00, 0x00, 0x00, 0x00, 0x00, 0x00,
    0x00, 0x00, 0x00, 0x00, 0x00, 0x00, 0x00, 0x00, 0x00, 0x00, 0x00, 0x00, 0x00, 0x00, 0x00, 0x00,
    0x00, 0x00, 0x00, 0x00, 0x00, 0x00, 0x00, 0x24, 0x69, 0xcc, 0x00, 0x00, 0x00, 0x00, 0x00, 0x00,
    0x01, 0x22, 0x34, 0x56, 0x67, 0x89, 0xac, 0xdf, 0xff, 0xff, 0xff, 0x70, 0x00, 0x00, 0x00, 0x00,
    0x00, 0xdf, 0xff, 0xff, 0xff, 0xff, 0xff, 0xff, 0xff, 0xff, 0xff, 0xff, 0xc1, 0x00, 0x00, 0x00,
    0x00, 0x00, 0xef, 0xff, 0xff, 0xff, 0xff, 0xff, 0xff, 0xfe, 0xca, 0x86, 0x31, 0x00, 0x00, 0x00,
    0x00, 0x00, 0x00, 0xff, 0xfb, 0x99, 0x87, 0x65, 0x44, 0x32, 0x00, 0x00, 0x00, 0x00, 0x00, 0x00,
    0x00, 0x00, 0x00, 0x01, 0xff, 0xf2, 0x00, 0x00, 0x00, 0x00, 0x00, 0x00, 0x00, 0x00, 0x00, 0x00,
    0x00, 0x00, 0x00, 0x00, 0x02, 0xff, 0xf0, 0x00, 0x00, 0x00, 0x89, 0x92, 0x00, 0x00, 0x00, 0x00,
    0x00, 0x00, 0x00, 0x00, 0x00, 0x03, 0xff, 0xd0, 0x00, 0x00, 0x00, 0xef, 0xf3, 0x00, 0x00, 0x00,
    0x00, 0x00, 0x00, 0x00, 0x00, 0x00, 0x05, 0xff, 0xb0, 0x00, 0x00, 0x00, 0xef, 0xf3, 0x00, 0x00,
    0x00, 0x00, 0x00, 0x00, 0x00, 0x00, 0x00, 0x07, 0xff, 0x90, 0x00, 0x00, 0x00, 0xef, 0xf3, 0x00,
    0x00, 0x00, 0x00, 0x00, 0x00, 0x00, 0x00, 0x00, 0x0a, 0xff, 0x60, 0x00, 0x00, 0x00, 0xef, 0xf3,
    0x00, 0x00, 0x00, 0x00, 0x00, 0x00, 0x00, 0x00, 0x00, 0x0d, 0xff, 0x30, 0x00, 0x00, 0x00, 0xef,
    0xf3, 0x00, 0x00, 0x00, 0x00, 0x00, 0x00, 0x00, 0x00, 0x00, 0x3f, 0xff, 0x10, 0x00, 0x00, 0x00,
    0xef, 0xf3, 0x00, 0x00, 0x00, 0x00, 0x00, 0x00, 0x00, 0x00, 0x00, 0xbf, 0xff, 0xff, 0xff, 0xff,
    0xff, 0xff, 0xff, 0xff, 0xff, 0xff, 0xff, 0xff, 0x90, 0x00, 0x00, 0x00, 0x9f, 0xff, 0xff, 0xff,
    0xff, 0xff, 0xff, 0xff, 0xff, 0xff, 0xff, 0xff, 0xff, 0x90, 0x00, 0x00, 0x00, 0x3f, 0xff, 0xff,
    0xff, 0xff, 0xff, 0xff, 0xff, 0xff, 0xff, 0xff, 0xff, 0xff, 0x90, 0x00, 0x00, 0x00, 0x05, 0x21,
    0x00, 0x00, 0x00, 0x00, 0xef, 0xf3, 0x00, 0x00, 0x00, 0x00, 0x00, 0x00, 0x00, 0x00, 0x00, 0x00,
    0x00, 0x00, 0x00, 0x00, 0x00, 0xef, 0xf3, 0x00, 0x00, 0x00, 0x00, 0x00, 0x00, 0x00, 0x00, 0x00,
    0x00, 0x00, 0x73, 0x00, 0x00, 0x00, 0xef, 0xf3, 0x00, 0x00, 0x26, 0x00, 0x00, 0x00, 0x00, 0x00,
    0x00, 0x00, 0x06, 0xff, 0xc1, 0x00, 0x00, 0xef, 0xf3, 0x00, 0x09, 0xff, 0x70, 0x00, 0x00, 0x00,
    0x00, 0x00, 0x00, 0x1e, 0xff, 0x70, 0x00, 0x00, 0xef, 0xf3, 0x00, 0x05, 0xff, 0xf4, 0x00, 0x00,
    0x00, 0x00, 0x00, 0x00, 0xbf, 0xfc, 0x00, 0x00, 0x00, 0xef, 0xf3, 0x00, 0x00, 0x9f, 0xfe, 0x20,
    0x00, 0x00, 0x00, 0x00, 0x07, 0xff, 0xe2, 0x00, 0x00, 0x00, 0xef, 0xf3, 0x00, 0x00, 0x0c, 0xff,
    0xd1, 0x00, 0x00, 0x00, 0x00, 0x5f, 0xff, 0x70, 0x00, 0x00, 0x00, 0xef, 0xf3, 0x00, 0x00, 0x02,
    0xef, 0xfa, 0x00, 0x00, 0x00, 0x03, 0xef, 0xfb, 0x00, 0x00, 0x00, 0x00, 0xef, 0xf3, 0x00, 0x00,
    0x00, 0x5f, 0xff, 0x60, 0x00, 0x00, 0x3e, 0xff, 0xd1, 0x00, 0x00, 0x00, 0x00, 0xef, 0xf3, 0x00,
    0x00, 0x00, 0x09, 0xff, 0xe2, 0x00, 0x00, 0x7f, 0xfe, 0x20, 0x00, 0x00, 0x00, 0x01, 0xef, 0xf3,
    0x00, 0x00, 0x00, 0x01, 0xef, 0xf9, 0x00, 0x00, 0x04, 0xd3, 0x00, 0x00, 0x0d, 0xff, 0xff, 0xff,
    0xf2, 0x00, 0x00, 0x00, 0x00, 0x6d, 0x50, 0x00, 0x00, 0x00, 0x00, 0x00, 0x00, 0x07, 0xff, 0xff,
    0xff, 0xc0, 0x00, 0x00, 0x00, 0x00, 0x00, 0x00, 0x00, 0x00, 0x00, 0x00, 0x00, 0x00, 0x02, 0xff,
    0xfe, 0xc8, 0x10, 0x00, 0x00, 0x00, 0x00, 0x00, 0x00, 0x00, 0x00, 0x00, 0x00, 0x00, 0x00, 0x00,
    0x11, 0x00, 0x00, 0x00, 0x00, 0x00, 0x00, 0x00, 0x00, 0x00, 0x00, 0x00, 0x00, 0x00, 0x00, 0x00,
    0x00, 0x00, 0x00, 0x00, 0x00, 0x00, 0x00, 0x00, 0x00, 0x00, 0x00, 0x00, 0x00, 0x00, 0x00, 0x00,
    0x00, 0x00, 0x00, 0x00, 0x00, 0x00, 0x00, 0x00, 0x00, 0x00, 0x00, 0x00, 0x00, 0x00, 0x00, 0x2f,
    0xff, 0xff, 0xff, 0xff, 0xff, 0xff, 0xff, 0xff, 0xff, 0xff, 0xff, 0xf2, 0x00, 0x00, 0x00, 0x00,
    0x2f, 0xff, 0xff, 0xff, 0xff, 0xff, 0xff, 0xff, 0xff, 0xff, 0xff, 0xff, 0xf2, 0x00, 0x00, 0x00,
    0x00, 0x2f, 0xff, 0xff, 0xff, 0xff, 0xff, 0xff, 0xff, 0xff, 0xff, 0xff, 0xff, 0xf2, 0x00, 0x00,
    0x00, 0x00, 0x00, 0x00, 0x00, 0x00, 0x00, 0x04, 0xff, 0xe0, 0x00, 0x00, 0x00, 0x00, 0x00, 0x00,
    0x00, 0x00, 0x00, 0x00, 0x00, 0x00, 0x00, 0x00, 0x04, 0xff, 0xe0, 0x00, 0x00, 0x00, 0x00, 0x00,
    0x00, 0x00, 0x00, 0x00, 0x00, 0x00, 0x00, 0x00, 0x00, 0x04, 0xff, 0xe0, 0x00, 0x00, 0x00, 0x00,
    0x00, 0x00, 0x00, 0x00, 0x00, 0x00, 0x00, 0x00, 0x00, 0x00, 0x04, 0xff, 0xe0, 0x00, 0x00, 0x00,
    0x00, 0x00, 0x00, 0x00, 0x00, 0x00, 0x00, 0x00, 0x00, 0x00, 0x00, 0x04, 0xff, 0xe0, 0x00, 0x00,
    0x00, 0x00, 0x00, 0x00, 0x00, 0x00, 0x00, 0x00, 0x00, 0x00, 0x00, 0x00, 0x04, 0xff, 0xe0, 0x00,
    0x00, 0x00, 0x00, 0x00, 0x00, 0x00, 0x00, 0x00, 0x00, 0x00, 0x00, 0x00, 0x00, 0x04, 0xff, 0xe0,
    0x00, 0x00, 0x00, 0x00, 0x00, 0x00, 0x00, 0x00, 0x00, 0x00, 0x00, 0x00, 0x00, 0x00, 0x04, 0xff,
    0xe0, 0x00, 0x00, 0x00, 0x00, 0x00, 0x00, 0x00, 0x00, 0x5f, 0xff, 0xff, 0xff, 0xff, 0xff, 0xff,
    0xff, 0xff, 0xff, 0xff, 0xff, 0xff, 0xff, 0xf5, 0x00, 0x00, 0x5f, 0xff, 0xff, 0xff, 0xff, 0xff,
    0xff, 0xff, 0xff, 0xff, 0xff, 0xff, 0xff, 0xff, 0xf5, 0x00, 0x00, 0x5f, 0xff, 0xff, 0xff, 0xff,
    0xff, 0xff, 0xff, 0xff, 0xff, 0xff, 0xff, 0xff, 0xff, 0xf5, 0x00, 0x00, 0x00, 0x00, 0x00, 0x00,
    0x00, 0x00, 0x04, 0xff, 0xe0, 0x00, 0x00, 0x00, 0x00, 0x00, 0x00, 0x00, 0x00, 0x00, 0x00, 0x00,
    0x00, 0x00, 0x00, 0x04, 0xff, 0xe0, 0x00, 0x00, 0x00, 0x00, 0x00, 0x00, 0x00, 0x00, 0x00, 0x00,
    0x00, 0x00, 0x00, 0x00, 0x04, 0xff, 0xe0, 0x00, 0x00, 0x00, 0x00, 0x00, 0x00, 0x00, 0x00, 0x00,
    0x00, 0x00, 0x00, 0x00, 0x00, 0x04, 0xff, 0xe0, 0x00, 0x00, 0x00, 0x00, 0x00, 0x00, 0x00, 0x00,
    0x00, 0x00, 0x00, 0x00, 0x00, 0x00, 0x04, 0xff, 0xe0, 0x00, 0x00, 0x00, 0x00, 0x00, 0x00, 0x00,
    0x00, 0x00, 0x00, 0x00, 0x00, 0x00, 0x00, 0x04, 0xff, 0xe0, 0x00, 0x00, 0x00, 0x00, 0x00, 0x00,
    0x00, 0x00, 0x00, 0x00, 0x00, 0x00, 0x00, 0x00, 0x04, 0xff, 0xe0, 0x00, 0x00, 0x00, 0x00, 0x00,
    0x00, 0x00, 0x00, 0x00, 0x00, 0x00, 0x00, 0x00, 0x00, 0x04, 0xff, 0xe0, 0x00, 0x00, 0x00, 0x00,
    0x00, 0x00, 0x00, 0x00, 0x00, 0x00, 0x00, 0x00, 0x00, 0x00, 0x04, 0xff, 0xe0, 0x00, 0x00, 0x00,
    0x00, 0x00, 0x00, 0x00, 0x00, 0x00, 0x00, 0x00, 0x00, 0x00, 0x00, 0x04, 0xff, 0xe0, 0x00, 0x00,
    0x00, 0x00, 0x00, 0x00, 0x00, 0x00, 0x00, 0x00, 0x00, 0x00, 0x00, 0x00, 0x06, 0xff, 0xd0, 0x00,
    0x00, 0x00, 0x00, 0x00, 0x00, 0x00, 0x00, 0x00, 0x00, 0x00, 0x0b, 0xee, 0xee, 0xef, 0xff, 0xc0,
    0x00, 0x00, 0x00, 0x00, 0x00, 0x00, 0x00, 0x00, 0x00, 0x00, 0x00, 0x05, 0xff, 0xff, 0xff, 0xff,
    0x60, 0x00, 0x00, 0x00, 0x00, 0x00, 0x00, 0x00, 0x00, 0x00, 0x00, 0x00, 0x00, 0xef, 0xff, 0xfe,
    0xc6, 0x00, 0x00, 0x00, 0x00, 0x00, 0x00, 0x00, 0x00, 0x00, 0x00, 0x00, 0x00, 0x00, 0x23, 0x32,
    0x10, 0x00, 0x00, 0x00, 0x00, 0x00, 0x00, 0x00, 0x00, 0x00, 0x00, 0x00, 0x00, 0x00, 0x00, 0x00,
    0x00, 0x00, 0x00, 0x00, 0x00, 0x00, 0x00, 0x00, 0x00, 0x00, 0x00, 0x00, 0x00, 0x00, 0x00, 0x00,
    0x00, 0x00, 0x00, 0x00, 0x00, 0x00, 0x00, 0x00, 0x00, 0x00, 0x00, 0x00, 0x00, 0x00, 0x00, 0xbf,
    0xff, 0xff, 0xff, 0xff, 0xff, 0xff, 0xff, 0xff, 0xff, 0xff, 0x00, 0x00, 0x00, 0x00, 0x00, 0x00,
    0xbf, 0xff, 0xff, 0xff, 0xff, 0xff, 0xff, 0xff, 0xff, 0xff, 0xff, 0x00, 0x00, 0x00, 0x00, 0x00,
    0x00, 0xbf, 0xff, 0xff, 0xff, 0xff, 0xff, 0xff, 0xff, 0xff, 0xff, 0xff, 0x00, 0x00, 0x00, 0x00,
    0x00, 0x00, 0x12, 0x22, 0x22, 0x22, 0x22, 0x22, 0x22, 0x22, 0x22, 0x22, 0x22, 0x00, 0x00, 0x00,
    0x00, 0x00, 0x00, 0x00, 0x00, 0x00, 0x00, 0x00, 0x00, 0x00, 0x00, 0x00, 0x00, 0x00, 0x00, 0x00,
    0x00, 0x00, 0x00, 0x00, 0x00, 0x00, 0x00, 0x00, 0x00, 0x00, 0x00, 0x00, 0x00, 0x00, 0x00, 0x00,
    0x00, 0x00, 0x00, 0x00, 0x00, 0x00, 0x00, 0x00, 0x00, 0x00, 0x00, 0x00, 0x00, 0x00, 0x00, 0x00,
    0x00, 0x00, 0x00, 0x00, 0x00, 0x00, 0x00, 0x00, 0x00, 0x00, 0x00, 0x00, 0x00, 0x00, 0x00, 0x00,
    0x00, 0x00, 0x00, 0x00, 0x00, 0x00, 0x00, 0x00, 0x00, 0x00, 0x00, 0x00, 0x00, 0x00, 0x00, 0x00,
    0x00, 0x00, 0x00, 0x00, 0x00, 0x00, 0x01, 0x11, 0x11, 0x11, 0x11, 0x11, 0x11, 0x11, 0x11, 0x11,
    0x11, 0x11, 0x11, 0x11, 0x10, 0x00, 0x00, 0x5f, 0xff, 0xff, 0xff, 0xff, 0xff, 0xff, 0xff, 0xff,
    0xff, 0xff, 0xff, 0xff, 0xff, 0xf5, 0x00, 0x00, 0x5f, 0xff, 0xff, 0xff, 0xff, 0xff, 0xff, 0xff,
    0xff, 0xff, 0xff, 0xff, 0xff, 0xff, 0xf5, 0x00, 0x00, 0x5f, 0xff, 0xff, 0xff, 0xff, 0xff, 0xff,
    0xff, 0xff, 0xff, 0xff, 0xff, 0xff, 0xff, 0xf5, 0x00, 0x00, 0x00, 0x00, 0x00, 0x00, 0x03, 0xff,
    0xfe, 0x10, 0x00, 0x00, 0x00, 0x00, 0x00, 0x00, 0x00, 0x00, 0x00, 0x00, 0x00, 0x00, 0x00, 0x0b,
    0xff, 0xf6, 0x00, 0x00, 0x00, 0x00, 0x00, 0x00, 0x00, 0x00, 0x00, 0x00, 0x00, 0x00, 0x00, 0x00,
    0x4f, 0xff, 0xc0, 0x00, 0x00, 0x00, 0x24, 0x00, 0x00, 0x00, 0x00, 0x00, 0x00, 0x00, 0x00, 0x00,
    0x00, 0xcf, 0xff, 0x30, 0x00, 0x00, 0x19, 0xfe, 0x20, 0x00, 0x00, 0x00, 0x00, 0x00, 0x00, 0x00,
    0x00, 0x07, 0xff, 0xf9, 0x00, 0x00, 0x00, 0x2e, 0xff, 0xb0, 0x00, 0x00, 0x00, 0x00, 0x00, 0x00,
    0x00, 0x00, 0x2e, 0xff, 0xe1, 0x00, 0x00, 0x00, 0x05, 0xff, 0xf7, 0x00, 0x00, 0x00, 0x00, 0x00,
    0x00, 0x00, 0x00, 0xbf, 0xff, 0x40, 0x00, 0x00, 0x00, 0x00, 0xaf, 0xff, 0x30, 0x00, 0x00, 0x00,
    0x00, 0x00, 0x00, 0x07, 0xff, 0xf8, 0x00, 0x00, 0x00, 0x00, 0x00, 0x1e, 0xff, 0xd1, 0x00, 0x00,
    0x00, 0x00, 0x00, 0x00, 0x4f, 0xff, 0xb0, 0x00, 0x00, 0x00, 0x00, 0x00, 0x05, 0xff, 0xf9, 0x00,
    0x00, 0x00, 0x00, 0x00, 0x02, 0xef, 0xfe, 0x20, 0x01, 0x23, 0x45, 0x67, 0x89, 0xab, 0xff, 0xff,
    0x30, 0x00, 0x00, 0x00, 0x00, 0x5e, 0xff, 0xfe, 0xde, 0xff, 0xff, 0xff, 0xff, 0xff, 0xff, 0xff,
    0xff, 0xc0, 0x00, 0x00, 0x00, 0x00, 0x8f, 0xff, 0xff, 0xff, 0xff, 0xff, 0xff, 0xff, 0xff, 0xff,
    0xff, 0xff, 0xf7, 0x00, 0x00, 0x00, 0x00, 0x2f, 0xff, 0xff, 0xff, 0xff, 0xff, 0xdc, 0xba, 0x87,
    0x65, 0x32, 0xcf, 0xfe, 0x10, 0x00, 0x00, 0x00, 0x0c, 0xdb, 0x97, 0x65, 0x32, 0x10, 0x00, 0x00,
    0x00, 0x00, 0x00, 0x4f, 0xff, 0x80, 0x00, 0x00, 0x00, 0x01, 0x00, 0x00, 0x00, 0x00, 0x00, 0x00,
    0x00, 0x00, 0x00, 0x00, 0x0b, 0xf8, 0x00, 0x00, 0x00, 0x00, 0x00, 0x00, 0x00, 0x00, 0x00, 0x00,
    0x00, 0x00, 0x00, 0x00, 0x00, 0x02, 0x20, 0x00, 0x00, 0x00, 0x00, 0x00, 0x00, 0x00, 0x00, 0x00,
    0x00, 0x00, 0x00, 0x00, 0x00, 0x00, 0x00, 0x00, 0x00, 0x00, 0x00, 0x00, 0x00, 0x00, 0x00, 0x00,
    0x00, 0x00, 0x00, 0x00, 0x00, 0x00, 0x00, 0x00, 0x00, 0x00, 0x00, 0x00, 0x00, 0x00, 0x00, 0x00,
    0x00, 0x00, 0x02, 0x56, 0x00, 0x00, 0x00, 0x00, 0x00, 0x00, 0x00, 0x00, 0x00, 0x00, 0x00, 0x00,
    0x00, 0x00, 0x00, 0x3f, 0xff, 0x40, 0x00, 0x00, 0x00, 0x00, 0x00, 0x00, 0x00, 0x00, 0x00, 0x00,
    0x00, 0x00, 0x00, 0x00, 0x0b, 0xff, 0xc0, 0x00, 0x00, 0x00, 0x00, 0x00, 0x00, 0x00, 0x00, 0x28,
    0x88, 0x88, 0x88, 0x88, 0x88, 0x8b, 0xff, 0xf9, 0x88, 0x88, 0x88, 0x88, 0x88, 0x82, 0x00, 0x00,
    0x4f, 0xff, 0xff, 0xff, 0xff, 0xff, 0xff, 0xff, 0xff, 0xff, 0xff, 0xff, 0xff, 0xff, 0xf3, 0x00,
    0x00, 0x4f, 0xff, 0xff, 0xff, 0xff, 0xff, 0xff, 0xff, 0xff, 0xff, 0xff, 0xff, 0xff, 0xff, 0xf3,
    0x00, 0x00, 0x00, 0x00, 0x00, 0x00, 0x00, 0x00, 0x00, 0x00, 0x00, 0x00, 0x00, 0x00, 0x00, 0x00,
    0x00, 0x00, 0x00, 0x00, 0x00, 0x01, 0x11, 0x11, 0x11, 0x11, 0x11, 0x11, 0x11, 0x11, 0x11, 0x10,
    0x00, 0x00, 0x00, 0x00, 0x00, 0x00, 0x0b, 0xff, 0xff, 0xff, 0xff, 0xff, 0xff, 0xff, 0xff, 0xff,
    0xd0, 0x00, 0x00, 0x00, 0x00, 0x00, 0x00, 0x0b, 0xff, 0xff, 0xff, 0xff, 0xff, 0xff, 0xff, 0xff,
    0xff, 0xd0, 0x00, 0x00, 0x00, 0x00, 0x00, 0x00, 0x0b, 0xff, 0x40, 0x00, 0x00, 0x00, 0x00, 0x00,
    0x04, 0xff, 0xd0, 0x00, 0x00, 0x00, 0x00, 0x00, 0x00, 0x0b, 0xff, 0x40, 0x00, 0x00, 0x00, 0x00,
    0x00, 0x04, 0xff, 0xd0, 0x00, 0x00, 0x00, 0x00, 0x00, 0x00, 0x0b, 0xff, 0xff, 0xff, 0xff, 0xff,
    0xff, 0xff, 0xff, 0xff, 0xd0, 0x00, 0x00, 0x00, 0x00, 0x00, 0x00, 0x0b, 0xff, 0xff, 0xff, 0xff,
    0xff, 0xff, 0xff, 0xff, 0xff, 0xd0, 0x00, 0x00, 0x00, 0x00, 0x00, 0x00, 0x01, 0x11, 0x11, 0x11,
    0x11, 0x11, 0x11, 0x11, 0x11, 0x11, 0x10, 0x00, 0x00, 0x00, 0x00, 0x00, 0x00, 0x00, 0x00, 0x00,
    0x00, 0x00, 0x00, 0x00, 0x00, 0x00, 0x00, 0x00, 0x00, 0x00, 0x00, 0x00, 0x0b, 0xff, 0xff, 0xff,
    0xff, 0xff, 0xff, 0xff, 0xff, 0xff, 0xff, 0xff, 0xff, 0xff, 0xb0, 0x00, 0x00, 0x0b, 0xff, 0xff,
    0xff, 0xff, 0xff, 0xff, 0xff, 0xff, 0xff, 0xff, 0xff, 0xff, 0xff, 0xb0, 0x00, 0x00, 0x0b, 0xff,
    0x65, 0x55, 0x55, 0x55, 0x55, 0x55, 0x55, 0x55, 0x55, 0x55, 0x58, 0xff, 0xb0, 0x00, 0x00, 0x0b,
    0xff, 0x10, 0x00, 0x00, 0x00, 0x00, 0x00, 0x00, 0x00, 0x00, 0x00, 0x04, 0xff, 0xb0, 0x00, 0x00,
    0x0b, 0xff, 0x10, 0x00, 0x58, 0x88, 0x88, 0x88, 0x88, 0x88, 0x84, 0x00, 0x04, 0xff, 0xb0, 0x00,
    0x00, 0x0b, 0xff, 0x10, 0x00, 0xbf, 0xff, 0xff, 0xff, 0xff, 0xff, 0xf8, 0x00, 0x04, 0xff, 0xa0,
    0x00, 0x00, 0x00, 0x00, 0x00, 0x00, 0xdf, 0xff, 0xff, 0xff, 0xff, 0xff, 0xf8, 0x00, 0x00, 0x00,
    0x00, 0x00, 0x00, 0x00, 0x00, 0x00, 0x00, 0xff, 0xf2, 0x00, 0x00, 0x00, 0xaf, 0xf8, 0x00, 0x00,
    0x00, 0x00, 0x00, 0x00, 0x00, 0x00, 0x00, 0x04, 0xff, 0xd0, 0x00, 0x00, 0x00, 0xaf, 0xf8, 0x00,
    0x00, 0x31, 0x00, 0x00, 0x00, 0x00, 0x00, 0x00, 0x0c, 0xff, 0xa0, 0x00, 0x00, 0x00, 0xaf, 0xf8,
    0x00, 0x00, 0x8e, 0x91, 0x00, 0x00, 0x00, 0x00, 0x00, 0xaf, 0xff, 0x30, 0x00, 0x00, 0x00, 0xaf,
    0xf8, 0x00, 0x00, 0x9f, 0xf2, 0x00, 0x00, 0x00, 0x01, 0x6d, 0xff, 0xf8, 0x00, 0x00, 0x00, 0x00,
    0x9f, 0xfa, 0x00, 0x01, 0xdf, 0xf0, 0x00, 0x00, 0x18, 0xcf, 0xff, 0xff, 0xa0, 0x00, 0x00, 0x00,
    0x00, 0x7f, 0xff, 0xff, 0xff, 0xff, 0xb0, 0x00, 0x00, 0x0a, 0xff, 0xff, 0xd6, 0x00, 0x00, 0x00,
    0x00, 0x00, 0x2e, 0xff, 0xff, 0xff, 0xff, 0x40, 0x00, 0x00, 0x01, 0xee, 0xa5, 0x00, 0x00, 0x00,
    0x00, 0x00, 0x00, 0x01, 0x78, 0x99, 0x99, 0x83, 0x00, 0x00, 0x00, 0x00, 0x20, 0x00, 0x00, 0x00,
    0x00, 0x00, 0x00, 0x00, 0x00, 0x00, 0x00, 0x00, 0x00, 0x00, 0x00, 0x00, 0x00, 0x00, 0x00, 0x00,
    0x00, 0x00, 0x00, 0x00, 0x00, 0x00, 0x00, 0x00, 0x00, 0x00, 0x00, 0x00, 0x00, 0x00, 0x00, 0x00,
    0x00, 0x00, 0x00, 0x00, 0x00, 0x00, 0x00, 0x00, 0x00, 0x00, 0x00, 0x00, 0x00, 0x00, 0x00, 0x00,
    0x00, 0x00, 0x00, 0x00, 0x00, 0x00, 0x00, 0x00, 0x00, 0x00, 0x00, 0x00, 0x00, 0x00, 0x00, 0x00,
    0x00, 0x00, 0x04, 0xea, 0x50, 0x00, 0x00, 0x00, 0x00, 0x00, 0x00, 0x00, 0x00, 0x00, 0x00, 0x00,
    0x00, 0x00, 0x00, 0x0b, 0xff, 0xb0, 0x00, 0x00, 0x00, 0x00, 0x00, 0x00, 0x00, 0x00, 0x00, 0x00,
    0x00, 0x00, 0x00, 0x00, 0x2f, 0xff, 0x40, 0x00, 0x00, 0x00, 0x00, 0x00, 0x00, 0x00, 0x00, 0x00,
    0x00, 0x00, 0x00, 0x00, 0x00, 0x9f, 0xfc, 0x3d, 0xdd, 0xdd, 0xdd, 0xdd, 0xdd, 0xdd, 0xdd, 0xda,
    0x30, 0x00, 0x00, 0x00, 0x00, 0x03, 0xff, 0xf5, 0x3f, 0xff, 0xff, 0xff, 0xff, 0xff, 0xff, 0xff,
    0xff, 0x40, 0x00, 0x00, 0x00, 0x00, 0x0b, 0xff, 0xc0, 0x3f, 0xff, 0xff, 0xff, 0xff, 0xff, 0xff,
    0xff, 0xff, 0x10, 0x00, 0x00, 0x00, 0x00, 0x5f, 0xff, 0x40, 0x03, 0xef, 0xa0, 0x00, 0x00, 0x00,
    0x00, 0x1f, 0xfd, 0x00, 0x00, 0x00, 0x00, 0x01, 0xdf, 0xfc, 0x00, 0x01, 0xff, 0xe0, 0x00, 0x00,
    0x00, 0x00, 0x5f, 0xfa, 0x00, 0x00, 0x00, 0x00, 0x0a, 0xff, 0xfa, 0x00, 0x00, 0xbf, 0xf4, 0x00,
    0x00, 0x00, 0x00, 0x9f, 0xf7, 0x00, 0x00, 0x00, 0x00, 0x6f, 0xff, 0xfa, 0x00, 0x00, 0x8f, 0xf8,
    0x00, 0x00, 0x00, 0x00, 0xdf, 0xf3, 0x00, 0x00, 0x00, 0x03, 0xef, 0xff, 0xfa, 0x00, 0x00, 0x4f,
    0xfd, 0x00, 0x00, 0x00, 0x02, 0xff, 0xd0, 0x00, 0x00, 0x00, 0x2e, 0xff, 0xff, 0xfa, 0x00, 0x00,
    0x0e, 0xff, 0x20, 0x00, 0x00, 0x08, 0xff, 0x90, 0x00, 0x00, 0x01, 0xdf, 0xff, 0xcf, 0xfa, 0x00,
    0x00, 0x08, 0xff, 0x70, 0x00, 0x00, 0x0d, 0xff, 0x40, 0x00, 0x00, 0x01, 0xef, 0xfb, 0x5f, 0xfa,
    0x00, 0x00, 0x03, 0xff, 0xc0, 0x00, 0x00, 0x4f, 0xfe, 0x00, 0x00, 0x00, 0x00, 0x6f, 0xc1, 0x5f,
    0xfa, 0x00, 0x00, 0x00, 0xdf, 0xf4, 0x00, 0x00, 0xcf, 0xf8, 0x00, 0x00, 0x00, 0x00, 0x0c, 0x20,
    0x5f, 0xfa, 0x00, 0x00, 0x00, 0x6f, 0xfb, 0x00, 0x04, 0xff, 0xe1, 0x00, 0x00, 0x00, 0x00, 0x00,
    0x00, 0x5f, 0xfa, 0x00, 0x00, 0x00, 0x1e, 0xff, 0x30, 0x0c, 0xff, 0x90, 0x00, 0x00, 0x00, 0x00,
    0x00, 0x00, 0x5f, 0xfa, 0x00, 0x00, 0x00, 0x08, 0xff, 0xc0, 0x6f, 0xff, 0x20, 0x00, 0x00, 0x00,
    0x00, 0x00, 0x00, 0x5f, 0xfa, 0x00, 0x00, 0x00, 0x01, 0xef, 0xf7, 0xef, 0xf8, 0x00, 0x00, 0x00,
    0x00, 0x00, 0x00, 0x00, 0x5f, 0xfa, 0x00, 0x00, 0x00, 0x00, 0x7f, 0xff, 0xff, 0xd1, 0x00, 0x00,
    0x00, 0x00, 0x00, 0x00, 0x00, 0x5f, 0xfa, 0x00, 0x00, 0x00, 0x00, 0x0d, 0xff, 0xff, 0x40, 0x00,
    0x00, 0x00, 0x00, 0x00, 0x00, 0x00, 0x5f, 0xfa, 0x00, 0x00, 0x00, 0x00, 0x08, 0xff, 0xfc, 0x00,
    0x00, 0x00, 0x00, 0x00, 0x00, 0x00, 0x00, 0x5f, 0xfa, 0x00, 0x00, 0x00, 0x00, 0x6f, 0xff, 0xff,
    0xa0, 0x00, 0x00, 0x00, 0x00, 0x00, 0x00, 0x00, 0x5f, 0xfa, 0x00, 0x00, 0x00, 0x06, 0xff, 0xff,
    0xff, 0xfb, 0x10, 0x00, 0x00, 0x00, 0x00, 0x00, 0x00, 0x5f, 0xfa, 0x00, 0x00, 0x01, 0xaf, 0xff,
    0xd2, 0xaf, 0xff, 0xc1, 0x00, 0x00, 0x00, 0x00, 0x00, 0x00, 0x5f, 0xfa, 0x00, 0x00, 0x4d, 0xff,
    0xfd, 0x20, 0x09, 0xff, 0xfe, 0x50, 0x00, 0x00, 0x00, 0x00, 0x00, 0x5f, 0xfa, 0x00, 0x2a, 0xff,
    0xff, 0xa1, 0x00, 0x00, 0x8f, 0xff, 0xfb, 0x40, 0x00, 0x00, 0x00, 0x00, 0x5f, 0xfa, 0x2b, 0xff,
    0xff, 0xe6, 0x00, 0x00, 0x00, 0x06, 0xef, 0xff, 0xfc, 0x10, 0x00, 0x00, 0x00, 0x5f, 0xfa, 0x0b,
    0xff, 0xf9, 0x10, 0x00, 0x00, 0x00, 0x00, 0x18, 0xff, 0xf6, 0x00, 0x00, 0x00, 0x00, 0x5f, 0xfa,
    0x01, 0xeb, 0x20, 0x00, 0x00, 0x00, 0x00, 0x00, 0x00, 0x2a, 0xa0, 0x00, 0x00, 0x00, 0x00, 0x14,
    0x43, 0x00, 0x10, 0x00, 0x00, 0x00, 0x00, 0x00, 0x00, 0x00, 0x00, 0x00, 0x00, 0x00, 0x00, 0x00,
    0x00, 0x00, 0x00, 0x00, 0x00, 0x00, 0x00, 0x00, 0x00, 0x00, 0x00, 0x00, 0x00, 0x00, 0x00, 0x00,
    0x00, 0x00, 0x00, 0x00, 0x00, 0x00, 0x00, 0x00, 0x00, 0x00, 0x00, 0x00, 0x00, 0x00, 0x00, 0x00,
    0x00, 0x00, 0x00, 0x00, 0x00, 0x00, 0x00, 0x00, 0x00, 0x37, 0x00, 0x00, 0x00, 0x00, 0x00, 0x00,
    0x00, 0x00, 0x00, 0x00, 0x07, 0xc7, 0x20, 0x00, 0x00, 0x0d, 0xff, 0x30, 0x00, 0x00, 0x00, 0x00,
    0x00, 0x00, 0x00, 0x00, 0x00, 0x0d, 0xff, 0x50, 0x00, 0x00, 0x0a, 0xff, 0x80, 0x00, 0x00, 0x00,
    0x00, 0x00, 0x00, 0x00, 0x00, 0x00, 0x4f, 0xfe, 0x10, 0x00, 0x00, 0x05, 0xff, 0xd0, 0x00, 0x00,
    0x00, 0x00, 0x00, 0x00, 0x00, 0x00, 0x00, 0xaf, 0xf9, 0x00, 0x00, 0x00, 0x01, 0xff, 0xf2, 0x00,
    0x00, 0x00, 0x00, 0x00, 0x00, 0x00, 0x00, 0x02, 0xff, 0xf3, 0x00, 0x00, 0x00, 0x00, 0xcf, 0xf5,
    0x00, 0x00, 0x00, 0x00, 0x00, 0x00, 0x00, 0x00, 0x0a, 0xff, 0xb0, 0x00, 0x00, 0x00, 0x00, 0x78,
    0x30, 0x00, 0x00, 0x00, 0x00, 0x00, 0x00, 0x00, 0x00, 0x3f, 0xff, 0x40, 0x4f, 0xff, 0xff, 0xff,
    0xff, 0xff, 0xff, 0xff, 0xff, 0x50, 0x00, 0x00, 0x00, 0x00, 0xbf, 0xfb, 0x00, 0x4f, 0xff, 0xff,
    0xff, 0xff, 0xff, 0xff, 0xff, 0xff, 0x50, 0x00, 0x00, 0x00, 0x06, 0xff, 0xf7, 0x00, 0x4e, 0xee,
    0xee, 0xee, 0xee, 0xee, 0xee, 0xee, 0xee, 0x50, 0x00, 0x00, 0x00, 0x2e, 0xff, 0xf7, 0x00, 0x00,
    0x00, 0x00, 0x00, 0x00, 0x00, 0x00, 0x00, 0x00, 0x00, 0x00, 0x00, 0x00, 0xbf, 0xff, 0xf7, 0x00,
    0x00, 0x01, 0x44, 0x00, 0x00, 0x00, 0x05, 0x85, 0x20, 0x00, 0x00, 0x00, 0x09, 0xff, 0xff, 0xf7,
    0x00, 0x00, 0x3f, 0xfa, 0x00, 0x00, 0x00, 0x09, 0xff, 0x90, 0x00, 0x00, 0x00, 0x8f, 0xff, 0xff,
    0xf7, 0x00, 0x00, 0x0f, 0xfd, 0x00, 0x00, 0x00, 0x0b, 0xff, 0x60, 0x00, 0x00, 0x00, 0x9f, 0xfd,
    0x9f, 0xf7, 0x00, 0x00, 0x0c, 0xff, 0x10, 0x00, 0x00, 0x0d, 0xff, 0x30, 0x00, 0x00, 0x00, 0x1e,
    0xe2, 0x8f, 0xf7, 0x00, 0x00, 0x0a, 0xff, 0x40, 0x00, 0x00, 0x1f, 0xff, 0x00, 0x00, 0x00, 0x00,
    0x07, 0x40, 0x8f, 0xf7, 0x00, 0x00, 0x07, 0xff, 0x70, 0x00, 0x00, 0x3f, 0xfc, 0x00, 0x00, 0x00,
    0x00, 0x00, 0x00, 0x8f, 0xf7, 0x00, 0x00, 0x05, 0xff, 0xa0, 0x00, 0x00, 0x5f, 0xf9, 0x00, 0x00,
    0x00, 0x00, 0x00, 0x00, 0x8f, 0xf7, 0x00, 0x00, 0x02, 0xff, 0xd0, 0x00, 0x00, 0x8f, 0xf6, 0x00,
    0x00, 0x00, 0x00, 0x00, 0x00, 0x8f, 0xf7, 0x00, 0x00, 0x00, 0xff, 0xf0, 0x00, 0x00, 0xbf, 0xf4,
    0x00, 0x00, 0x00, 0x00, 0x00, 0x00, 0x8f, 0xf7, 0x00, 0x00, 0x00, 0xdf, 0xf2, 0x00, 0x00, 0xef,
    0xf1, 0x00, 0x00, 0x00, 0x00, 0x00, 0x00, 0x8f, 0xf7, 0x00, 0x00, 0x00, 0xbf, 0xf5, 0x00, 0x01,
    0xff, 0xc0, 0x00, 0x00, 0x00, 0x00, 0x00, 0x00, 0x8f, 0xf7, 0x00, 0x00, 0x00, 0x9f, 0xf7, 0x00,
    0x04, 0xff, 0x90, 0x00, 0x00, 0x00, 0x00, 0x00, 0x00, 0x8f, 0xf7, 0x00, 0x00, 0x00, 0x7f, 0xf9,
    0x00, 0x08, 0xff, 0x50, 0x00, 0x00, 0x00, 0x00, 0x00, 0x00, 0x8f, 0xf7, 0x00, 0x00, 0x00, 0x5f,
    0xfa, 0x00, 0x0b, 0xff, 0x20, 0x00, 0x00, 0x00, 0x00, 0x00, 0x00, 0x8f, 0xf7, 0x00, 0x00, 0x00,
    0x39, 0x40, 0x00, 0x0e, 0xfd, 0x00, 0x00, 0x00, 0x00, 0x00, 0x00, 0x00, 0x8f, 0xf7, 0x00, 0x00,
    0x00, 0x00, 0x00, 0x00, 0x3f, 0xf9, 0x00, 0x00, 0x00, 0x00, 0x00, 0x00, 0x00, 0x8f, 0xf7, 0x09,
    0xff, 0xff, 0xff, 0xff, 0xff, 0xff, 0xff, 0xff, 0xff, 0xf8, 0x00, 0x00, 0x00, 0x00, 0x8f, 0xf7,
    0x09, 0xff, 0xff, 0xff, 0xff, 0xff, 0xff, 0xff, 0xff, 0xff, 0xf8, 0x00, 0x00, 0x00, 0x00, 0x8f,
    0xf7, 0x08, 0xee, 0xee, 0xee, 0xee, 0xee, 0xee, 0xee, 0xee, 0xee, 0xe8, 0x00, 0x00, 0x00, 0x00,
    0x8f, 0xf7, 0x00, 0x00, 0x00, 0x00, 0x00, 0x00, 0x00, 0x00, 0x00, 0x00, 0x00, 0x00, 0x00, 0x00,
    0x00, 0x23, 0x31, 0x00, 0x00, 0x00, 0x00, 0x00, 0x00, 0x00, 0x00, 0x00, 0x00, 0x00, 0x00, 0x00,
    0x00, 0x00, 0x00, 0x00, 0x00, 0x00, 0x00, 0x00, 0x00, 0x00, 0x00, 0x00, 0x00, 0x00, 0x00, 0x00,
    0x00, 0x00, 0x00, 0x00, 0x00, 0x00, 0x00, 0x00, 0x00, 0x00, 0x00, 0x00, 0x00, 0x00, 0x00, 0x00,
    0x00, 0x00, 0x00, 0x00, 0x00, 0x01, 0x00, 0x00, 0x00, 0x00, 0x00, 0x00, 0x00, 0x00, 0x01, 0x10,
    0x00, 0x00, 0x00, 0x00, 0x00, 0x00, 0x2f, 0xb6, 0x00, 0x00, 0x00, 0x00, 0x00, 0x00, 0x26, 0xbf,
    0xc1, 0x00, 0x00, 0x00, 0x00, 0x00, 0x00, 0x8f, 0xf9, 0x00, 0x00, 0x00, 0x00, 0x36, 0x9d, 0xff,
    0xff, 0xfc, 0x10, 0x00, 0x00, 0x00, 0x00, 0x00, 0xef, 0xf3, 0x00, 0x14, 0x79, 0xcf, 0xff, 0xff,
    0xff, 0xff, 0xd9, 0x20, 0x00, 0x00, 0x00, 0x00, 0x05, 0xff, 0xc0, 0x1d, 0xff, 0xff, 0xff, 0xff,
    0xff, 0xfb, 0x73, 0x00, 0x00, 0x00, 0x00, 0x00, 0x00, 0x0c, 0xff, 0x50, 0x1f, 0xff, 0xff, 0xfe,
    0xca, 0xff, 0xb0, 0x00, 0x00, 0x00, 0x00, 0x00, 0x00, 0x00, 0x4f, 0xfe, 0x00, 0x1f, 0xfe, 0x74,
    0x20, 0x01, 0xff, 0xc0, 0x00, 0x00, 0x00, 0x00, 0x00, 0x00, 0x00, 0xcf, 0xf8, 0x00, 0x1f, 0xfc,
    0x00, 0x00, 0x00, 0xff, 0xd0, 0x00, 0x00, 0x00, 0x00, 0x00, 0x00, 0x05, 0xff, 0xf2, 0x00, 0x1f,
    0xfc, 0x00, 0x00, 0x00, 0xff, 0xd0, 0x00, 0x00, 0x00, 0x00, 0x00, 0x00, 0x1d, 0xff, 0xf1, 0x00,
    0x1f, 0xfc, 0x00, 0x00, 0x00, 0xef, 0xe0, 0x00, 0x00, 0x00, 0x00, 0x00, 0x00, 0x8f, 0xff, 0xf1,
    0x00, 0x1f, 0xfc, 0x00, 0x00, 0x00, 0xdf, 0xf0, 0x00, 0x00, 0x00, 0x00, 0x00, 0x03, 0xff, 0xff,
    0xf1, 0x00, 0x1f, 0xfc, 0x00, 0x00, 0x00, 0xcf, 0xf1, 0x00, 0x00, 0x00, 0x00, 0x00, 0x1d, 0xff,
    0xff, 0xf1, 0x00, 0x1f, 0xfc, 0x00, 0x00, 0x00, 0xbf, 0xf2, 0x00, 0x00, 0x00, 0x00, 0x00, 0xbf,
    0xff, 0xef, 0xf1, 0x00, 0x1f, 0xfe, 0xcc, 0xcc, 0xcc, 0xef, 0xfd, 0xcc, 0xcc, 0xc6, 0x00, 0x02,
    0xff, 0xf7, 0xcf, 0xf1, 0x00, 0x1f, 0xff, 0xff, 0xff, 0xff, 0xff, 0xff, 0xff, 0xff, 0xf7, 0x00,
    0x00, 0x8f, 0xb0, 0xcf, 0xf1, 0x00, 0x1f, 0xff, 0xff, 0xff, 0xff, 0xff, 0xff, 0xff, 0xff, 0xf7,
    0x00, 0x00, 0x1d, 0x10, 0xcf, 0xf1, 0x00, 0x1f, 0xfc, 0x00, 0x00, 0x00, 0x6f, 0xf8, 0x00, 0x00,
    0x00, 0x00, 0x00, 0x01, 0x00, 0xcf, 0xf1, 0x00, 0x1f, 0xfc, 0x00, 0x00, 0x00, 0x4f, 0xfa, 0x00,
    0x00, 0x00, 0x00, 0x00, 0x00, 0x00, 0xcf, 0xf1, 0x00, 0x1f, 0xfc, 0x00, 0x00, 0x00, 0x2f, 0xfc,
    0x00, 0x00, 0x00, 0x00, 0x00, 0x00, 0x00, 0xcf, 0xf1, 0x00, 0x1f, 0xfc, 0x00, 0x00, 0x00, 0x0f,
    0xfe, 0x00, 0x00, 0x00, 0x00, 0x00, 0x00, 0x00, 0xcf, 0xf1, 0x00, 0x1f, 0xfc, 0x00, 0x00, 0x00,
    0x0c, 0xff, 0x20, 0x00, 0x00, 0x00, 0x00, 0x00, 0x00, 0xcf, 0xf1, 0x00, 0x1f, 0xfc, 0x00, 0x00,
    0x00, 0x0a, 0xff, 0x40, 0x00, 0x00, 0x00, 0x00, 0x00, 0x00, 0xcf, 0xf1, 0x00, 0x1f, 0xfc, 0x00,
    0x00, 0x00, 0x07, 0xff, 0x80, 0x00, 0x00, 0x00, 0x00, 0x00, 0x00, 0xcf, 0xf1, 0x00, 0x1f, 0xfc,
    0x00, 0x00, 0x45, 0x03, 0xff, 0xb0, 0x01, 0xa0, 0x00, 0x00, 0x00, 0x00, 0xcf, 0xf1, 0x00, 0x1f,
    0xfc, 0x00, 0x07, 0xfe, 0x10, 0xff, 0xf1, 0x03, 0xfd, 0x10, 0x00, 0x00, 0x00, 0xcf, 0xf1, 0x00,
    0x1f, 0xfc, 0x00, 0x01, 0xff, 0x70, 0xaf, 0xf6, 0x05, 0xfe, 0x00, 0x00, 0x00, 0x00, 0xcf, 0xf1,
    0x00, 0x1f, 0xfc, 0x00, 0x46, 0x9f, 0xe1, 0x5f, 0xfd, 0x08, 0xfc, 0x00, 0x00, 0x00, 0x00, 0xcf,
    0xf1, 0x00, 0x4f, 0xfe, 0xbf, 0xfb, 0x3f, 0xf6, 0x1e, 0xff, 0xce, 0xf8, 0x00, 0x00, 0x00, 0x00,
    0xcf, 0xf1, 0x01, 0xcf, 0xff, 0xff, 0xfc, 0x0b, 0xfc, 0x07, 0xff, 0xff, 0xf4, 0x00, 0x00, 0x00,
    0x00, 0xcf, 0xf1, 0x02, 0xff, 0xff, 0xeb, 0x62, 0x05, 0xff, 0x30, 0xbf, 0xff, 0xc0, 0x00, 0x00,
    0x00, 0x00, 0xcf, 0xf1, 0x00, 0x9e, 0x95, 0x10, 0x00, 0x01, 0x94, 0x00, 0x19, 0xec, 0x20, 0x00,
    0x00, 0x00, 0x00, 0x34, 0x40, 0x00, 0x21, 0x00, 0x00, 0x00, 0x00, 0x00, 0x00, 0x00, 0x00, 0x00,
    0x00, 0x00, 0x00, 0x00, 0x00, 0x00, 0x00, 0x00, 0x00, 0x00, 0x00, 0x00, 0x00, 0x00, 0x00, 0x00,
    0x00, 0x00, 0x00, 0x00, 0x00, 0x00, 0x00, 0x00, 0x00, 0x00, 0x00, 0x00, 0x00, 0x00, 0x00, 0x00,
    0x00, 0x00, 0x00, 0x00, 0x00, 0x00, 0x00, 0x10, 0x00, 0x00, 0x00, 0x00, 0x02, 0x33, 0x10, 0x00,
    0x00, 0x00, 0x00, 0x00, 0x00, 0x00, 0x00, 0x00, 0xad, 0x92, 0x00, 0x00, 0x00, 0x0a, 0xff, 0x50,
    0x00, 0x00, 0x00, 0x00, 0x00, 0x00, 0x00, 0x00, 0x01, 0xef, 0xf2, 0x00, 0x00, 0x00, 0x0a, 0xff,
    0x50, 0x00, 0x00, 0x00, 0x00, 0x00, 0x00, 0x00, 0x00, 0x06, 0xff, 0xb0, 0x00, 0x00, 0x00, 0x0a,
    0xff, 0x50, 0x00, 0x00, 0x00, 0x00, 0x00, 0x00, 0x00, 0x00, 0x0b, 0xff, 0x50, 0x00, 0x00, 0x00,
    0x0a, 0xff, 0x50, 0x00, 0x00, 0x00, 0x00, 0x00, 0x00, 0x00, 0x00, 0x3f, 0xfd, 0x00, 0x00, 0x00,
    0x00, 0x0a, 0xff, 0x50, 0x00, 0x00, 0x00, 0x00, 0x00, 0x00, 0x00, 0x00, 0xbf, 0xf7, 0x00, 0x00,
    0x00, 0x00, 0x0a, 0xff, 0x50, 0x00, 0x00, 0x00, 0x00, 0x00, 0x00, 0x00, 0x03, 0xff, 0xf1, 0x4f,
    0xff, 0xff, 0xff, 0xff, 0xff, 0xff, 0xff, 0xff, 0xff, 0xf9, 0x00, 0x00, 0x00, 0x0b, 0xff, 0xb0,
    0x4f, 0xff, 0xff, 0xff, 0xff, 0xff, 0xff, 0xff, 0xff, 0xff, 0xf9, 0x00, 0x00, 0x00, 0x5f, 0xff,
    0xb0, 0x4e, 0xee, 0xee, 0xee, 0xff, 0xff, 0xff, 0xee, 0xee, 0xee, 0xe8, 0x00, 0x00, 0x01, 0xdf,
    0xff, 0xb0, 0x00, 0x00, 0x00, 0x07, 0xff, 0xff, 0xff, 0x40, 0x00, 0x00, 0x00, 0x00, 0x00, 0x09,
    0xff, 0xff, 0xb0, 0x00, 0x00, 0x00, 0x0d, 0xff, 0xff, 0xff, 0xa0, 0x00, 0x00, 0x00, 0x00, 0x00,
    0x6f, 0xff, 0xff, 0xb0, 0x00, 0x00, 0x00, 0x4f, 0xff, 0xff, 0xef, 0xe1, 0x00, 0x00, 0x00, 0x00,
    0x02, 0xef, 0xfe, 0xff, 0xb0, 0x00, 0x00, 0x00, 0xaf, 0xea, 0xff, 0x9f, 0xf6, 0x00, 0x00, 0x00,
    0x00, 0x00, 0xcf, 0xf6, 0xff, 0xb0, 0x00, 0x00, 0x02, 0xff, 0x9a, 0xff, 0x5d, 0xfd, 0x00, 0x00,
    0x00, 0x00, 0x00, 0x4f, 0x83, 0xff, 0xb0, 0x00, 0x00, 0x09, 0xff, 0x3a, 0xff, 0x57, 0xff, 0x50,
    0x00, 0x00, 0x00, 0x00, 0x08, 0x03, 0xff, 0xb0, 0x00, 0x00, 0x2f, 0xfc, 0x0a, 0xff, 0x52, 0xff,
    0xd0, 0x00, 0x00, 0x00, 0x00, 0x00, 0x03, 0xff, 0xb0, 0x00, 0x00, 0x9f, 0xf5, 0x0a, 0xff, 0x50,
    0x9f, 0xf6, 0x00, 0x00, 0x00, 0x00, 0x00, 0x03, 0xff, 0xb0, 0x00, 0x03, 0xff, 0xd0, 0x0a, 0xff,
    0x50, 0x2f, 0xfe, 0x10, 0x00, 0x00, 0x00, 0x00, 0x03, 0xff, 0xb0, 0x00, 0x0d, 0xff, 0x50, 0x0a,
    0xff, 0x50, 0x0a, 0xff, 0xa0, 0x00, 0x00, 0x00, 0x00, 0x03, 0xff, 0xb0, 0x00, 0x8f, 0xfd, 0x00,
    0x0a, 0xff, 0x50, 0x03, 0xff, 0xf5, 0x00, 0x00, 0x00, 0x00, 0x03, 0xff, 0xb0, 0x04, 0xff, 0xf4,
    0x00, 0x0a, 0xff, 0x50, 0x00, 0x8f, 0xfe, 0x20, 0x00, 0x00, 0x00, 0x03, 0xff, 0xb0, 0x3e, 0xff,
    0x90, 0x00, 0x0a, 0xff, 0x50, 0x00, 0x1d, 0xff, 0xd1, 0x00, 0x00, 0x00, 0x03, 0xff, 0xb2, 0xef,
    0xfd, 0x7f, 0xff, 0xff, 0xff, 0xff, 0xff, 0xf6, 0xff, 0xfc, 0x10, 0x00, 0x00, 0x03, 0xff, 0xb5,
    0xff, 0xe3, 0x7f, 0xff, 0xff, 0xff, 0xff, 0xff, 0xf2, 0x8f, 0xfb, 0x10, 0x00, 0x00, 0x03, 0xff,
    0xb0, 0x6f, 0x50, 0x5b, 0xbb, 0xbe, 0xff, 0xdb, 0xbb, 0xb1, 0x0a, 0xc0, 0x00, 0x00, 0x00, 0x03,
    0xff, 0xb0, 0x03, 0x00, 0x00, 0x00, 0x0a, 0xff, 0x50, 0x00, 0x00, 0x01, 0x10, 0x00, 0x00, 0x00,
    0x03, 0xff, 0xb0, 0x00, 0x00, 0x00, 0x00, 0x0a, 0xff, 0x50, 0x00, 0x00, 0x00, 0x00, 0x00, 0x00,
    0x00, 0x03, 0xff, 0xb0, 0x00, 0x00, 0x00, 0x00, 0x0a, 0xff, 0x50, 0x00, 0x00, 0x00, 0x00, 0x00,
    0x00, 0x00, 0x03, 0xff, 0xb0, 0x00, 0x00, 0x00, 0x00, 0x0a, 0xff, 0x50, 0x00, 0x00, 0x00, 0x00,
    0x00, 0x00, 0x00, 0x03, 0xff, 0xb0, 0x00, 0x00, 0x00, 0x00, 0x0a, 0xff, 0x50, 0x00, 0x00, 0x00,
    0x00, 0x00, 0x00, 0x00, 0x01, 0x55, 0x40, 0x00, 0x00, 0x00, 0x00, 0x02, 0x33, 0x10, 0x00, 0x00,
    0x00, 0x00, 0x00, 0x00, 0x00, 0x00, 0x00, 0x00, 0x00, 0x00, 0x00, 0x00, 0x00, 0x00, 0x00, 0x00,
    0x00, 0x00, 0x00, 0x00, 0x00, 0x00, 0x00, 0x00, 0x00, 0x00, 0x00, 0x00, 0x00, 0x00, 0x00, 0x00,
    0x00, 0x00, 0x00, 0x00, 0x00, 0x00, 0x00, 0x00, 0x00, 0x01, 0x00, 0x00, 0x00, 0x00, 0x00, 0x00,
    0x00, 0x00, 0x00, 0x00, 0x00, 0x00, 0x00, 0x00, 0x00, 0x00, 0x0a, 0xe9, 0x30, 0x00, 0x07, 0xb7,
    0x20, 0x00, 0x00, 0x00, 0x00, 0x00, 0x00, 0x00, 0x00, 0x00, 0x00, 0x1f, 0xff, 0x30, 0x00, 0x0d,
    0xff, 0x50, 0x00, 0x00, 0x00, 0x00, 0x00, 0x00, 0x00, 0x00, 0x00, 0x00, 0x7f, 0xfb, 0x00, 0x00,
    0x4f, 0xfe, 0x00, 0x00, 0x00, 0x00, 0x00, 0x00, 0x00, 0x00, 0x00, 0x00, 0x00, 0xdf, 0xf4, 0x00,
    0x00, 0xaf, 0xf8, 0x00, 0x00, 0x00, 0x00, 0x00, 0x00, 0x00, 0x00, 0x00, 0x00, 0x07, 0xff, 0xc0,
    0x00, 0x02, 0xff, 0xf2, 0x00, 0x00, 0x00, 0x00, 0x00, 0x00, 0x00, 0x00, 0x00, 0x00, 0x1e, 0xff,
    0x50, 0x00, 0x09, 0xff, 0xfe, 0xee, 0xee, 0xee, 0xee, 0xee, 0xec, 0x00, 0x00, 0x00, 0x00, 0x8f,
    0xfd, 0x00, 0x00, 0x2f, 0xff, 0xff, 0xff, 0xff, 0xff, 0xff, 0xff, 0xfe, 0x00, 0x00, 0x00, 0x03,
    0xff, 0xf7, 0x00, 0x00, 0xaf, 0xff, 0xff, 0xff, 0xff, 0xff, 0xff, 0xff, 0xfe, 0x00, 0x00, 0x00,
    0x0c, 0xff, 0xf6, 0x00, 0x04, 0xff, 0xf2, 0x0b, 0xff, 0x50, 0x00, 0x00, 0x00, 0x00, 0x00, 0x00,
    0x00, 0x8f, 0xff, 0xf6, 0x00, 0x1d, 0xff, 0x80, 0x0b, 0xff, 0x50, 0x00, 0x00, 0x00, 0x00, 0x00,
    0x00, 0x05, 0xff, 0xff, 0xf6, 0x00, 0x9f, 0xfe, 0x10, 0x0b, 0xff, 0x50, 0x00, 0x00, 0x00, 0x00,
    0x00, 0x00, 0x3e, 0xff, 0xff, 0xf6, 0x06, 0xff, 0xf6, 0x00, 0x0b, 0xff, 0x50, 0x00, 0x00, 0x00,
    0x00, 0x00, 0x00, 0xdf, 0xff, 0xef, 0xf6, 0x1e, 0xff, 0xa0, 0x00, 0x0b, 0xff, 0xdc, 0xcc, 0xcc,
    0xcc, 0xc2, 0x00, 0x00, 0x7f, 0xf8, 0xbf, 0xf6, 0x04, 0xed, 0x10, 0x00, 0x0b, 0xff, 0xff, 0xff,
    0xff, 0xff, 0xf2, 0x00, 0x00, 0x0d, 0xb0, 0xbf, 0xf6, 0x00, 0x33, 0x00, 0x00, 0x0b, 0xff, 0xff,
    0xff, 0xff, 0xff, 0xf2, 0x00, 0x00, 0x05, 0x10, 0xbf, 0xf6, 0x00, 0x00, 0x00, 0x00, 0x0b, 0xff,
    0x50, 0x00, 0x00, 0x00, 0x00, 0x00, 0x00, 0x00, 0x00, 0xbf, 0xf6, 0x00, 0x00, 0x00, 0x00, 0x0b,
    0xff, 0x50, 0x00, 0x00, 0x00, 0x00, 0x00, 0x00, 0x00, 0x00, 0xbf, 0xf6, 0x00, 0x00, 0x00, 0x00,
    0x0b, 0xff, 0x50, 0x00, 0x00, 0x00, 0x00, 0x00, 0x00, 0x00, 0x00, 0xbf, 0xf6, 0x00, 0x00, 0x00,
    0x00, 0x0b, 0xff, 0x50, 0x00, 0x00, 0x00, 0x00, 0x00, 0x00, 0x00, 0x00, 0xbf, 0xf6, 0x00, 0x00,
    0x00, 0x00, 0x0b, 0xff, 0x50, 0x00, 0x00, 0x00, 0x00, 0x00, 0x00, 0x00, 0x00, 0xbf, 0xf6, 0x00,
    0x00, 0x00, 0x00, 0x0b, 0xff, 0xff, 0xff, 0xff, 0xff, 0xf9, 0x00, 0x00, 0x00, 0x00, 0xbf, 0xf6,
    0x00, 0x00, 0x00, 0x00, 0x0b, 0xff, 0xff, 0xff, 0xff, 0xff, 0xf9, 0x00, 0x00, 0x00, 0x00, 0xbf,
    0xf6, 0x00, 0x00, 0x00, 0x00, 0x0b, 0xff, 0xed, 0xdd, 0xdd, 0xdd, 0xd7, 0x00, 0x00, 0x00, 0x00,
    0xbf, 0xf6, 0x00, 0x00, 0x00, 0x00, 0x0b, 0xff, 0x50, 0x00, 0x00, 0x00, 0x00, 0x00, 0x00, 0x00,
    0x00, 0xbf, 0xf6, 0x00, 0x00, 0x00, 0x00, 0x0b, 0xff, 0x50, 0x00, 0x00, 0x00, 0x00, 0x00, 0x00,
    0x00, 0x00, 0xbf, 0xf6, 0x00, 0x00, 0x00, 0x00, 0x0b, 0xff, 0x50, 0x00, 0x00, 0x00, 0x00, 0x00,
    0x00, 0x00, 0x00, 0xbf, 0xf6, 0x00, 0x00, 0x00, 0x00, 0x0b, 0xff, 0x50, 0x00, 0x00, 0x00, 0x00,
    0x00, 0x00, 0x00, 0x00, 0xbf, 0xf6, 0x00, 0x00, 0x00, 0x00, 0x0b, 0xff, 0x50, 0x00, 0x00, 0x00,
    0x00, 0x00, 0x00, 0x00, 0x00, 0xbf, 0xf6, 0x00, 0x00, 0x00, 0x00, 0x0b, 0xff, 0x50, 0x00, 0x00,
    0x00, 0x00, 0x00, 0x00, 0x00, 0x00, 0xbf, 0xf6, 0x00, 0x00, 0x00, 0x00, 0x0b, 0xff, 0x50, 0x00,
    0x00, 0x00, 0x00, 0x00, 0x00, 0x00, 0x00, 0x35, 0x52, 0x00, 0x00, 0x00, 0x00, 0x04, 0x55, 0x20,
    0x00, 0x00, 0x00, 0x00, 0x00, 0x00, 0x00, 0x00, 0x00, 0x00, 0x00, 0x00, 0x00, 0x00, 0x00, 0x00,
    0x00, 0x00, 0x00, 0x00, 0x00, 0x00, 0x00, 0x00, 0x00, 0x00, 0x00, 0x00, 0x00, 0x00, 0x00, 0x00,
    0x00, 0x00, 0x00, 0x00, 0x00, 0x00, 0x00, 0x00, 0x00, 0x00, 0x03, 0x10, 0x00, 0x00, 0x00, 0x00,
    0x00, 0x00, 0x00, 0x00, 0x00, 0x22, 0x20, 0x00, 0x00, 0x00, 0x00, 0x0e, 0xfb, 0x00, 0x00, 0x00,
    0x00, 0x00, 0x00, 0x00, 0x00, 0x01, 0xff, 0xb0, 0x00, 0x00, 0x00, 0x00, 0x4f, 0xfa, 0x6d, 0xdd,
    0xdd, 0xdd, 0xdd, 0xd7, 0x00, 0x00, 0x01, 0xff, 0xb0, 0x00, 0x00, 0x00, 0x00, 0x8f, 0xf5, 0x7f,
    0xff, 0xff, 0xff, 0xff, 0xf8, 0x00, 0x00, 0x01, 0xff, 0xb0, 0x00, 0x00, 0x00, 0x00, 0xdf, 0xf1,
    0x7f, 0xff, 0xff, 0xff, 0xff, 0xf8, 0x4d, 0xd5, 0x01, 0xff, 0xb0, 0x00, 0x00, 0x00, 0x03, 0xff,
    0xb0, 0x00, 0x0a, 0xff, 0x30, 0x00, 0x00, 0x4f, 0xf6, 0x01, 0xff, 0xb0, 0x00, 0x00, 0x00, 0x09,
    0xff, 0x60, 0x00, 0x0d, 0xff, 0x00, 0x00, 0x00, 0x4f, 0xf6, 0x01, 0xff, 0xb0, 0x00, 0x00, 0x00,
    0x1e, 0xff, 0x10, 0x00, 0x1f, 0xfc, 0x00, 0x00, 0x00, 0x4f, 0xf6, 0x01, 0xff, 0xb0, 0x00, 0x00,
    0x00, 0x6f, 0xfe, 0x00, 0x00, 0x4f, 0xf9, 0x00, 0x00, 0x00, 0x4f, 0xf6, 0x01, 0xff, 0xb0, 0x00,
    0x00, 0x00, 0xdf, 0xfe, 0x00, 0x00, 0x8f, 0xf6, 0x00, 0x00, 0x00, 0x4f, 0xf6, 0x01, 0xff, 0xb0,
    0x00, 0x00, 0x06, 0xff, 0xfe, 0x00, 0x00, 0xcf, 0xff, 0xff, 0xff, 0xc0, 0x4f, 0xf6, 0x01, 0xff,
    0xb0, 0x00, 0x00, 0x1e, 0xff, 0xfe, 0x00, 0x01, 0xff, 0xff, 0xff, 0xff, 0xe0, 0x4f, 0xf6, 0x01,
    0xff, 0xb0, 0x00, 0x00, 0x9f, 0xff, 0xfe, 0x00, 0x05, 0xff, 0xdc, 0xcc, 0xff, 0xc0, 0x4f, 0xf6,
    0x01, 0xff, 0xb0, 0x00, 0x01, 0xff, 0xff, 0xfe, 0x00, 0x0b, 0xff, 0x30, 0x01, 0xff, 0xa0, 0x4f,
    0xf6, 0x01, 0xff, 0xb0, 0x00, 0x00, 0x9f, 0xbd, 0xfe, 0x00, 0x2f, 0xfd, 0x00, 0x04, 0xff, 0x80,
    0x4f, 0xf6, 0x01, 0xff, 0xb0, 0x00, 0x00, 0x2e, 0x1d, 0xfe, 0x00, 0x9f, 0xf7, 0x00, 0x06, 0xff,
    0x50, 0x4f, 0xf6, 0x01, 0xff, 0xb0, 0x00, 0x00, 0x03, 0x0d, 0xfe, 0x02, 0xff, 0xf1, 0x00, 0x0a,
    0xff, 0x20, 0x4f, 0xf6, 0x01, 0xff, 0xb0, 0x00, 0x00, 0x00, 0x0d, 0xfe, 0x0b, 0xff, 0x93, 0x40,
    0x0e, 0xfe, 0x00, 0x4f, 0xf6, 0x01, 0xff, 0xb0, 0x00, 0x00, 0x00, 0x0d, 0xfe, 0x1e, 0xfe, 0x2d,
    0xf7, 0x3f, 0xfa, 0x00, 0x4f, 0xf6, 0x01, 0xff, 0xb0, 0x00, 0x00, 0x00, 0x0d, 0xfe, 0x02, 0xd7,
    0x6f, 0xff, 0xdf, 0xf6, 0x00, 0x4f, 0xf6, 0x01, 0xff, 0xb0, 0x00, 0x00, 0x00, 0x0d, 0xfe, 0x00,
    0x10, 0x07, 0xff, 0xff, 0xf1, 0x00, 0x4f, 0xf6, 0x01, 0xff, 0xb0, 0x00, 0x00, 0x00, 0x0d, 0xfe,
    0x00, 0x00, 0x00, 0x5f, 0xff, 0xb0, 0x00, 0x4f, 0xf6, 0x01, 0xff, 0xb0, 0x00, 0x00, 0x00, 0x0d,
    0xfe, 0x00, 0x00, 0x00, 0x0b, 0xff, 0x50, 0x00, 0x4f, 0xf6, 0x01, 0xff, 0xb0, 0x00, 0x00, 0x00,
    0x0d, 0xfe, 0x00, 0x00, 0x00, 0x4f, 0xfe, 0x00, 0x00, 0x13, 0x31, 0x01, 0xff, 0xb0, 0x00, 0x00,
    0x00, 0x0d, 0xfe, 0x00, 0x00, 0x00, 0xcf, 0xf6, 0x00, 0x00, 0x00, 0x00, 0x01, 0xff, 0xb0, 0x00,
    0x00, 0x00, 0x0d, 0xfe, 0x00, 0x00, 0x07, 0xff, 0xd0, 0x00, 0x00, 0x00, 0x00, 0x01, 0xff, 0xb0,
    0x00, 0x00, 0x00, 0x0d, 0xfe, 0x00, 0x00, 0x4f, 0xff, 0x50, 0x00, 0x00, 0x00, 0x00, 0x01, 0xff,
    0xb0, 0x00, 0x00, 0x00, 0x0d, 0xfe, 0x00, 0x03, 0xef, 0xfa, 0x00, 0x00, 0x00, 0x00, 0x00, 0x02,
    0xff, 0xb0, 0x00, 0x00, 0x00, 0x0d, 0xfe, 0x00, 0x6f, 0xff, 0xc1, 0x00, 0x00, 0x00, 0x0c, 0xed,
    0xde, 0xff, 0x90, 0x00, 0x00, 0x00, 0x0d, 0xfe, 0x00, 0x6f, 0xfd, 0x10, 0x00, 0x00, 0x00, 0x07,
    0xff, 0xff, 0xff, 0x40, 0x00, 0x00, 0x00, 0x0d, 0xfe, 0x00, 0x09, 0xc1, 0x00, 0x00, 0x00, 0x00,
    0x03, 0xff, 0xfd, 0xb4, 0x00, 0x00, 0x00, 0x00, 0x03, 0x33, 0x00, 0x01, 0x10, 0x00, 0x00, 0x00,
    0x00, 0x00, 0x00, 0x00, 0x00, 0x00, 0x00, 0x00, 0x00, 0x00, 0x00, 0x00, 0x00, 0x00, 0x00, 0x00,
    0x00, 0x00, 0x00, 0x00, 0x00, 0x00, 0x00, 0x00, 0x00, 0x00, 0x00, 0x00, 0x00, 0x00, 0x00, 0x00,
    0x00, 0x00, 0x00, 0x00, 0x00, 0x00, 0x00, 0x00, 0x00, 0x00, 0x00, 0x00, 0x00, 0x01, 0x00, 0x00,
    0x00, 0x00, 0x00, 0x00, 0x00, 0x00, 0x00, 0x00, 0x00, 0x00, 0x00, 0x00, 0x00, 0x00, 0x0b, 0xc7,
    0x10, 0x00, 0x00, 0x00, 0x00, 0x00, 0x00, 0x00, 0x00, 0x00, 0x00, 0x00, 0x00, 0x00, 0x00, 0x3f,
    0xff, 0x17, 0xaa, 0xaa, 0xaa, 0xaa, 0xaa, 0xaa, 0xaa, 0xa9, 0x00, 0x00, 0x00, 0x00, 0x00, 0x00,
    0x9f, 0xf9, 0x0b, 0xff, 0xff, 0xff, 0xff, 0xff, 0xff, 0xff, 0xfe, 0x00, 0x00, 0x00, 0x00, 0x00,
    0x01, 0xff, 0xf3, 0x0b, 0xff, 0xff, 0xff, 0xff, 0xff, 0xff, 0xff, 0xfe, 0x00, 0x00, 0x00, 0x00,
    0x00, 0x09, 0xff, 0xb0, 0x0b, 0xff, 0x10, 0x00, 0x00, 0x00, 0x00, 0x1f, 0xfe, 0x00, 0x00, 0x00,
    0x00, 0x00, 0x3f, 0xff, 0x30, 0x0b, 0xff, 0x10, 0x00, 0x00, 0x00, 0x00, 0x1f, 0xfe, 0x00, 0x00,
    0x00, 0x00, 0x00, 0xbf, 0xfb, 0x00, 0x0b, 0xff, 0x10, 0x00, 0x00, 0x00, 0x00, 0x1f, 0xfe, 0x00,
    0x00, 0x00, 0x00, 0x05, 0xff, 0xf4, 0x00, 0x0b, 0xff, 0x10, 0x00, 0x00, 0x00, 0x00, 0x1f, 0xfe,
    0x00, 0x00, 0x00, 0x00, 0x2e, 0xff, 0xf3, 0x00, 0x0b, 0xff, 0x10, 0x00, 0x00, 0x00, 0x00, 0x1f,
    0xfe, 0x00, 0x00, 0x00, 0x00, 0xbf, 0xff, 0xf3, 0x00, 0x0b, 0xff, 0xbb, 0xbb, 0xbb, 0xbb, 0xbb,
    0xbf, 0xfe, 0x00, 0x00, 0x00, 0x09, 0xff, 0xff, 0xf3, 0x00, 0x0b, 0xff, 0xff, 0xff, 0xff, 0xff,
    0xff, 0xff, 0xfe, 0x00, 0x00, 0x00, 0x7f, 0xff, 0xff, 0xf3, 0x00, 0x0b, 0xff, 0xff, 0xff, 0xff,
    0xff, 0xff, 0xff, 0xfe, 0x00, 0x00, 0x02, 0xff, 0xfd, 0xbf, 0xf3, 0x00, 0x00, 0x00, 0x00, 0x01,
    0xff, 0xe0, 0x00, 0x00, 0x00, 0x00, 0x00, 0x00, 0xcf, 0xf4, 0xbf, 0xf3, 0x00, 0x00, 0x00, 0x00,
    0x01, 0xff, 0xe0, 0x00, 0x00, 0x00, 0x00, 0x00, 0x00, 0x5f, 0x80, 0xbf, 0xf3, 0x00, 0x00, 0x00,
    0x00, 0x01, 0xff, 0xe0, 0x00, 0x00, 0x00, 0x00, 0x00, 0x00, 0x09, 0x00, 0xbf, 0xf3, 0x00, 0x00,
    0x00, 0x00, 0x01, 0xff, 0xe0, 0x00, 0x00, 0x00, 0x00, 0x00, 0x00, 0x00, 0x00, 0xbf, 0xf3, 0x0f,
    0xff, 0xff, 0xff, 0xff, 0xff, 0xff, 0xff, 0xff, 0xff, 0xfa, 0x00, 0x00, 0x00, 0x00, 0xbf, 0xf3,
    0x0f, 0xff, 0xff, 0xff, 0xff, 0xff, 0xff, 0xff, 0xff, 0xff, 0xfa, 0x00, 0x00, 0x00, 0x00, 0xbf,
    0xf3, 0x0b, 0xbb, 0xbb, 0xbb, 0xef, 0xff, 0xff, 0xeb, 0xbb, 0xbb, 0xb7, 0x00, 0x00, 0x00, 0x00,
    0xbf, 0xf3, 0x00, 0x00, 0x00, 0x04, 0xff, 0xff, 0xff, 0xe2, 0x00, 0x00, 0x00, 0x00, 0x00, 0x00,
    0x00, 0xbf, 0xf3, 0x00, 0x00, 0x00, 0x1e, 0xff, 0xff, 0xff, 0xfc, 0x00, 0x00, 0x00, 0x00, 0x00,
    0x00, 0x00, 0xbf, 0xf3, 0x00, 0x00, 0x01, 0xcf, 0xfa, 0xff, 0xea, 0xff, 0x90, 0x00, 0x00, 0x00,
    0x00, 0x00, 0x00, 0xbf, 0xf3, 0x00, 0x00, 0x0b, 0xff, 0xb2, 0xff, 0xe1, 0xdf, 0xf7, 0x00, 0x00,
    0x00, 0x00, 0x00, 0x00, 0xbf, 0xf3, 0x00, 0x01, 0xbf, 0xfd, 0x11, 0xff, 0xe0, 0x2e, 0xff, 0x70,
    0x00, 0x00, 0x00, 0x00, 0x00, 0xbf, 0xf3, 0x00, 0x2d, 0xff, 0xe3, 0x01, 0xff, 0xe0, 0x05, 0xff,
    0xf9, 0x00, 0x00, 0x00, 0x00, 0x00, 0xbf, 0xf3, 0x06, 0xef, 0xff, 0x50, 0x01, 0xff, 0xe0, 0x00,
    0x9f, 0xff, 0xb2, 0x00, 0x00, 0x00, 0x00, 0xbf, 0xf3, 0xbf, 0xff, 0xe4, 0x00, 0x01, 0xff, 0xe0,
    0x00, 0x09, 0xff, 0xfe, 0x40, 0x00, 0x00, 0x00, 0xbf, 0xf3, 0x3e, 0xfd, 0x30, 0x00, 0x01, 0xff,
    0xe0, 0x00, 0x00, 0x8f, 0xfa, 0x00, 0x00, 0x00, 0x00, 0xbf, 0xf3, 0x05, 0xa1, 0x00, 0x00, 0x01,
    0xff, 0xe0, 0x00, 0x00, 0x05, 0xb0, 0x00, 0x00, 0x00, 0x00, 0xbf, 0xf3, 0x00, 0x00, 0x00, 0x00,
    0x01, 0xff, 0xe0, 0x00, 0x00, 0x00, 0x00, 0x00, 0x00, 0x00, 0x00, 0x34, 0x41, 0x00, 0x00, 0x00,
    0x00, 0x00, 0x55, 0x50, 0x00, 0x00, 0x00, 0x00, 0x00, 0x00, 0x00, 0x00, 0x00, 0x00, 0x00, 0x00,
    0x00, 0x00, 0x00, 0x00, 0x00, 0x00, 0x00, 0x00, 0x00, 0x00, 0x00, 0x00, 0x00, 0x00, 0x00, 0x00,
    0x00, 0x00, 0x00, 0x00, 0x00, 0x00, 0x00, 0x00, 0x00, 0x00, 0x00, 0x00, 0x00, 0x00, 0x01, 0x00,
    0x00, 0x00, 0x00, 0x00, 0x00, 0x00, 0x00, 0x00, 0x00, 0x00, 0x00, 0x00, 0x00, 0x00, 0x00, 0x08,
    0xea, 0x20, 0x00, 0x00, 0x00, 0x00, 0x00, 0x00, 0x00, 0x00, 0x11, 0x10, 0x00, 0x00, 0x00, 0x00,
    0x0d, 0xff, 0x10, 0x00, 0x00, 0x00, 0x00, 0x00, 0x00, 0x00, 0x01, 0xff, 0xa0, 0x00, 0x00, 0x00,
    0x00, 0x3f, 0xfb, 0x9f, 0xff, 0xff, 0xff, 0xff, 0xff, 0x00, 0x11, 0x01, 0xff, 0xa0, 0x00, 0x00,
    0x00, 0x00, 0x8f, 0xf5, 0x9f, 0xff, 0xff, 0xff, 0xff, 0xff, 0x0a, 0xfe, 0x01, 0xff, 0xa0, 0x00,
    0x00, 0x00, 0x00, 0xef, 0xe1, 0x69, 0x9e, 0xff, 0x99, 0x99, 0x99, 0x0a, 0xfe, 0x01, 0xff, 0xa0,
    0x00, 0x00, 0x00, 0x05, 0xff, 0xa0, 0x00, 0x3f, 0xfb, 0x00, 0x00, 0x00, 0x0a, 0xfe, 0x01, 0xff,
    0xa0, 0x00, 0x00, 0x00, 0x0b, 0xff, 0x40, 0x00, 0x9f, 0xf4, 0x01, 0x68, 0x00, 0x0a, 0xfe, 0x01,
    0xff, 0xa0, 0x00, 0x00, 0x00, 0x3f, 0xff, 0x00, 0x01, 0xef, 0xc0, 0x0a, 0xff, 0x40, 0x0a, 0xfe,
    0x01, 0xff, 0xa0, 0x00, 0x00, 0x00, 0xbf, 0xff, 0x00, 0x08, 0xff, 0x50, 0x02, 0xef, 0xd0, 0x0a,
    0xfe, 0x01, 0xff, 0xa0, 0x00, 0x00, 0x04, 0xff, 0xff, 0x00, 0x2e, 0xfc, 0x00, 0x35, 0xcf, 0xf7,
    0x0a, 0xfe, 0x01, 0xff, 0xa0, 0x00, 0x00, 0x0c, 0xff, 0xff, 0x01, 0xcf, 0xfd, 0xdf, 0xff, 0xff,
    0xfe, 0x1a, 0xfe, 0x01, 0xff, 0xa0, 0x00, 0x00, 0x7f, 0xff, 0xff, 0x00, 0xef, 0xff, 0xff, 0xfd,
    0xba, 0xff, 0x6a, 0xfe, 0x01, 0xff, 0xa0, 0x00, 0x03, 0xff, 0xff, 0xff, 0x00, 0x9f, 0xc9, 0x63,
    0x10, 0x00, 0xdf, 0xaa, 0xfe, 0x01, 0xff, 0xa0, 0x00, 0x03, 0xff, 0xcd, 0xff, 0x00, 0x21, 0x00,
    0x00, 0x00, 0x00, 0x55, 0x0a, 0xfe, 0x01, 0xff, 0xa0, 0x00, 0x00, 0xbf, 0x3c, 0xff, 0x00, 0x00,
    0x00, 0xcf, 0xf0, 0x00, 0x00, 0x0a, 0xfe, 0x01, 0xff, 0xa0, 0x00, 0x00, 0x58, 0x0c, 0xff, 0x00,
    0x00, 0x00, 0xcf, 0xf0, 0x00, 0x00, 0x0a, 0xfe, 0x01, 0xff, 0xa0, 0x00, 0x00, 0x00, 0x0c, 0xff,
    0x00, 0x00, 0x00, 0xcf, 0xf0, 0x00, 0x00, 0x0a, 0xfe, 0x01, 0xff, 0xa0, 0x00, 0x00, 0x00, 0x0c,
    0xff, 0x02, 0xff, 0xff, 0xff, 0xff, 0xff, 0xfc, 0x0a, 0xfe, 0x01, 0xff, 0xa0, 0x00, 0x00, 0x00,
    0x0c, 0xff, 0x02, 0xff, 0xff, 0xff, 0xff, 0xff, 0xfc, 0x0a, 0xfe, 0x01, 0xff, 0xa0, 0x00, 0x00,
    0x00, 0x0c, 0xff, 0x01, 0x88, 0x88, 0xef, 0xf8, 0x88, 0x86, 0x0a, 0xfe, 0x01, 0xff, 0xa0, 0x00,
    0x00, 0x00, 0x0c, 0xff, 0x00, 0x00, 0x00, 0xcf, 0xf0, 0x00, 0x00, 0x0a, 0xfe, 0x01, 0xff, 0xa0,
    0x00, 0x00, 0x00, 0x0c, 0xff, 0x00, 0x00, 0x00, 0xcf, 0xf0, 0x00, 0x00, 0x0a, 0xfe, 0x01, 0xff,
    0xa0, 0x00, 0x00, 0x00, 0x0c, 0xff, 0x00, 0x00, 0x00, 0xcf, 0xf0, 0x00, 0x14, 0x10, 0x00, 0x01,
    0xff, 0xa0, 0x00, 0x00, 0x00, 0x0c, 0xff, 0x00, 0x00, 0x00, 0xcf, 0xf7, 0xad, 0xff, 0x40, 0x00,
    0x01, 0xff, 0xa0, 0x00, 0x00, 0x00, 0x0c, 0xff, 0x01, 0x36, 0x9b, 0xff, 0xff, 0xff, 0xff, 0x50,
    0x00, 0x01, 0xff, 0xa0, 0x00, 0x00, 0x00, 0x0c, 0xff, 0x0e, 0xff, 0xff, 0xff, 0xff, 0xec, 0x85,
    0x10, 0x00, 0x01, 0xff, 0xa0, 0x00, 0x00, 0x00, 0x0c, 0xff, 0x0c, 0xff, 0xff, 0xc9, 0x63, 0x00,
    0x00, 0x01, 0x00, 0x03, 0xff, 0xa0, 0x00, 0x00, 0x00, 0x0c, 0xff, 0x07, 0x96, 0x30, 0x00, 0x00,
    0x00, 0x00, 0x0b, 0xff, 0xff, 0xff, 0x80, 0x00, 0x00, 0x00, 0x0c, 0xff, 0x00, 0x00, 0x00, 0x00,
    0x00, 0x00, 0x00, 0x05, 0xff, 0xff, 0xfc, 0x20, 0x00, 0x00, 0x00, 0x0c, 0xff, 0x00, 0x00, 0x00,
    0x00, 0x00, 0x00, 0x00, 0x01, 0x99, 0x97, 0x41, 0x00, 0x00, 0x00, 0x00, 0x02, 0x33, 0x00, 0x00,
    0x00, 0x00, 0x00, 0x00, 0x00, 0x00, 0x00, 0x00, 0x00, 0x00, 0x00, 0x00, 0x00, 0x00, 0x00, 0x00,
    0x00, 0x00, 0x00, 0x00, 0x00, 0x00, 0x00, 0x00, 0x00, 0x00, 0x00, 0x00, 0x00, 0x00, 0x00, 0x00,
    0x00, 0x00, 0x00, 0x00, 0x00, 0x00, 0x00, 0x00, 0x00, 0x00, 0x00, 0x00, 0x00, 0x00, 0x00, 0x00,
    0x00, 0x01, 0x00, 0x00, 0x00, 0x00, 0x00, 0x35, 0x00, 0x00, 0x00, 0x00, 0x00, 0x00, 0x00, 0x00,
    0x00, 0x00, 0x4f, 0xb5, 0x00, 0x00, 0x00, 0x0c, 0xff, 0x30, 0x00, 0x00, 0x00, 0x00, 0x00, 0x00,
    0x00, 0x00, 0x00, 0xaf, 0xf7, 0x00, 0x00, 0x00, 0x07, 0xff, 0xb0, 0x00, 0x00, 0x00, 0x00, 0x00,
    0x00, 0x00, 0x00, 0x01, 0xff, 0xf6, 0x88, 0x88, 0x88, 0x89, 0xff, 0xf8, 0x88, 0x88, 0x88, 0x84,
    0x00, 0x00, 0x00, 0x00, 0x07, 0xff, 0xa9, 0xff, 0xff, 0xff, 0xff, 0xff, 0xff, 0xff, 0xff, 0xff,
    0xf8, 0x00, 0x00, 0x00, 0x00, 0x1e, 0xff, 0x49, 0xff, 0xff, 0xff, 0xff, 0xff, 0xff, 0xff, 0xff,
    0xff, 0xf8, 0x00, 0x00, 0x00, 0x00, 0x7f, 0xfc, 0x00, 0x00, 0x00, 0x00, 0x00, 0x00, 0x00, 0x00,
    0x00, 0x00, 0x00, 0x00, 0x00, 0x00, 0x01, 0xef, 0xf5, 0x00, 0x00, 0x11, 0x11, 0x11, 0x11, 0x11,
    0x11, 0x11, 0x10, 0x00, 0x00, 0x00, 0x00, 0x08, 0xff, 0xc0, 0x00, 0x06, 0xff, 0xff, 0xff, 0xff,
    0xff, 0xff, 0xff, 0xf0, 0x00, 0x00, 0x00, 0x00, 0x3f, 0xff, 0x80, 0x00, 0x06, 0xff, 0xff, 0xff,
    0xff, 0xff, 0xff, 0xff, 0xf0, 0x00, 0x00, 0x00, 0x00, 0xcf, 0xff, 0x80, 0x00, 0x06, 0xff, 0x50,
    0x00, 0x00, 0x00, 0x00, 0xdf, 0xf0, 0x00, 0x00, 0x00, 0x08, 0xff, 0xff, 0x80, 0x00, 0x06, 0xff,
    0x50, 0x00, 0x00, 0x00, 0x00, 0xdf, 0xf0, 0x00, 0x00, 0x00, 0x5f, 0xff, 0xff, 0x80, 0x00, 0x06,
    0xff, 0xff, 0xff, 0xff, 0xff, 0xff, 0xff, 0xf0, 0x00, 0x00, 0x00, 0xef, 0xff, 0xff, 0x80, 0x00,
    0x06, 0xff, 0xff, 0xff, 0xff, 0xff, 0xff, 0xff, 0xf0, 0x00, 0x00, 0x00, 0x9f, 0xf7, 0xff, 0x80,
    0x00, 0x01, 0x22, 0x22, 0x22, 0x22, 0x22, 0x22, 0x22, 0x20, 0x00, 0x00, 0x00, 0x1f, 0x63, 0xff,
    0x80, 0x00, 0x00, 0x00, 0x00, 0x00, 0x00, 0x00, 0x00, 0x00, 0x00, 0x00, 0x00, 0x00, 0x05, 0x03,
    0xff, 0x80, 0x3f, 0xff, 0xff, 0xff, 0xff, 0xff, 0xff, 0xff, 0xff, 0xff, 0xf9, 0x00, 0x00, 0x00,
    0x03, 0xff, 0x80, 0x3f, 0xff, 0xff, 0xff, 0xff, 0xff, 0xff, 0xff, 0xff, 0xff, 0xf9, 0x00, 0x00,
    0x00, 0x03, 0xff, 0x80, 0x3f, 0xfb, 0x77, 0x77, 0x77, 0x77, 0x77, 0x77, 0x77, 0x8f, 0xf9, 0x00,
    0x00, 0x00, 0x03, 0xff, 0x80, 0x3f, 0xf7, 0x00, 0x00, 0x00, 0x00, 0x00, 0x00, 0x00, 0x2f, 0xf9,
    0x00, 0x00, 0x00, 0x03, 0xff, 0x80, 0x3f, 0xf7, 0x00, 0x00, 0x00, 0x00, 0x00, 0x00, 0x00, 0x2f,
    0xf9, 0x00, 0x00, 0x00, 0x03, 0xff, 0x80, 0x3f, 0xf8, 0xff, 0xff, 0xff, 0xff, 0xff, 0xff, 0xff,
    0x9f, 0xf9, 0x00, 0x00, 0x00, 0x03, 0xff, 0x80, 0x00, 0x02, 0xff, 0xff, 0xff, 0xff, 0xff, 0xff,
    0xff, 0x70, 0x00, 0x00, 0x00, 0x00, 0x03, 0xff, 0x80, 0x00, 0x00, 0x00, 0x00, 0x03, 0xff, 0xd0,
    0x00, 0x00, 0x00, 0x00, 0x00, 0x00, 0x00, 0x03, 0xff, 0x80, 0x00, 0x00, 0x00, 0x00, 0x03, 0xff,
    0xd0, 0x00, 0x00, 0x00, 0x00, 0x00, 0x00, 0x00, 0x03, 0xff, 0x80, 0x00, 0x00, 0x00, 0x00, 0x03,
    0xff, 0xd0, 0x00, 0x00, 0x00, 0x00, 0x00, 0x00, 0x00, 0x03, 0xff, 0x80, 0x00, 0x00, 0x00, 0x00,
    0x03, 0xff, 0xd0, 0x00, 0x00, 0x00, 0x00, 0x00, 0x00, 0x00, 0x03, 0xff, 0x80, 0x00, 0x00, 0x00,
    0x00, 0x03, 0xff, 0xd0, 0x00, 0x00, 0x00, 0x00, 0x00, 0x00, 0x00, 0x03, 0xff, 0x80, 0x00, 0x00,
    0x07, 0x98, 0x8b, 0xff, 0xb0, 0x00, 0x00, 0x00, 0x00, 0x00, 0x00, 0x00, 0x03, 0xff, 0x80, 0x00,
    0x00, 0x07, 0xff, 0xff, 0xff, 0x80, 0x00, 0x00, 0x00, 0x00, 0x00, 0x00, 0x00, 0x03, 0xff, 0x80,
    0x00, 0x00, 0x02, 0xff, 0xfe, 0xc8, 0x10, 0x00, 0x00, 0x00, 0x00, 0x00, 0x00, 0x00, 0x00, 0x22,
    0x10, 0x00, 0x00, 0x00, 0x00, 0x00, 0x00, 0x00, 0x00, 0x00, 0x00, 0x00, 0x00, 0x00, 0x00, 0x00,
    0x00, 0x00, 0x00, 0x00, 0x00, 0x00, 0x00, 0x00, 0x00, 0x00, 0x00, 0x00, 0x00, 0x00, 0x00, 0x00,
    0x00, 0x00, 0x00, 0x00, 0x00, 0x00, 0x00, 0x00, 0x00, 0x00, 0x00, 0x00, 0x00, 0x00, 0x00, 0x00,
    0x00, 0x00, 0x00, 0x00, 0x00, 0x00, 0x02, 0x33, 0x20, 0x00, 0x00, 0x00, 0x00, 0x00, 0x00, 0x00,
    0x00, 0x00, 0x00, 0x00, 0x45, 0x10, 0x00, 0x08, 0xff, 0x80, 0x00, 0x00, 0x00, 0x00, 0x00, 0x00,
    0x00, 0x00, 0x00, 0x00, 0x00, 0xcf, 0xf6, 0x00, 0x08, 0xff, 0x80, 0x00, 0x00, 0x00, 0x00, 0x00,
    0x00, 0x00, 0x00, 0x00, 0x00, 0x01, 0xff, 0xf2, 0x00, 0x08, 0xff, 0x80, 0x00, 0x00, 0x00, 0x00,
    0x00, 0x00, 0x00, 0x00, 0x00, 0x00, 0x04, 0xff, 0xd0, 0x00, 0x08, 0xff, 0x80, 0x00, 0x00, 0x00,
    0x00, 0x00, 0x00, 0x00, 0x00, 0x00, 0x00, 0x09, 0xff, 0x90, 0x00, 0x08, 0xff, 0x80, 0x00, 0x00,
    0x00, 0x00, 0x00, 0x00, 0x00, 0x00, 0x00, 0x00, 0x0e, 0xff, 0xff, 0xff, 0xff, 0xff, 0xff, 0xff,
    0xff, 0xff, 0xff, 0xc0, 0x00, 0x00, 0x00, 0x00, 0x00, 0x5f, 0xff, 0xff, 0xff, 0xff, 0xff, 0xff,
    0xff, 0xff, 0xff, 0xff, 0xc0, 0x00, 0x00, 0x00, 0x00, 0x00, 0xcf, 0xfe, 0xee, 0xee, 0xee, 0xff,
    0xfe, 0xee, 0xee, 0xee, 0xee, 0xb0, 0x00, 0x00, 0x00, 0x00, 0x04, 0xff, 0xe1, 0x00, 0x00, 0x08,
    0xff, 0x80, 0x00, 0x00, 0x00, 0x00, 0x00, 0x00, 0x00, 0x00, 0x00, 0x0c, 0xff, 0x80, 0x00, 0x00,
    0x08, 0xff, 0x80, 0x00, 0x00, 0x00, 0x00, 0x00, 0x00, 0x00, 0x00, 0x00, 0x7f, 0xfe, 0x20, 0x00,
    0x00, 0x08, 0xff, 0x80, 0x00, 0x00, 0x00, 0x00, 0x00, 0x00, 0x00, 0x00, 0x00, 0x8e, 0xf7, 0x00,
    0x00, 0x00, 0x08, 0xff, 0x80, 0x00, 0x00, 0x00, 0x00, 0x00, 0x00, 0x00, 0x00, 0x00, 0x01, 0x80,
    0x00, 0x00, 0x00, 0x08, 0xff, 0x80, 0x00, 0x00, 0x00, 0x00, 0x00, 0x00, 0x00, 0x00, 0x00, 0x00,
    0x00, 0x00, 0x00, 0x00, 0x08, 0xff, 0x80, 0x00, 0x00, 0x00, 0x00, 0x00, 0x00, 0x00, 0x00, 0x2f,
    0xff, 0xff, 0xff, 0xff, 0xff, 0xff, 0xff, 0xff, 0xff, 0xff, 0xff, 0xff, 0xff, 0xf3, 0x00, 0x00,
    0x2f, 0xff, 0xff, 0xff, 0xff, 0xff, 0xff, 0xff, 0xff, 0xff, 0xff, 0xff, 0xff, 0xff, 0xf3, 0x00,
    0x00, 0x2e, 0xee, 0xee, 0xee, 0xef, 0xff, 0xee, 0xee, 0xee, 0xff, 0xfe, 0xee, 0xee, 0xee, 0xe3,
    0x00, 0x00, 0x00, 0x00, 0x00, 0x00, 0x3f, 0xfe, 0x00, 0x00, 0x07, 0xff, 0x80, 0x00, 0x00, 0x00,
    0x00, 0x00, 0x00, 0x00, 0x00, 0x00, 0x00, 0x6f, 0xfb, 0x00, 0x00, 0x07, 0xff, 0x80, 0x00, 0x00,
    0x00, 0x00, 0x00, 0x00, 0x00, 0x00, 0x00, 0x00, 0x9f, 0xf9, 0x00, 0x00, 0x07, 0xff, 0x80, 0x00,
    0x00, 0x00, 0x00, 0x00, 0x00, 0x00, 0x00, 0x00, 0x00, 0xcf, 0xf6, 0x00, 0x00, 0x07, 0xff, 0x80,
    0x00, 0x00, 0x00, 0x00, 0x00, 0x00, 0x00, 0x00, 0x00, 0x03, 0xff, 0xf3, 0x00, 0x00, 0x07, 0xff,
    0x80, 0x00, 0x00, 0x00, 0x00, 0x00, 0x00, 0x00, 0x00, 0x00, 0x0a, 0xff, 0xd0, 0x00, 0x00, 0x07,
    0xff, 0x80, 0x00, 0x00, 0x25, 0x00, 0x00, 0x00, 0x00, 0x00, 0x00, 0x2f, 0xff, 0x70, 0x00, 0x00,
    0x07, 0xff, 0x80, 0x00, 0x00, 0x4f, 0xd5, 0x00, 0x00, 0x00, 0x00, 0x01, 0xdf, 0xfd, 0x00, 0x00,
    0x00, 0x07, 0xff, 0x80, 0x00, 0x00, 0x5f, 0xf7, 0x00, 0x00, 0x00, 0x00, 0x2c, 0xff, 0xf5, 0x00,
    0x00, 0x00, 0x07, 0xff, 0x80, 0x00, 0x00, 0x7f, 0xf6, 0x00, 0x00, 0x00, 0x07, 0xef, 0xff, 0x80,
    0x00, 0x00, 0x00, 0x06, 0xff, 0xb0, 0x00, 0x01, 0xbf, 0xf3, 0x00, 0x00, 0x27, 0xdf, 0xff, 0xf8,
    0x00, 0x00, 0x00, 0x00, 0x05, 0xff, 0xff, 0xff, 0xff, 0xff, 0xe0, 0x00, 0x00, 0x3e, 0xff, 0xfe,
    0x50, 0x00, 0x00, 0x00, 0x00, 0x01, 0xef, 0xff, 0xff, 0xff, 0xff, 0x80, 0x00, 0x00, 0x05, 0xfe,
    0x81, 0x00, 0x00, 0x00, 0x00, 0x00, 0x00, 0x29, 0xcd, 0xdd, 0xdd, 0xb7, 0x00, 0x00, 0x00, 0x00,
    0x51, 0x00, 0x00, 0x00, 0x00, 0x00, 0x00, 0x00, 0x00, 0x00, 0x00, 0x00, 0x00, 0x00, 0x00, 0x00,
    0x00, 0x00, 0x00, 0x00, 0x00, 0x00, 0x00, 0x00, 0x00, 0x00, 0x00, 0x00, 0x00, 0x00, 0x00, 0x00,
    0x00, 0x00, 0x00, 0x00, 0x00, 0x00, 0x00, 0x00, 0x00, 0x00, 0x00, 0x00, 0x00, 0x00, 0x00, 0x00,
    0x00, 0x00, 0x00, 0x00, 0x00, 0x00, 0x00, 0x00, 0x03, 0x44, 0x20, 0x00, 0x00, 0x00, 0x00, 0x00,
    0x00, 0x00, 0x00, 0x00, 0x00, 0x00, 0x00, 0x00, 0x00, 0x0a, 0xff, 0x70, 0x00, 0x00, 0x00, 0x00,
    0x00, 0x00, 0x00, 0x00, 0x00, 0x00, 0x39, 0x10, 0x00, 0x00, 0x0a, 0xff, 0x70, 0x00, 0x00, 0x02,
    0xe9, 0x30, 0x00, 0x00, 0x00, 0x00, 0x09, 0xff, 0x90, 0x00, 0x00, 0x0a, 0xff, 0x70, 0x00, 0x00,
    0x08, 0xff, 0xe1, 0x00, 0x00, 0x00, 0x00, 0x03, 0xff, 0xf2, 0x00, 0x00, 0x0a, 0xff, 0x70, 0x00,
    0x00, 0x1e, 0xff, 0x80, 0x00, 0x00, 0x00, 0x00, 0x00, 0xbf, 0xfa, 0x00, 0x00, 0x0a, 0xff, 0x70,
    0x00, 0x00, 0x6f, 0xfe, 0x10, 0x00, 0x00, 0x00, 0x00, 0x00, 0x3f, 0xff, 0x30, 0x00, 0x0a, 0xff,
    0x70, 0x00, 0x00, 0xcf, 0xf8, 0x00, 0x00, 0x00, 0x00, 0x00, 0x00, 0x0b, 0xff, 0xa0, 0x00, 0x0a,
    0xff, 0x70, 0x00, 0x04, 0xff, 0xe1, 0x00, 0x00, 0x00, 0x00, 0x00, 0x00, 0x04, 0xff, 0xf1, 0x00,
    0x0a, 0xff, 0x70, 0x00, 0x0c, 0xff, 0x70, 0x00, 0x00, 0x00, 0x00, 0x00, 0x00, 0x00, 0xdf, 0xf6,
    0x00, 0x0a, 0xff, 0x70, 0x00, 0x5f, 0xfd, 0x10, 0x00, 0x00, 0x00, 0x00, 0x00, 0x00, 0x00, 0x8f,
    0xc5, 0x00, 0x0a, 0xff, 0x70, 0x00, 0x6d, 0xf5, 0x00, 0x00, 0x00, 0x00, 0x00, 0x00, 0x00, 0x00,
    0x23, 0x00, 0x00, 0x0a, 0xff, 0x70, 0x00, 0x00, 0x40, 0x00, 0x00, 0x00, 0x00, 0x00, 0x00, 0x00,
    0x00, 0x00, 0x00, 0x00, 0x0a, 0xff, 0x70, 0x00, 0x00, 0x00, 0x00, 0x00, 0x00, 0x00, 0x00, 0x4d,
    0xdd, 0xdd, 0xdd, 0xdd, 0xdd, 0xde, 0xff, 0xed, 0xdd, 0xdd, 0xdd, 0xdd, 0xdd, 0xd5, 0x00, 0x00,
    0x5f, 0xff, 0xff, 0xff, 0xff, 0xff, 0xff, 0xff, 0xff, 0xff, 0xff, 0xff, 0xff, 0xff, 0xf6, 0x00,
    0x00, 0x5f, 0xff, 0xff, 0xff, 0xff, 0xff, 0xff, 0xff, 0xff, 0xff, 0xff, 0xff, 0xff, 0xff, 0xf6,
    0x00, 0x00, 0x00, 0x00, 0x00, 0x00, 0x2f, 0xff, 0x10, 0x00, 0x08, 0xff, 0x80, 0x00, 0x00, 0x00,
    0x00, 0x00, 0x00, 0x00, 0x00, 0x00, 0x00, 0x4f, 0xfe, 0x00, 0x00, 0x08, 0xff, 0x80, 0x00, 0x00,
    0x00, 0x00, 0x00, 0x00, 0x00, 0x00, 0x00, 0x00, 0x7f, 0xfc, 0x00, 0x00, 0x08, 0xff, 0x80, 0x00,
    0x00, 0x00, 0x00, 0x00, 0x00, 0x00, 0x00, 0x00, 0x00, 0x9f, 0xf9, 0x00, 0x00, 0x08, 0xff, 0x80,
    0x00, 0x00, 0x00, 0x00, 0x00, 0x00, 0x00, 0x00, 0x00, 0x00, 0xcf, 0xf7, 0x00, 0x00, 0x08, 0xff,
    0x80, 0x00, 0x00, 0x00, 0x00, 0x00, 0x00, 0x00, 0x00, 0x00, 0x01, 0xff, 0xf4, 0x00, 0x00, 0x08,
    0xff, 0x80, 0x00, 0x00, 0x00, 0x00, 0x00, 0x00, 0x00, 0x00, 0x00, 0x07, 0xff, 0xe0, 0x00, 0x00,
    0x08, 0xff, 0x80, 0x00, 0x00, 0x01, 0x00, 0x00, 0x00, 0x00, 0x00, 0x00, 0x1e, 0xff, 0x90, 0x00,
    0x00, 0x08, 0xff, 0x80, 0x00, 0x00, 0x0d, 0x61, 0x00, 0x00, 0x00, 0x00, 0x00, 0xaf, 0xff, 0x20,
    0x00, 0x00, 0x08, 0xff, 0x80, 0x00, 0x00, 0x0f, 0xfc, 0x00, 0x00, 0x00, 0x00, 0x09, 0xff, 0xf9,
    0x00, 0x00, 0x00, 0x08, 0xff, 0x80, 0x00, 0x00, 0x1f, 0xfb, 0x00, 0x00, 0x00, 0x02, 0xbf, 0xff,
    0xc1, 0x00, 0x00, 0x00, 0x08, 0xff, 0x80, 0x00, 0x00, 0x3f, 0xf9, 0x00, 0x00, 0x02, 0x8f, 0xff,
    0xfd, 0x20, 0x00, 0x00, 0x00, 0x07, 0xff, 0x90, 0x00, 0x00, 0x8f, 0xf7, 0x00, 0x00, 0xaf, 0xff,
    0xff, 0xb1, 0x00, 0x00, 0x00, 0x00, 0x06, 0xff, 0xfd, 0xdd, 0xdd, 0xff, 0xf3, 0x00, 0x00, 0x4f,
    0xff, 0xe6, 0x00, 0x00, 0x00, 0x00, 0x00, 0x01, 0xef, 0xff, 0xff, 0xff, 0xff, 0xc0, 0x00, 0x00,
    0x08, 0xd6, 0x10, 0x00, 0x00, 0x00, 0x00, 0x00, 0x00, 0x4b, 0xef, 0xff, 0xff, 0xda, 0x10, 0x00,
    0x00, 0x00, 0x00, 0x00, 0x00, 0x00, 0x00, 0x00, 0x00, 0x00, 0x00, 0x00, 0x00, 0x00, 0x00, 0x00,
    0x00, 0x00, 0x00, 0x00, 0x00, 0x00, 0x00, 0x00, 0x00, 0x00, 0x00, 0x00, 0x00, 0x00, 0x00, 0x00,
    0x00, 0x00, 0x00, 0x00, 0x00, 0x00, 0x00, 0x00, 0x00, 0x00, 0x00, 0x00, 0x00, 0x00, 0x00, 0x00,
    0x00, 0x00, 0x00, 0x00, 0x00, 0x00, 0x00, 0x00, 0x06, 0x80, 0x00, 0x00, 0x00, 0x00, 0x00, 0x00,
    0x00, 0x00, 0x00, 0x00, 0x00, 0x00, 0x00, 0x00, 0x00, 0x2e, 0xfa, 0x00, 0x00, 0x00, 0x00, 0x00,
    0x00, 0x00, 0x00, 0x00, 0x00, 0x00, 0x00, 0x00, 0x00, 0x00, 0xaf, 0xff, 0xb1, 0x00, 0x00, 0x00,
    0x00, 0x00, 0x00, 0x00, 0x00, 0x00, 0x00, 0x00, 0x00, 0x00, 0x00, 0x1c, 0xff, 0xfb, 0x00, 0x00,
    0x00, 0x00, 0x00, 0x00, 0x00, 0x00, 0x00, 0x00, 0x00, 0x00, 0x00, 0x00, 0x00, 0xaf, 0xff, 0x90,
    0x00, 0x00, 0x00, 0x00, 0x00, 0x00, 0x00, 0x00, 0x00, 0x00, 0x00, 0x00, 0x00, 0x00, 0x0a, 0xff,
    0xf6, 0x00, 0x00, 0x00, 0x00, 0x00, 0x00, 0x00, 0x00, 0x00, 0x00, 0x00, 0x00, 0x00, 0x00, 0x01,
    0xcf, 0xff, 0x20, 0x00, 0x00, 0x00, 0x00, 0x00, 0x00, 0x00, 0x00, 0x00, 0x00, 0x00, 0x00, 0x00,
    0x00, 0x2e, 0xff, 0xb0, 0x00, 0x00, 0x00, 0x00, 0x00, 0x00, 0x00, 0x00, 0x00, 0x00, 0x00, 0x00,
    0x00, 0x00, 0x1f, 0xff, 0xf5, 0x00, 0x00, 0x00, 0x00, 0x00, 0x00, 0x00, 0x00, 0x00, 0x00, 0x00,
    0x00, 0x00, 0x00, 0x5f, 0xff, 0xfe, 0x10, 0x00, 0x00, 0x00, 0x00, 0x00, 0x00, 0x00, 0x00, 0x00,
    0x00, 0x00, 0x00, 0x00, 0xaf, 0xff, 0xff, 0x80, 0x00, 0x00, 0x00, 0x00, 0x00, 0x00, 0x00, 0x00,
    0x00, 0x00, 0x00, 0x00, 0x00, 0xef, 0xff, 0xff, 0xe1, 0x00, 0x00, 0x00, 0x00, 0x00, 0x00, 0x00,
    0x00, 0x00, 0x00, 0x00, 0x00, 0x04, 0xff, 0xf6, 0xef, 0xf9, 0x00, 0x00, 0x00, 0x00, 0x00, 0x00,
    0x00, 0x00, 0x00, 0x00, 0x00, 0x00, 0x09, 0xff, 0xe1, 0x7f, 0xff, 0x20, 0x00, 0x00, 0x00, 0x00,
    0x00, 0x00, 0x00, 0x00, 0x00, 0x00, 0x00, 0x1e, 0xff, 0x90, 0x1e, 0xff, 0xa0, 0x00, 0x00, 0x00,
    0x00, 0x00, 0x00, 0x00, 0x00, 0x00, 0x00, 0x00, 0x8f, 0xff, 0x30, 0x06, 0xff, 0xf3, 0x00, 0x00,
    0x00, 0x00, 0x00, 0x00, 0x00, 0x00, 0x00, 0x00, 0x01, 0xef, 0xfc, 0x00, 0x00, 0xdf, 0xfb, 0x00,
    0x00, 0x00, 0x00, 0x00, 0x00, 0x00, 0x00, 0x00, 0x00, 0x09, 0xff, 0xf5, 0x00, 0x00, 0x5f, 0xff,
    0x60, 0x00, 0x00, 0x00, 0x00, 0x00, 0x00, 0x00, 0x00, 0x00, 0x2f, 0xff, 0xc0, 0x00, 0x00, 0x0c,
    0xff, 0xe1, 0x00, 0x00, 0x00, 0x00, 0x00, 0x00, 0x00, 0x00, 0x00, 0xbf, 0xff, 0x30, 0x00, 0x00,
    0x03, 0xff, 0xfa, 0x00, 0x00, 0x00, 0x00, 0x00, 0x00, 0x00, 0x00, 0x07, 0xff, 0xf9, 0x00, 0x00,
    0x00, 0x00, 0xaf, 0xff, 0x70, 0x00, 0x00, 0x00, 0x00, 0x00, 0x00, 0x00, 0x5f, 0xff, 0xe1, 0x00,
    0x00, 0x00, 0x00, 0x2e, 0xff, 0xf5, 0x00, 0x00, 0x00, 0x00, 0x00, 0x00, 0x05, 0xff, 0xff, 0x40,
    0x00, 0x00, 0x00, 0x00, 0x06, 0xff, 0xff, 0x40, 0x00, 0x00, 0x00, 0x00, 0x00, 0x5f, 0xff, 0xf5,
    0x00, 0x00, 0x00, 0x00, 0x00, 0x00, 0xaf, 0xff, 0xf6, 0x00, 0x00, 0x00, 0x00, 0x09, 0xff, 0xff,
    0x60, 0x00, 0x00, 0x00, 0x00, 0x00, 0x00, 0x0c, 0xff, 0xff, 0xa1, 0x00, 0x00, 0x04, 0xcf, 0xff,
    0xf8, 0x00, 0x00, 0x00, 0x00, 0x00, 0x00, 0x00, 0x01, 0xcf, 0xff, 0xfc, 0x00, 0x00, 0x7f, 0xff,
    0xfe, 0x60, 0x00, 0x00, 0x00, 0x00, 0x00, 0x00, 0x00, 0x00, 0x1b, 0xff, 0xf8, 0x00, 0x00, 0x09,
    0xff, 0xc2, 0x00, 0x00, 0x00, 0x00, 0x00, 0x00, 0x00, 0x00, 0x00, 0x00, 0x9f, 0xf1, 0x00, 0x00,
    0x00, 0x89, 0x10, 0x00, 0x00, 0x00, 0x00, 0x00, 0x00, 0x00, 0x00, 0x00, 0x00, 0x04, 0x80, 0x00,
    0x00, 0x00, 0x00, 0x00, 0x00, 0x00, 0x00, 0x00, 0x00, 0x00, 0x00, 0x00, 0x00, 0x00, 0x00, 0x00,
    0x00, 0x00, 0x00, 0x00, 0x00, 0x00, 0x00, 0x00, 0x00, 0x00, 0x00, 0x00, 0x00, 0x00, 0x00, 0x00,
    0x00, 0x00, 0x00, 0x00, 0x00, 0x00, 0x00, 0x00, 0x00, 0x00, 0x00, 0x00, 0x00, 0x01, 0x00, 0x00,
    0x00, 0x00, 0x00, 0x00, 0x00, 0x00, 0x00, 0x18, 0xb0, 0x00, 0x00, 0x00, 0x00, 0x00, 0x0c, 0xc6,
    0x10, 0x00, 0x00, 0x00, 0x00, 0x00, 0x00, 0x00, 0xdf, 0xf7, 0x00, 0x00, 0x00, 0x00, 0x00, 0x4f,
    0xff, 0x70, 0x00, 0x00, 0x00, 0x00, 0x00, 0x00, 0x00, 0x6f, 0xfe, 0x20, 0x00, 0x00, 0x00, 0x00,
    0xaf, 0xfe, 0x10, 0x00, 0x00, 0x00, 0x00, 0x00, 0x00, 0x00, 0x0c, 0xff, 0xa0, 0x00, 0x00, 0x00,
    0x02, 0xff, 0xf6, 0x00, 0x00, 0x00, 0x00, 0x00, 0x00, 0x00, 0x00, 0x03, 0xff, 0xf3, 0x00, 0x00,
    0x00, 0x0a, 0xff, 0xd0, 0x00, 0x00, 0x00, 0x00, 0x00, 0x00, 0x00, 0x00, 0x00, 0xbf, 0xf9, 0x00,
    0x00, 0x00, 0x3f, 0xff, 0x40, 0x00, 0x00, 0x00, 0x00, 0x00, 0x00, 0x00, 0x00, 0x00, 0x4f, 0x91,
    0x00, 0x00, 0x00, 0xbf, 0xfa, 0x00, 0x00, 0x00, 0x00, 0x00, 0x00, 0x00, 0x0e, 0xff, 0xff, 0xff,
    0xff, 0xff, 0xff, 0xff, 0xff, 0xff, 0xff, 0xff, 0xf5, 0x00, 0x00, 0x00, 0x00, 0x0e, 0xff, 0xff,
    0xff, 0xff, 0xff, 0xff, 0xff, 0xff, 0xff, 0xff, 0xff, 0xf5, 0x00, 0x00, 0x00, 0x00, 0x0e, 0xff,
    0xff, 0xff, 0xff, 0xff, 0xff, 0xff, 0xff, 0xff, 0xff, 0xff, 0xf5, 0x00, 0x00, 0x00, 0x00, 0x00,
    0x00, 0x00, 0x00, 0x00, 0x09, 0xff, 0xe0, 0x00, 0x00, 0x00, 0x00, 0x00, 0x00, 0x00, 0x00, 0x00,
    0x00, 0x00, 0x00, 0x00, 0x00, 0x09, 0xff, 0xe0, 0x00, 0x00, 0x00, 0x00, 0x00, 0x00, 0x00, 0x00,
    0x00, 0x00, 0x00, 0x00, 0x00, 0x00, 0x09, 0xff, 0xe0, 0x00, 0x00, 0x00, 0x00, 0x00, 0x00, 0x00,
    0x00, 0x00, 0x00, 0x00, 0x00, 0x00, 0x00, 0x09, 0xff, 0xe0, 0x00, 0x00, 0x00, 0x00, 0x00, 0x00,
    0x00, 0x00, 0x00, 0x00, 0x00, 0x00, 0x00, 0x00, 0x09, 0xff, 0xd0, 0x00, 0x00, 0x00, 0x00, 0x00,
    0x00, 0x00, 0x00, 0x0e, 0xff, 0xff, 0xff, 0xff, 0xff, 0xff, 0xff, 0xff, 0xff, 0xff, 0xff, 0xff,
    0xff, 0xf0, 0x00, 0x00, 0x0e, 0xff, 0xff, 0xff, 0xff, 0xff, 0xff, 0xff, 0xff, 0xff, 0xff, 0xff,
    0xff, 0xff, 0xf0, 0x00, 0x00, 0x0e, 0xff, 0xff, 0xff, 0xff, 0xff, 0xff, 0xff, 0xff, 0xff, 0xff,
    0xff, 0xff, 0xff, 0xf0, 0x00, 0x00, 0x00, 0x00, 0x00, 0x00, 0x00, 0x00, 0x7f, 0xff, 0xfd, 0x10,
    0x00, 0x00, 0x00, 0x00, 0x00, 0x00, 0x00, 0x00, 0x00, 0x00, 0x00, 0x00, 0x01, 0xef, 0xff, 0xff,
    0x90, 0x00, 0x00, 0x00, 0x00, 0x00, 0x00, 0x00, 0x00, 0x00, 0x00, 0x00, 0x00, 0x08, 0xff, 0xfc,
    0xff, 0xf5, 0x00, 0x00, 0x00, 0x00, 0x00, 0x00, 0x00, 0x00, 0x00, 0x00, 0x00, 0x00, 0x5f, 0xff,
    0xe1, 0xaf, 0xfe, 0x40, 0x00, 0x00, 0x00, 0x00, 0x00, 0x00, 0x00, 0x00, 0x00, 0x00, 0x05, 0xff,
    0xff, 0x50, 0x1d, 0xff, 0xf5, 0x00, 0x00, 0x00, 0x00, 0x00, 0x00, 0x00, 0x00, 0x00, 0x00, 0x8f,
    0xff, 0xf9, 0x00, 0x04, 0xff, 0xff, 0x60, 0x00, 0x00, 0x00, 0x00, 0x00, 0x00, 0x00, 0x00, 0x3c,
    0xff, 0xff, 0xa0, 0x00, 0x00, 0x5f, 0xff, 0xfb, 0x30, 0x00, 0x00, 0x00, 0x00, 0x00, 0x00, 0x3a,
    0xff, 0xff, 0xf9, 0x00, 0x00, 0x00, 0x05, 0xff, 0xff, 0xf9, 0x20, 0x00, 0x00, 0x00, 0x00, 0x5b,
    0xff, 0xff, 0xfe, 0x50, 0x00, 0x00, 0x00, 0x00, 0x4e, 0xff, 0xff, 0xfc, 0x72, 0x00, 0x00, 0x5e,
    0xff, 0xff, 0xff, 0x91, 0x00, 0x00, 0x00, 0x00, 0x00, 0x01, 0x9f, 0xff, 0xff, 0xf9, 0x00, 0x00,
    0x1c, 0xff, 0xff, 0xa3, 0x00, 0x00, 0x00, 0x00, 0x00, 0x00, 0x00, 0x04, 0xcf, 0xff, 0xc0, 0x00,
    0x00, 0x02, 0xee, 0x82, 0x00, 0x00, 0x00, 0x00, 0x00, 0x00, 0x00, 0x00, 0x00, 0x03, 0x9e, 0x30,
    0x00, 0x00, 0x00, 0x20, 0x00, 0x00, 0x00, 0x00, 0x00, 0x00, 0x00, 0x00, 0x00, 0x00, 0x00, 0x00,
    0x00, 0x00, 0x00, 0x00, 0x00, 0x00, 0x00, 0x00, 0x00, 0x00, 0x00, 0x00, 0x00, 0x00, 0x00, 0x00,
    0x00, 0x00, 0x00, 0x00, 0x00, 0x00, 0x00, 0x00, 0x00, 0x00, 0x00, 0x00, 0x00, 0x00, 0x00, 0x00,
    0x00, 0x00, 0x00, 0x00, 0x00, 0x08, 0xcc, 0xcc, 0xcc, 0xcc, 0xcc, 0xcc, 0xcc, 0xcc, 0xcc, 0xcc,
    0xcc, 0xcc, 0xcc, 0x80, 0x00, 0x00, 0x0a, 0xff, 0xff, 0xff, 0xff, 0xff, 0xff, 0xff, 0xff, 0xff,
    0xff, 0xff, 0xff, 0xff, 0xa0, 0x00, 0x00, 0x0a, 0xff, 0xff, 0xff, 0xff, 0xff, 0xff, 0xff, 0xff,
    0xff, 0xff, 0xff, 0xff, 0xff, 0xa0, 0x00, 0x00, 0x0a, 0xff, 0x50, 0x00, 0x34, 0x20, 0x00, 0x00,
    0x00, 0x00, 0x00, 0x00, 0x07, 0xff, 0xa0, 0x00, 0x00, 0x0a, 0xff, 0x50, 0x00, 0xcf, 0xf4, 0x00,
    0x00, 0x00, 0x00, 0x00, 0x00, 0x07, 0xff, 0xa0, 0x00, 0x00, 0x0a, 0xff, 0x50, 0x00, 0xff, 0xf1,
    0x00, 0x00, 0x00, 0x00, 0x00, 0x00, 0x07, 0xff, 0xa0, 0x00, 0x00, 0x0a, 0xff, 0x50, 0x03, 0xff,
    0xe0, 0x00, 0x00, 0x00, 0x00, 0x00, 0x00, 0x07, 0xff, 0xa0, 0x00, 0x00, 0x00, 0x00, 0x00, 0x06,
    0xff, 0xe9, 0x99, 0x99, 0x99, 0x99, 0x99, 0x99, 0x50, 0x00, 0x00, 0x00, 0x00, 0x00, 0x00, 0x00,
    0x09, 0xff, 0xff, 0xff, 0xff, 0xff, 0xff, 0xff, 0xff, 0x90, 0x00, 0x00, 0x00, 0x00, 0x00, 0x00,
    0x00, 0x0c, 0xff, 0xff, 0xff, 0xff, 0xff, 0xff, 0xff, 0xff, 0x90, 0x00, 0x00, 0x00, 0x00, 0x00,
    0x00, 0x00, 0x0f, 0xff, 0x20, 0x00, 0x00, 0x00, 0x00, 0x00, 0x00, 0x00, 0x00, 0x00, 0x00, 0x00,
    0x00, 0x00, 0x00, 0x3f, 0xfd, 0x00, 0x00, 0x00, 0x00, 0x00, 0x00, 0x00, 0x00, 0x00, 0x00, 0x00,
    0x00, 0x00, 0x00, 0x00, 0x7f, 0xfa, 0x00, 0x00, 0x00, 0x00, 0x00, 0x00, 0x00, 0x00, 0x00, 0x00,
    0x00, 0x00, 0x00, 0x00, 0x00, 0xaf, 0xfd, 0xaa, 0xaa, 0xaa, 0xaa, 0xaa, 0xaa, 0xaa, 0xa7, 0x00,
    0x00, 0x00, 0x00, 0x00, 0x00, 0x00, 0xef, 0xff, 0xff, 0xff, 0xff, 0xff, 0xff, 0xff, 0xff, 0xf9,
    0x00, 0x00, 0x00, 0x00, 0x00, 0x00, 0x03, 0xff, 0xff, 0xff, 0xff, 0xff, 0xff, 0xff, 0xff, 0xff,
    0xf8, 0x00, 0x00, 0x00, 0x00, 0x00, 0x00, 0x00, 0x00, 0x00, 0x00, 0x00, 0x00, 0x00, 0x00, 0x00,
    0x9f, 0xf6, 0x00, 0x00, 0x00, 0x00, 0x00, 0x00, 0x00, 0x00, 0x00, 0x00, 0x00, 0x00, 0x00, 0x00,
    0x00, 0xaf, 0xf5, 0x00, 0x00, 0x00, 0x00, 0x00, 0x00, 0x00, 0x00, 0x00, 0x00, 0x00, 0x00, 0x00,
    0x00, 0x00, 0xcf, 0xf3, 0x00, 0x00, 0x00, 0x00, 0x02, 0xcc, 0xcc, 0xcc, 0xcc, 0xcc, 0xcc, 0xcc,
    0xcc, 0xca, 0x00, 0xef, 0xf2, 0x00, 0x00, 0x00, 0x00, 0x02, 0xff, 0xff, 0xff, 0xff, 0xff, 0xff,
    0xff, 0xff, 0xfc, 0x01, 0xff, 0xf0, 0x00, 0x00, 0x00, 0x00, 0x02, 0xff, 0xff, 0xff, 0xff, 0xff,
    0xff, 0xff, 0xff, 0xfc, 0x03, 0xff, 0xd0, 0x00, 0x00, 0x00, 0x00, 0x00, 0x00, 0x00, 0x00, 0x00,
    0x00, 0x00, 0x00, 0x00, 0x00, 0x06, 0xff, 0xa0, 0x00, 0x00, 0x00, 0x00, 0x00, 0x00, 0x00, 0x00,
    0x00, 0x00, 0x00, 0x00, 0x00, 0x00, 0x09, 0xff, 0x80, 0x00, 0x00, 0x00, 0x00, 0x00, 0x00, 0x00,
    0x00, 0x00, 0x00, 0x00, 0x00, 0x00, 0x00, 0x0d, 0xff, 0x40, 0x00, 0x00, 0x00, 0x00, 0x00, 0x00,
    0x00, 0x00, 0x00, 0x00, 0x00, 0x00, 0x00, 0x00, 0x5f, 0xff, 0x10, 0x00, 0x00, 0x00, 0x00, 0x00,
    0x00, 0x00, 0x00, 0x00, 0x00, 0x02, 0xcb, 0xa9, 0x9a, 0xff, 0xfb, 0x00, 0x00, 0x00, 0x00, 0x00,
    0x00, 0x00, 0x00, 0x00, 0x00, 0x00, 0x00, 0xaf, 0xff, 0xff, 0xff, 0xf3, 0x00, 0x00, 0x00, 0x00,
    0x00, 0x00, 0x00, 0x00, 0x00, 0x00, 0x00, 0x00, 0x6f, 0xff, 0xff, 0xeb, 0x30, 0x00, 0x00, 0x00,
    0x00, 0x00, 0x00, 0x00, 0x00, 0x00, 0x00, 0x00, 0x00, 0x00, 0x11, 0x21, 0x00, 0x00, 0x00, 0x00,
    0x00, 0x00, 0x00, 0x00, 0x00, 0x00, 0x00, 0x00, 0x00, 0x00, 0x00, 0x00, 0x00, 0x00, 0x00, 0x00,
    0x00, 0x00, 0x00, 0x00, 0x00, 0x00, 0x00, 0x00, 0x00, 0x00, 0x00, 0x00, 0x00, 0x00, 0x00, 0x00,
    0x00, 0x00, 0x00, 0x00, 0x00, 0x00, 0x00, 0x00, 0x00, 0x00, 0x00, 0x00, 0x00, 0x00, 0x00, 0x00,
    0x00, 0x00, 0x00, 0x00, 0x00, 0x00, 0x00, 0x00, 0x00, 0x00, 0x00, 0x00, 0x2e, 0xb6, 0x00, 0x28,
    0xe4, 0x00, 0x00, 0x00, 0x00, 0x00, 0x00, 0x04, 0xb5, 0x00, 0x00, 0x00, 0x00, 0x8f, 0xf8, 0x00,
    0x6f, 0xfd, 0x10, 0x00, 0x00, 0x00, 0x00, 0x00, 0x6f, 0xfd, 0x10, 0x00, 0x00, 0x00, 0xdf, 0xf2,
    0x00, 0x0c, 0xff, 0x80, 0x00, 0x00, 0x00, 0x00, 0x00, 0x1e, 0xff, 0x90, 0x00, 0x00, 0x04, 0xff,
    0xb0, 0x00, 0x05, 0xff, 0xe1, 0x00, 0x00, 0x00, 0x00, 0x00, 0x05, 0xff, 0xf3, 0x00, 0x00, 0x0b,
    0xff, 0x50, 0x00, 0x00, 0xcf, 0xd3, 0x00, 0x00, 0x00, 0x00, 0x00, 0x00, 0xcf, 0xfc, 0x00, 0x00,
    0x3f, 0xff, 0x99, 0x99, 0x99, 0xcf, 0xa9, 0x99, 0x99, 0x91, 0x00, 0x00, 0x00, 0x3f, 0xff, 0x60,
    0x00, 0xbf, 0xff, 0xff, 0xff, 0xff, 0xff, 0xff, 0xff, 0xff, 0xf2, 0x00, 0x00, 0x00, 0x0a, 0xff,
    0xd0, 0x04, 0xff, 0xff, 0xff, 0xff, 0xff, 0xff, 0xff, 0xff, 0xff, 0xf2, 0x00, 0x00, 0x00, 0x03,
    0xff, 0xd2, 0x1d, 0xff, 0xf3, 0x00, 0x00, 0x07, 0xff, 0x80, 0x00, 0x00, 0x00, 0x00, 0x00, 0x00,
    0x00, 0xa6, 0x00, 0x9f, 0xff, 0xf3, 0x00, 0x00, 0x07, 0xff, 0x80, 0x00, 0x00, 0x00, 0x00, 0x00,
    0x00, 0x00, 0x00, 0x04, 0xff, 0xff, 0xf3, 0x00, 0x00, 0x07, 0xff, 0x80, 0x00, 0x00, 0x00, 0x00,
    0x00, 0x00, 0x00, 0x00, 0x2e, 0xff, 0xff, 0xf3, 0x00, 0x00, 0x07, 0xff, 0x80, 0x00, 0x00, 0x00,
    0x00, 0x00, 0x00, 0x00, 0x01, 0xdf, 0xfd, 0xaf, 0xff, 0xff, 0xff, 0xff, 0xff, 0xff, 0xff, 0xff,
    0x70, 0x00, 0x00, 0x00, 0x00, 0x03, 0xef, 0xe2, 0x9f, 0xff, 0xff, 0xff, 0xff, 0xff, 0xff, 0xff,
    0xff, 0x70, 0x00, 0x00, 0x00, 0x00, 0x00, 0x2e, 0x40, 0x9f, 0xfb, 0xaa, 0xaa, 0xac, 0xff, 0xda,
    0xaa, 0xaa, 0x50, 0x00, 0x00, 0x00, 0x00, 0x00, 0x01, 0x00, 0x9f, 0xf3, 0x00, 0x00, 0x07, 0xff,
    0x80, 0x00, 0x00, 0x00, 0x00, 0x00, 0x00, 0x00, 0x1c, 0x50, 0x00, 0x9f, 0xf3, 0x00, 0x00, 0x07,
    0xff, 0x80, 0x00, 0x00, 0x00, 0x00, 0x00, 0x00, 0x00, 0x6f, 0xfa, 0x00, 0x9f, 0xf3, 0x00, 0x00,
    0x07, 0xff, 0x80, 0x00, 0x00, 0x00, 0x00, 0x00, 0x00, 0x00, 0xcf, 0xf8, 0x00, 0x9f, 0xfb, 0xaa,
    0xaa, 0xac, 0xff, 0xca, 0xaa, 0xaa, 0x40, 0x00, 0x00, 0x00, 0x03, 0xff, 0xf2, 0x00, 0x9f, 0xff,
    0xff, 0xff, 0xff, 0xff, 0xff, 0xff, 0xff, 0x70, 0x00, 0x00, 0x00, 0x09, 0xff, 0xc0, 0x00, 0x9f,
    0xff, 0xff, 0xff, 0xff, 0xff, 0xff, 0xff, 0xff, 0x70, 0x00, 0x00, 0x00, 0x1e, 0xff, 0x60, 0x00,
    0x9f, 0xf3, 0x00, 0x00, 0x07, 0xff, 0x80, 0x00, 0x00, 0x00, 0x00, 0x00, 0x00, 0x6f, 0xff, 0x10,
    0x00, 0x9f, 0xf3, 0x00, 0x00, 0x07, 0xff, 0x80, 0x00, 0x00, 0x00, 0x00, 0x00, 0x00, 0xdf, 0xfa,
    0x00, 0x00, 0x9f, 0xf3, 0x00, 0x00, 0x07, 0xff, 0x80, 0x00, 0x00, 0x00, 0x00, 0x00, 0x05, 0xff,
    0xf4, 0x00, 0x00, 0x9f, 0xf3, 0x00, 0x00, 0x07, 0xff, 0x80, 0x00, 0x00, 0x00, 0x00, 0x00, 0x0c,
    0xff, 0xd0, 0x00, 0x00, 0x9f, 0xfc, 0xbb, 0xbb, 0xbd, 0xff, 0xdb, 0xbb, 0xbb, 0xb8, 0x00, 0x00,
    0x4f, 0xff, 0x70, 0x00, 0x00, 0x9f, 0xff, 0xff, 0xff, 0xff, 0xff, 0xff, 0xff, 0xff, 0xfb, 0x00,
    0x00, 0x4d, 0xfe, 0x10, 0x00, 0x00, 0x9f, 0xff, 0xff, 0xff, 0xff, 0xff, 0xff, 0xff, 0xff, 0xfb,
    0x00, 0x00, 0x00, 0x56, 0x00, 0x00, 0x00, 0x9f, 0xf3, 0x00, 0x00, 0x00, 0x00, 0x00, 0x00, 0x00,
    0x00, 0x00, 0x00, 0x00, 0x00, 0x00, 0x00, 0x00, 0x9f, 0xf3, 0x00, 0x00, 0x00, 0x00, 0x00, 0x00,
    0x00, 0x00, 0x00, 0x00, 0x00, 0x00, 0x00, 0x00, 0x00, 0x35, 0x51, 0x00, 0x00, 0x00, 0x00, 0x00,
    0x00, 0x00, 0x00, 0x00, 0x00, 0x00, 0x00, 0x00, 0x00, 0x00, 0x00, 0x00, 0x00, 0x00, 0x00, 0x00,
    0x00, 0x00, 0x00, 0x00, 0x00, 0x00, 0x00, 0x00, 0x00, 0x00, 0x00, 0x00, 0x00, 0x00, 0x00, 0x00,
    0x00, 0x00, 0x00, 0x00, 0x00, 0x00, 0x00, 0x00, 0x00, 0x00, 0x00, 0x00, 0x00, 0x03, 0x44, 0x30,
    0x00, 0x00, 0x00, 0x00, 0x00, 0x00, 0x00, 0x00, 0x00, 0x00, 0x00, 0x00, 0x00, 0x00, 0x0b, 0xff,
    0x90, 0x00, 0x00, 0x00, 0x00, 0x00, 0x00, 0x00, 0x00, 0x00, 0x00, 0x00, 0x00, 0x00, 0x00, 0x0b,
    0xff, 0x90, 0x00, 0x00, 0x00, 0x00, 0x00, 0x00, 0x00, 0x00, 0x00, 0x03, 0x77, 0x50, 0x00, 0x00,
    0x0b, 0xff, 0x90, 0x00, 0x00, 0x05, 0x77, 0x40, 0x00, 0x00, 0x00, 0x00, 0x06, 0xff, 0xc0, 0x00,
    0x00, 0x0b, 0xff, 0x90, 0x00, 0x00, 0x0b, 0xff, 0x90, 0x00, 0x00, 0x00, 0x00, 0x06, 0xff, 0xc0,
    0x00, 0x00, 0x0b, 0xff, 0x90, 0x00, 0x00, 0x0b, 0xff, 0x90, 0x00, 0x00, 0x00, 0x00, 0x06, 0xff,
    0xc0, 0x00, 0x00, 0x0b, 0xff, 0x90, 0x00, 0x00, 0x0b, 0xff, 0x90, 0x00, 0x00, 0x00, 0x00, 0x06,
    0xff, 0xc0, 0x00, 0x00, 0x0b, 0xff, 0x90, 0x00, 0x00, 0x0b, 0xff, 0x90, 0x00, 0x00, 0x00, 0x00,
    0x06, 0xff, 0xc0, 0x00, 0x00, 0x0b, 0xff, 0x90, 0x00, 0x00, 0x0b, 0xff, 0x90, 0x00, 0x00, 0x00,
    0x00, 0x06, 0xff, 0xc0, 0x00, 0x00, 0x0b, 0xff, 0x90, 0x00, 0x00, 0x0b, 0xff, 0x90, 0x00, 0x00,
    0x00, 0x00, 0x06, 0xff, 0xc0, 0x00, 0x00, 0x0b, 0xff, 0x90, 0x00, 0x00, 0x0b, 0xff, 0x90, 0x00,
    0x00, 0x00, 0x00, 0x06, 0xff, 0xc0, 0x00, 0x00, 0x0b, 0xff, 0x90, 0x00, 0x00, 0x0b, 0xff, 0x90,
    0x00, 0x00, 0x00, 0x00, 0x06, 0xff, 0xfe, 0xee, 0xee, 0xef, 0xff, 0xee, 0xee, 0xee, 0xef, 0xff,
    0x90, 0x00, 0x00, 0x00, 0x00, 0x06, 0xff, 0xff, 0xff, 0xff, 0xff, 0xff, 0xff, 0xff, 0xff, 0xff,
    0xff, 0x90, 0x00, 0x00, 0x00, 0x00, 0x06, 0xff, 0xff, 0xff, 0xff, 0xff, 0xff, 0xff, 0xff, 0xff,
    0xff, 0xff, 0x90, 0x00, 0x00, 0x00, 0x00, 0x00, 0x00, 0x00, 0x00, 0x00, 0x0b, 0xff, 0x90, 0x00,
    0x00, 0x00, 0x00, 0x00, 0x00, 0x00, 0x00, 0x00, 0x11, 0x10, 0x00, 0x00, 0x00, 0x0b, 0xff, 0x90,
    0x00, 0x00, 0x00, 0x11, 0x11, 0x00, 0x00, 0x00, 0x00, 0xef, 0xf6, 0x00, 0x00, 0x00, 0x0b, 0xff,
    0x90, 0x00, 0x00, 0x00, 0x7f, 0xfd, 0x00, 0x00, 0x00, 0x00, 0xef, 0xf6, 0x00, 0x00, 0x00, 0x0b,
    0xff, 0x90, 0x00, 0x00, 0x00, 0x7f, 0xfd, 0x00, 0x00, 0x00, 0x00, 0xef, 0xf6, 0x00, 0x00, 0x00,
    0x0b, 0xff, 0x90, 0x00, 0x00, 0x00, 0x7f, 0xfd, 0x00, 0x00, 0x00, 0x00, 0xef, 0xf6, 0x00, 0x00,
    0x00, 0x0b, 0xff, 0x90, 0x00, 0x00, 0x00, 0x7f, 0xfd, 0x00, 0x00, 0x00, 0x00, 0xef, 0xf6, 0x00,
    0x00, 0x00, 0x0b, 0xff, 0x90, 0x00, 0x00, 0x00, 0x7f, 0xfd, 0x00, 0x00, 0x00, 0x00, 0xef, 0xf6,
    0x00, 0x00, 0x00, 0x0b, 0xff, 0x90, 0x00, 0x00, 0x00, 0x7f, 0xfd, 0x00, 0x00, 0x00, 0x00, 0xef,
    0xf6, 0x00, 0x00, 0x00, 0x0b, 0xff, 0x90, 0x00, 0x00, 0x00, 0x7f, 0xfd, 0x00, 0x00, 0x00, 0x00,
    0xef, 0xf6, 0x00, 0x00, 0x00, 0x0b, 0xff, 0x90, 0x00, 0x00, 0x00, 0x7f, 0xfd, 0x00, 0x00, 0x00,
    0x00, 0xef, 0xf6, 0x00, 0x00, 0x00, 0x0b, 0xff, 0x90, 0x00, 0x00, 0x00, 0x7f, 0xfd, 0x00, 0x00,
    0x00, 0x00, 0xef, 0xff, 0xff, 0xff, 0xff, 0xff, 0xff, 0xff, 0xff, 0xff, 0xff, 0xff, 0xfd, 0x00,
    0x00, 0x00, 0x00, 0xef, 0xff, 0xff, 0xff, 0xff, 0xff, 0xff, 0xff, 0xff, 0xff, 0xff, 0xff, 0xfd,
    0x00, 0x00, 0x00, 0x00, 0xef, 0xff, 0xff, 0xff, 0xff, 0xff, 0xff, 0xff, 0xff, 0xff, 0xff, 0xff,
    0xfd, 0x00, 0x00, 0x00, 0x00, 0x00, 0x00, 0x00, 0x00, 0x00, 0x00, 0x00, 0x00, 0x00, 0x00, 0x00,
    0x8f, 0xfd, 0x00, 0x00, 0x00, 0x00, 0x00, 0x00, 0x00, 0x00, 0x00, 0x00, 0x00, 0x00, 0x00, 0x00,
    0x00, 0x7f, 0xfd, 0x00, 0x00, 0x00, 0x00, 0x00, 0x00, 0x00, 0x00, 0x00, 0x00, 0x00, 0x00, 0x00,
    0x00, 0x00, 0x12, 0x22, 0x00, 0x00, 0x00, 0x00, 0x00, 0x00, 0x00, 0x00, 0x00, 0x00, 0x00, 0x00,
    0x00, 0x00, 0x00, 0x00, 0x00, 0x00, 0x00, 0x00, 0x00, 0x00, 0x00, 0x00, 0x00, 0x00, 0x00, 0x00,
    0x00, 0x00, 0x00, 0x00, 0x00, 0x00, 0x00, 0x00, 0x00, 0x00, 0x00, 0x00, 0x00, 0x00, 0x00, 0x01,
    0x33, 0x20, 0x00, 0x00, 0x00, 0x00, 0x00, 0x00, 0x00, 0x00, 0x00, 0x00, 0x00, 0x00, 0x00, 0x00,
    0x07, 0xff, 0xb0, 0x00, 0x00, 0x00, 0x00, 0x00, 0x00, 0x00, 0x00, 0x00, 0x00, 0x00, 0x00, 0x00,
    0x00, 0x07, 0xff, 0xb0, 0x00, 0x00, 0x00, 0x00, 0x00, 0x00, 0x00, 0x00, 0x00, 0x00, 0x00, 0x00,
    0x00, 0x00, 0x07, 0xff, 0xb0, 0x00, 0x00, 0x00, 0x00, 0x00, 0x00, 0x00, 0x00, 0x00, 0x00, 0x00,
    0x00, 0x00, 0x00, 0x07, 0xff, 0xb0, 0x00, 0x00, 0x00, 0x00, 0x00, 0x00, 0x00, 0x00, 0x00, 0x00,
    0x00, 0x00, 0x00, 0x00, 0x07, 0xff, 0xb0, 0x00, 0x00, 0x00, 0x00, 0x00, 0x00, 0x00, 0x00, 0x00,
    0x0c, 0xff, 0xff, 0xff, 0xff, 0xff, 0xff, 0xff, 0xff, 0xff, 0xff, 0xff, 0xf0, 0x00, 0x00, 0x00,
    0x00, 0x0c, 0xff, 0xff, 0xff, 0xff, 0xff, 0xff, 0xff, 0xff, 0xff, 0xff, 0xff, 0xf0, 0x00, 0x00,
    0x00, 0x00, 0x0c, 0xff, 0xff, 0xff, 0xff, 0xff, 0xff, 0xff, 0xff, 0xff, 0xff, 0xff, 0xf0, 0x00,
    0x00, 0x00, 0x00, 0x00, 0x00, 0x00, 0x00, 0x00, 0x07, 0xff, 0xb0, 0x00, 0x00, 0x00, 0x00, 0x00,
    0x00, 0x00, 0x00, 0x00, 0x00, 0x00, 0x00, 0x00, 0x00, 0x07, 0xff, 0xb0, 0x00, 0x00, 0x00, 0x00,
    0x00, 0x00, 0x00, 0x00, 0x00, 0x00, 0x00, 0x00, 0x00, 0x00, 0x07, 0xff, 0xb0, 0x00, 0x00, 0x00,
    0x00, 0x00, 0x00, 0x00, 0x00, 0x00, 0x00, 0x00, 0x00, 0x00, 0x00, 0x07, 0xff, 0xb0, 0x00, 0x00,
    0x00, 0x00, 0x00, 0x00, 0x00, 0x00, 0x2f, 0xff, 0xff, 0xff, 0xff, 0xff, 0xff, 0xff, 0xff, 0xff,
    0xff, 0xff, 0xff, 0xff, 0xf3, 0x00, 0x00, 0x2f, 0xff, 0xff, 0xff, 0xff, 0xff, 0xff, 0xff, 0xff,
    0xff, 0xff, 0xff, 0xff, 0xff, 0xf3, 0x00, 0x00, 0x2f, 0xff, 0xff, 0xff, 0xff, 0xff, 0xff, 0xff,
    0xff, 0xff, 0xff, 0xff, 0xff, 0xff, 0xf3, 0x00, 0x00, 0x00, 0x00, 0x00, 0x00, 0x00, 0x00, 0x07,
    0xff, 0xb0, 0x00, 0x00, 0x00, 0x00, 0x00, 0x00, 0x00, 0x00, 0x00, 0x00, 0x00, 0x00, 0x00, 0x00,
    0x07, 0xff, 0xb0, 0x00, 0x00, 0x00, 0x00, 0x00, 0x00, 0x00, 0x00, 0x00, 0x04, 0x77, 0x50, 0x00,
    0x00, 0x07, 0xff, 0xb0, 0x00, 0x00, 0x05, 0x88, 0x40, 0x00, 0x00, 0x00, 0x00, 0x07, 0xff, 0xb0,
    0x00, 0x00, 0x07, 0xff, 0xb0, 0x00, 0x00, 0x09, 0xff, 0x70, 0x00, 0x00, 0x00, 0x00, 0x07, 0xff,
    0xb0, 0x00, 0x00, 0x07, 0xff, 0xb0, 0x00, 0x00, 0x09, 0xff, 0x70, 0x00, 0x00, 0x00, 0x00, 0x07,
    0xff, 0xb0, 0x00, 0x00, 0x07, 0xff, 0xb0, 0x00, 0x00, 0x09, 0xff, 0x70, 0x00, 0x00, 0x00, 0x00,
    0x07, 0xff, 0xb0, 0x00, 0x00, 0x07, 0xff, 0xb0, 0x00, 0x00, 0x09, 0xff, 0x70, 0x00, 0x00, 0x00,
    0x00, 0x07, 0xff, 0xb0, 0x00, 0x00, 0x07, 0xff, 0xb0, 0x00, 0x00, 0x09, 0xff, 0x70, 0x00, 0x00,
    0x00, 0x00, 0x07, 0xff, 0xb0, 0x00, 0x00, 0x07, 0xff, 0xb0, 0x00, 0x00, 0x09, 0xff, 0x70, 0x00,
    0x00, 0x00, 0x00, 0x07, 0xff, 0xb0, 0x00, 0x00, 0x07, 0xff, 0xb0, 0x00, 0x00, 0x09, 0xff, 0x70,
    0x00, 0x00, 0x00, 0x00, 0x07, 0xff, 0xb0, 0x00, 0x00, 0x07, 0xff, 0xb0, 0x00, 0x00, 0x09, 0xff,
    0x70, 0x00, 0x00, 0x00, 0x00, 0x07, 0xff, 0xff, 0xff, 0xff, 0xff, 0xff, 0xff, 0xff, 0xff, 0xff,
    0xff, 0x70, 0x00, 0x00, 0x00, 0x00, 0x07, 0xff, 0xff, 0xff, 0xff, 0xff, 0xff, 0xff, 0xff, 0xff,
    0xff, 0xff, 0x70, 0x00, 0x00, 0x00, 0x00, 0x07, 0xee, 0xee, 0xee, 0xee, 0xee, 0xee, 0xee, 0xee,
    0xee, 0xef, 0xff, 0x70, 0x00, 0x00, 0x00, 0x00, 0x00, 0x00, 0x00, 0x00, 0x00, 0x00, 0x00, 0x00,
    0x00, 0x00, 0x09, 0xff, 0x70, 0x00, 0x00, 0x00, 0x00, 0x00, 0x00, 0x00, 0x00, 0x00, 0x00, 0x00,
    0x00, 0x00, 0x00, 0x04, 0x77, 0x30, 0x00, 0x00, 0x00, 0x00, 0x00, 0x00, 0x00, 0x00, 0x00, 0x00,
    0x00, 0x00, 0x00, 0x00, 0x00, 0x00, 0x00, 0x00, 0x00, 0x00, 0x00, 0x00, 0x00, 0x00, 0x00, 0x00,
    0x00, 0x00, 0x00, 0x00, 0x00, 0x00, 0x00, 0x00, 0x00, 0x00, 0x00, 0x00, 0x00, 0x00, 0x00, 0x19,
    0x51, 0x00, 0x00, 0x00, 0x05, 0xa0, 0x00, 0x00, 0x00, 0x00, 0x00, 0x00, 0x00, 0x00, 0x00, 0x00,
    0x6f, 0xff, 0x20, 0x00, 0x00, 0xcf, 0xf7, 0x00, 0x00, 0x00, 0x00, 0x00, 0x00, 0x00, 0x00, 0x00,
    0x00, 0xdf, 0xfb, 0x00, 0x00, 0x00, 0x7f, 0xfe, 0x10, 0x00, 0x00, 0x00, 0x00, 0x00, 0x00, 0x00,
    0x00, 0x05, 0xff, 0xf4, 0x00, 0x00, 0x00, 0x1e, 0xff, 0x80, 0x00, 0x00, 0x00, 0x00, 0x00, 0x00,
    0x00, 0x00, 0x0d, 0xff, 0xb0, 0x00, 0x00, 0x00, 0x06, 0xff, 0xf3, 0x00, 0x00, 0x00, 0x00, 0x00,
    0x00, 0x00, 0x00, 0x7f, 0xff, 0x40, 0x00, 0x00, 0x00, 0x00, 0xcf, 0xfd, 0x10, 0x00, 0x00, 0x00,
    0x00, 0x00, 0x00, 0x02, 0xef, 0xfb, 0x00, 0x00, 0x00, 0x00, 0x00, 0x3f, 0xff, 0x90, 0x00, 0x00,
    0x00, 0x00, 0x00, 0x00, 0x0b, 0xff, 0xf3, 0x00, 0x00, 0x00, 0x00, 0x00, 0x08, 0xff, 0xf6, 0x00,
    0x00, 0x00, 0x00, 0x00, 0x00, 0x9f, 0xff, 0x80, 0x00, 0x00, 0x00, 0x00, 0x00, 0x00, 0xcf, 0xff,
    0x40, 0x00, 0x00, 0x00, 0x00, 0x06, 0xff, 0xfd, 0x00, 0x00, 0x00, 0x00, 0x00, 0x00, 0x00, 0x3f,
    0xff, 0xe3, 0x00, 0x00, 0x00, 0x00, 0x5f, 0xff, 0xe2, 0x00, 0x00, 0x00, 0x00, 0x00, 0x00, 0x00,
    0x06, 0xff, 0xfe, 0x30, 0x00, 0x00, 0x07, 0xff, 0xff, 0x50, 0x00, 0x00, 0x00, 0x00, 0x00, 0x00,
    0x00, 0x00, 0x9f, 0xff, 0xe4, 0x00, 0x00, 0x7f, 0xff, 0xff, 0xff, 0xff, 0xff, 0xff, 0xff, 0xff,
    0xff, 0xff, 0xff, 0xfc, 0xff, 0xf8, 0x00, 0x00, 0x1b, 0xff, 0x7d, 0xff, 0xff, 0xff, 0xff, 0xff,
    0xff, 0xff, 0xff, 0xff, 0xf1, 0xbf, 0x80, 0x00, 0x00, 0x00, 0xa6, 0x0d, 0xff, 0xff, 0xff, 0xff,
    0xff, 0xff, 0xff, 0xff, 0xff, 0xf0, 0x17, 0x00, 0x00, 0x00, 0x00, 0x00, 0x00, 0x00, 0x00, 0x5f,
    0xfe, 0x00, 0x00, 0x00, 0x02, 0xff, 0xf0, 0x00, 0x00, 0x00, 0x00, 0x00, 0x00, 0x00, 0x00, 0x00,
    0x8f, 0xfb, 0x00, 0x00, 0x00, 0x03, 0xff, 0xe0, 0x00, 0x00, 0x00, 0x00, 0x00, 0x00, 0x00, 0x00,
    0x00, 0xbf, 0xf8, 0x00, 0x00, 0x00, 0x04, 0xff, 0xd0, 0x00, 0x00, 0x00, 0x00, 0x00, 0x00, 0x00,
    0x00, 0x00, 0xef, 0xf5, 0x00, 0x00, 0x00, 0x05, 0xff, 0xc0, 0x00, 0x00, 0x00, 0x00, 0x00, 0x00,
    0x00, 0x00, 0x03, 0xff, 0xf2, 0x00, 0x00, 0x00, 0x06, 0xff, 0xb0, 0x00, 0x00, 0x00, 0x00, 0x00,
    0x00, 0x00, 0x00, 0x09, 0xff, 0xc0, 0x00, 0x00, 0x00, 0x07, 0xff, 0xa0, 0x00, 0x00, 0x00, 0x00,
    0x00, 0x00, 0x00, 0x00, 0x2f, 0xff, 0x60, 0x00, 0x00, 0x00, 0x08, 0xff, 0x90, 0x00, 0x00, 0x00,
    0x00, 0x00, 0x00, 0x00, 0x00, 0xaf, 0xfe, 0x10, 0x00, 0x00, 0x00, 0x0a, 0xff, 0x80, 0x00, 0x00,
    0x00, 0x00, 0x00, 0x00, 0x00, 0x07, 0xff, 0xf7, 0x00, 0x00, 0x00, 0x00, 0x0b, 0xff, 0x60, 0x00,
    0x00, 0x00, 0x00, 0x00, 0x00, 0x00, 0x6f, 0xff, 0xc0, 0x00, 0x00, 0x00, 0x00, 0x0e, 0xff, 0x50,
    0x00, 0x00, 0x00, 0x00, 0x00, 0x00, 0x19, 0xff, 0xfe, 0x20, 0x00, 0x00, 0x00, 0x00, 0x2f, 0xff,
    0x20, 0x00, 0x00, 0x00, 0x00, 0x00, 0x05, 0xdf, 0xff, 0xe3, 0x00, 0x00, 0x12, 0x10, 0x01, 0x9f,
    0xfe, 0x00, 0x00, 0x00, 0x00, 0x00, 0x07, 0xdf, 0xff, 0xfd, 0x30, 0x00, 0x00, 0x3f, 0xff, 0xff,
    0xff, 0xfa, 0x00, 0x00, 0x00, 0x00, 0x00, 0x06, 0xff, 0xff, 0x91, 0x00, 0x00, 0x00, 0x0c, 0xff,
    0xff, 0xff, 0xe3, 0x00, 0x00, 0x00, 0x00, 0x00, 0x00, 0xaf, 0xa3, 0x00, 0x00, 0x00, 0x00, 0x08,
    0xee, 0xee, 0xda, 0x20, 0x00, 0x00, 0x00, 0x00, 0x00, 0x00, 0x12, 0x00, 0x00, 0x00, 0x00, 0x00,
    0x00, 0x00, 0x00, 0x00, 0x00, 0x00, 0x00, 0x00, 0x00, 0x00, 0x00, 0x00, 0x00, 0x00, 0x00, 0x00,
    0x00, 0x00, 0x00, 0x00, 0x00, 0x00, 0x00, 0x00, 0x00, 0x00, 0x00, 0x00, 0x00, 0x00, 0x00, 0x00,
    0x00, 0x00, 0x00, 0x00, 0x00, 0x00, 0x00, 0x00, 0x00, 0x00, 0x00, 0x00, 0x00, 0x00, 0x00, 0x00,
    0x00, 0x00, 0x00, 0x00, 0x00, 0x00, 0x00, 0x00, 0x00, 0x99, 0x60, 0x00, 0x00, 0x00, 0xcf, 0xff,
    0xff, 0xf9, 0x07, 0xff, 0xff, 0xff, 0xd0, 0x00, 0x00, 0x00, 0xef, 0xa0, 0x00, 0x00, 0x00, 0xcf,
    0xff, 0xff, 0xf9, 0x07, 0xff, 0xff, 0xff, 0xd0, 0x00, 0x00, 0x00, 0xef, 0xa0, 0x00, 0x00, 0x00,
    0xcf, 0xd9, 0x9e, 0xf9, 0x07, 0xff, 0x99, 0xdf, 0xd0, 0x05, 0x98, 0x00, 0xef, 0xa0, 0x00, 0x00,
    0x00, 0xcf, 0xa0, 0x0d, 0xf9, 0x07, 0xfe, 0x00, 0x9f, 0xd0, 0x09, 0xfc, 0x00, 0xef, 0xa0, 0x00,
    0x00, 0x00, 0xcf, 0xa0, 0x0d, 0xf9, 0x07, 0xfe, 0x00, 0x9f, 0xd0, 0x09, 0xfc, 0x00, 0xef, 0xa0,
    0x00, 0x00, 0x00, 0xcf, 0xa0, 0x0d, 0xf9, 0x07, 0xfe, 0x00, 0x9f, 0xd0, 0x09, 0xfc, 0x00, 0xef,
    0xa0, 0x00, 0x00, 0x00, 0xcf, 0xa0, 0x0d, 0xf9, 0x07, 0xfe, 0x00, 0x9f, 0xd0, 0x09, 0xfc, 0x00,
    0xef, 0xa0, 0x00, 0x00, 0x00, 0xcf, 0xa0, 0x0d, 0xf9, 0x07, 0xfe, 0x00, 0x9f, 0xd0, 0x09, 0xfc,
    0x00, 0xef, 0xa0, 0x00, 0x00, 0x00, 0xcf, 0xa0, 0x0d, 0xf9, 0x07, 0xfe, 0x00, 0x9f, 0xd0, 0x09,
    0xfc, 0x00, 0xef, 0xa0, 0x00, 0x00, 0x00, 0xcf, 0xa0, 0x0d, 0xf9, 0x07, 0xfe, 0x00, 0x9f, 0xd0,
    0x09, 0xfc, 0x00, 0xef, 0xa0, 0x00, 0x00, 0x00, 0xcf, 0xa0, 0x0d, 0xf9, 0x07, 0xfe, 0x00, 0x9f,
    0xd0, 0x09, 0xfc, 0x00, 0xef, 0xa0, 0x00, 0x00, 0x8b, 0xef, 0xeb, 0xbf, 0xfe, 0xbd, 0xff, 0xbb,
    0xdf, 0xfb, 0x49, 0xfc, 0x00, 0xef, 0xa0, 0x00, 0x00, 0xbf, 0xff, 0xff, 0xff, 0xff, 0xff, 0xff,
    0xff, 0xff, 0xff, 0x59, 0xfc, 0x00, 0xef, 0xa0, 0x00, 0x00, 0xbf, 0xff, 0xff, 0xff, 0xff, 0xff,
    0xff, 0xff, 0xff, 0xff, 0x59, 0xfc, 0x00, 0xef, 0xa0, 0x00, 0x00, 0x00, 0xcf, 0xa0, 0x0d, 0xf9,
    0x08, 0xfe, 0x00, 0x9f, 0xd0, 0x09, 0xfc, 0x00, 0xef, 0xa0, 0x00, 0x00, 0x00, 0xcf, 0xa0, 0x0d,
    0xf9, 0x08, 0xfd, 0x00, 0x9f, 0xd0, 0x09, 0xfc, 0x00, 0xef, 0xa0, 0x00, 0x00, 0x00, 0xcf, 0xa0,
    0x0d, 0xf9, 0x08, 0xfd, 0x00, 0x9f, 0xd0, 0x09, 0xfc, 0x00, 0xef, 0xa0, 0x00, 0x00, 0x00, 0xdf,
    0xa0, 0x0d, 0xf9, 0x09, 0xfd, 0x00, 0x9f, 0xd0, 0x09, 0xfc, 0x00, 0xef, 0xa0, 0x00, 0x00, 0x00,
    0xdf, 0x90, 0x0d, 0xf9, 0x0a, 0xfc, 0x00, 0x9f, 0xd0, 0x09, 0xfc, 0x00, 0xef, 0xa0, 0x00, 0x00,
    0x00, 0xef, 0x90, 0x0d, 0xf9, 0x0b, 0xfb, 0x00, 0x9f, 0xd0, 0x09, 0xfc, 0x00, 0xef, 0xa0, 0x00,
    0x00, 0x00, 0xff, 0x70, 0x0d, 0xf9, 0x0c, 0xfa, 0x00, 0x9f, 0xd0, 0x08, 0xec, 0x00, 0xef, 0xa0,
    0x00, 0x00, 0x01, 0xff, 0x60, 0x0d, 0xf9, 0x0d, 0xf9, 0x00, 0x9f, 0xd0, 0x00, 0x00, 0x00, 0xef,
    0xa0, 0x00, 0x00, 0x03, 0xff, 0x50, 0x0d, 0xf9, 0x0f, 0xf7, 0x00, 0x9f, 0xd0, 0x00, 0x00, 0x00,
    0xef, 0xa0, 0x00, 0x00, 0x06, 0xff, 0x20, 0x0d, 0xf9, 0x2f, 0xf5, 0x00, 0x9f, 0xd0, 0x00, 0x00,
    0x00, 0xef, 0xa0, 0x00, 0x00, 0x09, 0xfe, 0x00, 0x0d, 0xf9, 0x5f, 0xf2, 0x00, 0x9f, 0xd0, 0x00,
    0x00, 0x00, 0xef, 0xa0, 0x00, 0x00, 0x0e, 0xfb, 0x00, 0x0e, 0xf9, 0x8f, 0xf0, 0x00, 0x9f, 0xd0,
    0x00, 0x00, 0x00, 0xef, 0xa0, 0x00, 0x00, 0x6f, 0xf6, 0x5a, 0xdf, 0xf8, 0xdf, 0xb3, 0x99, 0xdf,
    0xc0, 0x00, 0x8a, 0x9a, 0xff, 0x90, 0x00, 0x00, 0xaf, 0xe1, 0x4f, 0xff, 0xf7, 0xff, 0x71, 0xff,
    0xff, 0x90, 0x00, 0x7f, 0xff, 0xff, 0x50, 0x00, 0x00, 0x08, 0x90, 0x1f, 0xec, 0x71, 0x8f, 0x20,
    0xce, 0xd9, 0x10, 0x00, 0x3f, 0xfe, 0xb5, 0x00, 0x00, 0x00, 0x00, 0x00, 0x00, 0x00, 0x00, 0x02,
    0x00, 0x00, 0x00, 0x00, 0x00, 0x00, 0x00, 0x00, 0x00, 0x00, 0x00, 0x00, 0x00, 0x00, 0x00, 0x00,
    0x00, 0x00, 0x00, 0x00, 0x00, 0x00, 0x00, 0x00, 0x00, 0x00, 0x00, 0x00, 0x00, 0x00, 0x00, 0x00,
    0x00, 0x00, 0x00, 0x00, 0x00, 0x00, 0x00, 0x00, 0x00, 0x00, 0x00, 0x00, 0x00, 0x00, 0x00, 0x00,
    0x00, 0x00, 0x00, 0x00, 0x00, 0x00, 0x00, 0x00, 0x00, 0x05, 0xaa, 0x40, 0x00, 0x00, 0x00, 0x00,
    0x00, 0x00, 0x00, 0x00, 0x00, 0x00, 0x00, 0x00, 0x00, 0x00, 0x08, 0xff, 0x70, 0x00, 0x00, 0x0d,
    0xff, 0xff, 0xff, 0xff, 0xff, 0xff, 0xff, 0xfb, 0x00, 0x00, 0x00, 0x08, 0xff, 0x70, 0x00, 0x00,
    0x0d, 0xff, 0xff, 0xff, 0xff, 0xff, 0xff, 0xff, 0xfb, 0x0b, 0xff, 0x10, 0x08, 0xff, 0x70, 0x00,
    0x00, 0x08, 0xaa, 0xac, 0xff, 0xfa, 0xaa, 0xaa, 0xaa, 0xa7, 0x0b, 0xff, 0x10, 0x08, 0xff, 0x70,
    0x00, 0x00, 0x00, 0x00, 0x0a, 0xff, 0x90, 0x00, 0x53, 0x00, 0x00, 0x0b, 0xff, 0x10, 0x08, 0xff,
    0x70, 0x00, 0x00, 0x00, 0x00, 0x3f, 0xff, 0x20, 0x1b, 0xfd, 0x10, 0x00, 0x0b, 0xff, 0x10, 0x08,
    0xff, 0x70, 0x00, 0x00, 0x00, 0x00, 0xaf, 0xf8, 0x00, 0x0a, 0xff, 0x90, 0x00, 0x0b, 0xff, 0x10,
    0x08, 0xff, 0x70, 0x00, 0x00, 0x00, 0x04, 0xff, 0xd1, 0x00, 0x01, 0xdf, 0xf5, 0x00, 0x0b, 0xff,
    0x10, 0x08, 0xff, 0x70, 0x00, 0x00, 0x00, 0x1d, 0xff, 0x40, 0x00, 0x23, 0x7f, 0xfe, 0x10, 0x0b,
    0xff, 0x10, 0x08, 0xff, 0x70, 0x00, 0x00, 0x01, 0xdf, 0xff, 0xcd, 0xef, 0xff, 0xff, 0xff, 0xa0,
    0x0b, 0xff, 0x10, 0x08, 0xff, 0x70, 0x00, 0x00, 0x00, 0xdf, 0xff, 0xff, 0xff, 0xff, 0xff, 0xff,
    0xf3, 0x0b, 0xff, 0x10, 0x08, 0xff, 0x70, 0x00, 0x00, 0x00, 0x8f, 0xfe, 0xcb, 0x98, 0x65, 0x42,
    0x6f, 0xf5, 0x0b, 0xff, 0x10, 0x08, 0xff, 0x70, 0x00, 0x00, 0x00, 0x23, 0x10, 0x00, 0x33, 0x30,
    0x00, 0x0a, 0x20, 0x0b, 0xff, 0x10, 0x08, 0xff, 0x70, 0x00, 0x00, 0x00, 0x00, 0x00, 0x00, 0xef,
    0xd0, 0x00, 0x00, 0x00, 0x0b, 0xff, 0x10, 0x08, 0xff, 0x70, 0x00, 0x00, 0x00, 0x00, 0x00, 0x00,
    0xef, 0xd0, 0x00, 0x00, 0x00, 0x0b, 0xff, 0x10, 0x08, 0xff, 0x70, 0x00, 0x00, 0x00, 0x00, 0x00,
    0x00, 0xef, 0xd0, 0x00, 0x00, 0x00, 0x0b, 0xff, 0x10, 0x08, 0xff, 0x70, 0x00, 0x00, 0x01, 0xff,
    0xff, 0xff, 0xff, 0xff, 0xff, 0xff, 0xf0, 0x0b, 0xff, 0x10, 0x08, 0xff, 0x70, 0x00, 0x00, 0x01,
    0xff, 0xff, 0xff, 0xff, 0xff, 0xff, 0xff, 0xf0, 0x0b, 0xff, 0x10, 0x08, 0xff, 0x70, 0x00, 0x00,
    0x01, 0xaa, 0xaa, 0xaa, 0xff, 0xea, 0xaa, 0xaa, 0xa0, 0x0b, 0xff, 0x10, 0x08, 0xff, 0x70, 0x00,
    0x00, 0x00, 0x00, 0x00, 0x00, 0xef, 0xd0, 0x00, 0x00, 0x00, 0x0b, 0xff, 0x10, 0x08, 0xff, 0x70,
    0x00, 0x00, 0x00, 0x00, 0x00, 0x00, 0xef, 0xd0, 0x00, 0x00, 0x00, 0x0b, 0xff, 0x10, 0x08, 0xff,
    0x70, 0x00, 0x00, 0x00, 0x00, 0x00, 0x00, 0xef, 0xd0, 0x00, 0x00, 0x00, 0x09, 0xcc, 0x10, 0x08,
    0xff, 0x70, 0x00, 0x00, 0x00, 0x00, 0x00, 0x00, 0xef, 0xd0, 0x01, 0x47, 0x94, 0x00, 0x00, 0x00,
    0x08, 0xff, 0x70, 0x00, 0x00, 0x00, 0x00, 0x00, 0x00, 0xef, 0xea, 0xdf, 0xff, 0xf7, 0x00, 0x00,
    0x00, 0x08, 0xff, 0x70, 0x00, 0x00, 0x00, 0x14, 0x69, 0xce, 0xff, 0xff, 0xff, 0xff, 0xf8, 0x00,
    0x00, 0x00, 0x08, 0xff, 0x70, 0x00, 0x00, 0x1e, 0xff, 0xff, 0xff, 0xff, 0xff, 0xec, 0x96, 0x30,
    0x00, 0x01, 0x00, 0x09, 0xff, 0x60, 0x00, 0x00, 0x0d, 0xff, 0xff, 0xfe, 0xb8, 0x52, 0x00, 0x00,
    0x00, 0x00, 0x2f, 0xff, 0xff, 0xff, 0x50, 0x00, 0x00, 0x0a, 0xda, 0x75, 0x20, 0x00, 0x00, 0x00,
    0x00, 0x00, 0x00, 0x0a, 0xff, 0xff, 0xfc, 0x10, 0x00, 0x00, 0x00, 0x00, 0x00, 0x00, 0x00, 0x00,
    0x00, 0x00, 0x00, 0x00, 0x05, 0xdd, 0xca, 0x71, 0x00, 0x00, 0x00, 0x00, 0x00, 0x00, 0x00, 0x00,
    0x00, 0x00, 0x00, 0x00, 0x00, 0x00, 0x00, 0x00, 0x00, 0x00, 0x00, 0x00, 0x00, 0x00, 0x00, 0x00,
    0x00, 0x00, 0x00, 0x00, 0x00, 0x00, 0x00, 0x00, 0x00, 0x00, 0x00, 0x00, 0x00, 0x00, 0x00, 0x00,
    0x00, 0x00, 0x00, 0x00, 0x00, 0x00, 0x00, 0x00, 0x00, 0x03, 0xcc, 0x80, 0x00, 0x00, 0x00, 0x9a,
    0xaa, 0xaa, 0xaa, 0xaa, 0xaa, 0xaa, 0xa4, 0x00, 0x00, 0x00, 0x04, 0xff, 0xa0, 0x00, 0x00, 0x00,
    0xdf, 0xff, 0xff, 0xff, 0xff, 0xff, 0xff, 0xf5, 0x02, 0x33, 0x10, 0x04, 0xff, 0xa0, 0x00, 0x00,
    0x00, 0xdf, 0xff, 0xff, 0xff, 0xff, 0xff, 0xff, 0xf5, 0x09, 0xff, 0x40, 0x04, 0xff, 0xa0, 0x00,
    0x00, 0x00, 0xdf, 0xd0, 0x00, 0x00, 0x00, 0x00, 0x7f, 0xf5, 0x09, 0xff, 0x40, 0x04, 0xff, 0xa0,
    0x00, 0x00, 0x00, 0xdf, 0xd0, 0x00, 0x00, 0x00, 0x00, 0x7f, 0xf5, 0x09, 0xff, 0x40, 0x04, 0xff,
    0xa0, 0x00, 0x00, 0x00, 0xdf, 0xd0, 0x00, 0x00, 0x00, 0x00, 0x7f, 0xf5, 0x09, 0xff, 0x40, 0x04,
    0xff, 0xa0, 0x00, 0x00, 0x00, 0xdf, 0xd0, 0x00, 0x00, 0x00, 0x00, 0x7f, 0xf5, 0x09, 0xff, 0x40,
    0x04, 0xff, 0xa0, 0x00, 0x00, 0x00, 0xdf, 0xff, 0xff, 0xff, 0xff, 0xff, 0xff, 0xf5, 0x09, 0xff,
    0x40, 0x04, 0xff, 0xa0, 0x00, 0x00, 0x00, 0xdf, 0xff, 0xff, 0xff, 0xff, 0xff, 0xff, 0xf5, 0x09,
    0xff, 0x40, 0x04, 0xff, 0xa0, 0x00, 0x00, 0x00, 0xdf, 0xeb, 0xbb, 0xbc, 0xff, 0xdb, 0xbb, 0xb4,
    0x09, 0xff, 0x40, 0x04, 0xff, 0xa0, 0x00, 0x00, 0x00, 0xdf, 0xd0, 0x00, 0x02, 0xff, 0x60, 0x00,
    0x00, 0x09, 0xff, 0x40, 0x04, 0xff, 0xa0, 0x00, 0x00, 0x00, 0xdf, 0xd0, 0x00, 0x02, 0xff, 0x60,
    0x00, 0x00, 0x09, 0xff, 0x40, 0x04, 0xff, 0xa0, 0x00, 0x00, 0x00, 0xdf, 0xc0, 0x00, 0x02, 0xff,
    0x60, 0x00, 0x00, 0x09, 0xff, 0x40, 0x04, 0xff, 0xa0, 0x00, 0x00, 0x00, 0xdf, 0xcd, 0xff, 0xff,
    0xff, 0xff, 0xff, 0xf8, 0x09, 0xff, 0x40, 0x04, 0xff, 0xa0, 0x00, 0x00, 0x00, 0xdf, 0xcd, 0xff,
    0xff, 0xff, 0xff, 0xff, 0xf8, 0x09, 0xff, 0x40, 0x04, 0xff, 0xa0, 0x00, 0x00, 0x00, 0xef, 0xbd,
    0xfb, 0x89, 0xff, 0xb8, 0x8f, 0xf8, 0x09, 0xff, 0x40, 0x04, 0xff, 0xa0, 0x00, 0x00, 0x00, 0xff,
    0xad, 0xf6, 0x02, 0xff, 0x60, 0x0e, 0xf8, 0x09, 0xff, 0x40, 0x04, 0xff, 0xa0, 0x00, 0x00, 0x01,
    0xff, 0x9d, 0xf6, 0x02, 0xff, 0x60, 0x0e, 0xf8, 0x09, 0xff, 0x40, 0x04, 0xff, 0xa0, 0x00, 0x00,
    0x02, 0xff, 0x8d, 0xf6, 0x02, 0xff, 0x60, 0x0e, 0xf8, 0x09, 0xff, 0x40, 0x04, 0xff, 0xa0, 0x00,
    0x00, 0x04, 0xff, 0x6d, 0xf6, 0x02, 0xff, 0x60, 0x0e, 0xf8, 0x09, 0xff, 0x40, 0x04, 0xff, 0xa0,
    0x00, 0x00, 0x06, 0xff, 0x5d, 0xf6, 0x02, 0xff, 0x60, 0x0e, 0xf8, 0x08, 0xee, 0x30, 0x04, 0xff,
    0xa0, 0x00, 0x00, 0x09, 0xff, 0x2d, 0xf6, 0x02, 0xff, 0x60, 0x0e, 0xf8, 0x00, 0x00, 0x00, 0x04,
    0xff, 0xa0, 0x00, 0x00, 0x0c, 0xfe, 0x0d, 0xf6, 0x02, 0xff, 0x60, 0x1e, 0xf8, 0x00, 0x00, 0x00,
    0x04, 0xff, 0xa0, 0x00, 0x00, 0x1e, 0xfb, 0x0d, 0xf6, 0x02, 0xff, 0x7e, 0xff, 0xf6, 0x00, 0x00,
    0x00, 0x04, 0xff, 0xa0, 0x00, 0x00, 0x5f, 0xf8, 0x0d, 0xf6, 0x02, 0xff, 0x6b, 0xff, 0xe2, 0x00,
    0x00, 0x00, 0x04, 0xff, 0xa0, 0x00, 0x00, 0xbf, 0xf3, 0x09, 0xa4, 0x02, 0xff, 0x63, 0x65, 0x10,
    0x00, 0x00, 0x00, 0x05, 0xff, 0xa0, 0x00, 0x01, 0xff, 0xc0, 0x00, 0x00, 0x02, 0xff, 0x60, 0x00,
    0x00, 0x00, 0x0d, 0xff, 0xff, 0xff, 0x80, 0x00, 0x00, 0x4e, 0x70, 0x00, 0x00, 0x02, 0xff, 0x60,
    0x00, 0x00, 0x00, 0x07, 0xff, 0xff, 0xfe, 0x30, 0x00, 0x00, 0x02, 0x10, 0x00, 0x00, 0x02, 0xff,
    0x60, 0x00, 0x00, 0x00, 0x03, 0xff, 0xfe, 0xb4, 0x00, 0x00, 0x00, 0x00, 0x00, 0x00, 0x00, 0x00,
    0x33, 0x10, 0x00, 0x00, 0x00, 0x00, 0x10, 0x00, 0x00, 0x00, 0x00, 0x00, 0x00, 0x00, 0x00, 0x00,
    0x00, 0x00, 0x00, 0x00, 0x00, 0x00, 0x00, 0x00, 0x00, 0x00, 0x00, 0x00, 0x00, 0x00, 0x00, 0x00,
    0x00, 0x00, 0x00, 0x00, 0x00, 0x00, 0x00, 0x00, 0x00, 0x00, 0x00, 0x00, 0x00, 0x00, 0x00, 0x00,
    0x00, 0x01, 0x10, 0x00, 0x00, 0x00, 0x00, 0x00, 0x02, 0x20, 0x00, 0x00, 0x00, 0x00, 0x00, 0x00,
    0x00, 0x04, 0xaf, 0xb0, 0x00, 0x00, 0x00, 0x00, 0x00, 0x0a, 0xfc, 0x70, 0x00, 0x00, 0x00, 0x00,
    0x00, 0x00, 0x03, 0xff, 0xf8, 0x00, 0x00, 0x00, 0x00, 0x00, 0x2f, 0xff, 0x70, 0x00, 0x00, 0x00,
    0x00, 0x00, 0x00, 0x00, 0x7f, 0xff, 0x30, 0x00, 0x00, 0x00, 0x00, 0xaf, 0xfd, 0x00, 0x00, 0x00,
    0x00, 0x00, 0x00, 0x00, 0x00, 0x0c, 0xff, 0xb0, 0x00, 0x00, 0x00, 0x03, 0xff, 0xf4, 0x00, 0x00,
    0x00, 0x00, 0x00, 0x00, 0x00, 0x00, 0x04, 0xfe, 0xa1, 0x00, 0x00, 0x00, 0x0c, 0xff, 0xa0, 0x00,
    0x00, 0x00, 0x00, 0x00, 0x6f, 0xff, 0xff, 0xff, 0xff, 0xff, 0xff, 0xff, 0xff, 0xff, 0xff, 0xff,
    0xff, 0xff, 0xf6, 0x00, 0x00, 0x6f, 0xff, 0xff, 0xff, 0xff, 0xff, 0xff, 0xff, 0xff, 0xff, 0xff,
    0xff, 0xff, 0xff, 0xf6, 0x00, 0x00, 0x5b, 0xbb, 0xbb, 0xbb, 0xbb, 0xbb, 0xbb, 0xbb, 0xbb, 0xbb,
    0xbb, 0xbb, 0xbb, 0xbb, 0xb5, 0x00, 0x00, 0x00, 0x00, 0x00, 0x00, 0x00, 0x00, 0x00, 0x00, 0x00,
    0x00, 0x00, 0x00, 0x00, 0x00, 0x00, 0x00, 0x00, 0x00, 0x00, 0x00, 0x00, 0x00, 0x00, 0x00, 0x00,
    0x00, 0x00, 0x00, 0x00, 0x24, 0x42, 0x00, 0x00, 0x00, 0x00, 0x49, 0x99, 0x99, 0x99, 0x99, 0x99,
    0x60, 0x00, 0x55, 0x40, 0x00, 0x8f, 0xf7, 0x00, 0x00, 0x00, 0x00, 0x8f, 0xff, 0xff, 0xff, 0xff,
    0xff, 0xa0, 0x00, 0xff, 0xc0, 0x00, 0x8f, 0xf7, 0x00, 0x00, 0x00, 0x00, 0x8f, 0xff, 0xff, 0xff,
    0xff, 0xff, 0xa0, 0x00, 0xff, 0xc0, 0x00, 0x8f, 0xf7, 0x00, 0x00, 0x00, 0x00, 0x8f, 0xf5, 0x00,
    0x00, 0x05, 0xff, 0xa0, 0x00, 0xff, 0xc0, 0x00, 0x8f, 0xf7, 0x00, 0x00, 0x00, 0x00, 0x8f, 0xf5,
    0x00, 0x00, 0x05, 0xff, 0xa0, 0x00, 0xff, 0xc0, 0x00, 0x8f, 0xf7, 0x00, 0x00, 0x00, 0x00, 0x8f,
    0xf8, 0x44, 0x44, 0x48, 0xff, 0xa0, 0x00, 0xff, 0xc0, 0x00, 0x8f, 0xf7, 0x00, 0x00, 0x00, 0x00,
    0x8f, 0xff, 0xff, 0xff, 0xff, 0xff, 0xa0, 0x00, 0xff, 0xc0, 0x00, 0x8f, 0xf7, 0x00, 0x00, 0x00,
    0x00, 0x8f, 0xff, 0xff, 0xff, 0xff, 0xff, 0xa0, 0x00, 0xff, 0xc0, 0x00, 0x8f, 0xf7, 0x00, 0x00,
    0x00, 0x00, 0x8f, 0xf5, 0x00, 0x00, 0x05, 0xff, 0xa0, 0x00, 0xff, 0xc0, 0x00, 0x8f, 0xf7, 0x00,
    0x00, 0x00, 0x00, 0x8f, 0xf5, 0x00, 0x00, 0x05, 0xff, 0xa0, 0x00, 0xff, 0xc0, 0x00, 0x8f, 0xf7,
    0x00, 0x00, 0x00, 0x00, 0x8f, 0xf5, 0x00, 0x00, 0x05, 0xff, 0xa0, 0x00, 0xff, 0xc0, 0x00, 0x8f,
    0xf7, 0x00, 0x00, 0x00, 0x00, 0x8f, 0xff, 0xff, 0xff, 0xff, 0xff, 0xa0, 0x00, 0xff, 0xc0, 0x00,
    0x8f, 0xf7, 0x00, 0x00, 0x00, 0x00, 0x8f, 0xff, 0xff, 0xff, 0xff, 0xff, 0xa0, 0x00, 0xff, 0xc0,
    0x00, 0x8f, 0xf7, 0x00, 0x00, 0x00, 0x00, 0x8f, 0xf8, 0x44, 0x44, 0x48, 0xff, 0xa0, 0x00, 0xff,
    0xc0, 0x00, 0x8f, 0xf7, 0x00, 0x00, 0x00, 0x00, 0x8f, 0xf5, 0x00, 0x00, 0x05, 0xff, 0xa0, 0x00,
    0x11, 0x10, 0x00, 0x8f, 0xf7, 0x00, 0x00, 0x00, 0x00, 0x8f, 0xf5, 0x00, 0x00, 0x05, 0xff, 0xa0,
    0x00, 0x00, 0x00, 0x00, 0x8f, 0xf7, 0x00, 0x00, 0x00, 0x00, 0x8f, 0xf5, 0x00, 0x00, 0x05, 0xff,
    0xa0, 0x00, 0x00, 0x00, 0x00, 0x8f, 0xf7, 0x00, 0x00, 0x00, 0x00, 0x8f, 0xf5, 0x00, 0x89, 0x8c,
    0xff, 0x80, 0x00, 0x01, 0xcd, 0xcd, 0xff, 0xf6, 0x00, 0x00, 0x00, 0x00, 0x8f, 0xf5, 0x00, 0x9f,
    0xff, 0xff, 0x40, 0x00, 0x00, 0x9f, 0xff, 0xff, 0xe2, 0x00, 0x00, 0x00, 0x00, 0x7e, 0xe5, 0x00,
    0x4f, 0xee, 0xb5, 0x00, 0x00, 0x00, 0x5f, 0xfe, 0xc9, 0x30, 0x00, 0x00, 0x00, 0x00, 0x00, 0x00,
    0x00, 0x00, 0x00, 0x00, 0x00, 0x00, 0x00, 0x00, 0x00, 0x00, 0x00, 0x00, 0x00, 0x00, 0x00, 0x00,
    0x00, 0x00, 0x00, 0x00, 0x00, 0x00, 0x00, 0x00, 0x00, 0x00, 0x00, 0x00, 0x00, 0x00, 0x00, 0x00,
    0x00, 0x1b, 0xb9, 0x00, 0x00, 0x00, 0x00, 0x00, 0x00, 0x00, 0x00, 0x00, 0x00, 0x00, 0x00, 0x00,
    0x00, 0x00, 0x2f, 0xfd, 0x00, 0x00, 0x00, 0x00, 0x00, 0x00, 0x00, 0x00, 0x00, 0x00, 0x00, 0x00,
    0x00, 0x00, 0x00, 0x2f, 0xfd, 0x00, 0x00, 0x00, 0x00, 0x00, 0x00, 0x00, 0x00, 0x00, 0x00, 0x00,
    0x00, 0x00, 0x00, 0x00, 0x2f, 0xfc, 0x00, 0x00, 0x00, 0x00, 0x00, 0x00, 0x00, 0x00, 0x00, 0x00,
    0x00, 0x00, 0x00, 0x00, 0x00, 0x2f, 0xfc, 0x00, 0x00, 0x00, 0x00, 0x0d, 0xff, 0xff, 0xff, 0xff,
    0xff, 0x50, 0x00, 0x00, 0x00, 0x00, 0x2f, 0xfc, 0x00, 0x00, 0x00, 0x00, 0x0d, 0xff, 0xff, 0xff,
    0xff, 0xff, 0x50, 0x00, 0x00, 0x5f, 0xff, 0xff, 0xff, 0xff, 0xff, 0xff, 0xd0, 0x0d, 0xff, 0xee,
    0xee, 0xef, 0xff, 0x50, 0x00, 0x00, 0x5f, 0xff, 0xff, 0xff, 0xff, 0xff, 0xff, 0xc0, 0x0d, 0xff,
    0x00, 0x00, 0x0a, 0xff, 0x50, 0x00, 0x00, 0x5e, 0xee, 0xef, 0xff, 0xee, 0xee, 0xff, 0xc0, 0x0d,
    0xff, 0x00, 0x00, 0x0a, 0xff, 0x50, 0x00, 0x00, 0x00, 0x00, 0x4f, 0xfa, 0x00, 0x02, 0xff, 0xc0,
    0x0d, 0xff, 0x00, 0x00, 0x0a, 0xff, 0x50, 0x00, 0x00, 0x00, 0x00, 0x5f, 0xf9, 0x00, 0x02, 0xff,
    0xc0, 0x0d, 0xff, 0x00, 0x00, 0x0a, 0xff, 0x50, 0x00, 0x00, 0x00, 0x00, 0x5f, 0xf8, 0x00, 0x02,
    0xff, 0xb0, 0x0d, 0xff, 0x00, 0x00, 0x0a, 0xff, 0x50, 0x00, 0x00, 0x00, 0x00, 0x6f, 0xf7, 0x00,
    0x03, 0xff, 0xb0, 0x0d, 0xff, 0x00, 0x00, 0x0a, 0xff, 0x50, 0x00, 0x00, 0x00, 0x00, 0x7f, 0xf6,
    0x00, 0x03, 0xff, 0xb0, 0x0d, 0xff, 0x00, 0x00, 0x0a, 0xff, 0x50, 0x00, 0x00, 0x00, 0x00, 0x8f,
    0xf5, 0x00, 0x04, 0xff, 0xa0, 0x0d, 0xff, 0x00, 0x00, 0x0a, 0xff, 0x50, 0x00, 0x00, 0x00, 0x00,
    0xaf, 0xf4, 0x00, 0x04, 0xff, 0xa0, 0x0d, 0xff, 0x00, 0x00, 0x0a, 0xff, 0x50, 0x00, 0x00, 0x00,
    0x00, 0xcf, 0xf2, 0x00, 0x04, 0xff, 0x90, 0x0d, 0xff, 0x00, 0x00, 0x0a, 0xff, 0x50, 0x00, 0x00,
    0x00, 0x00, 0xef, 0xf0, 0x00, 0x05, 0xff, 0x90, 0x0d, 0xff, 0x00, 0x00, 0x0a, 0xff, 0x50, 0x00,
    0x00, 0x00, 0x02, 0xff, 0xc0, 0x00, 0x06, 0xff, 0x80, 0x0d, 0xff, 0x00, 0x00, 0x0a, 0xff, 0x50,
    0x00, 0x00, 0x00, 0x04, 0xff, 0xa0, 0x00, 0x06, 0xff, 0x80, 0x0d, 0xff, 0x00, 0x00, 0x0a, 0xff,
    0x50, 0x00, 0x00, 0x00, 0x07, 0xff, 0x70, 0x00, 0x07, 0xff, 0x70, 0x0d, 0xff, 0x00, 0x00, 0x0a,
    0xff, 0x50, 0x00, 0x00, 0x00, 0x0c, 0xff, 0x50, 0x00, 0x08, 0xff, 0x70, 0x0d, 0xff, 0x00, 0x00,
    0x0a, 0xff, 0x50, 0x00, 0x00, 0x00, 0x2f, 0xfe, 0x00, 0x00, 0x09, 0xff, 0x60, 0x0d, 0xff, 0x00,
    0x00, 0x0a, 0xff, 0x50, 0x00, 0x00, 0x00, 0x7f, 0xfa, 0x00, 0x00, 0x0a, 0xff, 0x50, 0x0d, 0xff,
    0x00, 0x00, 0x0a, 0xff, 0x50, 0x00, 0x00, 0x00, 0xcf, 0xf5, 0x00, 0x00, 0x0c, 0xff, 0x30, 0x0d,
    0xff, 0xee, 0xee, 0xef, 0xff, 0x50, 0x00, 0x00, 0x04, 0xff, 0xe1, 0x00, 0x00, 0x0e, 0xff, 0x20,
    0x0d, 0xff, 0xff, 0xff, 0xff, 0xff, 0x50, 0x00, 0x00, 0x0c, 0xff, 0x90, 0x11, 0x00, 0x6f, 0xfe,
    0x00, 0x0d, 0xff, 0xff, 0xff, 0xff, 0xff, 0x50, 0x00, 0x00, 0x8f, 0xff, 0x20, 0x6f, 0xff, 0xff,
    0xfb, 0x00, 0x0d, 0xff, 0x00, 0x00, 0x0a, 0xff, 0x50, 0x00, 0x01, 0xdf, 0xf8, 0x00, 0x1f, 0xff,
    0xff, 0xf4, 0x00, 0x0d, 0xff, 0x00, 0x00, 0x0a, 0xff, 0x50, 0x00, 0x00, 0x1c, 0xc0, 0x00, 0x0c,
    0xee, 0xdb, 0x40, 0x00, 0x08, 0x99, 0x00, 0x00, 0x03, 0x55, 0x20, 0x00, 0x00, 0x01, 0x20, 0x00,
    0x00, 0x00, 0x00, 0x00, 0x00, 0x00, 0x00, 0x00, 0x00, 0x00, 0x00, 0x00, 0x00, 0x00, 0x00, 0x00,
    0x00, 0x00, 0x00, 0x00, 0x00, 0x00, 0x00, 0x00, 0x00, 0x00, 0x00, 0x00, 0x00, 0x00, 0x00, 0x00,
    0x00, 0x00, 0x00, 0x00, 0x00, 0x00, 0x00, 0x00, 0x00, 0x00, 0x00, 0x00, 0x00, 0x00, 0x00, 0x00,
    0x00, 0x00, 0x00, 0x00, 0x00, 0x00, 0x00, 0x00, 0x00, 0x07, 0xbb, 0x40, 0x00, 0x00, 0x00, 0x00,
    0x00, 0x00, 0x00, 0x00, 0x00, 0x00, 0x00, 0x00, 0x00, 0x00, 0x0a, 0xff, 0x50, 0x00, 0x00, 0x00,
    0x00, 0x00, 0x03, 0xaa, 0xaa, 0xaa, 0xaa, 0xaa, 0xaa, 0x20, 0x00, 0x0a, 0xff, 0x50, 0x00, 0x00,
    0x00, 0x00, 0x00, 0x04, 0xff, 0xff, 0xff, 0xff, 0xff, 0xff, 0x30, 0x00, 0x0a, 0xff, 0x50, 0x00,
    0x00, 0x00, 0x00, 0x00, 0x04, 0xff, 0xff, 0xff, 0xff, 0xff, 0xff, 0x30, 0x00, 0x0a, 0xff, 0x50,
    0x00, 0x00, 0x00, 0x00, 0x00, 0x00, 0x00, 0x00, 0x00, 0x00, 0x00, 0x00, 0x00, 0x00, 0x0a, 0xff,
    0x40, 0x00, 0x00, 0x00, 0x00, 0x00, 0x00, 0x00, 0x00, 0x00, 0x00, 0x00, 0x00, 0x00, 0x00, 0x0a,
    0xff, 0x40, 0x00, 0x00, 0x00, 0x00, 0x00, 0x00, 0x00, 0x00, 0x00, 0x00, 0x00, 0x00, 0x0b, 0xee,
    0xef, 0xff, 0xee, 0xee, 0xee, 0xe4, 0x00, 0x00, 0x00, 0x00, 0x00, 0x00, 0x00, 0x00, 0x00, 0x0c,
    0xff, 0xff, 0xff, 0xff, 0xff, 0xff, 0xf5, 0x00, 0x00, 0x00, 0x00, 0x00, 0x00, 0x00, 0x00, 0x00,
    0x0c, 0xff, 0xff, 0xff, 0xff, 0xff, 0xff, 0xf4, 0x00, 0x00, 0x4c, 0xcc, 0xcc, 0xcc, 0xcc, 0xcc,
    0xcc, 0x90, 0x00, 0x0c, 0xff, 0x20, 0x00, 0xbf, 0xf4, 0x00, 0x00, 0x6f, 0xff, 0xff, 0xff, 0xff,
    0xff, 0xff, 0xb0, 0x00, 0x0e, 0xff, 0x00, 0x00, 0xbf, 0xf3, 0x00, 0x00, 0x6f, 0xff, 0xff, 0xff,
    0xff, 0xff, 0xff, 0xb0, 0x00, 0x0f, 0xfe, 0x00, 0x00, 0xcf, 0xf3, 0x00, 0x00, 0x00, 0x00, 0x4f,
    0xfc, 0x00, 0x00, 0x00, 0x00, 0x00, 0x1f, 0xfd, 0x00, 0x00, 0xcf, 0xf2, 0x00, 0x00, 0x00, 0x00,
    0x8f, 0xf8, 0x00, 0x00, 0x00, 0x00, 0x00, 0x3f, 0xfb, 0x00, 0x00, 0xdf, 0xf2, 0x00, 0x00, 0x00,
    0x00, 0xbf, 0xf4, 0x00, 0x15, 0x40, 0x00, 0x00, 0x4f, 0xfa, 0x00, 0x00, 0xdf, 0xf1, 0x00, 0x00,
    0x00, 0x00, 0xef, 0xe0, 0x00, 0xdf, 0xc0, 0x00, 0x00, 0x7f, 0xf8, 0x00, 0x00, 0xef, 0xf0, 0x00,
    0x00, 0x00, 0x04, 0xff, 0xb0, 0x00, 0x8f, 0xf3, 0x00, 0x00, 0xaf, 0xf5, 0x00, 0x00, 0xff, 0xf0,
    0x00, 0x00, 0x00, 0x09, 0xff, 0x60, 0x00, 0x3f, 0xf8, 0x00, 0x00, 0xdf, 0xf2, 0x00, 0x01, 0xff,
    0xe0, 0x00, 0x00, 0x00, 0x0d, 0xfe, 0x10, 0x00, 0x0c, 0xfe, 0x00, 0x01, 0xff, 0xe0, 0x00, 0x01,
    0xff, 0xd0, 0x00, 0x00, 0x00, 0x4f, 0xf9, 0x00, 0x00, 0x09, 0xff, 0x50, 0x05, 0xff, 0xb0, 0x00,
    0x02, 0xff, 0xc0, 0x00, 0x00, 0x00, 0xaf, 0xf4, 0x14, 0x8b, 0xef, 0xff, 0xa0, 0x0b, 0xff, 0x80,
    0x00, 0x04, 0xff, 0xb0, 0x00, 0x00, 0x02, 0xff, 0xfc, 0xff, 0xff, 0xff, 0xff, 0xe1, 0x2f, 0xff,
    0x20, 0x00, 0x05, 0xff, 0xa0, 0x00, 0x00, 0x0d, 0xff, 0xff, 0xff, 0xff, 0xeb, 0xbf, 0xf4, 0x8f,
    0xfb, 0x00, 0x00, 0x07, 0xff, 0x90, 0x00, 0x00, 0x0c, 0xff, 0xff, 0xeb, 0x73, 0x00, 0x4f, 0xd6,
    0xef, 0xf5, 0x00, 0x00, 0x09, 0xff, 0x70, 0x00, 0x00, 0x07, 0xfc, 0x84, 0x00, 0x00, 0x00, 0x13,
    0x09, 0xff, 0xe0, 0x00, 0x00, 0x0c, 0xff, 0x50, 0x00, 0x00, 0x02, 0x30, 0x00, 0x00, 0x00, 0x00,
    0x00, 0x4f, 0xff, 0x81, 0x21, 0x00, 0x5f, 0xff, 0x20, 0x00, 0x00, 0x00, 0x00, 0x00, 0x00, 0x00,
    0x00, 0x03, 0xef, 0xfd, 0x11, 0xef, 0xff, 0xff, 0xfd, 0x00, 0x00, 0x00, 0x00, 0x00, 0x00, 0x00,
    0x00, 0x00, 0x02, 0xcf, 0xf4, 0x00, 0xaf, 0xff, 0xff, 0xf5, 0x00, 0x00, 0x00, 0x00, 0x00, 0x00,
    0x00, 0x00, 0x00, 0x00, 0x1d, 0x60, 0x00, 0x5c, 0xdd, 0xca, 0x30, 0x00, 0x00, 0x00, 0x00, 0x00,
    0x00, 0x00, 0x00, 0x00, 0x00, 0x01, 0x00, 0x00, 0x00, 0x00, 0x00, 0x00, 0x00, 0x00, 0x00, 0x00,
    0x00, 0x00, 0x00, 0x00, 0x00, 0x00, 0x00, 0x00, 0x00, 0x00, 0x00, 0x00, 0x00, 0x00, 0x00, 0x00,
    0x00, 0x00, 0x00, 0x00, 0x00, 0x00, 0x00, 0x00, 0x00, 0x00, 0x00, 0x00, 0x00, 0x00, 0x00, 0x00,
    0x00, 0x00, 0x00, 0x00, 0x00, 0x00, 0x00, 0x00, 0x00, 0x00, 0x00, 0x00, 0x00, 0x00, 0x00, 0x00,
    0x00, 0x00, 0x00, 0x00, 0x00, 0x18, 0xe5, 0x00, 0x00, 0x00, 0x00, 0x00, 0x1e, 0xb6, 0x10, 0x00,
    0x00, 0x00, 0x00, 0x00, 0x00, 0x00, 0x7f, 0xfe, 0x20, 0x00, 0x00, 0x00, 0x00, 0x7f, 0xff, 0x40,
    0x00, 0x00, 0x00, 0x00, 0x00, 0x00, 0x00, 0x0b, 0xff, 0xc0, 0x00, 0x00, 0x00, 0x01, 0xef, 0xf9,
    0x00, 0x00, 0x00, 0x00, 0x00, 0x00, 0x00, 0x00, 0x01, 0xef, 0xf7, 0x00, 0x00, 0x00, 0x08, 0xff,
    0xe1, 0x00, 0x00, 0x00, 0x00, 0x00, 0x00, 0x00, 0x00, 0x00, 0x6f, 0xfe, 0x10, 0x00, 0x00, 0x2f,
    0xff, 0x50, 0x00, 0x00, 0x00, 0x00, 0x00, 0x00, 0x03, 0x88, 0x88, 0x8f, 0xfa, 0x88, 0x88, 0x88,
    0xcf, 0xfe, 0x88, 0x88, 0x60, 0x00, 0x00, 0x00, 0x00, 0x07, 0xff, 0xff, 0xff, 0xff, 0xff, 0xff,
    0xff, 0xff, 0xff, 0xff, 0xff, 0xb0, 0x00, 0x00, 0x00, 0x00, 0x07, 0xff, 0xff, 0xff, 0xff, 0xff,
    0xff, 0xff, 0xff, 0xff, 0xff, 0xff, 0xb0, 0x00, 0x00, 0x00, 0x00, 0x07, 0xff, 0x80, 0x00, 0x00,
    0x0a, 0xff, 0x70, 0x00, 0x00, 0x06, 0xff, 0xb0, 0x00, 0x00, 0x00, 0x00, 0x07, 0xff, 0x80, 0x00,
    0x00, 0x0a, 0xff, 0x70, 0x00, 0x00, 0x06, 0xff, 0xb0, 0x00, 0x00, 0x00, 0x00, 0x07, 0xff, 0x80,
    0x00, 0x00, 0x0a, 0xff, 0x70, 0x00, 0x00, 0x06, 0xff, 0xb0, 0x00, 0x00, 0x00, 0x00, 0x07, 0xff,
    0xff, 0xff, 0xff, 0xff, 0xff, 0xff, 0xff, 0xff, 0xff, 0xff, 0xb0, 0x00, 0x00, 0x00, 0x00, 0x07,
    0xff, 0xff, 0xff, 0xff, 0xff, 0xff, 0xff, 0xff, 0xff, 0xff, 0xff, 0xb0, 0x00, 0x00, 0x00, 0x00,
    0x07, 0xff, 0xa6, 0x66, 0x66, 0x6c, 0xff, 0xa6, 0x66, 0x66, 0x69, 0xff, 0xb0, 0x00, 0x00, 0x00,
    0x00, 0x07, 0xff, 0x80, 0x00, 0x00, 0x0a, 0xff, 0x70, 0x00, 0x00, 0x06, 0xff, 0xb0, 0x00, 0x00,
    0x00, 0x00, 0x07, 0xff, 0x80, 0x00, 0x00, 0x0a, 0xff, 0x70, 0x00, 0x00, 0x06, 0xff, 0xb0, 0x00,
    0x00, 0x00, 0x00, 0x07, 0xff, 0xb8, 0x88, 0x88, 0x8c, 0xff, 0xb8, 0x88, 0x88, 0x8a, 0xff, 0xb0,
    0x00, 0x00, 0x00, 0x00, 0x07, 0xff, 0xff, 0xff, 0xff, 0xff, 0xff, 0xff, 0xff, 0xff, 0xff, 0xff,
    0xb0, 0x00, 0x00, 0x00, 0x00, 0x07, 0xff, 0xff, 0xff, 0xff, 0xff, 0xff, 0xff, 0xff, 0xff, 0xff,
    0xff, 0xb0, 0x00, 0x00, 0x00, 0x00, 0x00, 0x00, 0x00, 0x00, 0x00, 0x0a, 0xff, 0x70, 0x00, 0x00,
    0x00, 0x00, 0x00, 0x00, 0x00, 0x00, 0x00, 0x00, 0x00, 0x00, 0x00, 0x00, 0x0a, 0xff, 0x70, 0x00,
    0x00, 0x00, 0x00, 0x00, 0x00, 0x00, 0x00, 0x00, 0x00, 0x00, 0x00, 0x00, 0x00, 0x0a, 0xff, 0x70,
    0x00, 0x00, 0x00, 0x00, 0x00, 0x00, 0x00, 0x00, 0x6f, 0xff, 0xff, 0xff, 0xff, 0xff, 0xff, 0xff,
    0xff, 0xff, 0xff, 0xff, 0xff, 0xff, 0xf6, 0x00, 0x00, 0x6f, 0xff, 0xff, 0xff, 0xff, 0xff, 0xff,
    0xff, 0xff, 0xff, 0xff, 0xff, 0xff, 0xff, 0xf6, 0x00, 0x00, 0x4c, 0xcc, 0xcc, 0xcc, 0xcc, 0xcc,
    0xce, 0xff, 0xdc, 0xcc, 0xcc, 0xcc, 0xcc, 0xcc, 0xc5, 0x00, 0x00, 0x00, 0x00, 0x00, 0x00, 0x00,
    0x00, 0x0a, 0xff, 0x70, 0x00, 0x00, 0x00, 0x00, 0x00, 0x00, 0x00, 0x00, 0x00, 0x00, 0x00, 0x00,
    0x00, 0x00, 0x0a, 0xff, 0x70, 0x00, 0x00, 0x00, 0x00, 0x00, 0x00, 0x00, 0x00, 0x00, 0x00, 0x00,
    0x00, 0x00, 0x00, 0x0a, 0xff, 0x70, 0x00, 0x00, 0x00, 0x00, 0x00, 0x00, 0x00, 0x00, 0x00, 0x00,
    0x00, 0x00, 0x00, 0x00, 0x0a, 0xff, 0x70, 0x00, 0x00, 0x00, 0x00, 0x00, 0x00, 0x00, 0x00, 0x00,
    0x00, 0x00, 0x00, 0x00, 0x00, 0x0a, 0xff, 0x70, 0x00, 0x00, 0x00, 0x00, 0x00, 0x00, 0x00, 0x00,
    0x00, 0x00, 0x00, 0x00, 0x00, 0x00, 0x03, 0x44, 0x20, 0x00, 0x00, 0x00, 0x00, 0x00, 0x00, 0x00,
    0x00, 0x00, 0x00, 0x00, 0x00, 0x00, 0x00, 0x00, 0x00, 0x00, 0x00, 0x00, 0x00, 0x00, 0x00, 0x00,
    0x00, 0x00, 0x00, 0x00, 0x00, 0x00, 0x00, 0x00, 0x00, 0x00, 0x00, 0x00, 0x00, 0x00, 0x00, 0x00,
    0x00, 0x00, 0x00, 0x00, 0x00, 0x00, 0x00, 0x00, 0x00, 0x01, 0x22, 0x10, 0x00, 0x00, 0x00, 0x00,
    0x00, 0x00, 0x00, 0x00, 0x00, 0x00, 0x00, 0x00, 0x00, 0x00, 0x0a, 0xff, 0xa0, 0x00, 0x00, 0x00,
    0x00, 0x00, 0x00, 0x00, 0x00, 0x00, 0x00, 0x00, 0x00, 0x00, 0x00, 0x0a, 0xff, 0xa0, 0x00, 0x00,
    0x00, 0x00, 0x00, 0x00, 0x00, 0x00, 0x00, 0x00, 0x00, 0x00, 0x00, 0x00, 0x0a, 0xff, 0xa0, 0x00,
    0x00, 0x00, 0x00, 0x00, 0x00, 0x00, 0x00, 0x2f, 0xff, 0xff, 0xff, 0xff, 0xff, 0xff, 0xff, 0xff,
    0xff, 0xff, 0xff, 0xff, 0xff, 0xf2, 0x00, 0x00, 0x2f, 0xff, 0xff, 0xff, 0xff, 0xff, 0xff, 0xff,
    0xff, 0xff, 0xff, 0xff, 0xff, 0xff, 0xf2, 0x00, 0x00, 0x2d, 0xdd, 0xdd, 0xdd, 0xdd, 0xdd, 0xde,
    0xff, 0xed, 0xdd, 0xdd, 0xdd, 0xdd, 0xdd, 0xd2, 0x00, 0x00, 0x00, 0x00, 0x00, 0x00, 0x00, 0x00,
    0x0a, 0xff, 0xa0, 0x00, 0x00, 0x00, 0x00, 0x00, 0x00, 0x00, 0x00, 0x00, 0x00, 0x00, 0x00, 0x00,
    0x00, 0x0a, 0xff, 0xa0, 0x00, 0x00, 0x00, 0x00, 0x00, 0x00, 0x00, 0x00, 0x00, 0x00, 0x00, 0x00,
    0x00, 0x00, 0x0a, 0xff, 0xa0, 0x00, 0x00, 0x00, 0x00, 0x00, 0x00, 0x00, 0x00, 0x00, 0xaf, 0xff,
    0xff, 0xff, 0xff, 0xff, 0xff, 0xff, 0xff, 0xff, 0xff, 0xff, 0xfa, 0x00, 0x00, 0x00, 0x00, 0xaf,
    0xff, 0xff, 0xff, 0xff, 0xff, 0xff, 0xff, 0xff, 0xff, 0xff, 0xff, 0xfa, 0x00, 0x00, 0x00, 0x00,
    0xaf, 0xfd, 0xcc, 0xcc, 0xcc, 0xcc, 0xcc, 0xcc, 0xcc, 0xcc, 0xcc, 0xdf, 0xfa, 0x00, 0x00, 0x00,
    0x00, 0xaf, 0xf6, 0x00, 0x04, 0x9a, 0x00, 0x00, 0x00, 0x9a, 0x50, 0x00, 0x6f, 0xfa, 0x00, 0x00,
    0x00, 0x00, 0xaf, 0xf6, 0x00, 0x08, 0xff, 0x50, 0x00, 0x01, 0xff, 0xb0, 0x00, 0x6f, 0xfa, 0x00,
    0x00, 0x00, 0x00, 0xaf, 0xf6, 0x00, 0x01, 0xef, 0xd0, 0x00, 0x08, 0xff, 0x30, 0x00, 0x6f, 0xfa,
    0x00, 0x00, 0x00, 0x00, 0xaf, 0xf6, 0x00, 0x00, 0x9f, 0xf4, 0x00, 0x1e, 0xf9, 0x00, 0x00, 0x6f,
    0xfa, 0x00, 0x00, 0x00, 0x00, 0xaf, 0xf6, 0x02, 0x66, 0x8d, 0x86, 0x66, 0xaf, 0xf8, 0x66, 0x20,
    0x6f, 0xfa, 0x00, 0x00, 0x00, 0x00, 0xaf, 0xf6, 0x06, 0xff, 0xff, 0xff, 0xff, 0xff, 0xff, 0xff,
    0x60, 0x6f, 0xfa, 0x00, 0x00, 0x00, 0x00, 0xaf, 0xf6, 0x06, 0xff, 0xff, 0xff, 0xff, 0xff, 0xff,
    0xff, 0x60, 0x6f, 0xfa, 0x00, 0x00, 0x00, 0x00, 0xaf, 0xf6, 0x00, 0x00, 0x00, 0x08, 0xff, 0x50,
    0x00, 0x00, 0x00, 0x6f, 0xfa, 0x00, 0x00, 0x00, 0x00, 0xaf, 0xf6, 0x00, 0x00, 0x00, 0x08, 0xff,
    0x50, 0x00, 0x00, 0x00, 0x6f, 0xfa, 0x00, 0x00, 0x00, 0x00, 0xaf, 0xf6, 0x07, 0x77, 0x77, 0x7c,
    0xff, 0xa7, 0x77, 0x77, 0x70, 0x6f, 0xfa, 0x00, 0x00, 0x00, 0x00, 0xaf, 0xf6, 0x1f, 0xff, 0xff,
    0xff, 0xff, 0xff, 0xff, 0xff, 0xf1, 0x6f, 0xfa, 0x00, 0x00, 0x00, 0x00, 0xaf, 0xf6, 0x1f, 0xff,
    0xff, 0xff, 0xff, 0xff, 0xff, 0xff, 0xf1, 0x6f, 0xfa, 0x00, 0x00, 0x00, 0x00, 0xaf, 0xf6, 0x00,
    0x00, 0x00, 0x08, 0xff, 0x50, 0x00, 0x00, 0x00, 0x6f, 0xfa, 0x00, 0x00, 0x00, 0x00, 0xaf, 0xf6,
    0x00, 0x00, 0x00, 0x08, 0xff, 0x50, 0x00, 0x00, 0x00, 0x6f, 0xfa, 0x00, 0x00, 0x00, 0x00, 0xaf,
    0xf6, 0x00, 0x00, 0x00, 0x08, 0xff, 0x50, 0x00, 0x00, 0x00, 0x6f, 0xfa, 0x00, 0x00, 0x00, 0x00,
    0xaf, 0xf6, 0x00, 0x00, 0x00, 0x08, 0xff, 0x50, 0x03, 0x98, 0x89, 0xdf, 0xf9, 0x00, 0x00, 0x00,
    0x00, 0xaf, 0xf6, 0x00, 0x00, 0x00, 0x08, 0xff, 0x50, 0x01, 0xef, 0xff, 0xff, 0xf5, 0x00, 0x00,
    0x00, 0x00, 0x9f, 0xf6, 0x00, 0x00, 0x00, 0x07, 0xdd, 0x40, 0x00, 0x9f, 0xfe, 0xdb, 0x50, 0x00,
    0x00, 0x00, 0x00, 0x00, 0x00, 0x00, 0x00, 0x00, 0x00, 0x00, 0x00, 0x00, 0x00, 0x00, 0x00, 0x00,
    0x00, 0x00, 0x00, 0x00, 0x00, 0x00, 0x00, 0x00, 0x00, 0x00, 0x00, 0x00, 0x00, 0x00, 0x00, 0x00,
    0x00, 0x00, 0x00, 0x00, 0x00, 0x00, 0x44, 0x40, 0x00, 0x00, 0x00, 0x00, 0x00, 0x00, 0x00, 0x01,
    0x10, 0x00, 0x00, 0x00, 0x00, 0x00, 0x02, 0xff, 0xd0, 0x00, 0x00, 0x00, 0x00, 0x00, 0xdf, 0xe0,
    0x0b, 0xe8, 0x10, 0x00, 0x00, 0x00, 0x00, 0x02, 0xff, 0xd0, 0x00, 0x00, 0x00, 0x00, 0x00, 0xdf,
    0xe0, 0x2c, 0xff, 0xe7, 0x00, 0x00, 0x00, 0x00, 0x02, 0xff, 0xd0, 0x00, 0x00, 0x00, 0x00, 0x00,
    0xdf, 0xe0, 0x00, 0x6e, 0xfd, 0x10, 0x00, 0x00, 0x00, 0x02, 0xff, 0xd0, 0x03, 0xff, 0xff, 0xff,
    0xff, 0xff, 0xff, 0xff, 0xff, 0xff, 0xfb, 0x00, 0x00, 0x00, 0x02, 0xff, 0xd0, 0x03, 0xff, 0xff,
    0xff, 0xff, 0xff, 0xff, 0xff, 0xff, 0xff, 0xfb, 0x00, 0x00, 0x00, 0x02, 0xff, 0xd0, 0x01, 0x55,
    0x55, 0x55, 0x55, 0xdf, 0xe5, 0x55, 0x55, 0x55, 0x54, 0x00, 0x00, 0x00, 0x02, 0xff, 0xd0, 0x00,
    0x00, 0x00, 0x00, 0x00, 0xdf, 0xe0, 0x00, 0x00, 0x00, 0x00, 0x00, 0x00, 0x00, 0x02, 0xff, 0xd0,
    0x00, 0x07, 0xff, 0xff, 0xff, 0xff, 0xff, 0xff, 0xff, 0xff, 0x10, 0x00, 0x00, 0xab, 0xbc, 0xff,
    0xeb, 0xbb, 0x47, 0xff, 0xff, 0xff, 0xff, 0xff, 0xff, 0xff, 0xff, 0x10, 0x00, 0x00, 0xdf, 0xff,
    0xff, 0xff, 0xff, 0x57, 0xff, 0x32, 0x22, 0xdf, 0xe2, 0x22, 0x2a, 0xff, 0x10, 0x00, 0x00, 0xdf,
    0xff, 0xff, 0xff, 0xff, 0x57, 0xff, 0x10, 0x00, 0xdf, 0xe0, 0x00, 0x0a, 0xff, 0x10, 0x00, 0x00,
    0x00, 0x02, 0xff, 0xd0, 0x00, 0x07, 0xff, 0xff, 0xff, 0xff, 0xff, 0xff, 0xff, 0xff, 0x10, 0x00,
    0x00, 0x00, 0x02, 0xff, 0xd0, 0x00, 0x07, 0xff, 0xed, 0xdd, 0xff, 0xfd, 0xdd, 0xde, 0xff, 0x10,
    0x00, 0x00, 0x00, 0x02, 0xff, 0xd0, 0x00, 0x07, 0xff, 0x10, 0x00, 0xdf, 0xe0, 0x00, 0x0a, 0xff,
    0x10, 0x00, 0x00, 0x00, 0x02, 0xff, 0xd0, 0x00, 0x07, 0xff, 0xee, 0xee, 0xff, 0xfe, 0xee, 0xef,
    0xff, 0x10, 0x00, 0x00, 0x00, 0x02, 0xff, 0xd0, 0x00, 0x07, 0xff, 0xff, 0xff, 0xff, 0xff, 0xff,
    0xff, 0xff, 0x10, 0x00, 0x00, 0x00, 0x02, 0xff, 0xd0, 0x00, 0x07, 0xff, 0x10, 0x00, 0xdf, 0xe0,
    0x00, 0x0a, 0xff, 0x10, 0x00, 0x00, 0x00, 0x02, 0xff, 0xd0, 0x00, 0x07, 0xff, 0x10, 0x00, 0xdf,
    0xe0, 0x00, 0x0a, 0xff, 0x10, 0x00, 0x00, 0x00, 0x02, 0xff, 0xd0, 0x00, 0x06, 0xcc, 0x10, 0x00,
    0x9a, 0x90, 0xbf, 0xfa, 0xcc, 0x10, 0x00, 0x00, 0x00, 0x02, 0xff, 0xd0, 0x00, 0x00, 0x00, 0x00,
    0x00, 0x00, 0x00, 0xbf, 0xf2, 0x00, 0x00, 0x00, 0x00, 0x00, 0x02, 0xff, 0xd0, 0x0f, 0xff, 0xff,
    0xff, 0xff, 0xff, 0xff, 0xff, 0xff, 0xff, 0xfe, 0x00, 0x00, 0x00, 0x02, 0xff, 0xd0, 0x0f, 0xff,
    0xff, 0xff, 0xff, 0xff, 0xff, 0xff, 0xff, 0xff, 0xfe, 0x00, 0x00, 0x00, 0x02, 0xff, 0xd0, 0x08,
    0x88, 0x8a, 0xd8, 0x88, 0x88, 0x88, 0xdf, 0xf9, 0x88, 0x87, 0x00, 0x00, 0x00, 0x02, 0xff, 0xd0,
    0x00, 0x00, 0x4e, 0xf6, 0x00, 0x00, 0x00, 0xbf, 0xf2, 0x00, 0x00, 0x00, 0x00, 0x00, 0x02, 0xff,
    0xd0, 0x00, 0x00, 0x5f, 0xff, 0x60, 0x00, 0x00, 0xbf, 0xf2, 0x00, 0x00, 0x00, 0x00, 0x00, 0x02,
    0xff, 0xd0, 0x00, 0x00, 0x05, 0xff, 0xf5, 0x00, 0x00, 0xbf, 0xf2, 0x00, 0x00, 0x00, 0x00, 0x00,
    0x02, 0xff, 0xd0, 0x00, 0x00, 0x00, 0x6f, 0xfe, 0x20, 0x00, 0xbf, 0xf2, 0x00, 0x00, 0x00, 0x00,
    0x00, 0x02, 0xff, 0xd0, 0x00, 0x00, 0x00, 0x09, 0xf8, 0x00, 0x00, 0xcf, 0xf2, 0x00, 0x00, 0x00,
    0x00, 0x00, 0x02, 0xff, 0xd0, 0x00, 0x00, 0x00, 0x01, 0x50, 0x8f, 0xff, 0xff, 0xf1, 0x00, 0x00,
    0x00, 0x00, 0x00, 0x02, 0xff, 0xd0, 0x00, 0x00, 0x00, 0x00, 0x00, 0x3f, 0xff, 0xff, 0x90, 0x00,
    0x00, 0x00, 0x00, 0x00, 0x00, 0x55, 0x40, 0x00, 0x00, 0x00, 0x00, 0x00, 0x07, 0x76, 0x52, 0x00,
    0x00, 0x00, 0x00, 0x00, 0x00, 0x00, 0x00, 0x00, 0x00, 0x00, 0x00, 0x00, 0x00, 0x00, 0x00, 0x00,
    0x00, 0x00, 0x00, 0x00, 0x00, 0x00, 0x00, 0x00, 0x00, 0x00, 0x00, 0x00, 0x00, 0x00, 0x00, 0x00,
    0x00, 0x00, 0x00, 0x00, 0x00, 0x00, 0x1d, 0xdd, 0xdd, 0xdd, 0xdd, 0xde, 0xb4, 0x3d, 0xdd, 0xdd,
    0xdd, 0xdd, 0xdd, 0xec, 0x50, 0x00, 0x00, 0x1f, 0xff, 0xff, 0xff, 0xff, 0xff, 0xf7, 0x4f, 0xff,
    0xff, 0xff, 0xff, 0xff, 0xff, 0x70, 0x00, 0x00, 0x1f, 0xff, 0xff, 0xff, 0xff, 0xff, 0xf5, 0x4f,
    0xff, 0xff, 0xff, 0xff, 0xff, 0xff, 0x50, 0x00, 0x00, 0x00, 0x00, 0x00, 0x00, 0x00, 0xcf, 0xf3,
    0x0a, 0xff, 0x30, 0x00, 0x00, 0x0c, 0xff, 0x30, 0x00, 0x00, 0x00, 0x00, 0x00, 0x00, 0x00, 0xef,
    0xf1, 0x08, 0xff, 0x60, 0x00, 0x00, 0x0f, 0xff, 0x10, 0x00, 0x00, 0x00, 0x00, 0x00, 0x00, 0x02,
    0xff, 0xe0, 0x05, 0xff, 0x90, 0x00, 0x00, 0x3f, 0xfd, 0x00, 0x00, 0x00, 0x00, 0x59, 0x00, 0x00,
    0x04, 0xff, 0xb0, 0x03, 0xff, 0xc0, 0x00, 0x00, 0x5f, 0xfa, 0x00, 0x00, 0x00, 0x08, 0xff, 0x60,
    0x00, 0x07, 0xff, 0x90, 0x00, 0xff, 0xf0, 0x00, 0x00, 0x9f, 0xf7, 0x00, 0x00, 0x00, 0x08, 0xff,
    0xf4, 0x00, 0x0a, 0xff, 0x60, 0x00, 0xcf, 0xf3, 0x00, 0x00, 0xdf, 0xf3, 0x00, 0x00, 0x00, 0x00,
    0xbf, 0xfe, 0x20, 0x0e, 0xff, 0x30, 0x00, 0x8f, 0xf6, 0x00, 0x02, 0xff, 0xe0, 0x00, 0x00, 0x00,
    0x00, 0x1d, 0xff, 0xc0, 0x3f, 0xfe, 0x00, 0x00, 0x5f, 0xfa, 0x00, 0x07, 0xff, 0xb0, 0x00, 0x00,
    0x00, 0x00, 0x03, 0xff, 0xf9, 0x7f, 0xfa, 0x00, 0x00, 0x1f, 0xff, 0x10, 0x0d, 0xff, 0x60, 0x00,
    0x00, 0x00, 0x00, 0x00, 0x7f, 0xff, 0xef, 0xf6, 0x00, 0x00, 0x0c, 0xff, 0x50, 0x3f, 0xff, 0x10,
    0x00, 0x00, 0x00, 0x00, 0x00, 0x0b, 0xff, 0xff, 0xf2, 0x00, 0x00, 0x07, 0xff, 0xa0, 0x9f, 0xfa,
    0x00, 0x00, 0x00, 0x00, 0x00, 0x00, 0x02, 0xef, 0xff, 0xc0, 0x00, 0x00, 0x03, 0xff, 0xf2, 0xff,
    0xf5, 0x00, 0x00, 0x00, 0x00, 0x00, 0x00, 0x00, 0x5f, 0xff, 0x90, 0x00, 0x00, 0x00, 0xdf, 0xfd,
    0xff, 0xd0, 0x00, 0x00, 0x00, 0x00, 0x00, 0x00, 0x00, 0x4f, 0xff, 0xf2, 0x00, 0x00, 0x00, 0x7f,
    0xff, 0xff, 0x60, 0x00, 0x00, 0x00, 0x00, 0x00, 0x00, 0x00, 0xcf, 0xff, 0xfb, 0x00, 0x00, 0x00,
    0x1f, 0xff, 0xfd, 0x00, 0x00, 0x00, 0x00, 0x00, 0x00, 0x00, 0x04, 0xff, 0xff, 0xff, 0x60, 0x00,
    0x00, 0x0a, 0xff, 0xf6, 0x00, 0x00, 0x00, 0x00, 0x00, 0x00, 0x00, 0x0c, 0xff, 0xbb, 0xff, 0xe1,
    0x00, 0x00, 0x2e, 0xff, 0xf7, 0x00, 0x00, 0x00, 0x00, 0x00, 0x00, 0x00, 0x6f, 0xff, 0x33, 0xff,
    0xf8, 0x00, 0x01, 0xdf, 0xff, 0xff, 0x40, 0x00, 0x00, 0x00, 0x00, 0x00, 0x02, 0xef, 0xfa, 0x00,
    0x9f, 0xfe, 0x10, 0x1b, 0xff, 0xff, 0xff, 0xe1, 0x00, 0x00, 0x00, 0x00, 0x00, 0x1c, 0xff, 0xe2,
    0x00, 0x2f, 0xe4, 0x01, 0xbf, 0xff, 0x95, 0xff, 0xfb, 0x00, 0x00, 0x00, 0x00, 0x00, 0xaf, 0xff,
    0x60, 0x00, 0x07, 0x30, 0x2d, 0xff, 0xf9, 0x00, 0x8f, 0xff, 0xb1, 0x00, 0x00, 0x00, 0x0a, 0xff,
    0xfa, 0x00, 0x00, 0x00, 0x06, 0xef, 0xff, 0xa0, 0x00, 0x0b, 0xff, 0xfc, 0x20, 0x00, 0x00, 0xbf,
    0xff, 0xc1, 0x00, 0x00, 0x01, 0xcf, 0xff, 0xfa, 0x00, 0x00, 0x01, 0xdf, 0xff, 0xf6, 0x00, 0x00,
    0x6f, 0xfd, 0x20, 0x00, 0x00, 0x00, 0x6f, 0xfe, 0x50, 0x00, 0x00, 0x00, 0x1a, 0xff, 0xd2, 0x00,
    0x00, 0x08, 0xd2, 0x00, 0x00, 0x00, 0x00, 0x0b, 0xb2, 0x00, 0x00, 0x00, 0x00, 0x00, 0x7f, 0x40,
    0x00, 0x00, 0x00, 0x10, 0x00, 0x00, 0x00, 0x00, 0x01, 0x00, 0x00, 0x00, 0x00, 0x00, 0x00, 0x02,
    0x00, 0x00, 0x00, 0x00, 0x00, 0x00, 0x00, 0x00, 0x00, 0x00, 0x00, 0x00, 0x00, 0x00, 0x00, 0x00,
    0x00, 0x00, 0x00, 0x00, 0x00, 0x00, 0x00, 0x00, 0x00, 0x00, 0x00, 0x00, 0x00, 0x00, 0x00, 0x00,
    0x00, 0x00, 0x00, 0x00, 0x00, 0x5b, 0xbb, 0xbb, 0xbb, 0xbb, 0xbb, 0xbb, 0xb1, 0x00, 0x00, 0x00,
    0x00, 0x00, 0x00, 0x00, 0x00, 0x00, 0x7f, 0xff, 0xff, 0xff, 0xff, 0xff, 0xff, 0xf1, 0x00, 0x00,
    0x00, 0x00, 0x00, 0x00, 0x00, 0x00, 0x00, 0x7f, 0xff, 0xff, 0xff, 0xff, 0xff, 0xff, 0xf8, 0x99,
    0x99, 0x99, 0x99, 0x99, 0xaa, 0x70, 0x00, 0x00, 0x00, 0x8f, 0xf5, 0x00, 0x00, 0xff, 0xe0, 0x0b,
    0xff, 0xff, 0xff, 0xff, 0xff, 0xff, 0xc0, 0x00, 0x00, 0x00, 0x8f, 0xf5, 0x00, 0x00, 0xff, 0xe0,
    0x0b, 0xff, 0xff, 0xff, 0xff, 0xff, 0xff, 0xa0, 0x00, 0x00, 0x00, 0x8f, 0xf5, 0x00, 0x00, 0xff,
    0xe0, 0x00, 0x5f, 0xf6, 0x00, 0x00, 0x04, 0xff, 0x80, 0x00, 0x00, 0x00, 0x8f, 0xf5, 0x00, 0x00,
    0xff, 0xe0, 0x00, 0x2f, 0xf9, 0x00, 0x00, 0x08, 0xff, 0x60, 0x00, 0x00, 0x00, 0x8f, 0xff, 0xff,
    0xff, 0xff, 0xe0, 0x00, 0x0e, 0xfc, 0x00, 0x00, 0x0b, 0xff, 0x30, 0x00, 0x00, 0x00, 0x8f, 0xff,
    0xff, 0xff, 0xff, 0xe0, 0x00, 0x0c, 0xff, 0x10, 0x00, 0x0e, 0xff, 0x00, 0x00, 0x00, 0x00, 0x8f,
    0xfb, 0x99, 0x9a, 0xff, 0xe0, 0x00, 0x09, 0xff, 0x30, 0x00, 0x3f, 0xfc, 0x00, 0x00, 0x00, 0x00,
    0x8f, 0xf5, 0x00, 0x00, 0xff, 0xe0, 0x00, 0x05, 0xff, 0x60, 0x00, 0x6f, 0xf8, 0x00, 0x00, 0x00,
    0x00, 0x8f, 0xf5, 0x00, 0x00, 0xff, 0xe0, 0x00, 0x01, 0xff, 0xa0, 0x00, 0xaf, 0xf5, 0x00, 0x00,
    0x00, 0x00, 0x8f, 0xf5, 0x00, 0x00, 0xff, 0xe0, 0x00, 0x00, 0xdf, 0xe1, 0x01, 0xef, 0xf1, 0x00,
    0x00, 0x00, 0x00, 0x8f, 0xf5, 0x00, 0x00, 0xff, 0xe0, 0x00, 0x00, 0x9f, 0xf5, 0x06, 0xff, 0xb0,
    0x00, 0x00, 0x00, 0x00, 0x8f, 0xff, 0xff, 0xff, 0xff, 0xe0, 0x00, 0x00, 0x4f, 0xfa, 0x0b, 0xff,
    0x60, 0x00, 0x00, 0x00, 0x00, 0x8f, 0xff, 0xff, 0xff, 0xff, 0xe0, 0x00, 0x00, 0x0e, 0xfe, 0x2f,
    0xff, 0x10, 0x00, 0x00, 0x00, 0x00, 0x8f, 0xfb, 0x99, 0x99, 0xff, 0xe0, 0x00, 0x00, 0x0a, 0xff,
    0xcf, 0xfb, 0x00, 0x00, 0x00, 0x00, 0x00, 0x8f, 0xf5, 0x00, 0x00, 0xff, 0xe0, 0x00, 0x00, 0x04,
    0xff, 0xff, 0xf4, 0x00, 0x00, 0x00, 0x00, 0x00, 0x8f, 0xf5, 0x00, 0x00, 0xff, 0xe0, 0x00, 0x00,
    0x00, 0xdf, 0xff, 0xc0, 0x00, 0x00, 0x00, 0x00, 0x00, 0x8f, 0xf5, 0x00, 0x00, 0xff, 0xe2, 0x43,
    0x00, 0x00, 0x7f, 0xff, 0x60, 0x00, 0x00, 0x00, 0x00, 0x00, 0x8f, 0xf5, 0x02, 0x46, 0xff, 0xff,
    0xf9, 0x00, 0x00, 0x9f, 0xff, 0x50, 0x00, 0x00, 0x00, 0x00, 0x24, 0xaf, 0xfe, 0xef, 0xff, 0xff,
    0xff, 0xfa, 0x00, 0x04, 0xff, 0xff, 0xe2, 0x00, 0x00, 0x00, 0x00, 0xbf, 0xff, 0xff, 0xff, 0xff,
    0xff, 0xf9, 0x63, 0x00, 0x1d, 0xff, 0xff, 0xfb, 0x00, 0x00, 0x00, 0x00, 0x8f, 0xff, 0xff, 0xeb,
    0x86, 0xff, 0xe0, 0x00, 0x00, 0xcf, 0xfd, 0x6f, 0xff, 0x70, 0x00, 0x00, 0x00, 0x5c, 0xa7, 0x41,
    0x00, 0x00, 0xff, 0xe0, 0x00, 0x0a, 0xff, 0xe3, 0x08, 0xff, 0xf8, 0x00, 0x00, 0x00, 0x00, 0x00,
    0x00, 0x00, 0x00, 0xff, 0xe0, 0x01, 0xbf, 0xff, 0x50, 0x00, 0xbf, 0xff, 0xa1, 0x00, 0x00, 0x00,
    0x00, 0x00, 0x00, 0x00, 0xff, 0xe0, 0x3d, 0xff, 0xf7, 0x00, 0x00, 0x2d, 0xff, 0xfc, 0x00, 0x00,
    0x00, 0x00, 0x00, 0x00, 0x00, 0xff, 0xe0, 0x4e, 0xff, 0x60, 0x00, 0x00, 0x01, 0xbf, 0xf4, 0x00,
    0x00, 0x00, 0x00, 0x00, 0x00, 0x00, 0xff, 0xe0, 0x05, 0xe4, 0x00, 0x00, 0x00, 0x00, 0x0a, 0x70,
    0x00, 0x00, 0x00, 0x00, 0x00, 0x00, 0x00, 0x44, 0x30, 0x00, 0x20, 0x00, 0x00, 0x00, 0x00, 0x00,
    0x00, 0x00, 0x00, 0x00, 0x00, 0x00, 0x00, 0x00, 0x00, 0x00, 0x00, 0x00, 0x00, 0x00, 0x00, 0x00,
    0x00, 0x00, 0x00, 0x00, 0x00, 0x00, 0x00, 0x00, 0x00, 0x00, 0x00, 0x00, 0x00, 0x00, 0x00, 0x00,
    0x00, 0x00, 0x00, 0x00, 0x00, 0x00, 0x00, 0x00, 0x00, 0x00, 0x01, 0x20, 0x00, 0x00, 0x00, 0x00,
    0x00, 0x00, 0x00, 0x00, 0x00, 0x00, 0x00, 0x00, 0x00, 0x00, 0x00, 0x06, 0xfe, 0x90, 0x00, 0x00,
    0x00, 0x00, 0x00, 0x00, 0x00, 0x00, 0x00, 0x00, 0x00, 0x00, 0x00, 0x00, 0x0a, 0xff, 0x90, 0x00,
    0x00, 0x00, 0x00, 0x00, 0x00, 0x00, 0x00, 0x00, 0x00, 0x00, 0x00, 0x00, 0x00, 0x0e, 0xff, 0x60,
    0x00, 0x00, 0x00, 0x00, 0x00, 0x00, 0x00, 0x00, 0x00, 0x00, 0x00, 0x00, 0x00, 0x00, 0x2f, 0xff,
    0x20, 0x00, 0x00, 0x00, 0x00, 0x00, 0x00, 0x00, 0x00, 0x00, 0x00, 0x00, 0x00, 0x00, 0x00, 0x6f,
    0xfd, 0x00, 0x00, 0x00, 0x00, 0x00, 0x00, 0x00, 0x00, 0x00, 0x00, 0x00, 0x00, 0x00, 0x00, 0x00,
    0x9f, 0xf9, 0x00, 0x00, 0x00, 0x00, 0x00, 0x00, 0x00, 0x00, 0x00, 0x00, 0x1f, 0xff, 0xff, 0xff,
    0xff, 0xff, 0xff, 0xff, 0xff, 0xff, 0xff, 0xff, 0xff, 0xff, 0xf2, 0x00, 0x00, 0x1f, 0xff, 0xff,
    0xff, 0xff, 0xff, 0xff, 0xff, 0xff, 0xff, 0xff, 0xff, 0xff, 0xff, 0xf2, 0x00, 0x00, 0x1e, 0xee,
    0xee, 0xee, 0xef, 0xff, 0xfe, 0xee, 0xee, 0xee, 0xee, 0xee, 0xee, 0xee, 0xe2, 0x00, 0x00, 0x00,
    0x00, 0x00, 0x00, 0x1e, 0xff, 0x30, 0x00, 0x00, 0x00, 0x00, 0x00, 0x00, 0x00, 0x00, 0x00, 0x00,
    0x00, 0x00, 0x00, 0x00, 0x7f, 0xfc, 0x00, 0x00, 0x00, 0x00, 0x00, 0x00, 0x00, 0x00, 0x00, 0x00,
    0x00, 0x00, 0x00, 0x00, 0x00, 0xef, 0xf5, 0x00, 0x00, 0x00, 0x00, 0x00, 0x00, 0x00, 0x00, 0x00,
    0x00, 0x00, 0x00, 0x00, 0x00, 0x06, 0xff, 0xd0, 0x00, 0x00, 0x00, 0x00, 0x00, 0x00, 0x00, 0x00,
    0x00, 0x00, 0x00, 0x00, 0x00, 0x00, 0x1e, 0xff, 0x70, 0x00, 0x00, 0x00, 0x00, 0x00, 0x00, 0x00,
    0x00, 0x00, 0x00, 0x00, 0x00, 0x00, 0x00, 0x9f, 0xfe, 0x10, 0x00, 0x00, 0x00, 0x00, 0x00, 0x00,
    0x00, 0x00, 0x00, 0x00, 0x00, 0x00, 0x00, 0x03, 0xff, 0xff, 0xff, 0xff, 0xff, 0xff, 0xff, 0xff,
    0xff, 0xff, 0xd0, 0x00, 0x00, 0x00, 0x00, 0x00, 0x1d, 0xff, 0xff, 0xff, 0xff, 0xff, 0xff, 0xff,
    0xff, 0xff, 0xff, 0xd0, 0x00, 0x00, 0x00, 0x00, 0x00, 0xcf, 0xff, 0xff, 0xee, 0xee, 0xee, 0xee,
    0xee, 0xee, 0xee, 0xff, 0xd0, 0x00, 0x00, 0x00, 0x00, 0x0a, 0xff, 0xfe, 0xff, 0x70, 0x00, 0x00,
    0x00, 0x00, 0x00, 0x05, 0xff, 0xd0, 0x00, 0x00, 0x00, 0x01, 0xaf, 0xff, 0x89, 0xff, 0x70, 0x00,
    0x00, 0x00, 0x00, 0x00, 0x05, 0xff, 0xd0, 0x00, 0x00, 0x00, 0x2d, 0xff, 0xf9, 0x09, 0xff, 0x70,
    0x00, 0x00, 0x00, 0x00, 0x00, 0x05, 0xff, 0xd0, 0x00, 0x00, 0x00, 0xdf, 0xff, 0x90, 0x09, 0xff,
    0x70, 0x00, 0x00, 0x00, 0x00, 0x00, 0x05, 0xff, 0xd0, 0x00, 0x00, 0x00, 0x2e, 0xf6, 0x00, 0x09,
    0xff, 0x70, 0x00, 0x00, 0x00, 0x00, 0x00, 0x05, 0xff, 0xd0, 0x00, 0x00, 0x00, 0x04, 0x30, 0x00,
    0x09, 0xff, 0x70, 0x00, 0x00, 0x00, 0x00, 0x00, 0x05, 0xff, 0xd0, 0x00, 0x00, 0x00, 0x00, 0x00,
    0x00, 0x09, 0xff, 0x70, 0x00, 0x00, 0x00, 0x00, 0x00, 0x05, 0xff, 0xd0, 0x00, 0x00, 0x00, 0x00,
    0x00, 0x00, 0x09, 0xff, 0xee, 0xee, 0xee, 0xee, 0xee, 0xee, 0xee, 0xff, 0xd0, 0x00, 0x00, 0x00,
    0x00, 0x00, 0x00, 0x09, 0xff, 0xff, 0xff, 0xff, 0xff, 0xff, 0xff, 0xff, 0xff, 0xd0, 0x00, 0x00,
    0x00, 0x00, 0x00, 0x00, 0x09, 0xff, 0xff, 0xff, 0xff, 0xff, 0xff, 0xff, 0xff, 0xff, 0xd0, 0x00,
    0x00, 0x00, 0x00, 0x00, 0x00, 0x09, 0xff, 0x70, 0x00, 0x00, 0x00, 0x00, 0x00, 0x05, 0xff, 0xd0,
    0x00, 0x00, 0x00, 0x00, 0x00, 0x00, 0x09, 0xff, 0x70, 0x00, 0x00, 0x00, 0x00, 0x00, 0x05, 0xff,
    0xd0, 0x00, 0x00, 0x00, 0x00, 0x00, 0x00, 0x01, 0x22, 0x10, 0x00, 0x00, 0x00, 0x00, 0x00, 0x00,
    0x00, 0x00, 0x00, 0x00, 0x00, 0x00, 0x00, 0x00, 0x00, 0x00, 0x00, 0x00, 0x00, 0x00, 0x00, 0x00,
    0x00, 0x00, 0x00, 0x00, 0x00, 0x00, 0x00, 0x00, 0x00, 0x00, 0x00, 0x00, 0x00, 0x00, 0x00, 0x00,
    0x00, 0x00, 0x00, 0x00, 0x00, 0x00, 0x00, 0x00, 0x00, 0x00, 0x00, 0x00, 0x00, 0x00, 0x00, 0x00,
    0x00, 0x00, 0x00, 0x00, 0x00, 0x00, 0x00, 0x00, 0x00, 0x00, 0x00, 0x00, 0x00, 0x00, 0x00, 0x00,
    0x00, 0x01, 0x36, 0x9c, 0xfa, 0x00, 0x00, 0x00, 0x00, 0x00, 0x00, 0x00, 0x00, 0x00, 0x12, 0x45,
    0x68, 0xac, 0xef, 0xff, 0xff, 0xff, 0xb0, 0x00, 0x00, 0x00, 0x00, 0x03, 0x8a, 0xbc, 0xef, 0xff,
    0xff, 0xff, 0xff, 0xff, 0xff, 0xff, 0xec, 0x83, 0x00, 0x00, 0x00, 0x00, 0x06, 0xff, 0xff, 0xff,
    0xff, 0xff, 0xff, 0xff, 0xec, 0xa7, 0x52, 0x00, 0x00, 0x00, 0x00, 0x00, 0x00, 0x06, 0xff, 0xfe,
    0xdb, 0xa9, 0x76, 0x53, 0x21, 0x00, 0x00, 0x00, 0x00, 0x00, 0x00, 0x00, 0x00, 0x00, 0x06, 0xff,
    0xb0, 0x00, 0x00, 0x00, 0x00, 0x00, 0x00, 0x00, 0x00, 0x00, 0x00, 0x00, 0x00, 0x00, 0x00, 0x06,
    0xff, 0xb0, 0x00, 0x00, 0x00, 0x00, 0x00, 0x00, 0x00, 0x00, 0x00, 0x00, 0x00, 0x00, 0x00, 0x00,
    0x06, 0xff, 0xb0, 0x00, 0x00, 0x00, 0x00, 0x00, 0x00, 0x00, 0x00, 0x00, 0x00, 0x00, 0x00, 0x00,
    0x00, 0x06, 0xff, 0xb0, 0x00, 0x00, 0x00, 0x00, 0x00, 0x00, 0x00, 0x00, 0x00, 0x00, 0x00, 0x00,
    0x00, 0x00, 0x06, 0xff, 0xff, 0xff, 0xff, 0xff, 0xff, 0xff, 0xff, 0xff, 0xff, 0xff, 0xff, 0xfb,
    0x00, 0x00, 0x00, 0x06, 0xff, 0xff, 0xff, 0xff, 0xff, 0xff, 0xff, 0xff, 0xff, 0xff, 0xff, 0xff,
    0xfb, 0x00, 0x00, 0x00, 0x06, 0xff, 0xfe, 0xee, 0xee, 0xee, 0xee, 0xee, 0xee, 0xee, 0xee, 0xee,
    0xee, 0xea, 0x00, 0x00, 0x00, 0x06, 0xff, 0xb0, 0x00, 0x00, 0x00, 0x00, 0x00, 0x00, 0x00, 0x00,
    0x00, 0x00, 0x00, 0x00, 0x00, 0x00, 0x06, 0xff, 0xa0, 0x00, 0x00, 0x00, 0x00, 0x00, 0x00, 0x00,
    0x00, 0x00, 0x00, 0x00, 0x00, 0x00, 0x00, 0x07, 0xff, 0xa0, 0x00, 0x00, 0x00, 0x00, 0x00, 0x00,
    0x00, 0x00, 0x00, 0x00, 0x00, 0x00, 0x00, 0x00, 0x07, 0xff, 0x90, 0x00, 0x00, 0x00, 0x00, 0x00,
    0x00, 0x00, 0x00, 0x00, 0x00, 0x00, 0x00, 0x00, 0x00, 0x09, 0xff, 0x80, 0x0c, 0xcc, 0xcc, 0xcc,
    0xcc, 0xcc, 0xcc, 0xcc, 0xcc, 0xc6, 0x00, 0x00, 0x00, 0x00, 0x0a, 0xff, 0x70, 0x0e, 0xff, 0xff,
    0xff, 0xff, 0xff, 0xff, 0xff, 0xff, 0xf7, 0x00, 0x00, 0x00, 0x00, 0x0c, 0xff, 0x50, 0x0e, 0xff,
    0xff, 0xff, 0xff, 0xff, 0xff, 0xff, 0xff, 0xf7, 0x00, 0x00, 0x00, 0x00, 0x0e, 0xff, 0x30, 0x0e,
    0xff, 0x10, 0x00, 0x00, 0x00, 0x00, 0x00, 0xbf, 0xf7, 0x00, 0x00, 0x00, 0x00, 0x1f, 0xff, 0x10,
    0x0e, 0xff, 0x10, 0x00, 0x00, 0x00, 0x00, 0x00, 0xbf, 0xf7, 0x00, 0x00, 0x00, 0x00, 0x5f, 0xfe,
    0x00, 0x0e, 0xff, 0x10, 0x00, 0x00, 0x00, 0x00, 0x00, 0xbf, 0xf7, 0x00, 0x00, 0x00, 0x00, 0x9f,
    0xfa, 0x00, 0x0e, 0xff, 0x10, 0x00, 0x00, 0x00, 0x00, 0x00, 0xbf, 0xf7, 0x00, 0x00, 0x00, 0x00,
    0xdf, 0xf5, 0x00, 0x0e, 0xff, 0x10, 0x00, 0x00, 0x00, 0x00, 0x00, 0xbf, 0xf7, 0x00, 0x00, 0x00,
    0x02, 0xff, 0xf1, 0x00, 0x0e, 0xff, 0x10, 0x00, 0x00, 0x00, 0x00, 0x00, 0xbf, 0xf7, 0x00, 0x00,
    0x00, 0x09, 0xff, 0xc0, 0x00, 0x0e, 0xff, 0x10, 0x00, 0x00, 0x00, 0x00, 0x00, 0xbf, 0xf7, 0x00,
    0x00, 0x00, 0x1e, 0xff, 0x70, 0x00, 0x0e, 0xff, 0xff, 0xff, 0xff, 0xff, 0xff, 0xff, 0xff, 0xf7,
    0x00, 0x00, 0x00, 0x9f, 0xff, 0x10, 0x00, 0x0e, 0xff, 0xff, 0xff, 0xff, 0xff, 0xff, 0xff, 0xff,
    0xf7, 0x00, 0x00, 0x00, 0xcf, 0xf9, 0x00, 0x00, 0x0e, 0xff, 0xdd, 0xdd, 0xdd, 0xdd, 0xdd, 0xdd,
    0xef, 0xf7, 0x00, 0x00, 0x00, 0x09, 0xe1, 0x00, 0x00, 0x0e, 0xff, 0x10, 0x00, 0x00, 0x00, 0x00,
    0x00, 0xbf, 0xf7, 0x00, 0x00, 0x00, 0x00, 0x20, 0x00, 0x00, 0x05, 0x66, 0x00, 0x00, 0x00, 0x00,
    0x00, 0x00, 0x35, 0x52, 0x00, 0x00, 0x00, 0x00, 0x00, 0x00, 0x00, 0x00, 0x00, 0x00, 0x00, 0x00,
    0x00, 0x00, 0x00, 0x00, 0x00, 0x00, 0x00, 0x00, 0x00, 0x00, 0x00, 0x00, 0x00, 0x00, 0x00, 0x00,
    0x00, 0x00, 0x00, 0x00, 0x00, 0x00, 0x00, 0x00, 0x00, 0x00, 0x00, 0x00, 0x00, 0x00, 0x00, 0x24,
    0x20, 0x00, 0x00, 0x00, 0x00, 0x00, 0x00, 0x00, 0x00, 0x00, 0x00, 0x00, 0x00, 0x00, 0x00, 0x00,
    0x9f, 0xfe, 0x40, 0x00, 0x00, 0x00, 0x00, 0x00, 0x00, 0x00, 0x00, 0x00, 0x00, 0x00, 0x00, 0x00,
    0x00, 0xdf, 0xfd, 0x00, 0x00, 0x00, 0x00, 0x00, 0x00, 0x00, 0x00, 0x00, 0x00, 0x00, 0x00, 0x00,
    0x00, 0x03, 0xff, 0xf6, 0x00, 0x00, 0x00, 0x00, 0x00, 0x00, 0x00, 0x00, 0x00, 0x00, 0x00, 0x00,
    0x00, 0x00, 0x09, 0xff, 0xd0, 0x00, 0x00, 0x00, 0x00, 0x00, 0x00, 0x00, 0x00, 0x00, 0x00, 0x00,
    0x00, 0x00, 0x00, 0x1e, 0xff, 0x70, 0x00, 0x00, 0x00, 0x00, 0x00, 0x00, 0x00, 0x00, 0x00, 0x00,
    0xff, 0xff, 0xff, 0xff, 0xff, 0xff, 0xff, 0xff, 0xff, 0xff, 0xff, 0xff, 0xff, 0x20, 0x00, 0x00,
    0x00, 0xff, 0xff, 0xff, 0xff, 0xff, 0xff, 0xff, 0xff, 0xff, 0xff, 0xff, 0xff, 0xff, 0x20, 0x00,
    0x00, 0x00, 0xff, 0xff, 0xff, 0xff, 0xff, 0xff, 0xff, 0xff, 0xff, 0xff, 0xff, 0xff, 0xff, 0x20,
    0x00, 0x00, 0x00, 0xff, 0xf0, 0x00, 0x00, 0x00, 0x00, 0x00, 0x00, 0x00, 0x00, 0x00, 0x0d, 0xff,
    0x20, 0x00, 0x00, 0x00, 0xff, 0xf0, 0x00, 0x00, 0x00, 0x00, 0x00, 0x00, 0x00, 0x00, 0x00, 0x0d,
    0xff, 0x20, 0x00, 0x00, 0x00, 0xff, 0xf0, 0x00, 0x00, 0x00, 0x00, 0x00, 0x00, 0x00, 0x00, 0x00,
    0x0d, 0xff, 0x20, 0x00, 0x00, 0x00, 0xff, 0xf0, 0x00, 0x00, 0x00, 0x00, 0x00, 0x00, 0x00, 0x00,
    0x00, 0x0d, 0xff, 0x20, 0x00, 0x00, 0x00, 0xff, 0xf0, 0x00, 0x3a, 0xaa, 0xaa, 0xaa, 0xaa, 0xaa,
    0xa3, 0x00, 0x0d, 0xff, 0x20, 0x00, 0x00, 0x00, 0xff, 0xf0, 0x00, 0x4f, 0xff, 0xff, 0xff, 0xff,
    0xff, 0xf4, 0x00, 0x0d, 0xff, 0x20, 0x00, 0x00, 0x00, 0xff, 0xf0, 0x00, 0x4f, 0xff, 0xff, 0xff,
    0xff, 0xff, 0xf4, 0x00, 0x0d, 0xff, 0x20, 0x00, 0x00, 0x00, 0xff, 0xf0, 0x00, 0x4f, 0xf7, 0x00,
    0x00, 0x00, 0x8f, 0xf4, 0x00, 0x0d, 0xff, 0x20, 0x00, 0x00, 0x00, 0xff, 0xf0, 0x00, 0x4f, 0xf7,
    0x00, 0x00, 0x00, 0x8f, 0xf4, 0x00, 0x0d, 0xff, 0x20, 0x00, 0x00, 0x00, 0xff, 0xf0, 0x00, 0x4f,
    0xf7, 0x00, 0x00, 0x00, 0x8f, 0xf4, 0x00, 0x0d, 0xff, 0x20, 0x00, 0x00, 0x00, 0xff, 0xf0, 0x00,
    0x4f, 0xf7, 0x00, 0x00, 0x00, 0x8f, 0xf4, 0x00, 0x0d, 0xff, 0x20, 0x00, 0x00, 0x00, 0xff, 0xf0,
    0x00, 0x4f, 0xf7, 0x00, 0x00, 0x00, 0x8f, 0xf4, 0x00, 0x0d, 0xff, 0x20, 0x00, 0x00, 0x00, 0xff,
    0xf0, 0x00, 0x4f, 0xfc, 0xaa, 0xaa, 0xaa, 0xcf, 0xf4, 0x00, 0x0d, 0xff, 0x20, 0x00, 0x00, 0x00,
    0xff, 0xf0, 0x00, 0x4f, 0xff, 0xff, 0xff, 0xff, 0xff, 0xf4, 0x00, 0x0d, 0xff, 0x20, 0x00, 0x00,
    0x00, 0xff, 0xf0, 0x00, 0x4f, 0xff, 0xff, 0xff, 0xff, 0xff, 0xf4, 0x00, 0x0d, 0xff, 0x20, 0x00,
    0x00, 0x00, 0xff, 0xf0, 0x00, 0x4f, 0xf7, 0x00, 0x00, 0x00, 0x00, 0x00, 0x00, 0x0d, 0xff, 0x20,
    0x00, 0x00, 0x00, 0xff, 0xf0, 0x00, 0x4f, 0xf7, 0x00, 0x00, 0x00, 0x00, 0x00, 0x00, 0x0d, 0xff,
    0x20, 0x00, 0x00, 0x00, 0xff, 0xf0, 0x00, 0x27, 0x73, 0x00, 0x00, 0x00, 0x00, 0x00, 0x00, 0x0d,
    0xff, 0x20, 0x00, 0x00, 0x00, 0xff, 0xf0, 0x00, 0x00, 0x00, 0x00, 0x00, 0x00, 0x00, 0x00, 0x00,
    0x1e, 0xff, 0x20, 0x00, 0x00, 0x00, 0xff, 0xf0, 0x00, 0x00, 0x00, 0x00, 0x00, 0x00, 0x07, 0xff,
    0xff, 0xff, 0xff, 0x10, 0x00, 0x00, 0x00, 0xff, 0xf0, 0x00, 0x00, 0x00, 0x00, 0x00, 0x00, 0x01,
    0xff, 0xff, 0xff, 0xfa, 0x00, 0x00, 0x00, 0x00, 0xff, 0xf0, 0x00, 0x00, 0x00, 0x00, 0x00, 0x00,
    0x00, 0xcf, 0xff, 0xec, 0x71, 0x00, 0x00, 0x00, 0x00, 0x00, 0x00, 0x00, 0x00, 0x00, 0x00, 0x00,
    0x00, 0x00, 0x01, 0x00, 0x00, 0x00, 0x00, 0x00, 0x00, 0x00, 0x00, 0x00, 0x00, 0x00, 0x00, 0x00,
    0x00, 0x00, 0x00, 0x00, 0x00, 0x00, 0x00, 0x00, 0x00, 0x00, 0x00, 0x00, 0x00, 0x00, 0x00, 0x00,
    0x00, 0x00, 0x00, 0x00, 0x00, 0x00, 0x00, 0x00, 0x00, 0x00, 0x00, 0x00, 0x00, 0x00, 0x00, 0x00,
    0x00, 0x00, 0x13, 0x00, 0x00, 0x00, 0x00, 0x00, 0x00, 0x00, 0x00, 0x00, 0x00, 0x00, 0x00, 0x00,
    0x00, 0x00, 0x2c, 0xff, 0x20, 0x00, 0x00, 0x00, 0x00, 0x00, 0x00, 0x00, 0x00, 0x00, 0x00, 0x00,
    0x00, 0x00, 0x00, 0x0c, 0xff, 0x90, 0x00, 0x00, 0x00, 0x00, 0x00, 0x00, 0x00, 0x00, 0x00, 0x00,
    0x00, 0x00, 0x00, 0x00, 0x06, 0xff, 0xf1, 0x00, 0x00, 0x00, 0x00, 0x00, 0x00, 0x00, 0x00, 0x00,
    0x00, 0x00, 0x00, 0x00, 0x00, 0x00, 0xdf, 0xf7, 0x00, 0x00, 0x00, 0x00, 0x00, 0x00, 0x00, 0x00,
    0x00, 0x02, 0xcc, 0xcc, 0xcc, 0xcc, 0xcc, 0xef, 0xfd, 0xcc, 0xcc, 0xcc, 0xcc, 0xc1, 0x00, 0x00,
    0x00, 0x00, 0x03, 0xff, 0xff, 0xff, 0xff, 0xff, 0xff, 0xff, 0xff, 0xff, 0xff, 0xff, 0xf1, 0x00,
    0x00, 0x00, 0x00, 0x03, 0xff, 0xff, 0xff, 0xff, 0xff, 0xff, 0xff, 0xff, 0xff, 0xff, 0xff, 0xf1,
    0x00, 0x00, 0x00, 0x00, 0x03, 0xff, 0xd0, 0x00, 0x00, 0x00, 0x00, 0x00, 0x00, 0x00, 0x00, 0xff,
    0xf1, 0x00, 0x00, 0x00, 0x00, 0x03, 0xff, 0xd0, 0x00, 0x00, 0x00, 0x00, 0x00, 0x00, 0x00, 0x00,
    0xff, 0xf1, 0x00, 0x00, 0x00, 0x00, 0x03, 0xff, 0xd0, 0x00, 0x00, 0x00, 0x00, 0x00, 0x00, 0x00,
    0x00, 0xff, 0xf1, 0x00, 0x00, 0x00, 0x00, 0x03, 0xff, 0xd0, 0x00, 0x00, 0x00, 0x00, 0x00, 0x00,
    0x00, 0x00, 0xff, 0xf1, 0x00, 0x00, 0x00, 0x00, 0x03, 0xff, 0xfc, 0xcc, 0xcc, 0xcc, 0xcc, 0xcc,
    0xcc, 0xcc, 0xcc, 0xff, 0xf1, 0x00, 0x00, 0x00, 0x00, 0x03, 0xff, 0xff, 0xff, 0xff, 0xff, 0xff,
    0xff, 0xff, 0xff, 0xff, 0xff, 0xf1, 0x00, 0x00, 0x00, 0x00, 0x03, 0xff, 0xff, 0xff, 0xff, 0xff,
    0xff, 0xff, 0xff, 0xff, 0xff, 0xff, 0xf1, 0x00, 0x00, 0x00, 0x00, 0x04, 0xff, 0xc0, 0x00, 0x00,
    0x00, 0x00, 0x00, 0x00, 0x00, 0x00, 0x00, 0x00, 0x00, 0x00, 0x00, 0x00, 0x04, 0xff, 0xc0, 0x00,
    0x00, 0x00, 0x00, 0x00, 0x00, 0x00, 0x00, 0x00, 0x00, 0x00, 0x00, 0x00, 0x00, 0x05, 0xff, 0xb0,
    0x00, 0x00, 0x00, 0x00, 0x00, 0x00, 0x00, 0x00, 0x00, 0x00, 0x00, 0x00, 0x00, 0x00, 0x07, 0xff,
    0xa0, 0xcc, 0xcc, 0xcc, 0xcc, 0xcc, 0xcc, 0xcc, 0xcc, 0xcc, 0xc8, 0x00, 0x00, 0x00, 0x00, 0x09,
    0xff, 0x80, 0xff, 0xff, 0xff, 0xff, 0xff, 0xff, 0xff, 0xff, 0xff, 0xfb, 0x00, 0x00, 0x00, 0x00,
    0x0a, 0xff, 0x60, 0xff, 0xff, 0xff, 0xff, 0xff, 0xff, 0xff, 0xff, 0xff, 0xfb, 0x00, 0x00, 0x00,
    0x00, 0x0d, 0xff, 0x40, 0xff, 0xe0, 0x00, 0x00, 0x00, 0x00, 0x00, 0x00, 0x6f, 0xfb, 0x00, 0x00,
    0x00, 0x00, 0x2f, 0xff, 0x10, 0xff, 0xe0, 0x00, 0x00, 0x00, 0x00, 0x00, 0x00, 0x6f, 0xfb, 0x00,
    0x00, 0x00, 0x00, 0x6f, 0xfe, 0x00, 0xff, 0xe0, 0x00, 0x00, 0x00, 0x00, 0x00, 0x00, 0x6f, 0xfb,
    0x00, 0x00, 0x00, 0x00, 0xaf, 0xf9, 0x00, 0xff, 0xe0, 0x00, 0x00, 0x00, 0x00, 0x00, 0x00, 0x6f,
    0xfb, 0x00, 0x00, 0x00, 0x01, 0xef, 0xf4, 0x00, 0xff, 0xe0, 0x00, 0x00, 0x00, 0x00, 0x00, 0x00,
    0x6f, 0xfb, 0x00, 0x00, 0x00, 0x07, 0xff, 0xe0, 0x00, 0xff, 0xfb, 0xbb, 0xbb, 0xbb, 0xbb, 0xbb,
    0xbb, 0xdf, 0xfb, 0x00, 0x00, 0x00, 0x1e, 0xff, 0xa0, 0x00, 0xff, 0xff, 0xff, 0xff, 0xff, 0xff,
    0xff, 0xff, 0xff, 0xfb, 0x00, 0x00, 0x00, 0x9f, 0xff, 0x20, 0x00, 0xff, 0xff, 0xff, 0xff, 0xff,
    0xff, 0xff, 0xff, 0xff, 0xfb, 0x00, 0x00, 0x00, 0x7f, 0xf8, 0x00, 0x00, 0xff, 0xe0, 0x00, 0x00,
    0x00, 0x00, 0x00, 0x00, 0x6f, 0xfb, 0x00, 0x00, 0x00, 0x05, 0xe1, 0x00, 0x00, 0xff, 0xe0, 0x00,
    0x00, 0x00, 0x00, 0x00, 0x00, 0x6f, 0xfb, 0x00, 0x00, 0x00, 0x00, 0x10, 0x00, 0x00, 0x00, 0x00,
    0x00, 0x00, 0x00, 0x00, 0x00, 0x00, 0x00, 0x00, 0x00, 0x00, 0x00, 0x00, 0x00, 0x00, 0x00, 0x00,
    0x00, 0x00, 0x00, 0x00, 0x00, 0x00, 0x00, 0x00, 0x00, 0x00, 0x00, 0x00, 0x00, 0x00, 0x00, 0x00,
    0x00, 0x00, 0x00, 0x00, 0x00, 0x00, 0x00, 0x00, 0x00, 0x00, 0x00, 0x00, 0x00, 0x00, 0x00, 0x00,
    0x00, 0x00, 0x27, 0xc2, 0x00, 0x00, 0x00, 0x00, 0x00, 0x00, 0x00, 0x00, 0x00, 0x00, 0x00, 0x00,
    0x00, 0x15, 0x9d, 0xff, 0xfc, 0x00, 0x00, 0x00, 0x00, 0x00, 0x00, 0x00, 0x00, 0x00, 0x00, 0x02,
    0x47, 0xad, 0xff, 0xff, 0xff, 0xff, 0x60, 0x00, 0x00, 0x00, 0x00, 0x00, 0x00, 0x00, 0x00, 0x00,
    0x2f, 0xff, 0xff, 0xff, 0xff, 0xda, 0x61, 0x03, 0xff, 0xff, 0xff, 0xff, 0xff, 0xff, 0x10, 0x00,
    0x00, 0x0b, 0xff, 0xfd, 0xdf, 0xf9, 0x00, 0x00, 0x03, 0xff, 0xff, 0xff, 0xff, 0xff, 0xff, 0x10,
    0x00, 0x00, 0x03, 0x42, 0x00, 0x7f, 0xf9, 0x00, 0x00, 0x03, 0xff, 0xfe, 0xee, 0xee, 0xef, 0xff,
    0x10, 0x00, 0x00, 0x00, 0x00, 0x00, 0x7f, 0xf9, 0x00, 0x00, 0x03, 0xff, 0xb0, 0x00, 0x00, 0x0f,
    0xff, 0x10, 0x00, 0x00, 0x00, 0x00, 0x00, 0x7f, 0xf9, 0x00, 0x00, 0x03, 0xff, 0xb0, 0x00, 0x00,
    0x0f, 0xff, 0x10, 0x00, 0x00, 0x00, 0x00, 0x00, 0x7f, 0xf9, 0x00, 0x00, 0x03, 0xff, 0xb0, 0x00,
    0x00, 0x0f, 0xff, 0x10, 0x00, 0x00, 0x6c, 0xcc, 0xcc, 0xdf, 0xfe, 0xcc, 0xcc, 0x93, 0xff, 0xb0,
    0x00, 0x00, 0x0f, 0xff, 0x10, 0x00, 0x00, 0x7f, 0xff, 0xff, 0xff, 0xff, 0xff, 0xff, 0xb3, 0xff,
    0xb0, 0x00, 0x00, 0x0f, 0xff, 0x10, 0x00, 0x00, 0x7f, 0xff, 0xff, 0xff, 0xff, 0xff, 0xff, 0xb3,
    0xff, 0xb0, 0x00, 0x00, 0x0f, 0xff, 0x10, 0x00, 0x00, 0x00, 0x00, 0x06, 0xff, 0xf9, 0x00, 0x00,
    0x03, 0xff, 0xb0, 0x00, 0x00, 0x0f, 0xff, 0x10, 0x00, 0x00, 0x00, 0x00, 0x0c, 0xff, 0xff, 0x40,
    0x00, 0x03, 0xff, 0xb0, 0x00, 0x00, 0x0f, 0xff, 0x10, 0x00, 0x00, 0x00, 0x00, 0x2f, 0xff, 0xff,
    0xe2, 0x00, 0x03, 0xff, 0xb0, 0x00, 0x00, 0x0f, 0xff, 0x10, 0x00, 0x00, 0x00, 0x00, 0x9f, 0xff,
    0xff, 0xfd, 0x10, 0x03, 0xff, 0xb0, 0x00, 0x00, 0x0f, 0xff, 0x10, 0x00, 0x00, 0x00, 0x02, 0xff,
    0xff, 0xfe, 0xff, 0xb0, 0x03, 0xff, 0xb0, 0x00, 0x00, 0x0f, 0xff, 0x10, 0x00, 0x00, 0x00, 0x09,
    0xff, 0x9f, 0xf9, 0xbf, 0xf8, 0x03, 0xff, 0xb0, 0x00, 0x00, 0x0f, 0xff, 0x10, 0x00, 0x00, 0x00,
    0x2f, 0xfa, 0x7f, 0xf9, 0x2e, 0xff, 0x53, 0xff, 0xb0, 0x00, 0x00, 0x0f, 0xff, 0x10, 0x00, 0x00,
    0x00, 0xbf, 0xf3, 0x7f, 0xf9, 0x06, 0xff, 0x73, 0xff, 0xb0, 0x00, 0x00, 0x0f, 0xff, 0x10, 0x00,
    0x00, 0x05, 0xff, 0xb0, 0x7f, 0xf9, 0x00, 0xcc, 0x03, 0xff, 0xb0, 0x00, 0x00, 0x0f, 0xff, 0x10,
    0x00, 0x00, 0x2e, 0xff, 0x40, 0x7f, 0xf9, 0x00, 0x33, 0x03, 0xff, 0xb0, 0x00, 0x00, 0x0f, 0xff,
    0x10, 0x00, 0x00, 0xcf, 0xfb, 0x00, 0x7f, 0xf9, 0x00, 0x00, 0x03, 0xff, 0xb0, 0x00, 0x00, 0x0f,
    0xff, 0x10, 0x00, 0x01, 0xdf, 0xf2, 0x00, 0x7f, 0xf9, 0x00, 0x00, 0x03, 0xff, 0xfd, 0xdd, 0xdd,
    0xdf, 0xff, 0x10, 0x00, 0x00, 0x5f, 0x70, 0x00, 0x7f, 0xf9, 0x00, 0x00, 0x03, 0xff, 0xff, 0xff,
    0xff, 0xff, 0xff, 0x10, 0x00, 0x00, 0x07, 0x00, 0x00, 0x7f, 0xf9, 0x00, 0x00, 0x03, 0xff, 0xff,
    0xff, 0xff, 0xff, 0xff, 0x10, 0x00, 0x00, 0x00, 0x00, 0x00, 0x7f, 0xf9, 0x00, 0x00, 0x03, 0xff,
    0xb0, 0x00, 0x00, 0x0f, 0xff, 0x10, 0x00, 0x00, 0x00, 0x00, 0x00, 0x7f, 0xf9, 0x00, 0x00, 0x03,
    0xff, 0xb0, 0x00, 0x00, 0x0f, 0xff, 0x10, 0x00, 0x00, 0x00, 0x00, 0x00, 0x7f, 0xf9, 0x00, 0x00,
    0x03, 0xbb, 0x80, 0x00, 0x00, 0x08, 0x88, 0x10, 0x00, 0x00, 0x00, 0x00, 0x00, 0x7f, 0xf9, 0x00,
    0x00, 0x00, 0x00, 0x00, 0x00, 0x00, 0x00, 0x00, 0x00, 0x00, 0x00, 0x00, 0x00, 0x00, 0x24, 0x42,
    0x00, 0x00, 0x00, 0x00, 0x00, 0x00, 0x00, 0x00, 0x00, 0x00, 0x00, 0x00, 0x00, 0x00, 0x00, 0x00,
    0x00, 0x00, 0x00, 0x00, 0x00, 0x00, 0x00, 0x00, 0x00, 0x00, 0x00, 0x00, 0x00, 0x00, 0x00, 0x00,
    0x00, 0x00, 0x00, 0x00, 0x00, 0x00, 0x00, 0x00, 0x00, 0x00, 0x00, 0x00, 0x00, 0x00, 0x00, 0x0f,
    0xff, 0xff, 0xff, 0xff, 0xf3, 0x00, 0x7f, 0xff, 0xff, 0xff, 0xff, 0xf2, 0x00, 0x00, 0x00, 0x00,
    0x0f, 0xff, 0xff, 0xff, 0xff, 0xf3, 0x00, 0x7f, 0xff, 0xff, 0xff, 0xff, 0xf2, 0x00, 0x00, 0x00,
    0x00, 0x0f, 0xfd, 0x88, 0x88, 0xdf, 0xf3, 0x00, 0x7f, 0xfa, 0x88, 0x88, 0xef, 0xf2, 0x00, 0x00,
    0x00, 0x00, 0x0f, 0xfb, 0x00, 0x00, 0xaf, 0xf3, 0x00, 0x7f, 0xf4, 0x00, 0x00, 0xcf, 0xf2, 0x00,
    0x00, 0x00, 0x00, 0x0f, 0xfb, 0x00, 0x00, 0xaf, 0xf3, 0x00, 0x7f, 0xf4, 0x00, 0x00, 0xcf, 0xf2,
    0x00, 0x00, 0x00, 0x00, 0x0f, 0xfb, 0x00, 0x00, 0xaf, 0xf3, 0x00, 0x7f, 0xf4, 0x00, 0x00, 0xcf,
    0xf2, 0x00, 0x00, 0x00, 0x00, 0x0f, 0xfb, 0x00, 0x00, 0xaf, 0xf3, 0x00, 0x7f, 0xf4, 0x00, 0x00,
    0xcf, 0xf2, 0x00, 0x00, 0x00, 0x00, 0x0f, 0xff, 0xff, 0xff, 0xff, 0xf3, 0x00, 0x7f, 0xff, 0xff,
    0xff, 0xff, 0xf2, 0x00, 0x00, 0x00, 0x00, 0x0f, 0xff, 0xff, 0xff, 0xff, 0xf3, 0x00, 0x7f, 0xff,
    0xff, 0xff, 0xff, 0xf2, 0x00, 0x00, 0x00, 0x00, 0x09, 0x99, 0x99, 0x99, 0x99, 0xe9, 0x62, 0x49,
    0x9c, 0xfb, 0x99, 0x99, 0x91, 0x00, 0x00, 0x00, 0x00, 0x00, 0x00, 0x00, 0x00, 0x03, 0xff, 0xe2,
    0x00, 0x2e, 0xff, 0xb4, 0x00, 0x00, 0x00, 0x00, 0x00, 0x00, 0x00, 0x00, 0x00, 0x00, 0x1d, 0xff,
    0x70, 0x00, 0x01, 0x7e, 0xff, 0x70, 0x00, 0x00, 0x00, 0x00, 0x4a, 0xaa, 0xaa, 0xaa, 0xaa, 0xcf,
    0xff, 0xaa, 0xaa, 0xaa, 0xab, 0xff, 0xba, 0xaa, 0xa5, 0x00, 0x00, 0x7f, 0xff, 0xff, 0xff, 0xff,
    0xff, 0xff, 0xff, 0xff, 0xff, 0xff, 0xff, 0xff, 0xff, 0xf7, 0x00, 0x00, 0x7f, 0xff, 0xff, 0xff,
    0xff, 0xff, 0xff, 0xff, 0xff, 0xff, 0xff, 0xff, 0xff, 0xff, 0xf7, 0x00, 0x00, 0x00, 0x00, 0x00,
    0x2c, 0xff, 0xf5, 0x00, 0x00, 0x02, 0xef, 0xfc, 0x20, 0x00, 0x00, 0x00, 0x00, 0x00, 0x00, 0x00,
    0x04, 0xef, 0xff, 0x50, 0x00, 0x00, 0x00, 0x3e, 0xff, 0xe5, 0x00, 0x00, 0x00, 0x00, 0x00, 0x00,
    0x00, 0x8f, 0xff, 0xe5, 0x00, 0x00, 0x00, 0x00, 0x03, 0xdf, 0xff, 0xb2, 0x00, 0x00, 0x00, 0x00,
    0x01, 0x7e, 0xff, 0xfe, 0x30, 0x00, 0x00, 0x00, 0x00, 0x00, 0x1b, 0xff, 0xff, 0xa4, 0x00, 0x00,
    0x00, 0x7e, 0xff, 0xff, 0xff, 0xff, 0xff, 0xf3, 0x00, 0x7f, 0xff, 0xff, 0xff, 0xff, 0xff, 0xd8,
    0x10, 0x00, 0xaf, 0xff, 0xff, 0xff, 0xff, 0xff, 0xf3, 0x00, 0x7f, 0xff, 0xff, 0xff, 0xff, 0xff,
    0xf8, 0x00, 0x00, 0x1e, 0xcf, 0xfe, 0x99, 0x99, 0xdf, 0xf3, 0x00, 0x7f, 0xfb, 0x99, 0x99, 0xef,
    0xfd, 0xc0, 0x00, 0x00, 0x02, 0x0f, 0xfc, 0x00, 0x00, 0xbf, 0xf3, 0x00, 0x7f, 0xf5, 0x00, 0x00,
    0xbf, 0xf2, 0x10, 0x00, 0x00, 0x00, 0x0f, 0xfc, 0x00, 0x00, 0xbf, 0xf3, 0x00, 0x7f, 0xf5, 0x00,
    0x00, 0xbf, 0xf2, 0x00, 0x00, 0x00, 0x00, 0x0f, 0xfc, 0x00, 0x00, 0xbf, 0xf3, 0x00, 0x7f, 0xf5,
    0x00, 0x00, 0xbf, 0xf2, 0x00, 0x00, 0x00, 0x00, 0x0f, 0xfc, 0x00, 0x00, 0xbf, 0xf3, 0x00, 0x7f,
    0xf5, 0x00, 0x00, 0xbf, 0xf2, 0x00, 0x00, 0x00, 0x00, 0x0f, 0xff, 0xff, 0xff, 0xff, 0xf3, 0x00,
    0x7f, 0xff, 0xff, 0xff, 0xff, 0xf2, 0x00, 0x00, 0x00, 0x00, 0x0f, 0xff, 0xff, 0xff, 0xff, 0xf3,
    0x00, 0x7f, 0xff, 0xff, 0xff, 0xff, 0xf2, 0x00, 0x00, 0x00, 0x00, 0x0f, 0xfe, 0x99, 0x99, 0xdf,
    0xf3, 0x00, 0x7f, 0xfb, 0x99, 0x99, 0xef, 0xf2, 0x00, 0x00, 0x00, 0x00, 0x07, 0x75, 0x00, 0x00,
    0x00, 0x00, 0x00, 0x13, 0x31, 0x00, 0x00, 0x34, 0x41, 0x00, 0x00, 0x00, 0x00, 0x00, 0x00, 0x00,
    0x00, 0x00, 0x00, 0x00, 0x00, 0x00, 0x00, 0x00, 0x00, 0x00, 0x00, 0x00, 0x00, 0x00, 0x00, 0x00,
    0x00, 0x00, 0x00, 0x00, 0x00, 0x00, 0x00, 0x00, 0x00, 0x00, 0x00, 0x00, 0x00, 0x00, 0x08, 0xff,
    0xff, 0xff, 0xff, 0xff, 0xff, 0xff, 0xff, 0xff, 0xff, 0xff, 0xff, 0xff, 0x80, 0x00, 0x00, 0x08,
    0xff, 0xff, 0xff, 0xff, 0xff, 0xff, 0xff, 0xff, 0xff, 0xff, 0xff, 0xff, 0xff, 0x80, 0x00, 0x00,
    0x08, 0xff, 0xff, 0xff, 0xff, 0xff, 0xff, 0xff, 0xff, 0xff, 0xff, 0xff, 0xff, 0xff, 0x80, 0x00,
    0x00, 0x08, 0xff, 0xa2, 0x22, 0x22, 0x22, 0x22, 0x22, 0x22, 0x22, 0x22, 0x22, 0x2b, 0xff, 0x80,
    0x00, 0x00, 0x08, 0xff, 0x90, 0x00, 0x00, 0x00, 0x00, 0x00, 0x00, 0x00, 0x00, 0x00, 0x0b, 0xff,
    0x80, 0x00, 0x00, 0x08, 0xff, 0x90, 0x00, 0x00, 0x00, 0x00, 0x00, 0x00, 0x00, 0x00, 0x00, 0x0b,
    0xff, 0x80, 0x00, 0x00, 0x08, 0xff, 0x90, 0x00, 0x00, 0x00, 0x00, 0x00, 0x00, 0x00, 0x00, 0x00,
    0x0b, 0xff, 0x80, 0x00, 0x00, 0x08, 0xff, 0x90, 0x00, 0x00, 0x00, 0x00, 0x00, 0x00, 0x00, 0x00,
    0x00, 0x0b, 0xff, 0x80, 0x00, 0x00, 0x08, 0xff, 0x90, 0x00, 0x7f, 0xff, 0xff, 0xff, 0xff, 0xff,
    0xf4, 0x00, 0x0b, 0xff, 0x80, 0x00, 0x00, 0x08, 0xff, 0x90, 0x00, 0x7f, 0xff, 0xff, 0xff, 0xff,
    0xff, 0xf4, 0x00, 0x0b, 0xff, 0x80, 0x00, 0x00, 0x08, 0xff, 0x90, 0x00, 0x7f, 0xfc, 0xbb, 0xbb,
    0xbb, 0xef, 0xf4, 0x00, 0x0b, 0xff, 0x80, 0x00, 0x00, 0x08, 0xff, 0x90, 0x00, 0x7f, 0xf6, 0x00,
    0x00, 0x00, 0xbf, 0xf4, 0x00, 0x0b, 0xff, 0x80, 0x00, 0x00, 0x08, 0xff, 0x90, 0x00, 0x7f, 0xf6,
    0x00, 0x00, 0x00, 0xbf, 0xf4, 0x00, 0x0b, 0xff, 0x80, 0x00, 0x00, 0x08, 0xff, 0x90, 0x00, 0x7f,
    0xf6, 0x00, 0x00, 0x00, 0xbf, 0xf4, 0x00, 0x0b, 0xff, 0x80, 0x00, 0x00, 0x08, 0xff, 0x90, 0x00,
    0x7f, 0xf6, 0x00, 0x00, 0x00, 0xbf, 0xf4, 0x00, 0x0b, 0xff, 0x80, 0x00, 0x00, 0x08, 0xff, 0x90,
    0x00, 0x7f, 0xf6, 0x00, 0x00, 0x00, 0xbf, 0xf4, 0x00, 0x0b, 0xff, 0x80, 0x00, 0x00, 0x08, 0xff,
    0x90, 0x00, 0x7f, 0xf6, 0x00, 0x00, 0x00, 0xbf, 0xf4, 0x00, 0x0b, 0xff, 0x80, 0x00, 0x00, 0x08,
    0xff, 0x90, 0x00, 0x7f, 0xfc, 0xaa, 0xaa, 0xaa, 0xef, 0xf4, 0x00, 0x0b, 0xff, 0x80, 0x00, 0x00,
    0x08, 0xff, 0x90, 0x00, 0x7f, 0xff, 0xff, 0xff, 0xff, 0xff, 0xf4, 0x00, 0x0b, 0xff, 0x80, 0x00,
    0x00, 0x08, 0xff, 0x90, 0x00, 0x7f, 0xff, 0xff, 0xff, 0xff, 0xff, 0xf4, 0x00, 0x0b, 0xff, 0x80,
    0x00, 0x00, 0x08, 0xff, 0x90, 0x00, 0x00, 0x00, 0x00, 0x00, 0x00, 0x00, 0x00, 0x00, 0x0b, 0xff,
    0x80, 0x00, 0x00, 0x08, 0xff, 0x90, 0x00, 0x00, 0x00, 0x00, 0x00, 0x00, 0x00, 0x00, 0x00, 0x0b,
    0xff, 0x80, 0x00, 0x00, 0x08, 0xff, 0x90, 0x00, 0x00, 0x00, 0x00, 0x00, 0x00, 0x00, 0x00, 0x00,
    0x0b, 0xff, 0x80, 0x00, 0x00, 0x08, 0xff, 0x90, 0x00, 0x00, 0x00, 0x00, 0x00, 0x00, 0x00, 0x00,
    0x00, 0x0b, 0xff, 0x80, 0x00, 0x00, 0x08, 0xff, 0x90, 0x00, 0x00, 0x00, 0x00, 0x00, 0x00, 0x00,
    0x00, 0x00, 0x0b, 0xff, 0x80, 0x00, 0x00, 0x08, 0xff, 0xff, 0xff, 0xff, 0xff, 0xff, 0xff, 0xff,
    0xff, 0xff, 0xff, 0xff, 0xff, 0x80, 0x00, 0x00, 0x08, 0xff, 0xff, 0xff, 0xff, 0xff, 0xff, 0xff,
    0xff, 0xff, 0xff, 0xff, 0xff, 0xff, 0x80, 0x00, 0x00, 0x08, 0xff, 0xed, 0xdd, 0xdd, 0xdd, 0xdd,
    0xdd, 0xdd, 0xdd, 0xdd, 0xdd, 0xde, 0xff, 0x80, 0x00, 0x00, 0x08, 0xff, 0x90, 0x00, 0x00, 0x00,
    0x00, 0x00, 0x00, 0x00, 0x00, 0x00, 0x0b, 0xff, 0x80, 0x00, 0x00, 0x03, 0x66, 0x40, 0x00, 0x00,
    0x00, 0x00, 0x00, 0x00, 0x00, 0x00, 0x00, 0x05, 0x66, 0x40, 0x00, 0x00, 0x00, 0x00, 0x00, 0x00,
    0x00, 0x00, 0x00, 0x00, 0x00, 0x00, 0x00, 0x00, 0x00, 0x00, 0x00, 0x00, 0x00, 0x00, 0x00, 0x00,
    0x00, 0x00, 0x00, 0x00, 0x00, 0x00, 0x00, 0x00, 0x00, 0x00, 0x00, 0x00, 0x00, 0x00, 0x00, 0x00,
    0x00, 0x00, 0x00, 0x02, 0x00, 0x00, 0x00, 0x00, 0x00, 0x00, 0x00, 0x00, 0x00, 0x00, 0x00, 0x00,
    0x00, 0x00, 0x00, 0x00, 0x1f, 0xea, 0x20, 0x00, 0x00, 0x00, 0x00, 0x00, 0x00, 0x00, 0x00, 0x00,
    0x00, 0x00, 0x00, 0x00, 0x00, 0x5f, 0xff, 0x20, 0x00, 0x00, 0x00, 0x00, 0x00, 0x00, 0x00, 0x00,
    0x00, 0x00, 0x00, 0x00, 0x00, 0x00, 0x9f, 0xfc, 0x00, 0x00, 0x00, 0x00, 0x00, 0x00, 0x00, 0x00,
    0x00, 0x00, 0x00, 0x00, 0x00, 0x00, 0x00, 0xef, 0xf7, 0x00, 0x00, 0x00, 0x00, 0x00, 0x00, 0x00,
    0x00, 0x00, 0x00, 0x00, 0x00, 0x00, 0x00, 0x04, 0xff, 0xf2, 0x00, 0x00, 0x00, 0x00, 0x00, 0x00,
    0x00, 0x00, 0x00, 0x00, 0x2f, 0xff, 0xff, 0xff, 0xff, 0xff, 0xff, 0xff, 0xff, 0xff, 0xff, 0xff,
    0xff, 0xff, 0xf2, 0x00, 0x00, 0x2f, 0xff, 0xff, 0xff, 0xff, 0xff, 0xff, 0xff, 0xff, 0xff, 0xff,
    0xff, 0xff, 0xff, 0xf2, 0x00, 0x00, 0x2e, 0xee, 0xee, 0xee, 0xff, 0xff, 0xee, 0xee, 0xee, 0xee,
    0xee, 0xee, 0xee, 0xee, 0xe2, 0x00, 0x00, 0x00, 0x00, 0x00, 0x01, 0xef, 0xf6, 0x00, 0x00, 0x00,
    0x00, 0x00, 0x00, 0x00, 0x00, 0x00, 0x00, 0x00, 0x00, 0x00, 0x00, 0x09, 0xff, 0xd0, 0x00, 0x00,
    0x00, 0x99, 0x90, 0x00, 0x00, 0x00, 0x00, 0x00, 0x00, 0x00, 0x00, 0x00, 0x3f, 0xff, 0x50, 0x00,
    0x00, 0x00, 0xff, 0xf0, 0x00, 0x00, 0x00, 0x00, 0x00, 0x00, 0x00, 0x00, 0x00, 0xcf, 0xfc, 0x00,
    0x00, 0x00, 0x00, 0xff, 0xf0, 0x00, 0x00, 0x00, 0x00, 0x00, 0x00, 0x00, 0x00, 0x09, 0xff, 0xf2,
    0x00, 0x00, 0x00, 0x00, 0xff, 0xf0, 0x00, 0x00, 0x00, 0x00, 0x00, 0x00, 0x00, 0x00, 0x5f, 0xff,
    0x70, 0x00, 0x00, 0x00, 0x00, 0xff, 0xf0, 0x00, 0x00, 0x00, 0x00, 0x00, 0x00, 0x00, 0x04, 0xff,
    0xfe, 0x00, 0x00, 0x00, 0x00, 0x00, 0xff, 0xf0, 0x00, 0x00, 0x00, 0x00, 0x00, 0x00, 0x00, 0x3e,
    0xff, 0xfe, 0x00, 0x0c, 0xcc, 0xcc, 0xcc, 0xff, 0xfc, 0xcc, 0xcc, 0xca, 0x00, 0x00, 0x00, 0x06,
    0xff, 0xff, 0xfe, 0x00, 0x0f, 0xff, 0xff, 0xff, 0xff, 0xff, 0xff, 0xff, 0xfd, 0x00, 0x00, 0x00,
    0x8f, 0xff, 0xff, 0xfe, 0x00, 0x0f, 0xff, 0xff, 0xff, 0xff, 0xff, 0xff, 0xff, 0xfd, 0x00, 0x00,
    0x00, 0x9f, 0xfe, 0x5f, 0xfe, 0x00, 0x00, 0x00, 0x00, 0x00, 0xff, 0xf0, 0x00, 0x00, 0x00, 0x00,
    0x00, 0x00, 0x1e, 0xd2, 0x2f, 0xfe, 0x00, 0x00, 0x00, 0x00, 0x00, 0xff, 0xf0, 0x00, 0x00, 0x00,
    0x00, 0x00, 0x00, 0x06, 0x10, 0x2f, 0xfe, 0x00, 0x00, 0x00, 0x00, 0x00, 0xff, 0xf0, 0x00, 0x00,
    0x00, 0x00, 0x00, 0x00, 0x00, 0x00, 0x2f, 0xfe, 0x00, 0x00, 0x00, 0x00, 0x00, 0xff, 0xf0, 0x00,
    0x00, 0x00, 0x00, 0x00, 0x00, 0x00, 0x00, 0x2f, 0xfe, 0x00, 0x00, 0x00, 0x00, 0x00, 0xff, 0xf0,
    0x00, 0x00, 0x00, 0x00, 0x00, 0x00, 0x00, 0x00, 0x2f, 0xfe, 0x00, 0x00, 0x00, 0x00, 0x00, 0xff,
    0xf0, 0x00, 0x00, 0x00, 0x00, 0x00, 0x00, 0x00, 0x00, 0x2f, 0xfe, 0x00, 0x00, 0x00, 0x00, 0x00,
    0xff, 0xf0, 0x00, 0x00, 0x00, 0x00, 0x00, 0x00, 0x00, 0x00, 0x2f, 0xfe, 0x00, 0x00, 0x00, 0x00,
    0x00, 0xff, 0xf0, 0x00, 0x00, 0x00, 0x00, 0x00, 0x00, 0x00, 0x00, 0x2f, 0xfe, 0x00, 0x00, 0x00,
    0x00, 0x00, 0xff, 0xf0, 0x00, 0x00, 0x00, 0x00, 0x00, 0x00, 0x00, 0x00, 0x2f, 0xfe, 0x03, 0xff,
    0xff, 0xff, 0xff, 0xff, 0xff, 0xff, 0xff, 0xff, 0xf2, 0x00, 0x00, 0x00, 0x00, 0x2f, 0xfe, 0x03,
    0xff, 0xff, 0xff, 0xff, 0xff, 0xff, 0xff, 0xff, 0xff, 0xf2, 0x00, 0x00, 0x00, 0x00, 0x2f, 0xfe,
    0x03, 0xcc, 0xcc, 0xcc, 0xcc, 0xcc, 0xcc, 0xcc, 0xcc, 0xcc, 0xc1, 0x00, 0x00, 0x00, 0x00, 0x00,
    0x00, 0x00, 0x00, 0x00, 0x00, 0x00, 0x00, 0x00, 0x00, 0x00, 0x00, 0x00, 0x00, 0x00, 0x00, 0x00,
    0x00, 0x00, 0x00, 0x00, 0x00, 0x00, 0x00, 0x00, 0x00, 0x00, 0x00, 0x00, 0x00, 0x00, 0x00, 0x00,
    0x00, 0x00, 0x00, 0x00, 0x00, 0x00, 0x00, 0x00, 0x05, 0x55, 0x00, 0x00, 0x00, 0x00, 0x00, 0x00,
    0x00, 0x00, 0xcf, 0xf0, 0x00, 0x00, 0x00, 0x00, 0x00, 0x0e, 0xfe, 0x00, 0x00, 0x00, 0x00, 0x00,
    0x00, 0x00, 0x00, 0xcf, 0xf0, 0x00, 0x00, 0x00, 0x00, 0x00, 0x0e, 0xfe, 0x00, 0x00, 0x00, 0x00,
    0x00, 0x00, 0x00, 0x00, 0xcf, 0xf0, 0x00, 0x00, 0x25, 0x53, 0x00, 0x0e, 0xfe, 0x00, 0x00, 0x00,
    0x00, 0x00, 0x00, 0x00, 0x00, 0xcf, 0xf0, 0x00, 0x00, 0x6f, 0xf7, 0x00, 0x0e, 0xfe, 0x00, 0x00,
    0x00, 0x00, 0x00, 0x00, 0x00, 0x00, 0xcf, 0xf0, 0x00, 0x00, 0x6f, 0xf7, 0x00, 0x0e, 0xfe, 0x00,
    0x00, 0x00, 0x00, 0x00, 0x00, 0x00, 0x00, 0xcf, 0xf0, 0x00, 0x00, 0x6f, 0xf7, 0x00, 0x0e, 0xfe,
    0x00, 0x04, 0xeb, 0x40, 0x00, 0x00, 0x00, 0x00, 0xcf, 0xf0, 0x00, 0x00, 0x6f, 0xf7, 0x00, 0x0e,
    0xfe, 0x16, 0xcf, 0xff, 0x90, 0x00, 0x00, 0xad, 0xdd, 0xff, 0xfd, 0xdd, 0x70, 0x6f, 0xf7, 0x00,
    0x0e, 0xff, 0xef, 0xff, 0xff, 0x80, 0x00, 0x00, 0xcf, 0xff, 0xff, 0xff, 0xff, 0x90, 0x6f, 0xf7,
    0x00, 0x4e, 0xff, 0xff, 0xfe, 0xff, 0x80, 0x00, 0x00, 0xcf, 0xff, 0xff, 0xff, 0xff, 0x90, 0x6f,
    0xf9, 0x7d, 0xff, 0xff, 0xfb, 0x45, 0xff, 0x80, 0x00, 0x00, 0x00, 0x00, 0xcf, 0xf0, 0x00, 0x00,
    0x6f, 0xff, 0xff, 0xff, 0xfe, 0x20, 0x05, 0xff, 0x80, 0x00, 0x00, 0x00, 0x00, 0xcf, 0xf0, 0x00,
    0x02, 0xbf, 0xff, 0xff, 0xef, 0xfe, 0x00, 0x05, 0xff, 0x80, 0x00, 0x00, 0x00, 0x00, 0xcf, 0xf0,
    0x03, 0xaf, 0xff, 0xff, 0xe8, 0x1e, 0xfe, 0x00, 0x06, 0xff, 0x80, 0x00, 0x00, 0x00, 0x00, 0xcf,
    0xf0, 0x08, 0xff, 0xff, 0xfa, 0x10, 0x0e, 0xfe, 0x00, 0x06, 0xff, 0x80, 0x00, 0x00, 0x00, 0x00,
    0xcf, 0xf0, 0x02, 0xff, 0xff, 0xf7, 0x00, 0x0e, 0xfe, 0x00, 0x06, 0xff, 0x70, 0x00, 0x00, 0x00,
    0x00, 0xcf, 0xf0, 0x00, 0x96, 0x6f, 0xf7, 0x00, 0x0e, 0xfe, 0x00, 0x06, 0xff, 0x70, 0x00, 0x00,
    0x00, 0x00, 0xcf, 0xf0, 0x00, 0x00, 0x6f, 0xf7, 0x00, 0x0e, 0xfe, 0x00, 0x06, 0xff, 0x60, 0x00,
    0x00, 0x00, 0x00, 0xcf, 0xf0, 0x00, 0x20, 0x6f, 0xf7, 0x00, 0x0e, 0xfe, 0x00, 0x07, 0xff, 0x60,
    0x00, 0x00, 0x00, 0x00, 0xcf, 0xf2, 0x7e, 0x90, 0x6f, 0xf7, 0x00, 0x0e, 0xfe, 0x00, 0x0a, 0xff,
    0x50, 0x00, 0x00, 0x00, 0x00, 0xcf, 0xff, 0xff, 0xc0, 0x6f, 0xf7, 0x00, 0x0e, 0xfe, 0x1f, 0xff,
    0xff, 0x10, 0x00, 0x00, 0x00, 0x04, 0xef, 0xff, 0xff, 0xc0, 0x6f, 0xf7, 0x00, 0x0e, 0xfe, 0x0b,
    0xff, 0xf8, 0x00, 0x00, 0x00, 0x17, 0xdf, 0xff, 0xff, 0xc5, 0x00, 0x6f, 0xf7, 0x00, 0x0e, 0xfe,
    0x05, 0x86, 0x30, 0x00, 0x00, 0x00, 0xef, 0xff, 0xff, 0xc5, 0x00, 0x00, 0x6f, 0xf7, 0x00, 0x0c,
    0xdc, 0x00, 0x00, 0x05, 0x10, 0x00, 0x00, 0xaf, 0xff, 0xc5, 0x00, 0x00, 0x00, 0x6f, 0xf7, 0x00,
    0x00, 0x00, 0x00, 0x00, 0x0b, 0xe9, 0x00, 0x00, 0x4f, 0xc4, 0x00, 0x00, 0x00, 0x00, 0x6f, 0xf8,
    0x00, 0x00, 0x00, 0x00, 0x00, 0x0d, 0xfe, 0x00, 0x00, 0x04, 0x00, 0x00, 0x00, 0x00, 0x00, 0x6f,
    0xf8, 0x00, 0x00, 0x00, 0x00, 0x00, 0x1f, 0xfc, 0x00, 0x00, 0x00, 0x00, 0x00, 0x00, 0x00, 0x00,
    0x4f, 0xfd, 0x30, 0x00, 0x00, 0x00, 0x01, 0x9f, 0xf8, 0x00, 0x00, 0x00, 0x00, 0x00, 0x00, 0x00,
    0x00, 0x1e, 0xff, 0xff, 0xff, 0xff, 0xff, 0xff, 0xff, 0xf2, 0x00, 0x00, 0x00, 0x00, 0x00, 0x00,
    0x00, 0x00, 0x06, 0xff, 0xff, 0xff, 0xff, 0xff, 0xff, 0xff, 0x80, 0x00, 0x00, 0x00, 0x00, 0x00,
    0x00, 0x00, 0x00, 0x00, 0x28, 0x9b, 0xbb, 0xbb, 0xbb, 0xba, 0x84, 0x00, 0x00, 0x00, 0x00, 0x00,
    0x00, 0x00, 0x00, 0x00, 0x00, 0x00, 0x00, 0x00, 0x00, 0x00, 0x00, 0x00, 0x00, 0x00, 0x00, 0x00,
    0x00, 0x00, 0x00, 0x00, 0x00, 0x00, 0x00, 0x00, 0x00, 0x00, 0x00, 0x00, 0x00, 0x00, 0x00, 0x00,
    0x00, 0x00, 0x00, 0x00, 0x00, 0x00, 0x00, 0x00, 0x00, 0x00, 0x56, 0x60, 0x02, 0x00, 0x00, 0x00,
    0x00, 0x00, 0x04, 0xdd, 0x70, 0x00, 0x00, 0x00, 0x00, 0x00, 0x00, 0xdf, 0xf3, 0xbf, 0x60, 0x00,
    0x00, 0x00, 0x00, 0x04, 0xff, 0x80, 0x00, 0x00, 0x00, 0x00, 0x00, 0x00, 0xdf, 0xf2, 0xdf, 0xf6,
    0x00, 0x00, 0x00, 0x00, 0x04, 0xff, 0x80, 0x00, 0x00, 0x00, 0x00, 0x00, 0x00, 0xcf, 0xf0, 0x2d,
    0xff, 0x50, 0x00, 0x00, 0x00, 0x04, 0xff, 0x80, 0x00, 0x00, 0x00, 0x00, 0x00, 0x00, 0xcf, 0xf0,
    0x03, 0xef, 0x80, 0x00, 0x00, 0x00, 0x04, 0xff, 0x80, 0x00, 0x5b, 0xbb, 0xbb, 0xbb, 0xbb, 0xef,
    0xfb, 0xbb, 0xde, 0xb6, 0x00, 0x00, 0x00, 0x04, 0xff, 0x80, 0x00, 0x7f, 0xff, 0xff, 0xff, 0xff,
    0xff, 0xff, 0xff, 0xff, 0xf9, 0x00, 0x00, 0x00, 0x04, 0xff, 0x80, 0x00, 0x7f, 0xff, 0xff, 0xff,
    0xff, 0xff, 0xff, 0xff, 0xff, 0xf9, 0x00, 0x00, 0x00, 0x04, 0xff, 0x80, 0x00, 0x7f, 0xf4, 0x00,
    0x00, 0x00, 0xaf, 0xf2, 0x00, 0x00, 0x00, 0x00, 0x00, 0x6f, 0xff, 0xff, 0xff, 0xf5, 0x7f, 0xf4,
    0x00, 0x00, 0x00, 0x9f, 0xf3, 0x00, 0x00, 0x00, 0x00, 0x00, 0x6f, 0xff, 0xff, 0xff, 0xf5, 0x7f,
    0xf4, 0x00, 0x00, 0x00, 0x9f, 0xf3, 0x00, 0x00, 0x00, 0x00, 0x00, 0x5c, 0xcd, 0xff, 0xec, 0xc4,
    0x7f, 0xf4, 0x00, 0x00, 0x00, 0x8f, 0xf4, 0x00, 0x00, 0x00, 0x00, 0x00, 0x00, 0x04, 0xff, 0x80,
    0x00, 0x7f, 0xfa, 0x77, 0x77, 0x72, 0x7f, 0xf5, 0x00, 0xae, 0xb1, 0x00, 0x00, 0x00, 0x04, 0xff,
    0x80, 0x00, 0x7f, 0xff, 0xff, 0xff, 0xf3, 0x6f, 0xf6, 0x00, 0xef, 0xe0, 0x00, 0x00, 0x00, 0x04,
    0xff, 0x80, 0x00, 0x7f, 0xff, 0xff, 0xff, 0xf3, 0x5f, 0xf7, 0x04, 0xff, 0x90, 0x00, 0x00, 0x00,
    0x04, 0xff, 0x80, 0x00, 0x7f, 0xf4, 0x00, 0x5f, 0xf3, 0x4f, 0xf9, 0x08, 0xff, 0x40, 0x00, 0x00,
    0x00, 0x04, 0xff, 0x80, 0x00, 0x7f, 0xf4, 0x00, 0x5f, 0xf3, 0x2f, 0xfa, 0x0d, 0xfe, 0x00, 0x00,
    0x00, 0x00, 0x04, 0xff, 0x80, 0x00, 0x8f, 0xf4, 0x00, 0x5f, 0xf2, 0x1f, 0xfc, 0x4f, 0xfa, 0x00,
    0x00, 0x00, 0x00, 0x04, 0xff, 0x80, 0x00, 0x8f, 0xf3, 0x00, 0x6f, 0xf2, 0x0e, 0xfe, 0x9f, 0xf5,
    0x00, 0x00, 0x00, 0x00, 0x04, 0xff, 0x80, 0x00, 0x9f, 0xf3, 0x00, 0x6f, 0xf1, 0x0c, 0xff, 0xef,
    0xd0, 0x00, 0x00, 0x00, 0x00, 0x04, 0xff, 0x80, 0x01, 0xaf, 0xf2, 0x00, 0x7f, 0xf1, 0x0a, 0xff,
    0xff, 0x60, 0x00, 0x00, 0x00, 0x00, 0x04, 0xff, 0x98, 0xd7, 0xcf, 0xe0, 0x00, 0x8f, 0xf0, 0x08,
    0xff, 0xfe, 0x00, 0x00, 0x00, 0x00, 0x00, 0x04, 0xff, 0xff, 0xfa, 0xef, 0xc0, 0x00, 0xaf, 0xe0,
    0x05, 0xff, 0xf7, 0x00, 0x00, 0x00, 0x00, 0x04, 0x9e, 0xff, 0xff, 0xfc, 0xff, 0xa5, 0x66, 0xef,
    0xc0, 0x05, 0xff, 0xe1, 0x00, 0x80, 0x00, 0x00, 0xaf, 0xff, 0xff, 0xe9, 0x36, 0xff, 0x78, 0xff,
    0xff, 0x80, 0x3e, 0xff, 0xe0, 0x01, 0xfb, 0x10, 0x00, 0x6f, 0xff, 0xc6, 0x10, 0x0b, 0xff, 0x24,
    0xff, 0xea, 0x12, 0xef, 0xff, 0xf4, 0x02, 0xff, 0x10, 0x00, 0x2e, 0x93, 0x00, 0x00, 0x2f, 0xfd,
    0x00, 0x00, 0x00, 0x2d, 0xff, 0xef, 0xfa, 0x04, 0xfe, 0x00, 0x00, 0x00, 0x00, 0x00, 0x00, 0xaf,
    0xf8, 0x00, 0x00, 0x05, 0xef, 0xfd, 0x2d, 0xff, 0x58, 0xfc, 0x00, 0x00, 0x00, 0x00, 0x00, 0x05,
    0xff, 0xf2, 0x00, 0x01, 0x9f, 0xff, 0xd1, 0x06, 0xff, 0xff, 0xf8, 0x00, 0x00, 0x00, 0x00, 0x00,
    0x0a, 0xff, 0x80, 0x00, 0x01, 0xcf, 0xfb, 0x10, 0x00, 0xbf, 0xff, 0xe2, 0x00, 0x00, 0x00, 0x00,
    0x00, 0x00, 0x9d, 0x10, 0x00, 0x00, 0x1c, 0x90, 0x00, 0x00, 0x07, 0xba, 0x30, 0x00, 0x00, 0x00,
    0x00, 0x00, 0x00, 0x01, 0x00, 0x00, 0x00, 0x01, 0x00, 0x00, 0x00, 0x00, 0x00, 0x00, 0x00, 0x00,
    0x00, 0x00, 0x00, 0x00, 0x00, 0x00, 0x00, 0x00, 0x00, 0x00, 0x00, 0x00, 0x00, 0x00, 0x00, 0x00,
    0x00, 0x00, 0x00, 0x00, 0x00, 0x00, 0x00, 0x00, 0x00, 0x00, 0x00, 0x00, 0x00, 0x00, 0x00, 0x00,
    0x00, 0x00, 0x00, 0x00, 0x00, 0x00, 0x00, 0x00, 0x03, 0x55, 0x20, 0x00, 0x00, 0x00, 0x00, 0x00,
    0x00, 0x00, 0x00, 0x00, 0x00, 0x00, 0x00, 0x00, 0x00, 0x09, 0xff, 0x70, 0x00, 0x00, 0x00, 0x00,
    0x00, 0x00, 0x00, 0x00, 0x00, 0x00, 0x00, 0x00, 0x00, 0x00, 0x09, 0xff, 0x70, 0x00, 0x00, 0x00,
    0x00, 0x00, 0x00, 0x00, 0x00, 0x08, 0x99, 0x99, 0x99, 0x99, 0x99, 0x9d, 0xff, 0xb9, 0x99, 0x99,
    0x99, 0x99, 0x99, 0x70, 0x00, 0x00, 0x0d, 0xff, 0xff, 0xff, 0xff, 0xff, 0xff, 0xff, 0xff, 0xff,
    0xff, 0xff, 0xff, 0xff, 0xd0, 0x00, 0x00, 0x0d, 0xff, 0xff, 0xff, 0xff, 0xff, 0xff, 0xff, 0xff,
    0xff, 0xff, 0xff, 0xff, 0xff, 0xd0, 0x00, 0x00, 0x00, 0x00, 0x00, 0x00, 0x00, 0x00, 0x09, 0xff,
    0x70, 0x00, 0x00, 0x00, 0x00, 0x00, 0x00, 0x00, 0x00, 0x00, 0x00, 0x00, 0x00, 0x00, 0x00, 0x09,
    0xff, 0x70, 0x00, 0x00, 0x00, 0x00, 0x00, 0x00, 0x00, 0x00, 0x00, 0x00, 0x00, 0x00, 0x00, 0x00,
    0x09, 0xff, 0x70, 0x00, 0x00, 0x00, 0x00, 0x00, 0x00, 0x00, 0x00, 0x00, 0x0e, 0xff, 0xff, 0xff,
    0xff, 0xff, 0xff, 0xff, 0xff, 0xff, 0xff, 0xff, 0xf7, 0x00, 0x00, 0x00, 0x00, 0x0e, 0xff, 0xff,
    0xff, 0xff, 0xff, 0xff, 0xff, 0xff, 0xff, 0xff, 0xff, 0xf7, 0x00, 0x00, 0x00, 0x00, 0x08, 0x99,
    0x99, 0x99, 0x99, 0x99, 0x99, 0x99, 0x99, 0x99, 0x99, 0x99, 0x94, 0x00, 0x00, 0x00, 0x00, 0x00,
    0x00, 0x00, 0x00, 0x00, 0x00, 0x00, 0x00, 0x00, 0x00, 0x00, 0x00, 0x00, 0x00, 0x00, 0x00, 0x00,
    0x02, 0x77, 0x77, 0x77, 0x77, 0x77, 0x77, 0x77, 0x77, 0x77, 0x77, 0x77, 0x60, 0x00, 0x00, 0x00,
    0x00, 0x04, 0xff, 0xff, 0xff, 0xff, 0xff, 0xff, 0xff, 0xff, 0xff, 0xff, 0xff, 0xd0, 0x00, 0x00,
    0x00, 0x00, 0x04, 0xff, 0xff, 0xff, 0xff, 0xff, 0xff, 0xff, 0xff, 0xff, 0xff, 0xff, 0xd0, 0x00,
    0x00, 0x00, 0x00, 0x04, 0xff, 0xb0, 0x00, 0x00, 0x08, 0xff, 0x60, 0x00, 0x00, 0x03, 0xff, 0xd0,
    0x00, 0x00, 0x00, 0x00, 0x04, 0xff, 0xb0, 0x00, 0x00, 0x08, 0xff, 0x60, 0x00, 0x00, 0x03, 0xff,
    0xd0, 0x00, 0x00, 0x00, 0x00, 0x05, 0xff, 0xa0, 0x00, 0x00, 0x08, 0xff, 0x60, 0x00, 0x00, 0x03,
    0xff, 0xd0, 0x00, 0x00, 0x00, 0x00, 0x05, 0xff, 0x90, 0x00, 0x00, 0x08, 0xff, 0x60, 0x00, 0x00,
    0x03, 0xff, 0xd0, 0x00, 0x00, 0x00, 0x00, 0x06, 0xff, 0xc9, 0x99, 0x99, 0x9c, 0xff, 0xb9, 0x99,
    0x99, 0x9a, 0xff, 0xd0, 0x00, 0x00, 0x00, 0x00, 0x09, 0xff, 0xff, 0xff, 0xff, 0xff, 0xff, 0xff,
    0xff, 0xff, 0xff, 0xff, 0xd0, 0x00, 0x00, 0x00, 0x00, 0x0b, 0xff, 0xff, 0xff, 0xff, 0xff, 0xff,
    0xff, 0xff, 0xff, 0xff, 0xff, 0xd0, 0x00, 0x00, 0x00, 0x00, 0x0e, 0xff, 0x10, 0x00, 0x00, 0x00,
    0x00, 0x00, 0x00, 0x00, 0x03, 0xff, 0xd0, 0x00, 0x00, 0x00, 0x00, 0x5f, 0xfd, 0x00, 0x00, 0x00,
    0x00, 0x00, 0x00, 0x00, 0x00, 0x02, 0xbb, 0xa0, 0x00, 0x00, 0x00, 0x00, 0xbf, 0xf9, 0x00, 0x00,
    0x00, 0x00, 0x00, 0x00, 0x00, 0x00, 0x00, 0x00, 0x00, 0x00, 0x00, 0x00, 0x03, 0xff, 0xf3, 0x00,
    0x00, 0x00, 0x00, 0x00, 0x00, 0x00, 0x00, 0x00, 0x00, 0x00, 0x00, 0x00, 0x00, 0x0c, 0xff, 0xc0,
    0x00, 0x00, 0x00, 0x00, 0x00, 0x00, 0x00, 0x00, 0x00, 0x00, 0x00, 0x00, 0x00, 0x00, 0x8f, 0xff,
    0x40, 0x00, 0x00, 0x00, 0x00, 0x00, 0x00, 0x00, 0x00, 0x00, 0x00, 0x00, 0x00, 0x00, 0x01, 0xcf,
    0xfa, 0x00, 0x00, 0x00, 0x00, 0x00, 0x00, 0x00, 0x00, 0x00, 0x00, 0x00, 0x00, 0x00, 0x00, 0x00,
    0x1b, 0xd1, 0x00, 0x00, 0x00, 0x00, 0x00, 0x00, 0x00, 0x00, 0x00, 0x00, 0x00, 0x00, 0x00, 0x00,
    0x00, 0x01, 0x20, 0x00, 0x00, 0x00, 0x00, 0x00, 0x00, 0x00, 0x00, 0x00, 0x00, 0x00, 0x00, 0x00,
    0x00, 0x00, 0x00, 0x00, 0x00, 0x00, 0x00, 0x00, 0x00, 0x00, 0x00, 0x00, 0x00, 0x00, 0x00, 0x00,
    0x00, 0x00, 0x00, 0x00, 0x00, 0x00, 0x00, 0x00, 0x00, 0x00, 0x00, 0x00, 0x00, 0x00, 0x00, 0x00,
    0x00, 0x00, 0x00, 0x00, 0x00, 0x00, 0x00, 0x00, 0x00, 0x34, 0x10, 0x00, 0x00, 0x00, 0x00, 0x00,
    0x00, 0x00, 0x00, 0x00, 0x00, 0x00, 0x00, 0x00, 0x00, 0x01, 0xef, 0xf9, 0x00, 0x00, 0x00, 0x00,
    0x00, 0x00, 0x00, 0x00, 0x00, 0x00, 0x00, 0x00, 0x00, 0x00, 0x0b, 0xff, 0xe1, 0x00, 0x00, 0x00,
    0x00, 0x00, 0x00, 0x00, 0x00, 0x00, 0x00, 0x00, 0x00, 0x00, 0x00, 0xaf, 0xff, 0xca, 0xaa, 0xaa,
    0xaa, 0xaa, 0xa9, 0x10, 0x00, 0x00, 0x00, 0x00, 0x00, 0x00, 0x00, 0x0a, 0xff, 0xff, 0xff, 0xff,
    0xff, 0xff, 0xff, 0xff, 0xe1, 0x00, 0x00, 0x00, 0x00, 0x00, 0x00, 0x01, 0xbf, 0xff, 0xff, 0xff,
    0xff, 0xff, 0xff, 0xff, 0xff, 0x70, 0x00, 0x00, 0x00, 0x00, 0x00, 0x00, 0x4e, 0xff, 0xfe, 0x20,
    0x00, 0x00, 0x00, 0x05, 0xff, 0xfb, 0x00, 0x00, 0x00, 0x00, 0x00, 0x00, 0x2a, 0xff, 0xff, 0xff,
    0xe4, 0x00, 0x00, 0x00, 0x7f, 0xff, 0xc1, 0x00, 0x00, 0x00, 0x00, 0x00, 0x06, 0xff, 0xff, 0xc6,
    0xdf, 0xff, 0x70, 0x00, 0x1a, 0xff, 0xfb, 0x10, 0x00, 0x00, 0x00, 0x00, 0x00, 0x01, 0xdf, 0xf8,
    0x00, 0x1b, 0xff, 0xfd, 0x46, 0xef, 0xff, 0x90, 0x00, 0x00, 0x00, 0x00, 0x00, 0x00, 0x00, 0x3c,
    0x30, 0x00, 0x00, 0x8f, 0xff, 0xff, 0xff, 0xf6, 0x00, 0x00, 0x00, 0x00, 0x00, 0x00, 0x00, 0x00,
    0x00, 0x00, 0x00, 0x00, 0x2b, 0xff, 0xff, 0xff, 0xa3, 0x00, 0x00, 0x00, 0x00, 0x00, 0x00, 0x00,
    0x00, 0x00, 0x00, 0x03, 0x8c, 0xff, 0xff, 0xff, 0xff, 0xff, 0xea, 0x51, 0x00, 0x00, 0x00, 0x00,
    0x00, 0x00, 0x13, 0x69, 0xdf, 0xff, 0xff, 0xfd, 0x77, 0xcf, 0xff, 0xff, 0xff, 0xdb, 0x86, 0x31,
    0x00, 0x01, 0xad, 0xff, 0xff, 0xff, 0xff, 0xfb, 0x50, 0x00, 0x03, 0x8e, 0xff, 0xff, 0xff, 0xff,
    0xfe, 0x10, 0x00, 0xaf, 0xff, 0xff, 0xff, 0xc7, 0x20, 0x00, 0x00, 0x00, 0x00, 0x49, 0xdf, 0xff,
    0xff, 0xf5, 0x00, 0x00, 0x4f, 0xfe, 0xb7, 0x41, 0x00, 0x00, 0x00, 0x00, 0x00, 0x00, 0x00, 0x01,
    0x47, 0xad, 0xb0, 0x00, 0x00, 0x06, 0x30, 0xdf, 0xff, 0xff, 0xff, 0xff, 0xff, 0xff, 0xff, 0xff,
    0xff, 0xfa, 0x00, 0x00, 0x00, 0x00, 0x00, 0x00, 0xdf, 0xff, 0xff, 0xff, 0xff, 0xff, 0xff, 0xff,
    0xff, 0xff, 0xfa, 0x00, 0x00, 0x00, 0x00, 0x00, 0x00, 0xdf, 0xfb, 0x99, 0x99, 0x9d, 0xff, 0xc9,
    0x99, 0x99, 0xdf, 0xfa, 0x00, 0x00, 0x00, 0x00, 0x00, 0x00, 0xdf, 0xf4, 0x00, 0x00, 0x0a, 0xff,
    0x70, 0x00, 0x00, 0xaf, 0xfa, 0x00, 0x00, 0x00, 0x00, 0x00, 0x00, 0xdf, 0xf4, 0x00, 0x00, 0x0a,
    0xff, 0x70, 0x00, 0x00, 0xaf, 0xfa, 0x00, 0x00, 0x00, 0x00, 0x00, 0x00, 0xdf, 0xff, 0xff, 0xff,
    0xff, 0xff, 0xff, 0xff, 0xff, 0xff, 0xfa, 0x00, 0x00, 0x00, 0x00, 0x00, 0x00, 0xdf, 0xff, 0xff,
    0xff, 0xff, 0xff, 0xff, 0xff, 0xff, 0xff, 0xfa, 0x00, 0x00, 0x00, 0x00, 0x00, 0x00, 0xdf, 0xf9,
    0x66, 0x66, 0x6c, 0xff, 0xa6, 0x66, 0x66, 0xcf, 0xfa, 0x00, 0x00, 0x00, 0x00, 0x00, 0x00, 0xdf,
    0xf4, 0x00, 0x00, 0x0a, 0xff, 0x70, 0x00, 0x00, 0xaf, 0xfa, 0x00, 0x00, 0x00, 0x00, 0x00, 0x00,
    0xdf, 0xf4, 0x00, 0x00, 0x0a, 0xff, 0x70, 0x00, 0x00, 0xaf, 0xfa, 0x00, 0x00, 0x00, 0x00, 0x00,
    0x00, 0xdf, 0xfb, 0x99, 0x99, 0x9d, 0xff, 0xc9, 0x99, 0x99, 0xdf, 0xfa, 0x00, 0x00, 0x00, 0x00,
    0x00, 0x00, 0xdf, 0xff, 0xff, 0xff, 0xff, 0xff, 0xff, 0xff, 0xff, 0xff, 0xfa, 0x00, 0x00, 0x00,
    0x00, 0x00, 0x00, 0xdf, 0xff, 0xff, 0xff, 0xff, 0xff, 0xff, 0xff, 0xff, 0xff, 0xfa, 0x00, 0x00,
    0x00, 0x00, 0x00, 0x00, 0xdf, 0xf4, 0x00, 0x00, 0x00, 0x00, 0x00, 0x00, 0x00, 0xaf, 0xfa, 0x00,
    0x00, 0x00, 0x00, 0x00, 0x00, 0x22, 0x21, 0x00, 0x00, 0x00, 0x00, 0x00, 0x00, 0x00, 0x12, 0x21,
    0x00, 0x00, 0x00, 0x00, 0x00, 0x00, 0x00, 0x00, 0x00, 0x00, 0x00, 0x00, 0x00, 0x00, 0x00, 0x00,
    0x00, 0x00, 0x00, 0x00, 0x00, 0x00, 0x00, 0x00, 0x00, 0x00, 0x00, 0x00, 0x00, 0x00, 0x00, 0x00,
    0x00, 0x00, 0x00, 0x00, 0x00, 0x00, 0x00, 0x00, 0x00, 0x01, 0x00, 0x00, 0x00, 0x00, 0x00, 0x00,
    0x00, 0x00, 0x00, 0x00, 0x00, 0x00, 0x00, 0x00, 0x00, 0x00, 0x2f, 0xc7, 0x00, 0x00, 0x00, 0x00,
    0x00, 0x00, 0x00, 0x00, 0x00, 0x00, 0x00, 0x00, 0x00, 0x00, 0x00, 0xaf, 0xf8, 0x00, 0x00, 0x00,
    0x00, 0x00, 0x00, 0x00, 0x00, 0x00, 0x00, 0x00, 0x00, 0x00, 0x00, 0x05, 0xff, 0xf1, 0x00, 0x00,
    0x00, 0x00, 0x00, 0x00, 0x00, 0x00, 0x00, 0x00, 0x00, 0x00, 0x00, 0x00, 0x2e, 0xff, 0xff, 0xff,
    0xff, 0xff, 0xff, 0xff, 0xff, 0xff, 0xff, 0xff, 0x20, 0x00, 0x00, 0x00, 0x01, 0xcf, 0xff, 0xff,
    0xff, 0xff, 0xff, 0xff, 0xff, 0xff, 0xff, 0xff, 0xff, 0x20, 0x00, 0x00, 0x00, 0x1c, 0xff, 0xe8,
    0x77, 0x77, 0x77, 0x77, 0x77, 0x77, 0x77, 0x77, 0x77, 0x77, 0x10, 0x00, 0x00, 0x03, 0xdf, 0xfe,
    0x20, 0x00, 0x00, 0x00, 0x00, 0x00, 0x00, 0x00, 0x00, 0x00, 0x00, 0x00, 0x00, 0x00, 0x4f, 0xff,
    0xe8, 0xff, 0xff, 0xff, 0xff, 0xff, 0xff, 0xff, 0xff, 0xff, 0xfe, 0x00, 0x00, 0x00, 0x00, 0x0c,
    0xfd, 0x26, 0xff, 0xff, 0xff, 0xff, 0xff, 0xff, 0xff, 0xff, 0xff, 0xfe, 0x00, 0x00, 0x00, 0x00,
    0x02, 0xb1, 0x06, 0xff, 0xa1, 0x11, 0x11, 0x11, 0x11, 0x11, 0x11, 0x5f, 0xfe, 0x00, 0x00, 0x00,
    0x00, 0x00, 0x00, 0x06, 0xff, 0x90, 0x00, 0x00, 0x00, 0x00, 0x00, 0x00, 0x3f, 0xfe, 0x00, 0x00,
    0x00, 0x00, 0x00, 0x00, 0x06, 0xff, 0xff, 0xff, 0xff, 0xff, 0xff, 0xff, 0xff, 0xff, 0xfe, 0x00,
    0x00, 0x00, 0x00, 0x00, 0x00, 0x06, 0xff, 0xff, 0xff, 0xff, 0xff, 0xff, 0xff, 0xff, 0xff, 0xfe,
    0x00, 0x00, 0x00, 0x00, 0x00, 0x00, 0x06, 0xff, 0x90, 0x00, 0x00, 0x00, 0x00, 0x00, 0x00, 0x3f,
    0xfe, 0x00, 0x00, 0x00, 0x00, 0x00, 0x00, 0x06, 0xff, 0x90, 0x00, 0x00, 0x00, 0x00, 0x00, 0x00,
    0x3f, 0xfe, 0x00, 0x00, 0x00, 0x00, 0x00, 0x00, 0x06, 0xff, 0xff, 0xff, 0xff, 0xff, 0xff, 0xff,
    0xff, 0xff, 0xfe, 0x00, 0x00, 0x00, 0x00, 0x00, 0x00, 0x06, 0xff, 0xff, 0xff, 0xff, 0xff, 0xff,
    0xff, 0xff, 0xff, 0xfe, 0x00, 0x00, 0x00, 0x00, 0x00, 0x00, 0x01, 0x22, 0x6f, 0xfe, 0x32, 0x22,
    0x22, 0x22, 0x22, 0x22, 0x22, 0x00, 0x00, 0x00, 0x00, 0x00, 0x00, 0x00, 0x02, 0xef, 0xf6, 0x00,
    0x00, 0x00, 0x00, 0x00, 0x01, 0x00, 0x00, 0x00, 0x00, 0x00, 0x00, 0x00, 0x00, 0x3e, 0xff, 0xff,
    0xff, 0xff, 0xff, 0xff, 0xff, 0xff, 0x91, 0x00, 0x00, 0x00, 0x00, 0x00, 0x00, 0x05, 0xef, 0xff,
    0xff, 0xff, 0xff, 0xff, 0xff, 0xff, 0xff, 0xf3, 0x00, 0x00, 0x00, 0x00, 0x00, 0x02, 0xbf, 0xff,
    0xfe, 0x64, 0x44, 0x44, 0x44, 0x44, 0xbf, 0xff, 0x60, 0x00, 0x00, 0x00, 0x00, 0x00, 0x6e, 0xff,
    0xf8, 0xef, 0xe6, 0x00, 0x00, 0x00, 0x2c, 0xff, 0xf6, 0x00, 0x00, 0x00, 0x00, 0x00, 0x00, 0x9f,
    0xfd, 0x30, 0x3e, 0xff, 0xb4, 0x00, 0x28, 0xef, 0xfe, 0x50, 0x00, 0x00, 0x00, 0x00, 0x00, 0x00,
    0x09, 0x91, 0x00, 0x02, 0xbf, 0xff, 0xba, 0xff, 0xff, 0xa1, 0x00, 0x00, 0x00, 0x00, 0x00, 0x00,
    0x00, 0x00, 0x00, 0x00, 0x00, 0x1a, 0xff, 0xff, 0xff, 0xf6, 0x00, 0x00, 0x00, 0x00, 0x00, 0x00,
    0x00, 0x00, 0x00, 0x00, 0x36, 0x9d, 0xff, 0xff, 0xff, 0xff, 0xff, 0xda, 0x74, 0x21, 0x00, 0x00,
    0x00, 0x00, 0x78, 0xac, 0xef, 0xff, 0xff, 0xff, 0xfd, 0x97, 0xbe, 0xff, 0xff, 0xff, 0xff, 0xed,
    0xc8, 0x00, 0x00, 0x9f, 0xff, 0xff, 0xff, 0xfe, 0xa6, 0x20, 0x00, 0x00, 0x48, 0xcf, 0xff, 0xff,
    0xff, 0xf3, 0x00, 0x00, 0x3f, 0xfe, 0xca, 0x85, 0x30, 0x00, 0x00, 0x00, 0x00, 0x00, 0x01, 0x35,
    0x79, 0xbd, 0x80, 0x00, 0x00, 0x03, 0x10, 0x00, 0x00, 0x00, 0x00, 0x00, 0x00, 0x00, 0x00, 0x00,
    0x00, 0x00, 0x00, 0x00, 0x00, 0x00, 0x00, 0x00, 0x00, 0x00, 0x00, 0x00, 0x00, 0x00, 0x00, 0x00,
    0x00, 0x00, 0x00, 0x00, 0x00, 0x00, 0x00, 0x00, 0x00, 0x00, 0x00, 0x00, 0x00, 0x00, 0x00, 0x00,
    0x00, 0x00, 0x00, 0x00, 0x00, 0x00, 0x00, 0x00, 0x00, 0x00, 0x00, 0x00, 0x00, 0x00, 0x05, 0x20,
    0x00, 0x00, 0x00, 0x00, 0x00, 0x00, 0x00, 0x00, 0x00, 0x00, 0x00, 0x00, 0x00, 0x00, 0x00, 0x8f,
    0xfe, 0x40, 0x00, 0x00, 0x00, 0x00, 0x00, 0x00, 0x00, 0x00, 0x00, 0x00, 0x00, 0x00, 0x00, 0x08,
    0xff, 0xf7, 0x00, 0x00, 0x00, 0x00, 0x00, 0x00, 0x00, 0x00, 0x00, 0x00, 0x00, 0x00, 0x00, 0x01,
    0xaf, 0xff, 0xea, 0xaa, 0xaa, 0xaa, 0xb6, 0x00, 0x00, 0x00, 0x00, 0x00, 0x00, 0x00, 0x00, 0x00,
    0x3d, 0xff, 0xff, 0xff, 0xff, 0xff, 0xff, 0xff, 0x90, 0x00, 0x00, 0x00, 0x00, 0x00, 0x00, 0x00,
    0x18, 0xff, 0xff, 0xff, 0xff, 0xff, 0xff, 0xff, 0xfe, 0x20, 0x00, 0x00, 0x00, 0x00, 0x00, 0x00,
    0x05, 0xdf, 0xff, 0xb1, 0x00, 0x00, 0x00, 0x06, 0xff, 0xf7, 0x00, 0x00, 0x00, 0x00, 0x00, 0x00,
    0x06, 0xdf, 0xff, 0xe6, 0x00, 0x00, 0x00, 0x00, 0x6f, 0xff, 0xa0, 0x00, 0x00, 0x00, 0x00, 0x00,
    0x00, 0x6f, 0xff, 0xfb, 0x25, 0xc4, 0x00, 0x00, 0x07, 0xff, 0xfb, 0x00, 0x00, 0x00, 0x00, 0x00,
    0x00, 0x00, 0x07, 0xfc, 0x40, 0x6f, 0xff, 0x90, 0x02, 0xbf, 0xff, 0xb1, 0x00, 0x00, 0x00, 0x00,
    0x00, 0x00, 0x00, 0x00, 0x50, 0x00, 0x09, 0xff, 0xfb, 0x7e, 0xff, 0xf9, 0x00, 0x00, 0x00, 0x00,
    0x00, 0x00, 0x00, 0x00, 0x00, 0x00, 0x00, 0x00, 0x6f, 0xff, 0xff, 0xfe, 0x60, 0x00, 0x00, 0x00,
    0x00, 0x00, 0x00, 0x00, 0x00, 0x00, 0x00, 0x00, 0x01, 0x7d, 0xff, 0xff, 0xb2, 0xaa, 0x63, 0x00,
    0x00, 0x00, 0x00, 0x00, 0x00, 0x00, 0x00, 0x00, 0x05, 0xbf, 0xff, 0xff, 0xd5, 0x0a, 0xff, 0xf6,
    0x00, 0x00, 0x00, 0x00, 0x00, 0x00, 0x00, 0x04, 0x7b, 0xef, 0xff, 0xff, 0xd6, 0x00, 0x8f, 0xff,
    0x80, 0x00, 0x00, 0x00, 0x00, 0x00, 0x00, 0x06, 0xff, 0xff, 0xff, 0xff, 0xa4, 0x00, 0x1a, 0xff,
    0xff, 0xbb, 0xbb, 0xbb, 0xba, 0x20, 0x00, 0x00, 0x01, 0xef, 0xff, 0xfb, 0x62, 0x00, 0x02, 0xdf,
    0xff, 0xff, 0xff, 0xff, 0xff, 0xff, 0xf2, 0x00, 0x00, 0x00, 0x7c, 0x85, 0x10, 0x00, 0x00, 0x7e,
    0xff, 0xff, 0xff, 0xff, 0xff, 0xff, 0xff, 0xb0, 0x00, 0x00, 0x00, 0x00, 0x00, 0x00, 0x00, 0x4d,
    0xff, 0xfc, 0x30, 0x00, 0x00, 0x00, 0xaf, 0xff, 0x20, 0x00, 0x00, 0x00, 0x00, 0x00, 0x00, 0x5b,
    0xff, 0xff, 0x80, 0x00, 0x00, 0x00, 0x08, 0xff, 0xf9, 0x00, 0x00, 0x00, 0x00, 0x00, 0x01, 0x7d,
    0xff, 0xff, 0xd3, 0x22, 0x00, 0x00, 0x00, 0x6f, 0xff, 0xc0, 0x00, 0x00, 0x00, 0x00, 0x00, 0x07,
    0xff, 0xff, 0xd6, 0x18, 0xfe, 0x40, 0x00, 0x07, 0xff, 0xfd, 0x10, 0x00, 0x00, 0x00, 0x00, 0x00,
    0x00, 0xaf, 0xc5, 0x00, 0x1c, 0xff, 0xf7, 0x02, 0xbf, 0xff, 0xe2, 0x00, 0x00, 0x00, 0x00, 0x00,
    0x00, 0x00, 0x25, 0x00, 0x00, 0x01, 0xbf, 0xff, 0xae, 0xff, 0xfc, 0x20, 0x00, 0x00, 0x00, 0x00,
    0x00, 0x00, 0x00, 0x00, 0x00, 0x00, 0x00, 0x0a, 0xff, 0xff, 0xff, 0xa1, 0x00, 0x00, 0x00, 0x00,
    0x00, 0x00, 0x00, 0x00, 0x00, 0x00, 0x00, 0x02, 0x7d, 0xff, 0xff, 0xe6, 0x00, 0x00, 0x00, 0x00,
    0x00, 0x00, 0x00, 0x00, 0x00, 0x00, 0x00, 0x37, 0xcf, 0xff, 0xff, 0xf9, 0x10, 0x00, 0x00, 0x00,
    0x00, 0x00, 0x00, 0x00, 0x00, 0x13, 0x68, 0xbe, 0xff, 0xff, 0xff, 0xe8, 0x20, 0x00, 0x00, 0x00,
    0x00, 0x00, 0x00, 0x00, 0x08, 0xce, 0xff, 0xff, 0xff, 0xff, 0xff, 0xc6, 0x10, 0x00, 0x00, 0x00,
    0x00, 0x00, 0x00, 0x00, 0x00, 0x05, 0xff, 0xff, 0xff, 0xff, 0xea, 0x61, 0x00, 0x00, 0x00, 0x00,
    0x00, 0x00, 0x00, 0x00, 0x00, 0x00, 0x00, 0xef, 0xfe, 0xc9, 0x62, 0x00, 0x00, 0x00, 0x00, 0x00,
    0x00, 0x00, 0x00, 0x00, 0x00, 0x00, 0x00, 0x00, 0x43, 0x10, 0x00, 0x00, 0x00, 0x00, 0x00, 0x00,
    0x00, 0x00, 0x00, 0x00, 0x00, 0x00, 0x00, 0x00, 0x00, 0x00, 0x00, 0x00, 0x00, 0x00, 0x00, 0x00,
    0x00, 0x00, 0x00, 0x00, 0x00, 0x00, 0x00, 0x00, 0x00, 0x00, 0x00, 0x00, 0x00, 0x00, 0x00, 0x00,
    0x00, 0x00, 0x00, 0x00, 0x00, 0x00, 0x00, 0x00, 0x00, 0x00, 0x00, 0x00, 0x00, 0x00, 0x00, 0x00,
    0x03, 0x44, 0x30, 0x00, 0x00, 0x00, 0x00, 0x00, 0x00, 0x00, 0x00, 0x00, 0x00, 0x00, 0x00, 0x00,
    0x00, 0x0a, 0xff, 0x90, 0x00, 0x00, 0x00, 0x00, 0x00, 0x00, 0x00, 0x00, 0x00, 0x00, 0x00, 0x00,
    0x00, 0x00, 0x0a, 0xff, 0x90, 0x00, 0x00, 0x00, 0x00, 0x00, 0x00, 0x00, 0x00, 0x00, 0x00, 0x00,
    0x00, 0x00, 0x00, 0x0b, 0xff, 0x80, 0x00, 0x00, 0x00, 0x00, 0x00, 0x00, 0x00, 0x00, 0x00, 0x00,
    0x00, 0x00, 0x00, 0x00, 0x0b, 0xff, 0x80, 0x00, 0x00, 0x00, 0x00, 0x00, 0x00, 0x00, 0x00, 0x00,
    0x00, 0x00, 0x00, 0x00, 0x00, 0x0b, 0xff, 0x80, 0x00, 0x00, 0x00, 0x00, 0x00, 0x00, 0x00, 0x00,
    0x00, 0x00, 0x00, 0x00, 0x00, 0x00, 0x0c, 0xff, 0x60, 0x00, 0x00, 0x00, 0x00, 0x00, 0x00, 0x00,
    0x00, 0x00, 0x00, 0x00, 0x00, 0x00, 0x00, 0x0d, 0xff, 0x50, 0x00, 0x00, 0x00, 0x00, 0x00, 0x00,
    0x00, 0x00, 0x00, 0x00, 0x00, 0x00, 0x00, 0x00, 0x0e, 0xff, 0x40, 0x00, 0x00, 0x00, 0x00, 0x00,
    0x00, 0x00, 0x00, 0x00, 0x00, 0x00, 0x00, 0x00, 0x00, 0x0f, 0xff, 0x30, 0x00, 0x00, 0x00, 0x00,
    0x00, 0x00, 0x00, 0x00, 0x1f, 0xff, 0xff, 0xff, 0xff, 0xff, 0xff, 0xff, 0xff, 0xff, 0xff, 0xff,
    0xff, 0xff, 0xf3, 0x00, 0x00, 0x1f, 0xff, 0xff, 0xff, 0xff, 0xff, 0xff, 0xff, 0xff, 0xff, 0xff,
    0xff, 0xff, 0xff, 0xf3, 0x00, 0x00, 0x1f, 0xff, 0xff, 0xff, 0xff, 0xff, 0xff, 0xff, 0xff, 0xff,
    0xff, 0xff, 0xff, 0xff, 0xf3, 0x00, 0x00, 0x02, 0x22, 0x22, 0x22, 0x22, 0x22, 0xbf, 0xff, 0xf9,
    0x22, 0x22, 0x22, 0x22, 0x22, 0x20, 0x00, 0x00, 0x00, 0x00, 0x00, 0x00, 0x00, 0x01, 0xef, 0xff,
    0xfe, 0x00, 0x00, 0x00, 0x00, 0x00, 0x00, 0x00, 0x00, 0x00, 0x00, 0x00, 0x00, 0x00, 0x05, 0xff,
    0xff, 0xff, 0x50, 0x00, 0x00, 0x00, 0x00, 0x00, 0x00, 0x00, 0x00, 0x00, 0x00, 0x00, 0x00, 0x09,
    0xff, 0xdb, 0xff, 0xb0, 0x00, 0x00, 0x00, 0x00, 0x00, 0x00, 0x00, 0x00, 0x00, 0x00, 0x00, 0x00,
    0x0e, 0xff, 0x74, 0xff, 0xf2, 0x00, 0x00, 0x00, 0x00, 0x00, 0x00, 0x00, 0x00, 0x00, 0x00, 0x00,
    0x00, 0x5f, 0xff, 0x20, 0xcf, 0xfa, 0x00, 0x00, 0x00, 0x00, 0x00, 0x00, 0x00, 0x00, 0x00, 0x00,
    0x00, 0x00, 0xcf, 0xfb, 0x00, 0x6f, 0xff, 0x40, 0x00, 0x00, 0x00, 0x00, 0x00, 0x00, 0x00, 0x00,
    0x00, 0x00, 0x06, 0xff, 0xf5, 0x00, 0x0e, 0xff, 0xd1, 0x00, 0x00, 0x00, 0x00, 0x00, 0x00, 0x00,
    0x00, 0x00, 0x00, 0x1e, 0xff, 0xb0, 0x00, 0x06, 0xff, 0xf9, 0x00, 0x00, 0x00, 0x00, 0x00, 0x00,
    0x00, 0x00, 0x00, 0x00, 0xbf, 0xff, 0x30, 0x00, 0x00, 0xbf, 0xff, 0x40, 0x00, 0x00, 0x00, 0x00,
    0x00, 0x00, 0x00, 0x00, 0x09, 0xff, 0xf8, 0x00, 0x00, 0x00, 0x2e, 0xff, 0xf4, 0x00, 0x00, 0x00,
    0x00, 0x00, 0x00, 0x00, 0x00, 0x9f, 0xff, 0xd1, 0x00, 0x00, 0x00, 0x06, 0xff, 0xff, 0x40, 0x00,
    0x00, 0x00, 0x00, 0x00, 0x00, 0x1a, 0xff, 0xfe, 0x20, 0x00, 0x00, 0x00, 0x00, 0xaf, 0xff, 0xf4,
    0x00, 0x00, 0x00, 0x00, 0x00, 0x03, 0xdf, 0xff, 0xe4, 0x00, 0x00, 0x00, 0x00, 0x00, 0x0a, 0xff,
    0xff, 0x80, 0x00, 0x00, 0x00, 0x01, 0x8f, 0xff, 0xfe, 0x30, 0x00, 0x00, 0x00, 0x00, 0x00, 0x00,
    0xaf, 0xff, 0xfd, 0x50, 0x00, 0x00, 0x5e, 0xff, 0xff, 0xc2, 0x00, 0x00, 0x00, 0x00, 0x00, 0x00,
    0x00, 0x0a, 0xff, 0xff, 0xf7, 0x00, 0x00, 0x1c, 0xff, 0xf8, 0x00, 0x00, 0x00, 0x00, 0x00, 0x00,
    0x00, 0x00, 0x00, 0x4d, 0xff, 0xb0, 0x00, 0x00, 0x01, 0xdb, 0x30, 0x00, 0x00, 0x00, 0x00, 0x00,
    0x00, 0x00, 0x00, 0x00, 0x01, 0x8e, 0x10, 0x00, 0x00, 0x00, 0x10, 0x00, 0x00, 0x00, 0x00, 0x00,
    0x00, 0x00, 0x00, 0x00, 0x00, 0x00, 0x01, 0x00, 0x00, 0x00, 0x00, 0x00, 0x00, 0x00, 0x00, 0x00,
    0x00, 0x00, 0x00, 0x00, 0x00, 0x00, 0x00, 0x00, 0x00, 0x00, 0x00, 0x00, 0x00, 0x00, 0x00, 0x00,
    0x00, 0x00, 0x00, 0x00, 0x00, 0x00, 0x00, 0x00, 0x00, 0x00, 0x00, 0x00, 0x00, 0xcf, 0xff, 0xff,
    0xff, 0xff, 0xff, 0xff, 0xff, 0xff, 0xff, 0xff, 0xff, 0xf9, 0x00, 0x00, 0x00, 0x00, 0xcf, 0xff,
    0xff, 0xff, 0xff, 0xff, 0xff, 0xff, 0xff, 0xff, 0xff, 0xff, 0xf9, 0x00, 0x00, 0x00, 0x00, 0xcf,
    0xff, 0xff, 0xff, 0xff, 0xff, 0xff, 0xff, 0xff, 0xff, 0xff, 0xff, 0xf9, 0x00, 0x00, 0x00, 0x00,
    0x12, 0x22, 0x22, 0x22, 0x22, 0x2d, 0xff, 0x62, 0x22, 0x22, 0x22, 0x22, 0x21, 0x00, 0x00, 0x00,
    0x00, 0x00, 0x00, 0x00, 0x00, 0x00, 0x0c, 0xff, 0x50, 0x00, 0x00, 0x00, 0x00, 0x00, 0x00, 0x00,
    0x00, 0x00, 0x00, 0x00, 0x00, 0x00, 0x00, 0x0c, 0xff, 0x50, 0x00, 0x00, 0x00, 0x00, 0x00, 0x00,
    0x00, 0x00, 0x00, 0x00, 0x00, 0x00, 0x00, 0x00, 0x0c, 0xff, 0x50, 0x00, 0x00, 0x00, 0x00, 0x00,
    0x00, 0x00, 0x00, 0x00, 0x00, 0x00, 0x00, 0x00, 0x00, 0x0d, 0xff, 0x40, 0x00, 0x00, 0x00, 0x00,
    0x00, 0x00, 0x00, 0x00, 0x00, 0x00, 0x00, 0x00, 0x00, 0x00, 0x0e, 0xff, 0x40, 0x00, 0x00, 0x00,
    0x00, 0x00, 0x00, 0x00, 0x00, 0x00, 0x00, 0x00, 0x00, 0x00, 0x00, 0x0f, 0xff, 0x30, 0x00, 0x00,
    0x00, 0x00, 0x00, 0x00, 0x00, 0x00, 0x0e, 0xff, 0xff, 0xff, 0xff, 0xff, 0xff, 0xff, 0xff, 0xff,
    0xff, 0xff, 0xff, 0xff, 0xf0, 0x00, 0x00, 0x0e, 0xff, 0xff, 0xff, 0xff, 0xff, 0xff, 0xff, 0xff,
    0xff, 0xff, 0xff, 0xff, 0xff, 0xf0, 0x00, 0x00, 0x0e, 0xff, 0xff, 0xff, 0xff, 0xff, 0xff, 0xff,
    0xff, 0xff, 0xff, 0xff, 0xff, 0xff, 0xf0, 0x00, 0x00, 0x01, 0x22, 0x22, 0x22, 0x22, 0x22, 0xcf,
    0xff, 0xf7, 0x22, 0x22, 0x22, 0x22, 0x22, 0x20, 0x00, 0x00, 0x00, 0x00, 0x00, 0x00, 0x00, 0x02,
    0xff, 0xff, 0xfd, 0x00, 0x00, 0x00, 0x00, 0x00, 0x00, 0x00, 0x00, 0x00, 0x00, 0x00, 0x00, 0x00,
    0x08, 0xff, 0xfe, 0xff, 0x50, 0x00, 0x00, 0x00, 0x00, 0x00, 0x00, 0x00, 0x00, 0x00, 0x00, 0x00,
    0x00, 0x0d, 0xff, 0xa7, 0xff, 0xd0, 0x00, 0x00, 0x00, 0x00, 0x00, 0x00, 0x00, 0x00, 0x00, 0x00,
    0x00, 0x00, 0x8f, 0xff, 0x31, 0xef, 0xf7, 0x00, 0x00, 0x00, 0x00, 0x00, 0x00, 0x00, 0x00, 0x00,
    0x00, 0x00, 0x03, 0xff, 0xfb, 0x00, 0x6f, 0xff, 0x40, 0x00, 0x00, 0x00, 0x00, 0x00, 0x00, 0x00,
    0x00, 0x00, 0x00, 0x1d, 0xff, 0xf3, 0x00, 0x0d, 0xff, 0xe2, 0x00, 0x00, 0x00, 0x00, 0x00, 0x00,
    0x00, 0x00, 0x00, 0x01, 0xcf, 0xff, 0x80, 0x00, 0x03, 0xff, 0xfd, 0x10, 0x00, 0x00, 0x00, 0x00,
    0x00, 0x00, 0x00, 0x00, 0x2d, 0xff, 0xfb, 0x00, 0x00, 0x00, 0x6f, 0xff, 0xd4, 0x00, 0x00, 0x00,
    0x00, 0x00, 0x00, 0x00, 0x05, 0xef, 0xff, 0xc1, 0x00, 0x00, 0x00, 0x08, 0xff, 0xff, 0x70, 0x00,
    0x00, 0x00, 0x00, 0x00, 0x02, 0xbf, 0xff, 0xfb, 0x10, 0x00, 0x00, 0x00, 0x00, 0xaf, 0xff, 0xfb,
    0x40, 0x00, 0x00, 0x00, 0x02, 0x9f, 0xff, 0xff, 0x90, 0x00, 0x00, 0x00, 0x00, 0x00, 0x06, 0xff,
    0xff, 0xfd, 0x71, 0x00, 0x00, 0x7f, 0xff, 0xff, 0xe5, 0x00, 0x00, 0x00, 0x00, 0x00, 0x00, 0x00,
    0x3d, 0xff, 0xff, 0xfc, 0x00, 0x00, 0x2e, 0xff, 0xf8, 0x10, 0x00, 0x00, 0x00, 0x00, 0x00, 0x00,
    0x00, 0x01, 0x8e, 0xff, 0xe2, 0x00, 0x00, 0x05, 0xe9, 0x20, 0x00, 0x00, 0x00, 0x00, 0x00, 0x00,
    0x00, 0x00, 0x00, 0x01, 0x7d, 0x60, 0x00, 0x00, 0x00, 0x10, 0x00, 0x00, 0x00, 0x00, 0x00, 0x00,
    0x00, 0x00, 0x00, 0x00, 0x00, 0x00, 0x00, 0x00, 0x00, 0x00, 0x00, 0x00, 0x00, 0x00, 0x00, 0x00,
    0x00, 0x00, 0x00, 0x00, 0x00, 0x00, 0x00, 0x00, 0x00, 0x00, 0x00, 0x00, 0x00, 0x00, 0x00, 0x00,
    0x00, 0x00, 0x00, 0x00, 0x00, 0x00, 0x00, 0x00, 0x00, 0x00, 0x00, 0x00, 0x00, 0x00, 0x00, 0x00,
    0x00, 0x04, 0x55, 0x20, 0x00, 0x00, 0x00, 0x00, 0x00, 0x00, 0x00, 0x00, 0x00, 0x00, 0x01, 0xda,
    0x61, 0x00, 0x0b, 0xff, 0x70, 0x00, 0x00, 0x00, 0x00, 0x00, 0x00, 0x00, 0x00, 0x00, 0x00, 0x05,
    0xff, 0xf1, 0x00, 0x0b, 0xff, 0x70, 0x00, 0x00, 0x00, 0x00, 0x00, 0x00, 0x00, 0x00, 0x00, 0x00,
    0x0a, 0xff, 0xa0, 0x00, 0x0b, 0xff, 0x70, 0x00, 0x00, 0x00, 0x00, 0x00, 0x00, 0x00, 0x00, 0x00,
    0x00, 0x1e, 0xff, 0x50, 0x00, 0x0b, 0xff, 0x70, 0x00, 0x00, 0x00, 0x00, 0x00, 0x00, 0x00, 0x00,
    0x00, 0x00, 0x6f, 0xff, 0x10, 0x00, 0x0b, 0xff, 0x70, 0x00, 0x00, 0x00, 0x00, 0x00, 0x00, 0x00,
    0x00, 0x00, 0x00, 0xdf, 0xff, 0xff, 0xff, 0xff, 0xff, 0xff, 0xff, 0xff, 0xff, 0xff, 0xa0, 0x00,
    0x00, 0x00, 0x00, 0x05, 0xff, 0xff, 0xff, 0xff, 0xff, 0xff, 0xff, 0xff, 0xff, 0xff, 0xff, 0xa0,
    0x00, 0x00, 0x00, 0x00, 0x0d, 0xff, 0xff, 0xff, 0xff, 0xff, 0xff, 0xff, 0xff, 0xff, 0xff, 0xff,
    0xa0, 0x00, 0x00, 0x00, 0x00, 0x6f, 0xff, 0x41, 0x11, 0x11, 0x1b, 0xff, 0x71, 0x11, 0x11, 0x11,
    0x11, 0x10, 0x00, 0x00, 0x00, 0x02, 0xef, 0xfb, 0x00, 0x00, 0x00, 0x0b, 0xff, 0x70, 0x00, 0x00,
    0x00, 0x00, 0x00, 0x00, 0x00, 0x00, 0x1c, 0xff, 0xf2, 0x00, 0x00, 0x00, 0x0c, 0xff, 0x60, 0x00,
    0x00, 0x00, 0x00, 0x00, 0x00, 0x00, 0x00, 0x1a, 0xff, 0x70, 0x00, 0x00, 0x00, 0x0d, 0xff, 0x50,
    0x00, 0x00, 0x00, 0x00, 0x00, 0x00, 0x00, 0x00, 0x00, 0x39, 0x00, 0x00, 0x00, 0x00, 0x0e, 0xff,
    0x40, 0x00, 0x00, 0x00, 0x00, 0x00, 0x00, 0x00, 0x00, 0x00, 0x00, 0x00, 0x00, 0x00, 0x00, 0x0f,
    0xff, 0x30, 0x00, 0x00, 0x00, 0x00, 0x00, 0x00, 0x00, 0x00, 0x6f, 0xff, 0xff, 0xff, 0xff, 0xff,
    0xff, 0xff, 0xff, 0xff, 0xff, 0xff, 0xff, 0xff, 0xf5, 0x00, 0x00, 0x6f, 0xff, 0xff, 0xff, 0xff,
    0xff, 0xff, 0xff, 0xff, 0xff, 0xff, 0xff, 0xff, 0xff, 0xf5, 0x00, 0x00, 0x6f, 0xff, 0xff, 0xff,
    0xff, 0xff, 0xff, 0xff, 0xff, 0xff, 0xff, 0xff, 0xff, 0xff, 0xf5, 0x00, 0x00, 0x01, 0x11, 0x11,
    0x11, 0x11, 0x12, 0xef, 0xff, 0xfd, 0x11, 0x11, 0x11, 0x11, 0x11, 0x10, 0x00, 0x00, 0x00, 0x00,
    0x00, 0x00, 0x00, 0x07, 0xff, 0xff, 0xff, 0x60, 0x00, 0x00, 0x00, 0x00, 0x00, 0x00, 0x00, 0x00,
    0x00, 0x00, 0x00, 0x00, 0x1e, 0xff, 0xb7, 0xff, 0xe1, 0x00, 0x00, 0x00, 0x00, 0x00, 0x00, 0x00,
    0x00, 0x00, 0x00, 0x00, 0x00, 0x9f, 0xff, 0x41, 0xdf, 0xf8, 0x00, 0x00, 0x00, 0x00, 0x00, 0x00,
    0x00, 0x00, 0x00, 0x00, 0x00, 0x05, 0xff, 0xfc, 0x00, 0x6f, 0xff, 0x60, 0x00, 0x00, 0x00, 0x00,
    0x00, 0x00, 0x00, 0x00, 0x00, 0x00, 0x4f, 0xff, 0xf3, 0x00, 0x0c, 0xff, 0xf5, 0x00, 0x00, 0x00,
    0x00, 0x00, 0x00, 0x00, 0x00, 0x00, 0x06, 0xff, 0xff, 0x70, 0x00, 0x02, 0xef, 0xff, 0x50, 0x00,
    0x00, 0x00, 0x00, 0x00, 0x00, 0x00, 0x01, 0x9f, 0xff, 0xf9, 0x00, 0x00, 0x00, 0x3f, 0xff, 0xfa,
    0x20, 0x00, 0x00, 0x00, 0x00, 0x00, 0x00, 0x6e, 0xff, 0xff, 0x80, 0x00, 0x00, 0x00, 0x05, 0xff,
    0xff, 0xe6, 0x00, 0x00, 0x00, 0x00, 0x01, 0x6d, 0xff, 0xff, 0xe6, 0x00, 0x00, 0x00, 0x00, 0x00,
    0x4e, 0xff, 0xff, 0xea, 0x40, 0x00, 0x00, 0x7f, 0xff, 0xff, 0xfb, 0x20, 0x00, 0x00, 0x00, 0x00,
    0x00, 0x01, 0xaf, 0xff, 0xff, 0xfd, 0x10, 0x00, 0x2e, 0xff, 0xfd, 0x50, 0x00, 0x00, 0x00, 0x00,
    0x00, 0x00, 0x00, 0x05, 0xdf, 0xff, 0xf5, 0x00, 0x00, 0x06, 0xfb, 0x50, 0x00, 0x00, 0x00, 0x00,
    0x00, 0x00, 0x00, 0x00, 0x00, 0x03, 0x9e, 0xa0, 0x00, 0x00, 0x00, 0x20, 0x00, 0x00, 0x00, 0x00,
    0x00, 0x00, 0x00, 0x00, 0x00, 0x00, 0x00, 0x01, 0x10, 0x00, 0x00, 0x00, 0x00, 0x00, 0x00, 0x00,
    0x00, 0x00, 0x00, 0x00, 0x00, 0x00, 0x00, 0x00, 0x00, 0x00, 0x00, 0x00, 0x00, 0x00, 0x00, 0x00,
    0x00, 0x00, 0x00, 0x00, 0x00, 0x00, 0x00, 0x00, 0x00, 0x00, 0x00, 0x00, 0x00, 0x00, 0x00, 0x02,
    0x32, 0x10, 0x00, 0x00, 0x00, 0x00, 0x00, 0x00, 0x00, 0x00, 0x00, 0x00, 0x00, 0x00, 0x00, 0x00,
    0x0a, 0xff, 0x50, 0x00, 0x00, 0x00, 0x00, 0x00, 0x00, 0x00, 0x00, 0x00, 0x00, 0x00, 0x00, 0x00,
    0x00, 0x0d, 0xff, 0x20, 0x00, 0x00, 0x00, 0x00, 0x00, 0x00, 0x00, 0x00, 0x00, 0x00, 0x00, 0x00,
    0x00, 0x00, 0x0f, 0xff, 0x00, 0x00, 0x00, 0x00, 0x00, 0x00, 0x00, 0x00, 0x00, 0x00, 0x00, 0x00,
    0x00, 0x00, 0x00, 0x2f, 0xfc, 0x00, 0x00, 0x00, 0x01, 0xdd, 0xdd, 0xdd, 0xdd, 0xdd, 0xdd, 0x90,
    0x00, 0x00, 0x00, 0x00, 0x4f, 0xfa, 0x00, 0x00, 0x00, 0x01, 0xff, 0xff, 0xff, 0xff, 0xff, 0xff,
    0xa0, 0x00, 0x00, 0x00, 0x00, 0x6f, 0xf7, 0x00, 0x00, 0x00, 0x01, 0xff, 0xff, 0xff, 0xff, 0xff,
    0xff, 0xa0, 0x00, 0x00, 0x8c, 0xcc, 0xef, 0xfd, 0xcc, 0xcc, 0xdb, 0x51, 0xff, 0xc0, 0x00, 0x00,
    0x05, 0xff, 0xa0, 0x00, 0x00, 0x9f, 0xff, 0xff, 0xff, 0xff, 0xff, 0xff, 0x61, 0xff, 0xc0, 0x00,
    0x00, 0x05, 0xff, 0xa0, 0x00, 0x00, 0x9f, 0xff, 0xff, 0xff, 0xff, 0xff, 0xff, 0x41, 0xff, 0xc0,
    0x00, 0x00, 0x05, 0xff, 0xa0, 0x00, 0x00, 0x00, 0x03, 0xff, 0xa0, 0x00, 0x0b, 0xff, 0x31, 0xff,
    0xc0, 0x00, 0x00, 0x05, 0xff, 0xa0, 0x00, 0x00, 0x00, 0x07, 0xff, 0x70, 0x00, 0x0d, 0xff, 0x11,
    0xff, 0xc0, 0x00, 0x00, 0x05, 0xff, 0xa0, 0x00, 0x00, 0x00, 0x0a, 0xff, 0x30, 0x00, 0x0f, 0xfe,
    0x01, 0xff, 0xc0, 0x00, 0x00, 0x05, 0xff, 0xa0, 0x00, 0x00, 0x00, 0x0e, 0xff, 0x00, 0x00, 0x3f,
    0xfc, 0x01, 0xff, 0xc0, 0x00, 0x00, 0x05, 0xff, 0xa0, 0x00, 0x00, 0x00, 0x2f, 0xfb, 0x00, 0x00,
    0x6f, 0xf9, 0x01, 0xff, 0xc0, 0x00, 0x00, 0x05, 0xff, 0xa0, 0x00, 0x00, 0x00, 0x6f, 0xf8, 0x00,
    0x00, 0x9f, 0xf6, 0x01, 0xff, 0xc0, 0x00, 0x00, 0x05, 0xff, 0xa0, 0x00, 0x00, 0x00, 0xaf, 0xf4,
    0x00, 0x00, 0xdf, 0xf3, 0x01, 0xff, 0xc0, 0x00, 0x00, 0x05, 0xff, 0xa0, 0x00, 0x00, 0x00, 0xef,
    0xf3, 0x00, 0x02, 0xff, 0xe0, 0x01, 0xff, 0xc0, 0x00, 0x00, 0x05, 0xff, 0xa0, 0x00, 0x00, 0x02,
    0xff, 0xfe, 0x40, 0x07, 0xff, 0x90, 0x01, 0xff, 0xc0, 0x00, 0x00, 0x05, 0xff, 0xa0, 0x00, 0x00,
    0x00, 0x4e, 0xff, 0xf7, 0x0d, 0xff, 0x50, 0x01, 0xff, 0xc0, 0x00, 0x00, 0x05, 0xff, 0xa0, 0x00,
    0x00, 0x00, 0x03, 0xdf, 0xff, 0xbf, 0xfe, 0x00, 0x01, 0xff, 0xc0, 0x00, 0x00, 0x05, 0xff, 0xa0,
    0x00, 0x00, 0x00, 0x00, 0x1c, 0xff, 0xff, 0xf8, 0x00, 0x01, 0xff, 0xc0, 0x00, 0x00, 0x05, 0xff,
    0xa0, 0x00, 0x00, 0x00, 0x00, 0x01, 0xbf, 0xff, 0xf4, 0x00, 0x01, 0xff, 0xc0, 0x00, 0x00, 0x05,
    0xff, 0xa0, 0x00, 0x00, 0x00, 0x00, 0x00, 0x1e, 0xff, 0xfd, 0x20, 0x01, 0xff, 0xc0, 0x00, 0x00,
    0x05, 0xff, 0xa0, 0x00, 0x00, 0x00, 0x00, 0x00, 0xbf, 0xff, 0xff, 0xe2, 0x01, 0xff, 0xc0, 0x00,
    0x00, 0x05, 0xff, 0xa0, 0x00, 0x00, 0x00, 0x00, 0x0a, 0xff, 0xfa, 0xff, 0xfd, 0x21, 0xff, 0xff,
    0xff, 0xff, 0xff, 0xff, 0xa0, 0x00, 0x00, 0x00, 0x01, 0xbf, 0xff, 0x60, 0x7f, 0xfe, 0x21, 0xff,
    0xff, 0xff, 0xff, 0xff, 0xff, 0xa0, 0x00, 0x00, 0x00, 0x5e, 0xff, 0xf7, 0x00, 0x08, 0xf4, 0x01,
    0xff, 0xfd, 0xdd, 0xdd, 0xde, 0xff, 0xa0, 0x00, 0x00, 0x4c, 0xff, 0xff, 0x70, 0x00, 0x00, 0x40,
    0x01, 0xff, 0xc0, 0x00, 0x00, 0x05, 0xff, 0xa0, 0x00, 0x00, 0x3e, 0xff, 0xd4, 0x00, 0x00, 0x00,
    0x00, 0x01, 0xff, 0xc0, 0x00, 0x00, 0x04, 0xee, 0x90, 0x00, 0x00, 0x06, 0xe7, 0x00, 0x00, 0x00,
    0x00, 0x00, 0x01, 0x77, 0x50, 0x00, 0x00, 0x00, 0x00, 0x00, 0x00, 0x00, 0x00, 0x20, 0x00, 0x00,
    0x00, 0x00, 0x00, 0x00, 0x00, 0x00, 0x00, 0x00, 0x00, 0x00, 0x00, 0x00, 0x00, 0x00, 0x00, 0x00,
    0x00, 0x00, 0x00, 0x00, 0x00, 0x00, 0x00, 0x00, 0x00, 0x00, 0x00, 0x00, 0x00, 0x00, 0x00, 0x00,
    0x00, 0x00, 0x00, 0x00, 0x00, 0x00, 0x00, 0x00, 0x00, 0x00, 0x00, 0x00, 0x00, 0x00, 0x00, 0x00,
    0x00, 0x00, 0x00, 0x00, 0x00, 0x00, 0x00, 0x00, 0x00, 0x00, 0x00, 0x10, 0x00, 0x00, 0x00, 0x00,
    0x00, 0x04, 0xff, 0xff, 0xff, 0xff, 0xff, 0xff, 0xff, 0xff, 0xff, 0xff, 0xfa, 0x10, 0x00, 0x00,
    0x00, 0x00, 0x04, 0xff, 0xff, 0xff, 0xff, 0xff, 0xff, 0xff, 0xff, 0xff, 0xff, 0xff, 0xc0, 0x00,
    0x00, 0x00, 0x00, 0x04, 0xff, 0xff, 0xff, 0xff, 0xff, 0xff, 0xff, 0xff, 0xff, 0xff, 0xfe, 0x30,
    0x00, 0x00, 0x00, 0x00, 0x00, 0x00, 0x00, 0x00, 0x00, 0x00, 0x00, 0x00, 0x02, 0xbf, 0xff, 0xd2,
    0x00, 0x00, 0x00, 0x00, 0x00, 0x00, 0x00, 0x00, 0x00, 0x00, 0x00, 0x00, 0x00, 0x6e, 0xff, 0xfa,
    0x10, 0x00, 0x00, 0x00, 0x00, 0x00, 0x00, 0x00, 0x00, 0x00, 0x00, 0x00, 0x00, 0x2a, 0xff, 0xff,
    0x70, 0x00, 0x00, 0x00, 0x00, 0x00, 0x00, 0x00, 0x00, 0x00, 0x00, 0x00, 0x00, 0x19, 0xff, 0xff,
    0xc2, 0x00, 0x00, 0x00, 0x00, 0x00, 0x00, 0x00, 0x00, 0x00, 0x00, 0x00, 0x00, 0x04, 0xef, 0xff,
    0xe7, 0x00, 0x00, 0x00, 0x00, 0x00, 0x00, 0x00, 0x00, 0x00, 0x00, 0x00, 0x00, 0x00, 0x07, 0xff,
    0xf9, 0x10, 0x00, 0x00, 0x00, 0x00, 0x00, 0x00, 0x00, 0x00, 0x00, 0x00, 0x00, 0x00, 0x00, 0x07,
    0xff, 0xb0, 0x00, 0x00, 0x00, 0x00, 0x00, 0x00, 0x00, 0x00, 0x00, 0x00, 0x00, 0x00, 0x00, 0x00,
    0x07, 0xff, 0xb0, 0x00, 0x00, 0x00, 0x00, 0x00, 0x00, 0x00, 0x00, 0x00, 0x00, 0x00, 0x00, 0x00,
    0x00, 0x07, 0xff, 0xb0, 0x00, 0x00, 0x00, 0x00, 0x00, 0x00, 0x00, 0x00, 0x7f, 0xff, 0xff, 0xff,
    0xff, 0xff, 0xff, 0xff, 0xff, 0xff, 0xff, 0xff, 0xff, 0xff, 0xf8, 0x00, 0x00, 0x7f, 0xff, 0xff,
    0xff, 0xff, 0xff, 0xff, 0xff, 0xff, 0xff, 0xff, 0xff, 0xff, 0xff, 0xf8, 0x00, 0x00, 0x7f, 0xff,
    0xff, 0xff, 0xff, 0xff, 0xff, 0xff, 0xff, 0xff, 0xff, 0xff, 0xff, 0xff, 0xf8, 0x00, 0x00, 0x01,
    0x11, 0x11, 0x11, 0x11, 0x11, 0x17, 0xff, 0xb1, 0x11, 0x11, 0x11, 0x11, 0x11, 0x10, 0x00, 0x00,
    0x00, 0x00, 0x00, 0x00, 0x00, 0x00, 0x07, 0xff, 0xb0, 0x00, 0x00, 0x00, 0x00, 0x00, 0x00, 0x00,
    0x00, 0x00, 0x00, 0x00, 0x00, 0x00, 0x00, 0x07, 0xff, 0xb0, 0x00, 0x00, 0x00, 0x00, 0x00, 0x00,
    0x00, 0x00, 0x00, 0x00, 0x00, 0x00, 0x00, 0x00, 0x07, 0xff, 0xb0, 0x00, 0x00, 0x00, 0x00, 0x00,
    0x00, 0x00, 0x00, 0x00, 0x00, 0x00, 0x00, 0x00, 0x00, 0x07, 0xff, 0xb0, 0x00, 0x00, 0x00, 0x00,
    0x00, 0x00, 0x00, 0x00, 0x00, 0x00, 0x00, 0x00, 0x00, 0x00, 0x07, 0xff, 0xb0, 0x00, 0x00, 0x00,
    0x00, 0x00, 0x00, 0x00, 0x00, 0x00, 0x00, 0x00, 0x00, 0x00, 0x00, 0x07, 0xff, 0xb0, 0x00, 0x00,
    0x00, 0x00, 0x00, 0x00, 0x00, 0x00, 0x00, 0x00, 0x00, 0x00, 0x00, 0x00, 0x07, 0xff, 0xb0, 0x00,
    0x00, 0x00, 0x00, 0x00, 0x00, 0x00, 0x00, 0x00, 0x00, 0x00, 0x00, 0x00, 0x00, 0x07, 0xff, 0xb0,
    0x00, 0x00, 0x00, 0x00, 0x00, 0x00, 0x00, 0x00, 0x00, 0x00, 0x00, 0x00, 0x00, 0x00, 0x08, 0xff,
    0xb0, 0x00, 0x00, 0x00, 0x00, 0x00, 0x00, 0x00, 0x00, 0x00, 0x00, 0x00, 0x0a, 0xee, 0xee, 0xef,
    0xff, 0x90, 0x00, 0x00, 0x00, 0x00, 0x00, 0x00, 0x00, 0x00, 0x00, 0x00, 0x00, 0x03, 0xff, 0xff,
    0xff, 0xff, 0x40, 0x00, 0x00, 0x00, 0x00, 0x00, 0x00, 0x00, 0x00, 0x00, 0x00, 0x00, 0x00, 0xcf,
    0xff, 0xfd, 0xa4, 0x00, 0x00, 0x00, 0x00, 0x00, 0x00, 0x00, 0x00, 0x00, 0x00, 0x00, 0x00, 0x00,
    0x12, 0x21, 0x00, 0x00, 0x00, 0x00, 0x00, 0x00, 0x00, 0x00, 0x00, 0x00, 0x00, 0x00, 0x00, 0x00,
    0x00, 0x00, 0x00, 0x00, 0x00, 0x00, 0x00, 0x00, 0x00, 0x00, 0x00, 0x00, 0x00, 0x00, 0x00, 0x00,
    0x00, 0x00, 0x00, 0x00, 0x00, 0x00, 0x00, 0x00, 0x00, 0x00, 0x00, 0x00, 0x00, 0x00, 0x00, 0x00,
    0x00, 0x00, 0x00, 0x00, 0x00, 0x01, 0x54, 0x00, 0x00, 0x00, 0x00, 0x00, 0x00, 0x00, 0x00, 0x00,
    0x00, 0x00, 0x00, 0x00, 0x00, 0x00, 0x6e, 0xfe, 0x10, 0x00, 0x00, 0x00, 0x00, 0x00, 0x00, 0x00,
    0x00, 0x00, 0x00, 0x00, 0x00, 0x00, 0x00, 0x2f, 0xff, 0x90, 0x00, 0x00, 0x00, 0x00, 0x00, 0x00,
    0x00, 0x00, 0x00, 0x00, 0x00, 0x00, 0x00, 0x00, 0x08, 0xff, 0xf1, 0x00, 0x00, 0x00, 0x00, 0x00,
    0x00, 0x00, 0x00, 0x09, 0xff, 0xff, 0xff, 0xff, 0xff, 0xff, 0xff, 0xff, 0xff, 0xff, 0xff, 0xff,
    0xff, 0x90, 0x00, 0x00, 0x09, 0xff, 0xff, 0xff, 0xff, 0xff, 0xff, 0xff, 0xff, 0xff, 0xff, 0xff,
    0xff, 0xff, 0x90, 0x00, 0x00, 0x09, 0xff, 0xed, 0xdd, 0xdd, 0xdd, 0xdd, 0xdd, 0xdd, 0xdd, 0xdd,
    0xdd, 0xde, 0xff, 0x90, 0x00, 0x00, 0x09, 0xff, 0x60, 0x00, 0x00, 0x00, 0x00, 0x00, 0x00, 0x00,
    0x00, 0x00, 0x08, 0xff, 0x90, 0x00, 0x00, 0x09, 0xff, 0x60, 0x00, 0x00, 0x00, 0x00, 0x00, 0x00,
    0x00, 0x00, 0x00, 0x08, 0xff, 0x90, 0x00, 0x00, 0x09, 0xff, 0x60, 0x00, 0x00, 0x00, 0x00, 0x00,
    0x00, 0x00, 0x00, 0x00, 0x08, 0xff, 0x90, 0x00, 0x00, 0x09, 0xff, 0x60, 0x6c, 0xcc, 0xcc, 0xcc,
    0xcc, 0xcc, 0xcc, 0xcd, 0x90, 0x08, 0xff, 0x90, 0x00, 0x00, 0x00, 0x00, 0x00, 0x8f, 0xff, 0xff,
    0xff, 0xff, 0xff, 0xff, 0xff, 0xfa, 0x00, 0x00, 0x00, 0x00, 0x00, 0x00, 0x00, 0x00, 0x8f, 0xff,
    0xff, 0xff, 0xff, 0xff, 0xff, 0xff, 0xd2, 0x00, 0x00, 0x00, 0x00, 0x00, 0x00, 0x00, 0x00, 0x00,
    0x00, 0x00, 0x00, 0x00, 0x07, 0xff, 0xfc, 0x10, 0x00, 0x00, 0x00, 0x00, 0x00, 0x00, 0x00, 0x00,
    0x00, 0x00, 0x00, 0x00, 0x01, 0xaf, 0xff, 0xa0, 0x00, 0x00, 0x00, 0x00, 0x00, 0x00, 0x00, 0x00,
    0x00, 0x00, 0x00, 0x00, 0x00, 0x6e, 0xff, 0xe5, 0x00, 0x00, 0x00, 0x00, 0x00, 0x00, 0x00, 0x00,
    0x00, 0x00, 0x00, 0x00, 0x00, 0x09, 0xff, 0xf9, 0x10, 0x00, 0x00, 0x00, 0x00, 0x00, 0x00, 0x00,
    0x00, 0x00, 0x00, 0x00, 0x00, 0x00, 0x0a, 0xff, 0x90, 0x00, 0x00, 0x00, 0x00, 0x00, 0x00, 0x00,
    0x00, 0x0c, 0xdd, 0xdd, 0xdd, 0xdd, 0xdd, 0xde, 0xff, 0xed, 0xdd, 0xdd, 0xdd, 0xdd, 0xdd, 0xb0,
    0x00, 0x00, 0x0d, 0xff, 0xff, 0xff, 0xff, 0xff, 0xff, 0xff, 0xff, 0xff, 0xff, 0xff, 0xff, 0xff,
    0xd0, 0x00, 0x00, 0x0d, 0xff, 0xff, 0xff, 0xff, 0xff, 0xff, 0xff, 0xff, 0xff, 0xff, 0xff, 0xff,
    0xff, 0xd0, 0x00, 0x00, 0x00, 0x00, 0x00, 0x00, 0x00, 0x00, 0x0a, 0xff, 0x90, 0x00, 0x00, 0x00,
    0x00, 0x00, 0x00, 0x00, 0x00, 0x00, 0x00, 0x00, 0x00, 0x00, 0x00, 0x0a, 0xff, 0x90, 0x00, 0x00,
    0x00, 0x00, 0x00, 0x00, 0x00, 0x00, 0x00, 0x00, 0x00, 0x00, 0x00, 0x00, 0x0a, 0xff, 0x90, 0x00,
    0x00, 0x00, 0x00, 0x00, 0x00, 0x00, 0x00, 0x00, 0x00, 0x00, 0x00, 0x00, 0x00, 0x0a, 0xff, 0x90,
    0x00, 0x00, 0x00, 0x00, 0x00, 0x00, 0x00, 0x00, 0x00, 0x00, 0x00, 0x00, 0x00, 0x00, 0x0a, 0xff,
    0x90, 0x00, 0x00, 0x00, 0x00, 0x00, 0x00, 0x00, 0x00, 0x00, 0x00, 0x00, 0x00, 0x00, 0x00, 0x0a,
    0xff, 0x90, 0x00, 0x00, 0x00, 0x00, 0x00, 0x00, 0x00, 0x00, 0x00, 0x00, 0x00, 0x00, 0x00, 0x00,
    0x0b, 0xff, 0x90, 0x00, 0x00, 0x00, 0x00, 0x00, 0x00, 0x00, 0x00, 0x00, 0x00, 0x00, 0x01, 0xef,
    0xff, 0xff, 0xff, 0x70, 0x00, 0x00, 0x00, 0x00, 0x00, 0x00, 0x00, 0x00, 0x00, 0x00, 0x00, 0x00,
    0x9f, 0xff, 0xff, 0xfe, 0x20, 0x00, 0x00, 0x00, 0x00, 0x00, 0x00, 0x00, 0x00, 0x00, 0x00, 0x00,
    0x00, 0x3f, 0xff, 0xeb, 0x93, 0x00, 0x00, 0x00, 0x00, 0x00, 0x00, 0x00, 0x00, 0x00, 0x00, 0x00,
    0x00, 0x00, 0x00, 0x00, 0x00, 0x00, 0x00, 0x00, 0x00, 0x00, 0x00, 0x00, 0x00, 0x00, 0x00, 0x00,
    0x00, 0x00, 0x00, 0x00, 0x00, 0x00, 0x00, 0x00, 0x00, 0x00, 0x00, 0x00, 0x00, 0x00, 0x00, 0x00,
    0x00, 0x00, 0x00, 0x00, 0x00, 0x00, 0x00, 0x00, 0x00, 0x00, 0x00, 0x00, 0x00, 0x00, 0x00, 0x00,
    0x00, 0x00, 0x00, 0x00, 0x00, 0x00, 0x03, 0x00, 0x00, 0x00, 0x00, 0x00, 0x00, 0x00, 0x00, 0x00,
    0x00, 0x00, 0x00, 0x00, 0x00, 0x00, 0x00, 0x2f, 0xeb, 0x10, 0x00, 0x00, 0x00, 0x00, 0x00, 0x00,
    0x00, 0x00, 0x00, 0x00, 0x00, 0x00, 0x00, 0x00, 0x7f, 0xfd, 0x00, 0x00, 0x00, 0x00, 0x00, 0x00,
    0x00, 0x00, 0x00, 0x00, 0x00, 0x00, 0x00, 0x00, 0x00, 0xcf, 0xf8, 0x00, 0x00, 0x00, 0x00, 0x00,
    0x00, 0x00, 0x00, 0x00, 0x00, 0x00, 0x00, 0x00, 0x00, 0x01, 0xff, 0xf3, 0x00, 0x00, 0x00, 0x00,
    0x00, 0x00, 0x00, 0x00, 0x00, 0x00, 0x2f, 0xff, 0xff, 0xff, 0xff, 0xff, 0xff, 0xff, 0xff, 0xff,
    0xff, 0xff, 0xff, 0xff, 0xf2, 0x00, 0x00, 0x2f, 0xff, 0xff, 0xff, 0xff, 0xff, 0xff, 0xff, 0xff,
    0xff, 0xff, 0xff, 0xff, 0xff, 0xf2, 0x00, 0x00, 0x2e, 0xee, 0xee, 0xee, 0xff, 0xff, 0xee, 0xee,
    0xee, 0xee, 0xee, 0xee, 0xee, 0xee, 0xe2, 0x00, 0x00, 0x00, 0x00, 0x00, 0x00, 0xcf, 0xf8, 0x00,
    0x00, 0x00, 0x00, 0x00, 0x00, 0x00, 0x00, 0x00, 0x00, 0x00, 0x00, 0x00, 0x00, 0x05, 0xff, 0xf1,
    0x00, 0x00, 0x00, 0x00, 0x00, 0x00, 0x00, 0x00, 0x00, 0x00, 0x00, 0x00, 0x00, 0x00, 0x0d, 0xff,
    0x90, 0x00, 0x00, 0x00, 0x00, 0x00, 0x00, 0x00, 0x00, 0x00, 0x00, 0x00, 0x00, 0x00, 0x00, 0x7f,
    0xff, 0x20, 0x5b, 0xbb, 0xbb, 0xbb, 0xbb, 0xbb, 0xbc, 0x60, 0x00, 0x00, 0x00, 0x00, 0x00, 0x02,
    0xef, 0xf8, 0x00, 0x7f, 0xff, 0xff, 0xff, 0xff, 0xff, 0xff, 0xf7, 0x00, 0x00, 0x00, 0x00, 0x00,
    0x0b, 0xff, 0xd0, 0x00, 0x7f, 0xff, 0xff, 0xff, 0xff, 0xff, 0xff, 0xc1, 0x00, 0x00, 0x00, 0x00,
    0x00, 0x7f, 0xff, 0x40, 0x00, 0x00, 0x00, 0x00, 0x00, 0x03, 0xef, 0xfc, 0x10, 0x00, 0x00, 0x00,
    0x00, 0x05, 0xff, 0xfc, 0x00, 0x00, 0x00, 0x00, 0x00, 0x00, 0x4e, 0xff, 0xc1, 0x00, 0x00, 0x00,
    0x00, 0x00, 0x3f, 0xff, 0xfc, 0x00, 0x00, 0x00, 0x00, 0x00, 0x07, 0xff, 0xfa, 0x10, 0x00, 0x00,
    0x00, 0x00, 0x04, 0xef, 0xff, 0xfc, 0x00, 0x00, 0x00, 0x00, 0x00, 0x7f, 0xff, 0x80, 0x00, 0x00,
    0x00, 0x00, 0x00, 0x5f, 0xff, 0xff, 0xfc, 0x00, 0x00, 0x00, 0x00, 0x00, 0x8f, 0xf9, 0x00, 0x00,
    0x00, 0x00, 0x00, 0x01, 0xef, 0xff, 0x9f, 0xfc, 0x00, 0x00, 0x00, 0x00, 0x00, 0x8f, 0xf8, 0x00,
    0x00, 0x00, 0x00, 0x00, 0x00, 0x7f, 0xe4, 0x4f, 0xfc, 0x01, 0xff, 0xff, 0xff, 0xff, 0xff, 0xff,
    0xff, 0xff, 0xff, 0xfa, 0x00, 0x00, 0x1c, 0x20, 0x4f, 0xfc, 0x01, 0xff, 0xff, 0xff, 0xff, 0xff,
    0xff, 0xff, 0xff, 0xff, 0xfa, 0x00, 0x00, 0x00, 0x00, 0x4f, 0xfc, 0x01, 0xcc, 0xcc, 0xcc, 0xcc,
    0xef, 0xfe, 0xcc, 0xcc, 0xcc, 0xc8, 0x00, 0x00, 0x00, 0x00, 0x4f, 0xfc, 0x00, 0x00, 0x00, 0x00,
    0x00, 0x8f, 0xf8, 0x00, 0x00, 0x00, 0x00, 0x00, 0x00, 0x00, 0x00, 0x4f, 0xfc, 0x00, 0x00, 0x00,
    0x00, 0x00, 0x8f, 0xf8, 0x00, 0x00, 0x00, 0x00, 0x00, 0x00, 0x00, 0x00, 0x4f, 0xfc, 0x00, 0x00,
    0x00, 0x00, 0x00, 0x8f, 0xf8, 0x00, 0x00, 0x00, 0x00, 0x00, 0x00, 0x00, 0x00, 0x4f, 0xfc, 0x00,
    0x00, 0x00, 0x00, 0x00, 0x8f, 0xf8, 0x00, 0x00, 0x00, 0x00, 0x00, 0x00, 0x00, 0x00, 0x4f, 0xfc,
    0x00, 0x00, 0x00, 0x00, 0x00, 0x8f, 0xf8, 0x00, 0x00, 0x00, 0x00, 0x00, 0x00, 0x00, 0x00, 0x4f,
    0xfc, 0x00, 0x00, 0x05, 0xdd, 0xcd, 0xff, 0xf7, 0x00, 0x00, 0x00, 0x00, 0x00, 0x00, 0x00, 0x00,
    0x4f, 0xfc, 0x00, 0x00, 0x01, 0xff, 0xff, 0xff, 0xf3, 0x00, 0x00, 0x00, 0x00, 0x00, 0x00, 0x00,
    0x00, 0x4f, 0xfc, 0x00, 0x00, 0x00, 0xcf, 0xfe, 0xda, 0x40, 0x00, 0x00, 0x00, 0x00, 0x00, 0x00,
    0x00, 0x00, 0x00, 0x00, 0x00, 0x00, 0x00, 0x00, 0x00, 0x00, 0x00, 0x00, 0x00, 0x00, 0x00, 0x00,
    0x00, 0x00, 0x00, 0x00, 0x00, 0x00, 0x00, 0x00, 0x00, 0x00, 0x00, 0x00, 0x00, 0x00, 0x00, 0x00,
    0x00, 0x00, 0x00, 0x00, 0x00, 0x00, 0x00, 0x00, 0x01, 0x65, 0x00, 0x00, 0x00, 0x00, 0x00, 0x00,
    0x00, 0x00, 0x00, 0x00, 0x00, 0x00, 0x00, 0x00, 0x00, 0x6f, 0xfe, 0x10, 0x00, 0x00, 0x00, 0x00,
    0x00, 0x00, 0x00, 0x00, 0x00, 0x00, 0x00, 0x00, 0x00, 0x00, 0x1f, 0xff, 0x70, 0x00, 0x00, 0x00,
    0x00, 0x00, 0x00, 0x00, 0x00, 0x00, 0x00, 0x00, 0x00, 0x00, 0x00, 0x09, 0xff, 0xd0, 0x00, 0x00,
    0x00, 0x00, 0x00, 0x00, 0x00, 0x00, 0x07, 0xdd, 0xdd, 0xdd, 0xdd, 0xdd, 0xde, 0xff, 0xfd, 0xdd,
    0xdd, 0xdd, 0xdd, 0xdd, 0x70, 0x00, 0x00, 0x08, 0xff, 0xff, 0xff, 0xff, 0xff, 0xff, 0xff, 0xff,
    0xff, 0xff, 0xff, 0xff, 0xff, 0x80, 0x00, 0x00, 0x08, 0xff, 0xff, 0xff, 0xff, 0xff, 0xff, 0xff,
    0xff, 0xff, 0xff, 0xff, 0xff, 0xff, 0x80, 0x00, 0x00, 0x08, 0xff, 0x70, 0x00, 0x00, 0x00, 0x00,
    0x00, 0x00, 0x00, 0x00, 0x00, 0x09, 0xff, 0x80, 0x00, 0x00, 0x08, 0xff, 0x70, 0x00, 0x00, 0x00,
    0x00, 0x00, 0x00, 0x00, 0x00, 0x00, 0x09, 0xff, 0x80, 0x00, 0x00, 0x08, 0xff, 0x70, 0x00, 0x00,
    0x00, 0x00, 0x00, 0x00, 0x00, 0x00, 0x00, 0x09, 0xff, 0x80, 0x00, 0x00, 0x08, 0xff, 0x70, 0x00,
    0x00, 0x00, 0x00, 0x00, 0x00, 0x00, 0x00, 0x00, 0x09, 0xff, 0x80, 0x00, 0x00, 0x08, 0xff, 0x71,
    0xff, 0xff, 0xff, 0xff, 0xff, 0xff, 0xff, 0xff, 0xff, 0x39, 0xff, 0x80, 0x00, 0x00, 0x00, 0x00,
    0x01, 0xff, 0xff, 0xff, 0xff, 0xff, 0xff, 0xff, 0xff, 0xff, 0x30, 0x00, 0x00, 0x00, 0x00, 0x00,
    0x00, 0x01, 0xdd, 0xdd, 0xdd, 0xde, 0xff, 0xed, 0xdd, 0xdd, 0xdd, 0x20, 0x00, 0x00, 0x00, 0x00,
    0x00, 0x00, 0x00, 0x00, 0x00, 0x00, 0x09, 0xff, 0x80, 0x00, 0x00, 0x00, 0x00, 0x00, 0x00, 0x00,
    0x00, 0x00, 0x00, 0x00, 0x00, 0x00, 0x00, 0x09, 0xff, 0x80, 0x00, 0x00, 0x00, 0x00, 0x00, 0x00,
    0x00, 0x00, 0x00, 0x00, 0x02, 0xa9, 0x60, 0x00, 0x09, 0xff, 0x80, 0x00, 0x00, 0x00, 0x00, 0x00,
    0x00, 0x00, 0x00, 0x00, 0x00, 0x05, 0xff, 0xc0, 0x00, 0x09, 0xff, 0x80, 0x00, 0x00, 0x00, 0x00,
    0x00, 0x00, 0x00, 0x00, 0x00, 0x00, 0x07, 0xff, 0x90, 0x00, 0x09, 0xff, 0x80, 0x00, 0x00, 0x00,
    0x00, 0x00, 0x00, 0x00, 0x00, 0x00, 0x00, 0x0a, 0xff, 0x70, 0x00, 0x09, 0xff, 0xff, 0xff, 0xff,
    0xff, 0xfc, 0x00, 0x00, 0x00, 0x00, 0x00, 0x00, 0x0d, 0xff, 0x40, 0x00, 0x09, 0xff, 0xff, 0xff,
    0xff, 0xff, 0xfc, 0x00, 0x00, 0x00, 0x00, 0x00, 0x00, 0x2f, 0xff, 0x70, 0x00, 0x09, 0xff, 0xed,
    0xdd, 0xdd, 0xdd, 0xda, 0x00, 0x00, 0x00, 0x00, 0x00, 0x00, 0x7f, 0xff, 0xe0, 0x00, 0x09, 0xff,
    0x80, 0x00, 0x00, 0x00, 0x00, 0x00, 0x00, 0x00, 0x00, 0x00, 0x00, 0xcf, 0xff, 0xf8, 0x00, 0x09,
    0xff, 0x80, 0x00, 0x00, 0x00, 0x00, 0x00, 0x00, 0x00, 0x00, 0x00, 0x03, 0xff, 0xff, 0xff, 0x50,
    0x09, 0xff, 0x80, 0x00, 0x00, 0x00, 0x00, 0x00, 0x00, 0x00, 0x00, 0x00, 0x0b, 0xff, 0xa7, 0xff,
    0xf6, 0x09, 0xff, 0x80, 0x00, 0x00, 0x00, 0x00, 0x00, 0x00, 0x00, 0x00, 0x00, 0x5f, 0xff, 0x20,
    0xbf, 0xff, 0xbb, 0xff, 0x80, 0x00, 0x00, 0x00, 0x00, 0x00, 0x00, 0x00, 0x00, 0x02, 0xdf, 0xfa,
    0x00, 0x1c, 0xff, 0xff, 0xff, 0xa4, 0x32, 0x10, 0x00, 0x00, 0x11, 0x11, 0x00, 0x00, 0x2d, 0xff,
    0xe2, 0x00, 0x00, 0x9f, 0xff, 0xff, 0xff, 0xff, 0xff, 0xff, 0xff, 0xff, 0xf9, 0x00, 0x00, 0xbf,
    0xff, 0x40, 0x00, 0x00, 0x03, 0xaf, 0xff, 0xff, 0xff, 0xff, 0xff, 0xff, 0xff, 0xf2, 0x00, 0x00,
    0x1a, 0xf6, 0x00, 0x00, 0x00, 0x00, 0x00, 0x47, 0xbc, 0xde, 0xff, 0xff, 0xff, 0xff, 0xd0, 0x00,
    0x00, 0x00, 0x40, 0x00, 0x00, 0x00, 0x00, 0x00, 0x00, 0x00, 0x00, 0x00, 0x00, 0x00, 0x00, 0x00,
    0x00, 0x00, 0x00, 0x00, 0x00, 0x00, 0x00, 0x00, 0x00, 0x00, 0x00, 0x00, 0x00, 0x00, 0x00, 0x00,
    0x00, 0x00, 0x00, 0x00, 0x00, 0x00, 0x00, 0x00, 0x00, 0x00, 0x00, 0x00, 0x00, 0x00, 0x00, 0x00,
    0x00, 0x00, 0x00, 0x00, 0x00, 0x00, 0x00, 0x00, 0x00, 0x00, 0x01, 0x66, 0x00, 0x00, 0x00, 0x00,
    0x00, 0x00, 0x00, 0x00, 0x00, 0x00, 0x00, 0x00, 0x00, 0x00, 0x00, 0x6f, 0xff, 0x20, 0x00, 0x00,
    0x00, 0x00, 0x00, 0x00, 0x00, 0x00, 0x00, 0x00, 0x00, 0x00, 0x00, 0x00, 0x1e, 0xff, 0x90, 0x00,
    0x00, 0x00, 0x00, 0x00, 0x00, 0x00, 0x00, 0x06, 0xbb, 0xbb, 0xbb, 0xbb, 0xbb, 0xbe, 0xff, 0xfb,
    0xbb, 0xbb, 0xbb, 0xbb, 0xbb, 0x80, 0x00, 0x00, 0x08, 0xff, 0xff, 0xff, 0xff, 0xff, 0xff, 0xff,
    0xff, 0xff, 0xff, 0xff, 0xff, 0xff, 0xa0, 0x00, 0x00, 0x08, 0xff, 0xff, 0xff, 0xff, 0xff, 0xff,
    0xff, 0xff, 0xff, 0xff, 0xff, 0xff, 0xff, 0xa0, 0x00, 0x00, 0x08, 0xff, 0x70, 0x00, 0x00, 0x00,
    0x00, 0x00, 0x00, 0x00, 0x00, 0x00, 0x06, 0xff, 0xa0, 0x00, 0x00, 0x08, 0xff, 0x70, 0x00, 0x00,
    0x00, 0x00, 0x00, 0x00, 0x00, 0x00, 0x00, 0x06, 0xff, 0xa0, 0x00, 0x00, 0x08, 0xff, 0x70, 0x00,
    0x00, 0x00, 0x00, 0x00, 0x00, 0x00, 0x00, 0x00, 0x06, 0xff, 0xa0, 0x00, 0x00, 0x08, 0xff, 0x73,
    0xff, 0xff, 0xff, 0xff, 0xff, 0xff, 0xff, 0xff, 0xff, 0x26, 0xff, 0xa0, 0x00, 0x00, 0x06, 0xaa,
    0x43, 0xff, 0xff, 0xff, 0xff, 0xff, 0xff, 0xff, 0xff, 0xff, 0x24, 0xaa, 0x70, 0x00, 0x00, 0x00,
    0x00, 0x02, 0x99, 0x99, 0x9a, 0xef, 0xff, 0xb9, 0x99, 0x99, 0x99, 0x10, 0x00, 0x00, 0x00, 0x00,
    0x00, 0x00, 0x00, 0x00, 0x00, 0x5d, 0xff, 0xe6, 0x00, 0x00, 0x00, 0x01, 0x20, 0x00, 0x00, 0x00,
    0x00, 0x00, 0x00, 0x00, 0x01, 0x6d, 0xff, 0xff, 0x90, 0x00, 0x00, 0x00, 0x2d, 0xe4, 0x00, 0x00,
    0x00, 0x00, 0x00, 0x00, 0x15, 0xae, 0xff, 0xfd, 0xef, 0xf5, 0x00, 0x00, 0x03, 0xef, 0xff, 0x30,
    0x00, 0x00, 0x00, 0x02, 0x7b, 0xff, 0xff, 0xfd, 0x60, 0x4f, 0xff, 0x30, 0x00, 0x6f, 0xff, 0xe5,
    0x00, 0x00, 0x00, 0x00, 0x03, 0xff, 0xff, 0xfb, 0x50, 0x00, 0x4e, 0xff, 0xb0, 0x1a, 0xff, 0xfc,
    0x20, 0x00, 0x00, 0x00, 0x00, 0x00, 0x8f, 0xc7, 0x20, 0x00, 0x2a, 0xff, 0xff, 0xf7, 0xdf, 0xff,
    0x90, 0x00, 0x00, 0x00, 0x00, 0x00, 0x00, 0x02, 0x00, 0x00, 0x3a, 0xff, 0xfc, 0x8f, 0xff, 0xff,
    0xff, 0x30, 0x00, 0x00, 0x00, 0x00, 0x00, 0x00, 0x00, 0x01, 0x5b, 0xff, 0xfe, 0x60, 0x1e, 0xff,
    0xfc, 0xff, 0x90, 0x00, 0x00, 0x00, 0x00, 0x00, 0x00, 0x15, 0x9e, 0xff, 0xfe, 0x81, 0x00, 0x6f,
    0xff, 0x61, 0xef, 0xf1, 0x00, 0x00, 0x00, 0x00, 0x00, 0x07, 0xff, 0xff, 0xfd, 0x71, 0x00, 0x19,
    0xff, 0xff, 0x70, 0x8f, 0xfa, 0x00, 0x00, 0x00, 0x00, 0x00, 0x01, 0xef, 0xfb, 0x50, 0x00, 0x06,
    0xef, 0xff, 0xff, 0x90, 0x2f, 0xff, 0x50, 0x00, 0x00, 0x00, 0x00, 0x00, 0x57, 0x20, 0x00, 0x04,
    0xdf, 0xff, 0xb6, 0xff, 0xb0, 0x07, 0xff, 0xe2, 0x00, 0x00, 0x00, 0x00, 0x00, 0x00, 0x00, 0x05,
    0xcf, 0xff, 0xe6, 0x06, 0xff, 0xa0, 0x00, 0xcf, 0xfe, 0x30, 0x00, 0x00, 0x00, 0x00, 0x00, 0x28,
    0xef, 0xff, 0xf9, 0x10, 0x07, 0xff, 0x90, 0x00, 0x2e, 0xff, 0xe4, 0x00, 0x00, 0x00, 0x03, 0x8c,
    0xff, 0xff, 0xfa, 0x20, 0x00, 0x0b, 0xff, 0x70, 0x00, 0x03, 0xef, 0xff, 0xa2, 0x00, 0x00, 0x1d,
    0xff, 0xff, 0xe8, 0x20, 0x00, 0x00, 0x7f, 0xff, 0x20, 0x00, 0x00, 0x3e, 0xff, 0xfb, 0x00, 0x00,
    0x04, 0xff, 0xc6, 0x10, 0x01, 0xcc, 0xbd, 0xff, 0xfb, 0x00, 0x00, 0x00, 0x02, 0xaf, 0xd1, 0x00,
    0x00, 0x00, 0x62, 0x00, 0x00, 0x00, 0xaf, 0xff, 0xff, 0xd1, 0x00, 0x00, 0x00, 0x00, 0x04, 0x30,
    0x00, 0x00, 0x00, 0x00, 0x00, 0x00, 0x00, 0x7f, 0xfe, 0xc8, 0x10, 0x00, 0x00, 0x00, 0x00, 0x00,
    0x00, 0x00, 0x00, 0x00, 0x00, 0x00, 0x00, 0x00, 0x00, 0x00, 0x00, 0x00, 0x00, 0x00, 0x00, 0x00,
    0x00, 0x00, 0x00, 0x00, 0x00, 0x00, 0x00, 0x00, 0x00, 0x00, 0x00, 0x00, 0x00, 0x00, 0x00, 0x00,
    0x00, 0x00, 0x00, 0x00, 0x00, 0x00, 0x00, 0x00, 0x00, 0x00, 0x00, 0x15, 0x88, 0x00, 0x00, 0x00,
    0x00, 0x00, 0x00, 0x00, 0x00, 0x00, 0x00, 0x00, 0x00, 0x00, 0x00, 0x00, 0x0e, 0xff, 0x10, 0x00,
    0x00, 0x00, 0x00, 0x00, 0x00, 0x00, 0x00, 0x00, 0x00, 0x00, 0x00, 0x00, 0x00, 0x0a, 0xff, 0x60,
    0x00, 0x00, 0x00, 0x00, 0x00, 0x00, 0x00, 0x00, 0x07, 0xaa, 0xaa, 0xaa, 0xaa, 0xaa, 0xad, 0xff,
    0xda, 0xaa, 0xaa, 0xaa, 0xaa, 0xaa, 0x70, 0x00, 0x00, 0x0a, 0xff, 0xff, 0xff, 0xff, 0xff, 0xff,
    0xff, 0xff, 0xff, 0xff, 0xff, 0xff, 0xff, 0xa0, 0x00, 0x00, 0x0a, 0xff, 0xff, 0xff, 0xff, 0xff,
    0xff, 0xff, 0xff, 0xff, 0xff, 0xff, 0xff, 0xff, 0xa0, 0x00, 0x00, 0x0a, 0xff, 0x50, 0x00, 0x00,
    0x08, 0x30, 0x00, 0x00, 0x00, 0x00, 0x00, 0x06, 0xff, 0xa0, 0x00, 0x00, 0x0a, 0xff, 0x50, 0x00,
    0x00, 0x7f, 0xfa, 0x30, 0x00, 0x00, 0x43, 0x00, 0x06, 0xff, 0xa0, 0x00, 0x00, 0x0a, 0xff, 0x50,
    0x00, 0x00, 0x6e, 0xff, 0xf9, 0x10, 0x04, 0xff, 0xa1, 0x06, 0xff, 0xa0, 0x00, 0x00, 0x0a, 0xff,
    0x50, 0x00, 0x13, 0x31, 0x7e, 0xff, 0xc0, 0x3e, 0xff, 0x90, 0x06, 0xff, 0xa0, 0x00, 0x00, 0x00,
    0x00, 0x65, 0x00, 0x7f, 0xf3, 0x02, 0xbf, 0x55, 0xef, 0xfa, 0x01, 0x40, 0x00, 0x00, 0x00, 0x00,
    0x00, 0x02, 0xff, 0xc0, 0x7f, 0xf3, 0x00, 0x05, 0x7f, 0xff, 0xa0, 0x4d, 0xf6, 0x00, 0x00, 0x00,
    0x00, 0x00, 0x0a, 0xff, 0x70, 0x7f, 0xf3, 0x00, 0x2b, 0xff, 0xf8, 0x00, 0x5f, 0xff, 0x60, 0x00,
    0x00, 0x00, 0x00, 0x5f, 0xfd, 0x00, 0x7f, 0xf3, 0x07, 0xef, 0xfe, 0x60, 0x03, 0x05, 0xff, 0xf6,
    0x00, 0x00, 0x00, 0x02, 0xef, 0xf5, 0x00, 0x7f, 0xf8, 0xdf, 0xff, 0xa2, 0x00, 0x0c, 0xc6, 0x6f,
    0xff, 0x40, 0x00, 0x00, 0x2d, 0xff, 0x90, 0x00, 0x7f, 0xff, 0xff, 0xe5, 0x00, 0x00, 0x0e, 0xfa,
    0x07, 0xff, 0xe2, 0x00, 0x00, 0x2a, 0xfc, 0x10, 0x27, 0xdf, 0xff, 0xfa, 0x10, 0x00, 0x00, 0x6f,
    0xf7, 0x00, 0xaf, 0xf7, 0x00, 0x00, 0x00, 0x42, 0x6b, 0xff, 0xff, 0xff, 0xff, 0xff, 0xff, 0xff,
    0xff, 0xf2, 0x00, 0x1d, 0x50, 0x00, 0x00, 0x38, 0xcf, 0xff, 0xff, 0xfc, 0xff, 0xff, 0xff, 0xff,
    0xff, 0xff, 0x70, 0x00, 0x00, 0x00, 0x00, 0x00, 0x7f, 0xff, 0xff, 0xb6, 0x10, 0x25, 0x66, 0x66,
    0x66, 0x66, 0x52, 0x00, 0x00, 0x00, 0x00, 0x00, 0x00, 0x0c, 0xfd, 0x72, 0x00, 0x00, 0x00, 0x06,
    0xbb, 0x50, 0x00, 0x00, 0x00, 0x00, 0x00, 0x00, 0x00, 0x00, 0x02, 0x30, 0x00, 0x00, 0x00, 0x00,
    0x09, 0xff, 0x70, 0x00, 0x00, 0x05, 0x66, 0x10, 0x00, 0x00, 0x00, 0x00, 0x00, 0xee, 0xe0, 0x00,
    0x00, 0x09, 0xff, 0x70, 0x00, 0x00, 0x0c, 0xff, 0x30, 0x00, 0x00, 0x00, 0x00, 0x00, 0xff, 0xe0,
    0x00, 0x00, 0x09, 0xff, 0x70, 0x00, 0x00, 0x0c, 0xff, 0x30, 0x00, 0x00, 0x00, 0x00, 0x00, 0xff,
    0xe0, 0x00, 0x00, 0x09, 0xff, 0x70, 0x00, 0x00, 0x0c, 0xff, 0x30, 0x00, 0x00, 0x00, 0x00, 0x00,
    0xff, 0xe0, 0x00, 0x00, 0x09, 0xff, 0x70, 0x00, 0x00, 0x0c, 0xff, 0x30, 0x00, 0x00, 0x00, 0x00,
    0x00, 0xff, 0xe0, 0x00, 0x00, 0x09, 0xff, 0x70, 0x00, 0x00, 0x0c, 0xff, 0x30, 0x00, 0x00, 0x00,
    0x00, 0x00, 0xff, 0xff, 0xff, 0xff, 0xff, 0xff, 0xff, 0xff, 0xff, 0xff, 0xff, 0x30, 0x00, 0x00,
    0x00, 0x00, 0x00, 0xff, 0xff, 0xff, 0xff, 0xff, 0xff, 0xff, 0xff, 0xff, 0xff, 0xff, 0x30, 0x00,
    0x00, 0x00, 0x00, 0x00, 0xdd, 0xdd, 0xdd, 0xdd, 0xdd, 0xdd, 0xdd, 0xdd, 0xdd, 0xdf, 0xff, 0x30,
    0x00, 0x00, 0x00, 0x00, 0x00, 0x00, 0x00, 0x00, 0x00, 0x00, 0x00, 0x00, 0x00, 0x00, 0x0c, 0xff,
    0x30, 0x00, 0x00, 0x00, 0x00, 0x00, 0x00, 0x00, 0x00, 0x00, 0x00, 0x00, 0x00, 0x00, 0x00, 0x02,
    0x22, 0x00, 0x00, 0x00, 0x00, 0x00, 0x00, 0x00, 0x00, 0x00, 0x00, 0x00, 0x00, 0x00, 0x00, 0x00,
    0x00, 0x00, 0x00, 0x00, 0x00, 0x00, 0x00, 0x00, 0x00, 0x00, 0x00, 0x00, 0x00, 0x00, 0x00, 0x00,
    0x00, 0x00, 0x00, 0x00, 0x00, 0x00, 0x00, 0x00, 0x00, 0x00, 0x33, 0x30, 0x00, 0x00, 0x00, 0x00,
    0x11, 0x00, 0x00, 0x00, 0x00, 0x00, 0x00, 0x00, 0x00, 0x00, 0x00, 0xff, 0xe0, 0x00, 0x00, 0x00,
    0x01, 0xce, 0xa5, 0x00, 0x00, 0x00, 0x00, 0x00, 0x00, 0x00, 0x00, 0x00, 0xff, 0xe0, 0x00, 0x00,
    0x00, 0x0a, 0xff, 0xf3, 0x00, 0x00, 0x00, 0x00, 0x00, 0x00, 0x00, 0x00, 0x00, 0xff, 0xe0, 0x00,
    0x00, 0x00, 0x9f, 0xff, 0xb6, 0x66, 0x66, 0x65, 0x00, 0x00, 0x00, 0x00, 0x00, 0x00, 0xff, 0xe0,
    0x00, 0x00, 0x1a, 0xff, 0xff, 0xff, 0xff, 0xff, 0xff, 0xc0, 0x00, 0x00, 0x01, 0x40, 0x00, 0xff,
    0xe0, 0x00, 0x03, 0xdf, 0xff, 0xff, 0xff, 0xff, 0xff, 0xff, 0x90, 0x00, 0x00, 0x3d, 0xf4, 0x00,
    0xff, 0xe0, 0x01, 0x9f, 0xff, 0xd3, 0x00, 0x00, 0x00, 0x8f, 0xfe, 0x20, 0x00, 0x00, 0x8f, 0xff,
    0x40, 0xff, 0xe0, 0x7e, 0xff, 0xfa, 0x33, 0x00, 0x00, 0x06, 0xff, 0xf6, 0x00, 0x00, 0x00, 0x0a,
    0xff, 0xe2, 0xff, 0xe0, 0x2d, 0xfd, 0x57, 0xee, 0x40, 0x00, 0x6f, 0xff, 0x90, 0x00, 0x00, 0x00,
    0x00, 0xbf, 0xfc, 0xff, 0xe0, 0x03, 0x70, 0x06, 0xff, 0xf3, 0x19, 0xff, 0xfa, 0x00, 0x00, 0x00,
    0x00, 0x00, 0x1e, 0xff, 0xff, 0xe0, 0x00, 0x00, 0x00, 0x7f, 0xfe, 0xcf, 0xff, 0xa0, 0x00, 0x00,
    0x00, 0x00, 0x00, 0x05, 0xf9, 0xff, 0xe0, 0x00, 0x00, 0x00, 0x0a, 0xff, 0xff, 0xf7, 0x00, 0x00,
    0x00, 0x00, 0x00, 0x00, 0x00, 0x40, 0xff, 0xe0, 0x00, 0x00, 0x05, 0xbf, 0xff, 0xfc, 0x30, 0x00,
    0x00, 0x00, 0x00, 0x00, 0x00, 0x00, 0x00, 0xff, 0xe0, 0x02, 0x6a, 0xef, 0xff, 0xfc, 0x40, 0x3f,
    0xfd, 0x00, 0x00, 0x00, 0x00, 0x00, 0x00, 0x00, 0xff, 0xe0, 0x5f, 0xff, 0xff, 0xfc, 0x50, 0x00,
    0x3f, 0xfd, 0x00, 0x00, 0x00, 0x00, 0x00, 0x00, 0x00, 0xff, 0xe0, 0x0c, 0xff, 0xc8, 0x30, 0x00,
    0x00, 0x3f, 0xfd, 0x00, 0x00, 0x00, 0x00, 0x00, 0x00, 0x01, 0xff, 0xe0, 0x03, 0x62, 0x00, 0x00,
    0x00, 0x00, 0x3f, 0xfd, 0x00, 0x00, 0x00, 0x00, 0x00, 0x00, 0x2c, 0xff, 0xe0, 0xcf, 0xff, 0xff,
    0xff, 0xff, 0xff, 0xff, 0xff, 0xff, 0xf8, 0x00, 0x00, 0x00, 0x03, 0xef, 0xff, 0xe0, 0xcf, 0xff,
    0xff, 0xff, 0xff, 0xff, 0xff, 0xff, 0xff, 0xf8, 0x00, 0x00, 0x00, 0x5e, 0xff, 0xff, 0xe0, 0xac,
    0xcc, 0xcc, 0xcc, 0xcc, 0xcc, 0xdf, 0xff, 0xcc, 0xc7, 0x00, 0x00, 0x08, 0xff, 0xfb, 0xff, 0xe0,
    0x00, 0x01, 0x81, 0x00, 0x00, 0x00, 0x3f, 0xfd, 0x00, 0x00, 0x00, 0x00, 0xaf, 0xff, 0x91, 0xff,
    0xe0, 0x00, 0x6e, 0xfb, 0x00, 0x00, 0x00, 0x3f, 0xfd, 0x00, 0x00, 0x00, 0x00, 0x5f, 0xf8, 0x00,
    0xff, 0xe0, 0x00, 0x2e, 0xff, 0x90, 0x00, 0x00, 0x3f, 0xfd, 0x00, 0x00, 0x00, 0x00, 0x0a, 0x60,
    0x00, 0xff, 0xe0, 0x00, 0x04, 0xff, 0xf6, 0x00, 0x00, 0x3f, 0xfd, 0x00, 0x00, 0x00, 0x00, 0x00,
    0x00, 0x00, 0xff, 0xe0, 0x00, 0x00, 0x6f, 0xfe, 0x20, 0x00, 0x3f, 0xfd, 0x00, 0x00, 0x00, 0x00,
    0x00, 0x00, 0x00, 0xff, 0xe0, 0x00, 0x00, 0x0b, 0xff, 0xa0, 0x00, 0x3f, 0xfd, 0x00, 0x00, 0x00,
    0x00, 0x00, 0x00, 0x00, 0xff, 0xe0, 0x00, 0x00, 0x03, 0xf9, 0x10, 0x00, 0x3f, 0xfd, 0x00, 0x00,
    0x00, 0x00, 0x00, 0x00, 0x00, 0xff, 0xe0, 0x00, 0x00, 0x00, 0x20, 0x00, 0x00, 0x3f, 0xfd, 0x00,
    0x00, 0x00, 0x00, 0x00, 0x00, 0x00, 0xff, 0xe0, 0x00, 0x00, 0x00, 0x00, 0xac, 0xbb, 0xdf, 0xfc,
    0x00, 0x00, 0x00, 0x00, 0x00, 0x00, 0x00, 0xff, 0xe0, 0x00, 0x00, 0x00, 0x00, 0x7f, 0xff, 0xff,
    0xf7, 0x00, 0x00, 0x00, 0x00, 0x00, 0x00, 0x00, 0xff, 0xe0, 0x00, 0x00, 0x00, 0x00, 0x3f, 0xfe,
    0xdb, 0x60, 0x00, 0x00, 0x00, 0x00, 0x00, 0x00, 0x00, 0x11, 0x10, 0x00, 0x00, 0x00, 0x00, 0x00,
    0x00, 0x00, 0x00, 0x00, 0x00, 0x00, 0x00, 0x00, 0x00, 0x00, 0x00, 0x00, 0x00, 0x00, 0x00, 0x00,
    0x00, 0x00, 0x00, 0x00, 0x00, 0x00, 0x00, 0x00, 0x00, 0x00, 0x00, 0x00, 0x00, 0x00, 0x00, 0x00,
    0x00, 0x00, 0x00, 0x00, 0x00, 0x00, 0x00, 0x00, 0x00, 0x00, 0x00, 0x00, 0x00, 0x00, 0x00, 0x07,
    0xdd, 0x90, 0x00, 0x00, 0x00, 0x00, 0x00, 0x00, 0x00, 0x00, 0x00, 0x00, 0x00, 0x00, 0x00, 0x00,
    0x08, 0xff, 0xb0, 0x00, 0x00, 0x00, 0x00, 0x00, 0x00, 0x00, 0x00, 0x00, 0x00, 0x00, 0x00, 0x00,
    0x00, 0x08, 0xff, 0xb0, 0x00, 0x00, 0x00, 0x00, 0x00, 0x00, 0x00, 0x00, 0x00, 0x00, 0x00, 0x00,
    0x00, 0x00, 0x08, 0xff, 0xb0, 0x00, 0x00, 0x00, 0x00, 0x00, 0x00, 0x00, 0x00, 0x00, 0x00, 0x00,
    0x00, 0x00, 0x00, 0x08, 0xff, 0xb0, 0x00, 0x00, 0x00, 0x00, 0x00, 0x00, 0x00, 0x00, 0x00, 0x00,
    0x00, 0x00, 0x00, 0x00, 0x08, 0xff, 0xb0, 0x00, 0x00, 0x00, 0x00, 0x00, 0x00, 0x00, 0x00, 0x00,
    0x00, 0x00, 0x00, 0x00, 0x00, 0x08, 0xff, 0xb0, 0x00, 0x00, 0x00, 0x00, 0x00, 0x00, 0x00, 0x00,
    0x00, 0x00, 0x02, 0x00, 0x00, 0x00, 0x08, 0xff, 0xb0, 0x00, 0x00, 0x03, 0x20, 0x00, 0x00, 0x00,
    0x00, 0x00, 0x00, 0x1f, 0xec, 0x40, 0x00, 0x08, 0xff, 0xb0, 0x00, 0x06, 0xdf, 0x90, 0x00, 0x00,
    0x00, 0x00, 0x00, 0x00, 0x4f, 0xff, 0x30, 0x00, 0x08, 0xff, 0xb0, 0x00, 0x06, 0xff, 0xf3, 0x00,
    0x00, 0x00, 0x00, 0x00, 0x00, 0x8f, 0xfe, 0x00, 0x00, 0x08, 0xff, 0xb0, 0x00, 0x00, 0xdf, 0xfb,
    0x00, 0x00, 0x00, 0x00, 0x00, 0x00, 0xbf, 0xfb, 0x00, 0x00, 0x08, 0xff, 0xb0, 0x00, 0x00, 0x6f,
    0xff, 0x40, 0x00, 0x00, 0x00, 0x00, 0x01, 0xff, 0xf7, 0x00, 0x00, 0x08, 0xff, 0xb0, 0x00, 0x00,
    0x0d, 0xff, 0xb0, 0x00, 0x00, 0x00, 0x00, 0x05, 0xff, 0xf2, 0x00, 0x00, 0x08, 0xff, 0xb0, 0x00,
    0x00, 0x07, 0xff, 0xf3, 0x00, 0x00, 0x00, 0x00, 0x0a, 0xff, 0xc0, 0x00, 0x00, 0x08, 0xff, 0xb0,
    0x00, 0x00, 0x01, 0xef, 0xfa, 0x00, 0x00, 0x00, 0x00, 0x1e, 0xff, 0x70, 0x00, 0x00, 0x08, 0xff,
    0xb0, 0x00, 0x00, 0x00, 0x8f, 0xff, 0x10, 0x00, 0x00, 0x00, 0x7f, 0xff, 0x20, 0x00, 0x00, 0x08,
    0xff, 0xb0, 0x00, 0x00, 0x00, 0x2f, 0xff, 0x70, 0x00, 0x00, 0x00, 0xdf, 0xfb, 0x00, 0x00, 0x00,
    0x08, 0xff, 0xb0, 0x00, 0x00, 0x00, 0x0c, 0xff, 0xd0, 0x00, 0x00, 0x05, 0xff, 0xf4, 0x00, 0x00,
    0x00, 0x08, 0xff, 0xb0, 0x00, 0x00, 0x00, 0x06, 0xff, 0xf4, 0x00, 0x00, 0x1d, 0xff, 0xd0, 0x00,
    0x00, 0x00, 0x08, 0xff, 0xb0, 0x00, 0x00, 0x00, 0x01, 0xff, 0xf9, 0x00, 0x00, 0x9f, 0xff, 0x50,
    0x00, 0x00, 0x00, 0x08, 0xff, 0xb0, 0x00, 0x00, 0x00, 0x00, 0xbf, 0xfd, 0x00, 0x00, 0xaf, 0xfb,
    0x00, 0x00, 0x00, 0x00, 0x08, 0xff, 0xb0, 0x00, 0x00, 0x00, 0x00, 0x7f, 0xff, 0x20, 0x00, 0x03,
    0xb2, 0x00, 0x00, 0x00, 0x00, 0x08, 0xff, 0xb0, 0x00, 0x00, 0x00, 0x00, 0x3f, 0xe9, 0x10, 0x00,
    0x00, 0x00, 0x00, 0x00, 0x00, 0x00, 0x08, 0xff, 0xb0, 0x00, 0x00, 0x00, 0x00, 0x06, 0x10, 0x00,
    0x00, 0x00, 0x00, 0x00, 0x00, 0x00, 0x00, 0x08, 0xff, 0xb0, 0x00, 0x00, 0x00, 0x00, 0x00, 0x00,
    0x00, 0x00, 0x00, 0x00, 0x00, 0x00, 0x00, 0x00, 0x08, 0xff, 0xb0, 0x00, 0x00, 0x00, 0x00, 0x00,
    0x00, 0x00, 0x00, 0x00, 0x00, 0x00, 0x00, 0x00, 0x00, 0x0a, 0xff, 0xb0, 0x00, 0x00, 0x00, 0x00,
    0x00, 0x00, 0x00, 0x00, 0x00, 0x00, 0x00, 0x07, 0xee, 0xee, 0xef, 0xff, 0x90, 0x00, 0x00, 0x00,
    0x00, 0x00, 0x00, 0x00, 0x00, 0x00, 0x00, 0x00, 0x01, 0xef, 0xff, 0xff, 0xff, 0x40, 0x00, 0x00,
    0x00, 0x00, 0x00, 0x00, 0x00, 0x00, 0x00, 0x00, 0x00, 0x00, 0xaf, 0xff, 0xfe, 0xb4, 0x00, 0x00,
    0x00, 0x00, 0x00, 0x00, 0x00, 0x00, 0x00, 0x00, 0x00, 0x00, 0x00, 0x12, 0x22, 0x10, 0x00, 0x00,
    0x00, 0x00, 0x00, 0x00, 0x00, 0x00, 0x00, 0x00, 0x00, 0x00, 0x00, 0x00, 0x00, 0x00, 0x00, 0x00,
    0x00, 0x00, 0x00, 0x00, 0x00, 0x00, 0x00, 0x00, 0x00, 0x00, 0x00, 0x00, 0x00, 0x00, 0x00, 0x00,
    0x00, 0x00, 0x00, 0x00, 0x00, 0x00, 0x00, 0x00, 0x00, 0x00, 0x00, 0x00, 0x00, 0x00, 0x00, 0x00,
    0x0e, 0xff, 0x10, 0x00, 0x00, 0x00, 0x00, 0x00, 0x00, 0x00, 0x00, 0x00, 0x00, 0x00, 0x00, 0x00,
    0x00, 0x0e, 0xff, 0x10, 0x00, 0x00, 0x00, 0x00, 0x00, 0x00, 0x00, 0x00, 0x00, 0x00, 0x00, 0x00,
    0x00, 0x00, 0x0e, 0xff, 0x10, 0x00, 0x00, 0x00, 0x00, 0x00, 0x00, 0x00, 0x00, 0x00, 0x00, 0x00,
    0x00, 0x00, 0x00, 0x0e, 0xff, 0x10, 0x00, 0x00, 0x00, 0x00, 0x00, 0x00, 0x00, 0x00, 0x00, 0x00,
    0x00, 0x00, 0x00, 0x00, 0x0e, 0xff, 0x10, 0x00, 0x00, 0x01, 0x00, 0x00, 0x00, 0x00, 0x00, 0x00,
    0x00, 0x02, 0xfb, 0x70, 0x00, 0x0e, 0xff, 0x10, 0x00, 0x02, 0x9e, 0x20, 0x00, 0x00, 0x00, 0x00,
    0x00, 0x00, 0x09, 0xff, 0x90, 0x00, 0x0e, 0xff, 0x10, 0x00, 0x08, 0xff, 0xb0, 0x00, 0x00, 0x00,
    0x00, 0x00, 0x00, 0x1f, 0xff, 0x20, 0x00, 0x0e, 0xff, 0x10, 0x00, 0x01, 0xdf, 0xf5, 0x00, 0x00,
    0x00, 0x00, 0x00, 0x00, 0x8f, 0xfa, 0x00, 0x00, 0x0e, 0xff, 0x10, 0x00, 0x00, 0x4f, 0xfe, 0x10,
    0x00, 0x00, 0x00, 0x00, 0x01, 0xef, 0xf3, 0x00, 0x00, 0x0e, 0xff, 0x10, 0x00, 0x00, 0x0a, 0xff,
    0xa0, 0x00, 0x00, 0x00, 0x00, 0x07, 0xff, 0xb0, 0x00, 0x00, 0x0e, 0xff, 0x10, 0x00, 0x00, 0x02,
    0xef, 0xf4, 0x00, 0x00, 0x00, 0x00, 0x1e, 0xff, 0x40, 0x00, 0x00, 0x0e, 0xff, 0x10, 0x00, 0x00,
    0x00, 0x8f, 0xfc, 0x00, 0x00, 0x00, 0x00, 0x9f, 0xfb, 0x00, 0x00, 0x00, 0x0e, 0xff, 0x10, 0x00,
    0x00, 0x00, 0x1e, 0xff, 0x60, 0x00, 0x00, 0x04, 0xff, 0xf3, 0x00, 0x00, 0x00, 0x0e, 0xff, 0x10,
    0x00, 0x00, 0x00, 0x06, 0xff, 0xe1, 0x00, 0x00, 0x1e, 0xff, 0x80, 0x00, 0x00, 0x00, 0x0e, 0xff,
    0x10, 0x00, 0x00, 0x00, 0x00, 0xdf, 0xf6, 0x00, 0x00, 0x29, 0xfd, 0x10, 0x00, 0x00, 0x00, 0x0e,
    0xff, 0x10, 0x00, 0x00, 0x00, 0x00, 0x6f, 0x81, 0x00, 0x00, 0x00, 0x33, 0x00, 0x00, 0x00, 0x00,
    0x0e, 0xff, 0x10, 0x00, 0x00, 0x14, 0x00, 0x02, 0x00, 0x00, 0x00, 0x00, 0x00, 0x00, 0x00, 0x00,
    0x00, 0x0e, 0xff, 0x10, 0x00, 0x00, 0xbf, 0xc4, 0x00, 0x00, 0x00, 0x00, 0x00, 0x00, 0x00, 0x00,
    0x00, 0x00, 0x0e, 0xff, 0x10, 0x00, 0x07, 0xff, 0xf4, 0x00, 0x00, 0x00, 0x00, 0x00, 0x00, 0x00,
    0x00, 0x00, 0x00, 0x0c, 0xdd, 0x10, 0x00, 0x7f, 0xff, 0x80, 0x00, 0x00, 0x00, 0x00, 0x00, 0x00,
    0x00, 0x00, 0x00, 0x00, 0x00, 0x00, 0x00, 0x08, 0xff, 0xfb, 0x00, 0x00, 0x00, 0x00, 0x00, 0x00,
    0x00, 0x00, 0x00, 0x00, 0x00, 0x00, 0x00, 0x03, 0xcf, 0xff, 0xb0, 0x00, 0x00, 0x00, 0x00, 0x00,
    0x00, 0x00, 0x00, 0x00, 0x00, 0x00, 0x00, 0x01, 0x8f, 0xff, 0xfa, 0x00, 0x00, 0x00, 0x00, 0x00,
    0x00, 0x00, 0x00, 0x00, 0x00, 0x00, 0x00, 0x02, 0x9e, 0xff, 0xfe, 0x60, 0x00, 0x00, 0x00, 0x00,
    0x00, 0x00, 0x00, 0x00, 0x00, 0x00, 0x00, 0x27, 0xcf, 0xff, 0xff, 0xa2, 0x00, 0x00, 0x00, 0x00,
    0x00, 0x00, 0x00, 0x00, 0x00, 0x01, 0x36, 0xae, 0xff, 0xff, 0xff, 0xb3, 0x00, 0x00, 0x00, 0x00,
    0x00, 0x00, 0x00, 0x00, 0x57, 0x9b, 0xdf, 0xff, 0xff, 0xff, 0xfe, 0x93, 0x00, 0x00, 0x00, 0x00,
    0x00, 0x00, 0x00, 0x00, 0x00, 0x9f, 0xff, 0xff, 0xff, 0xff, 0xd9, 0x50, 0x00, 0x00, 0x00, 0x00,
    0x00, 0x00, 0x00, 0x00, 0x00, 0x00, 0x2f, 0xff, 0xff, 0xc9, 0x63, 0x00, 0x00, 0x00, 0x00, 0x00,
    0x00, 0x00, 0x00, 0x00, 0x00, 0x00, 0x00, 0x07, 0x75, 0x31, 0x00, 0x00, 0x00, 0x00, 0x00, 0x00,
    0x00, 0x00, 0x00, 0x00, 0x00, 0x00, 0x00, 0x00, 0x00, 0x00, 0x00, 0x00, 0x00, 0x00, 0x00, 0x00,
    0x00, 0x00, 0x00, 0x00, 0x00, 0x00, 0x00, 0x00, 0x00, 0x00, 0x00, 0x00, 0x00, 0x00, 0x00, 0x00,
    0x00, 0x00, 0x00, 0x00, 0x00, 0x00, 0x00, 0x00, 0x00, 0x00, 0x00, 0x00, 0x00, 0x03, 0x40, 0x00,
    0x00, 0x00, 0x00, 0x00, 0x44, 0x30, 0x00, 0x00, 0x00, 0x00, 0x00, 0x00, 0x00, 0x01, 0xef, 0xe1,
    0x00, 0x00, 0x00, 0x00, 0x02, 0xff, 0xb0, 0x00, 0x00, 0x00, 0x00, 0x00, 0x00, 0x00, 0x00, 0xaf,
    0xf7, 0x00, 0x00, 0x00, 0x00, 0x02, 0xff, 0xb1, 0x8d, 0x10, 0x00, 0x00, 0x00, 0x00, 0x00, 0x00,
    0x4f, 0xfd, 0x00, 0x00, 0x00, 0x00, 0x02, 0xff, 0xb3, 0xff, 0xc0, 0x00, 0x00, 0x00, 0x4a, 0xaa,
    0xaa, 0xaf, 0xff, 0xaa, 0xaa, 0xa2, 0x00, 0x02, 0xff, 0xa0, 0x6f, 0xf9, 0x00, 0x00, 0x00, 0x6f,
    0xff, 0xff, 0xff, 0xff, 0xff, 0xff, 0xf4, 0x00, 0x03, 0xff, 0xa0, 0x0a, 0xff, 0x40, 0x00, 0x00,
    0x6f, 0xff, 0xff, 0xff, 0xff, 0xff, 0xff, 0xf4, 0x00, 0x03, 0xff, 0xa0, 0x02, 0xef, 0xa0, 0x00,
    0x00, 0x00, 0x00, 0x00, 0x00, 0x00, 0x00, 0x00, 0x00, 0x00, 0x03, 0xff, 0x90, 0x00, 0x89, 0x10,
    0x00, 0x00, 0x00, 0x00, 0x00, 0x00, 0x00, 0x00, 0x00, 0x00, 0x00, 0x03, 0xff, 0x90, 0x00, 0x00,
    0x00, 0x00, 0x00, 0x00, 0x56, 0x66, 0x66, 0x66, 0x66, 0x66, 0x05, 0xbb, 0xbc, 0xff, 0xdb, 0xbb,
    0xbb, 0xb7, 0x00, 0x00, 0x00, 0xcf, 0xff, 0xff, 0xff, 0xff, 0xff, 0x06, 0xff, 0xff, 0xff, 0xff,
    0xff, 0xff, 0xfa, 0x00, 0x00, 0x00, 0xcf, 0xff, 0xff, 0xff, 0xff, 0xff, 0x06, 0xff, 0xff, 0xff,
    0xff, 0xff, 0xff, 0xfa, 0x00, 0x00, 0x00, 0xcf, 0xc0, 0x00, 0x00, 0x0b, 0xff, 0x00, 0x00, 0x08,
    0xff, 0x40, 0x00, 0x00, 0x00, 0x00, 0x00, 0x00, 0xcf, 0xc0, 0x00, 0x00, 0x0b, 0xff, 0x00, 0x00,
    0x09, 0xff, 0x30, 0x00, 0x00, 0x00, 0x00, 0x00, 0x00, 0xcf, 0xc0, 0x00, 0x00, 0x0b, 0xff, 0x00,
    0x00, 0x0b, 0xff, 0xff, 0x90, 0x00, 0x00, 0x00, 0x00, 0x00, 0xcf, 0xd6, 0x66, 0x66, 0x6d, 0xff,
    0x00, 0x00, 0x0d, 0xfe, 0xff, 0x90, 0x00, 0x00, 0x00, 0x00, 0x00, 0xcf, 0xff, 0xff, 0xff, 0xff,
    0xff, 0x00, 0x00, 0x0f, 0xfb, 0xff, 0x90, 0x00, 0x00, 0x00, 0x00, 0x00, 0xcf, 0xff, 0xff, 0xff,
    0xff, 0xff, 0x00, 0x00, 0x3f, 0xf8, 0xff, 0x90, 0x00, 0x00, 0x00, 0x00, 0x00, 0x00, 0x00, 0x2f,
    0xf9, 0x00, 0x00, 0x00, 0x00, 0x7f, 0xf5, 0xff, 0x90, 0x00, 0x00, 0x00, 0x00, 0x00, 0x07, 0x51,
    0x2f, 0xf9, 0x17, 0xc0, 0x00, 0x00, 0xbf, 0xf3, 0xff, 0x90, 0x00, 0x00, 0x00, 0x00, 0x00, 0x3f,
    0xf7, 0x2f, 0xf9, 0x3f, 0xf6, 0x00, 0x00, 0xef, 0xd0, 0xff, 0x90, 0x00, 0x00, 0x00, 0x00, 0x00,
    0x7f, 0xf2, 0x2f, 0xf9, 0x0c, 0xfd, 0x00, 0x03, 0xff, 0x80, 0xff, 0x90, 0x00, 0x00, 0x00, 0x00,
    0x00, 0xbf, 0xd0, 0x2f, 0xf9, 0x05, 0xff, 0x40, 0x09, 0xff, 0x30, 0xff, 0x90, 0x00, 0x00, 0x00,
    0x00, 0x01, 0xff, 0x80, 0x2f, 0xf9, 0x00, 0xef, 0x90, 0x2f, 0xfe, 0x00, 0xff, 0x90, 0x01, 0x40,
    0x00, 0x00, 0x07, 0xff, 0x40, 0x2f, 0xf9, 0x00, 0x9f, 0xe0, 0x8f, 0xf8, 0x00, 0xff, 0x90, 0x02,
    0xfb, 0x20, 0x00, 0x1e, 0xfd, 0x00, 0x2f, 0xf9, 0x00, 0x49, 0x21, 0xef, 0xe1, 0x00, 0xff, 0x90,
    0x02, 0xff, 0x30, 0x00, 0x7f, 0xf6, 0x00, 0x2f, 0xf9, 0x00, 0x00, 0x09, 0xff, 0x70, 0x00, 0xff,
    0x90, 0x03, 0xff, 0x20, 0x00, 0x1a, 0xd0, 0x00, 0x2f, 0xf9, 0x00, 0x00, 0x4f, 0xfe, 0x10, 0x00,
    0xff, 0xb0, 0x07, 0xff, 0x10, 0x00, 0x00, 0x20, 0x77, 0x9f, 0xf8, 0x00, 0x03, 0xef, 0xf5, 0x00,
    0x00, 0xdf, 0xff, 0xff, 0xfd, 0x00, 0x00, 0x00, 0x00, 0x9f, 0xff, 0xf6, 0x00, 0x0c, 0xff, 0x80,
    0x00, 0x00, 0x5e, 0xff, 0xff, 0xe4, 0x00, 0x00, 0x00, 0x00, 0x4f, 0xec, 0x80, 0x00, 0x01, 0xbc,
    0x00, 0x00, 0x00, 0x01, 0x45, 0x53, 0x00, 0x00, 0x00, 0x00, 0x00, 0x00, 0x00, 0x00, 0x00, 0x00,
    0x11, 0x00, 0x00, 0x00, 0x00, 0x00, 0x00, 0x00, 0x00, 0x00, 0x00, 0x00, 0x00, 0x00, 0x00, 0x00,
    0x00, 0x00, 0x00, 0x00, 0x00, 0x00, 0x00, 0x00, 0x00, 0x00, 0x00, 0x00, 0x00, 0x00, 0x00, 0x00,
    0x00, 0x00, 0x00, 0x00, 0x00, 0x00, 0x00, 0x00, 0x00, 0x00, 0x00, 0x00, 0x00, 0x00, 0x00, 0x00,
    0x00, 0x00, 0x02, 0x44, 0x20, 0x00, 0x00, 0x00, 0x00, 0x00, 0x00, 0x00, 0x00, 0x00, 0x00, 0x00,
    0x00, 0x00, 0x00, 0x09, 0xff, 0x80, 0x00, 0x00, 0x00, 0x00, 0x00, 0x00, 0x00, 0x00, 0x00, 0x4f,
    0xfc, 0x00, 0x00, 0x00, 0x09, 0xff, 0x80, 0x00, 0x00, 0x00, 0xbf, 0xf7, 0x00, 0x00, 0x00, 0x00,
    0x4f, 0xfc, 0x00, 0x00, 0x00, 0x09, 0xff, 0x80, 0x00, 0x00, 0x00, 0xbf, 0xf7, 0x00, 0x00, 0x00,
    0x00, 0x4f, 0xfc, 0x00, 0x00, 0x00, 0x09, 0xff, 0x80, 0x00, 0x00, 0x00, 0xbf, 0xf7, 0x00, 0x00,
    0x00, 0x00, 0x4f, 0xfc, 0x00, 0x00, 0x00, 0x09, 0xff, 0x80, 0x00, 0x00, 0x00, 0xbf, 0xf7, 0x00,
    0x00, 0x00, 0x00, 0x4f, 0xfc, 0x00, 0x00, 0x00, 0x09, 0xff, 0x80, 0x00, 0x00, 0x00, 0xbf, 0xf7,
    0x00, 0x00, 0x00, 0x00, 0x4f, 0xff, 0xff, 0xff, 0xff, 0xff, 0xff, 0xff, 0xff, 0xff, 0xff, 0xff,
    0xf7, 0x00, 0x00, 0x00, 0x00, 0x4f, 0xff, 0xff, 0xff, 0xff, 0xff, 0xff, 0xff, 0xff, 0xff, 0xff,
    0xff, 0xf7, 0x00, 0x00, 0x00, 0x00, 0x3b, 0xbb, 0xbb, 0xbb, 0xbb, 0xbb, 0xbb, 0xbb, 0xbb, 0xbb,
    0xbb, 0xbb, 0xb5, 0x00, 0x00, 0x00, 0x00, 0x00, 0x00, 0x00, 0x00, 0x00, 0x00, 0x00, 0x00, 0x00,
    0x00, 0x00, 0x00, 0x00, 0x00, 0x00, 0x00, 0x00, 0x00, 0x00, 0x00, 0x00, 0x00, 0x00, 0x00, 0x00,
    0x00, 0x00, 0x00, 0x00, 0x00, 0x00, 0x00, 0x00, 0x00, 0x00, 0x00, 0x00, 0x00, 0x00, 0x00, 0x00,
    0x00, 0x00, 0x00, 0x00, 0x00, 0x00, 0x00, 0x00, 0x00, 0x5f, 0xff, 0xff, 0xff, 0xff, 0xff, 0xff,
    0xff, 0xff, 0xff, 0xff, 0xff, 0xff, 0xff, 0xf5, 0x00, 0x00, 0x5f, 0xff, 0xff, 0xff, 0xff, 0xff,
    0xff, 0xff, 0xff, 0xff, 0xff, 0xff, 0xff, 0xff, 0xf5, 0x00, 0x00, 0x4d, 0xdd, 0xdd, 0xdd, 0xef,
    0xff, 0xed, 0xdd, 0xdd, 0xdd, 0xdd, 0xdd, 0xdd, 0xdd, 0xd5, 0x00, 0x00, 0x00, 0x00, 0x00, 0x00,
    0x9f, 0xfe, 0x10, 0x00, 0x00, 0x00, 0x00, 0x00, 0x00, 0x00, 0x00, 0x00, 0x00, 0x00, 0x00, 0x00,
    0x05, 0xff, 0xf4, 0x00, 0x00, 0x00, 0x00, 0x00, 0x00, 0x00, 0x00, 0x00, 0x00, 0x00, 0x00, 0x00,
    0x00, 0x3e, 0xff, 0x80, 0x00, 0x00, 0x00, 0x00, 0x00, 0x00, 0x00, 0x00, 0x00, 0x00, 0x00, 0x00,
    0x00, 0x02, 0xef, 0xff, 0xcb, 0xbb, 0xbb, 0xbb, 0xbb, 0xbb, 0xbb, 0xbb, 0xb2, 0x00, 0x00, 0x00,
    0x00, 0x00, 0x2d, 0xff, 0xff, 0xff, 0xff, 0xff, 0xff, 0xff, 0xff, 0xff, 0xff, 0xf3, 0x00, 0x00,
    0x00, 0x00, 0x03, 0xef, 0xff, 0xff, 0xff, 0xff, 0xff, 0xff, 0xff, 0xff, 0xff, 0xff, 0xf3, 0x00,
    0x00, 0x00, 0x00, 0x5e, 0xff, 0xff, 0xfd, 0x00, 0x00, 0x00, 0x00, 0x00, 0x00, 0x00, 0xef, 0xf3,
    0x00, 0x00, 0x00, 0x19, 0xff, 0xff, 0x7f, 0xfd, 0x00, 0x00, 0x00, 0x00, 0x00, 0x00, 0x00, 0xef,
    0xf3, 0x00, 0x00, 0x01, 0xdf, 0xff, 0xe4, 0x2f, 0xfd, 0x00, 0x00, 0x00, 0x00, 0x00, 0x00, 0x00,
    0xef, 0xf3, 0x00, 0x00, 0x00, 0x9f, 0xfd, 0x30, 0x2f, 0xfd, 0x00, 0x00, 0x00, 0x00, 0x00, 0x00,
    0x00, 0xef, 0xf3, 0x00, 0x00, 0x00, 0x1d, 0x91, 0x00, 0x2f, 0xfd, 0x00, 0x00, 0x00, 0x00, 0x00,
    0x00, 0x00, 0xef, 0xf3, 0x00, 0x00, 0x00, 0x01, 0x00, 0x00, 0x2f, 0xfe, 0xbb, 0xbb, 0xbb, 0xbb,
    0xbb, 0xbb, 0xbb, 0xff, 0xf3, 0x00, 0x00, 0x00, 0x00, 0x00, 0x00, 0x2f, 0xff, 0xff, 0xff, 0xff,
    0xff, 0xff, 0xff, 0xff, 0xff, 0xf3, 0x00, 0x00, 0x00, 0x00, 0x00, 0x00, 0x2f, 0xff, 0xff, 0xff,
    0xff, 0xff, 0xff, 0xff, 0xff, 0xff, 0xf3, 0x00, 0x00, 0x00, 0x00, 0x00, 0x00, 0x2f, 0xfd, 0x00,
    0x00, 0x00, 0x00, 0x00, 0x00, 0x00, 0xef, 0xf3, 0x00, 0x00, 0x00, 0x00, 0x00, 0x00, 0x16, 0x66,
    0x00, 0x00, 0x00, 0x00, 0x00, 0x00, 0x00, 0x44, 0x41, 0x00, 0x00, 0x00, 0x00, 0x00, 0x00, 0x00,
    0x00, 0x00, 0x00, 0x00, 0x00, 0x00, 0x00, 0x00, 0x00, 0x00, 0x00, 0x00, 0x00, 0x00, 0x00, 0x00,
    0x00, 0x00, 0x00, 0x00, 0x00, 0x00, 0x00, 0x00, 0x00, 0x00, 0x00, 0x00, 0x00, 0x00, 0x00, 0x00,
    0x00, 0x00, 0x00, 0x24, 0x20, 0x00, 0x00, 0x00, 0x00, 0x00, 0x00, 0x00, 0x00, 0x00, 0x00, 0x00,
    0x00, 0x00, 0x00, 0x00, 0x9f, 0xf9, 0x00, 0x00, 0x00, 0x00, 0x00, 0x00, 0x00, 0x00, 0x00, 0x00,
    0x00, 0x00, 0x00, 0x00, 0x00, 0xcf, 0xf6, 0x00, 0x00, 0x00, 0x00, 0x00, 0x00, 0x00, 0x00, 0x00,
    0x00, 0x00, 0x00, 0x00, 0x00, 0x00, 0xef, 0xf3, 0x00, 0x00, 0x00, 0x00, 0x00, 0x00, 0x00, 0x00,
    0x00, 0x00, 0x00, 0x00, 0x00, 0x00, 0x02, 0xff, 0xf1, 0x00, 0x00, 0x00, 0x00, 0x00, 0x00, 0x00,
    0x00, 0x00, 0x00, 0x00, 0x00, 0x00, 0x00, 0x05, 0xff, 0xd0, 0x00, 0x00, 0x00, 0x00, 0x00, 0x00,
    0x00, 0x00, 0x00, 0x00, 0x0d, 0xee, 0xee, 0xee, 0xee, 0xff, 0xfe, 0xee, 0xee, 0xee, 0xee, 0xee,
    0xee, 0xee, 0xd0, 0x00, 0x00, 0x0e, 0xff, 0xff, 0xff, 0xff, 0xff, 0xff, 0xff, 0xff, 0xff, 0xff,
    0xff, 0xff, 0xff, 0xe0, 0x00, 0x00, 0x0e, 0xff, 0xff, 0xff, 0xff, 0xff, 0xff, 0xff, 0xff, 0xff,
    0xff, 0xff, 0xff, 0xff, 0xe0, 0x00, 0x00, 0x00, 0x00, 0x00, 0x00, 0x4f, 0xfd, 0x00, 0x00, 0x00,
    0x00, 0x00, 0x00, 0x00, 0x00, 0x00, 0x00, 0x00, 0x00, 0x00, 0x00, 0x00, 0x8f, 0xf9, 0x00, 0x00,
    0x00, 0x00, 0x00, 0x00, 0x00, 0x00, 0x00, 0x00, 0x00, 0x00, 0x00, 0x00, 0x00, 0xdf, 0xf5, 0x00,
    0x00, 0x00, 0x00, 0x00, 0x00, 0x00, 0x00, 0x00, 0x00, 0x00, 0x00, 0x00, 0x00, 0x02, 0xff, 0xf1,
    0x00, 0x00, 0x00, 0x00, 0x00, 0x00, 0x00, 0x00, 0x00, 0x00, 0x00, 0x00, 0x00, 0x00, 0x07, 0xff,
    0xb0, 0x00, 0x00, 0x00, 0x00, 0x00, 0x00, 0x00, 0x00, 0x00, 0x00, 0x00, 0x00, 0x00, 0x00, 0x0c,
    0xff, 0x70, 0x00, 0x00, 0x00, 0x00, 0x00, 0x00, 0x00, 0x00, 0x00, 0x00, 0x00, 0x00, 0x00, 0x00,
    0x3f, 0xff, 0xee, 0xee, 0xee, 0xee, 0xee, 0xee, 0xee, 0xee, 0xee, 0x20, 0x00, 0x00, 0x00, 0x00,
    0x00, 0x9f, 0xfb, 0xff, 0xff, 0xff, 0xff, 0xff, 0xff, 0xff, 0xff, 0xff, 0x30, 0x00, 0x00, 0x00,
    0x00, 0x01, 0xef, 0xf5, 0xff, 0xff, 0xff, 0xff, 0xff, 0xff, 0xff, 0xff, 0xff, 0x30, 0x00, 0x00,
    0x00, 0x00, 0x06, 0xff, 0xd0, 0x00, 0x00, 0x00, 0x3f, 0xfd, 0x00, 0x00, 0x00, 0x00, 0x00, 0x00,
    0x00, 0x00, 0x00, 0x1e, 0xff, 0x70, 0x00, 0x00, 0x00, 0x3f, 0xfd, 0x00, 0x00, 0x00, 0x00, 0x00,
    0x00, 0x00, 0x00, 0x00, 0x8f, 0xfe, 0x10, 0x00, 0x00, 0x00, 0x3f, 0xfd, 0x00, 0x00, 0x00, 0x00,
    0x00, 0x00, 0x00, 0x00, 0x02, 0xff, 0xf6, 0x00, 0x00, 0x00, 0x00, 0x3f, 0xfd, 0x00, 0x00, 0x00,
    0x00, 0x00, 0x00, 0x00, 0x00, 0x0b, 0xff, 0xd0, 0x00, 0x00, 0x00, 0x00, 0x3f, 0xfd, 0x00, 0x00,
    0x00, 0x00, 0x00, 0x00, 0x00, 0x00, 0x7f, 0xff, 0x40, 0x00, 0x00, 0x00, 0x00, 0x3f, 0xfd, 0x00,
    0x00, 0x00, 0x00, 0x00, 0x00, 0x00, 0x05, 0xff, 0xf9, 0x00, 0x00, 0x00, 0x00, 0x00, 0x3f, 0xfd,
    0x00, 0x00, 0x00, 0x00, 0x00, 0x00, 0x00, 0x4f, 0xff, 0xd1, 0x00, 0x00, 0x00, 0x00, 0x00, 0x3f,
    0xfd, 0x00, 0x00, 0x00, 0x00, 0x00, 0x00, 0x01, 0xef, 0xfe, 0x30, 0x00, 0x00, 0x00, 0x00, 0x00,
    0x3f, 0xfd, 0x00, 0x00, 0x00, 0x00, 0x00, 0x00, 0x00, 0x7f, 0xf4, 0x00, 0x5e, 0xee, 0xee, 0xee,
    0xee, 0xef, 0xff, 0xee, 0xee, 0xee, 0xee, 0xe7, 0x00, 0x00, 0x09, 0x50, 0x00, 0x6f, 0xff, 0xff,
    0xff, 0xff, 0xff, 0xff, 0xff, 0xff, 0xff, 0xff, 0xf7, 0x00, 0x00, 0x00, 0x00, 0x00, 0x6f, 0xff,
    0xff, 0xff, 0xff, 0xff, 0xff, 0xff, 0xff, 0xff, 0xff, 0xf7, 0x00, 0x00, 0x00, 0x00, 0x00, 0x00,
    0x00, 0x00, 0x00, 0x00, 0x00, 0x00, 0x00, 0x00, 0x00, 0x00, 0x00, 0x00, 0x00, 0x00, 0x00, 0x00,
    0x00, 0x00, 0x00, 0x00, 0x00, 0x00, 0x00, 0x00, 0x00, 0x00, 0x00, 0x00, 0x00, 0x00, 0x01, 0xff,
    0xff, 0xff, 0xff, 0xff, 0xff, 0xff, 0xff, 0xff, 0xff, 0xff, 0xf8, 0x00, 0x00, 0x00, 0x00, 0x01,
    0xff, 0xff, 0xff, 0xff, 0xff, 0xff, 0xff, 0xff, 0xff, 0xff, 0xff, 0xf8, 0x00, 0x00, 0x00, 0x00,
    0x01, 0xff, 0xff, 0xff, 0xff, 0xff, 0xff, 0xff, 0xff, 0xff, 0xff, 0xff, 0xf8, 0x00, 0x00, 0x00,
    0x00, 0x00, 0x00, 0x00, 0x00, 0x00, 0x00, 0x00, 0x00, 0x00, 0x00, 0x00, 0x9f, 0xf8, 0x00, 0x00,
    0x00, 0x00, 0x00, 0x00, 0x00, 0x00, 0x00, 0x00, 0x00, 0x00, 0x00, 0x00, 0x00, 0x9f, 0xf8, 0x00,
    0x00, 0x00, 0x00, 0x00, 0x00, 0x00, 0x00, 0x00, 0x00, 0x00, 0x00, 0x00, 0x00, 0x00, 0x9f, 0xf8,
    0x00, 0x00, 0x00, 0x00, 0x00, 0x08, 0xff, 0x80, 0x00, 0x00, 0x00, 0x00, 0x00, 0x00, 0x00, 0x9f,
    0xf8, 0x00, 0x00, 0x00, 0x00, 0x00, 0x08, 0xff, 0x80, 0x00, 0x00, 0x00, 0x00, 0x00, 0x00, 0x00,
    0x9f, 0xf8, 0x00, 0x00, 0x00, 0x00, 0x00, 0x08, 0xff, 0x80, 0x00, 0x00, 0x00, 0x00, 0x00, 0x00,
    0x00, 0x9f, 0xf8, 0x00, 0x00, 0x00, 0x00, 0x00, 0x08, 0xff, 0x80, 0x00, 0x00, 0x00, 0x00, 0x00,
    0x00, 0x00, 0x9f, 0xf8, 0x00, 0x00, 0x00, 0x00, 0x00, 0x08, 0xff, 0x80, 0x00, 0x00, 0x00, 0x00,
    0x00, 0x00, 0x00, 0x9f, 0xf8, 0x00, 0x00, 0x00, 0x00, 0x00, 0x08, 0xff, 0xff, 0xff, 0xff, 0xff,
    0xff, 0xff, 0xff, 0xff, 0xff, 0xf8, 0x00, 0x00, 0x00, 0x00, 0x00, 0x08, 0xff, 0xff, 0xff, 0xff,
    0xff, 0xff, 0xff, 0xff, 0xff, 0xff, 0xf8, 0x00, 0x00, 0x00, 0x00, 0x00, 0x08, 0xff, 0xff, 0xff,
    0xff, 0xff, 0xff, 0xff, 0xff, 0xff, 0xff, 0xf8, 0x00, 0x00, 0x00, 0x00, 0x00, 0x08, 0xff, 0x80,
    0x00, 0x00, 0x00, 0x00, 0x00, 0x00, 0x00, 0x9f, 0xf8, 0x00, 0x00, 0x00, 0x00, 0x00, 0x08, 0xff,
    0x80, 0x00, 0x00, 0x00, 0x00, 0x00, 0x00, 0x00, 0x58, 0x84, 0x00, 0x00, 0x00, 0x00, 0x00, 0x08,
    0xff, 0x80, 0x00, 0x00, 0x00, 0x00, 0x00, 0x00, 0x00, 0x00, 0x00, 0x00, 0x00, 0x00, 0x00, 0x00,
    0x08, 0xff, 0x80, 0x00, 0x00, 0x00, 0x00, 0x00, 0x00, 0x00, 0x00, 0x00, 0x00, 0x00, 0x00, 0x00,
    0x00, 0x08, 0xff, 0x80, 0x00, 0x00, 0x00, 0x00, 0x00, 0x00, 0x00, 0x00, 0x00, 0x56, 0x00, 0x00,
    0x00, 0x00, 0x08, 0xff, 0x80, 0x00, 0x00, 0x00, 0x00, 0x00, 0x00, 0x00, 0x00, 0x00, 0x9f, 0xe7,
    0x00, 0x00, 0x00, 0x08, 0xff, 0x80, 0x00, 0x00, 0x00, 0x00, 0x00, 0x00, 0x00, 0x00, 0x00, 0xbf,
    0xf8, 0x00, 0x00, 0x00, 0x08, 0xff, 0x80, 0x00, 0x00, 0x00, 0x00, 0x00, 0x00, 0x00, 0x00, 0x00,
    0xef, 0xf5, 0x00, 0x00, 0x00, 0x08, 0xff, 0xa0, 0x00, 0x00, 0x00, 0x00, 0x00, 0x00, 0x00, 0x00,
    0x04, 0xff, 0xf2, 0x00, 0x00, 0x00, 0x06, 0xff, 0xf6, 0x21, 0x00, 0x00, 0x00, 0x00, 0x00, 0x00,
    0x01, 0x6e, 0xff, 0xc0, 0x00, 0x00, 0x00, 0x01, 0xef, 0xff, 0xff, 0xff, 0xff, 0xff, 0xff, 0xff,
    0xff, 0xff, 0xff, 0xff, 0x60, 0x00, 0x00, 0x00, 0x00, 0x5f, 0xff, 0xff, 0xff, 0xff, 0xff, 0xff,
    0xff, 0xff, 0xff, 0xff, 0xf9, 0x00, 0x00, 0x00, 0x00, 0x00, 0x03, 0x9c, 0xef, 0xff, 0xff, 0xff,
    0xff, 0xff, 0xff, 0xfe, 0xda, 0x40, 0x00, 0x00, 0x00, 0x00, 0x00, 0x00, 0x00, 0x00, 0x00, 0x00,
    0x00, 0x00, 0x00, 0x00, 0x00, 0x00, 0x00, 0x00, 0x00, 0x00, 0x00, 0x00, 0x00, 0x00, 0x00, 0x00,
    0x00, 0x00, 0x00, 0x00, 0x00, 0x00, 0x00, 0x00, 0x00, 0x00, 0x00, 0x00, 0x00, 0x00, 0x00, 0x00,
    0x00, 0x00, 0x00, 0x00, 0x00, 0x00, 0x00, 0x00, 0x00, 0x00, 0x00, 0x00, 0x00, 0x00, 0x00, 0x00,
    0x00, 0x00, 0x03, 0x81, 0x00, 0x00, 0x00, 0x00, 0x00, 0x00, 0x00, 0x00, 0x00, 0x00, 0x00, 0x00,
    0x00, 0x00, 0x00, 0xcf, 0xf9, 0x00, 0x00, 0x00, 0x00, 0x00, 0x00, 0x00, 0x00, 0x00, 0x00, 0x00,
    0x00, 0x00, 0x00, 0x00, 0x6f, 0xff, 0x20, 0x00, 0x00, 0x00, 0x00, 0x00, 0x00, 0x00, 0x00, 0x00,
    0x00, 0x00, 0x00, 0x00, 0x00, 0x0d, 0xff, 0xa0, 0x00, 0x00, 0x00, 0x00, 0x00, 0x00, 0x00, 0x00,
    0x00, 0x00, 0x00, 0x00, 0x00, 0x00, 0x06, 0xff, 0xf2, 0x00, 0x00, 0x00, 0x00, 0x00, 0x00, 0x00,
    0x00, 0x7e, 0xee, 0xee, 0xee, 0xee, 0xee, 0xee, 0xff, 0xfe, 0xee, 0xee, 0xee, 0xee, 0xee, 0xe8,
    0x00, 0x00, 0x7f, 0xff, 0xff, 0xff, 0xff, 0xff, 0xff, 0xff, 0xff, 0xff, 0xff, 0xff, 0xff, 0xff,
    0xf8, 0x00, 0x00, 0x7f, 0xff, 0xff, 0xff, 0xff, 0xff, 0xff, 0xff, 0xff, 0xff, 0xff, 0xff, 0xff,
    0xff, 0xf8, 0x00, 0x00, 0x00, 0x00, 0x00, 0x00, 0x00, 0x00, 0x0b, 0xff, 0x70, 0x00, 0x00, 0x00,
    0x00, 0x00, 0x00, 0x00, 0x00, 0x00, 0x00, 0x00, 0x00, 0x00, 0x00, 0x0b, 0xff, 0x70, 0x00, 0x00,
    0x00, 0x00, 0x00, 0x00, 0x00, 0x00, 0x00, 0x00, 0x00, 0x00, 0x00, 0x00, 0x0b, 0xff, 0x70, 0x00,
    0x00, 0x00, 0x00, 0x00, 0x00, 0x00, 0x00, 0x00, 0x00, 0x00, 0x00, 0x00, 0x00, 0x0b, 0xff, 0x70,
    0x00, 0x00, 0x00, 0x00, 0x00, 0x00, 0x00, 0x00, 0x00, 0x00, 0x00, 0x00, 0x00, 0x00, 0x0b, 0xff,
    0x70, 0x00, 0x00, 0x00, 0x00, 0x00, 0x00, 0x00, 0x00, 0x00, 0x08, 0xff, 0xff, 0xff, 0xff, 0xff,
    0xff, 0xff, 0xff, 0xff, 0xff, 0xff, 0xd0, 0x00, 0x00, 0x00, 0x00, 0x08, 0xff, 0xff, 0xff, 0xff,
    0xff, 0xff, 0xff, 0xff, 0xff, 0xff, 0xff, 0xd0, 0x00, 0x00, 0x00, 0x00, 0x08, 0xff, 0xfe, 0xee,
    0xee, 0xef, 0xff, 0xfe, 0xee, 0xee, 0xef, 0xff, 0xd0, 0x00, 0x00, 0x00, 0x00, 0x08, 0xff, 0x70,
    0x00, 0x00, 0x0b, 0xff, 0x70, 0x00, 0x00, 0x04, 0xff, 0xd0, 0x00, 0x00, 0x00, 0x00, 0x08, 0xff,
    0x70, 0x00, 0x00, 0x0b, 0xff, 0x70, 0x00, 0x00, 0x04, 0xff, 0xd0, 0x00, 0x00, 0x00, 0x00, 0x08,
    0xff, 0x70, 0x00, 0x00, 0x0b, 0xff, 0x70, 0x00, 0x00, 0x04, 0xff, 0xd0, 0x00, 0x00, 0x00, 0x00,
    0x08, 0xff, 0x70, 0x00, 0x00, 0x0b, 0xff, 0x70, 0x00, 0x00, 0x04, 0xff, 0xd0, 0x00, 0x00, 0x00,
    0x00, 0x08, 0xff, 0x70, 0x00, 0x00, 0x0b, 0xff, 0x70, 0x00, 0x00, 0x04, 0xff, 0xd0, 0x00, 0x00,
    0x00, 0x00, 0x08, 0xff, 0x70, 0x00, 0x00, 0x0b, 0xff, 0x70, 0x00, 0x00, 0x04, 0xff, 0xd0, 0x00,
    0x00, 0x00, 0x00, 0x08, 0xff, 0x70, 0x00, 0x00, 0x0b, 0xff, 0x70, 0x00, 0x00, 0x04, 0xff, 0xd0,
    0x00, 0x00, 0x00, 0x00, 0x08, 0xff, 0x70, 0x00, 0x00, 0x0b, 0xff, 0x70, 0x00, 0x00, 0x04, 0xff,
    0xd0, 0x00, 0x00, 0x00, 0x00, 0x08, 0xff, 0x70, 0x00, 0x00, 0x0b, 0xff, 0x70, 0x00, 0x00, 0x05,
    0xff, 0xd0, 0x00, 0x00, 0x00, 0x00, 0x08, 0xff, 0x70, 0x00, 0x00, 0x0b, 0xff, 0x70, 0x2e, 0xee,
    0xef, 0xff, 0xc0, 0x00, 0x00, 0x00, 0x00, 0x08, 0xff, 0x70, 0x00, 0x00, 0x0b, 0xff, 0x70, 0x0b,
    0xff, 0xff, 0xff, 0x70, 0x00, 0x00, 0x00, 0x00, 0x08, 0xff, 0x70, 0x00, 0x00, 0x0b, 0xff, 0x70,
    0x07, 0xff, 0xec, 0xa5, 0x00, 0x00, 0x00, 0x00, 0x00, 0x00, 0x11, 0x00, 0x00, 0x00, 0x0b, 0xff,
    0x70, 0x00, 0x00, 0x00, 0x00, 0x00, 0x00, 0x00, 0x00, 0x00, 0x00, 0x00, 0x00, 0x00, 0x00, 0x0b,
    0xff, 0x70, 0x00, 0x00, 0x00, 0x00, 0x00, 0x00, 0x00, 0x00, 0x00, 0x00, 0x00, 0x00, 0x00, 0x00,
    0x0b, 0xff, 0x70, 0x00, 0x00, 0x00, 0x00, 0x00, 0x00, 0x00, 0x00, 0x00, 0x00, 0x00, 0x00, 0x00,
    0x00, 0x03, 0x55, 0x20, 0x00, 0x00, 0x00, 0x00, 0x00, 0x00, 0x00, 0x00, 0x00, 0x00, 0x00, 0x00,
    0x00, 0x00, 0x00, 0x00, 0x00, 0x00, 0x00, 0x00, 0x00, 0x00, 0x00, 0x00, 0x00, 0x00, 0x00, 0x00,
    0x00, 0x00, 0x00, 0x00, 0x00, 0x00, 0x00, 0x00, 0x00, 0x00, 0x00, 0x00, 0x00, 0x00, 0x00, 0x00,
    0x00, 0x00, 0x00, 0x00, 0x03, 0x55, 0x40, 0x00, 0x00, 0x00, 0x00, 0x00, 0x00, 0x00, 0x00, 0x00,
    0x00, 0x28, 0xe5, 0x00, 0x00, 0x07, 0xff, 0xa0, 0x00, 0x00, 0x5e, 0x95, 0x00, 0x00, 0x00, 0x00,
    0x00, 0x00, 0x8f, 0xfe, 0x20, 0x00, 0x07, 0xff, 0xa0, 0x00, 0x01, 0xef, 0xfb, 0x00, 0x00, 0x00,
    0x00, 0x00, 0x00, 0x0c, 0xff, 0xb0, 0x00, 0x07, 0xff, 0xa0, 0x00, 0x0a, 0xff, 0xd1, 0x00, 0x00,
    0x00, 0x00, 0x00, 0x00, 0x03, 0xff, 0xe2, 0x00, 0x07, 0xff, 0xa0, 0x00, 0x3f, 0xfe, 0x20, 0x00,
    0x00, 0x00, 0x00, 0x04, 0x99, 0x99, 0xee, 0xa9, 0x99, 0x9c, 0xff, 0xd9, 0x99, 0x9a, 0xfc, 0x99,
    0x99, 0x60, 0x00, 0x00, 0x07, 0xff, 0xff, 0xff, 0xff, 0xff, 0xff, 0xff, 0xff, 0xff, 0xff, 0xff,
    0xff, 0xff, 0xa0, 0x00, 0x00, 0x07, 0xff, 0xff, 0xff, 0xff, 0xff, 0xff, 0xff, 0xff, 0xff, 0xff,
    0xff, 0xff, 0xff, 0xa0, 0x00, 0x00, 0x07, 0xff, 0x70, 0x00, 0x00, 0x00, 0x00, 0x00, 0x00, 0x00,
    0x00, 0x00, 0x05, 0xff, 0xa0, 0x00, 0x00, 0x07, 0xff, 0x70, 0x00, 0x00, 0x00, 0x00, 0x00, 0x00,
    0x00, 0x00, 0x00, 0x05, 0xff, 0xa0, 0x00, 0x00, 0x07, 0xff, 0x70, 0x6f, 0xff, 0xff, 0xff, 0xff,
    0xff, 0xff, 0xff, 0xf8, 0x05, 0xff, 0xa0, 0x00, 0x00, 0x07, 0xff, 0x70, 0x6f, 0xff, 0xff, 0xff,
    0xff, 0xff, 0xff, 0xff, 0xf8, 0x05, 0xff, 0xa0, 0x00, 0x00, 0x07, 0xff, 0x70, 0x6f, 0xf9, 0x33,
    0x33, 0x33, 0x33, 0x33, 0x9f, 0xf8, 0x05, 0xff, 0xa0, 0x00, 0x00, 0x00, 0x00, 0x00, 0x6f, 0xf7,
    0x00, 0x00, 0x00, 0x00, 0x00, 0x7f, 0xf8, 0x00, 0x00, 0x00, 0x00, 0x00, 0x00, 0x00, 0x00, 0x6f,
    0xf7, 0x00, 0x00, 0x00, 0x00, 0x00, 0x7f, 0xf8, 0x00, 0x00, 0x00, 0x00, 0x00, 0x00, 0x00, 0x00,
    0x6f, 0xff, 0xff, 0xff, 0xff, 0xff, 0xff, 0xff, 0xf8, 0x00, 0x00, 0x00, 0x00, 0x00, 0x00, 0x00,
    0x00, 0x6f, 0xff, 0xff, 0xff, 0xff, 0xff, 0xff, 0xff, 0xf8, 0x00, 0x00, 0x00, 0x00, 0x00, 0x00,
    0x00, 0x00, 0x13, 0x33, 0x33, 0x35, 0xff, 0xe3, 0x33, 0x33, 0x32, 0x00, 0x00, 0x00, 0x00, 0x00,
    0x00, 0x00, 0x00, 0x00, 0x00, 0x00, 0x03, 0xff, 0xe0, 0x00, 0x00, 0x00, 0x00, 0x00, 0x00, 0x00,
    0x00, 0x00, 0x00, 0x00, 0x00, 0x00, 0x00, 0x03, 0xff, 0xe0, 0x00, 0x00, 0x00, 0x00, 0x00, 0x00,
    0x00, 0x00, 0x00, 0x06, 0xff, 0xff, 0xff, 0xff, 0xff, 0xff, 0xff, 0xff, 0xff, 0xff, 0xff, 0xb0,
    0x00, 0x00, 0x00, 0x00, 0x06, 0xff, 0xff, 0xff, 0xff, 0xff, 0xff, 0xff, 0xff, 0xff, 0xff, 0xff,
    0xb0, 0x00, 0x00, 0x00, 0x00, 0x06, 0xff, 0xeb, 0xbb, 0xbb, 0xbc, 0xff, 0xfb, 0xbb, 0xbb, 0xbc,
    0xff, 0xb0, 0x00, 0x00, 0x00, 0x00, 0x06, 0xff, 0xb0, 0x00, 0x00, 0x03, 0xff, 0xe0, 0x00, 0x00,
    0x05, 0xff, 0xb0, 0x00, 0x00, 0x00, 0x00, 0x06, 0xff, 0xb0, 0x00, 0x00, 0x03, 0xff, 0xe0, 0x00,
    0x00, 0x05, 0xff, 0xb0, 0x00, 0x00, 0x00, 0x00, 0x06, 0xff, 0xb0, 0x00, 0x00, 0x03, 0xff, 0xe0,
    0x00, 0x00, 0x05, 0xff, 0xb0, 0x00, 0x00, 0x00, 0x00, 0x06, 0xff, 0xb0, 0x00, 0x00, 0x03, 0xff,
    0xe0, 0x00, 0x00, 0x05, 0xff, 0xb0, 0x00, 0x00, 0x00, 0x00, 0x06, 0xff, 0xb0, 0x00, 0x00, 0x03,
    0xff, 0xe0, 0x08, 0xbb, 0xbd, 0xff, 0xa0, 0x00, 0x00, 0x00, 0x00, 0x06, 0xff, 0xb0, 0x00, 0x00,
    0x03, 0xff, 0xe0, 0x05, 0xff, 0xff, 0xff, 0x60, 0x00, 0x00, 0x00, 0x00, 0x04, 0xbb, 0x80, 0x00,
    0x00, 0x03, 0xff, 0xe0, 0x01, 0xff, 0xfd, 0xb7, 0x00, 0x00, 0x00, 0x00, 0x00, 0x00, 0x00, 0x00,
    0x00, 0x00, 0x03, 0xff, 0xe0, 0x00, 0x00, 0x00, 0x00, 0x00, 0x00, 0x00, 0x00, 0x00, 0x00, 0x00,
    0x00, 0x00, 0x00, 0x01, 0x44, 0x40, 0x00, 0x00, 0x00, 0x00, 0x00, 0x00, 0x00, 0x00, 0x00, 0x00,
    0x00, 0x00, 0x00, 0x00, 0x00, 0x00, 0x00, 0x00, 0x00, 0x00, 0x00, 0x00, 0x00, 0x00, 0x00, 0x00,
    0x00, 0x00, 0x00, 0x00, 0x00, 0x00, 0x00, 0x00, 0x00, 0x00, 0x00, 0x00, 0x00, 0x00, 0x00, 0x00,
    0x00, 0x00, 0x00, 0x01, 0x40, 0x00, 0x00, 0x00, 0x00, 0x00, 0x05, 0x20, 0x00, 0x00, 0x00, 0x00,
    0x00, 0x00, 0x00, 0x01, 0x9e, 0xf4, 0x00, 0x00, 0x00, 0x00, 0x00, 0x4f, 0xfd, 0x50, 0x00, 0x00,
    0x00, 0x00, 0x00, 0x00, 0x00, 0xaf, 0xfe, 0x10, 0x00, 0x00, 0x00, 0x00, 0xaf, 0xff, 0x20, 0x00,
    0x00, 0x00, 0x00, 0x00, 0x00, 0x00, 0x1e, 0xff, 0xa0, 0x00, 0x00, 0x00, 0x01, 0xef, 0xf9, 0x00,
    0x00, 0x00, 0x00, 0x00, 0x00, 0x00, 0x00, 0x06, 0xff, 0xf3, 0x00, 0x00, 0x00, 0x07, 0xff, 0xe2,
    0x00, 0x00, 0x00, 0x00, 0x00, 0x00, 0x00, 0x00, 0x00, 0xdf, 0xfb, 0x00, 0x00, 0x00, 0x0e, 0xff,
    0x80, 0x00, 0x00, 0x00, 0x00, 0x00, 0x00, 0x00, 0x00, 0x00, 0x7e, 0x92, 0x00, 0x00, 0x00, 0x6f,
    0xfe, 0x10, 0x00, 0x00, 0x00, 0x00, 0x00, 0x04, 0xee, 0xee, 0xee, 0xee, 0xee, 0xee, 0xee, 0xee,
    0xff, 0xff, 0xee, 0xee, 0xee, 0x70, 0x00, 0x00, 0x04, 0xff, 0xff, 0xff, 0xff, 0xff, 0xff, 0xff,
    0xff, 0xff, 0xff, 0xff, 0xff, 0xff, 0x70, 0x00, 0x00, 0x04, 0xff, 0xff, 0xff, 0xff, 0xff, 0xff,
    0xff, 0xff, 0xff, 0xff, 0xff, 0xff, 0xff, 0x70, 0x00, 0x00, 0x00, 0x00, 0x00, 0x03, 0xff, 0xf0,
    0x00, 0x00, 0x00, 0x0e, 0xff, 0x40, 0x00, 0x00, 0x00, 0x00, 0x00, 0x00, 0x00, 0x00, 0x03, 0xff,
    0xf0, 0x00, 0x00, 0x00, 0x0e, 0xff, 0x40, 0x00, 0x00, 0x00, 0x00, 0x00, 0x00, 0x00, 0x00, 0x03,
    0xff, 0xf0, 0x00, 0x00, 0x00, 0x0e, 0xff, 0x40, 0x00, 0x00, 0x00, 0x00, 0x00, 0x00, 0x00, 0x00,
    0x03, 0xff, 0xf0, 0x00, 0x00, 0x00, 0x0e, 0xff, 0x40, 0x00, 0x00, 0x00, 0x00, 0x00, 0x00, 0x00,
    0x00, 0x03, 0xff, 0xf0, 0x00, 0x00, 0x00, 0x0e, 0xff, 0x40, 0x00, 0x00, 0x00, 0x00, 0x00, 0x00,
    0x00, 0x00, 0x03, 0xff, 0xf0, 0x00, 0x00, 0x00, 0x0e, 0xff, 0x40, 0x00, 0x00, 0x00, 0x00, 0x00,
    0x00, 0x00, 0x00, 0x03, 0xff, 0xf0, 0x00, 0x00, 0x00, 0x0e, 0xff, 0x40, 0x00, 0x00, 0x00, 0x00,
    0x00, 0x7f, 0xff, 0xff, 0xff, 0xff, 0xff, 0xff, 0xff, 0xff, 0xff, 0xff, 0xff, 0xff, 0xff, 0xf7,
    0x00, 0x00, 0x7f, 0xff, 0xff, 0xff, 0xff, 0xff, 0xff, 0xff, 0xff, 0xff, 0xff, 0xff, 0xff, 0xff,
    0xf7, 0x00, 0x00, 0x6e, 0xee, 0xee, 0xee, 0xff, 0xfe, 0xee, 0xee, 0xee, 0xef, 0xff, 0xee, 0xee,
    0xee, 0xe7, 0x00, 0x00, 0x00, 0x00, 0x00, 0x09, 0xff, 0xa0, 0x00, 0x00, 0x00, 0x0e, 0xff, 0x40,
    0x00, 0x00, 0x00, 0x00, 0x00, 0x00, 0x00, 0x00, 0x0d, 0xff, 0x70, 0x00, 0x00, 0x00, 0x0e, 0xff,
    0x40, 0x00, 0x00, 0x00, 0x00, 0x00, 0x00, 0x00, 0x00, 0x2f, 0xff, 0x40, 0x00, 0x00, 0x00, 0x0e,
    0xff, 0x40, 0x00, 0x00, 0x00, 0x00, 0x00, 0x00, 0x00, 0x00, 0xaf, 0xfe, 0x10, 0x00, 0x00, 0x00,
    0x0e, 0xff, 0x40, 0x00, 0x00, 0x00, 0x00, 0x00, 0x00, 0x00, 0x03, 0xff, 0xf8, 0x00, 0x00, 0x00,
    0x00, 0x0e, 0xff, 0x40, 0x00, 0x00, 0x00, 0x00, 0x00, 0x00, 0x00, 0x1d, 0xff, 0xf2, 0x00, 0x00,
    0x00, 0x00, 0x0e, 0xff, 0x40, 0x00, 0x00, 0x00, 0x00, 0x00, 0x00, 0x01, 0xcf, 0xff, 0x90, 0x00,
    0x00, 0x00, 0x00, 0x0e, 0xff, 0x40, 0x00, 0x00, 0x00, 0x00, 0x00, 0x00, 0x2c, 0xff, 0xfd, 0x10,
    0x00, 0x00, 0x00, 0x00, 0x0e, 0xff, 0x40, 0x00, 0x00, 0x00, 0x00, 0x00, 0x07, 0xef, 0xff, 0xd2,
    0x00, 0x00, 0x00, 0x00, 0x00, 0x0e, 0xff, 0x40, 0x00, 0x00, 0x00, 0x00, 0x00, 0x1c, 0xff, 0xfc,
    0x20, 0x00, 0x00, 0x00, 0x00, 0x00, 0x0e, 0xff, 0x40, 0x00, 0x00, 0x00, 0x00, 0x00, 0x01, 0xdf,
    0x91, 0x00, 0x00, 0x00, 0x00, 0x00, 0x00, 0x0e, 0xff, 0x40, 0x00, 0x00, 0x00, 0x00, 0x00, 0x00,
    0x33, 0x00, 0x00, 0x00, 0x00, 0x00, 0x00, 0x00, 0x04, 0x55, 0x10, 0x00, 0x00, 0x00, 0x00, 0x00,
    0x00, 0x00, 0x00, 0x00, 0x00, 0x00, 0x00, 0x00, 0x00, 0x00, 0x00, 0x00, 0x00, 0x00, 0x00, 0x00,
    0x00, 0x00, 0x00, 0x00, 0x00, 0x00, 0x00, 0x00, 0x00, 0x00, 0x00, 0x00, 0x00, 0x00, 0x00, 0x00,
    0x00, 0x00, 0x00, 0x00, 0x00, 0x00, 0x00, 0x00, 0x00, 0x01, 0x51, 0x00, 0x00, 0x00, 0x00, 0x00,
    0x00, 0x00, 0x00, 0x00, 0x00, 0x00, 0x00, 0x00, 0x00, 0x00, 0xbf, 0xf6, 0x00, 0x00, 0x00, 0x00,
    0x00, 0x00, 0x00, 0x00, 0x00, 0x00, 0x00, 0x00, 0x00, 0x00, 0x00, 0x8f, 0xfd, 0x00, 0x00, 0x00,
    0x00, 0x00, 0x00, 0x00, 0x00, 0x00, 0x00, 0x00, 0x00, 0x00, 0x00, 0x00, 0x3f, 0xff, 0x40, 0x00,
    0x00, 0x00, 0x00, 0x00, 0x00, 0x00, 0x00, 0x3f, 0xff, 0xff, 0xff, 0xff, 0xff, 0xff, 0xff, 0xff,
    0xff, 0xff, 0xff, 0xff, 0xf6, 0x00, 0x00, 0x00, 0x3f, 0xff, 0xff, 0xff, 0xff, 0xff, 0xff, 0xff,
    0xff, 0xff, 0xff, 0xff, 0xff, 0xf6, 0x00, 0x00, 0x00, 0x3f, 0xff, 0xcc, 0xcc, 0xcc, 0xcc, 0xcc,
    0xcc, 0xcc, 0xcc, 0xcc, 0xcc, 0xcc, 0xc5, 0x00, 0x00, 0x00, 0x3f, 0xfd, 0x00, 0x00, 0x04, 0x66,
    0x10, 0x00, 0x00, 0x05, 0x66, 0x10, 0x00, 0x00, 0x00, 0x00, 0x00, 0x3f, 0xfd, 0x00, 0x00, 0x0a,
    0xff, 0x30, 0x00, 0x00, 0x0c, 0xff, 0x20, 0x00, 0x00, 0x00, 0x00, 0x00, 0x3f, 0xfd, 0x00, 0x00,
    0x0a, 0xff, 0x30, 0x00, 0x00, 0x0c, 0xff, 0x20, 0x00, 0x00, 0x00, 0x00, 0x00, 0x3f, 0xfd, 0x7f,
    0xff, 0xff, 0xff, 0xff, 0xff, 0xff, 0xff, 0xff, 0xff, 0xff, 0xf1, 0x00, 0x00, 0x00, 0x3f, 0xfd,
    0x7f, 0xff, 0xff, 0xff, 0xff, 0xff, 0xff, 0xff, 0xff, 0xff, 0xff, 0xf1, 0x00, 0x00, 0x00, 0x3f,
    0xfd, 0x37, 0x77, 0x7c, 0xff, 0x87, 0x77, 0x77, 0x7e, 0xff, 0x87, 0x77, 0x70, 0x00, 0x00, 0x00,
    0x3f, 0xfc, 0x00, 0x00, 0x0a, 0xff, 0x30, 0x00, 0x00, 0x0c, 0xff, 0x20, 0x00, 0x00, 0x00, 0x00,
    0x00, 0x3f, 0xfc, 0x00, 0x00, 0x0a, 0xff, 0x30, 0x00, 0x00, 0x0c, 0xff, 0x20, 0x00, 0x00, 0x00,
    0x00, 0x00, 0x3f, 0xfc, 0x00, 0x00, 0x0a, 0xff, 0x75, 0x55, 0x55, 0x5d, 0xff, 0x20, 0x00, 0x00,
    0x00, 0x00, 0x00, 0x4f, 0xfb, 0x00, 0x00, 0x0a, 0xff, 0xff, 0xff, 0xff, 0xff, 0xff, 0x20, 0x00,
    0x00, 0x00, 0x00, 0x00, 0x5f, 0xfa, 0x00, 0x00, 0x0a, 0xff, 0xff, 0xff, 0xff, 0xff, 0xff, 0x20,
    0x00, 0x00, 0x00, 0x00, 0x00, 0x6f, 0xf9, 0x00, 0x00, 0x00, 0x00, 0x00, 0x00, 0x00, 0x00, 0x00,
    0x00, 0x00, 0x00, 0x00, 0x00, 0x00, 0x7f, 0xf8, 0x16, 0x66, 0x66, 0x66, 0x66, 0x66, 0x66, 0x66,
    0x66, 0x66, 0x00, 0x00, 0x00, 0x00, 0x00, 0x8f, 0xf6, 0x2f, 0xff, 0xff, 0xff, 0xff, 0xff, 0xff,
    0xff, 0xff, 0xff, 0xc0, 0x00, 0x00, 0x00, 0x00, 0xaf, 0xf5, 0x2f, 0xff, 0xff, 0xff, 0xff, 0xff,
    0xff, 0xff, 0xff, 0xff, 0x70, 0x00, 0x00, 0x00, 0x00, 0xdf, 0xf3, 0x00, 0x02, 0xdf, 0xe4, 0x00,
    0x00, 0x00, 0x02, 0xcf, 0xfc, 0x00, 0x00, 0x00, 0x00, 0x01, 0xff, 0xf0, 0x00, 0x00, 0x8f, 0xff,
    0x50, 0x00, 0x00, 0x3d, 0xff, 0xd1, 0x00, 0x00, 0x00, 0x00, 0x03, 0xff, 0xc0, 0x00, 0x00, 0x0a,
    0xff, 0xfa, 0x20, 0x18, 0xff, 0xfc, 0x20, 0x00, 0x00, 0x00, 0x00, 0x06, 0xff, 0x90, 0x00, 0x00,
    0x00, 0x8f, 0xff, 0xe9, 0xef, 0xff, 0x90, 0x00, 0x00, 0x00, 0x00, 0x00, 0x0b, 0xff, 0x60, 0x00,
    0x00, 0x00, 0x05, 0xff, 0xff, 0xff, 0xf6, 0x00, 0x00, 0x00, 0x00, 0x00, 0x00, 0x2f, 0xff, 0x20,
    0x00, 0x02, 0x58, 0xcf, 0xff, 0xff, 0xff, 0xff, 0xb8, 0x41, 0x00, 0x00, 0x00, 0x00, 0x8f, 0xfb,
    0x05, 0xbd, 0xff, 0xff, 0xff, 0xff, 0xc9, 0xdf, 0xff, 0xff, 0xff, 0xec, 0xa6, 0x00, 0x00, 0xdf,
    0xf6, 0x01, 0xef, 0xff, 0xff, 0xfb, 0x62, 0x00, 0x04, 0x9e, 0xff, 0xff, 0xff, 0xf3, 0x00, 0x00,
    0x18, 0xe1, 0x00, 0x9e, 0xc9, 0x64, 0x10, 0x00, 0x00, 0x00, 0x00, 0x47, 0x9c, 0xef, 0x80, 0x00,
    0x00, 0x00, 0x10, 0x00, 0x00, 0x00, 0x00, 0x00, 0x00, 0x00, 0x00, 0x00, 0x00, 0x00, 0x02, 0x10,
    0x00, 0x00, 0x00, 0x00, 0x00, 0x00, 0x00, 0x00, 0x00, 0x00, 0x00, 0x00, 0x00, 0x00, 0x00, 0x00,
    0x00, 0x00, 0x00, 0x00, 0x00, 0x00, 0x00, 0x00, 0x00, 0x00, 0x00, 0x00, 0x00, 0x00, 0x00, 0x00,
    0x00, 0x00, 0x00, 0x00, 0x00, 0x00, 0x00, 0x00, 0x00, 0x00, 0x00, 0x02, 0x62, 0x00, 0x00, 0x00,
    0x00, 0x00, 0x00, 0x00, 0x00, 0x00, 0x00, 0x00, 0x00, 0x00, 0x00, 0x00, 0x7f, 0xf9, 0x00, 0x00,
    0x00, 0x00, 0x00, 0x00, 0x00, 0x00, 0x00, 0x00, 0x00, 0x00, 0x00, 0x00, 0x00, 0x2f, 0xfe, 0x10,
    0x00, 0x00, 0x00, 0x00, 0x00, 0x00, 0x00, 0x00, 0x00, 0x00, 0x00, 0x00, 0x00, 0x00, 0x0b, 0xff,
    0x70, 0x00, 0x00, 0x00, 0x00, 0x00, 0x00, 0x00, 0x00, 0x8f, 0xff, 0xff, 0xff, 0xff, 0xff, 0xff,
    0xff, 0xff, 0xff, 0xff, 0xff, 0xff, 0xf7, 0x00, 0x00, 0x00, 0x8f, 0xff, 0xff, 0xff, 0xff, 0xff,
    0xff, 0xff, 0xff, 0xff, 0xff, 0xff, 0xff, 0xf7, 0x00, 0x00, 0x00, 0x8f, 0xfd, 0xbb, 0xbb, 0xbb,
    0xbb, 0xbb, 0xbb, 0xbb, 0xbb, 0xbb, 0xbb, 0xbb, 0xb5, 0x00, 0x00, 0x00, 0x8f, 0xf6, 0x00, 0x00,
    0x00, 0x00, 0x00, 0x00, 0x00, 0x00, 0x00, 0x00, 0x10, 0x00, 0x00, 0x00, 0x00, 0x8f, 0xf6, 0x27,
    0x77, 0x77, 0x88, 0x00, 0x00, 0x00, 0x00, 0x36, 0x9c, 0xf4, 0x00, 0x00, 0x00, 0x00, 0x8f, 0xf6,
    0x3f, 0xff, 0xff, 0xff, 0xa1, 0x46, 0x8a, 0xdf, 0xff, 0xff, 0xfd, 0x10, 0x00, 0x00, 0x00, 0x8f,
    0xf6, 0x3f, 0xff, 0xff, 0xff, 0x41, 0xff, 0xff, 0xff, 0xff, 0xeb, 0x73, 0x00, 0x00, 0x00, 0x00,
    0x8f, 0xf6, 0x00, 0x00, 0x3f, 0xfa, 0x00, 0xbf, 0xdb, 0xaf, 0xfb, 0x00, 0x00, 0x00, 0x00, 0x00,
    0x00, 0x8f, 0xf6, 0x00, 0x00, 0xcf, 0xf2, 0x00, 0x10, 0x00, 0x1f, 0xfb, 0x00, 0x00, 0x00, 0x00,
    0x00, 0x00, 0x8f, 0xf6, 0x00, 0x05, 0xff, 0x80, 0x00, 0x00, 0x00, 0x1f, 0xfb, 0x00, 0x00, 0x00,
    0x00, 0x00, 0x00, 0x8f, 0xf6, 0x00, 0x1e, 0xfd, 0x00, 0x00, 0x00, 0x00, 0x1f, 0xfb, 0x00, 0x00,
    0x00, 0x00, 0x00, 0x00, 0x8f, 0xf5, 0x00, 0xbf, 0xf8, 0x55, 0x10, 0x49, 0x99, 0x9f, 0xfd, 0x99,
    0x99, 0x50, 0x00, 0x00, 0x00, 0x9f, 0xf5, 0x1b, 0xff, 0xff, 0xff, 0xe0, 0x7f, 0xff, 0xff, 0xff,
    0xff, 0xff, 0x80, 0x00, 0x00, 0x00, 0x9f, 0xf5, 0x0d, 0xff, 0xff, 0xff, 0xa0, 0x7f, 0xff, 0xff,
    0xff, 0xff, 0xff, 0x80, 0x00, 0x00, 0x00, 0xaf, 0xf4, 0x05, 0x30, 0x01, 0xff, 0x70, 0x00, 0x00,
    0x1f, 0xfb, 0x00, 0x00, 0x00, 0x00, 0x00, 0x00, 0xbf, 0xf2, 0x00, 0x30, 0x06, 0xff, 0x30, 0x00,
    0x00, 0x1f, 0xfb, 0x00, 0x00, 0x00, 0x00, 0x00, 0x00, 0xcf, 0xf1, 0x3d, 0xf2, 0x0a, 0xfe, 0x00,
    0x00, 0x00, 0x1f, 0xfb, 0x00, 0x00, 0x00, 0x00, 0x00, 0x00, 0xef, 0xf0, 0x1f, 0xf7, 0x1f, 0xfa,
    0x00, 0x00, 0x00, 0x1f, 0xfb, 0x00, 0x00, 0x00, 0x00, 0x00, 0x01, 0xff, 0xd0, 0x0a, 0xfd, 0x8f,
    0xf4, 0x05, 0x88, 0x88, 0x9f, 0xfd, 0x88, 0x88, 0x82, 0x00, 0x00, 0x04, 0xff, 0xa0, 0x04, 0xff,
    0xff, 0xc0, 0x0a, 0xff, 0xff, 0xff, 0xff, 0xff, 0xff, 0xf4, 0x00, 0x00, 0x06, 0xff, 0x80, 0x00,
    0xcf, 0xff, 0x60, 0x0a, 0xff, 0xff, 0xff, 0xff, 0xff, 0xff, 0xf4, 0x00, 0x00, 0x09, 0xff, 0x50,
    0x00, 0x6f, 0xff, 0x50, 0x00, 0x00, 0x00, 0x00, 0x00, 0x00, 0x00, 0x00, 0x00, 0x00, 0x0e, 0xff,
    0x20, 0x02, 0xef, 0xff, 0xf8, 0x10, 0x00, 0x00, 0x00, 0x00, 0x00, 0x00, 0x00, 0x00, 0x00, 0x4f,
    0xfd, 0x00, 0x2d, 0xff, 0xef, 0xff, 0xfa, 0x74, 0x21, 0x00, 0x00, 0x00, 0x00, 0x01, 0x00, 0x00,
    0x9f, 0xf8, 0x05, 0xef, 0xfc, 0x16, 0xef, 0xff, 0xff, 0xff, 0xff, 0xff, 0xff, 0xff, 0xfc, 0x00,
    0x00, 0xaf, 0xf3, 0x1d, 0xff, 0xc1, 0x00, 0x28, 0xdf, 0xff, 0xff, 0xff, 0xff, 0xff, 0xff, 0xf5,
    0x00, 0x00, 0x06, 0xc0, 0x01, 0xd9, 0x10, 0x00, 0x00, 0x02, 0x57, 0x89, 0xaa, 0xaa, 0xaa, 0xaa,
    0xa1, 0x00, 0x00, 0x00, 0x10, 0x00, 0x10, 0x00, 0x00, 0x00, 0x00, 0x00, 0x00, 0x00, 0x00, 0x00,
    0x00, 0x00, 0x00, 0x00, 0x00, 0x00, 0x00, 0x00, 0x00, 0x00, 0x00, 0x00, 0x00, 0x00, 0x00, 0x00,
    0x00, 0x00, 0x00, 0x00, 0x00, 0x00, 0x00, 0x00, 0x00, 0x00, 0x00, 0x00, 0x00, 0x00, 0x00, 0x00,
    0x00, 0x00, 0x00, 0x00, 0x00, 0x00, 0x04, 0xff, 0xff, 0xff, 0xff, 0xff, 0xff, 0xff, 0xff, 0xff,
    0xff, 0xff, 0xff, 0xff, 0x70, 0x00, 0x00, 0x04, 0xff, 0xff, 0xff, 0xff, 0xff, 0xff, 0xff, 0xff,
    0xff, 0xff, 0xff, 0xff, 0xff, 0x70, 0x00, 0x00, 0x04, 0xdd, 0xdd, 0xdd, 0xff, 0xfe, 0xdd, 0xdd,
    0xdd, 0xde, 0xff, 0xed, 0xdd, 0xdd, 0x70, 0x00, 0x00, 0x00, 0x00, 0x00, 0x00, 0xef, 0xf3, 0x00,
    0x00, 0x00, 0x09, 0xff, 0x90, 0x00, 0x00, 0x00, 0x00, 0x00, 0x00, 0x00, 0x00, 0x00, 0xef, 0xf3,
    0x00, 0x00, 0x00, 0x09, 0xff, 0x90, 0x00, 0x00, 0x00, 0x00, 0x00, 0x00, 0x00, 0x00, 0x00, 0xef,
    0xf3, 0x00, 0x00, 0x00, 0x09, 0xff, 0x90, 0x00, 0x00, 0x00, 0x00, 0x00, 0x00, 0x00, 0x00, 0x00,
    0xef, 0xf3, 0x00, 0x00, 0x00, 0x09, 0xff, 0x90, 0x00, 0x00, 0x00, 0x00, 0x00, 0x00, 0x00, 0x00,
    0x00, 0xef, 0xf3, 0x00, 0x00, 0x00, 0x09, 0xff, 0x90, 0x00, 0x00, 0x00, 0x00, 0x00, 0x00, 0x00,
    0x00, 0x00, 0xef, 0xf3, 0x00, 0x00, 0x00, 0x09, 0xff, 0x90, 0x00, 0x00, 0x00, 0x00, 0x00, 0x00,
    0x00, 0x00, 0x00, 0xef, 0xf3, 0x00, 0x00, 0x00, 0x09, 0xff, 0x90, 0x00, 0x00, 0x00, 0x00, 0x00,
    0x00, 0x00, 0x00, 0x00, 0xef, 0xf3, 0x00, 0x00, 0x00, 0x09, 0xff, 0x90, 0x00, 0x00, 0x00, 0x00,
    0x00, 0x00, 0x00, 0x00, 0x00, 0xef, 0xf3, 0x00, 0x00, 0x00, 0x09, 0xff, 0x90, 0x00, 0x00, 0x00,
    0x00, 0x00, 0x7f, 0xff, 0xff, 0xff, 0xff, 0xff, 0xff, 0xff, 0xff, 0xff, 0xff, 0xff, 0xff, 0xff,
    0xf7, 0x00, 0x00, 0x7f, 0xff, 0xff, 0xff, 0xff, 0xff, 0xff, 0xff, 0xff, 0xff, 0xff, 0xff, 0xff,
    0xff, 0xf7, 0x00, 0x00, 0x6d, 0xdd, 0xdd, 0xde, 0xff, 0xfd, 0xdd, 0xdd, 0xdd, 0xde, 0xff, 0xed,
    0xdd, 0xdd, 0xd6, 0x00, 0x00, 0x00, 0x00, 0x00, 0x04, 0xff, 0xe0, 0x00, 0x00, 0x00, 0x09, 0xff,
    0x90, 0x00, 0x00, 0x00, 0x00, 0x00, 0x00, 0x00, 0x00, 0x07, 0xff, 0xb0, 0x00, 0x00, 0x00, 0x09,
    0xff, 0x90, 0x00, 0x00, 0x00, 0x00, 0x00, 0x00, 0x00, 0x00, 0x0a, 0xff, 0x80, 0x00, 0x00, 0x00,
    0x09, 0xff, 0x90, 0x00, 0x00, 0x00, 0x00, 0x00, 0x00, 0x00, 0x00, 0x1e, 0xff, 0x50, 0x00, 0x00,
    0x00, 0x09, 0xff, 0x90, 0x00, 0x00, 0x00, 0x00, 0x00, 0x00, 0x00, 0x00, 0x7f, 0xfe, 0x10, 0x00,
    0x00, 0x00, 0x09, 0xff, 0x90, 0x00, 0x00, 0x00, 0x00, 0x00, 0x00, 0x00, 0x00, 0xdf, 0xf9, 0x00,
    0x00, 0x00, 0x00, 0x09, 0xff, 0x90, 0x00, 0x00, 0x00, 0x00, 0x00, 0x00, 0x00, 0x08, 0xff, 0xf3,
    0x00, 0x00, 0x00, 0x00, 0x09, 0xff, 0x90, 0x00, 0x00, 0x00, 0x00, 0x00, 0x00, 0x00, 0x5f, 0xff,
    0xb0, 0x00, 0x00, 0x00, 0x00, 0x09, 0xff, 0x90, 0x00, 0x00, 0x00, 0x00, 0x00, 0x00, 0x02, 0xef,
    0xff, 0x30, 0x00, 0x00, 0x00, 0x00, 0x09, 0xff, 0x90, 0x00, 0x00, 0x00, 0x00, 0x00, 0x00, 0x3e,
    0xff, 0xf6, 0x00, 0x00, 0x00, 0x00, 0x00, 0x09, 0xff, 0x90, 0x00, 0x00, 0x00, 0x00, 0x00, 0x07,
    0xff, 0xff, 0x90, 0x00, 0x00, 0x00, 0x00, 0x00, 0x09, 0xff, 0x90, 0x00, 0x00, 0x00, 0x00, 0x00,
    0x2d, 0xff, 0xf8, 0x00, 0x00, 0x00, 0x00, 0x00, 0x00, 0x09, 0xff, 0x90, 0x00, 0x00, 0x00, 0x00,
    0x00, 0x01, 0xde, 0x60, 0x00, 0x00, 0x00, 0x00, 0x00, 0x00, 0x09, 0xff, 0x90, 0x00, 0x00, 0x00,
    0x00, 0x00, 0x00, 0x22, 0x00, 0x00, 0x00, 0x00, 0x00, 0x00, 0x00, 0x03, 0x66, 0x30, 0x00, 0x00,
    0x00, 0x00, 0x00, 0x00, 0x00, 0x00, 0x00, 0x00, 0x00, 0x00, 0x00, 0x00, 0x00, 0x00, 0x00, 0x00,
    0x00, 0x00, 0x00, 0x00, 0x00, 0x00, 0x00, 0x00, 0x00, 0x00, 0x00, 0x00, 0x00, 0x00, 0x00, 0x00,
    0x00, 0x00, 0x00, 0x00, 0x00, 0x00, 0x00, 0x00, 0x00, 0x00, 0x00, 0x03, 0x55, 0x30, 0x00, 0x00,
    0x00, 0x00, 0x00, 0x00, 0x00, 0x00, 0x00, 0x00, 0x00, 0x00, 0x00, 0x00, 0x0a, 0xff, 0x90, 0x00,
    0x00, 0x00, 0x20, 0x00, 0x00, 0x00, 0x00, 0x00, 0x03, 0x9a, 0x00, 0x00, 0x00, 0x0a, 0xff, 0x90,
    0x00, 0x00, 0x02, 0xfd, 0x82, 0x00, 0x00, 0x00, 0x00, 0x2f, 0xff, 0x50, 0x00, 0x00, 0x0a, 0xff,
    0x90, 0x00, 0x00, 0x08, 0xff, 0xf2, 0x00, 0x00, 0x00, 0x00, 0x08, 0xff, 0xe1, 0x00, 0x00, 0x0a,
    0xff, 0x90, 0x00, 0x00, 0x1e, 0xff, 0x90, 0x00, 0x00, 0x00, 0x00, 0x01, 0xdf, 0xfa, 0x00, 0x00,
    0x0a, 0xff, 0x90, 0x00, 0x00, 0x6f, 0xff, 0x20, 0x00, 0x00, 0x00, 0x00, 0x00, 0x4f, 0xff, 0x30,
    0x00, 0x0a, 0xff, 0x90, 0x00, 0x00, 0xdf, 0xf8, 0x00, 0x00, 0x00, 0x00, 0x00, 0x00, 0x0b, 0xff,
    0xb0, 0x00, 0x0a, 0xff, 0x90, 0x00, 0x05, 0xff, 0xe1, 0x00, 0x00, 0x00, 0x00, 0x00, 0x00, 0x04,
    0xff, 0xf2, 0x00, 0x0a, 0xff, 0x90, 0x00, 0x0d, 0xff, 0x60, 0x00, 0x00, 0x00, 0x00, 0x00, 0x00,
    0x00, 0xcf, 0xc3, 0x00, 0x0a, 0xff, 0x90, 0x00, 0x7f, 0xfc, 0x00, 0x00, 0x00, 0x00, 0x00, 0x00,
    0x00, 0x00, 0x44, 0x00, 0x00, 0x0a, 0xff, 0x90, 0x00, 0x04, 0xa3, 0x00, 0x00, 0x00, 0x00, 0x00,
    0x00, 0x00, 0x00, 0x00, 0x00, 0x00, 0x0a, 0xff, 0x90, 0x00, 0x00, 0x00, 0x00, 0x00, 0x00, 0x00,
    0x00, 0x00, 0x0c, 0xff, 0xff, 0xff, 0xff, 0xff, 0xff, 0xff, 0xff, 0xff, 0xff, 0xff, 0xf1, 0x00,
    0x00, 0x00, 0x00, 0x0c, 0xff, 0xff, 0xff, 0xff, 0xff, 0xff, 0xff, 0xff, 0xff, 0xff, 0xff, 0xf1,
    0x00, 0x00, 0x00, 0x00, 0x0c, 0xff, 0xff, 0xff, 0xff, 0xff, 0xff, 0xff, 0xff, 0xff, 0xff, 0xff,
    0xf1, 0x00, 0x00, 0x00, 0x00, 0x01, 0x11, 0x11, 0x11, 0x11, 0x11, 0x11, 0x11, 0x11, 0x11, 0x13,
    0xff, 0xf1, 0x00, 0x00, 0x00, 0x00, 0x00, 0x00, 0x00, 0x00, 0x00, 0x00, 0x00, 0x00, 0x00, 0x00,
    0x03, 0xff, 0xf1, 0x00, 0x00, 0x00, 0x00, 0x00, 0x00, 0x00, 0x00, 0x00, 0x00, 0x00, 0x00, 0x00,
    0x00, 0x03, 0xff, 0xf1, 0x00, 0x00, 0x00, 0x00, 0x00, 0x00, 0x00, 0x00, 0x00, 0x00, 0x00, 0x00,
    0x00, 0x00, 0x03, 0xff, 0xf1, 0x00, 0x00, 0x00, 0x00, 0x00, 0xae, 0xee, 0xee, 0xee, 0xee, 0xee,
    0xee, 0xee, 0xee, 0xee, 0xff, 0xf1, 0x00, 0x00, 0x00, 0x00, 0x00, 0xbf, 0xff, 0xff, 0xff, 0xff,
    0xff, 0xff, 0xff, 0xff, 0xff, 0xff, 0xf1, 0x00, 0x00, 0x00, 0x00, 0x00, 0xbf, 0xff, 0xff, 0xff,
    0xff, 0xff, 0xff, 0xff, 0xff, 0xff, 0xff, 0xf1, 0x00, 0x00, 0x00, 0x00, 0x00, 0x00, 0x00, 0x00,
    0x00, 0x00, 0x00, 0x00, 0x00, 0x00, 0x03, 0xff, 0xf1, 0x00, 0x00, 0x00, 0x00, 0x00, 0x00, 0x00,
    0x00, 0x00, 0x00, 0x00, 0x00, 0x00, 0x00, 0x03, 0xff, 0xf1, 0x00, 0x00, 0x00, 0x00, 0x00, 0x00,
    0x00, 0x00, 0x00, 0x00, 0x00, 0x00, 0x00, 0x00, 0x03, 0xff, 0xf1, 0x00, 0x00, 0x00, 0x00, 0x00,
    0x00, 0x00, 0x00, 0x00, 0x00, 0x00, 0x00, 0x00, 0x00, 0x03, 0xff, 0xf1, 0x00, 0x00, 0x00, 0x00,
    0x00, 0x00, 0x00, 0x00, 0x00, 0x00, 0x00, 0x00, 0x00, 0x00, 0x03, 0xff, 0xf1, 0x00, 0x00, 0x00,
    0x00, 0x6f, 0xff, 0xff, 0xff, 0xff, 0xff, 0xff, 0xff, 0xff, 0xff, 0xff, 0xff, 0xf1, 0x00, 0x00,
    0x00, 0x00, 0x6f, 0xff, 0xff, 0xff, 0xff, 0xff, 0xff, 0xff, 0xff, 0xff, 0xff, 0xff, 0xf1, 0x00,
    0x00, 0x00, 0x00, 0x6f, 0xff, 0xff, 0xff, 0xff, 0xff, 0xff, 0xff, 0xff, 0xff, 0xff, 0xff, 0xf1,
    0x00, 0x00, 0x00, 0x00, 0x00, 0x00, 0x00, 0x00, 0x00, 0x00, 0x00, 0x00, 0x00, 0x00, 0x03, 0xff,
    0xf1, 0x00, 0x00, 0x00, 0x00, 0x00, 0x00, 0x00, 0x00, 0x00, 0x00, 0x00, 0x00, 0x00, 0x00, 0x01,
    0x55, 0x50, 0x00, 0x00, 0x00, 0x00, 0x00, 0x00, 0x00, 0x00, 0x00, 0x00, 0x00, 0x00, 0x00, 0x00,
    0x00, 0x00, 0x00, 0x00, 0x00, 0x00, 0x00, 0x00, 0x00, 0x00, 0x00, 0x00, 0x00, 0x00, 0x00, 0x00,
    0x00, 0x00, 0x00, 0x00, 0x00, 0x00, 0x00, 0x00, 0x00, 0x00, 0x00, 0x00, 0x00, 0x36, 0xac, 0x10,
    0x00, 0x00, 0x00, 0x07, 0x61, 0x00, 0x00, 0x00, 0x00, 0x00, 0x02, 0x35, 0x7a, 0xcf, 0xff, 0xff,
    0x90, 0x00, 0x00, 0x00, 0x5f, 0xfe, 0x50, 0x00, 0x00, 0x5a, 0xbd, 0xff, 0xff, 0xff, 0xff, 0xff,
    0xff, 0xe2, 0x00, 0x00, 0x05, 0xff, 0xfc, 0x10, 0x00, 0x00, 0x4f, 0xff, 0xff, 0xff, 0xff, 0xfd,
    0xb8, 0x52, 0x00, 0x00, 0x00, 0x6f, 0xff, 0xe2, 0x00, 0x00, 0x00, 0x0e, 0xdc, 0xa9, 0x76, 0x43,
    0x10, 0x00, 0x00, 0x00, 0x00, 0x09, 0xff, 0xfd, 0x20, 0x00, 0x00, 0x00, 0x00, 0x00, 0x00, 0x04,
    0x95, 0x00, 0x00, 0x89, 0x51, 0x03, 0xcf, 0xff, 0xd2, 0x00, 0x00, 0x00, 0x00, 0x01, 0x78, 0x00,
    0x0d, 0xfd, 0x00, 0x01, 0xef, 0xf4, 0x8f, 0xff, 0xfb, 0x10, 0x00, 0x00, 0x00, 0x00, 0x09, 0xff,
    0x40, 0x07, 0xff, 0x50, 0x05, 0xff, 0xb0, 0xaf, 0xff, 0x80, 0x00, 0x00, 0x00, 0x00, 0x00, 0x02,
    0xef, 0xd1, 0x01, 0xef, 0xb0, 0x0b, 0xff, 0x30, 0x0a, 0xd4, 0x00, 0x00, 0x00, 0x00, 0x00, 0x00,
    0x00, 0x7f, 0xf6, 0x00, 0xaf, 0xf2, 0x2f, 0xfb, 0x00, 0x01, 0x10, 0x00, 0x00, 0x73, 0x00, 0x00,
    0x00, 0x00, 0x1e, 0xfd, 0x00, 0x5f, 0xa2, 0x9f, 0xf3, 0x00, 0x00, 0x00, 0x00, 0x07, 0xff, 0xb2,
    0x00, 0x00, 0x00, 0x08, 0xfb, 0x11, 0x55, 0x41, 0xdf, 0xa0, 0x00, 0x00, 0x00, 0x00, 0x6f, 0xff,
    0xb0, 0x00, 0x00, 0x00, 0x02, 0x40, 0x02, 0xff, 0xc0, 0x04, 0x20, 0x00, 0x00, 0x00, 0x08, 0xff,
    0xfc, 0x10, 0x00, 0x00, 0x00, 0x00, 0x00, 0x02, 0xff, 0xc0, 0x00, 0x00, 0x00, 0x00, 0x01, 0xaf,
    0xff, 0xc1, 0x00, 0x00, 0x00, 0x00, 0x00, 0x00, 0x02, 0xff, 0xc0, 0x00, 0x00, 0x00, 0x00, 0x3d,
    0xff, 0xfc, 0x10, 0x00, 0x00, 0x00, 0x4f, 0xff, 0xff, 0xff, 0xff, 0xff, 0xff, 0xff, 0xf2, 0x18,
    0xff, 0xff, 0xa1, 0x00, 0x00, 0x00, 0x00, 0x4f, 0xff, 0xff, 0xff, 0xff, 0xff, 0xff, 0xff, 0xf2,
    0xbf, 0xff, 0xf6, 0x00, 0x00, 0x00, 0x00, 0x00, 0x3b, 0xbb, 0xbb, 0xcf, 0xff, 0xff, 0xcb, 0xbb,
    0xb2, 0x1c, 0xfc, 0x30, 0x00, 0x00, 0x00, 0x00, 0x00, 0x00, 0x00, 0x00, 0x8f, 0xff, 0xff, 0x90,
    0x00, 0x00, 0x01, 0x60, 0x00, 0x00, 0x03, 0x00, 0x00, 0x00, 0x00, 0x00, 0x04, 0xff, 0xff, 0xff,
    0xfa, 0x00, 0x00, 0x00, 0x00, 0x00, 0x00, 0x6f, 0xc6, 0x00, 0x00, 0x00, 0x00, 0x2d, 0xff, 0xff,
    0xde, 0xff, 0xb0, 0x00, 0x00, 0x00, 0x00, 0x03, 0xff, 0xfb, 0x00, 0x00, 0x00, 0x01, 0xcf, 0xfd,
    0xff, 0xc3, 0xef, 0xfa, 0x00, 0x00, 0x00, 0x00, 0x1d, 0xff, 0xe2, 0x00, 0x00, 0x00, 0x1b, 0xff,
    0xd3, 0xff, 0xc0, 0x3e, 0xff, 0x80, 0x00, 0x00, 0x02, 0xdf, 0xff, 0x50, 0x00, 0x00, 0x01, 0xbf,
    0xff, 0x32, 0xff, 0xc0, 0x05, 0xff, 0xa0, 0x00, 0x00, 0x2d, 0xff, 0xf7, 0x00, 0x00, 0x00, 0x2d,
    0xff, 0xf5, 0x02, 0xff, 0xc0, 0x00, 0x9b, 0x00, 0x00, 0x06, 0xef, 0xff, 0x70, 0x00, 0x00, 0x01,
    0xef, 0xff, 0x70, 0x02, 0xff, 0xc0, 0x00, 0x00, 0x00, 0x01, 0xbf, 0xff, 0xf7, 0x00, 0x00, 0x00,
    0x00, 0x7f, 0xf7, 0x00, 0x02, 0xff, 0xc0, 0x00, 0x00, 0x01, 0x8e, 0xff, 0xfe, 0x50, 0x00, 0x00,
    0x00, 0x00, 0x0c, 0x60, 0x00, 0x02, 0xff, 0xc0, 0x00, 0x00, 0x7e, 0xff, 0xff, 0xc2, 0x00, 0x00,
    0x00, 0x00, 0x00, 0x00, 0x00, 0x00, 0x02, 0xff, 0xc0, 0x00, 0x00, 0x3e, 0xff, 0xf8, 0x00, 0x00,
    0x00, 0x00, 0x00, 0x00, 0x00, 0x00, 0x00, 0x02, 0xff, 0xc0, 0x00, 0x00, 0x05, 0xfa, 0x20, 0x00,
    0x00, 0x00, 0x00, 0x00, 0x00, 0x00, 0x00, 0x00, 0x01, 0x44, 0x30, 0x00, 0x00, 0x00, 0x20, 0x00,
    0x00, 0x00, 0x00, 0x00, 0x00, 0x00, 0x00, 0x00, 0x00, 0x00, 0x00, 0x00, 0x00, 0x00, 0x00, 0x00,
    0x00, 0x00, 0x00, 0x00, 0x00, 0x00, 0x00, 0x00, 0x00, 0x00, 0x00, 0x00, 0x00, 0x00, 0x00, 0x00,
    0x00, 0x00, 0x00, 0x00, 0x00, 0x00, 0x00, 0x00, 0x00, 0x00, 0x00, 0x00, 0x00, 0x00, 0x00, 0x00,
    0x00, 0x12, 0x20, 0x00, 0x00, 0x00, 0x00, 0x00, 0x00, 0x00, 0x00, 0x00, 0x9d, 0x71, 0x00, 0x00,
    0x00, 0x00, 0xdf, 0xf3, 0x00, 0x00, 0x00, 0x00, 0x00, 0x00, 0x00, 0x00, 0x05, 0xff, 0xf6, 0x00,
    0x00, 0x00, 0x00, 0xdf, 0xf3, 0x00, 0x00, 0x00, 0x00, 0x00, 0x00, 0x00, 0x00, 0x3e, 0xff, 0xa0,
    0x00, 0x00, 0x00, 0x00, 0xdf, 0xf3, 0x00, 0x00, 0x00, 0x00, 0x00, 0x00, 0x00, 0x03, 0xef, 0xfc,
    0x10, 0x00, 0x00, 0x00, 0x00, 0xdf, 0xf3, 0x00, 0x00, 0x00, 0x00, 0x00, 0x00, 0x00, 0x4e, 0xff,
    0xd2, 0x00, 0x0a, 0xff, 0xff, 0xff, 0xff, 0xff, 0xff, 0xff, 0xff, 0x40, 0x00, 0x00, 0x06, 0xff,
    0xfd, 0x20, 0x00, 0x0a, 0xff, 0xff, 0xff, 0xff, 0xff, 0xff, 0xff, 0xff, 0x40, 0x00, 0x00, 0x8f,
    0xff, 0xd2, 0x00, 0x00, 0x08, 0xbb, 0xbb, 0xbb, 0xef, 0xfc, 0xbb, 0xbb, 0xbb, 0x30, 0x00, 0x00,
    0x3f, 0xfb, 0x10, 0x09, 0x61, 0x00, 0x00, 0x00, 0x00, 0xdf, 0xf3, 0x00, 0x00, 0x00, 0x00, 0x00,
    0x00, 0x09, 0x70, 0x00, 0x5f, 0xfd, 0x00, 0x00, 0x00, 0x00, 0xdf, 0xf3, 0x00, 0x00, 0x00, 0x00,
    0x00, 0x00, 0x00, 0x00, 0x02, 0xef, 0xf5, 0x00, 0x00, 0x00, 0x00, 0xdf, 0xf3, 0x00, 0x00, 0x00,
    0x00, 0x00, 0x00, 0x00, 0x00, 0x1c, 0xff, 0xa6, 0xcc, 0xcc, 0xcc, 0xcc, 0xff, 0xfc, 0xcc, 0xcc,
    0xcc, 0xcb, 0x00, 0x00, 0x00, 0x00, 0xaf, 0xfe, 0x18, 0xff, 0xff, 0xff, 0xff, 0xff, 0xff, 0xff,
    0xff, 0xff, 0xfe, 0x00, 0x00, 0x00, 0x09, 0xff, 0xf8, 0x08, 0xff, 0xff, 0xff, 0xff, 0xff, 0xff,
    0xff, 0xff, 0xff, 0xfe, 0x00, 0x00, 0x00, 0x9f, 0xff, 0xf8, 0x00, 0x00, 0x00, 0x00, 0x00, 0x00,
    0x00, 0x6f, 0xf9, 0x00, 0x00, 0x00, 0x00, 0x1a, 0xff, 0xff, 0xf8, 0x00, 0x00, 0x00, 0x00, 0x00,
    0x00, 0x00, 0x6f, 0xf9, 0x00, 0x00, 0x00, 0x01, 0xcf, 0xff, 0xef, 0xf8, 0x00, 0x00, 0x00, 0x00,
    0x00, 0x00, 0x00, 0x6f, 0xf9, 0x00, 0x00, 0x00, 0x00, 0xcf, 0xfb, 0x6f, 0xf8, 0x02, 0xcc, 0xcc,
    0xcc, 0xcc, 0xcc, 0xcc, 0xdf, 0xfe, 0xcc, 0xc8, 0x00, 0x00, 0x5f, 0xb1, 0x5f, 0xf8, 0x03, 0xff,
    0xff, 0xff, 0xff, 0xff, 0xff, 0xff, 0xff, 0xff, 0xfa, 0x00, 0x00, 0x07, 0x00, 0x5f, 0xf8, 0x03,
    0xff, 0xff, 0xff, 0xff, 0xff, 0xff, 0xff, 0xff, 0xff, 0xfa, 0x00, 0x00, 0x00, 0x00, 0x5f, 0xf8,
    0x00, 0x00, 0x00, 0x30, 0x00, 0x00, 0x00, 0x6f, 0xf9, 0x00, 0x00, 0x00, 0x00, 0x00, 0x00, 0x5f,
    0xf8, 0x00, 0x00, 0x5d, 0xe2, 0x00, 0x00, 0x00, 0x6f, 0xf9, 0x00, 0x00, 0x00, 0x00, 0x00, 0x00,
    0x5f, 0xf8, 0x00, 0x00, 0x9f, 0xfd, 0x10, 0x00, 0x00, 0x6f, 0xf9, 0x00, 0x00, 0x00, 0x00, 0x00,
    0x00, 0x5f, 0xf8, 0x00, 0x00, 0x1d, 0xff, 0xa0, 0x00, 0x00, 0x6f, 0xf9, 0x00, 0x00, 0x00, 0x00,
    0x00, 0x00, 0x5f, 0xf8, 0x00, 0x00, 0x03, 0xff, 0xf4, 0x00, 0x00, 0x6f, 0xf9, 0x00, 0x00, 0x00,
    0x00, 0x00, 0x00, 0x5f, 0xf8, 0x00, 0x00, 0x00, 0x9f, 0xfd, 0x00, 0x00, 0x6f, 0xf9, 0x00, 0x00,
    0x00, 0x00, 0x00, 0x00, 0x5f, 0xf8, 0x00, 0x00, 0x00, 0x1e, 0xfa, 0x10, 0x00, 0x6f, 0xf9, 0x00,
    0x00, 0x00, 0x00, 0x00, 0x00, 0x5f, 0xf8, 0x00, 0x00, 0x00, 0x06, 0x40, 0x00, 0x00, 0x6f, 0xf9,
    0x00, 0x00, 0x00, 0x00, 0x00, 0x00, 0x5f, 0xf8, 0x00, 0x00, 0x00, 0x00, 0x00, 0xcc, 0xcc, 0xef,
    0xf8, 0x00, 0x00, 0x00, 0x00, 0x00, 0x00, 0x5f, 0xf8, 0x00, 0x00, 0x00, 0x00, 0x00, 0x9f, 0xff,
    0xff, 0xf4, 0x00, 0x00, 0x00, 0x00, 0x00, 0x00, 0x5f, 0xf8, 0x00, 0x00, 0x00, 0x00, 0x00, 0x4f,
    0xfe, 0xda, 0x50, 0x00, 0x00, 0x00, 0x00, 0x00, 0x00, 0x01, 0x10, 0x00, 0x00, 0x00, 0x00, 0x00,
    0x00, 0x00, 0x00, 0x00, 0x00, 0x00, 0x00, 0x00, 0x00, 0x00, 0x00, 0x00, 0x00, 0x00, 0x00, 0x00,
    0x00, 0x00, 0x00, 0x00, 0x00, 0x00, 0x00, 0x00, 0x00, 0x00, 0x00, 0x00, 0x00, 0x00, 0x00, 0x00,
    0x00, 0x00, 0x00, 0x00, 0x00, 0x00, 0x00, 0x00, 0x00, 0x00, 0x00, 0x00, 0x00, 0x11, 0x00, 0x00,
    0x00, 0x00, 0x00, 0x00, 0x00, 0x00, 0x00, 0x00, 0x00, 0x00, 0x00, 0x00, 0x00, 0x00, 0xbe, 0x92,
    0x00, 0x00, 0x00, 0x05, 0xff, 0x90, 0x00, 0x00, 0x00, 0x00, 0x00, 0x00, 0x00, 0x00, 0x07, 0xff,
    0xf4, 0x00, 0x00, 0x00, 0x05, 0xff, 0x90, 0x00, 0x00, 0x00, 0x00, 0x00, 0x00, 0x00, 0x00, 0x5f,
    0xff, 0x70, 0x00, 0x00, 0x00, 0x05, 0xff, 0x90, 0x00, 0x00, 0x00, 0x00, 0x00, 0x00, 0x00, 0x05,
    0xff, 0xfa, 0x00, 0x0c, 0xff, 0xff, 0xff, 0xff, 0xff, 0xff, 0xff, 0xfa, 0x00, 0x00, 0x00, 0x00,
    0x6f, 0xff, 0xb0, 0x00, 0x0c, 0xff, 0xff, 0xff, 0xff, 0xff, 0xff, 0xff, 0xfa, 0x00, 0x00, 0x00,
    0x19, 0xff, 0xfc, 0x10, 0x00, 0x06, 0x88, 0x88, 0x8a, 0xff, 0xc8, 0x88, 0xaf, 0xfa, 0x00, 0x00,
    0x00, 0x9f, 0xff, 0xb1, 0x00, 0x00, 0x00, 0x00, 0x00, 0x05, 0xff, 0x90, 0x00, 0x4f, 0xfa, 0x00,
    0x00, 0x00, 0x2e, 0xfa, 0x00, 0x1c, 0x71, 0x00, 0x00, 0x00, 0x05, 0xff, 0x90, 0x00, 0x4f, 0xfa,
    0x00, 0x00, 0x00, 0x08, 0x70, 0x00, 0x8f, 0xfe, 0xff, 0xff, 0xff, 0xff, 0xff, 0xff, 0xff, 0xff,
    0xff, 0xfd, 0x00, 0x00, 0x00, 0x00, 0x03, 0xff, 0xf6, 0xff, 0xff, 0xff, 0xff, 0xff, 0xff, 0xff,
    0xff, 0xff, 0xfd, 0x00, 0x00, 0x00, 0x00, 0x1d, 0xff, 0x72, 0x99, 0x99, 0x99, 0x9b, 0xff, 0xd9,
    0x99, 0xbf, 0xfd, 0x98, 0x00, 0x00, 0x00, 0x00, 0xbf, 0xfc, 0x00, 0x00, 0x00, 0x00, 0x05, 0xff,
    0x90, 0x00, 0x4f, 0xfa, 0x00, 0x00, 0x00, 0x00, 0x0a, 0xff, 0xf5, 0x00, 0x00, 0x00, 0x00, 0x05,
    0xff, 0x90, 0x00, 0x4f, 0xfa, 0x00, 0x00, 0x00, 0x00, 0xaf, 0xff, 0xf5, 0x00, 0x0e, 0xff, 0xff,
    0xff, 0xff, 0xff, 0xff, 0xff, 0xfa, 0x00, 0x00, 0x00, 0x1a, 0xff, 0xff, 0xf5, 0x00, 0x0e, 0xff,
    0xff, 0xff, 0xff, 0xff, 0xff, 0xff, 0xfa, 0x00, 0x00, 0x01, 0xcf, 0xff, 0xef, 0xf5, 0x00, 0x07,
    0x77, 0x77, 0x7a, 0xff, 0xc7, 0x77, 0x77, 0x75, 0x00, 0x00, 0x00, 0xdf, 0xfb, 0x7f, 0xf5, 0x00,
    0x00, 0x00, 0x00, 0x05, 0xff, 0x90, 0x00, 0x00, 0x00, 0x00, 0x00, 0x00, 0x6f, 0xc1, 0x7f, 0xf5,
    0x00, 0x00, 0x00, 0x00, 0x05, 0xff, 0x90, 0x00, 0x00, 0x00, 0x00, 0x00, 0x00, 0x1b, 0x10, 0x7f,
    0xf5, 0x00, 0x6f, 0xff, 0xff, 0xff, 0xff, 0xff, 0xff, 0xff, 0xff, 0x20, 0x00, 0x00, 0x00, 0x00,
    0x7f, 0xf5, 0x00, 0x6f, 0xff, 0xff, 0xff, 0xff, 0xff, 0xff, 0xff, 0xff, 0x20, 0x00, 0x00, 0x00,
    0x00, 0x7f, 0xf5, 0x00, 0x38, 0x88, 0x88, 0x8a, 0xff, 0xc8, 0x88, 0x88, 0x88, 0x10, 0x00, 0x00,
    0x00, 0x00, 0x7f, 0xf5, 0x00, 0x00, 0x00, 0x00, 0x05, 0xff, 0x90, 0x00, 0x00, 0x00, 0x00, 0x00,
    0x00, 0x00, 0x00, 0x7f, 0xf5, 0x00, 0x00, 0x00, 0x00, 0x05, 0xff, 0x90, 0x00, 0x00, 0x00, 0x00,
    0x00, 0x00, 0x00, 0x00, 0x7f, 0xf5, 0x0b, 0xff, 0xff, 0xff, 0xff, 0xff, 0xff, 0xff, 0xff, 0xff,
    0xf7, 0x00, 0x00, 0x00, 0x00, 0x7f, 0xf5, 0x0b, 0xff, 0xff, 0xff, 0xff, 0xff, 0xff, 0xff, 0xff,
    0xff, 0xf7, 0x00, 0x00, 0x00, 0x00, 0x7f, 0xf5, 0x07, 0xaa, 0xaa, 0xaa, 0xac, 0xff, 0xda, 0xaa,
    0xaa, 0xaa, 0xa5, 0x00, 0x00, 0x00, 0x00, 0x7f, 0xf5, 0x00, 0x00, 0x00, 0x00, 0x05, 0xff, 0x90,
    0x00, 0x00, 0x00, 0x00, 0x00, 0x00, 0x00, 0x00, 0x7f, 0xf5, 0x00, 0x00, 0x00, 0x00, 0x05, 0xff,
    0x90, 0x00, 0x00, 0x00, 0x00, 0x00, 0x00, 0x00, 0x00, 0x7f, 0xf5, 0x00, 0x00, 0x00, 0x00, 0x05,
    0xff, 0x90, 0x00, 0x00, 0x00, 0x00, 0x00, 0x00, 0x00, 0x00, 0x7f, 0xf5, 0x00, 0x00, 0x00, 0x00,
    0x05, 0xff, 0x90, 0x00, 0x00, 0x00, 0x00, 0x00, 0x00, 0x00, 0x00, 0x25, 0x52, 0x00, 0x00, 0x00,
    0x00, 0x02, 0x55, 0x30, 0x00, 0x00, 0x00, 0x00, 0x00, 0x00, 0x00, 0x00, 0x00, 0x00, 0x00, 0x00,
    0x00, 0x00, 0x00, 0x00, 0x00, 0x00, 0x00, 0x00, 0x00, 0x00, 0x00, 0x00, 0x00, 0x00, 0x00, 0x00,
    0x00, 0x00, 0x00, 0x00, 0x00, 0x00, 0x00, 0x00, 0x00, 0x00, 0x00, 0x00, 0x00, 0x00, 0x45, 0x50,
    0x00, 0x00, 0x00, 0x15, 0x42, 0x00, 0x00, 0x00, 0x00, 0x00, 0x00, 0x00, 0x00, 0x00, 0x00, 0xdf,
    0xe0, 0x00, 0x00, 0x00, 0x4f, 0xf8, 0x00, 0x00, 0x00, 0x00, 0x00, 0x00, 0x00, 0x00, 0x00, 0x00,
    0xdf, 0xe0, 0x00, 0x00, 0x00, 0x6f, 0xf6, 0x00, 0x00, 0x00, 0x00, 0x00, 0x00, 0x00, 0x00, 0x00,
    0x00, 0xdf, 0xe0, 0x00, 0x00, 0x00, 0x8f, 0xf5, 0x00, 0x00, 0x00, 0x00, 0x00, 0x00, 0x00, 0x00,
    0x00, 0x00, 0xdf, 0xe0, 0x00, 0x00, 0x00, 0x9f, 0xf3, 0x00, 0x00, 0x00, 0x00, 0x00, 0x00, 0x00,
    0x00, 0x00, 0x00, 0xdf, 0xe0, 0x10, 0x8a, 0xaa, 0xdf, 0xfb, 0xaa, 0xaa, 0xaa, 0xaa, 0xaa, 0xa3,
    0x00, 0x00, 0x01, 0x10, 0xdf, 0xea, 0xf2, 0xcf, 0xff, 0xff, 0xff, 0xff, 0xff, 0xff, 0xff, 0xff,
    0xf5, 0x00, 0x00, 0x08, 0xfa, 0xdf, 0xed, 0xf8, 0xcf, 0xff, 0xff, 0xff, 0xff, 0xff, 0xff, 0xff,
    0xff, 0xf5, 0x00, 0x00, 0x09, 0xfa, 0xdf, 0xe8, 0xfe, 0x00, 0x02, 0xff, 0xa0, 0x00, 0x00, 0x00,
    0x00, 0x00, 0x00, 0x00, 0x00, 0x0b, 0xf8, 0xdf, 0xe3, 0xff, 0x40, 0x05, 0xff, 0x70, 0x00, 0x08,
    0xcb, 0x00, 0x00, 0x00, 0x00, 0x00, 0x0d, 0xf7, 0xdf, 0xe0, 0xef, 0x80, 0x08, 0xff, 0x40, 0x00,
    0x0a, 0xfd, 0x00, 0x00, 0x00, 0x00, 0x00, 0x0e, 0xf6, 0xdf, 0xe0, 0xaf, 0xc0, 0x0b, 0xff, 0x10,
    0x00, 0x0b, 0xfc, 0x00, 0x00, 0x00, 0x00, 0x00, 0x2f, 0xf3, 0xdf, 0xe0, 0x7d, 0x70, 0x0e, 0xfd,
    0x05, 0x95, 0x0c, 0xfb, 0x00, 0x7b, 0x70, 0x00, 0x00, 0x6f, 0xf1, 0xdf, 0xe0, 0x10, 0x00, 0x3f,
    0xfa, 0x09, 0xfb, 0x0d, 0xfa, 0x00, 0xbf, 0xa0, 0x00, 0x00, 0xaf, 0xd0, 0xdf, 0xe0, 0x00, 0x00,
    0x7f, 0xf6, 0x0c, 0xf8, 0x0e, 0xf9, 0x00, 0xef, 0x70, 0x00, 0x00, 0x9e, 0x80, 0xdf, 0xe0, 0x00,
    0x00, 0xcf, 0xf2, 0x0e, 0xf5, 0x1f, 0xf7, 0x03, 0xff, 0x30, 0x00, 0x00, 0x01, 0x10, 0xdf, 0xe0,
    0x00, 0x01, 0xff, 0xd0, 0x2f, 0xf1, 0x3f, 0xf5, 0x07, 0xfe, 0x00, 0x00, 0x00, 0x00, 0x00, 0xdf,
    0xe0, 0x00, 0x06, 0xff, 0x80, 0x7f, 0xd0, 0x6f, 0xf3, 0x0c, 0xfa, 0x00, 0x00, 0x00, 0x00, 0x00,
    0xdf, 0xe0, 0x00, 0x0c, 0xff, 0x40, 0xcf, 0x80, 0x8f, 0xf1, 0x2f, 0xf5, 0x00, 0x00, 0x00, 0x00,
    0x00, 0xdf, 0xe0, 0x00, 0x4f, 0xfc, 0x04, 0xff, 0x30, 0xcf, 0xf0, 0x9f, 0xe1, 0x00, 0x00, 0x00,
    0x00, 0x00, 0xdf, 0xe0, 0x00, 0xbf, 0xf6, 0x00, 0x7b, 0x01, 0xff, 0xf5, 0x29, 0x90, 0x00, 0x00,
    0x00, 0x00, 0x00, 0xdf, 0xe0, 0x04, 0xff, 0xe1, 0x00, 0x00, 0x06, 0xff, 0xfa, 0x00, 0x00, 0x00,
    0x00, 0x00, 0x00, 0x00, 0xdf, 0xe0, 0x1d, 0xff, 0x80, 0x00, 0x00, 0x0c, 0xff, 0xff, 0x20, 0x00,
    0x00, 0x00, 0x00, 0x00, 0x00, 0xdf, 0xe0, 0x9f, 0xfe, 0x10, 0x00, 0x00, 0x4f, 0xfd, 0xff, 0xa0,
    0x00, 0x00, 0x00, 0x00, 0x00, 0x00, 0xdf, 0xe0, 0xdf, 0xf5, 0x00, 0x00, 0x01, 0xcf, 0xf5, 0xaf,
    0xf3, 0x00, 0x00, 0x00, 0x00, 0x00, 0x00, 0xdf, 0xe0, 0x1c, 0xa0, 0x00, 0x00, 0x0a, 0xff, 0xd0,
    0x3f, 0xfd, 0x10, 0x00, 0x00, 0x00, 0x00, 0x00, 0xdf, 0xe0, 0x02, 0x20, 0x00, 0x00, 0x9f, 0xff,
    0x40, 0x09, 0xff, 0xc1, 0x00, 0x00, 0x00, 0x00, 0x00, 0xdf, 0xe0, 0x00, 0x00, 0x00, 0x2c, 0xff,
    0xf7, 0x00, 0x01, 0xdf, 0xfc, 0x20, 0x00, 0x00, 0x00, 0x00, 0xdf, 0xe0, 0x00, 0x00, 0x2a, 0xff,
    0xff, 0x80, 0x00, 0x00, 0x3e, 0xff, 0xf7, 0x00, 0x00, 0x00, 0x00, 0xdf, 0xe0, 0x00, 0x00, 0x2e,
    0xff, 0xf6, 0x00, 0x00, 0x00, 0x03, 0xef, 0xf4, 0x00, 0x00, 0x00, 0x00, 0xdf, 0xe0, 0x00, 0x00,
    0x05, 0xfa, 0x20, 0x00, 0x00, 0x00, 0x00, 0x2b, 0x70, 0x00, 0x00, 0x00, 0x00, 0x34, 0x40, 0x00,
    0x00, 0x00, 0x20, 0x00, 0x00, 0x00, 0x00, 0x00, 0x00, 0x00, 0x00, 0x00, 0x00, 0x00, 0x00, 0x00,
    0x00, 0x00, 0x00, 0x00, 0x00, 0x00, 0x00, 0x00, 0x00, 0x00, 0x00, 0x00, 0x00, 0x00, 0x00, 0x00,
    0x00, 0x00, 0x00, 0x00, 0x00, 0x00, 0x00, 0x00, 0x00, 0x00, 0x00, 0x00, 0x00, 0x00, 0x00, 0x00,
    0x00, 0x00, 0x00, 0x00, 0x00, 0x00, 0x03, 0x44, 0x10, 0x04, 0x00, 0x00, 0x00, 0x00, 0x00, 0x00,
    0x00, 0x00, 0x00, 0x00, 0x00, 0x00, 0x00, 0x0a, 0xff, 0x31, 0xbf, 0xb2, 0x00, 0x00, 0x00, 0x00,
    0x00, 0x00, 0x00, 0x00, 0x00, 0x00, 0x00, 0x00, 0x09, 0xff, 0x41, 0xaf, 0xfe, 0x40, 0x00, 0x00,
    0x00, 0x00, 0x00, 0x00, 0x00, 0x00, 0x00, 0x00, 0x00, 0x08, 0xff, 0x40, 0x06, 0xef, 0x90, 0x00,
    0x00, 0x00, 0x00, 0x2f, 0xff, 0xff, 0xff, 0xff, 0xff, 0xff, 0xff, 0xff, 0xff, 0xff, 0xff, 0xff,
    0xf6, 0x00, 0x00, 0x00, 0x2f, 0xff, 0xff, 0xff, 0xff, 0xff, 0xff, 0xff, 0xff, 0xff, 0xff, 0xff,
    0xff, 0xf6, 0x00, 0x00, 0x00, 0x2f, 0xfc, 0x77, 0x77, 0x77, 0x77, 0x77, 0x79, 0xff, 0xb7, 0x77,
    0x77, 0x77, 0x73, 0x00, 0x00, 0x00, 0x2f, 0xfa, 0x00, 0x00, 0x00, 0x00, 0x00, 0x02, 0xff, 0xa0,
    0x00, 0x02, 0x00, 0x00, 0x00, 0x00, 0x00, 0x2f, 0xfa, 0x4f, 0xff, 0xff, 0xff, 0xff, 0xa0, 0xff,
    0xc0, 0x00, 0x2f, 0xe8, 0x00, 0x00, 0x00, 0x00, 0x2f, 0xf9, 0x4f, 0xff, 0xff, 0xff, 0xff, 0xa0,
    0xdf, 0xf0, 0x00, 0x8f, 0xf6, 0x00, 0x00, 0x00, 0x00, 0x3f, 0xf9, 0x12, 0x22, 0x22, 0x22, 0x22,
    0x10, 0xaf, 0xf2, 0x01, 0xef, 0xe1, 0x00, 0x00, 0x00, 0x00, 0x3f, 0xf8, 0x00, 0x00, 0x00, 0x00,
    0x00, 0x00, 0x8f, 0xf6, 0x08, 0xff, 0x80, 0x00, 0x00, 0x00, 0x00, 0x5f, 0xf7, 0x1f, 0xff, 0xff,
    0xff, 0xff, 0x30, 0x5f, 0xfa, 0x2f, 0xff, 0x10, 0x00, 0x00, 0x00, 0x00, 0x7f, 0xf5, 0x1f, 0xff,
    0xff, 0xff, 0xff, 0x30, 0x1f, 0xfe, 0xbf, 0xf7, 0x00, 0x00, 0x00, 0x00, 0x00, 0x9f, 0xf3, 0x1f,
    0xf7, 0x22, 0x24, 0xff, 0x30, 0x0b, 0xff, 0xff, 0xc0, 0x00, 0x00, 0x00, 0x00, 0x00, 0xcf, 0xf1,
    0x1f, 0xf6, 0x00, 0x02, 0xff, 0x30, 0x06, 0xff, 0xfe, 0x20, 0x08, 0x71, 0x00, 0x00, 0x01, 0xff,
    0xd0, 0x1f, 0xf6, 0x00, 0x02, 0xff, 0x30, 0x05, 0xff, 0xf7, 0x00, 0x0a, 0xfc, 0x00, 0x00, 0x05,
    0xff, 0x80, 0x1f, 0xff, 0xff, 0xff, 0xff, 0x30, 0x6f, 0xff, 0xfc, 0x10, 0x0c, 0xfa, 0x00, 0x00,
    0x0c, 0xff, 0x40, 0x1f, 0xff, 0xff, 0xff, 0xff, 0x4a, 0xff, 0xda, 0xff, 0xb3, 0x3f, 0xf7, 0x00,
    0x00, 0x5f, 0xfd, 0x00, 0x01, 0x11, 0x11, 0x11, 0x11, 0x3e, 0xfb, 0x11, 0xdf, 0xff, 0xff, 0xf2,
    0x00, 0x00, 0x8f, 0xf6, 0x00, 0x00, 0x00, 0x00, 0x00, 0x30, 0x04, 0x80, 0x00, 0x2d, 0xff, 0xff,
    0xa0, 0x00, 0x00, 0x07, 0xd0, 0x00, 0x00, 0x00, 0x00, 0x4c, 0xf6, 0x00, 0x00, 0x00, 0x01, 0x6a,
    0xa7, 0x00, 0x00, 0x00, 0x00, 0x10, 0x00, 0x08, 0xbb, 0x30, 0x3f, 0xff, 0x50, 0x00, 0x00, 0x00,
    0x39, 0x10, 0x00, 0x00, 0x00, 0x00, 0x0b, 0xa4, 0x0b, 0xff, 0x40, 0x05, 0xff, 0xf3, 0x00, 0x00,
    0x08, 0xff, 0x90, 0x00, 0x00, 0x00, 0x00, 0x3f, 0xfe, 0x0b, 0xff, 0x40, 0x00, 0x7f, 0xfe, 0x10,
    0x02, 0x02, 0xef, 0xf3, 0x00, 0x00, 0x00, 0x00, 0xaf, 0xf7, 0x0b, 0xff, 0x40, 0x00, 0x0a, 0xff,
    0x80, 0x0f, 0xb5, 0x8f, 0xfc, 0x00, 0x00, 0x00, 0x02, 0xff, 0xf1, 0x0b, 0xff, 0x40, 0x00, 0x01,
    0xb4, 0x00, 0x1f, 0xfc, 0x1e, 0xff, 0x50, 0x00, 0x00, 0x0b, 0xff, 0x90, 0x0b, 0xff, 0x40, 0x00,
    0x00, 0x00, 0x00, 0x5f, 0xf9, 0x07, 0xff, 0xd0, 0x00, 0x00, 0x5f, 0xff, 0x20, 0x09, 0xff, 0xc7,
    0x66, 0x66, 0x66, 0x67, 0xdf, 0xf6, 0x01, 0xef, 0xf3, 0x00, 0x00, 0x29, 0xe8, 0x00, 0x05, 0xff,
    0xff, 0xff, 0xff, 0xff, 0xff, 0xff, 0xd0, 0x00, 0x66, 0x10, 0x00, 0x00, 0x00, 0x11, 0x00, 0x00,
    0x5b, 0xef, 0xff, 0xff, 0xff, 0xff, 0xda, 0x20, 0x00, 0x00, 0x00, 0x00, 0x00, 0x00, 0x00, 0x00,
    0x00, 0x00, 0x00, 0x00, 0x00, 0x00, 0x00, 0x00, 0x00, 0x00, 0x00, 0x00, 0x00, 0x00, 0x00, 0x00,
    0x00, 0x00, 0x00, 0x00, 0x00, 0x00, 0x00, 0x00, 0x00, 0x00, 0x00, 0x00, 0x00, 0x00, 0x00, 0x00,
    0x00, 0x00, 0x00, 0x00, 0x00, 0x00, 0x00, 0x00, 0x00, 0x00, 0x02, 0x20, 0x00, 0x00, 0x00, 0x00,
    0x00, 0x00, 0x00, 0x00, 0x00, 0x00, 0x00, 0x00, 0x00, 0x24, 0x7a, 0xdf, 0xe2, 0x00, 0x00, 0x00,
    0x00, 0x00, 0x00, 0x00, 0x00, 0x13, 0x45, 0x67, 0x9b, 0xdf, 0xff, 0xff, 0xff, 0xfd, 0x10, 0x00,
    0x00, 0x00, 0x00, 0x4b, 0xcd, 0xef, 0xff, 0xff, 0xff, 0xff, 0xff, 0xff, 0xff, 0xfd, 0xa6, 0x20,
    0x00, 0x00, 0x00, 0x00, 0x2f, 0xff, 0xff, 0xff, 0xff, 0xff, 0xff, 0xfd, 0xb9, 0x64, 0x10, 0x00,
    0x00, 0x00, 0x00, 0x00, 0x00, 0x0d, 0xed, 0xcb, 0xa9, 0x87, 0x6b, 0xff, 0x90, 0x00, 0x00, 0x00,
    0x00, 0x00, 0x00, 0x00, 0x00, 0x00, 0x00, 0x00, 0x00, 0x00, 0x00, 0x08, 0xff, 0x90, 0x00, 0x00,
    0x00, 0x00, 0x00, 0x00, 0x00, 0x00, 0x00, 0x00, 0x00, 0x00, 0x00, 0x00, 0x08, 0xff, 0x90, 0x00,
    0x00, 0x00, 0x00, 0x00, 0x00, 0x00, 0x00, 0x00, 0x00, 0x00, 0x00, 0x00, 0x00, 0x08, 0xff, 0x90,
    0x00, 0x00, 0x00, 0x00, 0x00, 0x00, 0x00, 0x00, 0x00, 0x00, 0x00, 0x00, 0x00, 0x00, 0x08, 0xff,
    0x90, 0x00, 0x00, 0x00, 0x00, 0x00, 0x00, 0x00, 0x00, 0x00, 0x5d, 0xdd, 0xdd, 0xdd, 0xdd, 0xde,
    0xff, 0xed, 0xdd, 0xdd, 0xdd, 0xdd, 0xd9, 0x00, 0x00, 0x00, 0x00, 0x5f, 0xff, 0xff, 0xff, 0xff,
    0xff, 0xff, 0xff, 0xff, 0xff, 0xff, 0xff, 0xfb, 0x00, 0x00, 0x00, 0x00, 0x5f, 0xff, 0xff, 0xff,
    0xff, 0xff, 0xff, 0xff, 0xff, 0xff, 0xff, 0xff, 0xfb, 0x00, 0x00, 0x00, 0x00, 0x00, 0x00, 0x00,
    0x00, 0x00, 0x08, 0xff, 0x90, 0x00, 0x00, 0x00, 0x00, 0x00, 0x00, 0x00, 0x00, 0x00, 0x00, 0x00,
    0x00, 0x00, 0x00, 0x08, 0xff, 0x90, 0x00, 0x00, 0x00, 0x00, 0x00, 0x00, 0x00, 0x00, 0x00, 0x00,
    0x00, 0x00, 0x00, 0x00, 0x08, 0xff, 0x90, 0x00, 0x00, 0x00, 0x00, 0x00, 0x00, 0x00, 0x00, 0x00,
    0x00, 0x00, 0x00, 0x00, 0x00, 0x08, 0xff, 0x90, 0x00, 0x00, 0x00, 0x00, 0x00, 0x00, 0x00, 0x00,
    0x00, 0x00, 0x00, 0x00, 0x00, 0x00, 0x08, 0xff, 0x90, 0x00, 0x00, 0x00, 0x00, 0x00, 0x00, 0x00,
    0x00, 0x8f, 0xff, 0xff, 0xff, 0xff, 0xff, 0xff, 0xff, 0xff, 0xff, 0xff, 0xff, 0xff, 0xff, 0xf9,
    0x00, 0x00, 0x8f, 0xff, 0xff, 0xff, 0xff, 0xff, 0xff, 0xff, 0xff, 0xff, 0xff, 0xff, 0xff, 0xff,
    0xf9, 0x00, 0x00, 0x8e, 0xee, 0xee, 0xee, 0xee, 0xee, 0xef, 0xff, 0xfe, 0xee, 0xee, 0xee, 0xee,
    0xee, 0xe8, 0x00, 0x00, 0x00, 0x00, 0x00, 0x00, 0x00, 0x00, 0x08, 0xff, 0x90, 0x00, 0x00, 0x00,
    0x00, 0x00, 0x00, 0x00, 0x00, 0x00, 0x00, 0x00, 0x00, 0x00, 0x00, 0x08, 0xff, 0x90, 0x00, 0x00,
    0x00, 0x00, 0x00, 0x00, 0x00, 0x00, 0x00, 0x00, 0x00, 0x00, 0x00, 0x00, 0x08, 0xff, 0x90, 0x00,
    0x00, 0x00, 0x00, 0x00, 0x00, 0x00, 0x00, 0x00, 0x00, 0x00, 0x00, 0x00, 0x00, 0x08, 0xff, 0x90,
    0x00, 0x00, 0x00, 0x00, 0x00, 0x00, 0x00, 0x00, 0x00, 0x00, 0x00, 0x00, 0x00, 0x00, 0x08, 0xff,
    0x90, 0x00, 0x00, 0x00, 0x00, 0x00, 0x00, 0x00, 0x00, 0x00, 0x00, 0x00, 0x00, 0x00, 0x00, 0x08,
    0xff, 0x90, 0x00, 0x00, 0x00, 0x00, 0x00, 0x00, 0x00, 0x00, 0x00, 0x00, 0x00, 0x00, 0x00, 0x00,
    0x0a, 0xff, 0x90, 0x00, 0x00, 0x00, 0x00, 0x00, 0x00, 0x00, 0x00, 0x00, 0x00, 0x00, 0x3e, 0xee,
    0xee, 0xef, 0xff, 0x70, 0x00, 0x00, 0x00, 0x00, 0x00, 0x00, 0x00, 0x00, 0x00, 0x00, 0x00, 0x0b,
    0xff, 0xff, 0xff, 0xfe, 0x20, 0x00, 0x00, 0x00, 0x00, 0x00, 0x00, 0x00, 0x00, 0x00, 0x00, 0x00,
    0x05, 0xff, 0xfe, 0xdc, 0x82, 0x00, 0x00, 0x00, 0x00, 0x00, 0x00, 0x00, 0x00, 0x00, 0x00, 0x00,
    0x00, 0x00, 0x00, 0x00, 0x00, 0x00, 0x00, 0x00, 0x00, 0x00, 0x00, 0x00, 0x00, 0x00, 0x00, 0x00,
    0x00, 0x00, 0x00, 0x00, 0x00, 0x00, 0x00, 0x00, 0x00, 0x00, 0x00, 0x00, 0x00, 0x00, 0x00, 0x00,
    0x00, 0x00, 0x00, 0x00, 0x00, 0x00, 0x00, 0x00, 0x00, 0x00, 0x00, 0x00, 0x00, 0x00, 0x00, 0x00,
    0x00, 0x00, 0x00, 0x03, 0x32, 0x00, 0x00, 0x00, 0x00, 0x00, 0x00, 0x00, 0x00, 0x00, 0x00, 0x00,
    0x00, 0x00, 0x00, 0x00, 0x0f, 0xfe, 0x00, 0x00, 0x00, 0x00, 0x00, 0x00, 0x00, 0x00, 0x00, 0x00,
    0x00, 0x00, 0x00, 0x00, 0x00, 0x0f, 0xfe, 0x00, 0x00, 0x00, 0x00, 0x00, 0x00, 0x00, 0x00, 0x00,
    0x00, 0x00, 0x00, 0x00, 0x00, 0x00, 0x0f, 0xfe, 0x00, 0x00, 0x00, 0x00, 0x00, 0x00, 0x00, 0x00,
    0x00, 0x00, 0x00, 0x00, 0x00, 0x00, 0x00, 0x0f, 0xfe, 0x00, 0x00, 0x8f, 0xff, 0xff, 0xff, 0xff,
    0xff, 0xff, 0xff, 0x20, 0x00, 0x00, 0x00, 0x00, 0x0f, 0xfe, 0x00, 0x00, 0x8f, 0xff, 0xff, 0xff,
    0xff, 0xff, 0xff, 0xff, 0x20, 0x00, 0x00, 0x00, 0x00, 0x0f, 0xfe, 0x00, 0x00, 0x6c, 0xcc, 0xcc,
    0xcc, 0xcc, 0xcc, 0xce, 0xff, 0x20, 0x00, 0x00, 0x8f, 0xff, 0xff, 0xff, 0xff, 0xfd, 0x00, 0x00,
    0x00, 0x00, 0x00, 0x00, 0x0b, 0xff, 0x20, 0x00, 0x00, 0x8f, 0xff, 0xff, 0xff, 0xff, 0xfd, 0x00,
    0x00, 0x00, 0x00, 0x00, 0x00, 0x0b, 0xff, 0x20, 0x00, 0x00, 0x6c, 0xcc, 0xcf, 0xff, 0xcc, 0xcb,
    0x00, 0x00, 0x00, 0x00, 0x00, 0x00, 0x0b, 0xff, 0x20, 0x00, 0x00, 0x00, 0x00, 0x0f, 0xfe, 0x00,
    0x00, 0x00, 0x00, 0x00, 0x00, 0x00, 0x00, 0x0b, 0xff, 0x20, 0x00, 0x00, 0x00, 0x00, 0x0f, 0xfe,
    0x00, 0x00, 0x00, 0x00, 0x00, 0x00, 0x00, 0x00, 0x0b, 0xff, 0x20, 0x00, 0x00, 0x00, 0x00, 0x0f,
    0xfe, 0x00, 0x00, 0x00, 0x00, 0x00, 0x00, 0x00, 0x00, 0x0b, 0xff, 0x20, 0x00, 0x00, 0x00, 0x00,
    0x0f, 0xfe, 0x00, 0x00, 0x00, 0x00, 0x00, 0x00, 0x00, 0x00, 0x0b, 0xff, 0x20, 0x00, 0x00, 0x00,
    0x00, 0x0f, 0xfe, 0x00, 0x03, 0x0b, 0xff, 0xff, 0xff, 0xff, 0xff, 0xff, 0xff, 0x20, 0x00, 0x00,
    0x00, 0x00, 0x0f, 0xff, 0x7b, 0xef, 0x0b, 0xff, 0xff, 0xff, 0xff, 0xff, 0xff, 0xff, 0x20, 0x00,
    0x00, 0x00, 0x14, 0x8f, 0xff, 0xff, 0xff, 0x2b, 0xff, 0xff, 0xff, 0xff, 0xff, 0xff, 0xff, 0x20,
    0x00, 0x00, 0x8d, 0xff, 0xff, 0xff, 0xff, 0xeb, 0x20, 0x00, 0x00, 0x00, 0x00, 0x00, 0x0b, 0xff,
    0x20, 0x00, 0x00, 0xaf, 0xff, 0xff, 0xff, 0x84, 0x00, 0x00, 0x00, 0x00, 0x00, 0x00, 0x00, 0x0b,
    0xff, 0x20, 0x00, 0x00, 0x6f, 0xfd, 0x9f, 0xfe, 0x00, 0x00, 0x00, 0x00, 0x00, 0x00, 0x00, 0x00,
    0x0b, 0xff, 0x20, 0x00, 0x00, 0x15, 0x10, 0x0f, 0xfe, 0x00, 0x00, 0x00, 0x00, 0x00, 0x00, 0x00,
    0x00, 0x0b, 0xff, 0x20, 0x00, 0x00, 0x00, 0x00, 0x0f, 0xfe, 0x00, 0x00, 0x00, 0x00, 0x00, 0x00,
    0x00, 0x00, 0x0b, 0xff, 0x20, 0x00, 0x00, 0x00, 0x00, 0x0f, 0xfe, 0x00, 0x00, 0x00, 0x00, 0x00,
    0x00, 0x00, 0x00, 0x0b, 0xff, 0x20, 0x00, 0x00, 0x00, 0x00, 0x0f, 0xfe, 0x00, 0x00, 0x00, 0x00,
    0x00, 0x00, 0x00, 0x00, 0x0b, 0xff, 0x20, 0x00, 0x00, 0x00, 0x00, 0x0f, 0xfe, 0x00, 0x00, 0x00,
    0x00, 0x00, 0x00, 0x00, 0x00, 0x0b, 0xff, 0x20, 0x00, 0x00, 0x00, 0x00, 0x0f, 0xfe, 0x00, 0x00,
    0x00, 0x00, 0x00, 0x00, 0x00, 0x00, 0x0b, 0xff, 0x20, 0x00, 0x00, 0x00, 0x00, 0x0f, 0xfe, 0x00,
    0x00, 0xbf, 0xff, 0xff, 0xff, 0xff, 0xff, 0xff, 0xff, 0x20, 0x00, 0x00, 0x00, 0x00, 0x0f, 0xfe,
    0x00, 0x00, 0xbf, 0xff, 0xff, 0xff, 0xff, 0xff, 0xff, 0xff, 0x20, 0x00, 0x00, 0x07, 0xbb, 0xcf,
    0xfd, 0x00, 0x00, 0xad, 0xdd, 0xdd, 0xdd, 0xdd, 0xdd, 0xdf, 0xff, 0x20, 0x00, 0x00, 0x05, 0xff,
    0xff, 0xf8, 0x00, 0x00, 0x00, 0x00, 0x00, 0x00, 0x00, 0x00, 0x0b, 0xff, 0x20, 0x00, 0x00, 0x01,
    0xff, 0xeb, 0x70, 0x00, 0x00, 0x00, 0x00, 0x00, 0x00, 0x00, 0x00, 0x0b, 0xff, 0x20, 0x00, 0x00,
    0x00, 0x00, 0x00, 0x00, 0x00, 0x00, 0x00, 0x00, 0x00, 0x00, 0x00, 0x00, 0x01, 0x22, 0x00, 0x00,
    0x00, 0x00, 0x00, 0x00, 0x00, 0x00, 0x00, 0x00, 0x00, 0x00, 0x00, 0x00, 0x00, 0x00, 0x00, 0x00,
    0x00, 0x00, 0x00, 0x00, 0x00, 0x00, 0x00, 0x00, 0x00, 0x00, 0x00, 0x00, 0x00, 0x00, 0x00, 0x00,
    0x00, 0x00, 0x00, 0x00, 0x00, 0x14, 0x43, 0x00, 0x00, 0x00, 0x01, 0x33, 0x20, 0x00, 0x00, 0x00,
    0x00, 0x00, 0x00, 0x00, 0x00, 0x00, 0x5f, 0xf9, 0x00, 0x00, 0x00, 0x03, 0xff, 0xc0, 0x00, 0x73,
    0x00, 0x00, 0x00, 0x00, 0x00, 0x00, 0x00, 0x5f, 0xf9, 0x00, 0x00, 0x00, 0x03, 0xff, 0xd0, 0x2c,
    0xfe, 0x30, 0x00, 0x00, 0x00, 0x00, 0x00, 0x00, 0x5f, 0xf9, 0x00, 0x00, 0x00, 0x02, 0xff, 0xe0,
    0x1b, 0xff, 0xe3, 0x00, 0x00, 0x00, 0x00, 0x00, 0x00, 0x5f, 0xf9, 0x00, 0x00, 0x00, 0x01, 0xff,
    0xe0, 0x01, 0xcf, 0xfe, 0x20, 0x00, 0x00, 0x00, 0x00, 0x00, 0x5f, 0xf9, 0x00, 0x00, 0x00, 0x00,
    0xff, 0xf0, 0x00, 0x1d, 0xff, 0xc0, 0x00, 0x00, 0x00, 0x00, 0x00, 0x5f, 0xf9, 0x00, 0x00, 0x00,
    0x00, 0xef, 0xf1, 0x00, 0x03, 0xef, 0x80, 0x00, 0x00, 0x00, 0x8c, 0xcc, 0xdf, 0xfe, 0xcc, 0xc4,
    0x00, 0x00, 0xdf, 0xf2, 0x00, 0x00, 0x54, 0x00, 0x00, 0x00, 0x00, 0x9f, 0xff, 0xff, 0xff, 0xff,
    0xf5, 0x00, 0x00, 0xcf, 0xf5, 0x34, 0x67, 0x9a, 0xcd, 0xf1, 0x00, 0x00, 0x9f, 0xff, 0xff, 0xff,
    0xff, 0xf7, 0x67, 0x9a, 0xef, 0xff, 0xff, 0xff, 0xff, 0xff, 0xf3, 0x00, 0x00, 0x00, 0x00, 0x5f,
    0xf9, 0x00, 0x03, 0xff, 0xff, 0xff, 0xff, 0xff, 0xff, 0xff, 0xff, 0xe4, 0x00, 0x00, 0x00, 0x00,
    0x5f, 0xf9, 0x00, 0x02, 0xff, 0xff, 0xff, 0xfe, 0xca, 0x87, 0x53, 0x20, 0x00, 0x00, 0x00, 0x00,
    0x00, 0x5f, 0xf9, 0x00, 0x00, 0xa8, 0x65, 0x8f, 0xfa, 0x00, 0x00, 0x00, 0x00, 0x00, 0x00, 0x00,
    0x00, 0x00, 0x5f, 0xf9, 0x00, 0x00, 0x00, 0x00, 0x4f, 0xfc, 0x00, 0x00, 0x1d, 0x70, 0x00, 0x00,
    0x00, 0x00, 0x00, 0x5f, 0xf9, 0x00, 0x11, 0x00, 0x00, 0x2f, 0xfe, 0x00, 0x00, 0x8f, 0xf9, 0x00,
    0x00, 0x00, 0x00, 0x00, 0x5f, 0xfb, 0x7b, 0xf6, 0x00, 0x00, 0x0f, 0xff, 0x10, 0x01, 0xef, 0xf3,
    0x00, 0x00, 0x00, 0x00, 0x01, 0x8f, 0xff, 0xff, 0xf8, 0x00, 0x00, 0x0d, 0xff, 0x40, 0x09, 0xff,
    0xa0, 0x00, 0x00, 0x00, 0x58, 0xcf, 0xff, 0xff, 0xff, 0xf7, 0x00, 0x00, 0x0a, 0xff, 0x70, 0x5f,
    0xff, 0x20, 0x00, 0x00, 0x00, 0xdf, 0xff, 0xff, 0xfe, 0x94, 0x10, 0x00, 0x00, 0x07, 0xff, 0xb2,
    0xef, 0xf9, 0x00, 0x00, 0x00, 0x00, 0x9f, 0xff, 0xdf, 0xf9, 0x00, 0x00, 0x00, 0x00, 0x04, 0xff,
    0xeb, 0xff, 0xd1, 0x00, 0x00, 0x00, 0x00, 0x4a, 0x51, 0x5f, 0xf9, 0x00, 0x00, 0x00, 0x00, 0x00,
    0xff, 0xff, 0xfe, 0x30, 0x00, 0x00, 0x00, 0x00, 0x00, 0x00, 0x5f, 0xf9, 0x00, 0x00, 0x00, 0x00,
    0x00, 0xbf, 0xff, 0xf6, 0x00, 0x00, 0x00, 0x00, 0x00, 0x00, 0x00, 0x5f, 0xf9, 0x00, 0x00, 0x00,
    0x00, 0x00, 0xaf, 0xff, 0x90, 0x00, 0x05, 0x30, 0x00, 0x00, 0x00, 0x00, 0x5f, 0xf9, 0x00, 0x00,
    0x00, 0x00, 0x1a, 0xff, 0xff, 0x40, 0x00, 0x08, 0xe7, 0x00, 0x00, 0x00, 0x00, 0x5f, 0xf9, 0x00,
    0x00, 0x00, 0x02, 0xcf, 0xff, 0xff, 0xb0, 0x00, 0x0a, 0xff, 0x10, 0x00, 0x00, 0x00, 0x5f, 0xf9,
    0x00, 0x00, 0x00, 0x5e, 0xff, 0xfd, 0xff, 0xf6, 0x00, 0x0d, 0xfd, 0x00, 0x00, 0x00, 0x00, 0x5f,
    0xf9, 0x00, 0x00, 0x3b, 0xff, 0xff, 0x91, 0xcf, 0xff, 0x50, 0x2f, 0xfa, 0x00, 0x00, 0x00, 0x00,
    0x5f, 0xf9, 0x00, 0x2a, 0xff, 0xff, 0xe5, 0x00, 0x4f, 0xff, 0xfc, 0xdf, 0xf6, 0x00, 0x00, 0x0b,
    0xbb, 0xdf, 0xf8, 0x00, 0x09, 0xff, 0xfb, 0x30, 0x00, 0x06, 0xff, 0xff, 0xff, 0xf1, 0x00, 0x00,
    0x0b, 0xff, 0xff, 0xf4, 0x00, 0x00, 0x9d, 0x50, 0x00, 0x00, 0x00, 0x7e, 0xff, 0xff, 0x80, 0x00,
    0x00, 0x06, 0xff, 0xda, 0x50, 0x00, 0x00, 0x00, 0x00, 0x00, 0x00, 0x00, 0x02, 0x9d, 0xe9, 0x00,
    0x00, 0x00, 0x00, 0x00, 0x00, 0x00, 0x00, 0x00, 0x00, 0x00, 0x00, 0x00, 0x00, 0x00, 0x00, 0x00,
    0x00, 0x00, 0x00, 0x00, 0x00, 0x00, 0x00, 0x00, 0x00, 0x00, 0x00, 0x00, 0x00, 0x00, 0x00, 0x00,
    0x00, 0x00, 0x00, 0x00, 0x00, 0x00, 0x00, 0x00, 0x00, 0x00, 0x00, 0x00, 0x00, 0x00, 0x00, 0x00,
    0x00, 0x00, 0x00, 0x00, 0x00, 0x00, 0x00, 0x24, 0x41, 0x00, 0x00, 0x00, 0x00, 0x00, 0x00, 0x00,
    0x00, 0x00, 0x00, 0x00, 0x00, 0x00, 0x00, 0x00, 0xaf, 0xf4, 0x00, 0x00, 0x00, 0x00, 0x00, 0x00,
    0x00, 0x00, 0x00, 0x00, 0x00, 0x00, 0x00, 0x00, 0x00, 0xaf, 0xf4, 0x00, 0x03, 0xaa, 0xaa, 0xaa,
    0xaa, 0xaa, 0xaa, 0xaa, 0xb4, 0x00, 0x00, 0x00, 0x00, 0x00, 0xaf, 0xf4, 0x00, 0x04, 0xff, 0xff,
    0xff, 0xff, 0xff, 0xff, 0xff, 0xfe, 0x10, 0x00, 0x00, 0x00, 0x00, 0xaf, 0xf4, 0x00, 0x04, 0xff,
    0xff, 0xff, 0xff, 0xff, 0xff, 0xff, 0xf7, 0x00, 0x00, 0x00, 0x00, 0x00, 0xaf, 0xf4, 0x00, 0x00,
    0x01, 0xdf, 0xe2, 0x00, 0x00, 0x05, 0xff, 0xc0, 0x00, 0x00, 0x00, 0x00, 0x00, 0xaf, 0xf4, 0x00,
    0x00, 0x00, 0x4f, 0xfc, 0x00, 0x00, 0x3f, 0xff, 0x30, 0x00, 0x00, 0x00, 0x8c, 0xcc, 0xef, 0xfd,
    0xcc, 0xb0, 0x00, 0x0a, 0xff, 0xa0, 0x04, 0xef, 0xf7, 0x00, 0x00, 0x00, 0x00, 0x9f, 0xff, 0xff,
    0xff, 0xff, 0xd0, 0x00, 0x01, 0xcf, 0xfb, 0x6f, 0xff, 0x70, 0x00, 0x00, 0x00, 0x00, 0x9f, 0xff,
    0xff, 0xff, 0xff, 0xd0, 0x00, 0x00, 0x1d, 0xff, 0xff, 0xf7, 0x00, 0x00, 0x00, 0x00, 0x00, 0x00,
    0x00, 0xaf, 0xf4, 0x00, 0x00, 0x00, 0x00, 0x07, 0xff, 0xff, 0xc1, 0x00, 0x00, 0x00, 0x00, 0x00,
    0x00, 0x00, 0xaf, 0xf4, 0x00, 0x00, 0x00, 0x04, 0xcf, 0xff, 0xff, 0xfe, 0x70, 0x00, 0x00, 0x00,
    0x00, 0x00, 0x00, 0xaf, 0xf4, 0x00, 0x00, 0x15, 0xbf, 0xff, 0xfa, 0x9f, 0xff, 0xfd, 0x72, 0x00,
    0x00, 0x00, 0x00, 0x00, 0xaf, 0xf4, 0x00, 0x49, 0xef, 0xff, 0xfd, 0x40, 0x03, 0xcf, 0xff, 0xff,
    0xc8, 0x10, 0x00, 0x00, 0x00, 0xaf, 0xf4, 0x00, 0x6f, 0xff, 0xfe, 0x70, 0x00, 0x00, 0x06, 0xef,
    0xff, 0xfb, 0x00, 0x00, 0x00, 0x00, 0xaf, 0xf6, 0x8c, 0x7b, 0xfb, 0x50, 0x00, 0x6e, 0xe8, 0x00,
    0x05, 0xbf, 0xe2, 0x00, 0x00, 0x00, 0x00, 0xbf, 0xff, 0xff, 0x92, 0x20, 0x00, 0x00, 0x7f, 0xf9,
    0x00, 0x00, 0x02, 0x40, 0x00, 0x00, 0x15, 0xae, 0xff, 0xff, 0xff, 0xb0, 0x00, 0x00, 0x00, 0x7f,
    0xf9, 0x00, 0x00, 0x00, 0x00, 0x00, 0x00, 0xef, 0xff, 0xff, 0xfe, 0x94, 0x00, 0xbf, 0xff, 0xff,
    0xff, 0xff, 0xff, 0xff, 0xf7, 0x00, 0x00, 0x00, 0xaf, 0xff, 0xff, 0xf4, 0x00, 0x00, 0xbf, 0xff,
    0xff, 0xff, 0xff, 0xff, 0xff, 0xf7, 0x00, 0x00, 0x00, 0x6b, 0x72, 0xaf, 0xf4, 0x00, 0x00, 0x8b,
    0xbb, 0xbb, 0xdf, 0xfd, 0xbb, 0xbb, 0xb5, 0x00, 0x00, 0x00, 0x00, 0x00, 0xaf, 0xf4, 0x00, 0x00,
    0x00, 0x00, 0x00, 0x7f, 0xf9, 0x00, 0x00, 0x00, 0x00, 0x00, 0x00, 0x00, 0x00, 0xaf, 0xf4, 0x00,
    0x00, 0x00, 0x00, 0x00, 0x7f, 0xf9, 0x00, 0x00, 0x00, 0x00, 0x00, 0x00, 0x00, 0x00, 0xaf, 0xf4,
    0x00, 0x3a, 0xaa, 0xaa, 0xaa, 0xcf, 0xfd, 0xaa, 0xaa, 0xaa, 0xa7, 0x00, 0x00, 0x00, 0x00, 0xaf,
    0xf4, 0x00, 0x5f, 0xff, 0xff, 0xff, 0xff, 0xff, 0xff, 0xff, 0xff, 0xfa, 0x00, 0x00, 0x00, 0x00,
    0xaf, 0xf4, 0x00, 0x5f, 0xff, 0xff, 0xff, 0xff, 0xff, 0xff, 0xff, 0xff, 0xfa, 0x00, 0x00, 0x00,
    0x00, 0xaf, 0xf4, 0x00, 0x00, 0x00, 0x00, 0x00, 0x7f, 0xf9, 0x00, 0x00, 0x00, 0x00, 0x00, 0x00,
    0x00, 0x00, 0xaf, 0xf4, 0x00, 0x00, 0x00, 0x00, 0x00, 0x7f, 0xf9, 0x00, 0x00, 0x00, 0x00, 0x00,
    0x00, 0x0b, 0xcc, 0xff, 0xf3, 0x00, 0x00, 0x00, 0x00, 0x00, 0x7f, 0xf9, 0x00, 0x00, 0x00, 0x00,
    0x00, 0x00, 0x09, 0xff, 0xff, 0xd0, 0x00, 0x00, 0x00, 0x00, 0x00, 0x7f, 0xf9, 0x00, 0x00, 0x00,
    0x00, 0x00, 0x00, 0x05, 0xfe, 0xd9, 0x20, 0x00, 0x00, 0x00, 0x00, 0x00, 0x7f, 0xf9, 0x00, 0x00,
    0x00, 0x00, 0x00, 0x00, 0x00, 0x00, 0x00, 0x00, 0x00, 0x00, 0x00, 0x00, 0x00, 0x12, 0x21, 0x00,
    0x00, 0x00, 0x00, 0x00, 0x00, 0x00, 0x00, 0x00, 0x00, 0x00, 0x00, 0x00, 0x00, 0x00, 0x00, 0x00,
    0x00, 0x00, 0x00, 0x00, 0x00, 0x00, 0x00, 0x00, 0x00, 0x00, 0x00, 0x00, 0x00, 0x00, 0x00, 0x00,
    0x00, 0x00, 0x00, 0x00, 0x00, 0x00, 0x00, 0x00, 0x00, 0x24, 0x42, 0x00, 0x00, 0x03, 0x33, 0x00,
    0x00, 0x00, 0x00, 0x00, 0x00, 0x00, 0x00, 0x00, 0x00, 0x00, 0x7f, 0xf8, 0x00, 0x00, 0x0f, 0xff,
    0x00, 0x00, 0x00, 0x00, 0x00, 0x00, 0x00, 0x00, 0x00, 0x00, 0x00, 0x7f, 0xf8, 0x00, 0x00, 0x0f,
    0xff, 0x00, 0x00, 0x00, 0x00, 0x26, 0x00, 0x00, 0x00, 0x00, 0x00, 0x00, 0x7f, 0xf8, 0x00, 0x00,
    0x0f, 0xff, 0x00, 0x00, 0x01, 0x6b, 0xff, 0x90, 0x00, 0x00, 0x00, 0x00, 0x00, 0x7f, 0xf8, 0x00,
    0x00, 0x0f, 0xff, 0x00, 0x37, 0xbf, 0xff, 0xff, 0xf7, 0x00, 0x00, 0x00, 0x00, 0x00, 0x7f, 0xf8,
    0x00, 0x00, 0x0f, 0xff, 0xae, 0xff, 0xff, 0xff, 0xd8, 0x30, 0x00, 0x00, 0x00, 0x00, 0x00, 0x7f,
    0xf8, 0x00, 0x00, 0x0f, 0xff, 0xff, 0xff, 0xeb, 0x73, 0x00, 0x00, 0x00, 0x00, 0x00, 0x9c, 0xcc,
    0xdf, 0xfe, 0xcc, 0xc1, 0x0f, 0xff, 0xda, 0x63, 0x00, 0x00, 0x00, 0x06, 0x00, 0x00, 0x00, 0xbf,
    0xff, 0xff, 0xff, 0xff, 0xf1, 0x0f, 0xff, 0x00, 0x00, 0x00, 0x00, 0x00, 0x2f, 0xe7, 0x00, 0x00,
    0xbf, 0xff, 0xff, 0xff, 0xff, 0xf1, 0x0f, 0xff, 0x00, 0x00, 0x00, 0x00, 0x00, 0x4f, 0xf9, 0x00,
    0x00, 0x00, 0x00, 0x7f, 0xf8, 0x00, 0x00, 0x0e, 0xff, 0x20, 0x00, 0x00, 0x00, 0x00, 0x9f, 0xf7,
    0x00, 0x00, 0x00, 0x00, 0x7f, 0xf8, 0x00, 0x00, 0x0d, 0xff, 0xec, 0xbb, 0xbb, 0xbb, 0xbd, 0xff,
    0xf3, 0x00, 0x00, 0x00, 0x00, 0x7f, 0xf8, 0x00, 0x00, 0x06, 0xff, 0xff, 0xff, 0xff, 0xff, 0xff,
    0xff, 0xa0, 0x00, 0x00, 0x00, 0x00, 0x7f, 0xf8, 0x00, 0x00, 0x00, 0x5b, 0xef, 0xff, 0xff, 0xff,
    0xfe, 0xd8, 0x10, 0x00, 0x00, 0x00, 0x00, 0x7f, 0xf8, 0x00, 0x21, 0x00, 0x00, 0x00, 0x00, 0x00,
    0x00, 0x00, 0x00, 0x00, 0x00, 0x00, 0x00, 0x00, 0x7f, 0xfa, 0x8c, 0xf5, 0x00, 0x00, 0x00, 0x00,
    0x00, 0x00, 0x00, 0x00, 0x00, 0x00, 0x00, 0x00, 0x02, 0x9f, 0xff, 0xff, 0xf7, 0x08, 0x88, 0x88,
    0x88, 0x88, 0x88, 0x88, 0x88, 0x20, 0x00, 0x00, 0x59, 0xdf, 0xff, 0xff, 0xff, 0xd5, 0x0f, 0xff,
    0xff, 0xff, 0xff, 0xff, 0xff, 0xff, 0x40, 0x00, 0x00, 0xef, 0xff, 0xff, 0xfd, 0x73, 0x00, 0x0f,
    0xff, 0xff, 0xff, 0xff, 0xff, 0xff, 0xff, 0x40, 0x00, 0x00, 0xbf, 0xff, 0xdf, 0xf8, 0x00, 0x00,
    0x0f, 0xfc, 0x00, 0x00, 0x00, 0x00, 0x0b, 0xff, 0x40, 0x00, 0x00, 0x6a, 0x51, 0x7f, 0xf8, 0x00,
    0x00, 0x0f, 0xfc, 0x00, 0x00, 0x00, 0x00, 0x0b, 0xff, 0x40, 0x00, 0x00, 0x00, 0x00, 0x7f, 0xf8,
    0x00, 0x00, 0x0f, 0xfc, 0x00, 0x00, 0x00, 0x00, 0x0b, 0xff, 0x40, 0x00, 0x00, 0x00, 0x00, 0x7f,
    0xf8, 0x00, 0x00, 0x0f, 0xff, 0xff, 0xff, 0xff, 0xff, 0xff, 0xff, 0x40, 0x00, 0x00, 0x00, 0x00,
    0x7f, 0xf8, 0x00, 0x00, 0x0f, 0xff, 0xff, 0xff, 0xff, 0xff, 0xff, 0xff, 0x40, 0x00, 0x00, 0x00,
    0x00, 0x7f, 0xf8, 0x00, 0x00, 0x0f, 0xfd, 0x66, 0x66, 0x66, 0x66, 0x6c, 0xff, 0x40, 0x00, 0x00,
    0x00, 0x00, 0x7f, 0xf8, 0x00, 0x00, 0x0f, 0xfc, 0x00, 0x00, 0x00, 0x00, 0x0b, 0xff, 0x40, 0x00,
    0x00, 0x00, 0x00, 0x7f, 0xf8, 0x00, 0x00, 0x0f, 0xfc, 0x00, 0x00, 0x00, 0x00, 0x0b, 0xff, 0x40,
    0x00, 0x00, 0x00, 0x00, 0x7f, 0xf8, 0x00, 0x00, 0x0f, 0xfe, 0x66, 0x66, 0x66, 0x66, 0x6c, 0xff,
    0x40, 0x00, 0x00, 0x0b, 0xbb, 0xdf, 0xf7, 0x00, 0x00, 0x0f, 0xff, 0xff, 0xff, 0xff, 0xff, 0xff,
    0xff, 0x40, 0x00, 0x00, 0x0a, 0xff, 0xff, 0xf3, 0x00, 0x00, 0x0f, 0xff, 0xff, 0xff, 0xff, 0xff,
    0xff, 0xff, 0x40, 0x00, 0x00, 0x06, 0xff, 0xda, 0x40, 0x00, 0x00, 0x0f, 0xfc, 0x00, 0x00, 0x00,
    0x00, 0x0b, 0xff, 0x40, 0x00, 0x00, 0x00, 0x00, 0x00, 0x00, 0x00, 0x00, 0x06, 0x65, 0x00, 0x00,
    0x00, 0x00, 0x03, 0x44, 0x10, 0x00, 0x00, 0x00, 0x00, 0x00, 0x00, 0x00, 0x00, 0x00, 0x00, 0x00,
    0x00, 0x00, 0x00, 0x00, 0x00, 0x00, 0x00, 0x00, 0x00, 0x00, 0x00, 0x00, 0x00, 0x00, 0x00, 0x00,
    0x00, 0x00, 0x00, 0x00, 0x00, 0x00, 0x00, 0x00, 0x00, 0x00, 0x00, 0x34, 0x41, 0x00, 0x00, 0x00,
    0x00, 0x00, 0x13, 0x50, 0x00, 0x00, 0x00, 0x00, 0x00, 0x00, 0x00, 0x00, 0xaf, 0xf4, 0x00, 0x00,
    0x00, 0x00, 0x01, 0xff, 0xf1, 0x00, 0x00, 0x00, 0x00, 0x00, 0x00, 0x00, 0x00, 0xaf, 0xf4, 0x00,
    0x00, 0x00, 0x00, 0x00, 0xdf, 0xf5, 0x00, 0x00, 0x00, 0x00, 0x00, 0x00, 0x00, 0x00, 0xaf, 0xf4,
    0x00, 0x00, 0x00, 0x00, 0x00, 0x9f, 0xf9, 0x00, 0x00, 0x00, 0x00, 0x00, 0x00, 0x00, 0x00, 0xaf,
    0xf4, 0x00, 0x00, 0x00, 0x00, 0x00, 0x5f, 0xfe, 0x00, 0x00, 0x00, 0x00, 0x00, 0x00, 0x00, 0x00,
    0xaf, 0xf4, 0x00, 0x0b, 0xff, 0xff, 0xff, 0xff, 0xff, 0xff, 0xff, 0xff, 0xf5, 0x00, 0x00, 0x00,
    0x00, 0xaf, 0xf4, 0x00, 0x0b, 0xff, 0xff, 0xff, 0xff, 0xff, 0xff, 0xff, 0xff, 0xf5, 0x00, 0x00,
    0x9c, 0xcc, 0xef, 0xfd, 0xcc, 0x7b, 0xff, 0xaa, 0xaa, 0xaa, 0xaa, 0xaa, 0xaa, 0xdf, 0xf5, 0x00,
    0x00, 0xbf, 0xff, 0xff, 0xff, 0xff, 0x8b, 0xff, 0x10, 0x03, 0x31, 0x00, 0x00, 0x00, 0x8f, 0xf5,
    0x00, 0x00, 0xbf, 0xff, 0xff, 0xff, 0xff, 0x8b, 0xff, 0x10, 0x0c, 0xff, 0x50, 0x00, 0x00, 0x8f,
    0xf5, 0x00, 0x00, 0x00, 0x00, 0xaf, 0xf4, 0x00, 0x0b, 0xff, 0x10, 0x3f, 0xff, 0x10, 0x00, 0x00,
    0x8f, 0xf5, 0x00, 0x00, 0x00, 0x00, 0xaf, 0xf4, 0x00, 0x05, 0x77, 0x10, 0x8f, 0xfb, 0x00, 0x00,
    0x00, 0x47, 0x73, 0x00, 0x00, 0x00, 0x00, 0xaf, 0xf4, 0x00, 0x00, 0x00, 0x00, 0xdf, 0xf5, 0x00,
    0x00, 0x00, 0x00, 0x00, 0x00, 0x00, 0x00, 0x00, 0xaf, 0xf4, 0x00, 0x8b, 0xbb, 0xbb, 0xff, 0xfb,
    0xbb, 0xbb, 0xbb, 0xbb, 0xb9, 0x00, 0x00, 0x00, 0x00, 0xaf, 0xf4, 0x00, 0xbf, 0xff, 0xff, 0xff,
    0xff, 0xff, 0xff, 0xff, 0xff, 0xfc, 0x00, 0x00, 0x00, 0x00, 0xaf, 0xf4, 0x02, 0xcf, 0xff, 0xff,
    0xff, 0xff, 0xff, 0xff, 0xff, 0xff, 0xfc, 0x00, 0x00, 0x00, 0x00, 0xaf, 0xfb, 0xdf, 0xc0, 0x00,
    0x7f, 0xfc, 0x00, 0x00, 0x0b, 0xff, 0x80, 0x00, 0x00, 0x00, 0x00, 0x16, 0xdf, 0xff, 0xff, 0xf0,
    0x00, 0xdf, 0xf6, 0x00, 0x00, 0x1f, 0xff, 0x40, 0x00, 0x00, 0x01, 0x8c, 0xff, 0xff, 0xff, 0xfd,
    0x80, 0x05, 0xff, 0xe1, 0x00, 0x00, 0x5f, 0xff, 0x10, 0x00, 0x00, 0x00, 0xff, 0xff, 0xff, 0xf9,
    0x30, 0x00, 0x0c, 0xff, 0x80, 0x00, 0x00, 0x9f, 0xfa, 0x00, 0x00, 0x00, 0x00, 0xcf, 0xfc, 0xdf,
    0xf4, 0x00, 0x00, 0x5f, 0xff, 0x70, 0x00, 0x01, 0xef, 0xf5, 0x00, 0x00, 0x00, 0x00, 0x67, 0x20,
    0xaf, 0xf4, 0x00, 0x00, 0x8f, 0xff, 0xfc, 0x40, 0x09, 0xff, 0xd0, 0x00, 0x00, 0x00, 0x00, 0x00,
    0x00, 0xaf, 0xf4, 0x00, 0x00, 0x04, 0xcf, 0xff, 0xfb, 0x5f, 0xff, 0x40, 0x00, 0x00, 0x00, 0x00,
    0x00, 0x00, 0xaf, 0xf4, 0x00, 0x00, 0x00, 0x05, 0xdf, 0xff, 0xff, 0xfb, 0x00, 0x00, 0x00, 0x00,
    0x00, 0x00, 0x00, 0xaf, 0xf4, 0x00, 0x00, 0x00, 0x00, 0x17, 0xef, 0xff, 0xf8, 0x00, 0x00, 0x00,
    0x00, 0x00, 0x00, 0x00, 0xaf, 0xf4, 0x00, 0x00, 0x00, 0x00, 0x04, 0xdf, 0xff, 0xff, 0xc3, 0x00,
    0x00, 0x00, 0x00, 0x00, 0x00, 0xaf, 0xf4, 0x00, 0x00, 0x00, 0x03, 0xaf, 0xff, 0xfd, 0xff, 0xff,
    0x80, 0x00, 0x00, 0x00, 0x00, 0x00, 0xaf, 0xf4, 0x00, 0x00, 0x16, 0xbf, 0xff, 0xfd, 0x31, 0x8f,
    0xff, 0xfc, 0x30, 0x00, 0x00, 0x2b, 0xbb, 0xef, 0xf3, 0x00, 0x5c, 0xff, 0xff, 0xfe, 0x81, 0x00,
    0x03, 0xdf, 0xff, 0xf5, 0x00, 0x00, 0x0d, 0xff, 0xff, 0xd0, 0x00, 0x1e, 0xff, 0xfd, 0x81, 0x00,
    0x00, 0x00, 0x09, 0xff, 0xd2, 0x00, 0x00, 0x09, 0xfe, 0xd9, 0x20, 0x00, 0x07, 0xd9, 0x40, 0x00,
    0x00, 0x00, 0x00, 0x00, 0x5d, 0x20, 0x00, 0x00, 0x00, 0x00, 0x00, 0x00, 0x00, 0x00, 0x00, 0x00,
    0x00, 0x00, 0x00, 0x00, 0x00, 0x00, 0x00, 0x00, 0x00, 0x00, 0x00, 0x00, 0x00, 0x00, 0x00, 0x00,
    0x00, 0x00, 0x00, 0x00, 0x00, 0x00, 0x00, 0x00, 0x00, 0x00, 0x00, 0x00, 0x00, 0x00, 0x00, 0x00,
    0x00, 0x00, 0x00, 0x00, 0x00, 0x00, 0x00, 0x00, 0x00, 0x00, 0x00, 0x00, 0x01, 0x44, 0x20, 0x00,
    0x00, 0x00, 0x00, 0x00, 0x00, 0x00, 0x00, 0x00, 0x00, 0x00, 0x00, 0x00, 0x00, 0x03, 0xff, 0x90,
    0x00, 0x00, 0x00, 0x00, 0x08, 0xce, 0x30, 0x00, 0x00, 0x00, 0x00, 0x00, 0x00, 0x00, 0x03, 0xff,
    0x90, 0x00, 0x00, 0x00, 0x00, 0x06, 0xff, 0xa0, 0x00, 0x00, 0x00, 0x00, 0x00, 0x00, 0x00, 0x03,
    0xff, 0x90, 0x00, 0x00, 0x00, 0x00, 0x00, 0xdf, 0xf3, 0x00, 0x00, 0x00, 0x00, 0x00, 0x00, 0x00,
    0x03, 0xff, 0x90, 0x00, 0x0b, 0xff, 0xff, 0xff, 0xff, 0xff, 0xff, 0xff, 0xff, 0xc0, 0x00, 0x00,
    0x00, 0x03, 0xff, 0x90, 0x00, 0x0b, 0xff, 0xff, 0xff, 0xff, 0xff, 0xff, 0xff, 0xff, 0xc0, 0x00,
    0x00, 0x00, 0x03, 0xff, 0x90, 0x00, 0x07, 0x99, 0x9c, 0x99, 0x99, 0x99, 0x9b, 0x99, 0x99, 0x70,
    0x00, 0x00, 0x9c, 0xcd, 0xff, 0xec, 0xc7, 0x00, 0x03, 0xcf, 0x50, 0x00, 0x00, 0x1e, 0xe9, 0x00,
    0x00, 0x00, 0x00, 0xbf, 0xff, 0xff, 0xff, 0xf9, 0x00, 0x01, 0xef, 0xe1, 0x00, 0x00, 0x8f, 0xf8,
    0x00, 0x00, 0x00, 0x00, 0xbf, 0xff, 0xff, 0xff, 0xf9, 0x00, 0x00, 0x6f, 0xf8, 0x00, 0x01, 0xef,
    0xd1, 0x00, 0x00, 0x00, 0x00, 0x00, 0x03, 0xff, 0x90, 0x00, 0x00, 0x00, 0x0d, 0xfa, 0x00, 0x09,
    0xff, 0x50, 0x00, 0x00, 0x00, 0x00, 0x00, 0x03, 0xff, 0x90, 0x00, 0x79, 0x99, 0x9d, 0xc9, 0x99,
    0x9f, 0xff, 0x99, 0x99, 0x95, 0x00, 0x00, 0x00, 0x03, 0xff, 0x90, 0x00, 0xcf, 0xff, 0xff, 0xff,
    0xff, 0xff, 0xff, 0xff, 0xff, 0xf8, 0x00, 0x00, 0x00, 0x03, 0xff, 0x90, 0x00, 0xcf, 0xff, 0xff,
    0xff, 0xff, 0xff, 0xff, 0xff, 0xff, 0xf8, 0x00, 0x00, 0x00, 0x03, 0xff, 0x90, 0x00, 0x00, 0x00,
    0x00, 0x0d, 0xb8, 0x00, 0x00, 0x00, 0x00, 0x00, 0x00, 0x00, 0x00, 0x03, 0xff, 0xb8, 0xd5, 0x00,
    0x00, 0x00, 0x6f, 0xfa, 0x00, 0x00, 0x00, 0x00, 0x00, 0x00, 0x00, 0x00, 0x16, 0xff, 0xff, 0xf7,
    0x00, 0x00, 0x00, 0xcf, 0xf3, 0x00, 0x00, 0x00, 0x00, 0x00, 0x00, 0x01, 0x7b, 0xff, 0xff, 0xff,
    0xfa, 0x88, 0x88, 0x89, 0xff, 0xe8, 0x88, 0x88, 0x88, 0x88, 0x87, 0x00, 0x01, 0xff, 0xff, 0xff,
    0xd7, 0x24, 0xff, 0xff, 0xff, 0xff, 0xff, 0xff, 0xff, 0xff, 0xff, 0xfe, 0x00, 0x00, 0xcf, 0xfc,
    0xff, 0x90, 0x04, 0xff, 0xff, 0xff, 0xff, 0xff, 0xff, 0xff, 0xff, 0xff, 0xfe, 0x00, 0x00, 0x55,
    0x13, 0xff, 0x90, 0x00, 0x00, 0x02, 0xef, 0xe2, 0x00, 0x00, 0x2f, 0xfe, 0x00, 0x00, 0x00, 0x00,
    0x00, 0x03, 0xff, 0x90, 0x00, 0x00, 0x0a, 0xff, 0x70, 0x00, 0x00, 0x8f, 0xf9, 0x00, 0x00, 0x00,
    0x00, 0x00, 0x03, 0xff, 0x90, 0x00, 0x00, 0x5f, 0xfe, 0x10, 0x00, 0x01, 0xef, 0xf4, 0x00, 0x00,
    0x00, 0x00, 0x00, 0x03, 0xff, 0x90, 0x00, 0x02, 0xef, 0xff, 0xe9, 0x40, 0x0a, 0xff, 0xc0, 0x00,
    0x00, 0x00, 0x00, 0x00, 0x03, 0xff, 0x90, 0x00, 0x01, 0x6b, 0xff, 0xff, 0xfd, 0xaf, 0xff, 0x20,
    0x00, 0x00, 0x00, 0x00, 0x00, 0x03, 0xff, 0x90, 0x00, 0x00, 0x00, 0x28, 0xdf, 0xff, 0xff, 0xf8,
    0x00, 0x00, 0x00, 0x00, 0x00, 0x00, 0x03, 0xff, 0x90, 0x00, 0x00, 0x00, 0x00, 0x1a, 0xff, 0xff,
    0xff, 0xa2, 0x00, 0x00, 0x00, 0x00, 0x00, 0x03, 0xff, 0x90, 0x00, 0x00, 0x02, 0x5a, 0xef, 0xff,
    0xee, 0xff, 0xff, 0x91, 0x00, 0x00, 0x00, 0x3c, 0xcd, 0xff, 0x80, 0x05, 0x9b, 0xef, 0xff, 0xff,
    0xf9, 0x11, 0x8f, 0xff, 0xfe, 0x70, 0x00, 0x00, 0x0e, 0xff, 0xff, 0x40, 0x03, 0xff, 0xff, 0xff,
    0xc6, 0x10, 0x00, 0x01, 0x9f, 0xff, 0x90, 0x00, 0x00, 0x0a, 0xee, 0xb5, 0x00, 0x00, 0xce, 0xb8,
    0x51, 0x00, 0x00, 0x00, 0x00, 0x03, 0xcb, 0x00, 0x00, 0x00, 0x00, 0x00, 0x00, 0x00, 0x00, 0x00,
    0x00, 0x00, 0x00, 0x00, 0x00, 0x00, 0x00, 0x01, 0x00, 0x00, 0x00, 0x00, 0x00, 0x00, 0x00, 0x00,
    0x00, 0x00, 0x00, 0x00, 0x00, 0x00, 0x00, 0x00, 0x00, 0x00, 0x00, 0x00, 0x00, 0x00, 0x00, 0x00,
    0x00, 0x00, 0x00, 0x00, 0x00, 0x00, 0x00, 0x00, 0x00, 0x00, 0x00, 0x00, 0x00, 0x00, 0x00, 0x55,
    0x30, 0x00, 0x00, 0x00, 0x00, 0x00, 0x03, 0x20, 0x00, 0x00, 0x00, 0x00, 0x00, 0x00, 0x00, 0x01,
    0xff, 0xb0, 0x00, 0x00, 0x00, 0x00, 0x05, 0xef, 0xb0, 0x00, 0x00, 0x00, 0x00, 0x00, 0x00, 0x00,
    0x01, 0xff, 0xb0, 0x00, 0x00, 0x00, 0x00, 0x01, 0xef, 0xf2, 0x00, 0x00, 0x00, 0x00, 0x00, 0x00,
    0x00, 0x01, 0xff, 0xb0, 0x00, 0x00, 0x00, 0x00, 0x00, 0x9f, 0xf9, 0x00, 0x00, 0x00, 0x00, 0x00,
    0x00, 0x00, 0x01, 0xff, 0xb0, 0x00, 0x39, 0x99, 0x99, 0x99, 0xbf, 0xfe, 0x99, 0x99, 0x99, 0x95,
    0x00, 0x00, 0x00, 0x01, 0xff, 0xb0, 0x00, 0x6f, 0xff, 0xff, 0xff, 0xff, 0xff, 0xff, 0xff, 0xff,
    0xf8, 0x00, 0x00, 0x00, 0x01, 0xff, 0xb0, 0x00, 0x6f, 0xff, 0xff, 0xff, 0xff, 0xff, 0xff, 0xff,
    0xff, 0xf8, 0x00, 0x00, 0xbf, 0xff, 0xff, 0xff, 0xfc, 0x6f, 0xf5, 0x00, 0x00, 0x00, 0x00, 0x00,
    0x00, 0x5f, 0xf8, 0x00, 0x00, 0xbf, 0xff, 0xff, 0xff, 0xfc, 0x6f, 0xf5, 0x00, 0x00, 0x00, 0x00,
    0x00, 0x00, 0x5f, 0xf8, 0x00, 0x00, 0x9c, 0xcd, 0xff, 0xec, 0xca, 0x6f, 0xf5, 0x00, 0xa9, 0x30,
    0x01, 0xb5, 0x00, 0x5f, 0xf8, 0x00, 0x00, 0x00, 0x01, 0xff, 0xb0, 0x00, 0x25, 0x52, 0x08, 0xff,
    0xd1, 0x0b, 0xff, 0x70, 0x01, 0x11, 0x00, 0x00, 0x00, 0x01, 0xff, 0xb0, 0x00, 0x00, 0x00, 0x8f,
    0xfe, 0x30, 0x05, 0xff, 0xf9, 0x00, 0x00, 0x00, 0x00, 0x00, 0x01, 0xff, 0xb0, 0x00, 0x00, 0x09,
    0xff, 0xf5, 0x00, 0x00, 0x4e, 0xff, 0xa1, 0x00, 0x00, 0x00, 0x00, 0x01, 0xff, 0xb0, 0x00, 0x02,
    0xcf, 0xff, 0x60, 0x00, 0x00, 0x03, 0xef, 0xfb, 0x10, 0x00, 0x00, 0x00, 0x01, 0xff, 0xb0, 0x00,
    0x1e, 0xff, 0xf6, 0x00, 0x00, 0x00, 0x00, 0x3e, 0xff, 0xa0, 0x00, 0x00, 0x00, 0x01, 0xff, 0xb0,
    0x45, 0x08, 0xff, 0x50, 0x00, 0x00, 0x00, 0x00, 0x03, 0xee, 0x30, 0x00, 0x00, 0x00, 0x01, 0xff,
    0xed, 0xfb, 0x00, 0xb3, 0x00, 0x00, 0x00, 0x00, 0x00, 0x00, 0x33, 0x00, 0x00, 0x00, 0x00, 0x38,
    0xff, 0xff, 0xfe, 0x00, 0xaa, 0xaa, 0xaa, 0xaa, 0xaa, 0xaa, 0xaa, 0xa6, 0x00, 0x00, 0x00, 0x9d,
    0xff, 0xff, 0xff, 0xa5, 0x00, 0xef, 0xff, 0xff, 0xff, 0xff, 0xff, 0xff, 0xf9, 0x00, 0x00, 0x00,
    0xdf, 0xff, 0xff, 0xc1, 0x00, 0x00, 0xef, 0xff, 0xff, 0xff, 0xff, 0xff, 0xff, 0xf9, 0x00, 0x00,
    0x00, 0xaf, 0xd8, 0xff, 0xb0, 0x00, 0x00, 0x00, 0x00, 0x00, 0xbf, 0xf5, 0x00, 0x00, 0x00, 0x00,
    0x00, 0x00, 0x43, 0x01, 0xff, 0xb0, 0x00, 0x00, 0x00, 0x00, 0x00, 0xbf, 0xf5, 0x00, 0x00, 0x00,
    0x00, 0x00, 0x00, 0x00, 0x01, 0xff, 0xb0, 0x00, 0x00, 0x00, 0x00, 0x00, 0xbf, 0xf5, 0x00, 0x00,
    0x00, 0x00, 0x00, 0x00, 0x00, 0x01, 0xff, 0xb0, 0x00, 0x00, 0x00, 0x00, 0x00, 0xbf, 0xf5, 0x00,
    0x00, 0x00, 0x00, 0x00, 0x00, 0x00, 0x01, 0xff, 0xb0, 0x00, 0x00, 0x00, 0x00, 0x00, 0xbf, 0xf5,
    0x00, 0x00, 0x00, 0x00, 0x00, 0x00, 0x00, 0x01, 0xff, 0xb0, 0x00, 0x00, 0x00, 0x00, 0x00, 0xbf,
    0xf5, 0x00, 0x00, 0x00, 0x00, 0x00, 0x00, 0x00, 0x01, 0xff, 0xb0, 0x00, 0x00, 0x00, 0x00, 0x00,
    0xbf, 0xf5, 0x00, 0x00, 0x00, 0x00, 0x00, 0x00, 0x00, 0x02, 0xff, 0xa0, 0x05, 0xaa, 0xaa, 0xaa,
    0xaa, 0xef, 0xfb, 0xaa, 0xaa, 0xaa, 0xa9, 0x00, 0x00, 0x4f, 0xff, 0xff, 0x90, 0x07, 0xff, 0xff,
    0xff, 0xff, 0xff, 0xff, 0xff, 0xff, 0xff, 0xfe, 0x00, 0x00, 0x0e, 0xff, 0xfe, 0x30, 0x07, 0xff,
    0xff, 0xff, 0xff, 0xff, 0xff, 0xff, 0xff, 0xff, 0xfe, 0x00, 0x00, 0x09, 0xbb, 0x83, 0x00, 0x00,
    0x00, 0x00, 0x00, 0x00, 0x00, 0x00, 0x00, 0x00, 0x00, 0x00, 0x00, 0x00, 0x00, 0x00, 0x00, 0x00,
    0x00, 0x00, 0x00, 0x00, 0x00, 0x00, 0x00, 0x00, 0x00, 0x00, 0x00, 0x00, 0x00, 0x00, 0x00, 0x00,
    0x00, 0x00, 0x00, 0x00, 0x00, 0x00, 0x00, 0x00, 0x00, 0x00, 0x00, 0x00, 0x00, 0x00, 0x00, 0x00,
    0x44, 0x30, 0x00, 0x00, 0x00, 0x24, 0x42, 0x00, 0x00, 0x24, 0x42, 0x00, 0x00, 0x00, 0x00, 0x00,
    0x02, 0xff, 0xa0, 0x00, 0x00, 0x00, 0x6f, 0xf7, 0x00, 0x00, 0x6f, 0xf8, 0x00, 0x00, 0x00, 0x00,
    0x00, 0x02, 0xff, 0xa0, 0x00, 0x00, 0x00, 0x6f, 0xf7, 0x00, 0x00, 0x6f, 0xf8, 0x00, 0x00, 0x00,
    0x00, 0x00, 0x02, 0xff, 0xa0, 0x00, 0x00, 0x00, 0x6f, 0xf7, 0x00, 0x00, 0x6f, 0xf8, 0x00, 0x00,
    0x00, 0x00, 0x00, 0x02, 0xff, 0xa0, 0x00, 0x00, 0x00, 0x6f, 0xf7, 0x00, 0x00, 0x6f, 0xf8, 0x00,
    0x00, 0x00, 0x00, 0x00, 0x02, 0xff, 0xa0, 0x00, 0x6b, 0xbb, 0xdf, 0xfd, 0xbb, 0xbb, 0xdf, 0xfd,
    0xbb, 0xb6, 0x00, 0x00, 0x00, 0x02, 0xff, 0xa0, 0x00, 0x8f, 0xff, 0xff, 0xff, 0xff, 0xff, 0xff,
    0xff, 0xff, 0xf8, 0x00, 0x00, 0x9c, 0xcd, 0xff, 0xed, 0xdc, 0x8f, 0xff, 0xff, 0xff, 0xff, 0xff,
    0xff, 0xff, 0xff, 0xf8, 0x00, 0x00, 0xbf, 0xff, 0xff, 0xff, 0xfd, 0x00, 0x00, 0x6f, 0xf7, 0x00,
    0x00, 0x6f, 0xf8, 0x00, 0x00, 0x00, 0x00, 0xbf, 0xff, 0xff, 0xff, 0xfd, 0x00, 0x00, 0x6f, 0xf7,
    0x00, 0x00, 0x6f, 0xf8, 0x00, 0x00, 0x00, 0x00, 0x00, 0x02, 0xff, 0xa0, 0x00, 0x00, 0x00, 0x6f,
    0xf7, 0x00, 0x00, 0x6f, 0xf8, 0x00, 0x00, 0x00, 0x00, 0x00, 0x02, 0xff, 0xa0, 0x00, 0x00, 0x00,
    0x6f, 0xf7, 0x00, 0x00, 0x6f, 0xf8, 0x00, 0x00, 0x00, 0x00, 0x00, 0x02, 0xff, 0xa0, 0x00, 0x00,
    0x00, 0x01, 0x11, 0x00, 0x00, 0x01, 0x11, 0x00, 0x00, 0x00, 0x00, 0x00, 0x02, 0xff, 0xa0, 0x00,
    0x03, 0xaa, 0xaa, 0xaa, 0xaa, 0xaa, 0xaa, 0xaa, 0xaa, 0x50, 0x00, 0x00, 0x00, 0x02, 0xff, 0xa0,
    0x00, 0x04, 0xff, 0xff, 0xff, 0xff, 0xff, 0xff, 0xff, 0xff, 0x70, 0x00, 0x00, 0x00, 0x02, 0xff,
    0xb7, 0xbc, 0x04, 0xff, 0xff, 0xff, 0xff, 0xff, 0xff, 0xff, 0xff, 0x70, 0x00, 0x00, 0x00, 0x03,
    0xff, 0xff, 0xfe, 0x04, 0xff, 0x70, 0x00, 0x5f, 0xf5, 0x00, 0x06, 0xff, 0x70, 0x00, 0x00, 0x49,
    0xdf, 0xff, 0xff, 0xfd, 0x04, 0xff, 0x70, 0x00, 0x5f, 0xf5, 0x00, 0x06, 0xff, 0x70, 0x00, 0x01,
    0xff, 0xff, 0xff, 0xe9, 0x40, 0x04, 0xff, 0x70, 0x00, 0x5f, 0xf5, 0x00, 0x06, 0xff, 0x70, 0x00,
    0x00, 0xdf, 0xff, 0xff, 0xa0, 0x00, 0x04, 0xff, 0x70, 0x00, 0x5f, 0xf5, 0x00, 0x06, 0xff, 0x70,
    0x00, 0x00, 0x89, 0x52, 0xff, 0xa0, 0x00, 0x04, 0xff, 0xff, 0xff, 0xff, 0xff, 0xff, 0xff, 0xff,
    0x70, 0x00, 0x00, 0x00, 0x02, 0xff, 0xa0, 0x00, 0x04, 0xff, 0xff, 0xff, 0xff, 0xff, 0xff, 0xff,
    0xff, 0x70, 0x00, 0x00, 0x00, 0x02, 0xff, 0xa0, 0x00, 0x04, 0xff, 0xc9, 0x99, 0xbf, 0xfb, 0x99,
    0x9b, 0xff, 0x70, 0x00, 0x00, 0x00, 0x02, 0xff, 0xa0, 0x00, 0x04, 0xff, 0x70, 0x00, 0x5f, 0xf5,
    0x00, 0x06, 0xff, 0x70, 0x00, 0x00, 0x00, 0x02, 0xff, 0xa0, 0x00, 0x04, 0xff, 0x70, 0x00, 0x5f,
    0xf5, 0x00, 0x06, 0xff, 0x70, 0x00, 0x00, 0x00, 0x02, 0xff, 0xa0, 0x00, 0x04, 0xff, 0x70, 0x00,
    0x5f, 0xf5, 0x00, 0x06, 0xff, 0x70, 0x00, 0x00, 0x00, 0x02, 0xff, 0xa0, 0x00, 0x04, 0xff, 0x70,
    0x00, 0x5f, 0xf5, 0x00, 0x06, 0xff, 0x70, 0x00, 0x00, 0x00, 0x02, 0xff, 0xa0, 0x00, 0x04, 0xff,
    0xff, 0xff, 0xff, 0xff, 0xff, 0xff, 0xff, 0x70, 0x00, 0x00, 0x4b, 0xbc, 0xff, 0x90, 0x00, 0x04,
    0xff, 0xff, 0xff, 0xff, 0xff, 0xff, 0xff, 0xff, 0x70, 0x00, 0x00, 0x1f, 0xff, 0xff, 0x50, 0x00,
    0x04, 0xff, 0xca, 0xaa, 0xaa, 0xaa, 0xaa, 0xac, 0xff, 0x70, 0x00, 0x00, 0x0c, 0xfe, 0xb6, 0x00,
    0x00, 0x04, 0xff, 0x70, 0x00, 0x00, 0x00, 0x00, 0x06, 0xff, 0x70, 0x00, 0x00, 0x00, 0x00, 0x00,
    0x00, 0x00, 0x01, 0x44, 0x20, 0x00, 0x00, 0x00, 0x00, 0x01, 0x22, 0x10, 0x00, 0x00, 0x00, 0x00,
    0x00, 0x00, 0x00, 0x00, 0x00, 0x00, 0x00, 0x00, 0x00, 0x00, 0x00, 0x00, 0x00, 0x00, 0x00, 0x00,
    0x00, 0x00, 0x00, 0x00, 0x00, 0x00, 0x00, 0x00, 0x00, 0x00, 0x00, 0x00, 0x00, 0x00, 0x00, 0x00,
    0x00, 0x00, 0x33, 0x30, 0x00, 0x00, 0x00, 0x00, 0x00, 0x24, 0x40, 0x00, 0x00, 0x00, 0x00, 0x00,
    0x00, 0x00, 0x00, 0xff, 0xd0, 0x00, 0x00, 0x00, 0x00, 0x00, 0x9f, 0xf2, 0x00, 0x00, 0x00, 0x00,
    0x00, 0x00, 0x00, 0x00, 0xff, 0xd0, 0x00, 0x00, 0x00, 0x06, 0xd2, 0x9f, 0xf2, 0x00, 0x00, 0x00,
    0x00, 0x00, 0x00, 0x00, 0x00, 0xff, 0xd0, 0x00, 0x00, 0x16, 0xdf, 0xfd, 0xbf, 0xf2, 0x56, 0x66,
    0x66, 0x30, 0x00, 0x00, 0x00, 0x00, 0xff, 0xd0, 0x00, 0x06, 0xef, 0xff, 0xe8, 0xaf, 0xf2, 0xbf,
    0xff, 0xff, 0x70, 0x00, 0x00, 0x00, 0x00, 0xff, 0xd0, 0x00, 0x09, 0xff, 0xc6, 0x10, 0x9f, 0xf2,
    0xbf, 0xff, 0xff, 0x70, 0x00, 0x00, 0x00, 0x00, 0xff, 0xd0, 0x00, 0x09, 0xff, 0x00, 0x00, 0x9f,
    0xf2, 0x00, 0x03, 0xff, 0x70, 0x00, 0x00, 0x8c, 0xcc, 0xff, 0xfc, 0xcb, 0x09, 0xff, 0x00, 0x00,
    0x9f, 0xf2, 0x00, 0x03, 0xff, 0x70, 0x00, 0x00, 0xaf, 0xff, 0xff, 0xff, 0xfe, 0x09, 0xff, 0x33,
    0x30, 0x9f, 0xf2, 0x23, 0x36, 0xff, 0x70, 0x00, 0x00, 0xaf, 0xff, 0xff, 0xff, 0xfe, 0x09, 0xff,
    0xff, 0xf2, 0x9f, 0xf2, 0x9f, 0xff, 0xff, 0x70, 0x00, 0x00, 0x00, 0x00, 0xff, 0xd0, 0x00, 0x09,
    0xff, 0xff, 0xf2, 0x9f, 0xf2, 0x9f, 0xff, 0xff, 0x70, 0x00, 0x00, 0x00, 0x00, 0xff, 0xd0, 0x00,
    0x09, 0xff, 0x00, 0x00, 0x9f, 0xf2, 0x00, 0x03, 0xff, 0x70, 0x00, 0x00, 0x00, 0x00, 0xff, 0xd0,
    0x00, 0x09, 0xff, 0x00, 0x00, 0x9f, 0xf2, 0x00, 0x03, 0xff, 0x70, 0x00, 0x00, 0x00, 0x00, 0xff,
    0xd0, 0x00, 0x09, 0xff, 0x76, 0x66, 0xbf, 0xf7, 0x66, 0x68, 0xff, 0x70, 0x00, 0x00, 0x00, 0x00,
    0xff, 0xd0, 0x03, 0x09, 0xff, 0xff, 0xff, 0xff, 0xff, 0xff, 0xff, 0xff, 0x70, 0x00, 0x00, 0x00,
    0x00, 0xff, 0xe8, 0xde, 0x09, 0xff, 0xff, 0xff, 0xff, 0xff, 0xff, 0xff, 0xff, 0x70, 0x00, 0x00,
    0x00, 0x02, 0xff, 0xff, 0xff, 0x20, 0x00, 0x00, 0x00, 0x9f, 0xf2, 0x00, 0x00, 0x00, 0x00, 0x00,
    0x00, 0x15, 0xbf, 0xff, 0xff, 0xfc, 0x20, 0x00, 0x00, 0x00, 0x9f, 0xf2, 0x00, 0x00, 0x00, 0x00,
    0x00, 0x00, 0xcf, 0xff, 0xff, 0xf9, 0x30, 0x00, 0x00, 0x00, 0x00, 0x9f, 0xf2, 0x00, 0x00, 0x00,
    0x00, 0x00, 0x00, 0x9f, 0xff, 0xff, 0xd0, 0x00, 0x0d, 0xff, 0xff, 0xff, 0xff, 0xff, 0xff, 0xff,
    0xfa, 0x20, 0x00, 0x00, 0x5d, 0x72, 0xff, 0xd0, 0x00, 0x0d, 0xff, 0xff, 0xff, 0xff, 0xff, 0xff,
    0xff, 0xfe, 0x10, 0x00, 0x00, 0x00, 0x00, 0xff, 0xd0, 0x00, 0x07, 0xcf, 0xfb, 0x88, 0x88, 0x88,
    0x88, 0xef, 0xf7, 0x00, 0x00, 0x00, 0x00, 0x00, 0xff, 0xd0, 0x00, 0x00, 0x3f, 0xfe, 0x30, 0x00,
    0x00, 0x09, 0xff, 0xc0, 0x00, 0x00, 0x00, 0x00, 0x00, 0xff, 0xd0, 0x00, 0x00, 0x05, 0xff, 0xe4,
    0x00, 0x00, 0x8f, 0xfe, 0x20, 0x00, 0x00, 0x00, 0x00, 0x00, 0xff, 0xd0, 0x00, 0x00, 0x00, 0x7f,
    0xff, 0x91, 0x2b, 0xff, 0xd2, 0x00, 0x00, 0x00, 0x00, 0x00, 0x00, 0xff, 0xd0, 0x00, 0x00, 0x00,
    0x05, 0xef, 0xfd, 0xef, 0xfc, 0x10, 0x00, 0x00, 0x00, 0x00, 0x00, 0x00, 0xff, 0xd0, 0x00, 0x00,
    0x00, 0x00, 0x5f, 0xff, 0xff, 0xe2, 0x00, 0x00, 0x00, 0x00, 0x00, 0x00, 0x01, 0xff, 0xd0, 0x00,
    0x00, 0x03, 0x8d, 0xff, 0xff, 0xff, 0xff, 0xb6, 0x20, 0x00, 0x00, 0x00, 0x1d, 0xde, 0xff, 0xb0,
    0x16, 0x9c, 0xff, 0xff, 0xff, 0xc6, 0x8e, 0xff, 0xff, 0xfe, 0xb7, 0x00, 0x00, 0x0a, 0xff, 0xff,
    0x70, 0x0b, 0xff, 0xff, 0xfe, 0x82, 0x00, 0x00, 0x5b, 0xff, 0xff, 0xf4, 0x00, 0x00, 0x07, 0xee,
    0xc7, 0x00, 0x04, 0xfd, 0xa6, 0x30, 0x00, 0x00, 0x00, 0x00, 0x15, 0x9c, 0x80, 0x00, 0x00, 0x00,
    0x00, 0x00, 0x00, 0x00, 0x10, 0x00, 0x00, 0x00, 0x00, 0x00, 0x00, 0x00, 0x00, 0x00, 0x00, 0x00,
    0x00, 0x00, 0x00, 0x00, 0x00, 0x00, 0x00, 0x00, 0x00, 0x00, 0x00, 0x00, 0x00, 0x00, 0x00, 0x00,
    0x00, 0x00, 0x00, 0x00, 0x00, 0x00, 0x00, 0x00, 0x00, 0x00, 0x00, 0x00, 0x00, 0x00, 0x00, 0x00,
    0x00, 0x00, 0x00, 0x00, 0x44, 0x30, 0x00, 0x00, 0x00, 0x00, 0x00, 0x00, 0x00, 0x00, 0x00, 0x00,
    0x00, 0x00, 0x00, 0x00, 0x00, 0xff, 0xc0, 0x00, 0x00, 0x00, 0x00, 0x00, 0x00, 0x13, 0x58, 0xad,
    0xd1, 0x00, 0x00, 0x00, 0x00, 0x00, 0xff, 0xc0, 0x00, 0x24, 0x67, 0x89, 0xac, 0xde, 0xff, 0xff,
    0xff, 0xf9, 0x00, 0x00, 0x00, 0x00, 0x00, 0xff, 0xc0, 0x00, 0x6f, 0xff, 0xff, 0xff, 0xff, 0xff,
    0xff, 0xdb, 0x85, 0x00, 0x00, 0x00, 0x00, 0x00, 0xff, 0xc0, 0x00, 0x1f, 0xed, 0xcb, 0xaa, 0xef,
    0xe4, 0x20, 0x56, 0x20, 0x00, 0x00, 0x00, 0x00, 0x00, 0xff, 0xc0, 0x00, 0x00, 0x4a, 0xe2, 0x00,
    0xcf, 0xe0, 0x00, 0xcf, 0xe1, 0x00, 0x00, 0x00, 0x00, 0x00, 0xff, 0xc0, 0x00, 0x00, 0x3f, 0xf9,
    0x00, 0xcf, 0xe0, 0x04, 0xff, 0x80, 0x00, 0x00, 0x00, 0x9c, 0xcc, 0xff, 0xec, 0xcc, 0x00, 0x0b,
    0xff, 0x20, 0xcf, 0xe0, 0x0b, 0xfe, 0x10, 0x00, 0x00, 0x00, 0xbf, 0xff, 0xff, 0xff, 0xff, 0x00,
    0x05, 0xea, 0x30, 0xcf, 0xe0, 0x4f, 0xf6, 0x00, 0x00, 0x00, 0x00, 0xbf, 0xff, 0xff, 0xff, 0xff,
    0xdf, 0xff, 0xff, 0xff, 0xff, 0xff, 0xff, 0xff, 0xff, 0xf5, 0x00, 0x00, 0x00, 0x00, 0xff, 0xc0,
    0x00, 0xdf, 0xff, 0xff, 0xff, 0xff, 0xff, 0xff, 0xff, 0xff, 0xf5, 0x00, 0x00, 0x00, 0x00, 0xff,
    0xc0, 0x00, 0x67, 0x77, 0x79, 0xff, 0xff, 0xff, 0xfc, 0x77, 0x77, 0x73, 0x00, 0x00, 0x00, 0x00,
    0xff, 0xc0, 0x00, 0x00, 0x00, 0x2e, 0xff, 0xef, 0xfd, 0xff, 0x50, 0x00, 0x00, 0x00, 0x00, 0x00,
    0x00, 0xff, 0xc0, 0x00, 0x00, 0x02, 0xdf, 0xf7, 0xcf, 0xe3, 0xef, 0xf6, 0x00, 0x00, 0x00, 0x00,
    0x00, 0x00, 0xff, 0xc0, 0x44, 0x00, 0x4d, 0xff, 0x90, 0xcf, 0xe0, 0x3e, 0xff, 0x91, 0x00, 0x00,
    0x00, 0x00, 0x00, 0xff, 0xed, 0xfa, 0x19, 0xff, 0xfa, 0x00, 0xcf, 0xe0, 0x04, 0xef, 0xfd, 0x40,
    0x00, 0x00, 0x00, 0x39, 0xff, 0xff, 0xfe, 0xdf, 0xff, 0x70, 0x00, 0xcf, 0xe0, 0x00, 0x2c, 0xff,
    0xfb, 0x10, 0x01, 0x9d, 0xff, 0xff, 0xff, 0xdd, 0xff, 0xd3, 0x00, 0x00, 0x56, 0x50, 0x00, 0x00,
    0x8f, 0xf8, 0x00, 0x01, 0xff, 0xff, 0xff, 0xd3, 0x03, 0xfd, 0xff, 0xff, 0xff, 0xff, 0xff, 0xff,
    0xff, 0xfe, 0xb0, 0x00, 0x00, 0xdf, 0xc7, 0xff, 0xc0, 0x00, 0x23, 0xff, 0xff, 0xff, 0xff, 0xff,
    0xff, 0xff, 0xfb, 0x00, 0x00, 0x00, 0x53, 0x00, 0xff, 0xc0, 0x00, 0x03, 0xff, 0x94, 0x44, 0xdf,
    0xd4, 0x44, 0x4f, 0xfb, 0x00, 0x00, 0x00, 0x00, 0x00, 0xff, 0xc0, 0x00, 0x03, 0xff, 0x70, 0x00,
    0xcf, 0xc0, 0x00, 0x1f, 0xfb, 0x00, 0x00, 0x00, 0x00, 0x00, 0xff, 0xc0, 0x00, 0x03, 0xff, 0x70,
    0x00, 0xcf, 0xc0, 0x00, 0x1f, 0xfb, 0x00, 0x00, 0x00, 0x00, 0x00, 0xff, 0xc0, 0x00, 0x03, 0xff,
    0xff, 0xff, 0xff, 0xff, 0xff, 0xff, 0xfb, 0x00, 0x00, 0x00, 0x00, 0x00, 0xff, 0xc0, 0x00, 0x03,
    0xff, 0xff, 0xff, 0xff, 0xff, 0xff, 0xff, 0xfb, 0x00, 0x00, 0x00, 0x00, 0x00, 0xff, 0xc0, 0x00,
    0x03, 0xff, 0x93, 0x33, 0xcf, 0xc3, 0x33, 0x4f, 0xfb, 0x00, 0x00, 0x00, 0x00, 0x00, 0xff, 0xc0,
    0x00, 0x03, 0xff, 0x70, 0x00, 0xcf, 0xc0, 0x00, 0x1f, 0xfb, 0x00, 0x00, 0x00, 0x00, 0x01, 0xff,
    0xc0, 0x00, 0x03, 0xff, 0x93, 0x33, 0xcf, 0xc3, 0x33, 0x3f, 0xfb, 0x00, 0x00, 0x00, 0x3c, 0xcd,
    0xff, 0xa0, 0x00, 0x03, 0xff, 0xff, 0xff, 0xff, 0xff, 0xff, 0xff, 0xfb, 0x00, 0x00, 0x00, 0x0e,
    0xff, 0xff, 0x60, 0x00, 0x03, 0xff, 0xff, 0xff, 0xff, 0xff, 0xff, 0xff, 0xfb, 0x00, 0x00, 0x00,
    0x0b, 0xfe, 0xb6, 0x00, 0x00, 0x03, 0xff, 0x70, 0x00, 0x00, 0x00, 0x00, 0x1f, 0xfb, 0x00, 0x00,
    0x00, 0x00, 0x00, 0x00, 0x00, 0x00, 0x01, 0x55, 0x20, 0x00, 0x00, 0x00, 0x00, 0x02, 0x21, 0x00,
    0x00, 0x00, 0x00, 0x00, 0x00, 0x00, 0x00, 0x00, 0x00, 0x00, 0x00, 0x00, 0x00, 0x00, 0x00, 0x00,
    0x00, 0x00, 0x00, 0x00, 0x00, 0x00, 0x00, 0x00, 0x00, 0x00, 0x00, 0x00, 0x00, 0x00, 0x00, 0x00,
    0x00, 0x00, 0x00, 0x00, 0x00, 0x01, 0x44, 0x30, 0x00, 0x00, 0x00, 0x00, 0x00, 0x00, 0x00, 0x00,
    0x00, 0x00, 0x00, 0x00, 0x00, 0x00, 0x04, 0xff, 0x90, 0x00, 0x00, 0x00, 0x00, 0x00, 0x00, 0x00,
    0x00, 0x00, 0x00, 0x00, 0x00, 0x00, 0x00, 0x04, 0xff, 0x90, 0x00, 0x00, 0x05, 0xff, 0xff, 0xff,
    0xff, 0xff, 0xfb, 0x00, 0x00, 0x00, 0x00, 0x00, 0x04, 0xff, 0x90, 0x00, 0x00, 0x05, 0xff, 0xff,
    0xff, 0xff, 0xff, 0xfb, 0x00, 0x00, 0x00, 0x00, 0x00, 0x04, 0xff, 0x90, 0x00, 0x00, 0x05, 0xff,
    0x63, 0x33, 0x33, 0x4f, 0xfb, 0x00, 0x00, 0x00, 0x00, 0x00, 0x04, 0xff, 0x90, 0x00, 0x00, 0x05,
    0xff, 0x40, 0x00, 0x00, 0x1f, 0xfb, 0x00, 0x00, 0x00, 0x00, 0x00, 0x04, 0xff, 0x90, 0x00, 0x00,
    0x05, 0xff, 0x40, 0x00, 0x00, 0x1f, 0xfb, 0x00, 0x00, 0x00, 0x00, 0x8c, 0xcd, 0xff, 0xec, 0xc6,
    0x00, 0x05, 0xff, 0xff, 0xff, 0xff, 0xff, 0xfb, 0x00, 0x00, 0x00, 0x00, 0x9f, 0xff, 0xff, 0xff,
    0xf7, 0x00, 0x05, 0xff, 0xff, 0xff, 0xff, 0xff, 0xfb, 0x00, 0x00, 0x00, 0x00, 0x9f, 0xff, 0xff,
    0xff, 0xf7, 0x00, 0x01, 0x33, 0x33, 0x33, 0x33, 0x33, 0x32, 0x00, 0x00, 0x00, 0x00, 0x00, 0x04,
    0xff, 0x90, 0x00, 0x12, 0x22, 0x22, 0x22, 0x10, 0x12, 0x22, 0x22, 0x22, 0x10, 0x00, 0x00, 0x00,
    0x04, 0xff, 0x90, 0x00, 0x6f, 0xff, 0xff, 0xff, 0xc0, 0x9f, 0xff, 0xff, 0xff, 0xe0, 0x00, 0x00,
    0x00, 0x04, 0xff, 0x90, 0x00, 0x6f, 0xff, 0xff, 0xff, 0xc0, 0x9f, 0xff, 0xff, 0xff, 0xe0, 0x00,
    0x00, 0x00, 0x04, 0xff, 0x90, 0x00, 0x6f, 0xd0, 0x00, 0x9f, 0xc0, 0x9f, 0xb0, 0x00, 0x9f, 0xe0,
    0x00, 0x00, 0x00, 0x04, 0xff, 0x90, 0x11, 0x6f, 0xd0, 0x00, 0x9f, 0xc0, 0x9f, 0xb0, 0x00, 0x9f,
    0xe0, 0x00, 0x00, 0x00, 0x04, 0xff, 0xba, 0xe4, 0x6f, 0xd0, 0x00, 0x9f, 0xc0, 0x9f, 0xb0, 0x00,
    0x9f, 0xe0, 0x00, 0x00, 0x00, 0x17, 0xff, 0xff, 0xf7, 0x6f, 0xff, 0xff, 0xff, 0xc0, 0x9f, 0xff,
    0xff, 0xff, 0xe0, 0x00, 0x00, 0x6a, 0xef, 0xff, 0xff, 0xd5, 0x6f, 0xff, 0xff, 0xff, 0xc0, 0x9f,
    0xff, 0xff, 0xff, 0xe0, 0x00, 0x00, 0xdf, 0xff, 0xff, 0xc4, 0x00, 0x12, 0x22, 0x22, 0x22, 0xce,
    0xe3, 0x22, 0x22, 0x22, 0x20, 0x00, 0x00, 0x9f, 0xfd, 0xff, 0x90, 0x00, 0x00, 0x00, 0x00, 0x00,
    0xcf, 0xf1, 0x00, 0x00, 0x00, 0x00, 0x00, 0x00, 0x48, 0x24, 0xff, 0x90, 0x00, 0x77, 0x77, 0x77,
    0x77, 0xef, 0xf8, 0x77, 0x77, 0x77, 0x74, 0x00, 0x00, 0x00, 0x04, 0xff, 0x90, 0x00, 0xef, 0xff,
    0xff, 0xff, 0xff, 0xff, 0xff, 0xff, 0xff, 0xf8, 0x00, 0x00, 0x00, 0x04, 0xff, 0x90, 0x00, 0xef,
    0xff, 0xff, 0xff, 0xff, 0xff, 0xff, 0xff, 0xff, 0xf8, 0x00, 0x00, 0x00, 0x04, 0xff, 0x90, 0x00,
    0x00, 0x00, 0x02, 0xdf, 0xff, 0xff, 0xe3, 0x00, 0x00, 0x00, 0x00, 0x00, 0x00, 0x04, 0xff, 0x90,
    0x00, 0x00, 0x00, 0x3e, 0xff, 0xff, 0xff, 0xfe, 0x40, 0x00, 0x00, 0x00, 0x00, 0x00, 0x04, 0xff,
    0x90, 0x00, 0x00, 0x08, 0xff, 0xf9, 0xcf, 0xf6, 0xff, 0xf7, 0x00, 0x00, 0x00, 0x00, 0x00, 0x04,
    0xff, 0x90, 0x00, 0x05, 0xdf, 0xff, 0x60, 0xcf, 0xf1, 0x4e, 0xff, 0xc4, 0x00, 0x00, 0x00, 0x00,
    0x04, 0xff, 0x90, 0x16, 0xcf, 0xff, 0xe4, 0x00, 0xcf, 0xf1, 0x04, 0xef, 0xff, 0xb5, 0x00, 0x00,
    0x08, 0xac, 0xff, 0x70, 0xcf, 0xff, 0xfb, 0x20, 0x00, 0xcf, 0xf1, 0x00, 0x2c, 0xff, 0xf9, 0x00,
    0x00, 0x07, 0xff, 0xff, 0x40, 0x2e, 0xfd, 0x50, 0x00, 0x00, 0xcf, 0xf1, 0x00, 0x00, 0x7e, 0xb0,
    0x00, 0x00, 0x03, 0xfe, 0xc6, 0x00, 0x05, 0x50, 0x00, 0x00, 0x00, 0xcf, 0xf1, 0x00, 0x00, 0x01,
    0x10, 0x00, 0x00, 0x00, 0x00, 0x00, 0x00, 0x00, 0x00, 0x00, 0x00, 0x00, 0x45, 0x50, 0x00, 0x00,
    0x00, 0x00, 0x00, 0x00, 0x00, 0x00, 0x00, 0x00, 0x00, 0x00, 0x00, 0x00, 0x00, 0x00, 0x00, 0x00,
    0x00, 0x00, 0x00, 0x00, 0x00, 0x00, 0x00, 0x00, 0x00, 0x00, 0x00, 0x00, 0x00, 0x00, 0x00, 0x00,
    0x00, 0x00, 0x00, 0x00, 0x00, 0x00, 0x00, 0x00, 0x00, 0x04, 0x10, 0x00, 0x00, 0x00, 0x00, 0x31,
    0x00, 0x00, 0x00, 0x00, 0x00, 0x00, 0x00, 0x00, 0x00, 0x06, 0xef, 0x60, 0x00, 0x00, 0x00, 0x00,
    0xdf, 0xe4, 0x00, 0x00, 0x00, 0x00, 0x00, 0x00, 0x00, 0x00, 0x03, 0xff, 0xc0, 0x00, 0x00, 0x00,
    0x01, 0xff, 0xf2, 0x00, 0x00, 0x00, 0x00, 0x00, 0x00, 0x00, 0x00, 0x00, 0xcf, 0xf3, 0x00, 0x00,
    0x00, 0x04, 0xff, 0xe0, 0x00, 0x00, 0x00, 0x00, 0x00, 0x00, 0x00, 0x00, 0x00, 0x8f, 0xf8, 0x00,
    0x00, 0x00, 0x07, 0xff, 0xa0, 0x00, 0x00, 0x00, 0x00, 0x00, 0x00, 0x00, 0x00, 0x00, 0x3c, 0x72,
    0x00, 0x00, 0x00, 0x0b, 0xff, 0x70, 0x00, 0x00, 0x00, 0x00, 0x00, 0x00, 0xaf, 0xff, 0xff, 0xff,
    0xff, 0xff, 0xff, 0x80, 0x0e, 0xff, 0x40, 0x00, 0x00, 0x00, 0x00, 0x00, 0x00, 0xaf, 0xff, 0xff,
    0xff, 0xff, 0xff, 0xff, 0x80, 0x4f, 0xff, 0xff, 0xff, 0xff, 0xff, 0xfe, 0x00, 0x00, 0x8c, 0xcd,
    0xff, 0xec, 0xcc, 0xcc, 0xcc, 0x60, 0x8f, 0xff, 0xff, 0xff, 0xff, 0xff, 0xfe, 0x00, 0x00, 0x00,
    0x03, 0xff, 0xb0, 0x00, 0x00, 0x00, 0x00, 0xdf, 0xfd, 0xcc, 0xcc, 0xef, 0xfe, 0xcb, 0x00, 0x00,
    0x00, 0x03, 0xff, 0xb0, 0x00, 0x00, 0x00, 0x05, 0xff, 0xf5, 0x00, 0x00, 0x9f, 0xf6, 0x00, 0x00,
    0x00, 0x00, 0x03, 0xff, 0xb0, 0x00, 0x00, 0x00, 0x0b, 0xff, 0xf8, 0x00, 0x00, 0xbf, 0xf3, 0x00,
    0x00, 0x00, 0x00, 0x03, 0xff, 0xb0, 0x00, 0x00, 0x00, 0x2f, 0xff, 0xfb, 0x00, 0x00, 0xef, 0xf1,
    0x00, 0x00, 0x00, 0x00, 0x03, 0xff, 0xff, 0xff, 0xff, 0xf4, 0xbf, 0xff, 0xfe, 0x00, 0x02, 0xff,
    0xd0, 0x00, 0x00, 0x00, 0x00, 0x03, 0xff, 0xff, 0xff, 0xff, 0xf8, 0xff, 0xfe, 0xff, 0x30, 0x06,
    0xff, 0x90, 0x00, 0x00, 0x00, 0x00, 0x03, 0xff, 0xeb, 0xbb, 0xef, 0xfe, 0xff, 0xc6, 0xff, 0x70,
    0x0a, 0xff, 0x50, 0x00, 0x00, 0x00, 0x00, 0x03, 0xff, 0xa0, 0x00, 0xaf, 0xf5, 0xef, 0x41, 0xff,
    0xd0, 0x1e, 0xff, 0x10, 0x00, 0x00, 0x00, 0x00, 0x04, 0xff, 0x90, 0x00, 0xaf, 0xf2, 0x38, 0x00,
    0xcf, 0xf3, 0x5f, 0xfc, 0x00, 0x00, 0x00, 0x00, 0x00, 0x04, 0xff, 0x90, 0x00, 0xbf, 0xf2, 0x00,
    0x00, 0x7f, 0xf9, 0xbf, 0xf6, 0x00, 0x00, 0x00, 0x00, 0x00, 0x06, 0xff, 0x80, 0x00, 0xbf, 0xf2,
    0x00, 0x00, 0x2f, 0xfe, 0xff, 0xf1, 0x00, 0x00, 0x00, 0x00, 0x00, 0x08, 0xff, 0x60, 0x00, 0xcf,
    0xf1, 0x00, 0x00, 0x0a, 0xff, 0xff, 0xa0, 0x00, 0x00, 0x00, 0x00, 0x00, 0x0a, 0xff, 0x40, 0x00,
    0xcf, 0xf1, 0x00, 0x00, 0x04, 0xff, 0xff, 0x20, 0x00, 0x00, 0x00, 0x00, 0x00, 0x0d, 0xff, 0x10,
    0x00, 0xdf, 0xf0, 0x00, 0x00, 0x00, 0xef, 0xfc, 0x00, 0x00, 0x00, 0x00, 0x00, 0x00, 0x3f, 0xfe,
    0x00, 0x00, 0xdf, 0xf0, 0x00, 0x00, 0x0a, 0xff, 0xff, 0x50, 0x00, 0x00, 0x00, 0x00, 0x00, 0x9f,
    0xf9, 0x00, 0x00, 0xef, 0xe0, 0x00, 0x00, 0x8f, 0xff, 0xff, 0xf3, 0x00, 0x00, 0x00, 0x00, 0x00,
    0xef, 0xf3, 0x00, 0x00, 0xff, 0xd0, 0x00, 0x07, 0xff, 0xfb, 0xef, 0xfe, 0x20, 0x00, 0x00, 0x00,
    0x07, 0xff, 0xc0, 0x00, 0x02, 0xff, 0xc0, 0x00, 0x8f, 0xff, 0xb0, 0x4f, 0xff, 0xd3, 0x00, 0x00,
    0x00, 0x2e, 0xff, 0x60, 0x00, 0x06, 0xff, 0xa0, 0x3c, 0xff, 0xfb, 0x00, 0x06, 0xff, 0xfe, 0x60,
    0x00, 0x00, 0xcf, 0xfc, 0x01, 0xba, 0xae, 0xff, 0x8a, 0xff, 0xff, 0xb1, 0x00, 0x00, 0x8f, 0xff,
    0xfc, 0x10, 0x02, 0xdf, 0xf3, 0x00, 0xbf, 0xff, 0xff, 0x29, 0xff, 0xe6, 0x00, 0x00, 0x00, 0x05,
    0xef, 0xf6, 0x00, 0x00, 0x1b, 0x60, 0x00, 0x8f, 0xff, 0xc4, 0x01, 0xeb, 0x20, 0x00, 0x00, 0x00,
    0x00, 0x1b, 0x90, 0x00, 0x00, 0x00, 0x00, 0x00, 0x00, 0x00, 0x00, 0x00, 0x20, 0x00, 0x00, 0x00,
    0x00, 0x00, 0x00, 0x00, 0x00, 0x00, 0x00, 0x00, 0x00, 0x00, 0x00, 0x00, 0x00, 0x00, 0x00, 0x00,
    0x00, 0x00, 0x00, 0x00, 0x00, 0x00, 0x00, 0x00, 0x00, 0x00, 0x00, 0x00, 0x00, 0x00, 0x00, 0x00,
    0x00, 0x00, 0x00, 0x00, 0x00, 0x00, 0x00, 0x00, 0x00, 0x00, 0x00, 0x00, 0x00, 0x00, 0x00, 0x00,
    0x00, 0x14, 0x10, 0x00, 0x00, 0x00, 0x00, 0x00, 0x00, 0x00, 0x04, 0xee, 0x70, 0x00, 0xde, 0xb0,
    0x00, 0x00, 0x4f, 0xfc, 0x00, 0x00, 0x00, 0x00, 0x00, 0x00, 0x00, 0x04, 0xff, 0x70, 0x00, 0xef,
    0xd0, 0x00, 0x00, 0x7f, 0xfa, 0x00, 0x00, 0x00, 0x00, 0x00, 0x00, 0x00, 0x04, 0xff, 0x70, 0x00,
    0xef, 0xd0, 0x00, 0x00, 0x9f, 0xf7, 0x00, 0x00, 0x00, 0x00, 0x00, 0x00, 0x38, 0x8a, 0xff, 0xb8,
    0x88, 0xff, 0xe8, 0x87, 0x00, 0xcf, 0xf4, 0x00, 0x00, 0x00, 0x00, 0x00, 0x00, 0x5f, 0xff, 0xff,
    0xff, 0xff, 0xff, 0xff, 0xfe, 0x00, 0xef, 0xf2, 0x00, 0x00, 0x00, 0x00, 0x00, 0x00, 0x5f, 0xff,
    0xff, 0xff, 0xff, 0xff, 0xff, 0xfe, 0x02, 0xff, 0xe0, 0x00, 0x00, 0x00, 0x00, 0x00, 0x00, 0x00,
    0x04, 0xff, 0x70, 0x00, 0xef, 0xd0, 0x00, 0x05, 0xff, 0xff, 0xff, 0xff, 0xff, 0xfd, 0x00, 0x00,
    0x00, 0x04, 0xff, 0x70, 0x00, 0xef, 0xd0, 0x00, 0x0a, 0xff, 0xff, 0xff, 0xff, 0xff, 0xfd, 0x00,
    0x00, 0x00, 0x04, 0xff, 0x70, 0x00, 0xef, 0xd0, 0x00, 0x0e, 0xff, 0xcc, 0xcc, 0xdf, 0xfe, 0xca,
    0x00, 0x00, 0x79, 0x9a, 0xff, 0xc9, 0x99, 0xff, 0xe9, 0x98, 0x4f, 0xff, 0x30, 0x00, 0x5f, 0xf9,
    0x00, 0x00, 0x00, 0xcf, 0xff, 0xff, 0xff, 0xff, 0xff, 0xff, 0xfd, 0x9f, 0xff, 0x60, 0x00, 0x8f,
    0xf7, 0x00, 0x00, 0x00, 0xcf, 0xff, 0xff, 0xff, 0xff, 0xff, 0xff, 0xfe, 0xef, 0xff, 0xa0, 0x00,
    0xbf, 0xf4, 0x00, 0x00, 0x00, 0x00, 0x00, 0x00, 0x00, 0x00, 0x00, 0x00, 0x08, 0xff, 0xff, 0xd0,
    0x00, 0xdf, 0xf2, 0x00, 0x00, 0x00, 0x00, 0x00, 0x00, 0x00, 0x00, 0x00, 0x00, 0x1e, 0xff, 0xcf,
    0xf1, 0x01, 0xff, 0xe0, 0x00, 0x00, 0x00, 0x00, 0xaf, 0xff, 0xff, 0xff, 0xff, 0xff, 0x7f, 0xfc,
    0x4f, 0xf5, 0x05, 0xff, 0xa0, 0x00, 0x00, 0x00, 0x00, 0xaf, 0xff, 0xff, 0xff, 0xff, 0xff, 0x46,
    0xf4, 0x0e, 0xfa, 0x09, 0xff, 0x70, 0x00, 0x00, 0x00, 0x00, 0xaf, 0xf6, 0x55, 0x55, 0x5a, 0xff,
    0x40, 0x70, 0x0b, 0xfe, 0x0d, 0xff, 0x20, 0x00, 0x00, 0x00, 0x00, 0xaf, 0xf2, 0x00, 0x00, 0x08,
    0xff, 0x40, 0x00, 0x07, 0xff, 0x6f, 0xfd, 0x00, 0x00, 0x00, 0x00, 0x00, 0xaf, 0xf5, 0x33, 0x33,
    0x3a, 0xff, 0x40, 0x00, 0x02, 0xff, 0xef, 0xf8, 0x00, 0x00, 0x00, 0x00, 0x00, 0xaf, 0xff, 0xff,
    0xff, 0xff, 0xff, 0x40, 0x00, 0x00, 0xbf, 0xff, 0xf2, 0x00, 0x00, 0x00, 0x00, 0x00, 0xaf, 0xff,
    0xff, 0xff, 0xff, 0xff, 0x40, 0x00, 0x00, 0x6f, 0xff, 0xa0, 0x00, 0x00, 0x00, 0x00, 0x00, 0xaf,
    0xf2, 0x00, 0x00, 0x08, 0xff, 0x40, 0x00, 0x00, 0x4f, 0xff, 0x60, 0x00, 0x00, 0x00, 0x00, 0x00,
    0xaf, 0xf5, 0x44, 0x44, 0x4a, 0xff, 0x40, 0x00, 0x01, 0xdf, 0xff, 0xd1, 0x00, 0x00, 0x00, 0x00,
    0x00, 0xaf, 0xff, 0xff, 0xff, 0xff, 0xff, 0x40, 0x00, 0x0b, 0xff, 0xff, 0xfa, 0x00, 0x00, 0x00,
    0x00, 0x00, 0xaf, 0xff, 0xff, 0xff, 0xff, 0xff, 0x40, 0x00, 0x9f, 0xff, 0xbf, 0xff, 0x60, 0x00,
    0x00, 0x00, 0x00, 0xaf, 0xf2, 0x00, 0x00, 0x08, 0xff, 0x40, 0x09, 0xff, 0xf8, 0x0b, 0xff, 0xf5,
    0x00, 0x00, 0x00, 0x00, 0xaf, 0xf2, 0x00, 0x00, 0x08, 0xff, 0x42, 0xbf, 0xff, 0xa0, 0x01, 0xef,
    0xff, 0x70, 0x00, 0x00, 0x00, 0xaf, 0xf2, 0x00, 0x57, 0x7c, 0xff, 0x9f, 0xff, 0xfb, 0x10, 0x00,
    0x4f, 0xff, 0xfb, 0x00, 0x00, 0x00, 0xaf, 0xf2, 0x00, 0x6f, 0xff, 0xfe, 0x3f, 0xff, 0x80, 0x00,
    0x00, 0x04, 0xef, 0xf5, 0x00, 0x00, 0x00, 0xaf, 0xf2, 0x00, 0x2f, 0xee, 0xb4, 0x08, 0xe4, 0x00,
    0x00, 0x00, 0x00, 0x2d, 0x90, 0x00, 0x00, 0x00, 0x01, 0x10, 0x00, 0x00, 0x00, 0x00, 0x01, 0x20,
    0x00, 0x00, 0x00, 0x00, 0x01, 0x10, 0x00, 0x00, 0x00, 0x00, 0x00, 0x00, 0x00, 0x00, 0x00, 0x00,
    0x00, 0x00, 0x00, 0x00, 0x00, 0x00, 0x00, 0x00, 0x00, 0x00, 0x00, 0x00, 0x00, 0x00, 0x00, 0x00,
    0x00, 0x00, 0x00, 0x00, 0x00, 0x00, 0x00, 0x00, 0x00, 0x00, 0x00, 0x00, 0x00, 0x15, 0x54, 0x00,
    0x00, 0x00, 0x00, 0x01, 0x00, 0x00, 0x00, 0x00, 0x00, 0x00, 0x00, 0x00, 0x27, 0x00, 0x2f, 0xfa,
    0x00, 0x48, 0x20, 0x00, 0x4f, 0xd7, 0x00, 0x00, 0x00, 0x00, 0x00, 0x00, 0x04, 0xff, 0x50, 0x2f,
    0xfa, 0x00, 0xbf, 0xf3, 0x00, 0x6f, 0xf6, 0x00, 0x00, 0x00, 0x00, 0x00, 0x00, 0x00, 0xcf, 0xd0,
    0x2f, 0xfa, 0x04, 0xff, 0x90, 0x00, 0x9f, 0xf3, 0x00, 0x00, 0x00, 0x00, 0x00, 0x00, 0x00, 0x5f,
    0xf5, 0x2f, 0xfa, 0x0c, 0xfd, 0x10, 0x00, 0xbf, 0xf1, 0x00, 0x00, 0x00, 0x00, 0x00, 0x00, 0x00,
    0x0e, 0xe6, 0x2f, 0xfa, 0x2c, 0xf3, 0x00, 0x00, 0xef, 0xd0, 0x00, 0x00, 0x00, 0x00, 0x00, 0x00,
    0x36, 0x6a, 0x76, 0x8f, 0xfc, 0x66, 0x86, 0x66, 0x02, 0xff, 0xa0, 0x00, 0x00, 0x00, 0x00, 0x00,
    0x00, 0x7f, 0xff, 0xff, 0xff, 0xff, 0xff, 0xff, 0xff, 0x06, 0xff, 0xff, 0xff, 0xff, 0xff, 0xf7,
    0x00, 0x00, 0x7f, 0xff, 0xff, 0xff, 0xff, 0xff, 0xff, 0xff, 0x0a, 0xff, 0xff, 0xff, 0xff, 0xff,
    0xf7, 0x00, 0x00, 0x00, 0x00, 0x08, 0xff, 0xff, 0xe5, 0x00, 0x00, 0x0e, 0xff, 0xcc, 0xcc, 0xdf,
    0xfd, 0xc6, 0x00, 0x00, 0x00, 0x00, 0x8f, 0xff, 0xff, 0xff, 0xa1, 0x00, 0x4f, 0xff, 0x40, 0x00,
    0x8f, 0xf4, 0x00, 0x00, 0x00, 0x00, 0x08, 0xff, 0xff, 0xfb, 0xbf, 0xfe, 0x50, 0xaf, 0xff, 0x70,
    0x00, 0xbf, 0xf1, 0x00, 0x00, 0x00, 0x01, 0xaf, 0xfe, 0x5f, 0xfa, 0x09, 0xff, 0xc1, 0xef, 0xff,
    0xa0, 0x00, 0xef, 0xe0, 0x00, 0x00, 0x00, 0x6e, 0xff, 0xe3, 0x2f, 0xfa, 0x00, 0x8f, 0x37, 0xff,
    0xff, 0xe0, 0x01, 0xff, 0xb0, 0x00, 0x00, 0x00, 0x8f, 0xfd, 0x30, 0x2f, 0xfa, 0x00, 0x03, 0x1e,
    0xff, 0xbf, 0xf2, 0x04, 0xff, 0x80, 0x00, 0x00, 0x00, 0x0d, 0xa1, 0x00, 0x26, 0x64, 0x00, 0x00,
    0x9f, 0xfa, 0x4f, 0xf7, 0x08, 0xff, 0x40, 0x00, 0x00, 0x00, 0x02, 0x00, 0x02, 0xfd, 0x70, 0x00,
    0x00, 0x4e, 0xf2, 0x1f, 0xfc, 0x0d, 0xff, 0x10, 0x00, 0x00, 0x00, 0x00, 0x00, 0x07, 0xff, 0x60,
    0x00, 0x00, 0x03, 0x90, 0x0b, 0xff, 0x4f, 0xfb, 0x00, 0x00, 0x00, 0x00, 0x0d, 0xff, 0xff, 0xff,
    0xff, 0xff, 0xff, 0xa0, 0x00, 0x07, 0xff, 0xdf, 0xf5, 0x00, 0x00, 0x00, 0x00, 0x0d, 0xff, 0xff,
    0xff, 0xff, 0xff, 0xff, 0x90, 0x00, 0x02, 0xff, 0xff, 0xe1, 0x00, 0x00, 0x00, 0x00, 0x07, 0x78,
    0xff, 0xe7, 0x77, 0x7c, 0xff, 0x30, 0x00, 0x00, 0xbf, 0xff, 0xa0, 0x00, 0x00, 0x00, 0x00, 0x00,
    0x08, 0xff, 0x70, 0x00, 0x1e, 0xfc, 0x00, 0x00, 0x00, 0x5f, 0xff, 0x40, 0x00, 0x00, 0x00, 0x00,
    0x00, 0x3f, 0xfe, 0x10, 0x00, 0x9f, 0xf5, 0x00, 0x00, 0x00, 0x4f, 0xff, 0x40, 0x00, 0x00, 0x00,
    0x00, 0x00, 0xaf, 0xff, 0xe7, 0x16, 0xff, 0xa0, 0x00, 0x00, 0x01, 0xef, 0xff, 0xd1, 0x00, 0x00,
    0x00, 0x00, 0x00, 0x06, 0xdf, 0xff, 0xef, 0xfe, 0x10, 0x00, 0x00, 0x0b, 0xff, 0xff, 0xfb, 0x00,
    0x00, 0x00, 0x00, 0x00, 0x00, 0x05, 0xcf, 0xff, 0xf8, 0x00, 0x00, 0x00, 0xaf, 0xfd, 0x5f, 0xff,
    0x70, 0x00, 0x00, 0x00, 0x00, 0x00, 0x04, 0xcf, 0xff, 0xff, 0xb2, 0x00, 0x1b, 0xff, 0xe2, 0x07,
    0xff, 0xf6, 0x00, 0x00, 0x00, 0x00, 0x04, 0xbf, 0xff, 0xd8, 0xef, 0xf6, 0x03, 0xdf, 0xff, 0x40,
    0x00, 0xaf, 0xff, 0x80, 0x00, 0x00, 0x49, 0xef, 0xff, 0xe7, 0x00, 0x2c, 0x82, 0xaf, 0xff, 0xf5,
    0x00, 0x00, 0x1c, 0xff, 0xfc, 0x10, 0x00, 0x6f, 0xff, 0xfa, 0x20, 0x00, 0x00, 0x04, 0xff, 0xfd,
    0x30, 0x00, 0x00, 0x00, 0xaf, 0xf6, 0x00, 0x00, 0x0c, 0xc6, 0x10, 0x00, 0x00, 0x00, 0x00, 0x8f,
    0x91, 0x00, 0x00, 0x00, 0x00, 0x07, 0x90, 0x00, 0x00, 0x00, 0x00, 0x00, 0x00, 0x00, 0x00, 0x00,
    0x13, 0x00, 0x00, 0x00, 0x00, 0x00, 0x00, 0x00, 0x00, 0x00, 0x00, 0x00, 0x00, 0x00, 0x00, 0x00,
    0x00, 0x00, 0x00, 0x00, 0x00, 0x00, 0x00, 0x00, 0x00, 0x00, 0x00, 0x00, 0x00, 0x00, 0x00, 0x00,
    0x00, 0x00, 0x00, 0x00, 0x00, 0x00, 0x00, 0x00, 0x00, 0x00, 0x00, 0x00, 0x00, 0x00, 0x00, 0x00,
    0x00, 0x00, 0x01, 0x56, 0x00, 0x00, 0x00, 0x00, 0x00, 0x00, 0x00, 0x00, 0x00, 0x00, 0x00, 0x00,
    0x00, 0x00, 0x00, 0x6f, 0xff, 0x30, 0x00, 0x00, 0x00, 0x00, 0x00, 0x00, 0x00, 0x00, 0x00, 0x00,
    0x00, 0x00, 0x00, 0x00, 0x1e, 0xff, 0xc0, 0x00, 0x00, 0x00, 0x00, 0x00, 0x00, 0x00, 0x00, 0x00,
    0x00, 0x00, 0x00, 0x00, 0x00, 0x08, 0xff, 0xf4, 0x00, 0x00, 0x00, 0x00, 0x00, 0x00, 0x00, 0x00,
    0x00, 0x00, 0x00, 0x00, 0x00, 0x00, 0x02, 0xff, 0xfa, 0x00, 0x00, 0x00, 0x00, 0x00, 0x00, 0x00,
    0x00, 0x00, 0x00, 0x00, 0x00, 0x00, 0x00, 0x00, 0xbe, 0x94, 0x00, 0x00, 0x00, 0x00, 0x00, 0x00,
    0x00, 0x00, 0x7e, 0xee, 0xee, 0xee, 0xee, 0xee, 0xee, 0xfe, 0xee, 0xee, 0xee, 0xee, 0xee, 0xee,
    0xe9, 0x00, 0x00, 0x7f, 0xff, 0xff, 0xff, 0xff, 0xff, 0xff, 0xff, 0xff, 0xff, 0xff, 0xff, 0xff,
    0xff, 0xf9, 0x00, 0x00, 0x7f, 0xff, 0xff, 0xff, 0xff, 0xff, 0xff, 0xff, 0xff, 0xff, 0xff, 0xff,
    0xff, 0xff, 0xf9, 0x00, 0x00, 0x00, 0x00, 0x04, 0xff, 0xd0, 0x00, 0x00, 0x00, 0x00, 0x00, 0x1e,
    0xff, 0x60, 0x00, 0x00, 0x00, 0x00, 0x00, 0x00, 0x00, 0xdf, 0xf6, 0x00, 0x00, 0x00, 0x00, 0x00,
    0x6f, 0xfe, 0x10, 0x00, 0x00, 0x00, 0x00, 0x00, 0x00, 0x00, 0x7f, 0xfd, 0x00, 0x00, 0x00, 0x00,
    0x00, 0xcf, 0xf9, 0x00, 0x00, 0x00, 0x00, 0x00, 0x00, 0x00, 0x00, 0x1e, 0xff, 0x60, 0x00, 0x00,
    0x00, 0x04, 0xff, 0xf3, 0x00, 0x00, 0x00, 0x00, 0x00, 0x00, 0x00, 0x00, 0x08, 0xff, 0xd0, 0x00,
    0x00, 0x00, 0x0b, 0xff, 0xb0, 0x00, 0x00, 0x00, 0x00, 0x00, 0x00, 0x00, 0x00, 0x01, 0xef, 0xf6,
    0x00, 0x00, 0x00, 0x4f, 0xff, 0x40, 0x00, 0x00, 0x00, 0x00, 0x00, 0x00, 0x00, 0x00, 0x00, 0x8f,
    0xfe, 0x20, 0x00, 0x01, 0xdf, 0xfb, 0x00, 0x00, 0x00, 0x00, 0x00, 0x00, 0x00, 0x00, 0x00, 0x00,
    0x1d, 0xff, 0xc1, 0x00, 0x0a, 0xff, 0xf3, 0x00, 0x00, 0x00, 0x00, 0x00, 0x00, 0x00, 0x00, 0x00,
    0x00, 0x04, 0xff, 0xf9, 0x00, 0x6f, 0xff, 0x80, 0x00, 0x00, 0x00, 0x00, 0x00, 0x00, 0x00, 0x00,
    0x00, 0x00, 0x00, 0xaf, 0xff, 0x62, 0xef, 0xfd, 0x10, 0x00, 0x00, 0x00, 0x00, 0x00, 0x00, 0x00,
    0x00, 0x00, 0x00, 0x00, 0x1d, 0xff, 0xfd, 0xff, 0xf3, 0x00, 0x00, 0x00, 0x00, 0x00, 0x00, 0x00,
    0x00, 0x00, 0x00, 0x00, 0x00, 0x03, 0xef, 0xff, 0xff, 0x50, 0x00, 0x00, 0x00, 0x00, 0x00, 0x00,
    0x00, 0x00, 0x00, 0x00, 0x00, 0x00, 0x00, 0x6f, 0xff, 0xfa, 0x00, 0x00, 0x00, 0x00, 0x00, 0x00,
    0x00, 0x00, 0x00, 0x00, 0x00, 0x00, 0x00, 0x04, 0xef, 0xff, 0xff, 0x80, 0x00, 0x00, 0x00, 0x00,
    0x00, 0x00, 0x00, 0x00, 0x00, 0x00, 0x00, 0x00, 0x7f, 0xff, 0xff, 0xff, 0xfb, 0x20, 0x00, 0x00,
    0x00, 0x00, 0x00, 0x00, 0x00, 0x00, 0x00, 0x00, 0x4c, 0xff, 0xff, 0x75, 0xef, 0xff, 0xe7, 0x00,
    0x00, 0x00, 0x00, 0x00, 0x00, 0x00, 0x00, 0x00, 0x3a, 0xff, 0xff, 0xe4, 0x00, 0x3d, 0xff, 0xff,
    0xd5, 0x00, 0x00, 0x00, 0x00, 0x00, 0x00, 0x00, 0x5b, 0xff, 0xff, 0xfa, 0x20, 0x00, 0x01, 0xaf,
    0xff, 0xff, 0xd7, 0x10, 0x00, 0x00, 0x00, 0x04, 0x9e, 0xff, 0xff, 0xfd, 0x40, 0x00, 0x00, 0x00,
    0x04, 0xdf, 0xff, 0xff, 0xfb, 0x61, 0x00, 0x00, 0xbf, 0xff, 0xff, 0xfd, 0x71, 0x00, 0x00, 0x00,
    0x00, 0x00, 0x17, 0xdf, 0xff, 0xff, 0xfc, 0x00, 0x00, 0x3f, 0xff, 0xfd, 0x60, 0x00, 0x00, 0x00,
    0x00, 0x00, 0x00, 0x00, 0x06, 0xdf, 0xff, 0xe2, 0x00, 0x00, 0x08, 0xe9, 0x40, 0x00, 0x00, 0x00,
    0x00, 0x00, 0x00, 0x00, 0x00, 0x00, 0x03, 0x8d, 0x60, 0x00, 0x00, 0x01, 0x10, 0x00, 0x00, 0x00,
    0x00, 0x00, 0x00, 0x00, 0x00, 0x00, 0x00, 0x00, 0x00, 0x00, 0x00, 0x00, 0x00, 0x00, 0x00, 0x00,
    0x00, 0x00, 0x00, 0x00, 0x00, 0x00, 0x00, 0x00, 0x00, 0x00, 0x00, 0x00, 0x00, 0x00, 0x00, 0x00,
    0x00, 0x00, 0x00, 0x00, 0x00, 0x00, 0x00, 0x00, 0x00, 0x00, 0x00, 0x00, 0x00, 0x00, 0x00, 0x00,
    0x00, 0x14, 0x30, 0x00, 0x00, 0x00, 0x00, 0x00, 0x00, 0x00, 0x00, 0x00, 0x00, 0x00, 0x00, 0x00,
    0x00, 0x03, 0xff, 0xb0, 0x00, 0x00, 0x00, 0x00, 0x00, 0x00, 0x00, 0x17, 0xa1, 0x00, 0x00, 0x00,
    0x00, 0x00, 0x00, 0xdf, 0xf2, 0x00, 0x00, 0x00, 0x00, 0x00, 0x14, 0x8c, 0xff, 0xfc, 0x10, 0x00,
    0x00, 0x00, 0x00, 0x00, 0x7f, 0xf9, 0x00, 0x00, 0x00, 0x16, 0x9c, 0xff, 0xff, 0xff, 0xfe, 0x60,
    0x00, 0x00, 0x2f, 0xff, 0xff, 0xff, 0xff, 0xff, 0xff, 0xf1, 0x6f, 0xff, 0xff, 0xfe, 0xb7, 0x30,
    0x00, 0x00, 0x00, 0x2f, 0xff, 0xff, 0xff, 0xff, 0xff, 0xff, 0xf1, 0x6f, 0xfd, 0x96, 0x30, 0x00,
    0x00, 0x00, 0x00, 0x00, 0x17, 0x78, 0xb9, 0x77, 0x77, 0xac, 0x97, 0x71, 0x6f, 0xf7, 0x00, 0x00,
    0x00, 0x00, 0x00, 0x00, 0x00, 0x00, 0x2e, 0xf7, 0x00, 0x00, 0x9f, 0xf5, 0x00, 0x6f, 0xf7, 0x00,
    0x00, 0x00, 0x00, 0x00, 0x00, 0x00, 0x00, 0x0d, 0xfd, 0x00, 0x00, 0xdf, 0xe0, 0x00, 0x6f, 0xf7,
    0x00, 0x00, 0x00, 0x00, 0x00, 0x00, 0x00, 0x00, 0x08, 0xff, 0x20, 0x03, 0xff, 0x90, 0x00, 0x6f,
    0xf7, 0x00, 0x00, 0x00, 0x00, 0x00, 0x00, 0x00, 0x00, 0x05, 0xff, 0x50, 0x08, 0xff, 0x30, 0x00,
    0x6f, 0xf7, 0x00, 0x00, 0x00, 0x00, 0x00, 0x00, 0x00, 0x58, 0x89, 0xfb, 0x88, 0x8e, 0xff, 0x88,
    0x85, 0x6f, 0xf7, 0x00, 0x00, 0x00, 0x00, 0x00, 0x00, 0x00, 0xaf, 0xff, 0xff, 0xff, 0xff, 0xff,
    0xff, 0xf9, 0x6f, 0xff, 0xff, 0xff, 0xff, 0xff, 0xfc, 0x00, 0x00, 0xaf, 0xff, 0xff, 0xff, 0xff,
    0xff, 0xff, 0xf9, 0x6f, 0xff, 0xff, 0xff, 0xff, 0xff, 0xfc, 0x00, 0x00, 0x00, 0x00, 0x00, 0x4f,
    0xf7, 0x00, 0x00, 0x00, 0x6f, 0xfe, 0xcc, 0xce, 0xff, 0xec, 0xca, 0x00, 0x00, 0x00, 0x00, 0x00,
    0x4f, 0xf7, 0x00, 0x00, 0x00, 0x6f, 0xf6, 0x00, 0x07, 0xff, 0x80, 0x00, 0x00, 0x00, 0x00, 0x00,
    0x00, 0x4f, 0xf7, 0x00, 0x00, 0x00, 0x6f, 0xf6, 0x00, 0x07, 0xff, 0x80, 0x00, 0x00, 0x00, 0x7f,
    0xff, 0xff, 0xff, 0xff, 0xff, 0xff, 0xf2, 0x6f, 0xf6, 0x00, 0x07, 0xff, 0x80, 0x00, 0x00, 0x00,
    0x7f, 0xff, 0xff, 0xff, 0xff, 0xff, 0xff, 0xf2, 0x7f, 0xf5, 0x00, 0x07, 0xff, 0x80, 0x00, 0x00,
    0x00, 0x49, 0x99, 0x99, 0xbf, 0xfc, 0x99, 0x99, 0x91, 0x8f, 0xf4, 0x00, 0x07, 0xff, 0x80, 0x00,
    0x00, 0x00, 0x00, 0x02, 0x00, 0x4f, 0xf7, 0x01, 0x40, 0x00, 0xaf, 0xf3, 0x00, 0x07, 0xff, 0x80,
    0x00, 0x00, 0x00, 0x00, 0x5f, 0xd3, 0x4f, 0xf7, 0x4e, 0xe1, 0x00, 0xbf, 0xf1, 0x00, 0x07, 0xff,
    0x80, 0x00, 0x00, 0x00, 0x00, 0xbf, 0xd0, 0x4f, 0xf7, 0x2f, 0xf9, 0x00, 0xdf, 0xe0, 0x00, 0x07,
    0xff, 0x80, 0x00, 0x00, 0x00, 0x03, 0xff, 0x70, 0x4f, 0xf7, 0x09, 0xff, 0x22, 0xff, 0xc0, 0x00,
    0x07, 0xff, 0x80, 0x00, 0x00, 0x00, 0x0c, 0xfe, 0x10, 0x4f, 0xf7, 0x01, 0xff, 0x95, 0xff, 0x80,
    0x00, 0x07, 0xff, 0x80, 0x00, 0x00, 0x00, 0x7f, 0xf8, 0x00, 0x4f, 0xf7, 0x00, 0x9f, 0xd9, 0xff,
    0x50, 0x00, 0x07, 0xff, 0x80, 0x00, 0x00, 0x00, 0x5e, 0xd1, 0x00, 0x4f, 0xf7, 0x00, 0x39, 0x2e,
    0xff, 0x10, 0x00, 0x07, 0xff, 0x80, 0x00, 0x00, 0x00, 0x02, 0x30, 0x00, 0x5f, 0xf7, 0x00, 0x00,
    0x7f, 0xfb, 0x00, 0x00, 0x07, 0xff, 0x80, 0x00, 0x00, 0x00, 0x00, 0x00, 0xdf, 0xff, 0xf5, 0x00,
    0x01, 0xef, 0xf4, 0x00, 0x00, 0x07, 0xff, 0x80, 0x00, 0x00, 0x00, 0x00, 0x00, 0x8f, 0xff, 0xd1,
    0x00, 0x00, 0x7f, 0xc0, 0x00, 0x00, 0x07, 0xff, 0x80, 0x00, 0x00, 0x00, 0x00, 0x00, 0x38, 0x74,
    0x10, 0x00, 0x00, 0x04, 0x40, 0x00, 0x00, 0x07, 0xff, 0x80, 0x00, 0x00, 0x00, 0x00, 0x00, 0x00,
    0x00, 0x00, 0x00, 0x00, 0x00, 0x00, 0x00, 0x00, 0x00, 0x00, 0x00, 0x00, 0x00, 0x00, 0x00, 0x00,
    0x00, 0x00, 0x00, 0x00, 0x00, 0x00, 0x00, 0x00, 0x00, 0x00, 0x00, 0x00, 0x00, 0x00, 0x00, 0x00,
    0x00, 0x00, 0x00, 0x00, 0x00, 0x00, 0x00, 0x00, 0x00, 0x00, 0x00, 0x00, 0x00, 0x00, 0x00, 0x00,
    0x00, 0x00, 0x00, 0x00, 0x00, 0x00, 0x00, 0x00, 0x00, 0x00, 0x00, 0x01, 0x22, 0x00, 0x00, 0x00,
    0x00, 0x00, 0x00, 0x00, 0x00, 0x00, 0x00, 0x00, 0x00, 0x00, 0x00, 0x00, 0x0c, 0xff, 0x40, 0x00,
    0x00, 0x00, 0x00, 0x00, 0x00, 0x00, 0x00, 0x00, 0x00, 0x00, 0x00, 0x00, 0x00, 0x0c, 0xff, 0x40,
    0x00, 0x00, 0x00, 0x07, 0xbb, 0xbb, 0xbb, 0xbb, 0xb9, 0x00, 0x00, 0x00, 0x00, 0x00, 0x0c, 0xff,
    0x40, 0x00, 0x00, 0x00, 0x09, 0xff, 0xff, 0xff, 0xff, 0xfd, 0x00, 0x00, 0x00, 0x00, 0x00, 0x0c,
    0xff, 0x40, 0x00, 0x00, 0x00, 0x09, 0xff, 0xff, 0xff, 0xff, 0xfd, 0x00, 0x00, 0x00, 0x00, 0x00,
    0x0c, 0xff, 0x40, 0x00, 0x00, 0x00, 0x09, 0xff, 0x30, 0x00, 0x0f, 0xfd, 0x00, 0x00, 0x00, 0x00,
    0x00, 0x0c, 0xff, 0x40, 0x00, 0x00, 0x00, 0x09, 0xff, 0x30, 0x00, 0x0f, 0xfd, 0x0c, 0xff, 0xff,
    0xff, 0xff, 0xff, 0xff, 0xff, 0xfe, 0x00, 0x00, 0x09, 0xff, 0x30, 0x00, 0x0f, 0xfd, 0x0c, 0xff,
    0xff, 0xff, 0xff, 0xff, 0xff, 0xff, 0xfe, 0x00, 0x00, 0x09, 0xff, 0x30, 0x00, 0x0f, 0xfd, 0x0c,
    0xff, 0xff, 0xff, 0xff, 0xff, 0xff, 0xff, 0xfe, 0x00, 0x00, 0x09, 0xff, 0x30, 0x00, 0x0f, 0xfd,
    0x00, 0x00, 0x00, 0x00, 0x00, 0x0c, 0xff, 0x40, 0x00, 0x00, 0x00, 0x09, 0xff, 0x30, 0x00, 0x0f,
    0xfd, 0x00, 0x00, 0x00, 0x00, 0x00, 0x0c, 0xff, 0x40, 0x00, 0x00, 0x00, 0x09, 0xff, 0x30, 0x00,
    0x0f, 0xfd, 0x00, 0x00, 0x10, 0x00, 0x00, 0x0c, 0xff, 0x40, 0x00, 0x00, 0x00, 0x09, 0xff, 0xff,
    0xff, 0xff, 0xfd, 0x00, 0x2a, 0xd1, 0x00, 0x00, 0x0c, 0xff, 0x40, 0x00, 0x00, 0x00, 0x09, 0xff,
    0xff, 0xff, 0xff, 0xfd, 0x00, 0xcf, 0xf9, 0x00, 0x00, 0x0c, 0xff, 0x40, 0x00, 0x00, 0x00, 0x09,
    0xff, 0xba, 0xaa, 0xaf, 0xfd, 0x00, 0x3f, 0xff, 0x40, 0x00, 0x0c, 0xff, 0x40, 0x00, 0x00, 0x00,
    0x09, 0xff, 0x30, 0x00, 0x0f, 0xfd, 0x00, 0x08, 0xff, 0xe1, 0x00, 0x0c, 0xff, 0x40, 0x00, 0x00,
    0x00, 0x09, 0xff, 0x30, 0x00, 0x0f, 0xfd, 0x00, 0x00, 0xdf, 0xfa, 0x00, 0x0c, 0xff, 0x40, 0x00,
    0x00, 0x00, 0x09, 0xff, 0x30, 0x00, 0x0f, 0xfd, 0x00, 0x00, 0x3f, 0xff, 0x50, 0x0c, 0xff, 0x40,
    0x00, 0x00, 0x00, 0x09, 0xff, 0x30, 0x00, 0x0f, 0xfd, 0x00, 0x00, 0x09, 0xff, 0xd1, 0x0c, 0xff,
    0x40, 0x00, 0x00, 0x00, 0x09, 0xff, 0x30, 0x00, 0x0f, 0xfd, 0x00, 0x00, 0x01, 0xef, 0xb1, 0x0c,
    0xff, 0x40, 0x00, 0x00, 0x00, 0x09, 0xff, 0x30, 0x00, 0x0f, 0xfd, 0x00, 0x00, 0x00, 0x54, 0x00,
    0x0c, 0xff, 0x40, 0x00, 0x00, 0x00, 0x09, 0xff, 0xcb, 0xbb, 0xbf, 0xfd, 0x00, 0x00, 0x00, 0x00,
    0x00, 0x0c, 0xff, 0x40, 0x00, 0x00, 0x00, 0x09, 0xff, 0xff, 0xff, 0xff, 0xfd, 0x00, 0x00, 0x00,
    0x00, 0x00, 0x0c, 0xff, 0x40, 0x00, 0x00, 0x00, 0x09, 0xff, 0xff, 0xff, 0xff, 0xfd, 0x00, 0x00,
    0x00, 0x00, 0x00, 0x0c, 0xff, 0x40, 0x00, 0x00, 0x00, 0x09, 0xff, 0x30, 0x00, 0x00, 0x00, 0x00,
    0x00, 0x00, 0x00, 0x00, 0x0c, 0xff, 0x40, 0x00, 0x00, 0x00, 0x09, 0xff, 0x30, 0x00, 0x00, 0x00,
    0x00, 0x00, 0x00, 0x00, 0x00, 0x0c, 0xff, 0x40, 0x00, 0x00, 0x00, 0x09, 0xff, 0x30, 0x00, 0x00,
    0x00, 0x00, 0x00, 0x01, 0x10, 0x00, 0x1e, 0xff, 0x40, 0x00, 0x00, 0x00, 0x00, 0x00, 0x00, 0x00,
    0x00, 0x00, 0x00, 0x00, 0x0e, 0xff, 0xff, 0xff, 0xff, 0x20, 0x00, 0x00, 0x00, 0x00, 0x00, 0x00,
    0x00, 0x00, 0x00, 0x00, 0x00, 0x08, 0xff, 0xff, 0xff, 0xfb, 0x00, 0x00, 0x00, 0x00, 0x00, 0x00,
    0x00, 0x00, 0x00, 0x00, 0x00, 0x00, 0x04, 0xff, 0xfe, 0xdb, 0x71, 0x00, 0x00, 0x00, 0x00, 0x00,
    0x00, 0x00, 0x00, 0x00, 0x00, 0x00, 0x00, 0x00, 0x00, 0x00, 0x00, 0x00, 0x00, 0x00, 0x00, 0x00,
    0x00, 0x00, 0x00, 0x00, 0x00, 0x00, 0x00, 0x00, 0x00, 0x00, 0x00, 0x00, 0x00, 0x00, 0x00, 0x00,
    0x00, 0x00, 0x00, 0xbf, 0xff, 0xff, 0xff, 0xff, 0xff, 0xff, 0xff, 0xff, 0xff, 0xfc, 0x00, 0x00,
    0x00, 0x00, 0x00, 0x00, 0xbf, 0xff, 0xff, 0xff, 0xff, 0xff, 0xff, 0xff, 0xff, 0xff, 0xfc, 0x00,
    0x00, 0x00, 0x00, 0x00, 0x00, 0xbf, 0xf8, 0x66, 0x66, 0x66, 0x66, 0x66, 0x66, 0x66, 0x9f, 0xfc,
    0x00, 0x00, 0x00, 0x00, 0x00, 0x00, 0xbf, 0xf4, 0x00, 0x00, 0x00, 0x00, 0x00, 0x00, 0x00, 0x5f,
    0xfc, 0x00, 0x00, 0x00, 0x00, 0x00, 0x00, 0xbf, 0xf4, 0x00, 0x00, 0x00, 0x00, 0x00, 0x00, 0x00,
    0x5f, 0xfc, 0x00, 0x00, 0x00, 0x00, 0x00, 0x00, 0xbf, 0xf7, 0x44, 0x44, 0x44, 0x44, 0x44, 0x44,
    0x44, 0x8f, 0xfc, 0x00, 0x00, 0x00, 0x00, 0x00, 0x00, 0xbf, 0xff, 0xff, 0xff, 0xff, 0xff, 0xff,
    0xff, 0xff, 0xff, 0xfc, 0x00, 0x00, 0x00, 0x00, 0x00, 0x00, 0xbf, 0xff, 0xff, 0xff, 0xff, 0xff,
    0xff, 0xff, 0xff, 0xff, 0xfc, 0x00, 0x00, 0x00, 0x00, 0x00, 0x00, 0xbf, 0xf4, 0x00, 0x00, 0x00,
    0x00, 0x00, 0x00, 0x00, 0x5f, 0xfc, 0x00, 0x00, 0x00, 0x00, 0x00, 0x00, 0xbf, 0xf4, 0x00, 0x00,
    0x00, 0x00, 0x00, 0x00, 0x00, 0x5f, 0xfc, 0x00, 0x00, 0x00, 0x00, 0x00, 0x00, 0xbf, 0xf4, 0x00,
    0x00, 0x00, 0x00, 0x00, 0x00, 0x00, 0x5f, 0xfc, 0x00, 0x00, 0x00, 0x00, 0x00, 0x00, 0xbf, 0xff,
    0xff, 0xff, 0xff, 0xff, 0xff, 0xff, 0xff, 0xff, 0xfc, 0x00, 0x00, 0x00, 0x00, 0x00, 0x00, 0xbf,
    0xff, 0xff, 0xff, 0xff, 0xff, 0xff, 0xff, 0xff, 0xff, 0xfc, 0x00, 0x00, 0x00, 0x00, 0x00, 0x00,
    0x46, 0x66, 0x66, 0x66, 0x66, 0x66, 0x66, 0x66, 0x66, 0x66, 0x64, 0x00, 0x00, 0x00, 0x00, 0x00,
    0x00, 0x00, 0x00, 0x01, 0x66, 0x50, 0x00, 0x06, 0x66, 0x00, 0x00, 0x00, 0x00, 0x00, 0x00, 0x00,
    0x00, 0x00, 0x10, 0x00, 0x02, 0xff, 0xc0, 0x00, 0x0f, 0xfe, 0x00, 0x00, 0x14, 0x00, 0x00, 0x00,
    0x00, 0x00, 0x19, 0xe6, 0x00, 0x02, 0xff, 0xc0, 0x00, 0x0f, 0xfe, 0x00, 0x00, 0x8f, 0xc3, 0x00,
    0x00, 0x00, 0x00, 0x1e, 0xfe, 0x10, 0x02, 0xff, 0xc0, 0x00, 0x0f, 0xfe, 0x00, 0x02, 0xff, 0xf2,
    0x00, 0x00, 0x00, 0x00, 0x06, 0xff, 0x90, 0x02, 0xff, 0xc0, 0x00, 0x0f, 0xfe, 0x00, 0x0a, 0xff,
    0x70, 0x00, 0x00, 0x00, 0x00, 0x00, 0xdf, 0xf2, 0x02, 0xff, 0xc0, 0x00, 0x0f, 0xfe, 0x00, 0x4f,
    0xfd, 0x00, 0x00, 0x00, 0x00, 0x00, 0x00, 0x5f, 0xfa, 0x02, 0xff, 0xc0, 0x00, 0x0f, 0xfe, 0x01,
    0xdf, 0xf4, 0x00, 0x00, 0x00, 0x00, 0x00, 0x00, 0x0d, 0xff, 0x22, 0xff, 0xc0, 0x00, 0x0f, 0xfe,
    0x09, 0xff, 0x80, 0x00, 0x00, 0x00, 0x00, 0x00, 0x00, 0x06, 0xfb, 0x22, 0xff, 0xc0, 0x00, 0x0f,
    0xfe, 0x07, 0xec, 0x00, 0x00, 0x00, 0x00, 0x00, 0x00, 0x00, 0x01, 0x30, 0x02, 0xff, 0xc0, 0x00,
    0x0f, 0xfe, 0x00, 0x11, 0x00, 0x00, 0x00, 0x00, 0x00, 0x00, 0x00, 0x00, 0x00, 0x02, 0xff, 0xc0,
    0x00, 0x0f, 0xfe, 0x00, 0x00, 0x00, 0x00, 0x00, 0x00, 0x00, 0xdf, 0xff, 0xff, 0xff, 0xff, 0xff,
    0xff, 0xff, 0xff, 0xff, 0xff, 0xff, 0xff, 0xff, 0xfd, 0x00, 0x00, 0xdf, 0xff, 0xff, 0xff, 0xff,
    0xff, 0xff, 0xff, 0xff, 0xff, 0xff, 0xff, 0xff, 0xff, 0xfd, 0x00, 0x00, 0xbd, 0xdd, 0xdd, 0xdd,
    0xdd, 0xdd, 0xdd, 0xdd, 0xdd, 0xdd, 0xdd, 0xdd, 0xdd, 0xdd, 0xdb, 0x00, 0x00, 0x00, 0x00, 0x00,
    0x00, 0x00, 0x00, 0x00, 0x00, 0x00, 0x00, 0x00, 0x00, 0x00, 0x00, 0x00, 0x00, 0x00, 0x00, 0x00,
    0x00, 0x00, 0x00, 0x00, 0x00, 0x00, 0x00, 0x00, 0x00, 0x00, 0x00, 0x00, 0x00, 0x00, 0x00, 0x00,
    0x00, 0x00, 0x00, 0x00, 0x00, 0x00, 0x00, 0x00, 0x04, 0x44, 0x00, 0x00, 0x00, 0x00, 0x00, 0x00,
    0x00, 0x00, 0x00, 0x00, 0x00, 0x00, 0x00, 0x00, 0x00, 0x0f, 0xfe, 0x00, 0x00, 0x00, 0x00, 0x00,
    0x00, 0x00, 0x00, 0x00, 0x00, 0x00, 0x00, 0x00, 0x00, 0x00, 0x0f, 0xfe, 0x00, 0x00, 0x00, 0x00,
    0x00, 0x00, 0x0b, 0xff, 0xff, 0xff, 0xfb, 0x00, 0xff, 0xff, 0xff, 0xff, 0xff, 0xff, 0xff, 0xff,
    0xf2, 0x00, 0x00, 0x0b, 0xff, 0xff, 0xff, 0xfb, 0x00, 0xff, 0xff, 0xff, 0xff, 0xff, 0xff, 0xff,
    0xff, 0xf2, 0x00, 0x00, 0x0b, 0xfe, 0xbb, 0xbe, 0xfb, 0x00, 0x33, 0x33, 0x33, 0x3f, 0xfe, 0x33,
    0x33, 0x33, 0x30, 0x00, 0x00, 0x0b, 0xfc, 0x00, 0x0c, 0xfb, 0x00, 0x00, 0x00, 0x00, 0x0f, 0xfe,
    0x00, 0x00, 0x00, 0x00, 0x00, 0x00, 0x0b, 0xfc, 0x00, 0x0c, 0xfb, 0x00, 0x3f, 0xff, 0xff, 0xff,
    0xff, 0xff, 0xff, 0xff, 0x70, 0x00, 0x00, 0x0b, 0xfc, 0x00, 0x0c, 0xfb, 0x00, 0x3f, 0xff, 0xff,
    0xff, 0xff, 0xff, 0xff, 0xff, 0x70, 0x00, 0x00, 0x0b, 0xfc, 0x00, 0x0c, 0xfb, 0x00, 0x02, 0x22,
    0x22, 0x2f, 0xfe, 0x22, 0x22, 0x22, 0x10, 0x00, 0x00, 0x0b, 0xfc, 0x00, 0x0c, 0xfb, 0x00, 0x00,
    0x00, 0x00, 0x0f, 0xfe, 0x00, 0x00, 0x00, 0x00, 0x00, 0x00, 0x0b, 0xfc, 0x00, 0x0c, 0xfb, 0x0d,
    0xff, 0xff, 0xff, 0xff, 0xff, 0xff, 0xff, 0xff, 0xfc, 0x00, 0x00, 0x0b, 0xfe, 0xaa, 0xae, 0xfb,
    0x0d, 0xff, 0xff, 0xff, 0xff, 0xff, 0xff, 0xff, 0xff, 0xfc, 0x00, 0x00, 0x0b, 0xff, 0xff, 0xff,
    0xfb, 0x04, 0x44, 0x44, 0x44, 0x44, 0x44, 0x44, 0x44, 0x44, 0x43, 0x00, 0x00, 0x0b, 0xff, 0xff,
    0xff, 0xfb, 0x00, 0x00, 0x00, 0x00, 0x00, 0x00, 0x00, 0x00, 0x00, 0x00, 0x00, 0x00, 0x0b, 0xfc,
    0x00, 0x0c, 0xfb, 0x00, 0x03, 0x33, 0x33, 0x33, 0x33, 0x33, 0x33, 0x33, 0x00, 0x00, 0x00, 0x0b,
    0xfc, 0x00, 0x0c, 0xfb, 0x00, 0x0b, 0xff, 0xff, 0xff, 0xff, 0xff, 0xff, 0xff, 0x00, 0x00, 0x00,
    0x0b, 0xfc, 0x00, 0x0c, 0xfb, 0x00, 0x0b, 0xff, 0xff, 0xff, 0xff, 0xff, 0xff, 0xff, 0x00, 0x00,
    0x00, 0x0b, 0xfc, 0x00, 0x0c, 0xfb, 0x00, 0x0b, 0xff, 0x10, 0x00, 0x00, 0x00, 0x0c, 0xff, 0x00,
    0x00, 0x00, 0x0b, 0xfc, 0x00, 0x0c, 0xfb, 0x00, 0x0b, 0xff, 0x21, 0x11, 0x11, 0x11, 0x1d, 0xff,
    0x00, 0x00, 0x00, 0x0b, 0xfc, 0x00, 0x0c, 0xfb, 0x00, 0x0b, 0xff, 0xff, 0xff, 0xff, 0xff, 0xff,
    0xff, 0x00, 0x00, 0x00, 0x0b, 0xfc, 0x00, 0x0c, 0xfb, 0x00, 0x0b, 0xff, 0xff, 0xff, 0xff, 0xff,
    0xff, 0xff, 0x00, 0x00, 0x00, 0x0b, 0xfe, 0xaa, 0xae, 0xfb, 0x00, 0x0b, 0xff, 0x10, 0x00, 0x00,
    0x00, 0x0c, 0xff, 0x00, 0x00, 0x00, 0x0b, 0xff, 0xff, 0xff, 0xfb, 0x00, 0x0b, 0xff, 0x10, 0x00,
    0x00, 0x00, 0x0c, 0xff, 0x00, 0x00, 0x00, 0x0b, 0xff, 0xff, 0xff, 0xfb, 0x00, 0x0b, 0xff, 0xff,
    0xff, 0xff, 0xff, 0xff, 0xff, 0x00, 0x00, 0x00, 0x0b, 0xfc, 0x00, 0x00, 0x00, 0x00, 0x0b, 0xff,
    0xff, 0xff, 0xff, 0xff, 0xff, 0xff, 0x00, 0x00, 0x00, 0x0b, 0xfc, 0x00, 0x00, 0x00, 0x00, 0x0b,
    0xff, 0x21, 0x11, 0x11, 0x11, 0x1d, 0xff, 0x00, 0x00, 0x00, 0x07, 0xa8, 0x00, 0x00, 0x00, 0x00,
    0x0b, 0xff, 0x10, 0x00, 0x00, 0x00, 0x0c, 0xff, 0x00, 0x00, 0x00, 0x00, 0x00, 0x00, 0x00, 0x00,
    0x00, 0x0b, 0xff, 0x10, 0x00, 0x00, 0x00, 0x0d, 0xfe, 0x00, 0x00, 0x00, 0x00, 0x00, 0x00, 0x00,
    0x00, 0x00, 0x0b, 0xff, 0x10, 0x00, 0x04, 0xff, 0xff, 0xfc, 0x00, 0x00, 0x00, 0x00, 0x00, 0x00,
    0x00, 0x00, 0x00, 0x0b, 0xff, 0x10, 0x00, 0x00, 0xef, 0xff, 0xf5, 0x00, 0x00, 0x00, 0x00, 0x00,
    0x00, 0x00, 0x00, 0x00, 0x05, 0x77, 0x00, 0x00, 0x00, 0x46, 0x64, 0x10, 0x00, 0x00, 0x00, 0x00,
    0x00, 0x00, 0x00, 0x00, 0x00, 0x00, 0x00, 0x00, 0x00, 0x00, 0x00, 0x00, 0x00, 0x00, 0x00, 0x00,
    0x00, 0x00, 0x00, 0x00, 0x00, 0x00, 0x00, 0x00, 0x00, 0x00, 0x00, 0x00, 0x00, 0x00, 0x00, 0x00,
    0x00, 0x00, 0x00, 0x00, 0x41, 0x00, 0x00, 0x00, 0x00, 0x00, 0x00, 0x00, 0x00, 0x00, 0x00, 0x00,
    0x00, 0x00, 0x00, 0x00, 0x04, 0xff, 0xc1, 0x00, 0x00, 0x00, 0x00, 0x00, 0x00, 0x01, 0x37, 0xb9,
    0x00, 0x00, 0x00, 0x24, 0x44, 0x4b, 0xff, 0xc4, 0x44, 0x44, 0x43, 0x04, 0x67, 0x9b, 0xdf, 0xff,
    0xff, 0x40, 0x00, 0x00, 0x6f, 0xff, 0xff, 0xff, 0xff, 0xff, 0xff, 0xf9, 0x0f, 0xff, 0xff, 0xff,
    0xff, 0xea, 0x50, 0x00, 0x00, 0x6f, 0xff, 0xff, 0xff, 0xff, 0xff, 0xff, 0xf9, 0x0f, 0xfe, 0xb9,
    0x86, 0x41, 0x00, 0x00, 0x00, 0x00, 0x00, 0x07, 0xff, 0x90, 0x00, 0x00, 0x00, 0x00, 0x0f, 0xfa,
    0x00, 0x00, 0x00, 0x00, 0x00, 0x00, 0x00, 0x00, 0x2e, 0xfd, 0x10, 0x9b, 0x90, 0x00, 0x00, 0x0f,
    0xfa, 0x00, 0x00, 0x00, 0x00, 0x00, 0x00, 0x00, 0x00, 0xbf, 0xf4, 0x00, 0xdf, 0xd0, 0x00, 0x00,
    0x0f, 0xfa, 0x00, 0x00, 0x00, 0x00, 0x00, 0x00, 0x00, 0x1a, 0xff, 0xc5, 0x55, 0xef, 0xe5, 0x55,
    0x54, 0x0f, 0xff, 0xff, 0xff, 0xff, 0xff, 0xf8, 0x00, 0x00, 0x0e, 0xff, 0xff, 0xff, 0xff, 0xff,
    0xff, 0xfa, 0x1f, 0xff, 0xff, 0xff, 0xff, 0xff, 0xf8, 0x00, 0x00, 0x08, 0xff, 0xff, 0xff, 0xff,
    0xff, 0xff, 0xfa, 0x2f, 0xfb, 0x77, 0x7d, 0xff, 0x77, 0x73, 0x00, 0x00, 0x02, 0x31, 0x00, 0x00,
    0xdf, 0xd0, 0x00, 0x00, 0x4f, 0xf6, 0x00, 0x0c, 0xff, 0x00, 0x00, 0x00, 0x00, 0x00, 0x00, 0x00,
    0x00, 0xdf, 0xd2, 0x45, 0x63, 0x7f, 0xf3, 0x00, 0x0c, 0xff, 0x00, 0x00, 0x00, 0x00, 0x27, 0x88,
    0x9a, 0xbc, 0xff, 0xff, 0xff, 0xf6, 0xcf, 0xf0, 0x00, 0x0c, 0xff, 0x00, 0x00, 0x00, 0x00, 0x4f,
    0xff, 0xff, 0xff, 0xff, 0xff, 0xfd, 0xc6, 0xff, 0xc0, 0x00, 0x0c, 0xff, 0x00, 0x00, 0x00, 0x00,
    0x3f, 0xfe, 0xcb, 0xa8, 0xef, 0xd2, 0x00, 0x0a, 0xff, 0x70, 0x00, 0x0c, 0xff, 0x00, 0x00, 0x00,
    0x00, 0x01, 0x00, 0x00, 0x00, 0xdf, 0xd0, 0x00, 0x2e, 0xfe, 0x10, 0x00, 0x0c, 0xff, 0x00, 0x00,
    0x00, 0x00, 0x00, 0x00, 0x00, 0x00, 0xdf, 0xd0, 0x00, 0x02, 0xb6, 0x00, 0x00, 0x0c, 0xff, 0x00,
    0x00, 0x00, 0x00, 0x00, 0x00, 0x34, 0x44, 0x44, 0x44, 0x44, 0x44, 0x55, 0x44, 0x44, 0x45, 0x53,
    0x00, 0x00, 0x00, 0x00, 0x00, 0x00, 0x9f, 0xff, 0xff, 0xff, 0xff, 0xff, 0xff, 0xff, 0xff, 0xff,
    0xfb, 0x00, 0x00, 0x00, 0x00, 0x00, 0x00, 0x9f, 0xff, 0xff, 0xff, 0xff, 0xff, 0xff, 0xff, 0xff,
    0xff, 0xfb, 0x00, 0x00, 0x00, 0x00, 0x00, 0x00, 0x9f, 0xf4, 0x00, 0x00, 0x00, 0x00, 0x00, 0x00,
    0x00, 0x4f, 0xfb, 0x00, 0x00, 0x00, 0x00, 0x00, 0x00, 0x9f, 0xf4, 0x00, 0x00, 0x00, 0x00, 0x00,
    0x00, 0x00, 0x4f, 0xfb, 0x00, 0x00, 0x00, 0x00, 0x00, 0x00, 0x9f, 0xff, 0xff, 0xff, 0xff, 0xff,
    0xff, 0xff, 0xff, 0xff, 0xfb, 0x00, 0x00, 0x00, 0x00, 0x00, 0x00, 0x9f, 0xff, 0xff, 0xff, 0xff,
    0xff, 0xff, 0xff, 0xff, 0xff, 0xfb, 0x00, 0x00, 0x00, 0x00, 0x00, 0x00, 0x9f, 0xf5, 0x11, 0x11,
    0x11, 0x11, 0x11, 0x11, 0x11, 0x5f, 0xfb, 0x00, 0x00, 0x00, 0x00, 0x00, 0x00, 0x9f, 0xf4, 0x00,
    0x00, 0x00, 0x00, 0x00, 0x00, 0x00, 0x4f, 0xfb, 0x00, 0x00, 0x00, 0x00, 0x00, 0x00, 0x9f, 0xf4,
    0x00, 0x00, 0x00, 0x00, 0x00, 0x00, 0x00, 0x4f, 0xfb, 0x00, 0x00, 0x00, 0x00, 0x00, 0x00, 0x9f,
    0xff, 0xff, 0xff, 0xff, 0xff, 0xff, 0xff, 0xff, 0xff, 0xfb, 0x00, 0x00, 0x00, 0x00, 0x00, 0x00,
    0x9f, 0xff, 0xff, 0xff, 0xff, 0xff, 0xff, 0xff, 0xff, 0xff, 0xfb, 0x00, 0x00, 0x00, 0x00, 0x00,
    0x00, 0x9f, 0xf8, 0x55, 0x55, 0x55, 0x55, 0x55, 0x55, 0x55, 0x8f, 0xfb, 0x00, 0x00, 0x00, 0x00,
    0x00, 0x00, 0x36, 0x62, 0x00, 0x00, 0x00, 0x00, 0x00, 0x00, 0x00, 0x25, 0x54, 0x00, 0x00, 0x00,
    0x00, 0x00, 0x00, 0x00, 0x00, 0x00, 0x00, 0x00, 0x00, 0x00, 0x00, 0x00, 0x00, 0x00, 0x00, 0x00,
    0x00, 0x00, 0x00, 0x00, 0x00, 0x00, 0x00, 0x00, 0x00, 0x00, 0x00, 0x00, 0x00, 0x00, 0x00, 0x00,
    0x00, 0x00, 0x00, 0x0b, 0xbb, 0xbb, 0xbb, 0xbb, 0xbb, 0xbb, 0xbb, 0xbb, 0xbb, 0xbb, 0xbb, 0xbb,
    0xbb, 0xb0, 0x00, 0x00, 0x0f, 0xff, 0xff, 0xff, 0xff, 0xff, 0xff, 0xff, 0xff, 0xff, 0xff, 0xff,
    0xff, 0xff, 0xf0, 0x00, 0x00, 0x0f, 0xff, 0xff, 0xff, 0xff, 0xff, 0xff, 0xff, 0xff, 0xff, 0xff,
    0xff, 0xff, 0xff, 0xf0, 0x00, 0x00, 0x00, 0x00, 0x00, 0x00, 0x00, 0x00, 0x05, 0xff, 0xc0, 0x00,
    0x00, 0x00, 0x00, 0x00, 0x00, 0x00, 0x00, 0x00, 0x00, 0x00, 0x00, 0x00, 0x00, 0x05, 0xff, 0xc0,
    0x00, 0x00, 0x00, 0x00, 0x00, 0x00, 0x00, 0x00, 0x00, 0x01, 0x77, 0x77, 0x77, 0x77, 0x7a, 0xff,
    0xe7, 0x77, 0x77, 0x77, 0x77, 0x70, 0x00, 0x00, 0x00, 0x00, 0x02, 0xff, 0xff, 0xff, 0xff, 0xff,
    0xff, 0xff, 0xff, 0xff, 0xff, 0xff, 0xf0, 0x00, 0x00, 0x00, 0x00, 0x02, 0xff, 0xff, 0xff, 0xff,
    0xff, 0xff, 0xff, 0xff, 0xff, 0xff, 0xff, 0xf0, 0x00, 0x00, 0x00, 0x00, 0x02, 0xff, 0xb0, 0x00,
    0x00, 0x05, 0xff, 0xc0, 0x00, 0x00, 0x00, 0xff, 0xf0, 0x00, 0x00, 0x00, 0x00, 0x02, 0xff, 0xb0,
    0x00, 0x00, 0x05, 0xff, 0xc0, 0x00, 0x00, 0x00, 0xff, 0xf0, 0x00, 0x00, 0x00, 0x00, 0x02, 0xff,
    0xb0, 0x00, 0x00, 0x05, 0xff, 0xc0, 0x00, 0x00, 0x00, 0xff, 0xf0, 0x00, 0x00, 0x00, 0x00, 0x02,
    0xff, 0xff, 0xff, 0xff, 0xff, 0xff, 0xff, 0xff, 0xff, 0xff, 0xff, 0xf0, 0x00, 0x00, 0x00, 0x00,
    0x02, 0xff, 0xff, 0xff, 0xff, 0xff, 0xff, 0xff, 0xff, 0xff, 0xff, 0xff, 0xf0, 0x00, 0x00, 0x00,
    0x00, 0x02, 0xff, 0xc5, 0x55, 0x55, 0x59, 0xff, 0xd5, 0x55, 0x55, 0x55, 0xff, 0xf0, 0x00, 0x00,
    0x00, 0x00, 0x02, 0xff, 0xb0, 0x00, 0x00, 0x05, 0xff, 0xc0, 0x00, 0x00, 0x00, 0xff, 0xf0, 0x00,
    0x00, 0x00, 0x00, 0x02, 0xff, 0xb0, 0x00, 0x00, 0x06, 0xff, 0xc0, 0x00, 0x00, 0x00, 0xff, 0xf0,
    0x00, 0x00, 0x00, 0x00, 0x02, 0xff, 0xff, 0xff, 0xff, 0xff, 0xff, 0xff, 0xff, 0xff, 0xff, 0xff,
    0xf0, 0x00, 0x00, 0x00, 0x00, 0x02, 0xff, 0xff, 0xff, 0xff, 0xff, 0xff, 0xff, 0xff, 0xff, 0xff,
    0xff, 0xf0, 0x00, 0x00, 0x00, 0x00, 0x01, 0x77, 0x9a, 0x77, 0x77, 0x8e, 0xff, 0xa7, 0x77, 0x77,
    0x77, 0x77, 0x70, 0x00, 0x00, 0x00, 0x00, 0x00, 0x1a, 0xfd, 0x10, 0x00, 0x4f, 0xff, 0x10, 0x00,
    0x00, 0x00, 0x00, 0x00, 0x00, 0x00, 0x00, 0x00, 0x00, 0x0b, 0xff, 0xb1, 0x00, 0xaf, 0xfb, 0x00,
    0x00, 0x00, 0x00, 0x00, 0x00, 0x00, 0x00, 0x00, 0x00, 0x00, 0x02, 0xef, 0xfc, 0x17, 0xff, 0xf5,
    0x00, 0x00, 0x00, 0x00, 0x00, 0x00, 0x00, 0x00, 0x00, 0x00, 0x00, 0x00, 0x4f, 0xff, 0xef, 0xff,
    0xa0, 0x00, 0x00, 0x00, 0x00, 0x00, 0x00, 0x00, 0x00, 0x00, 0x00, 0x00, 0x00, 0x04, 0xff, 0xff,
    0xfe, 0x10, 0x00, 0x00, 0x00, 0x00, 0x00, 0x00, 0x00, 0x00, 0x00, 0x00, 0x00, 0x00, 0x17, 0xef,
    0xff, 0xff, 0xd9, 0x40, 0x00, 0x00, 0x00, 0x00, 0x00, 0x00, 0x00, 0x00, 0x00, 0x02, 0x6a, 0xff,
    0xff, 0xff, 0xff, 0xff, 0xff, 0xda, 0x86, 0x54, 0x32, 0x11, 0x10, 0x00, 0x00, 0x4a, 0xdf, 0xff,
    0xff, 0xfd, 0x61, 0x7c, 0xff, 0xff, 0xff, 0xff, 0xff, 0xff, 0xff, 0xfd, 0x00, 0x00, 0x1d, 0xff,
    0xff, 0xfb, 0x50, 0x00, 0x00, 0x37, 0xae, 0xff, 0xff, 0xff, 0xff, 0xff, 0xf6, 0x00, 0x00, 0x04,
    0xfe, 0xb6, 0x20, 0x00, 0x00, 0x00, 0x00, 0x00, 0x24, 0x68, 0x9b, 0xcd, 0xde, 0xf1, 0x00, 0x00,
    0x00, 0x20, 0x00, 0x00, 0x00, 0x00, 0x00, 0x00, 0x00, 0x00, 0x00, 0x00, 0x00, 0x00, 0x00, 0x00,
    0x00, 0x00, 0x00, 0x00, 0x00, 0x00, 0x00, 0x00, 0x00, 0x00, 0x00, 0x00, 0x00, 0x00, 0x00, 0x00,
    0x00, 0x00, 0x00, 0x00, 0x00, 0x00, 0x00, 0x00, 0x00, 0x00, 0x00, 0x00, 0x00, 0x00, 0x00, 0x00,
    0x00, 0x00, 0x00, 0x00, 0x00, 0x01, 0x11, 0x11, 0x11, 0x11, 0x11, 0x11, 0x11, 0x11, 0x11, 0x10,
    0x00, 0x00, 0x00, 0x00, 0x00, 0x00, 0x7f, 0xff, 0xff, 0xff, 0xff, 0xff, 0xff, 0xff, 0xff, 0xff,
    0xf8, 0x00, 0x00, 0x00, 0x00, 0x00, 0x00, 0x7f, 0xff, 0xff, 0xff, 0xff, 0xff, 0xff, 0xff, 0xff,
    0xff, 0xf8, 0x00, 0x00, 0x00, 0x00, 0x00, 0x00, 0x7f, 0xf6, 0x00, 0x00, 0x00, 0x00, 0x00, 0x00,
    0x00, 0x7f, 0xf8, 0x00, 0x00, 0x00, 0x00, 0x00, 0x00, 0x7f, 0xf6, 0x00, 0x00, 0x00, 0x00, 0x00,
    0x00, 0x00, 0x7f, 0xf8, 0x00, 0x00, 0x00, 0x00, 0x00, 0x00, 0x7f, 0xff, 0xff, 0xff, 0xff, 0xff,
    0xff, 0xff, 0xff, 0xff, 0xf8, 0x00, 0x00, 0x00, 0x00, 0x00, 0x00, 0x7f, 0xff, 0xee, 0xee, 0xee,
    0xee, 0xee, 0xee, 0xee, 0xff, 0xf8, 0x00, 0x00, 0x00, 0x00, 0x00, 0x00, 0x7f, 0xf6, 0x00, 0x00,
    0x00, 0x00, 0x00, 0x00, 0x00, 0x7f, 0xf8, 0x00, 0x00, 0x00, 0x00, 0x00, 0x00, 0x7f, 0xf7, 0x11,
    0x11, 0x11, 0x11, 0x11, 0x11, 0x11, 0x7f, 0xf8, 0x00, 0x00, 0x00, 0x00, 0x00, 0x00, 0x7f, 0xff,
    0xff, 0xff, 0xff, 0xff, 0xff, 0xff, 0xff, 0xff, 0xf8, 0x00, 0x00, 0x00, 0x00, 0x00, 0x00, 0x7f,
    0xff, 0xff, 0xff, 0xff, 0xff, 0xff, 0xff, 0xff, 0xff, 0xf8, 0x00, 0x00, 0x00, 0x00, 0x00, 0x00,
    0x00, 0x00, 0x00, 0x00, 0x00, 0x00, 0x00, 0x00, 0x00, 0x00, 0x00, 0x00, 0x00, 0x00, 0x00, 0x36,
    0x66, 0x66, 0x66, 0x66, 0x66, 0x66, 0x66, 0x66, 0x66, 0x66, 0x66, 0x66, 0x66, 0x63, 0x00, 0x00,
    0x7f, 0xff, 0xff, 0xff, 0xff, 0xff, 0xff, 0xff, 0xff, 0xff, 0xff, 0xff, 0xff, 0xff, 0xf7, 0x00,
    0x00, 0x7f, 0xff, 0xff, 0xff, 0xff, 0xff, 0xff, 0xff, 0xff, 0xff, 0xff, 0xff, 0xff, 0xff, 0xf7,
    0x00, 0x00, 0x00, 0x08, 0xff, 0x30, 0x00, 0x0a, 0xff, 0x30, 0x00, 0x00, 0x00, 0x00, 0x00, 0x00,
    0x00, 0x00, 0x00, 0x00, 0x08, 0xff, 0x53, 0x33, 0x3b, 0xff, 0x34, 0x66, 0x66, 0x66, 0x66, 0x66,
    0x64, 0x00, 0x00, 0x00, 0x00, 0x08, 0xff, 0xff, 0xff, 0xff, 0xff, 0x39, 0xff, 0xff, 0xff, 0xff,
    0xff, 0xff, 0x70, 0x00, 0x00, 0x00, 0x08, 0xff, 0xff, 0xff, 0xff, 0xff, 0x39, 0xff, 0xff, 0xff,
    0xff, 0xff, 0xff, 0x20, 0x00, 0x00, 0x00, 0x08, 0xff, 0x30, 0x00, 0x0a, 0xff, 0x30, 0x4e, 0xf5,
    0x00, 0x00, 0x1e, 0xfb, 0x00, 0x00, 0x00, 0x00, 0x08, 0xff, 0x52, 0x22, 0x2b, 0xff, 0x30, 0x0d,
    0xfd, 0x00, 0x00, 0x9f, 0xf5, 0x00, 0x00, 0x00, 0x00, 0x08, 0xff, 0xff, 0xff, 0xff, 0xff, 0x30,
    0x06, 0xff, 0x80, 0x04, 0xff, 0xd0, 0x00, 0x00, 0x00, 0x00, 0x08, 0xff, 0xff, 0xff, 0xff, 0xff,
    0x30, 0x00, 0xdf, 0xf5, 0x2e, 0xff, 0x30, 0x00, 0x00, 0x00, 0x00, 0x08, 0xff, 0x30, 0x00, 0x0a,
    0xff, 0x30, 0x00, 0x3f, 0xfe, 0xdf, 0xf7, 0x00, 0x00, 0x00, 0x00, 0x00, 0x08, 0xff, 0x30, 0x01,
    0x3c, 0xff, 0x86, 0x00, 0x06, 0xff, 0xff, 0xb0, 0x00, 0x00, 0x00, 0x00, 0x01, 0x3a, 0xff, 0xcd,
    0xff, 0xff, 0xff, 0xfd, 0x00, 0x04, 0xff, 0xff, 0xa2, 0x00, 0x00, 0x00, 0x00, 0x8f, 0xff, 0xff,
    0xff, 0xff, 0xff, 0xff, 0xfc, 0x02, 0xaf, 0xff, 0xff, 0xfe, 0x81, 0x00, 0x00, 0x00, 0x6f, 0xff,
    0xff, 0xfd, 0xba, 0x8c, 0xff, 0x44, 0xaf, 0xff, 0xf8, 0x5e, 0xff, 0xff, 0xb6, 0x00, 0x00, 0x38,
    0x75, 0x31, 0x00, 0x00, 0x0a, 0xff, 0x3a, 0xff, 0xfc, 0x30, 0x01, 0xaf, 0xff, 0xf6, 0x00, 0x00,
    0x00, 0x00, 0x00, 0x00, 0x00, 0x0a, 0xff, 0x31, 0xeb, 0x50, 0x00, 0x00, 0x02, 0x8e, 0x90, 0x00,
    0x00, 0x00, 0x00, 0x00, 0x00, 0x00, 0x03, 0x55, 0x10, 0x10, 0x00, 0x00, 0x00, 0x00, 0x00, 0x10,
    0x00, 0x00, 0x00, 0x00, 0x00, 0x00, 0x00, 0x00, 0x00, 0x00, 0x00, 0x00, 0x00, 0x00, 0x00, 0x00,
    0x00, 0x00, 0x00, 0x00, 0x00, 0x00, 0x00, 0x00, 0x00, 0x00, 0x00, 0x00, 0x00, 0x00, 0x00, 0x00,
    0x00, 0x00, 0x00, 0x00, 0x00, 0x00, 0x00, 0x00, 0x00, 0x00, 0x03, 0x44, 0x20, 0x00, 0x00, 0x00,
    0x00, 0x00, 0x00, 0x00, 0x00, 0x00, 0x00, 0x00, 0x00, 0x00, 0x00, 0x0a, 0xff, 0x80, 0x00, 0x00,
    0x00, 0x00, 0x00, 0x00, 0x00, 0x00, 0x00, 0x00, 0x00, 0x00, 0x00, 0x00, 0x0a, 0xff, 0x80, 0x00,
    0x00, 0x00, 0x00, 0x00, 0x00, 0x00, 0x00, 0x00, 0x00, 0x00, 0x00, 0x00, 0x00, 0x0a, 0xff, 0x80,
    0x00, 0x00, 0x00, 0x00, 0x00, 0x00, 0x00, 0x00, 0x00, 0x00, 0x00, 0x00, 0x00, 0x00, 0x0a, 0xff,
    0x80, 0x00, 0x00, 0x00, 0x00, 0x00, 0x00, 0x00, 0x00, 0x00, 0x00, 0x00, 0x00, 0x00, 0x00, 0x0a,
    0xff, 0x80, 0x00, 0x00, 0x00, 0x00, 0x00, 0x00, 0x00, 0x00, 0x00, 0x0c, 0xff, 0xff, 0xff, 0xff,
    0xff, 0xff, 0xff, 0xff, 0xff, 0xff, 0xff, 0xf0, 0x00, 0x00, 0x00, 0x00, 0x0c, 0xff, 0xff, 0xff,
    0xff, 0xff, 0xff, 0xff, 0xff, 0xff, 0xff, 0xff, 0xf0, 0x00, 0x00, 0x00, 0x00, 0x0c, 0xff, 0xff,
    0xff, 0xff, 0xff, 0xff, 0xff, 0xff, 0xff, 0xff, 0xff, 0xf0, 0x00, 0x00, 0x00, 0x00, 0x00, 0x00,
    0x00, 0x00, 0x00, 0x0a, 0xff, 0x80, 0x00, 0x00, 0x00, 0x00, 0x00, 0x00, 0x00, 0x00, 0x00, 0x00,
    0x00, 0x00, 0x00, 0x00, 0x0a, 0xff, 0x80, 0x00, 0x00, 0x00, 0x00, 0x00, 0x00, 0x00, 0x00, 0x00,
    0x00, 0x00, 0x00, 0x00, 0x00, 0x0a, 0xff, 0x80, 0x00, 0x00, 0x00, 0x00, 0x00, 0x00, 0x00, 0x00,
    0x00, 0x00, 0x00, 0x00, 0x00, 0x00, 0x0a, 0xff, 0x80, 0x00, 0x00, 0x00, 0x00, 0x00, 0x00, 0x00,
    0x00, 0x00, 0x00, 0x00, 0x00, 0x00, 0x00, 0x0a, 0xff, 0x80, 0x00, 0x00, 0x00, 0x00, 0x00, 0x00,
    0x00, 0x00, 0x2f, 0xff, 0xff, 0xff, 0xff, 0xff, 0xff, 0xff, 0xff, 0xff, 0xff, 0xff, 0xff, 0xff,
    0xf4, 0x00, 0x00, 0x2f, 0xff, 0xff, 0xff, 0xff, 0xff, 0xff, 0xff, 0xff, 0xff, 0xff, 0xff, 0xff,
    0xff, 0xf4, 0x00, 0x00, 0x2f, 0xff, 0xff, 0xff, 0xff, 0xff, 0xff, 0xff, 0xff, 0xff, 0xff, 0xff,
    0xff, 0xff, 0xf4, 0x00, 0x00, 0x00, 0x00, 0x00, 0x00, 0x00, 0x09, 0xff, 0xff, 0xff, 0x80, 0x00,
    0x00, 0x00, 0x00, 0x00, 0x00, 0x00, 0x00, 0x00, 0x00, 0x00, 0x00, 0x6f, 0xff, 0xff, 0xff, 0xf5,
    0x00, 0x00, 0x00, 0x00, 0x00, 0x00, 0x00, 0x00, 0x00, 0x00, 0x00, 0x04, 0xff, 0xff, 0xff, 0xef,
    0xff, 0x30, 0x00, 0x00, 0x00, 0x00, 0x00, 0x00, 0x00, 0x00, 0x00, 0x00, 0x4e, 0xff, 0xaa, 0xff,
    0x8a, 0xff, 0xe3, 0x00, 0x00, 0x00, 0x00, 0x00, 0x00, 0x00, 0x00, 0x00, 0x04, 0xef, 0xfc, 0x1a,
    0xff, 0x81, 0xcf, 0xfe, 0x40, 0x00, 0x00, 0x00, 0x00, 0x00, 0x00, 0x00, 0x00, 0x5f, 0xff, 0xe2,
    0x0a, 0xff, 0x80, 0x2d, 0xff, 0xf5, 0x00, 0x00, 0x00, 0x00, 0x00, 0x00, 0x00, 0x08, 0xff, 0xfd,
    0x20, 0x0a, 0xff, 0x80, 0x02, 0xdf, 0xff, 0x80, 0x00, 0x00, 0x00, 0x00, 0x00, 0x02, 0xcf, 0xff,
    0xd2, 0x00, 0x0a, 0xff, 0x80, 0x00, 0x2d, 0xff, 0xfc, 0x20, 0x00, 0x00, 0x00, 0x01, 0x7e, 0xff,
    0xfc, 0x20, 0x00, 0x0a, 0xff, 0x80, 0x00, 0x02, 0xdf, 0xff, 0xe7, 0x10, 0x00, 0x00, 0x6e, 0xff,
    0xff, 0xa1, 0x00, 0x00, 0x0a, 0xff, 0x80, 0x00, 0x00, 0x1a, 0xff, 0xff, 0xe6, 0x00, 0x00, 0x9f,
    0xff, 0xf7, 0x00, 0x00, 0x00, 0x0a, 0xff, 0x80, 0x00, 0x00, 0x00, 0x7f, 0xff, 0xf8, 0x00, 0x00,
    0x0b, 0xfc, 0x30, 0x00, 0x00, 0x00, 0x0a, 0xff, 0x80, 0x00, 0x00, 0x00, 0x03, 0xcf, 0xa0, 0x00,
    0x00, 0x01, 0x60, 0x00, 0x00, 0x00, 0x00, 0x0a, 0xff, 0x80, 0x00, 0x00, 0x00, 0x00, 0x06, 0x10,
    0x00, 0x00, 0x00, 0x00, 0x00, 0x00, 0x00, 0x00, 0x0a, 0xff, 0x80, 0x00, 0x00, 0x00, 0x00, 0x00,
    0x00, 0x00, 0x00, 0x00, 0x00, 0x00, 0x00, 0x00, 0x00, 0x03, 0x55, 0x30, 0x00, 0x00, 0x00, 0x00,
    0x00, 0x00, 0x00, 0x00, 0x00, 0x00, 0x00, 0x00, 0x00, 0x00, 0x00, 0x00, 0x00, 0x00, 0x00, 0x00,
    0x00, 0x00, 0x00, 0x00, 0x00, 0x00, 0x00, 0x00, 0x00, 0x00, 0x00, 0x00, 0x00, 0x00, 0x00, 0x00,
    0x00, 0x00, 0x00, 0x00, 0x00, 0x00, 0x00, 0x00, 0x00, 0x00, 0x00, 0x00, 0x03, 0x55, 0x30, 0x00,
    0x00, 0x00, 0x00, 0x00, 0x00, 0x00, 0x00, 0x00, 0x00, 0x00, 0x00, 0x00, 0x00, 0x0a, 0xff, 0x80,
    0x00, 0x00, 0x00, 0x00, 0x00, 0x00, 0x00, 0x00, 0x00, 0x00, 0x00, 0x00, 0x00, 0x00, 0x0a, 0xff,
    0x80, 0x00, 0x00, 0x00, 0x00, 0x00, 0x00, 0x00, 0x00, 0x00, 0x00, 0x00, 0x00, 0x00, 0x00, 0x0a,
    0xff, 0x80, 0x00, 0x00, 0x00, 0x00, 0x00, 0x00, 0x00, 0x00, 0x00, 0x00, 0x00, 0x00, 0x00, 0x00,
    0x0a, 0xff, 0x80, 0x00, 0x00, 0x00, 0x00, 0x00, 0x00, 0x00, 0x00, 0x00, 0x00, 0x00, 0x00, 0x00,
    0x00, 0x0a, 0xff, 0x80, 0x00, 0x00, 0x00, 0x00, 0x00, 0x00, 0x00, 0x00, 0x00, 0x00, 0x00, 0x00,
    0x00, 0x00, 0x0a, 0xff, 0x80, 0x00, 0x00, 0x00, 0x00, 0x00, 0x00, 0x00, 0x00, 0x0f, 0xff, 0xff,
    0xff, 0xff, 0xff, 0xff, 0xff, 0xff, 0xff, 0xff, 0xff, 0xff, 0xff, 0xf1, 0x00, 0x00, 0x0f, 0xff,
    0xff, 0xff, 0xff, 0xff, 0xff, 0xff, 0xff, 0xff, 0xff, 0xff, 0xff, 0xff, 0xf1, 0x00, 0x00, 0x0f,
    0xff, 0xff, 0xff, 0xff, 0xff, 0xff, 0xff, 0xff, 0xff, 0xff, 0xff, 0xff, 0xff, 0xf1, 0x00, 0x00,
    0x02, 0x22, 0x22, 0x22, 0x26, 0xff, 0xca, 0xff, 0x9e, 0xff, 0x42, 0x22, 0x22, 0x22, 0x20, 0x00,
    0x00, 0x00, 0x00, 0x00, 0x00, 0x0c, 0xff, 0x5a, 0xff, 0x87, 0xff, 0x90, 0x00, 0x00, 0x00, 0x00,
    0x00, 0x00, 0x00, 0x00, 0x00, 0x00, 0x4f, 0xfd, 0x0a, 0xff, 0x81, 0xef, 0xf2, 0x00, 0x00, 0x00,
    0x00, 0x00, 0x00, 0x00, 0x00, 0x00, 0x00, 0xbf, 0xf6, 0x0a, 0xff, 0x80, 0x9f, 0xf9, 0x00, 0x00,
    0x00, 0x00, 0x00, 0x00, 0x00, 0x00, 0x00, 0x04, 0xff, 0xe1, 0x0a, 0xff, 0x80, 0x2f, 0xff, 0x30,
    0x00, 0x00, 0x00, 0x00, 0x00, 0x00, 0x00, 0x00, 0x0d, 0xff, 0x80, 0x0a, 0xff, 0x80, 0x0a, 0xff,
    0xc0, 0x00, 0x00, 0x00, 0x00, 0x00, 0x00, 0x00, 0x00, 0x8f, 0xfe, 0x10, 0x0a, 0xff, 0x80, 0x03,
    0xff, 0xf7, 0x00, 0x00, 0x00, 0x00, 0x00, 0x00, 0x00, 0x03, 0xff, 0xf7, 0x00, 0x0a, 0xff, 0x80,
    0x00, 0x9f, 0xfe, 0x20, 0x00, 0x00, 0x00, 0x00, 0x00, 0x00, 0x1d, 0xff, 0xc0, 0x00, 0x0a, 0xff,
    0x80, 0x00, 0x1e, 0xff, 0xd1, 0x00, 0x00, 0x00, 0x00, 0x00, 0x00, 0xcf, 0xff, 0x30, 0x00, 0x0a,
    0xff, 0x80, 0x00, 0x05, 0xff, 0xfc, 0x10, 0x00, 0x00, 0x00, 0x00, 0x0a, 0xff, 0xf7, 0x00, 0x00,
    0x0a, 0xff, 0x80, 0x00, 0x00, 0x9f, 0xff, 0xb0, 0x00, 0x00, 0x00, 0x00, 0xaf, 0xff, 0xb0, 0x00,
    0x00, 0x0a, 0xff, 0x80, 0x00, 0x00, 0x1d, 0xff, 0xfc, 0x20, 0x00, 0x00, 0x2c, 0xff, 0xfc, 0xdf,
    0xff, 0xff, 0xff, 0xff, 0xff, 0xff, 0xff, 0xfc, 0xef, 0xff, 0xe4, 0x00, 0x00, 0xbf, 0xff, 0xc1,
    0xcf, 0xff, 0xff, 0xff, 0xff, 0xff, 0xff, 0xff, 0xfa, 0x2e, 0xff, 0xf8, 0x00, 0x00, 0x1d, 0xfc,
    0x10, 0xcf, 0xff, 0xff, 0xff, 0xff, 0xff, 0xff, 0xff, 0xfa, 0x02, 0xdf, 0x90, 0x00, 0x00, 0x02,
    0x90, 0x00, 0x11, 0x11, 0x11, 0x1a, 0xff, 0x91, 0x11, 0x11, 0x11, 0x00, 0x18, 0x00, 0x00, 0x00,
    0x00, 0x00, 0x00, 0x00, 0x00, 0x00, 0x0a, 0xff, 0x80, 0x00, 0x00, 0x00, 0x00, 0x00, 0x00, 0x00,
    0x00, 0x00, 0x00, 0x00, 0x00, 0x00, 0x00, 0x0a, 0xff, 0x80, 0x00, 0x00, 0x00, 0x00, 0x00, 0x00,
    0x00, 0x00, 0x00, 0x00, 0x00, 0x00, 0x00, 0x00, 0x0a, 0xff, 0x80, 0x00, 0x00, 0x00, 0x00, 0x00,
    0x00, 0x00, 0x00, 0x00, 0x00, 0x00, 0x00, 0x00, 0x00, 0x0a, 0xff, 0x80, 0x00, 0x00, 0x00, 0x00,
    0x00, 0x00, 0x00, 0x00, 0x00, 0x00, 0x00, 0x00, 0x00, 0x00, 0x0a, 0xff, 0x80, 0x00, 0x00, 0x00,
    0x00, 0x00, 0x00, 0x00, 0x00, 0x00, 0x00, 0x00, 0x00, 0x00, 0x00, 0x03, 0x44, 0x20, 0x00, 0x00,
    0x00, 0x00, 0x00, 0x00, 0x00, 0x00, 0x00, 0x00, 0x00, 0x00, 0x00, 0x00, 0x00, 0x00, 0x00, 0x00,
    0x00, 0x00, 0x00, 0x00, 0x00, 0x00, 0x00, 0x00, 0x00, 0x00, 0x00, 0x00, 0x00, 0x00, 0x00, 0x00,
    0x00, 0x00, 0x00, 0x00, 0x00, 0x00, 0x00, 0x00, 0x00, 0x00, 0x01, 0x22, 0x10, 0x00, 0x00, 0x00,
    0x00, 0x00, 0x00, 0x00, 0x00, 0x00, 0x00, 0x00, 0x00, 0x00, 0x00, 0x06, 0xff, 0x80, 0x00, 0x00,
    0x00, 0x00, 0x00, 0x00, 0x00, 0x00, 0x00, 0x00, 0x00, 0x00, 0x00, 0x00, 0x06, 0xff, 0x80, 0x00,
    0x00, 0x00, 0x00, 0x00, 0x00, 0x00, 0x00, 0x00, 0x00, 0x00, 0x00, 0x00, 0x00, 0x06, 0xff, 0x80,
    0x00, 0x00, 0x3f, 0xff, 0xff, 0xff, 0xff, 0xfd, 0x00, 0x00, 0x00, 0x00, 0x00, 0x00, 0x06, 0xff,
    0x80, 0x00, 0x00, 0x3f, 0xff, 0xff, 0xff, 0xff, 0xfd, 0x00, 0x00, 0x00, 0x00, 0x00, 0x00, 0x06,
    0xff, 0x80, 0x00, 0x00, 0x3f, 0xff, 0xdd, 0xdd, 0xef, 0xfd, 0x00, 0x00, 0x00, 0x00, 0x00, 0x00,
    0x06, 0xff, 0x80, 0x00, 0x00, 0x3f, 0xfb, 0x00, 0x00, 0x2f, 0xfd, 0x00, 0x00, 0x00, 0x00, 0x00,
    0x00, 0x06, 0xff, 0x80, 0x00, 0x00, 0x3f, 0xfb, 0x00, 0x00, 0x2f, 0xfd, 0x00, 0x00, 0x00, 0x00,
    0x7f, 0xff, 0xff, 0xff, 0xff, 0xff, 0xf0, 0x3f, 0xfb, 0x00, 0x00, 0x2f, 0xfd, 0x00, 0x00, 0x00,
    0x00, 0x7f, 0xff, 0xff, 0xff, 0xff, 0xff, 0xf0, 0x3f, 0xfb, 0x00, 0x00, 0x2f, 0xfd, 0x00, 0x00,
    0x00, 0x00, 0x6d, 0xdd, 0xdf, 0xff, 0xed, 0xdd, 0xd0, 0x3f, 0xfb, 0x00, 0x00, 0x2f, 0xfd, 0x00,
    0x00, 0x00, 0x00, 0x00, 0x00, 0x0e, 0xff, 0x80, 0x00, 0x00, 0x3f, 0xfb, 0x00, 0x00, 0x2f, 0xfd,
    0x00, 0x00, 0x00, 0x00, 0x00, 0x00, 0x4f, 0xff, 0x80, 0x00, 0x00, 0x3f, 0xfb, 0x00, 0x00, 0x2f,
    0xfd, 0x00, 0x00, 0x00, 0x00, 0x00, 0x00, 0x9f, 0xff, 0xb0, 0x00, 0x00, 0x4f, 0xfa, 0x00, 0x00,
    0x2f, 0xfd, 0x00, 0x00, 0x00, 0x00, 0x00, 0x00, 0xef, 0xff, 0xf8, 0x00, 0x00, 0x4f, 0xfa, 0x00,
    0x00, 0x2f, 0xfd, 0x00, 0x00, 0x00, 0x00, 0x00, 0x05, 0xff, 0xff, 0xff, 0x60, 0x00, 0x5f, 0xf9,
    0x00, 0x00, 0x2f, 0xfd, 0x00, 0x00, 0x00, 0x00, 0x00, 0x0b, 0xff, 0xff, 0xff, 0xf5, 0x00, 0x5f,
    0xf9, 0x00, 0x00, 0x2f, 0xfd, 0x00, 0x00, 0x00, 0x00, 0x00, 0x3f, 0xfa, 0xff, 0xae, 0xfe, 0x30,
    0x6f, 0xf8, 0x00, 0x00, 0x2f, 0xfd, 0x00, 0x00, 0x00, 0x00, 0x00, 0xaf, 0xd6, 0xff, 0x85, 0xff,
    0xd1, 0x8f, 0xf6, 0x00, 0x00, 0x2f, 0xfd, 0x00, 0x00, 0x00, 0x00, 0x03, 0xff, 0x76, 0xff, 0x80,
    0xaf, 0xc0, 0xaf, 0xf4, 0x00, 0x00, 0x2f, 0xfd, 0x00, 0x00, 0x00, 0x00, 0x0b, 0xff, 0x16, 0xff,
    0x80, 0x2e, 0x30, 0xcf, 0xf2, 0x00, 0x00, 0x2f, 0xfd, 0x00, 0x00, 0x00, 0x00, 0x7f, 0xfa, 0x06,
    0xff, 0x80, 0x01, 0x00, 0xef, 0xe0, 0x00, 0x00, 0x2f, 0xfd, 0x00, 0x00, 0x00, 0x01, 0xff, 0xf2,
    0x06, 0xff, 0x80, 0x00, 0x03, 0xff, 0xc0, 0x00, 0x00, 0x2f, 0xfd, 0x00, 0x50, 0x00, 0x00, 0xbf,
    0x90, 0x06, 0xff, 0x80, 0x00, 0x08, 0xff, 0x80, 0x00, 0x00, 0x2f, 0xfd, 0x00, 0xcd, 0x30, 0x00,
    0x3e, 0x10, 0x06, 0xff, 0x80, 0x00, 0x0d, 0xff, 0x40, 0x00, 0x00, 0x2f, 0xfd, 0x00, 0xcf, 0x60,
    0x00, 0x02, 0x00, 0x06, 0xff, 0x80, 0x00, 0x5f, 0xfe, 0x00, 0x00, 0x00, 0x2f, 0xfd, 0x00, 0xdf,
    0x60, 0x00, 0x00, 0x00, 0x06, 0xff, 0x80, 0x00, 0xcf, 0xf8, 0x00, 0x00, 0x00, 0x2f, 0xfd, 0x00,
    0xef, 0x50, 0x00, 0x00, 0x00, 0x06, 0xff, 0x80, 0x07, 0xff, 0xe2, 0x00, 0x00, 0x00, 0x2f, 0xfe,
    0x01, 0xff, 0x40, 0x00, 0x00, 0x00, 0x06, 0xff, 0x80, 0x4f, 0xff, 0x70, 0x00, 0x00, 0x00, 0x1f,
    0xff, 0xdd, 0xff, 0x20, 0x00, 0x00, 0x00, 0x06, 0xff, 0x80, 0x9f, 0xfc, 0x00, 0x00, 0x00, 0x00,
    0x0c, 0xff, 0xff, 0xfd, 0x00, 0x00, 0x00, 0x00, 0x06, 0xff, 0x80, 0x07, 0xe2, 0x00, 0x00, 0x00,
    0x00, 0x02, 0xbe, 0xff, 0xc3, 0x00, 0x00, 0x00, 0x00, 0x02, 0x44, 0x20, 0x00, 0x10, 0x00, 0x00,
    0x00, 0x00, 0x00, 0x00, 0x00, 0x00, 0x00, 0x00, 0x00, 0x00, 0x00, 0x00, 0x00, 0x00, 0x00, 0x00,
    0x00, 0x00, 0x00, 0x00, 0x00, 0x00, 0x00, 0x00, 0x00, 0x00, 0x00, 0x00, 0x00, 0x00, 0x00, 0x00,
    0x00, 0x00, 0x00, 0x00, 0x00, 0x00, 0x00, 0x00, 0x00, 0x00, 0x00, 0x00, 0x13, 0x32, 0x00, 0x00,
    0x00, 0x00, 0x00, 0x00, 0x00, 0x00, 0x00, 0x00, 0x00, 0x00, 0x00, 0x00, 0x00, 0x3f, 0xf8, 0x00,
    0x00, 0x00, 0x00, 0x00, 0x00, 0x00, 0x00, 0x00, 0x00, 0x00, 0x00, 0x00, 0x00, 0x00, 0x3f, 0xf8,
    0x00, 0x00, 0x00, 0x00, 0x00, 0x00, 0x00, 0x00, 0x00, 0x00, 0x00, 0x00, 0x00, 0x00, 0x00, 0x3f,
    0xf8, 0x00, 0x0b, 0xff, 0xff, 0xff, 0xff, 0xff, 0xff, 0xf9, 0x00, 0x00, 0x00, 0x00, 0x00, 0x00,
    0x3f, 0xf8, 0x00, 0x0b, 0xff, 0xff, 0xff, 0xff, 0xff, 0xff, 0xf6, 0x00, 0x00, 0x00, 0x00, 0x00,
    0x00, 0x3f, 0xf8, 0x00, 0x09, 0xcc, 0xdf, 0xfe, 0xcc, 0xcc, 0xff, 0xf2, 0x00, 0x00, 0x00, 0x00,
    0x00, 0x00, 0x3f, 0xf8, 0x00, 0x00, 0x00, 0x6f, 0xf7, 0x00, 0x00, 0xef, 0xd0, 0x00, 0x00, 0x00,
    0x00, 0x3f, 0xff, 0xff, 0xff, 0xff, 0xd0, 0x00, 0x7f, 0xf6, 0x00, 0x04, 0xff, 0x90, 0x00, 0x00,
    0x00, 0x00, 0x3f, 0xff, 0xff, 0xff, 0xff, 0xd0, 0x00, 0x8f, 0xf5, 0x00, 0x08, 0xff, 0x50, 0x00,
    0x00, 0x00, 0x00, 0x3c, 0xcc, 0xdf, 0xfe, 0xcc, 0xb0, 0x00, 0x9f, 0xf3, 0x00, 0x0b, 0xff, 0x10,
    0x00, 0x00, 0x00, 0x00, 0x00, 0x00, 0x8f, 0xfa, 0x00, 0x00, 0x00, 0xaf, 0xf2, 0x00, 0x1f, 0xfc,
    0x00, 0x00, 0x00, 0x00, 0x00, 0x00, 0x00, 0xcf, 0xff, 0x40, 0x00, 0x00, 0xbf, 0xf1, 0x00, 0x5f,
    0xfd, 0xaa, 0xa8, 0x20, 0x00, 0x00, 0x00, 0x01, 0xff, 0xff, 0xd1, 0x00, 0x00, 0xcf, 0xf1, 0x00,
    0x9f, 0xff, 0xff, 0xff, 0xb0, 0x00, 0x00, 0x00, 0x06, 0xff, 0xff, 0xf9, 0x00, 0x00, 0xef, 0xf6,
    0x00, 0xef, 0xff, 0xff, 0xff, 0x80, 0x00, 0x00, 0x00, 0x0b, 0xff, 0xfc, 0xff, 0x30, 0x01, 0xff,
    0xfc, 0x00, 0x00, 0x00, 0x0a, 0xff, 0x40, 0x00, 0x00, 0x00, 0x2f, 0xff, 0xf8, 0xcf, 0xc0, 0x04,
    0xff, 0xff, 0x30, 0x00, 0x00, 0x1e, 0xff, 0x10, 0x00, 0x00, 0x00, 0x7f, 0xef, 0xf8, 0x4f, 0xf3,
    0x06, 0xff, 0xff, 0x90, 0x00, 0x00, 0x5f, 0xfb, 0x00, 0x00, 0x00, 0x00, 0xef, 0xaf, 0xf8, 0x0d,
    0x70, 0x09, 0xff, 0xff, 0xe1, 0x00, 0x00, 0xaf, 0xf6, 0x00, 0x00, 0x00, 0x06, 0xff, 0x5f, 0xf8,
    0x03, 0x00, 0x0b, 0xff, 0xaf, 0xf9, 0x00, 0x01, 0xef, 0xf1, 0x00, 0x00, 0x00, 0x0d, 0xfb, 0x3f,
    0xf8, 0x00, 0x00, 0x0e, 0xfd, 0x1e, 0xff, 0x30, 0x09, 0xff, 0x90, 0x00, 0x00, 0x00, 0x7f, 0xf6,
    0x3f, 0xf8, 0x00, 0x00, 0x3f, 0xfa, 0x08, 0xff, 0xc0, 0x2f, 0xff, 0x20, 0x00, 0x00, 0x01, 0xef,
    0xe1, 0x3f, 0xf8, 0x00, 0x00, 0x8f, 0xf6, 0x01, 0xef, 0xf7, 0xaf, 0xfa, 0x00, 0x00, 0x00, 0x00,
    0xbf, 0x80, 0x3f, 0xf8, 0x00, 0x00, 0xcf, 0xf2, 0x00, 0x6f, 0xff, 0xff, 0xf2, 0x00, 0x00, 0x00,
    0x00, 0x4e, 0x10, 0x3f, 0xf8, 0x00, 0x03, 0xff, 0xc0, 0x00, 0x0b, 0xff, 0xff, 0x80, 0x00, 0x00,
    0x00, 0x00, 0x05, 0x00, 0x3f, 0xf8, 0x00, 0x09, 0xff, 0x70, 0x00, 0x02, 0xff, 0xff, 0x30, 0x00,
    0x00, 0x00, 0x00, 0x00, 0x00, 0x3f, 0xf8, 0x00, 0x2f, 0xff, 0x20, 0x00, 0x1c, 0xff, 0xff, 0xe4,
    0x00, 0x00, 0x00, 0x00, 0x00, 0x00, 0x3f, 0xf8, 0x00, 0xaf, 0xf9, 0x00, 0x02, 0xdf, 0xff, 0xff,
    0xff, 0x60, 0x00, 0x00, 0x00, 0x00, 0x00, 0x3f, 0xf8, 0x04, 0xff, 0xf2, 0x00, 0x5e, 0xff, 0xf6,
    0x5e, 0xff, 0xfc, 0x30, 0x00, 0x00, 0x00, 0x00, 0x3f, 0xf8, 0x2e, 0xff, 0x90, 0x2b, 0xff, 0xff,
    0x60, 0x03, 0xef, 0xff, 0xfa, 0x00, 0x00, 0x00, 0x00, 0x3f, 0xf8, 0x9f, 0xfd, 0x10, 0x2d, 0xff,
    0xe5, 0x00, 0x00, 0x2b, 0xff, 0xf4, 0x00, 0x00, 0x00, 0x00, 0x3f, 0xf8, 0x06, 0xf4, 0x00, 0x02,
    0xea, 0x10, 0x00, 0x00, 0x00, 0x4d, 0x80, 0x00, 0x00, 0x00, 0x00, 0x14, 0x42, 0x00, 0x20, 0x00,
    0x00, 0x20, 0x00, 0x00, 0x00, 0x00, 0x00, 0x00, 0x00, 0x00, 0x00, 0x00, 0x00, 0x00, 0x00, 0x00,
    0x00, 0x00, 0x00, 0x00, 0x00, 0x00, 0x00, 0x00, 0x00, 0x00, 0x00, 0x00, 0x00, 0x00, 0x00, 0x00,
    0x00, 0x00, 0x00, 0x00, 0x00, 0x00, 0x00, 0x00, 0x00, 0x00, 0x00, 0x00, 0x00, 0x00, 0x15, 0x53,
    0x00, 0x00, 0x00, 0x00, 0x00, 0x17, 0x10, 0x00, 0x00, 0x00, 0x00, 0x00, 0x00, 0x00, 0x00, 0x2f,
    0xf9, 0x00, 0x00, 0x00, 0x00, 0x07, 0xff, 0xb0, 0x00, 0x00, 0x00, 0x00, 0x00, 0x00, 0x00, 0x00,
    0x2f, 0xf9, 0x00, 0x00, 0x00, 0x00, 0x01, 0xef, 0xf7, 0x00, 0x00, 0x00, 0x00, 0x00, 0x00, 0x00,
    0x00, 0x2f, 0xf9, 0x00, 0x00, 0x00, 0x00, 0x00, 0x5f, 0xfe, 0x10, 0x00, 0x00, 0x00, 0x00, 0x00,
    0x00, 0x00, 0x2f, 0xf9, 0x00, 0x00, 0x00, 0x00, 0x00, 0x0c, 0xfb, 0x20, 0x00, 0x00, 0x00, 0x00,
    0x00, 0x00, 0x00, 0x2f, 0xf9, 0x00, 0x02, 0xcc, 0xcc, 0xcc, 0xcd, 0xec, 0xcc, 0xcc, 0xcc, 0xc6,
    0x00, 0x00, 0x00, 0x00, 0x2f, 0xf9, 0x00, 0x02, 0xff, 0xff, 0xff, 0xff, 0xff, 0xff, 0xff, 0xff,
    0xf8, 0x00, 0x00, 0x2d, 0xdd, 0xdf, 0xfe, 0xcc, 0xc3, 0xff, 0xff, 0xff, 0xff, 0xff, 0xff, 0xff,
    0xff, 0xf8, 0x00, 0x00, 0x3f, 0xff, 0xff, 0xff, 0xff, 0xf1, 0x00, 0x02, 0x30, 0x00, 0x00, 0x06,
    0x30, 0x00, 0x00, 0x00, 0x00, 0x3f, 0xff, 0xff, 0xff, 0xff, 0xf1, 0x00, 0x0a, 0xfb, 0x30, 0x00,
    0x8f, 0xe2, 0x00, 0x00, 0x00, 0x00, 0x00, 0x00, 0xcf, 0xf9, 0x00, 0x00, 0x00, 0x4f, 0xff, 0x30,
    0x00, 0xaf, 0xfd, 0x20, 0x00, 0x00, 0x00, 0x00, 0x01, 0xff, 0xfc, 0x00, 0x00, 0x01, 0xef, 0xf8,
    0x00, 0x00, 0x0c, 0xff, 0xd1, 0x00, 0x00, 0x00, 0x00, 0x04, 0xff, 0xff, 0x60, 0x00, 0x0b, 0xff,
    0xc0, 0x00, 0x00, 0x01, 0xdf, 0xfb, 0x00, 0x00, 0x00, 0x00, 0x08, 0xff, 0xff, 0xe1, 0x00, 0x9f,
    0xfe, 0x20, 0x00, 0x00, 0x00, 0x2e, 0xff, 0x80, 0x00, 0x00, 0x00, 0x0d, 0xff, 0xff, 0xf9, 0x09,
    0xff, 0xf5, 0x40, 0x00, 0x00, 0x06, 0x25, 0xff, 0xf3, 0x00, 0x00, 0x00, 0x3f, 0xff, 0xfe, 0xff,
    0x5e, 0xff, 0xef, 0xf3, 0x00, 0x00, 0x4f, 0xfb, 0x9f, 0xd2, 0x00, 0x00, 0x00, 0x8f, 0xdf, 0xf9,
    0xdf, 0xb2, 0xe7, 0x6f, 0xf9, 0x00, 0x00, 0xaf, 0xf8, 0x1b, 0x20, 0x00, 0x00, 0x00, 0xdf, 0x8f,
    0xf9, 0x6f, 0xf4, 0x10, 0x0e, 0xfe, 0x10, 0x01, 0xef, 0xf2, 0x00, 0x00, 0x00, 0x00, 0x05, 0xff,
    0x4f, 0xf9, 0x0e, 0xe1, 0x00, 0x08, 0xff, 0x80, 0x07, 0xff, 0xc0, 0x00, 0x00, 0x00, 0x00, 0x0b,
    0xfb, 0x2f, 0xf9, 0x08, 0x40, 0x00, 0x02, 0xff, 0xf3, 0x1e, 0xff, 0x60, 0x00, 0x00, 0x00, 0x00,
    0x3f, 0xf7, 0x2f, 0xf9, 0x00, 0x00, 0x00, 0x00, 0x8f, 0xfc, 0x9f, 0xfc, 0x00, 0x00, 0x00, 0x00,
    0x00, 0xcf, 0xf2, 0x2f, 0xf9, 0x00, 0x00, 0x00, 0x00, 0x1d, 0xff, 0xff, 0xf4, 0x00, 0x00, 0x00,
    0x00, 0x01, 0xff, 0xa0, 0x2f, 0xf9, 0x00, 0x00, 0x00, 0x00, 0x05, 0xff, 0xff, 0xa0, 0x00, 0x00,
    0x00, 0x00, 0x00, 0x8f, 0x40, 0x2f, 0xf9, 0x00, 0x00, 0x00, 0x00, 0x01, 0xef, 0xff, 0x60, 0x00,
    0x00, 0x00, 0x00, 0x00, 0x2b, 0x00, 0x2f, 0xf9, 0x00, 0x00, 0x00, 0x00, 0x2d, 0xff, 0xff, 0xf8,
    0x00, 0x00, 0x00, 0x00, 0x00, 0x01, 0x00, 0x2f, 0xf9, 0x00, 0x00, 0x00, 0x03, 0xef, 0xff, 0xff,
    0xff, 0xb1, 0x00, 0x00, 0x00, 0x00, 0x00, 0x00, 0x2f, 0xf9, 0x00, 0x00, 0x00, 0x6e, 0xff, 0xf6,
    0x3d, 0xff, 0xfd, 0x60, 0x00, 0x00, 0x00, 0x00, 0x00, 0x2f, 0xf9, 0x00, 0x00, 0x4c, 0xff, 0xfe,
    0x40, 0x01, 0xcf, 0xff, 0xfe, 0x71, 0x00, 0x00, 0x00, 0x00, 0x2f, 0xf9, 0x00, 0x3b, 0xff, 0xff,
    0xd3, 0x00, 0x00, 0x0a, 0xff, 0xff, 0xfc, 0x00, 0x00, 0x00, 0x00, 0x2f, 0xf9, 0x00, 0x3e, 0xff,
    0xf8, 0x10, 0x00, 0x00, 0x00, 0x4c, 0xff, 0xe2, 0x00, 0x00, 0x00, 0x00, 0x2f, 0xf9, 0x00, 0x05,
    0xfa, 0x20, 0x00, 0x00, 0x00, 0x00, 0x00, 0x4c, 0x70, 0x00, 0x00, 0x00, 0x00, 0x14, 0x42, 0x00,
    0x00, 0x20, 0x00, 0x00, 0x00, 0x00, 0x00, 0x00, 0x00, 0x00, 0x00, 0x00, 0x00, 0x00, 0x00, 0x00,
    0x00, 0x00, 0x00, 0x00, 0x00, 0x00, 0x00, 0x00, 0x00, 0x00, 0x00, 0x00, 0x00, 0x00, 0x00, 0x00,
    0x00, 0x00, 0x00, 0x00, 0x00, 0x00, 0x00, 0x00, 0x00, 0x00, 0x00, 0x00, 0x00, 0x00, 0x00, 0x00,
    0x03, 0x44, 0x00, 0x00, 0x00, 0x00, 0x02, 0x10, 0x00, 0x00, 0x00, 0x00, 0x00, 0x00, 0x00, 0x00,
    0x00, 0x0d, 0xff, 0x00, 0x00, 0x00, 0x00, 0x0d, 0xfb, 0x20, 0x00, 0x00, 0x00, 0x00, 0x00, 0x00,
    0x00, 0x00, 0x0d, 0xff, 0x00, 0x00, 0x00, 0x00, 0x4f, 0xfe, 0x00, 0x00, 0x00, 0x00, 0x00, 0x00,
    0x00, 0x00, 0x00, 0x0d, 0xff, 0x00, 0x00, 0x00, 0x00, 0xbf, 0xf8, 0x00, 0x00, 0x00, 0x00, 0x00,
    0x00, 0x00, 0x00, 0x00, 0x0d, 0xff, 0x00, 0x00, 0x00, 0x05, 0xff, 0xfa, 0x99, 0x99, 0x99, 0x50,
    0x00, 0x00, 0x00, 0x00, 0x00, 0x0d, 0xff, 0x00, 0x00, 0x00, 0x0d, 0xff, 0xff, 0xff, 0xff, 0xff,
    0xf8, 0x00, 0x00, 0x00, 0x00, 0x00, 0x0d, 0xff, 0x00, 0x00, 0x00, 0x9f, 0xff, 0xff, 0xff, 0xff,
    0xff, 0xf4, 0x00, 0x00, 0x00, 0x00, 0x00, 0x0d, 0xff, 0x00, 0x00, 0x04, 0xff, 0xf8, 0x00, 0x00,
    0x06, 0xff, 0xd0, 0x00, 0x00, 0x00, 0x7f, 0xff, 0xff, 0xff, 0xff, 0xfd, 0x3e, 0xff, 0xfe, 0x10,
    0x00, 0x1e, 0xff, 0x60, 0x00, 0x00, 0x00, 0x7f, 0xff, 0xff, 0xff, 0xff, 0xfe, 0xef, 0xff, 0xff,
    0xa0, 0x00, 0x8f, 0xfd, 0x00, 0x00, 0x00, 0x00, 0x5c, 0xcc, 0xdf, 0xff, 0xcc, 0xef, 0xff, 0xe4,
    0xcf, 0xf7, 0x05, 0xff, 0xf4, 0x00, 0x00, 0x00, 0x00, 0x00, 0x00, 0x6f, 0xff, 0x00, 0x1b, 0xff,
    0x40, 0x3f, 0xff, 0x7e, 0xff, 0x70, 0x00, 0x00, 0x00, 0x00, 0x00, 0x00, 0xaf, 0xff, 0x90, 0x00,
    0x95, 0x00, 0x06, 0xff, 0xff, 0xfb, 0x00, 0x00, 0x00, 0x00, 0x00, 0x00, 0x00, 0xef, 0xff, 0xf7,
    0x00, 0x00, 0x00, 0x00, 0x9f, 0xff, 0xe1, 0x00, 0x00, 0x00, 0x00, 0x00, 0x00, 0x04, 0xff, 0xff,
    0xff, 0x40, 0x00, 0x00, 0x07, 0xff, 0xff, 0xf9, 0x10, 0x00, 0x00, 0x00, 0x00, 0x00, 0x0a, 0xff,
    0xff, 0xdf, 0xe2, 0x00, 0x02, 0xbf, 0xff, 0xef, 0xff, 0xd4, 0x00, 0x00, 0x00, 0x00, 0x00, 0x1f,
    0xff, 0xff, 0x4f, 0xfb, 0x01, 0x6e, 0xff, 0xfa, 0x16, 0xff, 0xff, 0xb5, 0x00, 0x00, 0x00, 0x00,
    0x7f, 0xde, 0xff, 0x09, 0xf5, 0x8e, 0xff, 0xfe, 0x60, 0x00, 0x3c, 0xff, 0xff, 0xd7, 0x10, 0x00,
    0x01, 0xef, 0x7d, 0xff, 0x01, 0xee, 0xff, 0xff, 0xb2, 0x00, 0x00, 0x00, 0x6e, 0xff, 0xfb, 0x00,
    0x00, 0x07, 0xff, 0x2d, 0xff, 0x00, 0x6f, 0xff, 0xff, 0xff, 0xff, 0xff, 0xff, 0xff, 0xff, 0xe1,
    0x00, 0x00, 0x1e, 0xfb, 0x0d, 0xff, 0x00, 0x0b, 0xa8, 0xff, 0xff, 0xff, 0xff, 0xff, 0xff, 0xf6,
    0x20, 0x00, 0x00, 0xaf, 0xf5, 0x0d, 0xff, 0x00, 0x00, 0x04, 0xff, 0xc8, 0x88, 0x88, 0x88, 0xcf,
    0xf6, 0x00, 0x00, 0x01, 0xff, 0xc0, 0x0d, 0xff, 0x00, 0x00, 0x04, 0xff, 0x80, 0x00, 0x00, 0x00,
    0x7f, 0xf6, 0x00, 0x00, 0x00, 0x8f, 0x50, 0x0d, 0xff, 0x00, 0x00, 0x04, 0xff, 0x80, 0x00, 0x00,
    0x00, 0x7f, 0xf6, 0x00, 0x00, 0x00, 0x1a, 0x00, 0x0d, 0xff, 0x00, 0x00, 0x04, 0xff, 0x80, 0x00,
    0x00, 0x00, 0x7f, 0xf6, 0x00, 0x00, 0x00, 0x00, 0x00, 0x0d, 0xff, 0x00, 0x00, 0x04, 0xff, 0x80,
    0x00, 0x00, 0x00, 0x7f, 0xf6, 0x00, 0x00, 0x00, 0x00, 0x00, 0x0d, 0xff, 0x00, 0x00, 0x04, 0xff,
    0x80, 0x00, 0x00, 0x00, 0x7f, 0xf6, 0x00, 0x00, 0x00, 0x00, 0x00, 0x0d, 0xff, 0x00, 0x00, 0x04,
    0xff, 0xc9, 0x99, 0x99, 0x99, 0xcf, 0xf6, 0x00, 0x00, 0x00, 0x00, 0x00, 0x0d, 0xff, 0x00, 0x00,
    0x04, 0xff, 0xff, 0xff, 0xff, 0xff, 0xff, 0xf6, 0x00, 0x00, 0x00, 0x00, 0x00, 0x0d, 0xff, 0x00,
    0x00, 0x04, 0xff, 0xff, 0xff, 0xff, 0xff, 0xff, 0xf6, 0x00, 0x00, 0x00, 0x00, 0x00, 0x0d, 0xff,
    0x00, 0x00, 0x04, 0xff, 0x80, 0x00, 0x00, 0x00, 0x7f, 0xf6, 0x00, 0x00, 0x00, 0x00, 0x00, 0x04,
    0x44, 0x00, 0x00, 0x01, 0x55, 0x30, 0x00, 0x00, 0x00, 0x13, 0x31, 0x00, 0x00, 0x00, 0x00, 0x00,
    0x00, 0x00, 0x00, 0x00, 0x00, 0x00, 0x00, 0x00, 0x00, 0x00, 0x00, 0x00, 0x00, 0x00, 0x00, 0x00,
    0x00, 0x00, 0x00, 0x00, 0x00, 0x00, 0x00, 0x00, 0x00, 0x00, 0x00, 0x00, 0x00, 0x00, 0x00, 0x00,
    0x04, 0xff, 0xff, 0xff, 0xff, 0xff, 0xff, 0xff, 0xff, 0xff, 0xff, 0xff, 0xff, 0xff, 0x80, 0x00,
    0x00, 0x04, 0xff, 0xff, 0xff, 0xff, 0xff, 0xff, 0xff, 0xff, 0xff, 0xff, 0xff, 0xff, 0xff, 0x80,
    0x00, 0x00, 0x04, 0xff, 0xff, 0xff, 0xff, 0xff, 0xff, 0xff, 0xff, 0xff, 0xff, 0xff, 0xff, 0xff,
    0x80, 0x00, 0x00, 0x00, 0x00, 0x00, 0x00, 0x00, 0x00, 0x00, 0xbf, 0xf7, 0x00, 0x00, 0x00, 0x00,
    0x00, 0x00, 0x00, 0x00, 0x00, 0x00, 0x00, 0x00, 0x00, 0x00, 0x00, 0xbf, 0xf7, 0x00, 0x00, 0x00,
    0x00, 0x00, 0x00, 0x00, 0x00, 0x00, 0x00, 0x00, 0x00, 0x00, 0x00, 0x00, 0xbf, 0xf7, 0x00, 0x00,
    0x00, 0x00, 0x00, 0x00, 0x00, 0x00, 0x00, 0x00, 0x00, 0x00, 0x00, 0x00, 0x00, 0xbf, 0xf7, 0x00,
    0x00, 0x00, 0x00, 0x00, 0x00, 0x00, 0x00, 0x00, 0x00, 0x00, 0x00, 0x00, 0x00, 0x00, 0xbf, 0xf7,
    0x00, 0x00, 0x00, 0x00, 0x00, 0x00, 0x00, 0x00, 0x00, 0x00, 0x26, 0x65, 0x00, 0x00, 0x00, 0xbf,
    0xf7, 0x00, 0x00, 0x00, 0x00, 0x00, 0x00, 0x00, 0x00, 0x00, 0x00, 0x4f, 0xfd, 0x00, 0x00, 0x00,
    0xbf, 0xf7, 0x00, 0x00, 0x00, 0x00, 0x00, 0x00, 0x00, 0x00, 0x00, 0x00, 0x4f, 0xfd, 0x00, 0x00,
    0x00, 0xbf, 0xf7, 0x00, 0x00, 0x00, 0x00, 0x00, 0x00, 0x00, 0x00, 0x00, 0x00, 0x4f, 0xfd, 0x00,
    0x00, 0x00, 0xbf, 0xff, 0xee, 0xee, 0xee, 0xee, 0xe1, 0x00, 0x00, 0x00, 0x00, 0x00, 0x4f, 0xfd,
    0x00, 0x00, 0x00, 0xbf, 0xff, 0xff, 0xff, 0xff, 0xff, 0xf1, 0x00, 0x00, 0x00, 0x00, 0x00, 0x4f,
    0xfd, 0x00, 0x00, 0x00, 0xbf, 0xff, 0xff, 0xff, 0xff, 0xff, 0xf1, 0x00, 0x00, 0x00, 0x00, 0x00,
    0x4f, 0xfd, 0x00, 0x00, 0x00, 0xbf, 0xf7, 0x00, 0x00, 0x00, 0x00, 0x00, 0x00, 0x00, 0x00, 0x00,
    0x00, 0x4f, 0xfd, 0x00, 0x00, 0x00, 0xbf, 0xf7, 0x00, 0x00, 0x00, 0x00, 0x00, 0x00, 0x00, 0x00,
    0x00, 0x00, 0x4f, 0xfd, 0x00, 0x00, 0x00, 0xbf, 0xf7, 0x00, 0x00, 0x00, 0x00, 0x00, 0x00, 0x00,
    0x00, 0x00, 0x00, 0x4f, 0xfd, 0x00, 0x00, 0x00, 0xbf, 0xf7, 0x00, 0x00, 0x00, 0x00, 0x00, 0x00,
    0x00, 0x00, 0x00, 0x00, 0x4f, 0xfd, 0x00, 0x00, 0x00, 0xbf, 0xf7, 0x00, 0x00, 0x00, 0x00, 0x00,
    0x00, 0x00, 0x00, 0x00, 0x00, 0x4f, 0xfd, 0x00, 0x00, 0x00, 0xbf, 0xf7, 0x00, 0x00, 0x00, 0x00,
    0x00, 0x00, 0x00, 0x00, 0x00, 0x00, 0x4f, 0xfd, 0x00, 0x00, 0x00, 0xbf, 0xf7, 0x00, 0x00, 0x00,
    0x00, 0x00, 0x00, 0x00, 0x00, 0x00, 0x00, 0x4f, 0xfd, 0x00, 0x00, 0x00, 0xbf, 0xf7, 0x00, 0x00,
    0x00, 0x00, 0x00, 0x00, 0x00, 0x00, 0x00, 0x00, 0x4f, 0xfd, 0x00, 0x00, 0x00, 0xbf, 0xf7, 0x00,
    0x00, 0x00, 0x00, 0x00, 0x00, 0x00, 0x00, 0x00, 0x00, 0x4f, 0xfd, 0x00, 0x00, 0x00, 0xbf, 0xf7,
    0x00, 0x00, 0x00, 0x00, 0x00, 0x00, 0x00, 0x00, 0x7f, 0xff, 0xff, 0xff, 0xff, 0xff, 0xff, 0xff,
    0xff, 0xff, 0xff, 0xff, 0xff, 0xff, 0xf8, 0x00, 0x00, 0x7f, 0xff, 0xff, 0xff, 0xff, 0xff, 0xff,
    0xff, 0xff, 0xff, 0xff, 0xff, 0xff, 0xff, 0xf8, 0x00, 0x00, 0x7f, 0xff, 0xff, 0xff, 0xff, 0xff,
    0xff, 0xff, 0xff, 0xff, 0xff, 0xff, 0xff, 0xff, 0xf8, 0x00, 0x00, 0x00, 0x00, 0x00, 0x00, 0x00,
    0x00, 0x00, 0x00, 0x00, 0x00, 0x00, 0x00, 0x00, 0x00, 0x00, 0x00, 0x00, 0x00, 0x00, 0x00, 0x00,
    0x00, 0x00, 0x00, 0x00, 0x00, 0x00, 0x00, 0x00, 0x00, 0x00, 0x00, 0x00, 0x00, 0x00, 0x00, 0x00,
    0x02, 0x00, 0x00, 0x00, 0x00, 0x00, 0x00, 0x00, 0x00, 0x00, 0x00, 0x00, 0x00, 0x00, 0x00, 0x00,
    0x00, 0x5f, 0xe9, 0x00, 0x00, 0x00, 0x00, 0x00, 0x00, 0x00, 0x00, 0x00, 0x00, 0x00, 0x00, 0x00,
    0x00, 0x00, 0xbf, 0xf9, 0x00, 0x00, 0x00, 0x00, 0x00, 0x00, 0x00, 0x00, 0x00, 0x00, 0x00, 0x00,
    0x00, 0x00, 0x02, 0xff, 0xf4, 0x00, 0x00, 0x00, 0x00, 0x00, 0x00, 0x00, 0x00, 0x00, 0x00, 0x00,
    0x00, 0x00, 0x00, 0x08, 0xff, 0xf8, 0x88, 0x88, 0x88, 0x88, 0x88, 0x88, 0x88, 0x88, 0x88, 0x60,
    0x00, 0x00, 0x00, 0x00, 0x1e, 0xff, 0xff, 0xff, 0xff, 0xff, 0xff, 0xff, 0xff, 0xff, 0xff, 0xff,
    0xb0, 0x00, 0x00, 0x00, 0x00, 0x9f, 0xff, 0xff, 0xff, 0xff, 0xff, 0xff, 0xff, 0xff, 0xff, 0xff,
    0xff, 0xb0, 0x00, 0x00, 0x00, 0x02, 0xff, 0xf6, 0x00, 0x00, 0x00, 0x00, 0x00, 0x00, 0x00, 0x00,
    0x00, 0x00, 0x00, 0x00, 0x00, 0x00, 0x0c, 0xff, 0xc0, 0x00, 0x00, 0x00, 0x00, 0x00, 0x00, 0x00,
    0x00, 0x00, 0x00, 0x00, 0x00, 0x00, 0x00, 0x7f, 0xff, 0x3c, 0xff, 0xff, 0xff, 0xff, 0xff, 0xff,
    0xff, 0xff, 0xff, 0x30, 0x00, 0x00, 0x00, 0x04, 0xff, 0xf9, 0x0c, 0xff, 0xff, 0xff, 0xff, 0xff,
    0xff, 0xff, 0xff, 0xff, 0x30, 0x00, 0x00, 0x00, 0x3e, 0xff, 0xd1, 0x06, 0x77, 0x77, 0x77, 0x77,
    0x77, 0x77, 0x77, 0x77, 0x77, 0x20, 0x00, 0x00, 0x02, 0xef, 0xff, 0x30, 0x00, 0x00, 0x00, 0x00,
    0x00, 0x00, 0x00, 0x00, 0x00, 0x00, 0x00, 0x00, 0x00, 0x00, 0x7f, 0xf6, 0x00, 0x00, 0x00, 0x00,
    0x00, 0x00, 0x00, 0x00, 0x00, 0x00, 0x00, 0x00, 0x00, 0x00, 0x00, 0x03, 0x82, 0xff, 0xff, 0xff,
    0xff, 0xff, 0xff, 0xff, 0xff, 0xff, 0xfd, 0x00, 0x00, 0x00, 0x00, 0x00, 0x00, 0x02, 0xff, 0xff,
    0xff, 0xff, 0xff, 0xff, 0xff, 0xff, 0xff, 0xfe, 0x00, 0x00, 0x00, 0x00, 0x00, 0x00, 0x01, 0x99,
    0x99, 0x99, 0x99, 0x99, 0x99, 0x99, 0x99, 0xaf, 0xff, 0x00, 0x00, 0x00, 0x00, 0x00, 0x00, 0x00,
    0x00, 0x00, 0x00, 0x00, 0x00, 0x00, 0x00, 0x00, 0x1f, 0xff, 0x00, 0x00, 0x00, 0x00, 0x00, 0x00,
    0x00, 0x00, 0x00, 0x00, 0x00, 0x00, 0x00, 0x00, 0x00, 0x0f, 0xff, 0x10, 0x00, 0x00, 0x00, 0x00,
    0x00, 0x00, 0x00, 0x00, 0x00, 0x00, 0x00, 0x00, 0x00, 0x00, 0x0d, 0xff, 0x20, 0x00, 0x00, 0x00,
    0x00, 0x00, 0x00, 0x00, 0x00, 0x00, 0x00, 0x00, 0x00, 0x00, 0x00, 0x0c, 0xff, 0x30, 0x00, 0x00,
    0x00, 0x00, 0x00, 0x00, 0x00, 0x00, 0x00, 0x00, 0x00, 0x00, 0x00, 0x00, 0x0b, 0xff, 0x50, 0x00,
    0x00, 0x00, 0x00, 0x00, 0x00, 0x00, 0x00, 0x00, 0x00, 0x00, 0x00, 0x00, 0x00, 0x09, 0xff, 0x70,
    0x00, 0x00, 0x00, 0x00, 0x00, 0x00, 0x00, 0x00, 0x00, 0x00, 0x00, 0x00, 0x00, 0x00, 0x07, 0xff,
    0x90, 0x00, 0x00, 0x00, 0x00, 0x00, 0x00, 0x00, 0x00, 0x00, 0x00, 0x00, 0x00, 0x00, 0x00, 0x04,
    0xff, 0xd0, 0x02, 0x90, 0x00, 0x00, 0x00, 0x00, 0x00, 0x00, 0x00, 0x00, 0x00, 0x00, 0x00, 0x00,
    0x01, 0xff, 0xf2, 0x03, 0xfb, 0x00, 0x00, 0x00, 0x00, 0x00, 0x00, 0x00, 0x00, 0x00, 0x00, 0x00,
    0x00, 0x00, 0xbf, 0xf7, 0x04, 0xfd, 0x00, 0x00, 0x00, 0x00, 0x00, 0x00, 0x00, 0x00, 0x00, 0x00,
    0x00, 0x00, 0x00, 0x5f, 0xfe, 0x38, 0xfb, 0x00, 0x00, 0x00, 0x00, 0x00, 0x00, 0x00, 0x00, 0x00,
    0x00, 0x00, 0x00, 0x00, 0x0d, 0xff, 0xff, 0xf8, 0x00, 0x00, 0x00, 0x00, 0x00, 0x00, 0x00, 0x00,
    0x00, 0x00, 0x00, 0x00, 0x00, 0x03, 0xff, 0xff, 0xf3, 0x00, 0x00, 0x00, 0x00, 0x00, 0x00, 0x00,
    0x00, 0x00, 0x00, 0x00, 0x00, 0x00, 0x00, 0x3b, 0xed, 0x60, 0x00, 0x00, 0x00, 0x00, 0x00, 0x00,
    0x00, 0x00, 0x00, 0x00, 0x00, 0x00, 0x00, 0x00, 0x00, 0x00, 0x00, 0x00, 0x00, 0x00, 0x00, 0x00,
    0x00, 0x00, 0x00, 0x00, 0x00, 0x00, 0x00, 0x00, 0x00, 0x00, 0x00, 0x00, 0x00, 0x00, 0x00, 0x00,
    0x00, 0x00, 0x00, 0x00, 0x02, 0x44, 0x30, 0x00, 0x00, 0x00, 0x00, 0x00, 0x00, 0x00, 0x00, 0x00,
    0x00, 0x00, 0x00, 0x00, 0x00, 0x08, 0xff, 0xa0, 0x00, 0x00, 0x00, 0x00, 0x00, 0x00, 0x00, 0x00,
    0x00, 0x00, 0x00, 0x00, 0x00, 0x00, 0x08, 0xff, 0xa0, 0x00, 0x00, 0x00, 0x00, 0x00, 0x00, 0x00,
    0x00, 0x00, 0x00, 0x00, 0x00, 0x00, 0x00, 0x08, 0xff, 0xa0, 0x00, 0x00, 0x00, 0x00, 0x00, 0x00,
    0x00, 0x00, 0x00, 0x00, 0x00, 0x00, 0x00, 0x00, 0x08, 0xff, 0xa0, 0x00, 0x00, 0x00, 0x00, 0x00,
    0x00, 0x00, 0x00, 0x00, 0x00, 0x00, 0x00, 0x00, 0x00, 0x08, 0xff, 0xa0, 0x00, 0x00, 0x00, 0x00,
    0x00, 0x00, 0x00, 0x00, 0x00, 0x00, 0x00, 0x00, 0x00, 0x00, 0x08, 0xff, 0xa0, 0x00, 0x00, 0x00,
    0x10, 0x00, 0x00, 0x00, 0x00, 0x00, 0x00, 0x00, 0x00, 0x00, 0x00, 0x08, 0xff, 0xa0, 0x00, 0x00,
    0x00, 0xac, 0x20, 0x00, 0x00, 0x00, 0x00, 0x00, 0x00, 0x00, 0x00, 0x00, 0x08, 0xff, 0xb0, 0x00,
    0x00, 0x06, 0xff, 0xe4, 0x00, 0x00, 0x00, 0x0e, 0xff, 0xff, 0xff, 0xff, 0xe9, 0x08, 0xff, 0xf1,
    0x00, 0x00, 0x4f, 0xff, 0xd1, 0x00, 0x00, 0x00, 0x0e, 0xff, 0xff, 0xff, 0xff, 0xfd, 0x08, 0xff,
    0xf8, 0x00, 0x03, 0xef, 0xfd, 0x20, 0x00, 0x00, 0x00, 0x0e, 0xff, 0xff, 0xff, 0xff, 0xfa, 0x08,
    0xff, 0xfe, 0x10, 0x2e, 0xff, 0xe2, 0x00, 0x00, 0x00, 0x00, 0x01, 0x11, 0x11, 0x11, 0xbf, 0xf6,
    0x08, 0xff, 0xff, 0x62, 0xdf, 0xfe, 0x30, 0x00, 0x00, 0x00, 0x00, 0x00, 0x00, 0x00, 0x01, 0xff,
    0xf2, 0x08, 0xff, 0xff, 0xdd, 0xff, 0xe3, 0x00, 0x00, 0x00, 0x00, 0x00, 0x00, 0x00, 0x00, 0x05,
    0xff, 0xe0, 0x08, 0xff, 0xff, 0xff, 0xfd, 0x20, 0x00, 0x00, 0x00, 0x00, 0x00, 0x00, 0x00, 0x00,
    0x0a, 0xff, 0xa0, 0x08, 0xff, 0xce, 0xff, 0xc2, 0x00, 0x00, 0x00, 0x00, 0x00, 0x00, 0x00, 0x00,
    0x00, 0x1e, 0xff, 0x40, 0x08, 0xff, 0xa8, 0xff, 0xb0, 0x00, 0x00, 0x00, 0x00, 0x00, 0x00, 0x00,
    0x00, 0x00, 0x7f, 0xfd, 0x00, 0x08, 0xff, 0xa1, 0xef, 0xf7, 0x00, 0x00, 0x00, 0x00, 0x00, 0x00,
    0x00, 0x00, 0x01, 0xef, 0xf7, 0x00, 0x08, 0xff, 0xa0, 0x6f, 0xff, 0x30, 0x00, 0x00, 0x00, 0x00,
    0x00, 0x00, 0x00, 0x07, 0xff, 0xe1, 0x00, 0x08, 0xff, 0xa0, 0x0c, 0xff, 0xe2, 0x00, 0x00, 0x00,
    0x00, 0x00, 0x00, 0x00, 0x2e, 0xff, 0x90, 0x00, 0x08, 0xff, 0xa0, 0x02, 0xef, 0xfd, 0x10, 0x00,
    0x00, 0x00, 0x00, 0x00, 0x00, 0xcf, 0xfe, 0x20, 0x00, 0x08, 0xff, 0xa0, 0x00, 0x5f, 0xff, 0xd2,
    0x00, 0x00, 0x00, 0x00, 0x00, 0x08, 0xff, 0xf7, 0x00, 0x00, 0x08, 0xff, 0xa0, 0x00, 0x08, 0xff,
    0xfe, 0x40, 0x00, 0x00, 0x00, 0x00, 0x6f, 0xff, 0xc0, 0x00, 0x00, 0x08, 0xff, 0xa0, 0x00, 0x00,
    0x9f, 0xff, 0xf6, 0x00, 0x00, 0x00, 0x07, 0xff, 0xfe, 0x20, 0x00, 0x00, 0x08, 0xff, 0xa0, 0x00,
    0x00, 0x09, 0xff, 0xff, 0xc4, 0x00, 0x00, 0x9f, 0xff, 0xf5, 0x00, 0x00, 0x00, 0x08, 0xff, 0xa0,
    0x00, 0x00, 0x00, 0x9f, 0xff, 0xfe, 0x10, 0x00, 0x4e, 0xff, 0x60, 0x00, 0x00, 0x00, 0x08, 0xff,
    0xa0, 0x00, 0x00, 0x00, 0x05, 0xef, 0xf3, 0x00, 0x00, 0x04, 0xe6, 0x00, 0x00, 0x00, 0x00, 0x09,
    0xff, 0xa0, 0x00, 0x00, 0x00, 0x00, 0x2b, 0x70, 0x00, 0x00, 0x00, 0x10, 0x00, 0x00, 0x2f, 0xff,
    0xff, 0xff, 0x90, 0x00, 0x00, 0x00, 0x00, 0x00, 0x00, 0x00, 0x00, 0x00, 0x00, 0x00, 0x00, 0x0a,
    0xff, 0xff, 0xff, 0x40, 0x00, 0x00, 0x00, 0x00, 0x00, 0x00, 0x00, 0x00, 0x00, 0x00, 0x00, 0x00,
    0x06, 0xff, 0xff, 0xd5, 0x00, 0x00, 0x00, 0x00, 0x00, 0x00, 0x00, 0x00, 0x00, 0x00, 0x00, 0x00,
    0x00, 0x01, 0x44, 0x32, 0x00, 0x00, 0x00, 0x00, 0x00, 0x00, 0x00, 0x00, 0x00, 0x00, 0x00, 0x00,
    0x00, 0x00, 0x00, 0x00, 0x00, 0x00, 0x00, 0x00, 0x00, 0x00, 0x00, 0x00, 0x00, 0x00, 0x00, 0x00,
    0x00, 0x00, 0x00, 0x00, 0x00, 0x00, 0x00, 0x00, 0x00, 0x00, 0x00, 0x00, 0x00, 0x00, 0x00, 0x00,
    0x00, 0x00, 0x00, 0x00, 0x00, 0x00, 0x03, 0x00, 0x00, 0x00, 0x00, 0x00, 0x00, 0x00, 0x00, 0x00,
    0x00, 0x00, 0x07, 0x60, 0x00, 0x00, 0x00, 0x5f, 0xe8, 0x00, 0x00, 0x00, 0x00, 0x00, 0x00, 0x00,
    0x00, 0x00, 0x00, 0x5f, 0xfc, 0x40, 0x00, 0x00, 0xaf, 0xf8, 0x00, 0x00, 0x00, 0x00, 0x00, 0x00,
    0x00, 0x00, 0x00, 0x00, 0x9f, 0xff, 0xfa, 0x10, 0x01, 0xff, 0xf2, 0x00, 0x00, 0x00, 0x00, 0x00,
    0x00, 0x00, 0x00, 0x00, 0x00, 0x04, 0xcf, 0xff, 0xe2, 0x07, 0xff, 0xfb, 0xbb, 0xbb, 0xbb, 0xbb,
    0xbb, 0xbb, 0xb1, 0x00, 0x00, 0x00, 0x00, 0x07, 0xff, 0xa0, 0x1e, 0xff, 0xff, 0xff, 0xff, 0xff,
    0xff, 0xff, 0xff, 0xf2, 0x00, 0x00, 0x00, 0x00, 0x00, 0x3c, 0x10, 0x7f, 0xff, 0xff, 0xff, 0xff,
    0xff, 0xff, 0xff, 0xff, 0xf2, 0x00, 0x00, 0x00, 0x00, 0x00, 0x00, 0x02, 0xef, 0xf5, 0x00, 0x00,
    0x00, 0x00, 0x00, 0x00, 0x00, 0x00, 0x00, 0x00, 0x00, 0x00, 0x00, 0x00, 0x0a, 0xff, 0xc0, 0x00,
    0x00, 0x00, 0x00, 0x00, 0x00, 0x00, 0x00, 0x00, 0x00, 0x00, 0x00, 0x00, 0x00, 0x7f, 0xff, 0x30,
    0x00, 0x00, 0x00, 0x00, 0x00, 0x00, 0x00, 0x00, 0x00, 0x00, 0x00, 0x00, 0x00, 0x01, 0xef, 0xf8,
    0xdf, 0xff, 0xff, 0xff, 0xff, 0xff, 0xff, 0xfc, 0x00, 0x00, 0x00, 0x09, 0xd5, 0x00, 0x00, 0x1a,
    0xc1, 0xff, 0xff, 0xff, 0xff, 0xff, 0xff, 0xff, 0xfb, 0x00, 0x00, 0x00, 0x6f, 0xff, 0xc3, 0x00,
    0x00, 0x12, 0xff, 0xd9, 0x9a, 0xfa, 0x99, 0x99, 0xaf, 0xfb, 0x00, 0x00, 0x00, 0x19, 0xff, 0xff,
    0x80, 0x00, 0x04, 0xff, 0x90, 0x0b, 0xfc, 0x20, 0x00, 0x2f, 0xfa, 0x00, 0x00, 0x00, 0x00, 0x2b,
    0xff, 0xb0, 0x00, 0x05, 0xff, 0x70, 0x01, 0xbf, 0xd2, 0x00, 0x3f, 0xf9, 0x00, 0x00, 0x00, 0x00,
    0x00, 0x6d, 0x10, 0x00, 0x07, 0xff, 0x50, 0x00, 0x0b, 0xf9, 0x00, 0x4f, 0xf8, 0x00, 0x00, 0x00,
    0x00, 0x00, 0x00, 0x00, 0xab, 0xbd, 0xff, 0xcb, 0xbb, 0xbc, 0xfb, 0xbb, 0xcf, 0xfd, 0xbb, 0x00,
    0x00, 0x00, 0x00, 0x00, 0x00, 0xdf, 0xff, 0xff, 0xff, 0xff, 0xff, 0xff, 0xff, 0xff, 0xff, 0xff,
    0x00, 0x00, 0x00, 0x00, 0x07, 0x40, 0xdf, 0xff, 0xff, 0xff, 0xff, 0xff, 0xff, 0xff, 0xff, 0xff,
    0xff, 0x00, 0x00, 0x00, 0x00, 0x0e, 0xf7, 0x00, 0x0f, 0xfd, 0x00, 0x4e, 0x80, 0x00, 0x00, 0x7f,
    0xf5, 0x00, 0x00, 0x00, 0x00, 0x00, 0x4f, 0xfa, 0x00, 0x2f, 0xfb, 0x00, 0x7f, 0xf7, 0x00, 0x00,
    0x8f, 0xf4, 0x00, 0x00, 0x00, 0x00, 0x00, 0xaf, 0xf5, 0x00, 0x4f, 0xf9, 0x00, 0x08, 0xff, 0x50,
    0x00, 0x9f, 0xf3, 0x00, 0x00, 0x00, 0x00, 0x01, 0xef, 0xe1, 0x00, 0x6f, 0xf7, 0x00, 0x00, 0xaf,
    0xe3, 0x00, 0xaf, 0xf2, 0x00, 0x00, 0x00, 0x00, 0x06, 0xff, 0xa0, 0x00, 0x8f, 0xf5, 0x00, 0x00,
    0x1d, 0xc2, 0x00, 0xbf, 0xf1, 0x00, 0x00, 0x00, 0x00, 0x0b, 0xff, 0x50, 0x00, 0xaf, 0xff, 0xff,
    0xff, 0xff, 0xff, 0xff, 0xff, 0xff, 0xf2, 0x00, 0x00, 0x00, 0x3f, 0xfe, 0x00, 0x00, 0xdf, 0xff,
    0xff, 0xff, 0xff, 0xff, 0xff, 0xff, 0xff, 0xf2, 0x00, 0x00, 0x00, 0x9f, 0xf9, 0x00, 0x00, 0x99,
    0x99, 0x99, 0x99, 0x99, 0x99, 0x9b, 0xff, 0xd9, 0x91, 0x00, 0x00, 0x01, 0xff, 0xf3, 0x00, 0x00,
    0x00, 0x00, 0x00, 0x00, 0x00, 0x00, 0x08, 0xff, 0x70, 0x00, 0x00, 0x00, 0x08, 0xff, 0xb0, 0x00,
    0x00, 0x00, 0x00, 0x00, 0x00, 0x48, 0x87, 0x9f, 0xff, 0x30, 0x00, 0x00, 0x00, 0x04, 0xdf, 0x50,
    0x00, 0x00, 0x00, 0x00, 0x00, 0x00, 0x2f, 0xff, 0xff, 0xfa, 0x00, 0x00, 0x00, 0x00, 0x00, 0x07,
    0x00, 0x00, 0x00, 0x00, 0x00, 0x00, 0x00, 0x0c, 0xef, 0xed, 0x80, 0x00, 0x00, 0x00, 0x00, 0x00,
    0x00, 0x00, 0x00, 0x00, 0x00, 0x00, 0x00, 0x00, 0x00, 0x00, 0x00, 0x00, 0x00, 0x00, 0x00, 0x00,
    0x00, 0x00, 0x00, 0x00, 0x00, 0x00, 0x00, 0x00, 0x00, 0x00, 0x00, 0x00, 0x00, 0x00, 0x00, 0x00,
    0x00, 0x00, 0x00, 0x00, 0x00, 0x00, 0x00, 0x00, 0x00, 0x00, 0x00, 0x00, 0x00, 0x00, 0x00, 0x00,
    0x00, 0x00, 0x00, 0x00, 0x00, 0x00, 0x00, 0x00, 0x00, 0x00, 0x00, 0x55, 0x51, 0x00, 0x00, 0x00,
    0x00, 0x00, 0x00, 0x00, 0x2c, 0x50, 0x00, 0x00, 0x00, 0x10, 0x00, 0x00, 0xef, 0xf2, 0x00, 0x00,
    0x41, 0x00, 0x00, 0x00, 0x01, 0xcf, 0xfb, 0x30, 0x00, 0x4b, 0xf3, 0x00, 0x00, 0xef, 0xf2, 0x00,
    0x02, 0xfe, 0x91, 0x00, 0x00, 0x02, 0xbf, 0xff, 0xf7, 0x00, 0x8f, 0xfc, 0x00, 0x00, 0xef, 0xf2,
    0x00, 0x09, 0xff, 0xc0, 0x00, 0x00, 0x00, 0x06, 0xef, 0xff, 0x90, 0x1d, 0xff, 0x60, 0x00, 0xef,
    0xf2, 0x00, 0x1e, 0xff, 0x40, 0x00, 0x00, 0x00, 0x00, 0x1b, 0xff, 0x70, 0x05, 0xff, 0xe1, 0x00,
    0xef, 0xf2, 0x00, 0x8f, 0xfb, 0x00, 0x00, 0x00, 0x00, 0x00, 0x00, 0x9a, 0x00, 0x00, 0xcf, 0xf7,
    0x00, 0xef, 0xf2, 0x02, 0xef, 0xf3, 0x00, 0x00, 0x00, 0x00, 0x00, 0x00, 0x00, 0x00, 0x00, 0x6f,
    0xfc, 0x00, 0xef, 0xf2, 0x09, 0xff, 0x90, 0x00, 0x00, 0x00, 0x00, 0x00, 0x00, 0x00, 0x00, 0x00,
    0x1d, 0x71, 0x00, 0xef, 0xf2, 0x00, 0x5b, 0x10, 0x00, 0x00, 0x00, 0x01, 0x00, 0x00, 0x00, 0x00,
    0x00, 0x00, 0x00, 0x00, 0xef, 0xf2, 0x00, 0x00, 0x00, 0x00, 0x00, 0x00, 0x0c, 0xd5, 0x00, 0x00,
    0x00, 0x0e, 0xff, 0xff, 0xff, 0xff, 0xff, 0xff, 0xff, 0xfd, 0x00, 0x00, 0x00, 0x9f, 0xff, 0xb2,
    0x00, 0x00, 0x0e, 0xff, 0xff, 0xff, 0xff, 0xff, 0xff, 0xff, 0xfd, 0x00, 0x00, 0x00, 0x3c, 0xff,
    0xff, 0x60, 0x00, 0x0e, 0xff, 0xdc, 0xcc, 0xcc, 0xcc, 0xcc, 0xdf, 0xfd, 0x00, 0x00, 0x00, 0x00,
    0x6e, 0xff, 0xf5, 0x00, 0x0e, 0xff, 0x00, 0x00, 0x00, 0x00, 0x00, 0x1f, 0xfd, 0x00, 0x00, 0x00,
    0x00, 0x02, 0xcf, 0xc0, 0x00, 0x0e, 0xff, 0x00, 0x00, 0x00, 0x00, 0x00, 0x1f, 0xfd, 0x00, 0x00,
    0x00, 0x00, 0x00, 0x1a, 0x30, 0x00, 0x0e, 0xff, 0x00, 0x00, 0x00, 0x00, 0x00, 0x1f, 0xfd, 0x00,
    0x00, 0x00, 0x00, 0x00, 0x00, 0x00, 0x00, 0x0e, 0xff, 0xff, 0xff, 0xff, 0xff, 0xff, 0xff, 0xfd,
    0x00, 0x00, 0x00, 0x00, 0x00, 0x00, 0x00, 0x00, 0x0e, 0xff, 0xff, 0xff, 0xff, 0xff, 0xff, 0xff,
    0xfd, 0x00, 0x00, 0x00, 0x00, 0x00, 0x00, 0x40, 0x00, 0x0e, 0xff, 0x99, 0x99, 0x99, 0x99, 0x99,
    0x9f, 0xfd, 0x00, 0x00, 0x00, 0x00, 0x00, 0x01, 0xeb, 0x10, 0x0e, 0xff, 0x00, 0x00, 0x00, 0x00,
    0x00, 0x1f, 0xfd, 0x00, 0x00, 0x00, 0x00, 0x00, 0x07, 0xff, 0x90, 0x0e, 0xff, 0x00, 0x00, 0x00,
    0x00, 0x00, 0x1f, 0xfd, 0x00, 0x00, 0x00, 0x00, 0x00, 0x1e, 0xff, 0x40, 0x0e, 0xff, 0x00, 0x00,
    0x00, 0x00, 0x00, 0x1f, 0xfd, 0x00, 0x00, 0x00, 0x00, 0x00, 0x7f, 0xfc, 0x00, 0x0e, 0xff, 0xff,
    0xff, 0xff, 0xff, 0xff, 0xff, 0xfd, 0x00, 0x00, 0x00, 0x00, 0x00, 0xdf, 0xf5, 0x00, 0x0e, 0xff,
    0xff, 0xff, 0xff, 0xff, 0xff, 0xff, 0xfd, 0x00, 0x00, 0x00, 0x00, 0x06, 0xff, 0xd0, 0x00, 0x0e,
    0xff, 0x99, 0x99, 0x99, 0x99, 0x99, 0x9f, 0xfd, 0x00, 0x00, 0x00, 0x00, 0x1e, 0xff, 0x70, 0x00,
    0x0e, 0xff, 0x00, 0x00, 0x00, 0x00, 0x00, 0x1f, 0xfd, 0x00, 0x00, 0x00, 0x00, 0x7f, 0xfe, 0x10,
    0x00, 0x0e, 0xff, 0x00, 0x00, 0x00, 0x00, 0x00, 0x1f, 0xfd, 0x00, 0x00, 0x00, 0x02, 0xef, 0xf6,
    0x00, 0x00, 0x0e, 0xff, 0x00, 0x00, 0x00, 0x00, 0x00, 0x1f, 0xfd, 0x00, 0x00, 0x00, 0x0a, 0xff,
    0xd0, 0x00, 0x00, 0x0e, 0xff, 0x00, 0x00, 0x00, 0x5d, 0xcc, 0xdf, 0xfb, 0x00, 0x00, 0x00, 0x04,
    0xef, 0x60, 0x00, 0x00, 0x0e, 0xff, 0x00, 0x00, 0x00, 0x1f, 0xff, 0xff, 0xf8, 0x00, 0x00, 0x00,
    0x00, 0x19, 0x00, 0x00, 0x00, 0x0e, 0xff, 0x00, 0x00, 0x00, 0x0b, 0xff, 0xeb, 0x70, 0x00, 0x00,
    0x00, 0x00, 0x00, 0x00, 0x00, 0x00, 0x02, 0x22, 0x00, 0x00, 0x00, 0x00, 0x00, 0x00, 0x00, 0x00,
    0x00, 0x00, 0x00, 0x00, 0x00, 0x00, 0x00, 0x00, 0x00, 0x00, 0x00, 0x00, 0x00, 0x00, 0x00, 0x00,
    0x00, 0x00, 0x00, 0x00, 0x00, 0x00, 0x00, 0x00, 0x00, 0x00, 0x00, 0x00, 0x00, 0x00, 0x00, 0x00,
    0x00, 0x00, 0x00, 0x00, 0x00, 0x00, 0x00, 0x00, 0x00, 0x00, 0x00, 0x00, 0x00, 0x00, 0x00, 0x00,
    0x00, 0x00, 0x00, 0x00, 0x00, 0x00, 0x7d, 0x60, 0x00, 0x00, 0x00, 0x00, 0x00, 0x00, 0x00, 0x00,
    0x00, 0x00, 0x00, 0x00, 0x00, 0x00, 0x03, 0xff, 0xfe, 0x60, 0x05, 0x99, 0x99, 0x99, 0x99, 0x99,
    0x99, 0x99, 0x99, 0x99, 0x50, 0x00, 0x00, 0x01, 0x9f, 0xff, 0xfc, 0x19, 0xff, 0xff, 0xff, 0xff,
    0xff, 0xff, 0xff, 0xff, 0xff, 0x90, 0x00, 0x00, 0x00, 0x03, 0xcf, 0xfd, 0x09, 0xff, 0xff, 0xff,
    0xff, 0xff, 0xff, 0xff, 0xff, 0xff, 0x90, 0x00, 0x00, 0x00, 0x00, 0x07, 0xf4, 0x09, 0xff, 0x10,
    0x00, 0x00, 0x00, 0x00, 0x00, 0x03, 0xff, 0x90, 0x00, 0x00, 0x00, 0x00, 0x00, 0x20, 0x09, 0xff,
    0x10, 0x26, 0x10, 0x00, 0x06, 0x70, 0x03, 0xff, 0x90, 0x00, 0x00, 0x00, 0x00, 0x00, 0x00, 0x09,
    0xff, 0x10, 0xbf, 0xf6, 0x00, 0x9f, 0xf8, 0x03, 0xff, 0x90, 0x00, 0x00, 0x00, 0x00, 0x00, 0x00,
    0x09, 0xff, 0x17, 0xff, 0xe1, 0x00, 0x3e, 0xff, 0x70, 0x00, 0x00, 0x00, 0x00, 0x02, 0x00, 0x00,
    0x00, 0x00, 0x00, 0x4f, 0xff, 0x50, 0x00, 0x04, 0xff, 0xf6, 0x00, 0x00, 0x00, 0x00, 0x1e, 0xc3,
    0x00, 0x00, 0x00, 0x03, 0xef, 0xf9, 0x00, 0x00, 0x00, 0x7f, 0xff, 0x40, 0x00, 0x00, 0x00, 0x8f,
    0xff, 0x91, 0x00, 0x00, 0x3e, 0xff, 0xd1, 0x00, 0x00, 0x00, 0x09, 0xff, 0xe1, 0x00, 0x00, 0x00,
    0x7f, 0xff, 0xfd, 0x40, 0x06, 0xff, 0xfe, 0x20, 0x00, 0x00, 0x00, 0x01, 0xdf, 0xfa, 0x00, 0x00,
    0x00, 0x02, 0xcf, 0xff, 0xf1, 0x08, 0xff, 0xe3, 0x00, 0x08, 0xcc, 0x50, 0x00, 0x3f, 0xfe, 0x20,
    0x00, 0x00, 0x00, 0x07, 0xff, 0xa0, 0x00, 0x9e, 0x30, 0x00, 0x09, 0xff, 0x70, 0x00, 0x08, 0xd2,
    0x00, 0x00, 0x00, 0x00, 0x00, 0x3d, 0x20, 0x00, 0x02, 0x00, 0x00, 0x09, 0xff, 0x70, 0x00, 0x00,
    0x10, 0x00, 0x00, 0x00, 0x00, 0x00, 0x01, 0x00, 0x00, 0x00, 0x00, 0x00, 0x09, 0xff, 0x70, 0x00,
    0x00, 0x00, 0x00, 0x00, 0x00, 0x00, 0x00, 0x00, 0x00, 0x0b, 0xff, 0xff, 0xff, 0xff, 0xff, 0xff,
    0xff, 0xff, 0xff, 0xa0, 0x00, 0x00, 0x00, 0x00, 0x02, 0x10, 0x0b, 0xff, 0xff, 0xff, 0xff, 0xff,
    0xff, 0xff, 0xff, 0xff, 0xa0, 0x00, 0x00, 0x00, 0x00, 0x09, 0xc1, 0x08, 0xbb, 0xbb, 0xbd, 0xff,
    0xff, 0xff, 0xcb, 0xbb, 0xbb, 0x70, 0x00, 0x00, 0x00, 0x00, 0x1f, 0xfb, 0x00, 0x00, 0x00, 0x0d,
    0xff, 0xff, 0xff, 0xb0, 0x00, 0x00, 0x00, 0x00, 0x00, 0x00, 0x00, 0x8f, 0xf7, 0x00, 0x00, 0x00,
    0x8f, 0xff, 0xff, 0xff, 0xf6, 0x00, 0x00, 0x00, 0x00, 0x00, 0x00, 0x01, 0xef, 0xe1, 0x00, 0x00,
    0x05, 0xff, 0xda, 0xff, 0x8e, 0xfe, 0x30, 0x00, 0x00, 0x00, 0x00, 0x00, 0x07, 0xff, 0x80, 0x00,
    0x00, 0x4f, 0xff, 0x49, 0xff, 0x74, 0xff, 0xe2, 0x00, 0x00, 0x00, 0x00, 0x00, 0x1e, 0xff, 0x20,
    0x00, 0x05, 0xef, 0xf7, 0x09, 0xff, 0x70, 0x8f, 0xfd, 0x30, 0x00, 0x00, 0x00, 0x00, 0x8f, 0xfa,
    0x00, 0x00, 0x8f, 0xff, 0x90, 0x09, 0xff, 0x70, 0x0c, 0xff, 0xe4, 0x00, 0x00, 0x00, 0x02, 0xef,
    0xf3, 0x00, 0x3c, 0xff, 0xfa, 0x00, 0x09, 0xff, 0x70, 0x02, 0xdf, 0xff, 0x91, 0x00, 0x00, 0x09,
    0xff, 0xa0, 0x04, 0xff, 0xff, 0x90, 0x00, 0x09, 0xff, 0x70, 0x00, 0x2d, 0xff, 0xf5, 0x00, 0x00,
    0x2f, 0xff, 0x20, 0x00, 0x7f, 0xe6, 0x00, 0x00, 0x09, 0xff, 0x70, 0x00, 0x01, 0xbf, 0x60, 0x00,
    0x00, 0x07, 0xfa, 0x00, 0x00, 0x07, 0x20, 0x00, 0x00, 0x09, 0xff, 0x70, 0x00, 0x00, 0x05, 0x00,
    0x00, 0x00, 0x00, 0x62, 0x00, 0x00, 0x00, 0x00, 0x00, 0x00, 0x09, 0xff, 0x70, 0x00, 0x00, 0x00,
    0x00, 0x00, 0x00, 0x00, 0x00, 0x00, 0x00, 0x00, 0x00, 0x00, 0x00, 0x01, 0x22, 0x10, 0x00, 0x00,
    0x00, 0x00, 0x00, 0x00, 0x00, 0x00, 0x00, 0x00, 0x00, 0x00, 0x00, 0x00, 0x00, 0x00, 0x00, 0x00,
    0x00, 0x00, 0x00, 0x00, 0x00, 0x00, 0x00, 0x00, 0x00, 0x00, 0x00, 0x00, 0x00, 0x00, 0x00, 0x00,
    0x00, 0x00, 0x00, 0x00, 0x00, 0x00, 0x00, 0x0b, 0x81, 0x00, 0x00, 0x00, 0x00, 0x00, 0x00, 0x00,
    0x00, 0x00, 0x00, 0x00, 0x00, 0x00, 0x00, 0x00, 0x9f, 0xfe, 0x81, 0x00, 0x6f, 0xff, 0xff, 0xff,
    0xff, 0xff, 0xff, 0xff, 0xfa, 0x00, 0x00, 0x00, 0x00, 0x9f, 0xff, 0xfe, 0x50, 0x6f, 0xff, 0xff,
    0xff, 0xff, 0xff, 0xff, 0xff, 0xfa, 0x00, 0x00, 0x00, 0x00, 0x03, 0xbf, 0xff, 0xe1, 0x6f, 0xfb,
    0x77, 0x77, 0x77, 0x77, 0x77, 0xaf, 0xfa, 0x00, 0x00, 0x00, 0x00, 0x00, 0x06, 0xff, 0x60, 0x6f,
    0xf7, 0x00, 0x00, 0x00, 0x00, 0x00, 0x5f, 0xfa, 0x00, 0x00, 0x00, 0x00, 0x00, 0x00, 0x4b, 0x00,
    0x6f, 0xf7, 0x00, 0x00, 0x00, 0x00, 0x00, 0x5f, 0xfa, 0x00, 0x00, 0x00, 0x00, 0x00, 0x00, 0x00,
    0x00, 0x6f, 0xf9, 0x55, 0x55, 0x55, 0x55, 0x55, 0x8f, 0xfa, 0x00, 0x00, 0x00, 0x00, 0x00, 0x00,
    0x00, 0x00, 0x6f, 0xff, 0xff, 0xff, 0xff, 0xff, 0xff, 0xff, 0xfa, 0x00, 0x00, 0x00, 0x00, 0x00,
    0x00, 0x00, 0x00, 0x6f, 0xff, 0xff, 0xff, 0xff, 0xff, 0xff, 0xff, 0xfa, 0x00, 0x00, 0x00, 0x0b,
    0xc5, 0x00, 0x00, 0x00, 0x6f, 0xf7, 0x00, 0x00, 0x00, 0x00, 0x00, 0x5f, 0xfa, 0x00, 0x00, 0x00,
    0x9f, 0xff, 0xd5, 0x00, 0x00, 0x6f, 0xf7, 0x00, 0x00, 0x00, 0x00, 0x00, 0x5f, 0xfa, 0x00, 0x00,
    0x00, 0x2a, 0xff, 0xff, 0xb2, 0x00, 0x6f, 0xfb, 0x88, 0x88, 0x88, 0x88, 0x88, 0xaf, 0xfa, 0x00,
    0x00, 0x00, 0x00, 0x2b, 0xff, 0xf3, 0x00, 0x6f, 0xff, 0xff, 0xff, 0xff, 0xff, 0xff, 0xff, 0xfa,
    0x00, 0x00, 0x00, 0x00, 0x00, 0x6f, 0x60, 0x00, 0x6f, 0xff, 0xff, 0xff, 0xff, 0xff, 0xff, 0xff,
    0xfa, 0x00, 0x00, 0x00, 0x00, 0x00, 0x02, 0x00, 0x00, 0x00, 0x00, 0x01, 0x10, 0x00, 0x01, 0x10,
    0x00, 0x00, 0x00, 0x00, 0x00, 0x00, 0x00, 0x00, 0x00, 0x00, 0x00, 0x00, 0x1f, 0xfb, 0x00, 0x9f,
    0xf3, 0x00, 0x00, 0x00, 0x00, 0x00, 0x00, 0x00, 0x00, 0x00, 0x00, 0x13, 0x00, 0x1f, 0xfb, 0x00,
    0x9f, 0xf3, 0x00, 0x44, 0x00, 0x00, 0x00, 0x00, 0x00, 0x08, 0x40, 0x09, 0xfe, 0x00, 0x1f, 0xfb,
    0x00, 0x9f, 0xf3, 0x00, 0xdf, 0xe4, 0x00, 0x00, 0x00, 0x00, 0x1e, 0xf7, 0x07, 0xff, 0x60, 0x1f,
    0xfb, 0x00, 0x9f, 0xf3, 0x02, 0xff, 0xe0, 0x00, 0x00, 0x00, 0x00, 0x7f, 0xfa, 0x01, 0xff, 0xd0,
    0x1f, 0xfb, 0x00, 0x9f, 0xf3, 0x07, 0xff, 0x70, 0x00, 0x00, 0x00, 0x00, 0xdf, 0xf4, 0x00, 0xaf,
    0xf4, 0x1f, 0xfb, 0x00, 0x9f, 0xf3, 0x0d, 0xfe, 0x10, 0x00, 0x00, 0x00, 0x04, 0xff, 0xd0, 0x00,
    0x4f, 0xf9, 0x1f, 0xfb, 0x00, 0x9f, 0xf3, 0x3f, 0xf9, 0x00, 0x00, 0x00, 0x00, 0x0b, 0xff, 0x70,
    0x00, 0x0e, 0xfe, 0x1f, 0xfb, 0x00, 0x9f, 0xf3, 0xaf, 0xf2, 0x00, 0x00, 0x00, 0x00, 0x3f, 0xff,
    0x20, 0x00, 0x09, 0xff, 0x4f, 0xfb, 0x00, 0x9f, 0xf5, 0xff, 0x90, 0x00, 0x00, 0x00, 0x00, 0xaf,
    0xfa, 0x00, 0x00, 0x06, 0xc6, 0x2f, 0xfb, 0x00, 0x9f, 0xf5, 0x7c, 0x20, 0x00, 0x00, 0x00, 0x02,
    0xff, 0xf3, 0x00, 0x00, 0x00, 0x00, 0x1f, 0xfb, 0x00, 0x9f, 0xf3, 0x00, 0x00, 0x00, 0x00, 0x00,
    0x0a, 0xff, 0xc0, 0x05, 0xaa, 0xaa, 0xaa, 0xaf, 0xfd, 0xaa, 0xdf, 0xfb, 0xaa, 0xaa, 0xa8, 0x00,
    0x00, 0x0d, 0xff, 0x50, 0x08, 0xff, 0xff, 0xff, 0xff, 0xff, 0xff, 0xff, 0xff, 0xff, 0xff, 0xfd,
    0x00, 0x00, 0x01, 0x9d, 0x00, 0x08, 0xff, 0xff, 0xff, 0xff, 0xff, 0xff, 0xff, 0xff, 0xff, 0xff,
    0xfd, 0x00, 0x00, 0x00, 0x01, 0x00, 0x00, 0x00, 0x00, 0x00, 0x00, 0x00, 0x00, 0x00, 0x00, 0x00,
    0x00, 0x00, 0x00, 0x00, 0x00, 0x00, 0x00, 0x00, 0x00, 0x00, 0x00, 0x00, 0x00, 0x00, 0x00, 0x00,
    0x00, 0x00, 0x00, 0x00, 0x00, 0x00, 0x00, 0x00, 0x00, 0x00, 0x00, 0x00, 0x00, 0x00, 0x00, 0x00,
    0x00, 0x00, 0x00, 0x00, 0x00, 0x00, 0x00, 0x07, 0x60, 0x00, 0x00, 0x00, 0x00, 0x00, 0x00, 0x00,
    0x00, 0x00, 0x00, 0x00, 0x00, 0x00, 0x00, 0x00, 0x7f, 0xfb, 0x20, 0x00, 0x08, 0xff, 0xff, 0xff,
    0xff, 0xff, 0xff, 0xff, 0x30, 0x00, 0x00, 0x00, 0x00, 0x9f, 0xff, 0xe5, 0x00, 0x08, 0xff, 0xff,
    0xff, 0xff, 0xff, 0xff, 0xff, 0x30, 0x00, 0x00, 0x00, 0x00, 0x05, 0xef, 0xff, 0x90, 0x08, 0xff,
    0x86, 0x66, 0x66, 0x66, 0x6c, 0xff, 0x30, 0x00, 0x00, 0x00, 0x00, 0x00, 0x1b, 0xff, 0xe2, 0x08,
    0xff, 0x30, 0x00, 0x00, 0x00, 0x0a, 0xff, 0x30, 0x00, 0x00, 0x00, 0x00, 0x00, 0x00, 0x9f, 0x40,
    0x08, 0xff, 0xee, 0xee, 0xee, 0x60, 0x0a, 0xff, 0x30, 0x00, 0x00, 0x00, 0x00, 0x00, 0x00, 0x03,
    0x00, 0x08, 0xff, 0xff, 0xff, 0xff, 0x70, 0x0a, 0xff, 0x30, 0x00, 0x00, 0x00, 0x00, 0x00, 0x00,
    0x00, 0x00, 0x08, 0xff, 0x30, 0x00, 0xff, 0x70, 0x0a, 0xff, 0x30, 0x00, 0x00, 0x00, 0x00, 0x00,
    0x00, 0x00, 0x00, 0x08, 0xff, 0x30, 0x00, 0xff, 0x70, 0x0a, 0xff, 0x30, 0x00, 0x00, 0x00, 0x04,
    0x81, 0x00, 0x00, 0x45, 0x5b, 0xff, 0x75, 0x56, 0xff, 0xa5, 0x5c, 0xff, 0x75, 0x53, 0x00, 0x00,
    0x3e, 0xfe, 0x60, 0x00, 0xbf, 0xff, 0xff, 0xff, 0xff, 0xff, 0xff, 0xff, 0xff, 0xff, 0xf8, 0x00,
    0x00, 0x5e, 0xff, 0xfc, 0x30, 0xbf, 0xff, 0xff, 0xff, 0xff, 0xff, 0xff, 0xff, 0xff, 0xff, 0xf8,
    0x00, 0x00, 0x02, 0xaf, 0xff, 0xf3, 0xbf, 0xf0, 0x00, 0x00, 0x00, 0x00, 0x00, 0x00, 0x00, 0x6f,
    0xf8, 0x00, 0x00, 0x00, 0x05, 0xef, 0xa0, 0xbf, 0xf0, 0x00, 0x00, 0x00, 0x00, 0x00, 0x00, 0x00,
    0x6f, 0xf8, 0x00, 0x00, 0x00, 0x00, 0x2a, 0x10, 0xbf, 0xfb, 0xff, 0xff, 0xff, 0xff, 0xff, 0xff,
    0xff, 0xbf, 0xf8, 0x00, 0x00, 0x00, 0x00, 0x00, 0x00, 0x46, 0x6b, 0xff, 0xff, 0xff, 0xff, 0xff,
    0xff, 0xff, 0x76, 0x63, 0x00, 0x00, 0x00, 0x00, 0x00, 0x00, 0x00, 0x0b, 0xff, 0x65, 0x55, 0x55,
    0x55, 0x5a, 0xff, 0x50, 0x00, 0x00, 0x00, 0x00, 0x00, 0x00, 0x30, 0x00, 0x0b, 0xff, 0x10, 0x00,
    0x00, 0x00, 0x07, 0xff, 0x50, 0x00, 0x00, 0x00, 0x00, 0x00, 0x01, 0xe7, 0x00, 0x0b, 0xff, 0x32,
    0x22, 0x22, 0x22, 0x29, 0xff, 0x50, 0x00, 0x00, 0x00, 0x00, 0x00, 0x07, 0xff, 0x70, 0x0b, 0xff,
    0xff, 0xff, 0xff, 0xff, 0xff, 0xff, 0x50, 0x00, 0x00, 0x00, 0x00, 0x00, 0x0e, 0xff, 0x60, 0x0b,
    0xff, 0xff, 0xff, 0xff, 0xff, 0xff, 0xff, 0x50, 0x00, 0x00, 0x00, 0x00, 0x00, 0x6f, 0xfe, 0x10,
    0x0b, 0xff, 0x10, 0x00, 0x00, 0x00, 0x07, 0xff, 0x50, 0x00, 0x00, 0x00, 0x00, 0x00, 0xdf, 0xf8,
    0x00, 0x0b, 0xff, 0x32, 0x22, 0x22, 0x22, 0x29, 0xff, 0x50, 0x00, 0x00, 0x00, 0x00, 0x05, 0xff,
    0xe1, 0x00, 0x0b, 0xff, 0xff, 0xff, 0xff, 0xff, 0xff, 0xff, 0x50, 0x00, 0x00, 0x00, 0x00, 0x0d,
    0xff, 0x90, 0x00, 0x0b, 0xff, 0xff, 0xff, 0xff, 0xff, 0xff, 0xff, 0x50, 0x00, 0x00, 0x00, 0x00,
    0x6f, 0xff, 0x20, 0x00, 0x0b, 0xff, 0x10, 0x00, 0x00, 0x00, 0x07, 0xff, 0x50, 0x00, 0x00, 0x00,
    0x00, 0xdf, 0xf9, 0x00, 0x00, 0x0b, 0xff, 0x10, 0x00, 0x00, 0x00, 0x07, 0xff, 0x50, 0x00, 0x00,
    0x00, 0x07, 0xff, 0xf2, 0x00, 0x00, 0x0b, 0xff, 0x10, 0x00, 0x00, 0x10, 0x09, 0xff, 0x50, 0x00,
    0x00, 0x00, 0x01, 0xbf, 0x90, 0x00, 0x00, 0x0b, 0xff, 0x10, 0x00, 0x03, 0xff, 0xff, 0xff, 0x20,
    0x00, 0x00, 0x00, 0x00, 0x06, 0x20, 0x00, 0x00, 0x0b, 0xff, 0x10, 0x00, 0x00, 0xdf, 0xff, 0xf8,
    0x00, 0x00, 0x00, 0x00, 0x00, 0x00, 0x00, 0x00, 0x00, 0x04, 0x55, 0x00, 0x00, 0x00, 0x46, 0x54,
    0x10, 0x00, 0x00, 0x00, 0x00, 0x00, 0x00, 0x00, 0x00, 0x00, 0x00, 0x00, 0x00, 0x00, 0x00, 0x00,
    0x00, 0x00, 0x00, 0x00, 0x00, 0x00, 0x00, 0x00, 0x00, 0x00, 0x00, 0x00, 0x00, 0x00, 0x00, 0x00,
    0x00, 0x00, 0x00, 0x00, 0x00, 0x00, 0x00, 0x00, 0x00, 0x00, 0x00, 0x00, 0x00, 0x03, 0x44, 0x10,
    0x00, 0x00, 0x00, 0x00, 0x00, 0x00, 0x00, 0x00, 0x00, 0x00, 0x00, 0x00, 0x00, 0x00, 0x0b, 0xff,
    0x50, 0x00, 0x00, 0x00, 0x00, 0x00, 0x00, 0x00, 0x00, 0x00, 0x00, 0x00, 0x00, 0x00, 0x00, 0x0b,
    0xff, 0x50, 0x00, 0x00, 0x00, 0x00, 0x00, 0x00, 0x00, 0x00, 0x00, 0x00, 0x00, 0x00, 0x00, 0x00,
    0x0b, 0xff, 0x50, 0x00, 0x00, 0x00, 0x00, 0x00, 0x00, 0x00, 0x00, 0x00, 0x00, 0x00, 0x00, 0x00,
    0x00, 0x0b, 0xff, 0xff, 0xff, 0xff, 0xff, 0xff, 0xff, 0x30, 0x00, 0x00, 0x00, 0x00, 0x00, 0x00,
    0x00, 0x00, 0x0b, 0xff, 0xff, 0xff, 0xff, 0xff, 0xff, 0xff, 0x30, 0x00, 0x00, 0x00, 0x00, 0x00,
    0x00, 0x00, 0x00, 0x0b, 0xff, 0xed, 0xdd, 0xdd, 0xdd, 0xdd, 0xdd, 0x30, 0x00, 0x00, 0x00, 0x00,
    0x00, 0x00, 0x00, 0x00, 0x0b, 0xff, 0x50, 0x00, 0x00, 0x00, 0x00, 0x00, 0x00, 0x00, 0x00, 0x00,
    0x00, 0x00, 0x00, 0x00, 0x00, 0x0b, 0xff, 0x50, 0x00, 0x00, 0x00, 0x00, 0x00, 0x00, 0x00, 0x00,
    0x00, 0x00, 0x00, 0x00, 0x00, 0x00, 0x0b, 0xff, 0x50, 0x00, 0x00, 0x00, 0x00, 0x00, 0x00, 0x00,
    0x00, 0x00, 0x00, 0x00, 0x00, 0x00, 0x00, 0x0b, 0xff, 0x50, 0x00, 0x00, 0x00, 0x00, 0x00, 0x00,
    0x00, 0x00, 0x00, 0x00, 0xdf, 0xff, 0xff, 0xff, 0xff, 0xff, 0xff, 0xff, 0xff, 0xff, 0xfe, 0x00,
    0x00, 0x00, 0x00, 0x00, 0x00, 0xdf, 0xff, 0xff, 0xff, 0xff, 0xff, 0xff, 0xff, 0xff, 0xff, 0xfe,
    0x00, 0x00, 0x00, 0x00, 0x00, 0x00, 0xdf, 0xfc, 0xcc, 0xcc, 0xcc, 0xcc, 0xcc, 0xcc, 0xcc, 0xdf,
    0xfe, 0x00, 0x00, 0x00, 0x00, 0x00, 0x00, 0xdf, 0xf0, 0x00, 0x00, 0x00, 0x00, 0x00, 0x00, 0x00,
    0x2f, 0xfe, 0x00, 0x00, 0x00, 0x00, 0x00, 0x00, 0xdf, 0xf0, 0x00, 0x00, 0x00, 0x00, 0x00, 0x00,
    0x00, 0x2f, 0xfe, 0x00, 0x00, 0x00, 0x00, 0x00, 0x00, 0xdf, 0xf0, 0x00, 0x00, 0x00, 0x00, 0x00,
    0x00, 0x00, 0x2f, 0xfe, 0x00, 0x00, 0x00, 0x00, 0x00, 0x00, 0xdf, 0xf0, 0x00, 0x00, 0x00, 0x00,
    0x00, 0x00, 0x00, 0x2f, 0xfe, 0x00, 0x00, 0x00, 0x00, 0x00, 0x00, 0xdf, 0xf0, 0x00, 0x00, 0x00,
    0x00, 0x00, 0x00, 0x00, 0x2f, 0xfe, 0x00, 0x00, 0x00, 0x00, 0x00, 0x00, 0xdf, 0xff, 0xff, 0xff,
    0xff, 0xff, 0xff, 0xff, 0xff, 0xff, 0xfe, 0x00, 0x00, 0x00, 0x00, 0x00, 0x00, 0xdf, 0xff, 0xff,
    0xff, 0xff, 0xff, 0xff, 0xff, 0xff, 0xff, 0xfe, 0x00, 0x00, 0x00, 0x00, 0x00, 0x00, 0xbc, 0xcc,
    0xcc, 0xcc, 0xcc, 0xcc, 0xcc, 0xcc, 0xcc, 0xcc, 0xcc, 0x00, 0x00, 0x00, 0x00, 0x00, 0x00, 0x00,
    0x00, 0x00, 0x00, 0x00, 0x00, 0x00, 0x00, 0x00, 0x00, 0x00, 0x00, 0x00, 0x00, 0x00, 0x00, 0x00,
    0x53, 0x00, 0x00, 0x00, 0x00, 0x00, 0x00, 0x00, 0x00, 0x01, 0x57, 0x00, 0x00, 0x00, 0x00, 0x00,
    0x02, 0xff, 0xe1, 0x03, 0x9a, 0x60, 0x00, 0x6b, 0xe3, 0x00, 0x1e, 0xff, 0x40, 0x00, 0x00, 0x00,
    0x00, 0x0a, 0xff, 0x90, 0x04, 0xff, 0xa0, 0x00, 0x7f, 0xf9, 0x00, 0x08, 0xff, 0xe1, 0x00, 0x00,
    0x00, 0x00, 0x3f, 0xff, 0x20, 0x02, 0xff, 0xd0, 0x00, 0x1f, 0xff, 0x10, 0x00, 0xcf, 0xfa, 0x00,
    0x00, 0x00, 0x00, 0xcf, 0xfa, 0x00, 0x00, 0xff, 0xf0, 0x00, 0x0a, 0xff, 0x70, 0x00, 0x3f, 0xff,
    0x50, 0x00, 0x00, 0x08, 0xff, 0xe2, 0x00, 0x00, 0xef, 0xf2, 0x00, 0x05, 0xff, 0xc0, 0x00, 0x09,
    0xff, 0xd0, 0x00, 0x00, 0x7f, 0xff, 0x60, 0x00, 0x00, 0xdf, 0xf4, 0x00, 0x01, 0xef, 0xf2, 0x00,
    0x01, 0xef, 0xf6, 0x00, 0x00, 0x29, 0xf9, 0x00, 0x00, 0x00, 0xce, 0xc3, 0x00, 0x00, 0xaa, 0x71,
    0x00, 0x00, 0x8c, 0x61, 0x00, 0x00, 0x00, 0x10, 0x00, 0x00, 0x00, 0x00, 0x00, 0x00, 0x00, 0x00,
    0x00, 0x00, 0x00, 0x00, 0x00, 0x00, 0x00, 0x00, 0x00, 0x00, 0x00, 0x00, 0x00, 0x00, 0x00, 0x00,
    0x00, 0x00, 0x00, 0x00, 0x00, 0x00, 0x00, 0x00, 0x00, 0x00, 0x00, 0x00, 0x00, 0x00, 0x00, 0x00,
    0x00, 0x00, 0x00, 0x00, 0x00, 0x00, 0x00, 0x00, 0x00, 0x00, 0x00, 0x02, 0x44, 0x10, 0x00, 0x00,
    0x00, 0x16, 0x63, 0x00, 0x00, 0x00, 0x00, 0x00, 0x00, 0x00, 0x00, 0x00, 0x07, 0xff, 0x50, 0x00,
    0x00, 0x00, 0x4f, 0xf9, 0x00, 0x00, 0x00, 0x00, 0x00, 0x00, 0x00, 0x00, 0x00, 0x07, 0xff, 0x50,
    0x00, 0x00, 0x00, 0x4f, 0xf9, 0x00, 0x00, 0x00, 0x00, 0x00, 0x00, 0x00, 0x00, 0x00, 0x07, 0xff,
    0x50, 0x00, 0x00, 0x00, 0x4f, 0xf9, 0x00, 0x00, 0x00, 0x00, 0x00, 0x00, 0x00, 0x00, 0x00, 0x07,
    0xff, 0x50, 0x00, 0x00, 0x00, 0x5f, 0xf8, 0x00, 0x00, 0x00, 0x00, 0x00, 0x00, 0x00, 0x0c, 0xcc,
    0xcd, 0xff, 0xdc, 0xca, 0x38, 0x88, 0xaf, 0xfc, 0x88, 0x88, 0x88, 0x00, 0x00, 0x00, 0x00, 0x0f,
    0xff, 0xff, 0xff, 0xff, 0xfd, 0x6f, 0xff, 0xff, 0xff, 0xff, 0xff, 0xff, 0x00, 0x00, 0x00, 0x00,
    0x0f, 0xff, 0xff, 0xff, 0xff, 0xfd, 0x6f, 0xff, 0xff, 0xff, 0xff, 0xff, 0xfe, 0x00, 0x00, 0x00,
    0x00, 0x00, 0x00, 0x07, 0xff, 0x50, 0x00, 0x00, 0x00, 0x7f, 0xf6, 0x00, 0x0d, 0xfe, 0x00, 0x00,
    0x00, 0x00, 0x00, 0x00, 0x07, 0xff, 0x50, 0x00, 0x00, 0x00, 0x8f, 0xf4, 0x00, 0x0d, 0xfe, 0x00,
    0x00, 0x00, 0x00, 0x00, 0x00, 0x07, 0xff, 0x50, 0x01, 0x00, 0x00, 0x9f, 0xf3, 0x00, 0x0d, 0xfd,
    0x00, 0x00, 0x00, 0x00, 0x00, 0x00, 0x07, 0xff, 0x88, 0xce, 0x02, 0x00, 0xbf, 0xf2, 0x00, 0x0d,
    0xfd, 0x00, 0x00, 0x00, 0x00, 0x00, 0x00, 0x3a, 0xff, 0xff, 0xff, 0x1d, 0xc4, 0xef, 0xe0, 0x00,
    0x0d, 0xfd, 0x00, 0x00, 0x00, 0x00, 0x37, 0xae, 0xff, 0xff, 0xff, 0xfe, 0x9f, 0xff, 0xff, 0xb0,
    0x00, 0x0d, 0xfd, 0x00, 0x00, 0x00, 0x00, 0x8f, 0xff, 0xff, 0xff, 0xc7, 0x30, 0x1a, 0xff, 0xff,
    0xa0, 0x00, 0x0d, 0xfd, 0x00, 0x00, 0x00, 0x00, 0x5f, 0xff, 0xdd, 0xff, 0x50, 0x00, 0x00, 0x4e,
    0xff, 0xfb, 0x20, 0x0c, 0xfd, 0x00, 0x00, 0x00, 0x00, 0x2b, 0x73, 0x07, 0xff, 0x50, 0x00, 0x00,
    0x4f, 0xff, 0xff, 0xe5, 0x0b, 0xfd, 0x00, 0x00, 0x00, 0x00, 0x00, 0x00, 0x07, 0xff, 0x50, 0x00,
    0x00, 0xcf, 0xfb, 0xef, 0xff, 0x6a, 0xfe, 0x02, 0xb3, 0x00, 0x00, 0x00, 0x00, 0x07, 0xff, 0x50,
    0x00, 0x07, 0xff, 0xe1, 0x1b, 0xfe, 0x28, 0xff, 0x13, 0xff, 0x20, 0x00, 0x00, 0x00, 0x07, 0xff,
    0x50, 0x00, 0x6f, 0xff, 0x50, 0x00, 0x87, 0x05, 0xff, 0x56, 0xff, 0x00, 0x00, 0x00, 0xaa, 0xad,
    0xff, 0x40, 0x19, 0xff, 0xfb, 0x00, 0x00, 0x00, 0x01, 0xff, 0xed, 0xfc, 0x00, 0x00, 0x00, 0xbf,
    0xff, 0xfe, 0x10, 0x1b, 0xff, 0xb1, 0x00, 0x00, 0x00, 0x00, 0x9f, 0xff, 0xf6, 0x00, 0x00, 0x00,
    0x7f, 0xed, 0xa3, 0x00, 0x01, 0xd8, 0x00, 0x00, 0x00, 0x00, 0x00, 0x19, 0xee, 0x90, 0x00, 0x00,
    0x00, 0x00, 0x10, 0x00, 0x00, 0x00, 0x00, 0x00, 0x00, 0x00, 0x00, 0x00, 0x14, 0x00, 0x00, 0x00,
    0x00, 0x00, 0x02, 0xfd, 0x91, 0x00, 0x24, 0x30, 0x00, 0x25, 0x83, 0x00, 0x08, 0xef, 0x30, 0x00,
    0x00, 0x00, 0x00, 0x0a, 0xff, 0xb0, 0x03, 0xff, 0xa0, 0x00, 0x7f, 0xf9, 0x00, 0x09, 0xff, 0xd1,
    0x00, 0x00, 0x00, 0x00, 0x3f, 0xff, 0x30, 0x01, 0xff, 0xd0, 0x00, 0x2f, 0xfe, 0x00, 0x01, 0xdf,
    0xfa, 0x00, 0x00, 0x00, 0x00, 0xcf, 0xfa, 0x00, 0x00, 0xef, 0xf1, 0x00, 0x0c, 0xff, 0x50, 0x00,
    0x4f, 0xff, 0x40, 0x00, 0x00, 0x07, 0xff, 0xe2, 0x00, 0x00, 0xcf, 0xf3, 0x00, 0x07, 0xff, 0xa0,
    0x00, 0x0a, 0xff, 0xd0, 0x00, 0x00, 0x3f, 0xff, 0x70, 0x00, 0x00, 0xbf, 0xf4, 0x00, 0x03, 0xff,
    0xe0, 0x00, 0x02, 0xef, 0xf7, 0x00, 0x00, 0x4b, 0xfc, 0x00, 0x00, 0x00, 0xae, 0xc3, 0x00, 0x00,
    0xeb, 0x81, 0x00, 0x00, 0x8f, 0xb4, 0x00, 0x00, 0x00, 0x32, 0x00, 0x00, 0x00, 0x10, 0x00, 0x00,
    0x00, 0x00, 0x00, 0x00, 0x00, 0x13, 0x00, 0x00, 0x00, 0x00, 0x00, 0x00, 0x00, 0x00, 0x00, 0x00,
    0x00, 0x00, 0x00, 0x00, 0x00, 0x00, 0x00, 0x00, 0x00, 0x00, 0x00, 0x00, 0x00, 0x00, 0x00, 0x00,
    0x00, 0x00, 0x00, 0x00, 0x00, 0x00, 0x00, 0x00, 0x00, 0x00, 0x00, 0x00, 0x00, 0x00, 0x00, 0x00,
    0x00, 0x00, 0x00, 0x00, 0x01, 0x50, 0x00, 0x00, 0x00, 0x00, 0x00, 0x00, 0x00, 0x00, 0x3c, 0xc5,
    0x00, 0x00, 0x00, 0x00, 0x00, 0x9f, 0xf4, 0x00, 0x00, 0x00, 0x00, 0x00, 0x00, 0x00, 0x00, 0x4f,
    0xf7, 0x00, 0x00, 0x00, 0x00, 0x00, 0x7f, 0xfc, 0x00, 0x00, 0x00, 0x00, 0x00, 0x00, 0x00, 0x00,
    0x4f, 0xf7, 0x00, 0x00, 0x00, 0x00, 0x00, 0x1e, 0xff, 0x30, 0x00, 0x00, 0x00, 0x00, 0x00, 0x00,
    0x00, 0x4f, 0xf7, 0x00, 0x03, 0x66, 0x66, 0x66, 0x6c, 0xff, 0xb6, 0x66, 0x66, 0x62, 0x00, 0x00,
    0x00, 0x00, 0x4f, 0xf7, 0x00, 0x08, 0xff, 0xff, 0xff, 0xff, 0xff, 0xff, 0xff, 0xff, 0xf4, 0x00,
    0x00, 0x00, 0x00, 0x4f, 0xf7, 0x05, 0x28, 0xff, 0xff, 0xff, 0xff, 0xff, 0xff, 0xff, 0xff, 0xf4,
    0x00, 0x00, 0x03, 0x31, 0x4f, 0xf7, 0x0e, 0xfe, 0xff, 0x40, 0x00, 0x00, 0x00, 0x00, 0x00, 0xaf,
    0xf4, 0x00, 0x00, 0x0a, 0xf6, 0x4f, 0xf7, 0x3f, 0xfa, 0xff, 0x40, 0x30, 0x00, 0x00, 0x03, 0x20,
    0xaf, 0xf4, 0x00, 0x00, 0x0b, 0xf5, 0x4f, 0xf7, 0x8f, 0xa8, 0xff, 0x46, 0xfd, 0x70, 0x00, 0x8f,
    0xd3, 0xaf, 0xf4, 0x00, 0x00, 0x0d, 0xf4, 0x4f, 0xf7, 0xdf, 0x41, 0x22, 0x4f, 0xff, 0x30, 0x00,
    0x7f, 0xfe, 0x42, 0x20, 0x00, 0x00, 0x0e, 0xf2, 0x4f, 0xfa, 0xfd, 0x00, 0x04, 0xef, 0xf6, 0x02,
    0x10, 0x07, 0xff, 0xe3, 0x00, 0x00, 0x00, 0x2f, 0xf1, 0x4f, 0xff, 0xf6, 0x00, 0x6f, 0xff, 0x90,
    0x1d, 0xea, 0x30, 0x7f, 0xfe, 0x30, 0x00, 0x00, 0x5f, 0xd0, 0x5f, 0xfa, 0xa0, 0x05, 0xff, 0xf9,
    0x00, 0x9f, 0xfe, 0x10, 0x08, 0xff, 0xe1, 0x00, 0x00, 0x8f, 0xa0, 0x5f, 0xf6, 0x00, 0x00, 0x8f,
    0x80, 0x05, 0xff, 0xff, 0x60, 0x00, 0xae, 0x60, 0x00, 0x00, 0xaf, 0x70, 0x6f, 0xf5, 0x00, 0x00,
    0x03, 0x00, 0x5f, 0xff, 0xff, 0xf8, 0x00, 0x02, 0x00, 0x00, 0x00, 0x03, 0x20, 0x6f, 0xf4, 0x00,
    0x00, 0x00, 0x04, 0xff, 0xfa, 0x4e, 0xff, 0xb2, 0x00, 0x00, 0x00, 0x00, 0x00, 0x00, 0x8f, 0xf3,
    0x00, 0x00, 0x00, 0x7f, 0xff, 0x90, 0x03, 0xdf, 0xfe, 0x60, 0x00, 0x00, 0x00, 0x00, 0x00, 0xaf,
    0xf2, 0x00, 0x00, 0x1a, 0xff, 0xf8, 0x00, 0x00, 0x2c, 0xff, 0xfc, 0x40, 0x00, 0x00, 0x00, 0x00,
    0xcf, 0xf6, 0x00, 0x05, 0xdf, 0xff, 0x80, 0x00, 0x00, 0x00, 0x8f, 0xff, 0xfc, 0x10, 0x00, 0x00,
    0x00, 0xef, 0xfe, 0x30, 0xaf, 0xff, 0xff, 0xff, 0xff, 0xff, 0xff, 0xff, 0xff, 0xfc, 0x00, 0x00,
    0x00, 0x02, 0xff, 0xff, 0xd1, 0x3e, 0xfb, 0xff, 0xff, 0xff, 0xff, 0xff, 0xff, 0xf9, 0xe5, 0x00,
    0x00, 0x00, 0x06, 0xff, 0xef, 0xf9, 0x04, 0x50, 0xff, 0xd7, 0x77, 0x77, 0x77, 0xdf, 0xf2, 0x20,
    0x00, 0x00, 0x00, 0x0b, 0xff, 0x4d, 0xff, 0x50, 0x00, 0xff, 0xb0, 0x00, 0x00, 0x00, 0xbf, 0xf2,
    0x00, 0x00, 0x00, 0x00, 0x2f, 0xfe, 0x04, 0xff, 0xe2, 0x00, 0xff, 0xb0, 0x00, 0x00, 0x00, 0xbf,
    0xf2, 0x00, 0x00, 0x00, 0x00, 0x9f, 0xf9, 0x00, 0x9f, 0xf8, 0x00, 0xff, 0xb0, 0x00, 0x00, 0x00,
    0xbf, 0xf2, 0x00, 0x00, 0x00, 0x02, 0xff, 0xf2, 0x00, 0x1e, 0xb0, 0x00, 0xff, 0xb0, 0x00, 0x00,
    0x00, 0xbf, 0xf2, 0x00, 0x00, 0x00, 0x0b, 0xff, 0xa0, 0x00, 0x05, 0x10, 0x00, 0xff, 0xd7, 0x77,
    0x77, 0x77, 0xdf, 0xf2, 0x00, 0x00, 0x00, 0x8f, 0xfe, 0x20, 0x00, 0x00, 0x00, 0x00, 0xff, 0xff,
    0xff, 0xff, 0xff, 0xff, 0xf2, 0x00, 0x00, 0x00, 0x9f, 0xf7, 0x00, 0x00, 0x00, 0x00, 0x00, 0xff,
    0xff, 0xff, 0xff, 0xff, 0xff, 0xf2, 0x00, 0x00, 0x00, 0x0a, 0xa0, 0x00, 0x00, 0x00, 0x00, 0x00,
    0xff, 0xb0, 0x00, 0x00, 0x00, 0xbf, 0xf2, 0x00, 0x00, 0x00, 0x01, 0x10, 0x00, 0x00, 0x00, 0x00,
    0x00, 0x44, 0x30, 0x00, 0x00, 0x00, 0x23, 0x30, 0x00, 0x00, 0x00, 0x00, 0x00, 0x00, 0x00, 0x00,
    0x00, 0x00, 0x00, 0x00, 0x00, 0x00, 0x00, 0x00, 0x00, 0x00, 0x00, 0x00, 0x00, 0x00, 0x00, 0x00,
    0x00, 0x00, 0x00, 0x00, 0x00, 0x00, 0x00, 0x00, 0x00, 0x00, 0x00, 0x00, 0x00, 0x00, 0x00, 0xab,
    0x70, 0x00, 0x00, 0x00, 0x00, 0x00, 0x00, 0x00, 0x00, 0x00, 0x00, 0x00, 0x00, 0x00, 0x00, 0x00,
    0xdf, 0x90, 0x00, 0x05, 0xff, 0xff, 0xff, 0xff, 0xff, 0xff, 0xff, 0xff, 0x00, 0x00, 0x00, 0x00,
    0x00, 0xdf, 0x90, 0x00, 0x05, 0xff, 0xfe, 0xee, 0xee, 0xee, 0xee, 0xef, 0xff, 0x00, 0x00, 0x00,
    0x00, 0x00, 0xdf, 0x90, 0x00, 0x05, 0xff, 0x50, 0x00, 0x00, 0x00, 0x00, 0x0c, 0xff, 0x00, 0x00,
    0x00, 0x00, 0x00, 0xdf, 0x90, 0x00, 0x05, 0xff, 0xdd, 0xdd, 0xdd, 0xdd, 0xdd, 0xdf, 0xff, 0x00,
    0x00, 0x00, 0x00, 0x00, 0xdf, 0x90, 0x42, 0x05, 0xff, 0xff, 0xff, 0xff, 0xff, 0xff, 0xff, 0xff,
    0x00, 0x00, 0x00, 0x05, 0x61, 0xdf, 0x90, 0xaf, 0x75, 0xff, 0x50, 0x00, 0x00, 0x00, 0x00, 0x0c,
    0xff, 0x00, 0x00, 0x00, 0x0a, 0xf3, 0xdf, 0x90, 0xdf, 0x55, 0xff, 0x50, 0x00, 0x00, 0x00, 0x00,
    0x0c, 0xff, 0x00, 0x00, 0x00, 0x0c, 0xf1, 0xdf, 0x91, 0xff, 0x15, 0xff, 0xff, 0xff, 0xff, 0xff,
    0xff, 0xff, 0xff, 0x00, 0x00, 0x00, 0x0d, 0xf0, 0xdf, 0x94, 0xfb, 0x05, 0xee, 0xff, 0xff, 0xee,
    0xee, 0xff, 0xfe, 0xee, 0x00, 0x00, 0x00, 0x0f, 0xe0, 0xdf, 0x97, 0xf7, 0x00, 0x00, 0x4f, 0xf7,
    0x00, 0x04, 0xff, 0x80, 0x00, 0x00, 0x00, 0x00, 0x2f, 0xc0, 0xdf, 0x9b, 0xf2, 0x02, 0x22, 0x6f,
    0xf8, 0x22, 0x25, 0xff, 0x92, 0x22, 0x10, 0x00, 0x00, 0x5f, 0xa0, 0xef, 0x8c, 0xc0, 0x3f, 0xff,
    0xff, 0xff, 0xff, 0xff, 0xff, 0xff, 0xff, 0xa0, 0x00, 0x00, 0x9f, 0x70, 0xef, 0x80, 0x20, 0x3f,
    0xff, 0xff, 0xff, 0xff, 0xff, 0xff, 0xff, 0xff, 0xa0, 0x00, 0x00, 0xcf, 0x30, 0xff, 0x80, 0x00,
    0x00, 0x00, 0x4f, 0xf7, 0x00, 0x04, 0xff, 0x80, 0x00, 0x00, 0x00, 0x00, 0x05, 0x00, 0xff, 0x70,
    0x01, 0x33, 0x33, 0x6f, 0xf9, 0x33, 0x36, 0xff, 0xa3, 0x33, 0x31, 0x00, 0x00, 0x00, 0x01, 0xff,
    0x60, 0x04, 0xff, 0xff, 0xff, 0xff, 0xff, 0xff, 0xff, 0xff, 0xff, 0xf8, 0x00, 0x00, 0x00, 0x03,
    0xff, 0x50, 0x04, 0xff, 0xff, 0xff, 0xff, 0xff, 0xff, 0xff, 0xff, 0xff, 0xf8, 0x00, 0x00, 0x00,
    0x05, 0xff, 0x50, 0x00, 0x00, 0x07, 0xff, 0xa0, 0x11, 0x10, 0x0a, 0xfd, 0x20, 0x00, 0x00, 0x00,
    0x00, 0x07, 0xff, 0xd1, 0x00, 0x02, 0xbf, 0xfa, 0x00, 0x9f, 0xf2, 0x01, 0xcf, 0xe5, 0x00, 0x00,
    0x00, 0x00, 0x0a, 0xff, 0xf8, 0x03, 0xaf, 0xff, 0x82, 0x00, 0x9f, 0xf2, 0x00, 0x1c, 0xff, 0xb3,
    0x00, 0x00, 0x00, 0x0e, 0xff, 0xff, 0x36, 0xff, 0xd6, 0xbe, 0x30, 0x9f, 0xf2, 0x03, 0xc4, 0xaf,
    0xfe, 0x20, 0x00, 0x00, 0x4f, 0xf8, 0xdf, 0xd0, 0x87, 0x11, 0xdf, 0xd1, 0x9f, 0xf2, 0x1d, 0xfa,
    0x06, 0xe4, 0x00, 0x00, 0x00, 0x8f, 0xf2, 0x6f, 0xf8, 0x00, 0x00, 0x2f, 0xb3, 0xbf, 0xf5, 0xcf,
    0xb0, 0x00, 0x00, 0x00, 0x00, 0x00, 0xdf, 0xc0, 0x0c, 0xff, 0x10, 0x00, 0x07, 0xaf, 0xff, 0xff,
    0xfe, 0x10, 0x00, 0x00, 0x00, 0x00, 0x06, 0xff, 0x70, 0x05, 0xf7, 0x00, 0x27, 0xdf, 0xff, 0xef,
    0xff, 0xff, 0xd6, 0x00, 0x00, 0x00, 0x00, 0x1d, 0xfe, 0x10, 0x00, 0x61, 0x6b, 0xff, 0xfe, 0x82,
    0x9f, 0xf3, 0x8f, 0xff, 0xd5, 0x00, 0x00, 0x00, 0x8f, 0xf8, 0x00, 0x00, 0x01, 0xef, 0xfc, 0x61,
    0x00, 0x9f, 0xf1, 0x02, 0x9f, 0xff, 0x70, 0x00, 0x00, 0xaf, 0xd1, 0x00, 0x00, 0x00, 0x8a, 0x40,
    0x09, 0xee, 0xff, 0xe0, 0x00, 0x03, 0xcb, 0x00, 0x00, 0x00, 0x0a, 0x40, 0x00, 0x00, 0x00, 0x00,
    0x00, 0x03, 0xff, 0xfe, 0x60, 0x00, 0x00, 0x01, 0x00, 0x00, 0x00, 0x00, 0x00, 0x00, 0x00, 0x00,
    0x00, 0x00, 0x00, 0x33, 0x20, 0x00, 0x00, 0x00, 0x00, 0x00, 0x00, 0x00, 0x00, 0x00, 0x00, 0x00,
    0x00, 0x00, 0x00, 0x00, 0x00, 0x00, 0x00, 0x00, 0x00, 0x00, 0x00, 0x00, 0x00, 0x00, 0x00, 0x00,
    0x00, 0x00, 0x00, 0x00, 0x00, 0x00, 0x00, 0x00, 0x00, 0x00, 0x00, 0x00, 0x00, 0x00, 0x00, 0x3e,
    0xee, 0xee, 0xee, 0xee, 0xee, 0xee, 0xee, 0xee, 0xee, 0xee, 0xee, 0xe9, 0x00, 0x00, 0x00, 0x00,
    0x3f, 0xff, 0xff, 0xff, 0xff, 0xff, 0xff, 0xff, 0xff, 0xff, 0xff, 0xff, 0xf9, 0x00, 0x00, 0x00,
    0x00, 0x3f, 0xff, 0xff, 0xff, 0xff, 0xff, 0xff, 0xff, 0xff, 0xff, 0xff, 0xff, 0xf9, 0x00, 0x00,
    0x00, 0x00, 0x00, 0x00, 0x00, 0x00, 0x00, 0x00, 0x00, 0x00, 0x0e, 0xff, 0x20, 0x00, 0x00, 0x00,
    0x00, 0x00, 0x00, 0x00, 0x05, 0x97, 0x30, 0x00, 0x00, 0x00, 0x00, 0x0e, 0xff, 0x20, 0x00, 0x00,
    0x00, 0x00, 0x00, 0x00, 0x00, 0x0a, 0xff, 0x70, 0x00, 0x00, 0x00, 0x00, 0x0e, 0xff, 0x20, 0x00,
    0x00, 0x00, 0x00, 0x00, 0x00, 0x00, 0x0d, 0xff, 0x40, 0x00, 0x00, 0x00, 0x00, 0x0e, 0xff, 0x20,
    0x00, 0x00, 0x00, 0x00, 0x00, 0x00, 0x00, 0x1f, 0xff, 0x10, 0x00, 0x00, 0x00, 0x00, 0x0e, 0xff,
    0x20, 0x00, 0x00, 0x00, 0x00, 0x00, 0x00, 0x00, 0x4f, 0xfc, 0x00, 0x00, 0x00, 0x00, 0x00, 0x0e,
    0xff, 0x20, 0x00, 0x00, 0x00, 0x00, 0x00, 0x00, 0x00, 0x8f, 0xf8, 0x00, 0x00, 0x00, 0x00, 0x00,
    0x0e, 0xff, 0x20, 0x00, 0x00, 0x00, 0x00, 0x00, 0x00, 0x00, 0xbf, 0xf5, 0x00, 0x00, 0x00, 0x00,
    0x00, 0x0e, 0xff, 0x20, 0x00, 0x00, 0x00, 0x00, 0x00, 0x00, 0x00, 0xef, 0xf1, 0x00, 0x00, 0x00,
    0x00, 0x00, 0x0e, 0xff, 0x20, 0x00, 0x00, 0x00, 0x00, 0x00, 0x00, 0x04, 0xff, 0xff, 0xff, 0xff,
    0xff, 0xff, 0xff, 0xff, 0xff, 0xff, 0xff, 0xff, 0xf2, 0x00, 0x00, 0x00, 0x08, 0xff, 0xff, 0xff,
    0xff, 0xff, 0xff, 0xff, 0xff, 0xff, 0xff, 0xff, 0xff, 0xf2, 0x00, 0x00, 0x00, 0x0b, 0xee, 0xee,
    0xee, 0xee, 0xee, 0xee, 0xff, 0xff, 0xff, 0xee, 0xee, 0xee, 0xe1, 0x00, 0x00, 0x00, 0x00, 0x00,
    0x00, 0x00, 0x00, 0x00, 0x2d, 0xff, 0xde, 0xff, 0x20, 0x00, 0x00, 0x00, 0x00, 0x00, 0x00, 0x00,
    0x00, 0x00, 0x00, 0x00, 0x03, 0xdf, 0xfd, 0x2e, 0xff, 0x20, 0x00, 0x00, 0x00, 0x00, 0x00, 0x00,
    0x00, 0x00, 0x00, 0x00, 0x00, 0x3e, 0xff, 0xd2, 0x0e, 0xff, 0x20, 0x00, 0x00, 0x00, 0x00, 0x00,
    0x00, 0x00, 0x00, 0x00, 0x00, 0x07, 0xff, 0xfe, 0x20, 0x0e, 0xff, 0x20, 0x00, 0x00, 0x00, 0x00,
    0x00, 0x00, 0x00, 0x00, 0x00, 0x02, 0xbf, 0xff, 0xd2, 0x00, 0x0e, 0xff, 0x20, 0x00, 0x00, 0x00,
    0x00, 0x00, 0x00, 0x00, 0x00, 0x00, 0x5e, 0xff, 0xfa, 0x10, 0x00, 0x0e, 0xff, 0x20, 0x00, 0x00,
    0x00, 0x00, 0x00, 0x00, 0x00, 0x00, 0x3b, 0xff, 0xff, 0x70, 0x00, 0x00, 0x0e, 0xff, 0x20, 0x00,
    0x00, 0x00, 0x00, 0x00, 0x00, 0x00, 0x2a, 0xff, 0xff, 0xd4, 0x00, 0x00, 0x00, 0x0e, 0xff, 0x20,
    0x00, 0x00, 0x00, 0x00, 0x00, 0x00, 0x4a, 0xff, 0xff, 0xf9, 0x10, 0x00, 0x00, 0x00, 0x0e, 0xff,
    0x20, 0x00, 0x00, 0x00, 0x00, 0x00, 0x5c, 0xff, 0xff, 0xfc, 0x30, 0x00, 0x00, 0x00, 0x00, 0x0e,
    0xff, 0x20, 0x00, 0x00, 0x00, 0x00, 0x00, 0x3e, 0xff, 0xfd, 0x60, 0x00, 0x00, 0x00, 0x00, 0x00,
    0x1f, 0xff, 0x20, 0x00, 0x00, 0x00, 0x00, 0x00, 0x05, 0xfc, 0x50, 0x00, 0x00, 0x00, 0x01, 0xee,
    0xee, 0xff, 0xff, 0x10, 0x00, 0x00, 0x00, 0x00, 0x00, 0x00, 0x30, 0x00, 0x00, 0x00, 0x00, 0x00,
    0xaf, 0xff, 0xff, 0xfa, 0x00, 0x00, 0x00, 0x00, 0x00, 0x00, 0x00, 0x00, 0x00, 0x00, 0x00, 0x00,
    0x00, 0x6f, 0xff, 0xfc, 0x80, 0x00, 0x00, 0x00, 0x00, 0x00, 0x00, 0x00, 0x00, 0x00, 0x00, 0x00,
    0x00, 0x00, 0x02, 0x11, 0x00, 0x00, 0x00, 0x00, 0x00, 0x00, 0x00, 0x00, 0x00, 0x00, 0x00, 0x00,
    0x00, 0x00, 0x00, 0x00, 0x00, 0x00, 0x00, 0x00, 0x00, 0x00, 0x00, 0x00, 0x00, 0x00, 0x00, 0x00,
    0x00, 0x00, 0x00, 0x00, 0x00, 0x00, 0x00, 0x00, 0x00, 0x00, 0x00, 0x00, 0x00, 0x00, 0x00, 0x04,
    0xff, 0xff, 0xff, 0xff, 0xff, 0xff, 0xff, 0xff, 0xff, 0xff, 0xff, 0xf8, 0x00, 0x00, 0x00, 0x00,
    0x04, 0xff, 0xff, 0xff, 0xff, 0xff, 0xff, 0xff, 0xff, 0xff, 0xff, 0xff, 0xf8, 0x00, 0x00, 0x00,
    0x00, 0x04, 0xff, 0xfd, 0xdd, 0xdd, 0xde, 0xff, 0xfd, 0xdd, 0xdd, 0xdd, 0xef, 0xf8, 0x00, 0x00,
    0x00, 0x00, 0x04, 0xff, 0xb0, 0x00, 0x00, 0x04, 0xff, 0xb0, 0x00, 0x00, 0x00, 0x7f, 0xf8, 0x00,
    0x00, 0x00, 0x00, 0x04, 0xff, 0xb0, 0x00, 0x00, 0x04, 0xff, 0xb0, 0x00, 0x00, 0x00, 0x7f, 0xf8,
    0x00, 0x00, 0x00, 0x00, 0x04, 0xff, 0xb0, 0x00, 0x00, 0x04, 0xff, 0xb0, 0x00, 0x00, 0x00, 0x7f,
    0xf8, 0x00, 0x00, 0x00, 0x00, 0x04, 0xff, 0xb0, 0x00, 0x00, 0x04, 0xff, 0xb0, 0x00, 0x00, 0x00,
    0x7f, 0xf8, 0x00, 0x00, 0x00, 0x00, 0x04, 0xff, 0xb0, 0x00, 0x00, 0x04, 0xff, 0xb0, 0x00, 0x00,
    0x00, 0x7f, 0xf8, 0x00, 0x00, 0x00, 0x00, 0x04, 0xff, 0xff, 0xff, 0xff, 0xff, 0xff, 0xff, 0xff,
    0xff, 0xff, 0xff, 0xf8, 0x00, 0x00, 0x00, 0x00, 0x04, 0xff, 0xff, 0xff, 0xff, 0xff, 0xff, 0xff,
    0xff, 0xff, 0xff, 0xff, 0xf8, 0x00, 0x00, 0x00, 0x00, 0x04, 0xff, 0xec, 0xcc, 0xcc, 0xcd, 0xff,
    0xec, 0xcc, 0xcc, 0xcc, 0xef, 0xf8, 0x00, 0x00, 0x00, 0x00, 0x04, 0xff, 0xb0, 0x00, 0x00, 0x04,
    0xff, 0xb0, 0x00, 0x00, 0x00, 0x7f, 0xf8, 0x00, 0x00, 0x00, 0x00, 0x04, 0xff, 0xb0, 0x00, 0x00,
    0x04, 0xff, 0xb0, 0x00, 0x00, 0x00, 0x7f, 0xf8, 0x00, 0x00, 0x00, 0x00, 0x05, 0xff, 0xa0, 0x00,
    0x00, 0x04, 0xff, 0xb0, 0x00, 0x00, 0x00, 0x7f, 0xf8, 0x00, 0x00, 0x00, 0x00, 0x05, 0xff, 0x90,
    0x00, 0x00, 0x04, 0xff, 0xb0, 0x00, 0x00, 0x00, 0x7f, 0xf8, 0x00, 0x00, 0x00, 0x00, 0x06, 0xff,
    0xed, 0xdd, 0xdd, 0xde, 0xff, 0xfd, 0xdd, 0xdd, 0xdd, 0xef, 0xf8, 0x00, 0x00, 0x00, 0x00, 0x08,
    0xff, 0xff, 0xff, 0xff, 0xff, 0xff, 0xff, 0xff, 0xff, 0xff, 0xff, 0xf8, 0x00, 0x00, 0x00, 0x00,
    0x0a, 0xff, 0xff, 0xff, 0xff, 0xff, 0xff, 0xff, 0xff, 0xff, 0xff, 0xff, 0xf8, 0x00, 0x00, 0x00,
    0x00, 0x0c, 0xff, 0x30, 0x00, 0x00, 0x04, 0xff, 0xb0, 0x00, 0x00, 0x00, 0x7f, 0xf8, 0x00, 0x00,
    0x00, 0x00, 0x0e, 0xff, 0x10, 0x00, 0x00, 0x04, 0xff, 0xb0, 0x00, 0x00, 0x00, 0x7f, 0xf8, 0x00,
    0x00, 0x00, 0x00, 0x4f, 0xfd, 0x00, 0x00, 0x00, 0x04, 0xff, 0xb0, 0x00, 0x00, 0x00, 0x7f, 0xf8,
    0x00, 0x00, 0x00, 0x00, 0x9f, 0xf9, 0x00, 0x00, 0x00, 0x04, 0xff, 0xb0, 0x00, 0x00, 0x00, 0x7f,
    0xf8, 0x00, 0x00, 0x00, 0x00, 0xdf, 0xf5, 0x00, 0x00, 0x00, 0x04, 0xff, 0xb0, 0x00, 0x00, 0x00,
    0x7f, 0xf8, 0x00, 0x00, 0x00, 0x04, 0xff, 0xe1, 0x00, 0x00, 0x00, 0x04, 0xff, 0xb0, 0x00, 0x00,
    0x00, 0x7f, 0xf8, 0x00, 0x00, 0x00, 0x0c, 0xff, 0x90, 0x00, 0x00, 0x00, 0x04, 0xff, 0xb0, 0x00,
    0x00, 0x00, 0x8f, 0xf8, 0x00, 0x00, 0x00, 0x7f, 0xff, 0x20, 0x00, 0x00, 0x00, 0x04, 0xff, 0xb0,
    0x0c, 0xdc, 0xcd, 0xff, 0xf7, 0x00, 0x00, 0x00, 0xcf, 0xf9, 0x00, 0x00, 0x00, 0x00, 0x04, 0xff,
    0xb0, 0x07, 0xff, 0xff, 0xff, 0xf2, 0x00, 0x00, 0x00, 0x0a, 0xd1, 0x00, 0x00, 0x00, 0x00, 0x04,
    0xdd, 0xa0, 0x03, 0xff, 0xfe, 0xda, 0x30, 0x00, 0x00, 0x00, 0x00, 0x20, 0x00, 0x00, 0x00, 0x00,
    0x00, 0x00, 0x00, 0x00, 0x00, 0x00, 0x00, 0x00, 0x00, 0x00, 0x00, 0x00, 0x00, 0x00, 0x00, 0x00,
    0x00, 0x00, 0x00, 0x00, 0x00, 0x00, 0x00, 0x00, 0x00, 0x00, 0x00, 0x00, 0x00, 0x00, 0x00, 0x00,
    0x00, 0x00, 0x00, 0x00, 0x00, 0x00, 0x00, 0x00, 0x00, 0x00, 0x00, 0x00, 0x00, 0x00, 0x00, 0x00,
    0x00, 0x00, 0x00, 0x04, 0x44, 0x20, 0x00, 0x00, 0x00, 0x00, 0x00, 0x00, 0x00, 0x00, 0x00, 0x00,
    0x00, 0x00, 0x00, 0x00, 0x0d, 0xff, 0x50, 0x00, 0x00, 0x00, 0x00, 0x00, 0x00, 0x00, 0x00, 0x00,
    0x00, 0x00, 0x00, 0x00, 0x00, 0x0d, 0xff, 0x50, 0x00, 0x00, 0x00, 0x00, 0x00, 0x00, 0x00, 0x00,
    0x00, 0x00, 0x00, 0x00, 0x00, 0x00, 0x0d, 0xff, 0x50, 0x00, 0x00, 0x00, 0x00, 0x00, 0x00, 0x00,
    0x00, 0x00, 0x00, 0x00, 0x00, 0x00, 0x00, 0x0d, 0xff, 0x50, 0x00, 0x00, 0x00, 0x00, 0x00, 0x00,
    0x00, 0x00, 0x00, 0x3e, 0xee, 0xee, 0xee, 0xee, 0xef, 0xff, 0xee, 0xee, 0xee, 0xee, 0xee, 0xc0,
    0x00, 0x00, 0x00, 0x00, 0x3f, 0xff, 0xff, 0xff, 0xff, 0xff, 0xff, 0xff, 0xff, 0xff, 0xff, 0xff,
    0xc0, 0x00, 0x00, 0x00, 0x00, 0x3f, 0xff, 0xff, 0xff, 0xff, 0xff, 0xff, 0xff, 0xff, 0xff, 0xff,
    0xff, 0xc0, 0x00, 0x00, 0x00, 0x00, 0x3f, 0xfe, 0x00, 0x00, 0x00, 0x0d, 0xff, 0x50, 0x00, 0x00,
    0x04, 0xff, 0xc0, 0x00, 0x00, 0x00, 0x00, 0x3f, 0xfe, 0x00, 0x00, 0x00, 0x0d, 0xff, 0x50, 0x00,
    0x00, 0x04, 0xff, 0xc0, 0x00, 0x00, 0x00, 0x00, 0x3f, 0xfe, 0x00, 0x00, 0x00, 0x0d, 0xff, 0x50,
    0x00, 0x00, 0x04, 0xff, 0xc0, 0x00, 0x00, 0x00, 0x00, 0x3f, 0xfe, 0x00, 0x00, 0x00, 0x0d, 0xff,
    0x50, 0x00, 0x00, 0x04, 0xff, 0xc0, 0x00, 0x00, 0x00, 0x00, 0x3f, 0xfe, 0x00, 0x00, 0x00, 0x0d,
    0xff, 0x50, 0x00, 0x00, 0x04, 0xff, 0xc0, 0x00, 0x00, 0x00, 0x00, 0x3f, 0xff, 0xff, 0xff, 0xff,
    0xff, 0xff, 0xff, 0xff, 0xff, 0xff, 0xff, 0xc0, 0x00, 0x00, 0x00, 0x00, 0x3f, 0xff, 0xff, 0xff,
    0xff, 0xff, 0xff, 0xff, 0xff, 0xff, 0xff, 0xff, 0xc0, 0x00, 0x00, 0x00, 0x00, 0x3f, 0xff, 0xcc,
    0xcc, 0xcc, 0xcf, 0xff, 0xdc, 0xcc, 0xcc, 0xcd, 0xff, 0xc0, 0x00, 0x00, 0x00, 0x00, 0x3f, 0xfe,
    0x00, 0x00, 0x00, 0x0d, 0xff, 0x50, 0x00, 0x00, 0x04, 0xff, 0xc0, 0x00, 0x00, 0x00, 0x00, 0x3f,
    0xfe, 0x00, 0x00, 0x00, 0x0d, 0xff, 0x50, 0x00, 0x00, 0x04, 0xff, 0xc0, 0x00, 0x00, 0x00, 0x00,
    0x3f, 0xfe, 0x00, 0x00, 0x00, 0x0d, 0xff, 0x50, 0x00, 0x00, 0x04, 0xff, 0xc0, 0x00, 0x00, 0x00,
    0x00, 0x3f, 0xfe, 0x00, 0x00, 0x00, 0x0d, 0xff, 0x50, 0x00, 0x00, 0x04, 0xff, 0xc0, 0x00, 0x00,
    0x00, 0x00, 0x3f, 0xff, 0xff, 0xff, 0xff, 0xff, 0xff, 0xff, 0xff, 0xff, 0xff, 0xff, 0xc0, 0x00,
    0x00, 0x00, 0x00, 0x3f, 0xff, 0xff, 0xff, 0xff, 0xff, 0xff, 0xff, 0xff, 0xff, 0xff, 0xff, 0xc0,
    0x00, 0x00, 0x00, 0x00, 0x3f, 0xff, 0xee, 0xee, 0xee, 0xef, 0xff, 0xfe, 0xee, 0xee, 0xee, 0xee,
    0xc0, 0x00, 0x00, 0x00, 0x00, 0x3f, 0xfe, 0x00, 0x00, 0x00, 0x0d, 0xff, 0x50, 0x00, 0x00, 0x00,
    0x00, 0x2b, 0x30, 0x00, 0x00, 0x00, 0x3d, 0xdc, 0x00, 0x00, 0x00, 0x0d, 0xff, 0x50, 0x00, 0x00,
    0x00, 0x00, 0x3f, 0xfc, 0x00, 0x00, 0x00, 0x00, 0x00, 0x00, 0x00, 0x00, 0x0d, 0xff, 0x50, 0x00,
    0x00, 0x00, 0x00, 0x5f, 0xfc, 0x00, 0x00, 0x00, 0x00, 0x00, 0x00, 0x00, 0x00, 0x0c, 0xff, 0x60,
    0x00, 0x00, 0x00, 0x00, 0x8f, 0xfa, 0x00, 0x00, 0x00, 0x00, 0x00, 0x00, 0x00, 0x00, 0x0b, 0xff,
    0xb2, 0x10, 0x00, 0x00, 0x14, 0xef, 0xf6, 0x00, 0x00, 0x00, 0x00, 0x00, 0x00, 0x00, 0x00, 0x07,
    0xff, 0xff, 0xff, 0xff, 0xff, 0xff, 0xff, 0xf2, 0x00, 0x00, 0x00, 0x00, 0x00, 0x00, 0x00, 0x00,
    0x01, 0xef, 0xff, 0xff, 0xff, 0xff, 0xff, 0xff, 0x80, 0x00, 0x00, 0x00, 0x00, 0x00, 0x00, 0x00,
    0x00, 0x00, 0x29, 0xdf, 0xff, 0xff, 0xff, 0xfe, 0xb5, 0x00, 0x00, 0x00, 0x00, 0x00, 0x00, 0x00,
    0x00, 0x00, 0x00, 0x00, 0x00, 0x00, 0x00, 0x00, 0x00, 0x00, 0x00, 0x00, 0x00, 0x00, 0x00, 0x00,
    0x00, 0x00, 0x00, 0x00, 0x00, 0x00, 0x00, 0x00, 0x00, 0x00, 0x00, 0x00, 0x00, 0x00, 0x0e, 0xff,
    0xff, 0xff, 0xff, 0xff, 0xff, 0xff, 0xff, 0xff, 0xff, 0xff, 0xff, 0xff, 0xf0, 0x00, 0x00, 0x0f,
    0xff, 0xff, 0xff, 0xff, 0xff, 0xff, 0xff, 0xff, 0xff, 0xff, 0xff, 0xff, 0xff, 0xf0, 0x00, 0x00,
    0x0f, 0xff, 0xff, 0xff, 0xff, 0xff, 0xff, 0xff, 0xff, 0xff, 0xff, 0xff, 0xff, 0xff, 0xf0, 0x00,
    0x00, 0x00, 0x00, 0x00, 0x00, 0x05, 0xff, 0xf2, 0x00, 0x00, 0x00, 0x00, 0x00, 0x00, 0x00, 0x00,
    0x00, 0x00, 0x00, 0x00, 0x00, 0x00, 0x0b, 0xff, 0xb0, 0x00, 0x00, 0x00, 0x00, 0x00, 0x00, 0x00,
    0x00, 0x00, 0x00, 0x00, 0x00, 0x00, 0x00, 0x2f, 0xff, 0x50, 0x00, 0x00, 0x00, 0x00, 0x00, 0x00,
    0x00, 0x00, 0x00, 0x00, 0x00, 0x00, 0x00, 0x00, 0x8f, 0xfe, 0x00, 0x00, 0x00, 0x00, 0x00, 0x00,
    0x00, 0x00, 0x00, 0x00, 0x00, 0x00, 0x00, 0x00, 0x01, 0xef, 0xf8, 0x00, 0x00, 0x00, 0x00, 0x00,
    0x00, 0x00, 0x00, 0x00, 0x00, 0x00, 0x00, 0x00, 0x00, 0x08, 0xff, 0xe1, 0x00, 0x00, 0x00, 0x00,
    0x00, 0x00, 0x00, 0x00, 0x00, 0x00, 0x00, 0x00, 0x00, 0x00, 0x2f, 0xff, 0x80, 0x00, 0x00, 0x00,
    0x00, 0x00, 0x00, 0x00, 0x00, 0x00, 0x00, 0x00, 0x00, 0x00, 0x00, 0xaf, 0xfe, 0x10, 0x00, 0x00,
    0x00, 0x00, 0x00, 0x00, 0x00, 0x00, 0x00, 0x00, 0x00, 0x00, 0x00, 0x04, 0xff, 0xff, 0xee, 0xee,
    0xee, 0xee, 0xee, 0xee, 0xee, 0xee, 0xe2, 0x00, 0x00, 0x00, 0x00, 0x00, 0x2e, 0xff, 0xff, 0xff,
    0xff, 0xff, 0xff, 0xff, 0xff, 0xff, 0xff, 0xf2, 0x00, 0x00, 0x00, 0x00, 0x00, 0xcf, 0xff, 0xff,
    0xff, 0xff, 0xff, 0xff, 0xff, 0xff, 0xff, 0xff, 0xf2, 0x00, 0x00, 0x00, 0x00, 0x08, 0xff, 0xff,
    0xfb, 0x00, 0x00, 0x00, 0x00, 0x00, 0x00, 0x01, 0xff, 0xf2, 0x00, 0x00, 0x00, 0x00, 0x7f, 0xff,
    0xef, 0xfb, 0x00, 0x00, 0x00, 0x00, 0x00, 0x00, 0x01, 0xff, 0xf2, 0x00, 0x00, 0x00, 0x08, 0xff,
    0xfd, 0x6f, 0xfb, 0x00, 0x00, 0x00, 0x00, 0x00, 0x00, 0x01, 0xff, 0xf2, 0x00, 0x00, 0x00, 0x9f,
    0xff, 0xe2, 0x5f, 0xfb, 0x00, 0x00, 0x00, 0x00, 0x00, 0x00, 0x01, 0xff, 0xf2, 0x00, 0x00, 0x02,
    0xef, 0xfe, 0x30, 0x5f, 0xfb, 0x00, 0x00, 0x00, 0x00, 0x00, 0x00, 0x01, 0xff, 0xf2, 0x00, 0x00,
    0x00, 0x3e, 0xd2, 0x00, 0x5f, 0xfb, 0x00, 0x00, 0x00, 0x00, 0x00, 0x00, 0x01, 0xff, 0xf2, 0x00,
    0x00, 0x00, 0x04, 0x20, 0x00, 0x5f, 0xfb, 0x00, 0x00, 0x00, 0x00, 0x00, 0x00, 0x01, 0xff, 0xf2,
    0x00, 0x00, 0x00, 0x00, 0x00, 0x00, 0x5f, 0xfb, 0x00, 0x00, 0x00, 0x00, 0x00, 0x00, 0x01, 0xff,
    0xf2, 0x00, 0x00, 0x00, 0x00, 0x00, 0x00, 0x5f, 0xfb, 0x00, 0x00, 0x00, 0x00, 0x00, 0x00, 0x01,
    0xff, 0xf2, 0x00, 0x00, 0x00, 0x00, 0x00, 0x00, 0x5f, 0xff, 0xee, 0xee, 0xee, 0xee, 0xee, 0xee,
    0xee, 0xff, 0xf2, 0x00, 0x00, 0x00, 0x00, 0x00, 0x00, 0x5f, 0xff, 0xff, 0xff, 0xff, 0xff, 0xff,
    0xff, 0xff, 0xff, 0xf2, 0x00, 0x00, 0x00, 0x00, 0x00, 0x00, 0x5f, 0xff, 0xff, 0xff, 0xff, 0xff,
    0xff, 0xff, 0xff, 0xff, 0xf2, 0x00, 0x00, 0x00, 0x00, 0x00, 0x00, 0x5f, 0xfb, 0x00, 0x00, 0x00,
    0x00, 0x00, 0x00, 0x01, 0xff, 0xf2, 0x00, 0x00, 0x00, 0x00, 0x00, 0x00, 0x5f, 0xfb, 0x00, 0x00,
    0x00, 0x00, 0x00, 0x00, 0x01, 0xff, 0xf2, 0x00, 0x00, 0x00, 0x00, 0x00, 0x00, 0x25, 0x53, 0x00,
    0x00, 0x00, 0x00, 0x00, 0x00, 0x00, 0x33, 0x30, 0x00, 0x00, 0x00, 0x00, 0x00, 0x00, 0x00, 0x00,
    0x00, 0x00, 0x00, 0x00, 0x00, 0x00, 0x00, 0x00, 0x00, 0x00, 0x00, 0x00, 0x00, 0x00, 0x00, 0x00,
    0x00, 0x00, 0x00, 0x00, 0x00, 0x00, 0x00, 0x00, 0x00, 0x00, 0x00, 0x00, 0x00, 0x6b, 0xbb, 0xbb,
    0xbb, 0xbb, 0xb8, 0x0a, 0xbb, 0xbb, 0xbb, 0xbb, 0xbb, 0xcb, 0x70, 0x00, 0x00, 0x00, 0x7f, 0xff,
    0xff, 0xff, 0xff, 0xfb, 0x0d, 0xff, 0xff, 0xff, 0xff, 0xff, 0xff, 0x90, 0x00, 0x00, 0x00, 0x7f,
    0xff, 0xff, 0xff, 0xff, 0xfb, 0x0d, 0xff, 0xff, 0xff, 0xff, 0xff, 0xff, 0x70, 0x00, 0x00, 0x00,
    0x00, 0x00, 0xef, 0xe0, 0x00, 0x00, 0x00, 0x00, 0x00, 0x00, 0x00, 0x07, 0xff, 0x60, 0x00, 0x00,
    0x00, 0x00, 0x02, 0xff, 0xa0, 0x00, 0x00, 0x00, 0x13, 0x10, 0x00, 0x00, 0x09, 0xff, 0x50, 0x00,
    0x00, 0x00, 0x00, 0x05, 0xff, 0x60, 0x00, 0x00, 0x00, 0x6f, 0xf7, 0x00, 0x00, 0x0a, 0xff, 0x30,
    0x00, 0x00, 0x00, 0x00, 0x08, 0xff, 0x20, 0x00, 0x00, 0x00, 0x8f, 0xf5, 0x00, 0x00, 0x0c, 0xff,
    0x20, 0x00, 0x00, 0x00, 0x00, 0x0d, 0xfe, 0x00, 0x00, 0x00, 0x00, 0x9f, 0xf4, 0x00, 0x00, 0x0d,
    0xff, 0x00, 0x00, 0x00, 0x00, 0x00, 0x2f, 0xfa, 0x00, 0x00, 0x00, 0x00, 0xaf, 0xf3, 0x00, 0x00,
    0x0f, 0xfe, 0x00, 0x00, 0x00, 0x00, 0x00, 0x7f, 0xf6, 0x00, 0x00, 0x00, 0x00, 0xbf, 0xf1, 0x00,
    0x00, 0x1f, 0xfc, 0x00, 0x00, 0x00, 0x00, 0x00, 0xdf, 0xfb, 0xaa, 0xaa, 0x90, 0x00, 0xdf, 0xf0,
    0x00, 0x00, 0x3f, 0xfa, 0x00, 0x00, 0x00, 0x00, 0x04, 0xff, 0xff, 0xff, 0xff, 0xe0, 0x00, 0xef,
    0xd0, 0x00, 0x00, 0x4f, 0xf9, 0x00, 0x00, 0x00, 0x00, 0x0b, 0xff, 0xff, 0xff, 0xff, 0xe0, 0x01,
    0xff, 0xc0, 0x00, 0x00, 0x6f, 0xf7, 0x00, 0x00, 0x00, 0x00, 0x4f, 0xff, 0xf2, 0x00, 0xbf, 0xe0,
    0x03, 0xff, 0xff, 0xff, 0xff, 0xff, 0xff, 0xff, 0xf2, 0x00, 0x00, 0xdf, 0xff, 0xf2, 0x00, 0xbf,
    0xe0, 0x05, 0xff, 0xff, 0xff, 0xff, 0xff, 0xff, 0xff, 0xf1, 0x00, 0x01, 0xef, 0xff, 0xf2, 0x00,
    0xbf, 0xe0, 0x04, 0x99, 0x99, 0x99, 0x99, 0x99, 0x99, 0xef, 0xf0, 0x00, 0x00, 0x9f, 0xdf, 0xf2,
    0x00, 0xbf, 0xe0, 0x00, 0x00, 0x00, 0x00, 0x00, 0x00, 0x00, 0xef, 0xe0, 0x00, 0x00, 0x4b, 0x7f,
    0xf2, 0x00, 0xbf, 0xe0, 0x00, 0x00, 0x00, 0x00, 0x00, 0x00, 0x01, 0xff, 0xc0, 0x00, 0x00, 0x12,
    0x7f, 0xf2, 0x00, 0xbf, 0xe0, 0x00, 0x00, 0x00, 0x00, 0x00, 0x00, 0x02, 0xff, 0xb0, 0x00, 0x00,
    0x00, 0x7f, 0xf2, 0x00, 0xbf, 0xe0, 0x8a, 0xaa, 0xaa, 0xaa, 0xaa, 0xaa, 0x14, 0xff, 0x90, 0x00,
    0x00, 0x00, 0x7f, 0xf2, 0x00, 0xbf, 0xe0, 0xbf, 0xff, 0xff, 0xff, 0xff, 0xff, 0x26, 0xff, 0x70,
    0x00, 0x00, 0x00, 0x7f, 0xf2, 0x00, 0xbf, 0xe0, 0xbf, 0xff, 0xff, 0xff, 0xff, 0xff, 0x28, 0xff,
    0x50, 0x00, 0x00, 0x00, 0x7f, 0xfb, 0xaa, 0xef, 0xe0, 0x00, 0x00, 0x00, 0x00, 0x00, 0x00, 0x0b,
    0xff, 0x30, 0x00, 0x00, 0x00, 0x7f, 0xff, 0xff, 0xff, 0xe0, 0x00, 0x00, 0x00, 0x00, 0x00, 0x00,
    0x0e, 0xff, 0x10, 0x00, 0x00, 0x00, 0x7f, 0xff, 0xff, 0xff, 0xe0, 0x00, 0x00, 0x00, 0x00, 0x00,
    0x00, 0x3f, 0xfd, 0x00, 0x00, 0x00, 0x00, 0x7f, 0xf2, 0x00, 0x00, 0x00, 0x00, 0x00, 0x00, 0x00,
    0x00, 0x00, 0x9f, 0xf9, 0x00, 0x00, 0x00, 0x00, 0x7f, 0xf2, 0x00, 0x00, 0x00, 0x00, 0x00, 0x00,
    0x03, 0xa9, 0x9a, 0xff, 0xf5, 0x00, 0x00, 0x00, 0x00, 0x5b, 0xb2, 0x00, 0x00, 0x00, 0x00, 0x00,
    0x00, 0x00, 0xef, 0xff, 0xff, 0xc0, 0x00, 0x00, 0x00, 0x00, 0x00, 0x00, 0x00, 0x00, 0x00, 0x00,
    0x00, 0x00, 0x00, 0xbf, 0xff, 0xea, 0x10, 0x00, 0x00, 0x00, 0x00, 0x00, 0x00, 0x00, 0x00, 0x00,
    0x00, 0x00, 0x00, 0x00, 0x01, 0x10, 0x00, 0x00, 0x00, 0x00, 0x00, 0x00, 0x00, 0x00, 0x00, 0x00,
    0x00, 0x00, 0x00, 0x00, 0x00, 0x00, 0x00, 0x00, 0x00, 0x00, 0x00, 0x00, 0x00, 0x00, 0x00, 0x00,
    0x00, 0x00, 0x00, 0x00, 0x00, 0x00, 0x00, 0x00, 0x00, 0x00, 0x00, 0x00, 0x00, 0x00, 0x00, 0x00,
    0x00, 0x00, 0x00, 0x00, 0x00, 0x31, 0x00, 0x00, 0x00, 0x00, 0x00, 0x00, 0x00, 0x00, 0x00, 0x00,
    0x00, 0x00, 0x00, 0x00, 0x00, 0x01, 0xff, 0xa0, 0x00, 0x00, 0x00, 0x00, 0x00, 0x00, 0x00, 0x4b,
    0xbb, 0xbb, 0xbb, 0xbb, 0xb7, 0x00, 0x07, 0xff, 0x70, 0x00, 0x00, 0x00, 0x00, 0x00, 0x00, 0x00,
    0x5f, 0xff, 0xff, 0xff, 0xff, 0xf9, 0x00, 0x0d, 0xff, 0x97, 0x77, 0x77, 0x70, 0x00, 0x00, 0x00,
    0x00, 0x5f, 0xff, 0xff, 0xff, 0xff, 0xf9, 0x00, 0x6f, 0xff, 0xff, 0xff, 0xff, 0xfc, 0x10, 0x00,
    0x00, 0x00, 0x00, 0x00, 0xdf, 0xf0, 0x00, 0x00, 0x01, 0xef, 0xff, 0xff, 0xff, 0xff, 0xfc, 0x00,
    0x00, 0x00, 0x00, 0x00, 0x01, 0xff, 0xb0, 0x00, 0x00, 0x09, 0xff, 0x80, 0x00, 0x02, 0xff, 0xf3,
    0x00, 0x00, 0x00, 0x00, 0x00, 0x04, 0xff, 0x70, 0x00, 0x00, 0x5f, 0xfd, 0x10, 0x00, 0x0c, 0xff,
    0x70, 0x00, 0x00, 0x00, 0x00, 0x00, 0x07, 0xff, 0x40, 0x00, 0x02, 0xef, 0xf4, 0x00, 0x00, 0x7f,
    0xfb, 0x00, 0x00, 0x00, 0x00, 0x00, 0x00, 0x0b, 0xfe, 0x00, 0x00, 0x2d, 0xff, 0xff, 0xff, 0xff,
    0xff, 0xff, 0xff, 0xff, 0xc0, 0x00, 0x00, 0x00, 0x1f, 0xfb, 0x00, 0x00, 0xcf, 0xff, 0xff, 0xff,
    0xff, 0xff, 0xff, 0xff, 0xff, 0xc0, 0x00, 0x00, 0x00, 0x5f, 0xf7, 0x00, 0x00, 0x5f, 0xef, 0xfe,
    0x99, 0x9d, 0xff, 0x99, 0x99, 0xff, 0xc0, 0x00, 0x00, 0x00, 0xbf, 0xfb, 0xaa, 0xaa, 0x79, 0x4e,
    0xfd, 0x00, 0x09, 0xff, 0x10, 0x01, 0xff, 0xc0, 0x00, 0x00, 0x02, 0xff, 0xff, 0xff, 0xff, 0xb0,
    0x0e, 0xfd, 0x00, 0x09, 0xff, 0x10, 0x01, 0xff, 0xc0, 0x00, 0x00, 0x09, 0xff, 0xff, 0xff, 0xff,
    0xb0, 0x0e, 0xfd, 0x00, 0x09, 0xff, 0x10, 0x01, 0xff, 0xc0, 0x00, 0x00, 0x2f, 0xff, 0xf3, 0x00,
    0xcf, 0xb0, 0x0e, 0xff, 0xff, 0xff, 0xff, 0xff, 0xff, 0xff, 0xc0, 0x00, 0x00, 0xbf, 0xff, 0xf3,
    0x00, 0xcf, 0xb0, 0x0e, 0xff, 0xff, 0xff, 0xff, 0xff, 0xff, 0xff, 0xc0, 0x00, 0x00, 0xdf, 0xff,
    0xf3, 0x00, 0xcf, 0xb0, 0x0e, 0xfe, 0x66, 0x6b, 0xff, 0x66, 0x66, 0xff, 0xc0, 0x00, 0x00, 0x7f,
    0xdf, 0xf3, 0x00, 0xcf, 0xb0, 0x0e, 0xfd, 0x00, 0x09, 0xff, 0x10, 0x01, 0xff, 0xc0, 0x00, 0x00,
    0x2d, 0x6f, 0xf3, 0x00, 0xcf, 0xb0, 0x0f, 0xfd, 0x00, 0x09, 0xff, 0x10, 0x01, 0xff, 0xc0, 0x00,
    0x00, 0x03, 0x5f, 0xf3, 0x00, 0xcf, 0xb0, 0x0f, 0xfc, 0x00, 0x09, 0xff, 0x10, 0x01, 0xff, 0xc0,
    0x00, 0x00, 0x00, 0x5f, 0xf3, 0x00, 0xcf, 0xb0, 0x2f, 0xff, 0xff, 0xff, 0xff, 0xff, 0xff, 0xff,
    0xc0, 0x00, 0x00, 0x00, 0x5f, 0xf3, 0x00, 0xcf, 0xb0, 0x4f, 0xff, 0xff, 0xff, 0xff, 0xff, 0xff,
    0xff, 0xc0, 0x00, 0x00, 0x00, 0x5f, 0xf3, 0x00, 0xcf, 0xb0, 0x6f, 0xfc, 0x99, 0x9d, 0xff, 0xa9,
    0x9a, 0xff, 0xc0, 0x00, 0x00, 0x00, 0x5f, 0xfb, 0xaa, 0xef, 0xb0, 0x9f, 0xf3, 0x00, 0x09, 0xff,
    0x10, 0x01, 0xff, 0xc0, 0x00, 0x00, 0x00, 0x5f, 0xff, 0xff, 0xff, 0xb0, 0xef, 0xe0, 0x00, 0x09,
    0xff, 0x10, 0x01, 0xff, 0xc0, 0x00, 0x00, 0x00, 0x5f, 0xff, 0xff, 0xff, 0xb4, 0xff, 0xa0, 0x00,
    0x09, 0xff, 0x10, 0x01, 0xff, 0xc0, 0x00, 0x00, 0x00, 0x5f, 0xf3, 0x00, 0x00, 0x0b, 0xff, 0x60,
    0x00, 0x09, 0xff, 0x10, 0x01, 0xff, 0xc0, 0x00, 0x00, 0x00, 0x5f, 0xf3, 0x00, 0x00, 0x6f, 0xfe,
    0x10, 0x00, 0x09, 0xff, 0x29, 0x9a, 0xff, 0xb0, 0x00, 0x00, 0x00, 0x3a, 0xa2, 0x00, 0x01, 0xef,
    0xf7, 0x00, 0x00, 0x09, 0xff, 0x1c, 0xff, 0xff, 0x80, 0x00, 0x00, 0x00, 0x00, 0x00, 0x00, 0x00,
    0x3c, 0xb0, 0x00, 0x00, 0x00, 0x00, 0x08, 0xfe, 0xc8, 0x00, 0x00, 0x00, 0x00, 0x00, 0x00, 0x00,
    0x00, 0x01, 0x10, 0x00, 0x00, 0x00, 0x00, 0x00, 0x00, 0x00, 0x00, 0x00, 0x00, 0x00, 0x00, 0x00,
    0x00, 0x00, 0x00, 0x00, 0x00, 0x00, 0x00, 0x00, 0x00, 0x00, 0x00, 0x00, 0x00, 0x00, 0x00, 0x00,
    0x00, 0x00, 0x00, 0x00, 0x00, 0x00, 0x00, 0x00, 0x00, 0x00, 0x00, 0x00, 0x00, 0x00, 0x00, 0x00,
    0x04, 0xff, 0xff, 0xff, 0xff, 0xff, 0xff, 0xff, 0xff, 0xff, 0xff, 0xff, 0x40, 0x00, 0x00, 0x00,
    0x00, 0x04, 0xff, 0xff, 0xff, 0xff, 0xff, 0xff, 0xff, 0xff, 0xff, 0xff, 0xff, 0x40, 0x00, 0x00,
    0x00, 0x00, 0x04, 0xff, 0xff, 0xff, 0xff, 0xff, 0xff, 0xff, 0xff, 0xff, 0xff, 0xff, 0x40, 0x00,
    0x00, 0x00, 0x00, 0x00, 0x00, 0x00, 0x00, 0x00, 0x00, 0x00, 0x00, 0x00, 0x00, 0x00, 0x00, 0x00,
    0x00, 0x00, 0x00, 0x00, 0x00, 0x00, 0x00, 0x00, 0x00, 0x00, 0x00, 0x00, 0x00, 0x00, 0x00, 0x00,
    0x00, 0x00, 0x00, 0x00, 0x00, 0x00, 0x00, 0x00, 0x00, 0x00, 0x00, 0x00, 0x00, 0x00, 0x00, 0x00,
    0x00, 0x00, 0x00, 0x00, 0x00, 0x00, 0x00, 0x00, 0x00, 0x00, 0x00, 0x00, 0x00, 0x00, 0x00, 0x00,
    0x00, 0x00, 0x00, 0x00, 0x00, 0x00, 0x00, 0x00, 0x00, 0x00, 0x00, 0x00, 0x00, 0x00, 0x00, 0x00,
    0x00, 0x00, 0x00, 0x00, 0x00, 0x00, 0x00, 0x3f, 0xff, 0xff, 0xff, 0xff, 0xff, 0xff, 0xff, 0xff,
    0xff, 0xff, 0xff, 0xff, 0xff, 0xf3, 0x00, 0x00, 0x3f, 0xff, 0xff, 0xff, 0xff, 0xff, 0xff, 0xff,
    0xff, 0xff, 0xff, 0xff, 0xff, 0xff, 0xf3, 0x00, 0x00, 0x3f, 0xff, 0xff, 0xff, 0xff, 0xff, 0xff,
    0xff, 0xff, 0xff, 0xff, 0xff, 0xff, 0xff, 0xf3, 0x00, 0x00, 0x00, 0x00, 0x00, 0x00, 0x00, 0x00,
    0x09, 0xff, 0xb0, 0x00, 0x00, 0x00, 0x00, 0x00, 0x00, 0x00, 0x00, 0x00, 0x00, 0x00, 0x00, 0x00,
    0x00, 0x09, 0xff, 0xb0, 0x00, 0x00, 0x00, 0x00, 0x00, 0x00, 0x00, 0x00, 0x00, 0x00, 0x00, 0x00,
    0x00, 0x00, 0x09, 0xff, 0xb0, 0x00, 0x00, 0x00, 0x00, 0x00, 0x00, 0x00, 0x00, 0x00, 0x00, 0x04,
    0xea, 0x60, 0x00, 0x09, 0xff, 0xb0, 0x00, 0x04, 0xad, 0x10, 0x00, 0x00, 0x00, 0x00, 0x00, 0x00,
    0x0b, 0xff, 0xc0, 0x00, 0x09, 0xff, 0xb0, 0x00, 0x1e, 0xff, 0x80, 0x00, 0x00, 0x00, 0x00, 0x00,
    0x00, 0x2f, 0xff, 0x60, 0x00, 0x09, 0xff, 0xb0, 0x00, 0x06, 0xff, 0xf3, 0x00, 0x00, 0x00, 0x00,
    0x00, 0x00, 0xaf, 0xfe, 0x00, 0x00, 0x09, 0xff, 0xb0, 0x00, 0x00, 0xbf, 0xfc, 0x00, 0x00, 0x00,
    0x00, 0x00, 0x03, 0xff, 0xf6, 0x00, 0x00, 0x09, 0xff, 0xb0, 0x00, 0x00, 0x3f, 0xff, 0x70, 0x00,
    0x00, 0x00, 0x00, 0x0c, 0xff, 0xd0, 0x00, 0x00, 0x09, 0xff, 0xb0, 0x00, 0x00, 0x09, 0xff, 0xf2,
    0x00, 0x00, 0x00, 0x00, 0x8f, 0xff, 0x50, 0x00, 0x00, 0x09, 0xff, 0xb0, 0x00, 0x00, 0x01, 0xff,
    0xf9, 0x00, 0x00, 0x00, 0x04, 0xff, 0xfa, 0x00, 0x00, 0x00, 0x09, 0xff, 0xb0, 0x00, 0x00, 0x00,
    0x9f, 0xff, 0x20, 0x00, 0x00, 0x3e, 0xff, 0xe1, 0x00, 0x00, 0x00, 0x09, 0xff, 0xb0, 0x00, 0x00,
    0x00, 0x2f, 0xff, 0x80, 0x00, 0x00, 0xaf, 0xff, 0x40, 0x00, 0x00, 0x00, 0x09, 0xff, 0xb0, 0x00,
    0x00, 0x00, 0x0a, 0xff, 0xe0, 0x00, 0x00, 0x06, 0xe6, 0x00, 0x00, 0x00, 0x00, 0x0a, 0xff, 0xb0,
    0x00, 0x00, 0x00, 0x04, 0xfa, 0x30, 0x00, 0x00, 0x00, 0x10, 0x00, 0x01, 0xee, 0xee, 0xef, 0xff,
    0x90, 0x00, 0x00, 0x00, 0x00, 0x20, 0x00, 0x00, 0x00, 0x00, 0x00, 0x00, 0x00, 0x9f, 0xff, 0xff,
    0xff, 0x50, 0x00, 0x00, 0x00, 0x00, 0x00, 0x00, 0x00, 0x00, 0x00, 0x00, 0x00, 0x00, 0x4f, 0xff,
    0xff, 0xc6, 0x00, 0x00, 0x00, 0x00, 0x00, 0x00, 0x00, 0x00, 0x00, 0x00, 0x00, 0x00, 0x00, 0x03,
    0x32, 0x20, 0x00, 0x00, 0x00, 0x00, 0x00, 0x00, 0x00, 0x00, 0x00, 0x00, 0x00, 0x00, 0x00, 0x00,
    0x00, 0x00, 0x00, 0x00, 0x00, 0x00, 0x00, 0x00, 0x00, 0x00, 0x00, 0x00, 0x00, 0x00, 0x00, 0x00,
    0x00, 0x00, 0x00, 0x00, 0x00, 0x00, 0x00, 0x00, 0x00, 0x00, 0x00, 0x00, 0x00, 0x00, 0x00, 0x00,
    0x00, 0x00, 0x00, 0x00, 0x00, 0x00, 0x00, 0x02, 0x55, 0x10, 0x00, 0x00, 0x00, 0x00, 0x00, 0x00,
    0x00, 0x00, 0x05, 0xb9, 0x00, 0x00, 0x10, 0x00, 0x08, 0xff, 0x50, 0x00, 0x03, 0x00, 0x00, 0x00,
    0x00, 0x02, 0x59, 0xef, 0xff, 0x40, 0x2a, 0xe2, 0x00, 0x08, 0xff, 0x50, 0x00, 0x6f, 0xc4, 0x00,
    0x00, 0x39, 0xdf, 0xff, 0xff, 0xfe, 0x80, 0x6f, 0xfb, 0x00, 0x08, 0xff, 0x50, 0x00, 0xcf, 0xf5,
    0x00, 0x00, 0x2f, 0xff, 0xff, 0xfd, 0x61, 0x00, 0x0d, 0xff, 0x40, 0x08, 0xff, 0x50, 0x04, 0xff,
    0xd0, 0x00, 0x00, 0x0b, 0xc9, 0x7f, 0xfa, 0x00, 0x00, 0x05, 0xff, 0xc0, 0x08, 0xff, 0x50, 0x0b,
    0xff, 0x50, 0x00, 0x00, 0x00, 0x00, 0x1f, 0xfa, 0x00, 0x00, 0x00, 0xcf, 0xf4, 0x08, 0xff, 0x50,
    0x4f, 0xfc, 0x00, 0x00, 0x00, 0x00, 0x00, 0x1f, 0xfa, 0x00, 0x00, 0x00, 0x5f, 0xf9, 0x08, 0xff,
    0x50, 0xcf, 0xf4, 0x00, 0x00, 0x00, 0x00, 0x00, 0x1f, 0xfa, 0x00, 0x00, 0x00, 0x0d, 0x70, 0x08,
    0xff, 0x50, 0x29, 0xa0, 0x00, 0x00, 0x00, 0x00, 0x00, 0x1f, 0xfa, 0x00, 0x00, 0x00, 0x00, 0x00,
    0x08, 0xff, 0x50, 0x00, 0x00, 0x00, 0x00, 0x00, 0x9c, 0xcc, 0xcf, 0xfe, 0xcc, 0xc4, 0x0f, 0xff,
    0xff, 0xff, 0xff, 0xff, 0xff, 0xff, 0x90, 0x00, 0x00, 0xbf, 0xff, 0xff, 0xff, 0xff, 0xf5, 0x0f,
    0xff, 0xff, 0xff, 0xff, 0xff, 0xff, 0xff, 0x90, 0x00, 0x00, 0xbf, 0xff, 0xff, 0xff, 0xff, 0xf5,
    0x0f, 0xfe, 0xcc, 0xcc, 0xcc, 0xcc, 0xcd, 0xff, 0x90, 0x00, 0x00, 0x00, 0x00, 0xef, 0xfa, 0x00,
    0x00, 0x0f, 0xfb, 0x00, 0x00, 0x00, 0x00, 0x03, 0xff, 0x90, 0x00, 0x00, 0x00, 0x05, 0xff, 0xfe,
    0x30, 0x00, 0x0f, 0xfb, 0x00, 0x00, 0x00, 0x00, 0x03, 0xff, 0x90, 0x00, 0x00, 0x00, 0x0a, 0xff,
    0xff, 0xe2, 0x00, 0x0f, 0xfb, 0x00, 0x00, 0x00, 0x00, 0x03, 0xff, 0x90, 0x00, 0x00, 0x00, 0x1f,
    0xff, 0xff, 0xfc, 0x10, 0x0f, 0xff, 0xff, 0xff, 0xff, 0xff, 0xff, 0xff, 0x90, 0x00, 0x00, 0x00,
    0x7f, 0xff, 0xfb, 0xef, 0xb0, 0x0f, 0xff, 0xff, 0xff, 0xff, 0xff, 0xff, 0xff, 0x90, 0x00, 0x00,
    0x00, 0xdf, 0xbf, 0xfa, 0x5f, 0xf2, 0x0f, 0xfe, 0x99, 0x99, 0x99, 0x99, 0x9a, 0xff, 0x90, 0x00,
    0x00, 0x05, 0xff, 0x5f, 0xfa, 0x0c, 0x80, 0x0f, 0xfb, 0x00, 0x00, 0x00, 0x00, 0x03, 0xff, 0x90,
    0x00, 0x00, 0x0d, 0xfd, 0x1f, 0xfa, 0x03, 0x10, 0x0f, 0xfb, 0x00, 0x00, 0x00, 0x00, 0x03, 0xff,
    0x90, 0x00, 0x00, 0x7f, 0xf8, 0x1f, 0xfa, 0x00, 0x00, 0x0f, 0xfb, 0x00, 0x00, 0x00, 0x00, 0x03,
    0xff, 0x90, 0x00, 0x00, 0xcf, 0xf2, 0x1f, 0xfa, 0x00, 0x00, 0x0f, 0xff, 0xff, 0xff, 0xff, 0xff,
    0xff, 0xff, 0x90, 0x00, 0x00, 0x5f, 0x90, 0x1f, 0xfa, 0x00, 0x00, 0x0f, 0xff, 0xff, 0xff, 0xff,
    0xff, 0xff, 0xff, 0x90, 0x00, 0x00, 0x0d, 0x20, 0x1f, 0xfa, 0x00, 0x00, 0x0f, 0xfe, 0x99, 0x99,
    0x99, 0x99, 0x9a, 0xff, 0x90, 0x00, 0x00, 0x02, 0x00, 0x1f, 0xfa, 0x00, 0x00, 0x0f, 0xfb, 0x00,
    0x00, 0x00, 0x00, 0x03, 0xff, 0x90, 0x00, 0x00, 0x00, 0x00, 0x1f, 0xfa, 0x00, 0x00, 0x0f, 0xfb,
    0x00, 0x00, 0x00, 0x00, 0x03, 0xff, 0x90, 0x00, 0x00, 0x00, 0x00, 0x1f, 0xfa, 0x00, 0x00, 0x0f,
    0xfb, 0x00, 0x00, 0x00, 0x00, 0x03, 0xff, 0x90, 0x00, 0x00, 0x00, 0x00, 0x1f, 0xfa, 0x00, 0x00,
    0x0f, 0xfb, 0x00, 0x00, 0x04, 0xcc, 0xcd, 0xff, 0x70, 0x00, 0x00, 0x00, 0x00, 0x1f, 0xfa, 0x00,
    0x00, 0x0f, 0xfb, 0x00, 0x00, 0x01, 0xef, 0xff, 0xff, 0x30, 0x00, 0x00, 0x00, 0x00, 0x1f, 0xfa,
    0x00, 0x00, 0x0f, 0xfb, 0x00, 0x00, 0x00, 0xbf, 0xfd, 0xa4, 0x00, 0x00, 0x00, 0x00, 0x00, 0x05,
    0x53, 0x00, 0x00, 0x02, 0x22, 0x00, 0x00, 0x00, 0x00, 0x00, 0x00, 0x00, 0x00, 0x00, 0x00, 0x00,
    0x00, 0x00, 0x00, 0x00, 0x00, 0x00, 0x00, 0x00, 0x00, 0x00, 0x00, 0x00, 0x00, 0x00, 0x00, 0x00,
    0x00, 0x00, 0x00, 0x00, 0x00, 0x00, 0x00, 0x00, 0x00, 0x00, 0x00, 0x00, 0x00, 0x00, 0x00, 0x00,
    0x00, 0x00, 0x00, 0x00, 0x00, 0x00, 0x02, 0x65, 0x00, 0x00, 0x00, 0x00, 0x00, 0x00, 0x00, 0x00,
    0x00, 0x00, 0x00, 0x00, 0x00, 0x00, 0x00, 0x8f, 0xfe, 0x10, 0x00, 0x00, 0x00, 0x00, 0x00, 0x00,
    0x00, 0x00, 0x00, 0x00, 0x00, 0x00, 0x00, 0x00, 0x3f, 0xff, 0x70, 0x00, 0x00, 0x00, 0x00, 0x00,
    0x00, 0x00, 0x00, 0x00, 0x00, 0x00, 0x00, 0x00, 0x00, 0x0b, 0xff, 0xe1, 0x00, 0x00, 0x00, 0x00,
    0x00, 0x00, 0x00, 0x00, 0x09, 0xbb, 0xbb, 0xbb, 0xbb, 0xbb, 0xbd, 0xff, 0xfc, 0xbb, 0xbb, 0xbb,
    0xbb, 0xbb, 0x90, 0x00, 0x00, 0x0b, 0xff, 0xff, 0xff, 0xff, 0xff, 0xff, 0xff, 0xff, 0xff, 0xff,
    0xff, 0xff, 0xff, 0xc0, 0x00, 0x00, 0x0b, 0xff, 0xff, 0xff, 0xff, 0xff, 0xff, 0xff, 0xff, 0xff,
    0xff, 0xff, 0xff, 0xff, 0xc0, 0x00, 0x00, 0x0b, 0xff, 0x30, 0x00, 0x00, 0x00, 0x00, 0x00, 0x00,
    0x00, 0x00, 0x00, 0x05, 0xff, 0xc0, 0x00, 0x00, 0x0b, 0xff, 0x30, 0x00, 0x00, 0x01, 0x00, 0x00,
    0x00, 0x10, 0x00, 0x00, 0x05, 0xff, 0xc0, 0x00, 0x00, 0x0b, 0xff, 0x30, 0x00, 0x01, 0xad, 0x20,
    0x00, 0x02, 0xdb, 0x30, 0x00, 0x05, 0xff, 0xc0, 0x00, 0x00, 0x0b, 0xff, 0x30, 0x00, 0x3d, 0xff,
    0xd1, 0x00, 0x1c, 0xff, 0xfa, 0x20, 0x05, 0xff, 0xc0, 0x00, 0x00, 0x0b, 0xff, 0x30, 0x08, 0xff,
    0xff, 0x60, 0x00, 0x07, 0xef, 0xff, 0xf9, 0x14, 0xbb, 0x90, 0x00, 0x00, 0x01, 0x11, 0x05, 0xdf,
    0xff, 0xe4, 0x00, 0x00, 0x00, 0x19, 0xff, 0xff, 0xe7, 0x00, 0x00, 0x00, 0x00, 0x00, 0x05, 0xcf,
    0xff, 0xfb, 0x10, 0x00, 0x00, 0x00, 0x00, 0x3b, 0xff, 0xff, 0xd4, 0x00, 0x00, 0x00, 0x04, 0xef,
    0xff, 0xfe, 0x60, 0x00, 0x00, 0x00, 0x00, 0x00, 0x00, 0x5e, 0xff, 0xff, 0x50, 0x00, 0x00, 0x00,
    0xdf, 0xff, 0xa1, 0x00, 0x00, 0x00, 0x00, 0x00, 0x00, 0x00, 0x01, 0x9f, 0xfb, 0x00, 0x00, 0x00,
    0x00, 0x4f, 0xb3, 0x00, 0x00, 0x00, 0x00, 0x00, 0x00, 0x00, 0x00, 0x00, 0x04, 0xc1, 0x00, 0x00,
    0x00, 0x00, 0x02, 0x1f, 0xff, 0xff, 0xff, 0xff, 0xff, 0xff, 0xff, 0xff, 0xff, 0xf4, 0x00, 0x00,
    0x00, 0x00, 0x00, 0x00, 0x1f, 0xff, 0xff, 0xff, 0xff, 0xff, 0xff, 0xff, 0xff, 0xff, 0xf4, 0x00,
    0x00, 0x00, 0x00, 0x00, 0x00, 0x1b, 0xbb, 0xbb, 0xbb, 0xbe, 0xff, 0xdb, 0xbb, 0xbb, 0xbb, 0xb3,
    0x00, 0x00, 0x00, 0x00, 0x00, 0x00, 0x00, 0x00, 0x00, 0x00, 0x0b, 0xff, 0x80, 0x00, 0x00, 0x00,
    0x00, 0x00, 0x00, 0x00, 0x00, 0x00, 0x00, 0x00, 0x00, 0x00, 0x00, 0x0b, 0xff, 0x80, 0x00, 0x00,
    0x00, 0x00, 0x00, 0x00, 0x00, 0x00, 0x00, 0x00, 0x00, 0x00, 0x00, 0x00, 0x0b, 0xff, 0x80, 0x00,
    0x00, 0x00, 0x00, 0x00, 0x00, 0x00, 0x00, 0x00, 0x00, 0x00, 0x00, 0x00, 0x00, 0x0b, 0xff, 0x80,
    0x00, 0x00, 0x00, 0x00, 0x00, 0x00, 0x00, 0x00, 0x00, 0x00, 0x00, 0x00, 0x00, 0x00, 0x0b, 0xff,
    0x80, 0x00, 0x00, 0x00, 0x00, 0x00, 0x00, 0x00, 0x00, 0x00, 0x00, 0x00, 0x00, 0x00, 0x00, 0x0b,
    0xff, 0x80, 0x00, 0x00, 0x00, 0x00, 0x00, 0x00, 0x00, 0x00, 0x00, 0x00, 0x00, 0x00, 0x00, 0x00,
    0x0b, 0xff, 0x80, 0x00, 0x00, 0x00, 0x00, 0x00, 0x00, 0x00, 0x00, 0x07, 0xbb, 0xbb, 0xbb, 0xbb,
    0xbb, 0xbe, 0xff, 0xdb, 0xbb, 0xbb, 0xbb, 0xbb, 0xbb, 0x80, 0x00, 0x00, 0x0a, 0xff, 0xff, 0xff,
    0xff, 0xff, 0xff, 0xff, 0xff, 0xff, 0xff, 0xff, 0xff, 0xff, 0xb0, 0x00, 0x00, 0x0a, 0xff, 0xff,
    0xff, 0xff, 0xff, 0xff, 0xff, 0xff, 0xff, 0xff, 0xff, 0xff, 0xff, 0xb0, 0x00, 0x00, 0x00, 0x00,
    0x00, 0x00, 0x00, 0x00, 0x00, 0x00, 0x00, 0x00, 0x00, 0x00, 0x00, 0x00, 0x00, 0x00, 0x00, 0x00,
    0x00, 0x00, 0x00, 0x00, 0x00, 0x00, 0x00, 0x00, 0x00, 0x00, 0x00, 0x00, 0x00, 0x00, 0x00, 0x00,
    0x00, 0x00, 0x35, 0x20, 0x00, 0x00, 0x00, 0x00, 0x04, 0x51, 0x00, 0x00, 0x00, 0x00, 0x00, 0x00,
    0x00, 0x00, 0x00, 0xaf, 0xf7, 0x00, 0x00, 0x00, 0x00, 0x0d, 0xff, 0x50, 0x00, 0x00, 0x00, 0x00,
    0x00, 0x00, 0x00, 0x01, 0xff, 0xf2, 0x00, 0x00, 0x00, 0x00, 0x4f, 0xfe, 0x00, 0x00, 0x00, 0x00,
    0x00, 0x00, 0x00, 0x00, 0x08, 0xff, 0xe8, 0x88, 0x88, 0x88, 0x30, 0xbf, 0xfd, 0x88, 0x88, 0x88,
    0x88, 0x81, 0x00, 0x00, 0x00, 0x1e, 0xff, 0xff, 0xff, 0xff, 0xff, 0x54, 0xff, 0xff, 0xff, 0xff,
    0xff, 0xff, 0xf2, 0x00, 0x00, 0x00, 0x9f, 0xff, 0xff, 0xff, 0xff, 0xff, 0x5d, 0xff, 0xff, 0xff,
    0xff, 0xff, 0xff, 0xf2, 0x00, 0x00, 0x03, 0xff, 0xf3, 0x2f, 0xfd, 0x00, 0x00, 0x9f, 0xfe, 0x10,
    0xaf, 0xf6, 0x00, 0x00, 0x00, 0x00, 0x00, 0x1d, 0xff, 0x90, 0x0a, 0xff, 0x50, 0x07, 0xff, 0xf5,
    0x00, 0x2f, 0xfd, 0x00, 0x00, 0x00, 0x00, 0x00, 0xbf, 0xfe, 0x10, 0x04, 0xff, 0xb0, 0x1e, 0xff,
    0xa0, 0x00, 0x0a, 0xff, 0x40, 0x00, 0x00, 0x00, 0x00, 0x3d, 0xf5, 0x00, 0x00, 0xdf, 0xc1, 0x01,
    0xbd, 0x10, 0x00, 0x04, 0x84, 0x64, 0x00, 0x00, 0x00, 0x00, 0x01, 0x60, 0x00, 0x00, 0x53, 0x00,
    0x00, 0x02, 0x24, 0x68, 0xac, 0xff, 0xfd, 0x00, 0x00, 0x00, 0x00, 0x00, 0x01, 0x23, 0x45, 0x78,
    0x9a, 0xbc, 0xef, 0xff, 0xff, 0xff, 0xff, 0xff, 0x60, 0x00, 0x00, 0x00, 0x00, 0x1f, 0xff, 0xff,
    0xff, 0xff, 0xff, 0xff, 0xff, 0xff, 0xff, 0xeb, 0x96, 0x20, 0x00, 0x00, 0x00, 0x00, 0x0b, 0xff,
    0xff, 0xff, 0xff, 0xff, 0xfc, 0x98, 0x64, 0x31, 0x00, 0x00, 0x00, 0x00, 0x00, 0x00, 0x00, 0x04,
    0x76, 0x54, 0x33, 0x21, 0xcf, 0xf4, 0x00, 0x00, 0x00, 0x00, 0x00, 0x00, 0x00, 0x00, 0x00, 0x00,
    0x00, 0x00, 0x00, 0x00, 0x00, 0xcf, 0xf4, 0x00, 0x12, 0x45, 0x67, 0x8a, 0x40, 0x00, 0x00, 0x00,
    0x00, 0x00, 0x01, 0x23, 0x46, 0x78, 0xef, 0xfd, 0xef, 0xff, 0xff, 0xff, 0xff, 0x70, 0x00, 0x00,
    0x00, 0x00, 0x9d, 0xff, 0xff, 0xff, 0xff, 0xff, 0xff, 0xff, 0xff, 0xff, 0xff, 0xff, 0x80, 0x00,
    0x00, 0x00, 0x00, 0x9f, 0xff, 0xff, 0xff, 0xff, 0xff, 0xfd, 0xb9, 0x87, 0x65, 0x32, 0x10, 0x00,
    0x00, 0x00, 0x00, 0x00, 0x6c, 0xa9, 0x87, 0x54, 0x32, 0xcf, 0xf4, 0x00, 0x00, 0x00, 0x00, 0x00,
    0x00, 0x00, 0x00, 0x00, 0x00, 0x00, 0x00, 0x00, 0x00, 0x00, 0xcf, 0xf4, 0x00, 0x00, 0x00, 0x00,
    0x12, 0x34, 0x60, 0x00, 0x00, 0x00, 0x00, 0x00, 0x00, 0x00, 0x00, 0xcf, 0xf8, 0x67, 0x8a, 0xbc,
    0xdf, 0xff, 0xff, 0xf2, 0x00, 0x00, 0x13, 0x45, 0x68, 0x9a, 0xbd, 0xef, 0xff, 0xff, 0xff, 0xff,
    0xff, 0xff, 0xff, 0xff, 0xf4, 0x00, 0x00, 0x3f, 0xff, 0xff, 0xff, 0xff, 0xff, 0xff, 0xff, 0xff,
    0xff, 0xfe, 0xdb, 0xa9, 0x76, 0x51, 0x00, 0x00, 0x2f, 0xff, 0xff, 0xff, 0xfe, 0xdc, 0xef, 0xf9,
    0x54, 0x31, 0x00, 0x00, 0x00, 0x00, 0x00, 0x00, 0x00, 0x09, 0x87, 0x54, 0x32, 0x00, 0x00, 0xcf,
    0xf4, 0x00, 0x00, 0x00, 0x00, 0x02, 0xd7, 0x20, 0x00, 0x00, 0x00, 0x00, 0x00, 0x00, 0x00, 0x00,
    0xcf, 0xf4, 0x00, 0x00, 0x00, 0x00, 0x03, 0xff, 0xa0, 0x00, 0x00, 0x00, 0x00, 0x00, 0x00, 0x00,
    0x00, 0xbf, 0xf6, 0x00, 0x00, 0x00, 0x00, 0x08, 0xff, 0x70, 0x00, 0x00, 0x00, 0x00, 0x00, 0x00,
    0x00, 0x00, 0x9f, 0xfe, 0xa9, 0x99, 0x99, 0x99, 0xaf, 0xff, 0x30, 0x00, 0x00, 0x00, 0x00, 0x00,
    0x00, 0x00, 0x00, 0x3f, 0xff, 0xff, 0xff, 0xff, 0xff, 0xff, 0xfb, 0x00, 0x00, 0x00, 0x00, 0x00,
    0x00, 0x00, 0x00, 0x00, 0x03, 0xae, 0xff, 0xff, 0xff, 0xff, 0xed, 0x91, 0x00, 0x00, 0x00, 0x00,
    0x00, 0x00, 0x00, 0x00, 0x00, 0x00, 0x00, 0x00, 0x00, 0x00, 0x00, 0x00, 0x00, 0x00, 0x00, 0x00,
    0x00, 0x00, 0x00, 0x00, 0x00, 0x00, 0x00, 0x00, 0x00, 0x00, 0x00, 0x00, 0x00, 0x00, 0x00, 0x00,
    0x00, 0x00, 0x00, 0x24, 0x00, 0x00, 0x00, 0x00, 0x00, 0x03, 0x30, 0x00, 0x00, 0x00, 0x00, 0x00,
    0x00, 0x00, 0x00, 0x00, 0x9f, 0xe7, 0x00, 0x00, 0x00, 0x00, 0x0d, 0xfe, 0x40, 0x00, 0x00, 0x00,
    0x00, 0x00, 0x00, 0x00, 0x01, 0xef, 0xf4, 0x00, 0x00, 0x00, 0x00, 0x4f, 0xfe, 0x10, 0x00, 0x00,
    0x00, 0x00, 0x00, 0x00, 0x00, 0x08, 0xff, 0xf7, 0x77, 0x77, 0x77, 0x50, 0xbf, 0xfd, 0x77, 0x77,
    0x77, 0x77, 0x73, 0x00, 0x00, 0x00, 0x2f, 0xff, 0xff, 0xff, 0xff, 0xff, 0xa6, 0xff, 0xff, 0xff,
    0xff, 0xff, 0xff, 0xf5, 0x00, 0x00, 0x00, 0xcf, 0xff, 0xff, 0xff, 0xff, 0xff, 0xce, 0xff, 0xff,
    0xff, 0xff, 0xff, 0xff, 0xf5, 0x00, 0x00, 0x08, 0xff, 0xe2, 0x8f, 0xf7, 0x00, 0x01, 0xdf, 0xfc,
    0x00, 0xbf, 0xf7, 0x00, 0x00, 0x00, 0x00, 0x00, 0x7f, 0xff, 0x50, 0x2f, 0xfd, 0x00, 0x0c, 0xff,
    0xe2, 0x00, 0x2e, 0xff, 0x20, 0x00, 0x00, 0x00, 0x00, 0xaf, 0xf9, 0x00, 0x0b, 0xfd, 0x20, 0x06,
    0xff, 0x80, 0x00, 0x08, 0xff, 0x70, 0x00, 0x00, 0x00, 0x00, 0x05, 0xa0, 0x00, 0x04, 0x50, 0x00,
    0x09, 0xff, 0x80, 0x00, 0x01, 0x82, 0x00, 0x00, 0x00, 0x00, 0x00, 0x00, 0x03, 0x88, 0x88, 0x88,
    0x88, 0x8c, 0xff, 0xc8, 0x88, 0x88, 0x88, 0x88, 0x50, 0x00, 0x00, 0x00, 0x00, 0x05, 0xff, 0xff,
    0xff, 0xff, 0xff, 0xff, 0xff, 0xff, 0xff, 0xff, 0xff, 0x90, 0x00, 0x00, 0x00, 0x00, 0x05, 0xff,
    0xff, 0xff, 0xff, 0xff, 0xff, 0xff, 0xff, 0xff, 0xff, 0xff, 0x90, 0x00, 0x00, 0x00, 0x00, 0x00,
    0x00, 0x00, 0x00, 0x00, 0x09, 0xff, 0x80, 0x00, 0x00, 0x00, 0x00, 0x00, 0x00, 0x00, 0x00, 0x00,
    0x00, 0x00, 0x00, 0x00, 0x00, 0x09, 0xff, 0x80, 0x00, 0x00, 0x00, 0x00, 0x00, 0x00, 0x00, 0x00,
    0x59, 0x99, 0x99, 0x99, 0x99, 0x99, 0x9d, 0xff, 0xc9, 0x99, 0x99, 0x99, 0x99, 0x99, 0x96, 0x00,
    0x00, 0x8f, 0xff, 0xff, 0xff, 0xff, 0xff, 0xff, 0xff, 0xff, 0xff, 0xff, 0xff, 0xff, 0xff, 0xf9,
    0x00, 0x00, 0x8f, 0xff, 0xff, 0xff, 0xff, 0xff, 0xff, 0xff, 0xff, 0xff, 0xff, 0xff, 0xff, 0xff,
    0xf9, 0x00, 0x00, 0x00, 0x00, 0x00, 0x00, 0x00, 0x00, 0x00, 0x00, 0x00, 0x03, 0xff, 0xe0, 0x00,
    0x00, 0x00, 0x00, 0x00, 0x00, 0x00, 0x00, 0x00, 0x00, 0x00, 0x00, 0x00, 0x00, 0x03, 0xff, 0xe0,
    0x00, 0x00, 0x00, 0x00, 0x00, 0x04, 0x99, 0x99, 0x99, 0x99, 0x99, 0x99, 0x99, 0x99, 0x9a, 0xff,
    0xf9, 0x99, 0x99, 0x70, 0x00, 0x00, 0x07, 0xff, 0xff, 0xff, 0xff, 0xff, 0xff, 0xff, 0xff, 0xff,
    0xff, 0xff, 0xff, 0xff, 0xb0, 0x00, 0x00, 0x07, 0xff, 0xff, 0xff, 0xff, 0xff, 0xff, 0xff, 0xff,
    0xff, 0xff, 0xff, 0xff, 0xff, 0xb0, 0x00, 0x00, 0x00, 0x00, 0x00, 0x1b, 0xf5, 0x00, 0x00, 0x00,
    0x00, 0x03, 0xff, 0xe0, 0x00, 0x00, 0x00, 0x00, 0x00, 0x00, 0x00, 0x00, 0xaf, 0xff, 0x80, 0x00,
    0x00, 0x00, 0x03, 0xff, 0xe0, 0x00, 0x00, 0x00, 0x00, 0x00, 0x00, 0x00, 0x00, 0x1a, 0xff, 0xfa,
    0x00, 0x00, 0x00, 0x03, 0xff, 0xe0, 0x00, 0x00, 0x00, 0x00, 0x00, 0x00, 0x00, 0x00, 0x00, 0x8f,
    0xff, 0xa0, 0x00, 0x00, 0x03, 0xff, 0xe0, 0x00, 0x00, 0x00, 0x00, 0x00, 0x00, 0x00, 0x00, 0x00,
    0x08, 0xff, 0xf4, 0x00, 0x00, 0x03, 0xff, 0xe0, 0x00, 0x00, 0x00, 0x00, 0x00, 0x00, 0x00, 0x00,
    0x00, 0x00, 0x9f, 0x60, 0x1c, 0xcc, 0xce, 0xff, 0xd0, 0x00, 0x00, 0x00, 0x00, 0x00, 0x00, 0x00,
    0x00, 0x00, 0x00, 0x03, 0x00, 0x0a, 0xff, 0xff, 0xff, 0x90, 0x00, 0x00, 0x00, 0x00, 0x00, 0x00,
    0x00, 0x00, 0x00, 0x00, 0x00, 0x00, 0x05, 0xff, 0xed, 0xa7, 0x00, 0x00, 0x00, 0x00, 0x00, 0x00,
    0x00, 0x00, 0x00, 0x00, 0x00, 0x00, 0x00, 0x00, 0x00, 0x00, 0x00, 0x00, 0x00, 0x00, 0x00, 0x00,
    0x00, 0x00, 0x00, 0x00, 0x00, 0x00, 0x00, 0x00, 0x00, 0x00, 0x00, 0x00, 0x00, 0x00, 0x00, 0x00,
    0x00, 0x00, 0x00, 0x00, 0x13, 0x32, 0x00, 0x00, 0x00, 0x00, 0x00, 0x03, 0x60, 0x00, 0x00, 0x00,
    0x00, 0x00, 0x00, 0x00, 0x00, 0x3f, 0xf9, 0x00, 0x00, 0x00, 0x00, 0x00, 0xcf, 0xf2, 0x00, 0x00,
    0x00, 0x00, 0x00, 0x00, 0x01, 0x20, 0x3f, 0xf9, 0x00, 0x41, 0x00, 0x00, 0x00, 0x8f, 0xf8, 0x00,
    0x00, 0x00, 0x00, 0x00, 0x00, 0x5f, 0xb0, 0x3f, 0xf9, 0x03, 0xff, 0x40, 0x00, 0x00, 0x3f, 0xfd,
    0x00, 0x00, 0x00, 0x00, 0x00, 0x00, 0x3f, 0xf1, 0x3f, 0xf9, 0x07, 0xfe, 0x00, 0x00, 0x00, 0x0e,
    0xff, 0x20, 0x00, 0x00, 0x00, 0x00, 0x00, 0x0d, 0xf6, 0x3f, 0xf9, 0x0b, 0xf9, 0x00, 0x00, 0x00,
    0x0a, 0xc7, 0x10, 0x00, 0x00, 0x00, 0x00, 0x00, 0x09, 0xfa, 0x3f, 0xf9, 0x0e, 0xf4, 0x6d, 0xdd,
    0xdd, 0xdd, 0xdd, 0xdd, 0xdd, 0xdd, 0xb0, 0x00, 0x00, 0x06, 0xfd, 0x3f, 0xf9, 0x4f, 0xe0, 0x7f,
    0xff, 0xff, 0xff, 0xff, 0xff, 0xff, 0xff, 0xd0, 0x00, 0x00, 0x03, 0xff, 0x4f, 0xf9, 0x8f, 0x90,
    0x7f, 0xff, 0xff, 0xff, 0xff, 0xff, 0xff, 0xff, 0xd0, 0x00, 0x00, 0x01, 0xff, 0x6f, 0xf9, 0xcf,
    0x40, 0x00, 0x00, 0x00, 0x00, 0x00, 0x00, 0x00, 0x00, 0x00, 0x00, 0x00, 0x00, 0x52, 0x3f, 0xf9,
    0x38, 0x00, 0x00, 0x00, 0x00, 0x00, 0x00, 0x00, 0x00, 0x00, 0x00, 0x00, 0x00, 0x00, 0x00, 0x3f,
    0xf9, 0x00, 0x00, 0x00, 0x16, 0x90, 0x00, 0x00, 0x00, 0x99, 0x71, 0x00, 0x00, 0x00, 0x9f, 0xff,
    0xff, 0xff, 0xff, 0xfd, 0x00, 0xaf, 0xf1, 0x00, 0x00, 0x00, 0xef, 0xf2, 0x00, 0x00, 0x00, 0x9f,
    0xff, 0xff, 0xff, 0xff, 0xfd, 0x00, 0x7f, 0xf4, 0x00, 0x00, 0x01, 0xff, 0xe0, 0x00, 0x00, 0x00,
    0x8c, 0xcc, 0xef, 0xfe, 0xcc, 0xcb, 0x00, 0x4f, 0xf7, 0x00, 0x00, 0x03, 0xff, 0xc0, 0x00, 0x00,
    0x00, 0x00, 0x00, 0xef, 0xfa, 0x00, 0x00, 0x00, 0x1f, 0xfa, 0x00, 0x00, 0x05, 0xff, 0x90, 0x00,
    0x00, 0x00, 0x00, 0x05, 0xff, 0xff, 0x30, 0x00, 0x00, 0x0d, 0xfd, 0x00, 0x00, 0x07, 0xff, 0x60,
    0x00, 0x00, 0x00, 0x00, 0x0b, 0xff, 0xff, 0xe2, 0x00, 0x00, 0x0a, 0xff, 0x10, 0x00, 0x0a, 0xff,
    0x30, 0x00, 0x00, 0x00, 0x00, 0x2f, 0xff, 0xff, 0xfc, 0x10, 0x00, 0x08, 0xff, 0x50, 0x00, 0x0c,
    0xff, 0x10, 0x00, 0x00, 0x00, 0x00, 0x8f, 0xff, 0xfd, 0xff, 0xa0, 0x00, 0x05, 0xff, 0x70, 0x00,
    0x0f, 0xfd, 0x00, 0x00, 0x00, 0x00, 0x01, 0xef, 0xbf, 0xf9, 0xaf, 0xf7, 0x00, 0x03, 0xff, 0xa0,
    0x00, 0x3f, 0xf9, 0x00, 0x00, 0x00, 0x00, 0x08, 0xff, 0x5f, 0xf9, 0x2e, 0xfc, 0x00, 0x01, 0xff,
    0xc0, 0x00, 0x6f, 0xf6, 0x00, 0x00, 0x00, 0x00, 0x2e, 0xfa, 0x3f, 0xf9, 0x08, 0xe2, 0x00, 0x00,
    0xdf, 0xf0, 0x00, 0x8f, 0xf3, 0x00, 0x00, 0x00, 0x00, 0xbf, 0xf4, 0x3f, 0xf9, 0x01, 0x40, 0x00,
    0x00, 0xbf, 0xf2, 0x00, 0xbf, 0xe0, 0x00, 0x00, 0x00, 0x00, 0xdf, 0xc0, 0x3f, 0xf9, 0x00, 0x00,
    0x00, 0x00, 0xaf, 0xf4, 0x00, 0xef, 0xb0, 0x00, 0x00, 0x00, 0x00, 0x5f, 0x50, 0x3f, 0xf9, 0x00,
    0x00, 0x00, 0x00, 0x68, 0x40, 0x03, 0xff, 0x70, 0x00, 0x00, 0x00, 0x00, 0x09, 0x00, 0x3f, 0xf9,
    0x00, 0x00, 0x00, 0x00, 0x00, 0x00, 0x07, 0xff, 0x30, 0x00, 0x00, 0x00, 0x00, 0x00, 0x00, 0x3f,
    0xf9, 0x00, 0x0a, 0xff, 0xff, 0xff, 0xff, 0xff, 0xff, 0xff, 0xff, 0xfb, 0x00, 0x00, 0x00, 0x00,
    0x3f, 0xf9, 0x00, 0x0a, 0xff, 0xff, 0xff, 0xff, 0xff, 0xff, 0xff, 0xff, 0xfb, 0x00, 0x00, 0x00,
    0x00, 0x3f, 0xf9, 0x00, 0x0a, 0xff, 0xff, 0xff, 0xff, 0xff, 0xff, 0xff, 0xff, 0xfb, 0x00, 0x00,
    0x00, 0x00, 0x3f, 0xf9, 0x00, 0x00, 0x00, 0x00, 0x00, 0x00, 0x00, 0x00, 0x00, 0x00, 0x00, 0x00,
    0x00, 0x00, 0x00, 0x13, 0x32, 0x00, 0x00, 0x00, 0x00, 0x00, 0x00, 0x00, 0x00, 0x00, 0x00, 0x00,
    0x00, 0x00, 0x00, 0x00, 0x00, 0x00, 0x00, 0x00, 0x00, 0x00, 0x00, 0x00, 0x00, 0x00, 0x00, 0x00,
    0x00, 0x00, 0x00, 0x00, 0x00, 0x00, 0x00, 0x00, 0x00, 0x00, 0x00, 0x00, 0x00, 0x00, 0x00, 0x00,
    0x00, 0x00, 0x00, 0x00, 0x00, 0x00, 0x00, 0x00, 0x00, 0x00, 0x03, 0x55, 0x30, 0x00, 0x00, 0x00,
    0x00, 0x00, 0x00, 0x00, 0x00, 0x00, 0x00, 0x00, 0x00, 0x00, 0x00, 0x09, 0xff, 0x90, 0x00, 0x00,
    0x00, 0x00, 0x00, 0x00, 0x00, 0x00, 0x00, 0x00, 0x00, 0x00, 0x00, 0x00, 0x09, 0xff, 0x90, 0x00,
    0x00, 0x00, 0x00, 0x00, 0x00, 0x00, 0x00, 0x06, 0xaa, 0xaa, 0xaa, 0xaa, 0xaa, 0xad, 0xff, 0xda,
    0xaa, 0xaa, 0xaa, 0xaa, 0xaa, 0x60, 0x00, 0x00, 0x09, 0xff, 0xff, 0xff, 0xff, 0xff, 0xff, 0xff,
    0xff, 0xff, 0xff, 0xff, 0xff, 0xff, 0x90, 0x00, 0x00, 0x09, 0xff, 0xff, 0xff, 0xff, 0xff, 0xff,
    0xff, 0xff, 0xff, 0xff, 0xff, 0xff, 0xff, 0x90, 0x00, 0x00, 0x00, 0x00, 0x00, 0x00, 0x00, 0x00,
    0x09, 0xff, 0x90, 0x00, 0x00, 0x00, 0x00, 0x00, 0x00, 0x00, 0x00, 0x00, 0x00, 0x00, 0x00, 0x00,
    0x00, 0x09, 0xff, 0x90, 0x00, 0x00, 0x00, 0x00, 0x00, 0x00, 0x00, 0x00, 0x00, 0x00, 0x00, 0x00,
    0x00, 0x00, 0x09, 0xff, 0x90, 0x00, 0x00, 0x00, 0x00, 0x00, 0x00, 0x00, 0x00, 0x1f, 0xff, 0xff,
    0xff, 0xff, 0xff, 0xff, 0xff, 0xff, 0xff, 0xff, 0xff, 0xff, 0xff, 0xf3, 0x00, 0x00, 0x1f, 0xff,
    0xff, 0xff, 0xff, 0xff, 0xff, 0xff, 0xff, 0xff, 0xff, 0xff, 0xff, 0xff, 0xf3, 0x00, 0x00, 0x1f,
    0xfd, 0x88, 0x88, 0x88, 0x89, 0xff, 0xf9, 0x88, 0x88, 0x88, 0x88, 0x88, 0xef, 0xf3, 0x00, 0x00,
    0x1f, 0xfb, 0x00, 0x00, 0x00, 0x3d, 0xff, 0xe4, 0x00, 0x00, 0x00, 0x00, 0x00, 0xdf, 0xf3, 0x00,
    0x00, 0x1f, 0xfb, 0x00, 0x00, 0x07, 0xff, 0xfc, 0x20, 0x00, 0x07, 0xd3, 0x00, 0x00, 0xdf, 0xf3,
    0x00, 0x00, 0x1f, 0xfb, 0x00, 0x03, 0xcf, 0xfe, 0x70, 0x00, 0x03, 0xcf, 0xfe, 0x30, 0x00, 0xdf,
    0xf3, 0x00, 0x00, 0x04, 0x43, 0x03, 0xaf, 0xff, 0x91, 0x00, 0x12, 0x8f, 0xff, 0xe6, 0x00, 0x00,
    0x44, 0x41, 0x00, 0x00, 0x00, 0x00, 0x6f, 0xff, 0xfe, 0xde, 0xef, 0xff, 0xff, 0xe7, 0x10, 0x00,
    0x00, 0x00, 0x00, 0x00, 0x00, 0x00, 0x00, 0x1f, 0xff, 0xff, 0xff, 0xff, 0xff, 0xe8, 0x10, 0x1a,
    0xc2, 0x00, 0x00, 0x00, 0x00, 0x00, 0x00, 0x00, 0x07, 0x64, 0x33, 0x9e, 0xff, 0xc6, 0x10, 0x00,
    0x7f, 0xfe, 0x40, 0x00, 0x00, 0x00, 0x00, 0x00, 0x00, 0x00, 0x03, 0x9f, 0xfe, 0x83, 0x00, 0x00,
    0x00, 0x15, 0xef, 0xf7, 0x00, 0x00, 0x00, 0x00, 0x00, 0x00, 0x16, 0xcf, 0xff, 0xda, 0xab, 0xcc,
    0xde, 0xff, 0xff, 0xff, 0xff, 0x90, 0x00, 0x00, 0x00, 0x00, 0x7c, 0xff, 0xff, 0xff, 0xff, 0xff,
    0xff, 0xff, 0xff, 0xfe, 0xed, 0xef, 0xf9, 0x00, 0x00, 0x00, 0x00, 0x8f, 0xff, 0xff, 0xff, 0xff,
    0xff, 0xff, 0xf3, 0x21, 0x00, 0x00, 0x2e, 0xff, 0x70, 0x00, 0x00, 0x00, 0x3d, 0xb9, 0x87, 0x65,
    0x43, 0x21, 0xef, 0xf0, 0x00, 0x04, 0x00, 0x03, 0xf9, 0x10, 0x00, 0x00, 0x00, 0x00, 0x00, 0x1c,
    0xe8, 0x20, 0x00, 0xef, 0xf0, 0x02, 0xcf, 0xb2, 0x00, 0x20, 0x00, 0x00, 0x00, 0x00, 0x00, 0x04,
    0xdf, 0xfe, 0x30, 0x00, 0xef, 0xf0, 0x06, 0xef, 0xff, 0x70, 0x00, 0x00, 0x00, 0x00, 0x00, 0x01,
    0x8f, 0xff, 0xd2, 0x00, 0x00, 0xef, 0xf0, 0x00, 0x2b, 0xff, 0xfd, 0x30, 0x00, 0x00, 0x00, 0x00,
    0x6e, 0xff, 0xfa, 0x10, 0x00, 0x00, 0xef, 0xf0, 0x00, 0x00, 0x6e, 0xff, 0xf8, 0x00, 0x00, 0x00,
    0x1d, 0xff, 0xfe, 0x60, 0x07, 0xbb, 0xbc, 0xff, 0xd0, 0x00, 0x00, 0x02, 0xbf, 0xff, 0xb1, 0x00,
    0x00, 0x04, 0xef, 0xb2, 0x00, 0x03, 0xff, 0xff, 0xff, 0xa0, 0x00, 0x00, 0x00, 0x08, 0xfe, 0x50,
    0x00, 0x00, 0x00, 0x35, 0x00, 0x00, 0x00, 0xdf, 0xee, 0xb8, 0x10, 0x00, 0x00, 0x00, 0x00, 0x41,
    0x00, 0x00, 0x00, 0x00, 0x00, 0x00, 0x00, 0x00, 0x00, 0x00, 0x00, 0x00, 0x00, 0x00, 0x00, 0x00,
    0x00, 0x00, 0x00, 0x00, 0x00, 0x00, 0x00, 0x00, 0x00, 0x00, 0x00, 0x00, 0x00, 0x00, 0x00, 0x00,
    0x00, 0x00, 0x00, 0x00, 0x00, 0x00, 0x00, 0x00, 0x10, 0x00, 0x00, 0x00, 0x00, 0x19, 0x40, 0x00,
    0x00, 0x00, 0x00, 0x00, 0x00, 0x00, 0x00, 0x00, 0x03, 0xe7, 0x10, 0x00, 0x00, 0x00, 0x7f, 0xf9,
    0x00, 0x00, 0x00, 0x00, 0x00, 0x00, 0x00, 0x00, 0x00, 0x09, 0xff, 0xb0, 0x00, 0x00, 0x00, 0xdf,
    0xf3, 0x00, 0x00, 0x00, 0x00, 0x00, 0x00, 0x00, 0x00, 0x00, 0x0e, 0xff, 0x50, 0x00, 0x00, 0x06,
    0xff, 0xb0, 0x00, 0x00, 0x00, 0x00, 0x00, 0x00, 0x00, 0x00, 0x00, 0x6f, 0xfd, 0x00, 0x00, 0x00,
    0x1e, 0xff, 0xff, 0xff, 0xff, 0xff, 0xfb, 0x20, 0x00, 0x00, 0x00, 0x00, 0xdf, 0xf6, 0x00, 0x00,
    0x00, 0x9f, 0xff, 0xff, 0xff, 0xff, 0xff, 0xff, 0x60, 0x00, 0x00, 0x00, 0x05, 0xff, 0xd0, 0x00,
    0x00, 0x04, 0xff, 0xfb, 0xbb, 0xbb, 0xbb, 0xdf, 0xfd, 0x00, 0x00, 0x00, 0x00, 0x0c, 0xff, 0x60,
    0x00, 0x00, 0x2e, 0xff, 0xf4, 0x00, 0x00, 0x01, 0xdf, 0xf4, 0x00, 0x00, 0x00, 0x00, 0x5f, 0xfb,
    0x00, 0x3d, 0x41, 0xdf, 0xff, 0xfd, 0x00, 0x00, 0x09, 0xff, 0xb0, 0x00, 0x00, 0x00, 0x01, 0xdf,
    0xf2, 0x00, 0xbf, 0xfe, 0xff, 0xeb, 0xff, 0x90, 0x00, 0x6f, 0xff, 0x30, 0x00, 0x00, 0x00, 0x09,
    0xff, 0x80, 0x04, 0xff, 0xfc, 0xff, 0x41, 0xef, 0xf7, 0x06, 0xff, 0xf5, 0x00, 0x00, 0x00, 0x00,
    0x8f, 0xff, 0x89, 0xae, 0xff, 0x91, 0xd5, 0x00, 0x4f, 0xff, 0xaf, 0xff, 0x60, 0x00, 0x00, 0x00,
    0x00, 0xef, 0xff, 0xff, 0xff, 0xfd, 0x10, 0x10, 0x00, 0x05, 0xff, 0xff, 0xf8, 0x00, 0x00, 0x00,
    0x00, 0x00, 0x9f, 0xff, 0xff, 0xff, 0xf5, 0x00, 0x00, 0x00, 0x05, 0xef, 0xff, 0xf4, 0x00, 0x00,
    0x00, 0x00, 0x00, 0x4b, 0x85, 0x3c, 0xff, 0xa0, 0x00, 0x00, 0x04, 0xcf, 0xff, 0xff, 0xff, 0xb3,
    0x00, 0x00, 0x00, 0x00, 0x00, 0x00, 0x7f, 0xfd, 0x10, 0x00, 0x15, 0xbf, 0xff, 0xfc, 0x5b, 0xff,
    0xff, 0xb5, 0x10, 0x00, 0x00, 0x00, 0x03, 0xff, 0xf3, 0x00, 0x1a, 0xef, 0xff, 0xfe, 0x70, 0x00,
    0x6e, 0xff, 0xff, 0xf9, 0x00, 0x00, 0x00, 0x2e, 0xff, 0x60, 0x14, 0x6d, 0xff, 0xff, 0xa2, 0x00,
    0x00, 0x01, 0x9f, 0xff, 0xf7, 0x00, 0x00, 0x01, 0xdf, 0xfe, 0x9c, 0xff, 0xc7, 0xfe, 0x82, 0x00,
    0x00, 0x00, 0x00, 0x01, 0x7d, 0xf2, 0x00, 0x00, 0x3c, 0xff, 0xff, 0xff, 0xff, 0xc1, 0x56, 0xff,
    0xff, 0xff, 0xff, 0xff, 0xff, 0xf8, 0x30, 0x00, 0x00, 0xaf, 0xff, 0xff, 0xfe, 0xb7, 0x30, 0x06,
    0xff, 0xff, 0xff, 0xff, 0xff, 0xff, 0xf8, 0x00, 0x00, 0x00, 0x5f, 0xfe, 0xa7, 0x30, 0x00, 0x00,
    0x06, 0xff, 0xca, 0xaa, 0xaa, 0xaa, 0xcf, 0xf8, 0x00, 0x00, 0x00, 0x09, 0x40, 0x00, 0x00, 0x00,
    0x00, 0x06, 0xff, 0x60, 0x00, 0x00, 0x00, 0x5f, 0xf8, 0x00, 0x00, 0x00, 0x00, 0x00, 0x00, 0x00,
    0x04, 0x81, 0x06, 0xff, 0x60, 0x00, 0x00, 0x00, 0x5f, 0xf8, 0x00, 0x00, 0x00, 0x00, 0x00, 0x01,
    0x6a, 0xef, 0xf4, 0x06, 0xff, 0x60, 0x00, 0x00, 0x00, 0x5f, 0xf8, 0x00, 0x00, 0x00, 0x00, 0x48,
    0xcf, 0xff, 0xff, 0xf6, 0x06, 0xff, 0x60, 0x00, 0x00, 0x00, 0x5f, 0xf8, 0x00, 0x00, 0x00, 0x9e,
    0xff, 0xff, 0xff, 0xc7, 0x20, 0x06, 0xff, 0xca, 0xaa, 0xaa, 0xaa, 0xcf, 0xf8, 0x00, 0x00, 0x00,
    0x9f, 0xff, 0xfc, 0x72, 0x00, 0x00, 0x06, 0xff, 0xff, 0xff, 0xff, 0xff, 0xff, 0xf8, 0x00, 0x00,
    0x00, 0x5f, 0xd7, 0x20, 0x00, 0x00, 0x00, 0x06, 0xff, 0xff, 0xff, 0xff, 0xff, 0xff, 0xf8, 0x00,
    0x00, 0x00, 0x13, 0x00, 0x00, 0x00, 0x00, 0x00, 0x06, 0xff, 0x60, 0x00, 0x00, 0x00, 0x5f, 0xf8,
    0x00, 0x00, 0x00, 0x00, 0x00, 0x00, 0x00, 0x00, 0x00, 0x05, 0xdd, 0x50, 0x00, 0x00, 0x00, 0x4c,
    0xc7, 0x00, 0x00, 0x00, 0x00, 0x00, 0x00, 0x00, 0x00, 0x00, 0x00, 0x00, 0x00, 0x00, 0x00, 0x00,
    0x00, 0x00, 0x00, 0x00, 0x00, 0x00, 0x00, 0x00, 0x00, 0x00, 0x00, 0x00, 0x00, 0x00, 0x00, 0x00,
    0x00, 0x00, 0x00, 0x00, 0x00, 0x00, 0x00, 0x00, 0x02, 0x10, 0x00, 0x00, 0x00, 0x00, 0x00, 0x00,
    0x01, 0x10, 0x00, 0x00, 0x00, 0x00, 0x00, 0x00, 0x00, 0x0a, 0xe8, 0x10, 0x00, 0x11, 0x10, 0x00,
    0x00, 0x0e, 0xf9, 0x00, 0x00, 0x00, 0x00, 0x00, 0x00, 0x00, 0x1f, 0xff, 0x30, 0x00, 0xff, 0xb0,
    0x00, 0x00, 0x0e, 0xf9, 0x00, 0x00, 0x00, 0x00, 0x00, 0x00, 0x00, 0x5f, 0xfb, 0x00, 0x00, 0xff,
    0xb0, 0x7c, 0x10, 0x0e, 0xf9, 0x00, 0x7b, 0x60, 0x00, 0x00, 0x00, 0x00, 0xbf, 0xf4, 0x00, 0x00,
    0xff, 0xb0, 0xcf, 0x60, 0x0e, 0xf9, 0x00, 0xcf, 0xa0, 0x00, 0x00, 0x00, 0x03, 0xff, 0xd0, 0x00,
    0x00, 0xff, 0xb0, 0x7f, 0xb0, 0x0e, 0xf9, 0x02, 0xff, 0x40, 0x00, 0x00, 0x00, 0x09, 0xff, 0x60,
    0x00, 0x00, 0xff, 0xb0, 0x2f, 0xf1, 0x0e, 0xf9, 0x07, 0xfd, 0x00, 0x00, 0x00, 0x00, 0x2f, 0xfd,
    0x10, 0x02, 0x00, 0xff, 0xb0, 0x0d, 0xf5, 0x0e, 0xf9, 0x0d, 0xf6, 0x00, 0x00, 0x00, 0x00, 0x9f,
    0xf5, 0x00, 0x6f, 0x70, 0xff, 0xb0, 0x09, 0xfa, 0x0e, 0xf9, 0x3f, 0xd0, 0x00, 0x00, 0x00, 0x02,
    0xff, 0xc0, 0x01, 0xef, 0xf3, 0xff, 0xb0, 0x04, 0x94, 0x0e, 0xf9, 0x28, 0x60, 0x00, 0x00, 0x00,
    0x0b, 0xff, 0x30, 0x07, 0xff, 0x90, 0xff, 0xb0, 0x00, 0x00, 0x0e, 0xf9, 0x00, 0x00, 0x00, 0x00,
    0x00, 0x9f, 0xfd, 0x89, 0xbe, 0xfe, 0x10, 0xff, 0xb7, 0xff, 0xff, 0xff, 0xff, 0xff, 0xff, 0xf6,
    0x00, 0x00, 0xdf, 0xff, 0xff, 0xff, 0xf6, 0x00, 0xff, 0xb7, 0xff, 0xff, 0xff, 0xff, 0xff, 0xff,
    0xf6, 0x00, 0x00, 0x7f, 0xff, 0xee, 0xff, 0xc0, 0x00, 0xff, 0xb4, 0x88, 0x88, 0xef, 0xff, 0x98,
    0x88, 0x83, 0x00, 0x00, 0x27, 0x31, 0x1e, 0xff, 0x30, 0x00, 0xff, 0xb0, 0x00, 0x03, 0xff, 0xff,
    0xa0, 0x00, 0x00, 0x00, 0x00, 0x00, 0x00, 0xaf, 0xf6, 0x00, 0x00, 0xff, 0xb0, 0x00, 0x0b, 0xff,
    0xff, 0xf7, 0x00, 0x00, 0x00, 0x00, 0x00, 0x06, 0xff, 0xb0, 0x00, 0x00, 0xff, 0xb0, 0x00, 0x4f,
    0xff, 0xfd, 0xff, 0x40, 0x00, 0x00, 0x00, 0x00, 0x3e, 0xfe, 0x10, 0x01, 0x30, 0xff, 0xb0, 0x00,
    0xcf, 0xae, 0xf9, 0xaf, 0xe2, 0x00, 0x00, 0x00, 0x02, 0xdf, 0xf9, 0x8a, 0xdf, 0xb0, 0xff, 0xb0,
    0x06, 0xff, 0x2e, 0xf9, 0x1e, 0xfc, 0x00, 0x00, 0x00, 0x4d, 0xff, 0xff, 0xff, 0xff, 0xa0, 0xff,
    0xb0, 0x3f, 0xf9, 0x0e, 0xf9, 0x05, 0xff, 0x90, 0x00, 0x00, 0x9f, 0xff, 0xff, 0xfe, 0xc8, 0x40,
    0xff, 0xb2, 0xdf, 0xf2, 0x0e, 0xf9, 0x00, 0xbf, 0xf3, 0x00, 0x00, 0x4f, 0xfd, 0x96, 0x30, 0x00,
    0x00, 0xff, 0xb4, 0xff, 0x70, 0x0e, 0xf9, 0x00, 0x2f, 0x90, 0x00, 0x00, 0x07, 0x20, 0x00, 0x00,
    0x00, 0x00, 0xff, 0xb0, 0xbb, 0x00, 0x0e, 0xf9, 0x00, 0x05, 0x00, 0x00, 0x00, 0x00, 0x00, 0x00,
    0x00, 0x00, 0x00, 0xff, 0xb0, 0x31, 0x00, 0x0e, 0xf9, 0x00, 0x00, 0x00, 0x00, 0x00, 0x00, 0x00,
    0x00, 0x14, 0x7b, 0xc0, 0xff, 0xb0, 0x00, 0x00, 0x0e, 0xf9, 0x00, 0x00, 0x00, 0x00, 0x00, 0x00,
    0x25, 0x9c, 0xff, 0xff, 0xf0, 0xff, 0xb0, 0x00, 0x00, 0x0d, 0xe8, 0x00, 0x00, 0x00, 0x00, 0x00,
    0x9e, 0xff, 0xff, 0xff, 0xfe, 0xb1, 0xff, 0xb0, 0x00, 0x00, 0x00, 0x00, 0x00, 0x00, 0x00, 0x00,
    0x00, 0x9f, 0xff, 0xfe, 0xb7, 0x30, 0x00, 0xff, 0xff, 0xff, 0xff, 0xff, 0xff, 0xff, 0xff, 0xfb,
    0x00, 0x00, 0x6e, 0xb7, 0x30, 0x00, 0x00, 0x00, 0xff, 0xff, 0xff, 0xff, 0xff, 0xff, 0xff, 0xff,
    0xfb, 0x00, 0x00, 0x10, 0x00, 0x00, 0x00, 0x00, 0x00, 0xaa, 0xaa, 0xaa, 0xaa, 0xaa, 0xaa, 0xaa,
    0xaa, 0xa7, 0x00, 0x00, 0x00, 0x00, 0x00, 0x00, 0x00, 0x00, 0x00, 0x00, 0x00, 0x00, 0x00, 0x00,
    0x00, 0x00, 0x00, 0x00, 0x00, 0x00, 0x00, 0x00, 0x00, 0x00, 0x00, 0x00, 0x00, 0x00, 0x00, 0x00,
    0x00, 0x00, 0x00, 0x00, 0x00, 0x00, 0x00, 0x00, 0x01, 0x10, 0x00, 0x00, 0x00, 0x00, 0x02, 0x55,
    0x20, 0x00, 0x00, 0x00, 0x00, 0x00, 0x00, 0x00, 0x00, 0x06, 0xe8, 0x20, 0x00, 0x00, 0x00, 0x06,
    0xff, 0x70, 0x00, 0x00, 0x00, 0x00, 0x00, 0x00, 0x00, 0x00, 0x0b, 0xff, 0x50, 0x00, 0x00, 0x00,
    0x06, 0xff, 0x70, 0x00, 0x00, 0x76, 0x10, 0x00, 0x00, 0x00, 0x00, 0x2f, 0xfd, 0x00, 0x00, 0x00,
    0x00, 0x06, 0xff, 0x70, 0x00, 0x03, 0xff, 0xe1, 0x00, 0x00, 0x00, 0x00, 0x8f, 0xf6, 0x00, 0x00,
    0x3a, 0xaa, 0xac, 0xff, 0xca, 0xaa, 0x5a, 0xff, 0x80, 0x00, 0x00, 0x00, 0x01, 0xef, 0xe1, 0x00,
    0x00, 0x5f, 0xff, 0xff, 0xff, 0xff, 0xff, 0xbf, 0xfe, 0x10, 0x00, 0x00, 0x00, 0x06, 0xff, 0x80,
    0x00, 0x00, 0x5f, 0xff, 0xff, 0xff, 0xff, 0xff, 0xff, 0xf7, 0x00, 0x00, 0x00, 0x00, 0x0d, 0xfe,
    0x10, 0x03, 0x00, 0x00, 0x00, 0x06, 0xff, 0x70, 0x07, 0xff, 0xd1, 0x00, 0x00, 0x00, 0x00, 0x6f,
    0xf7, 0x00, 0x2f, 0x91, 0x00, 0x00, 0x06, 0xff, 0x70, 0x3f, 0xff, 0x40, 0x00, 0x00, 0x00, 0x00,
    0xdf, 0xd0, 0x00, 0xaf, 0xf6, 0x00, 0x00, 0x06, 0xff, 0x71, 0xdf, 0xfa, 0x00, 0x00, 0x00, 0x00,
    0x07, 0xff, 0x50, 0x03, 0xff, 0xd0, 0x00, 0x00, 0x06, 0xff, 0x79, 0xff, 0xe1, 0x00, 0x00, 0x00,
    0x00, 0x5f, 0xfe, 0x57, 0x8c, 0xff, 0x4e, 0xff, 0xff, 0xff, 0xff, 0xff, 0xff, 0xff, 0xff, 0xfd,
    0x00, 0x00, 0xdf, 0xff, 0xff, 0xff, 0xf9, 0x0e, 0xff, 0xff, 0xff, 0xff, 0xff, 0xff, 0xff, 0xff,
    0xfd, 0x00, 0x00, 0x7f, 0xff, 0xfe, 0xff, 0xe1, 0x0a, 0xbb, 0xbb, 0xbb, 0xff, 0xff, 0xcb, 0xbb,
    0xbb, 0xb9, 0x00, 0x00, 0x28, 0x53, 0x1a, 0xff, 0x50, 0x00, 0x00, 0x00, 0x1b, 0xff, 0xf7, 0x00,
    0x00, 0x00, 0x00, 0x00, 0x00, 0x00, 0x00, 0x6f, 0xf9, 0x00, 0x00, 0x00, 0x04, 0xef, 0xff, 0x60,
    0x00, 0x00, 0x00, 0x00, 0x00, 0x00, 0x00, 0x03, 0xef, 0xc0, 0x00, 0x00, 0x01, 0x8f, 0xff, 0xfc,
    0x88, 0x88, 0x88, 0x88, 0x10, 0x00, 0x00, 0x00, 0x1d, 0xfe, 0x20, 0x01, 0x10, 0x7e, 0xff, 0xff,
    0xff, 0xff, 0xff, 0xff, 0xff, 0x10, 0x00, 0x00, 0x01, 0xcf, 0xfa, 0x9b, 0xef, 0x9d, 0xff, 0xff,
    0xff, 0xff, 0xff, 0xff, 0xff, 0xff, 0x10, 0x00, 0x00, 0x2c, 0xff, 0xff, 0xff, 0xff, 0x8f, 0xff,
    0xff, 0xf9, 0x00, 0x00, 0x00, 0x0d, 0xff, 0x10, 0x00, 0x00, 0x8f, 0xff, 0xff, 0xfe, 0xc8, 0x29,
    0xf8, 0x4f, 0xf9, 0x00, 0x00, 0x00, 0x0d, 0xff, 0x10, 0x00, 0x00, 0x3f, 0xfe, 0xa6, 0x30, 0x00,
    0x01, 0x20, 0x3f, 0xf9, 0x00, 0x00, 0x00, 0x0d, 0xff, 0x10, 0x00, 0x00, 0x07, 0x30, 0x00, 0x00,
    0x00, 0x00, 0x00, 0x3f, 0xff, 0xff, 0xff, 0xff, 0xff, 0xff, 0x10, 0x00, 0x00, 0x00, 0x00, 0x00,
    0x00, 0x00, 0x00, 0x00, 0x3f, 0xff, 0xff, 0xff, 0xff, 0xff, 0xff, 0x10, 0x00, 0x00, 0x00, 0x00,
    0x00, 0x01, 0x59, 0xd6, 0x00, 0x3f, 0xfb, 0x66, 0x66, 0x66, 0x6e, 0xff, 0x10, 0x00, 0x00, 0x00,
    0x01, 0x59, 0xdf, 0xff, 0xf8, 0x00, 0x3f, 0xf9, 0x00, 0x00, 0x00, 0x0d, 0xff, 0x10, 0x00, 0x00,
    0x59, 0xdf, 0xff, 0xff, 0xff, 0xf8, 0x00, 0x3f, 0xf9, 0x00, 0x00, 0x00, 0x0d, 0xff, 0x10, 0x00,
    0x00, 0x9f, 0xff, 0xff, 0xfd, 0x95, 0x10, 0x00, 0x3f, 0xfc, 0x88, 0x88, 0x88, 0x8e, 0xff, 0x10,
    0x00, 0x00, 0x6f, 0xfe, 0xa6, 0x20, 0x00, 0x00, 0x00, 0x3f, 0xff, 0xff, 0xff, 0xff, 0xff, 0xff,
    0x10, 0x00, 0x00, 0x27, 0x30, 0x00, 0x00, 0x00, 0x00, 0x00, 0x3f, 0xff, 0xff, 0xff, 0xff, 0xff,
    0xff, 0x10, 0x00, 0x00, 0x00, 0x00, 0x00, 0x00, 0x00, 0x00, 0x00, 0x3f, 0xf9, 0x00, 0x00, 0x00,
    0x0d, 0xff, 0x10, 0x00, 0x00, 0x00, 0x00, 0x00, 0x00, 0x00, 0x00, 0x00, 0x14, 0x42, 0x00, 0x00,
    0x00, 0x02, 0x22, 0x00, 0x00, 0x00, 0x00, 0x00, 0x00, 0x00, 0x00, 0x00, 0x00, 0x00, 0x00, 0x00,
    0x00, 0x00, 0x00, 0x00, 0x00, 0x00, 0x00, 0x00, 0x00, 0x00, 0x00, 0x00, 0x00, 0x00, 0x00, 0x00,
    0x00, 0x00, 0x00, 0x00, 0x00, 0x00, 0x00, 0x00, 0x00, 0x00, 0x00, 0x10, 0x00, 0x00, 0x00, 0x00,
    0x00, 0x25, 0x53, 0x00, 0x00, 0x00, 0x00, 0x00, 0x00, 0x00, 0x00, 0x04, 0xe9, 0x20, 0x00, 0x00,
    0x00, 0x00, 0x6f, 0xf9, 0x00, 0x00, 0x00, 0x00, 0x00, 0x00, 0x00, 0x00, 0x09, 0xff, 0x60, 0x00,
    0x00, 0x00, 0x00, 0x6f, 0xf9, 0x00, 0x00, 0x00, 0x00, 0x00, 0x00, 0x00, 0x00, 0x0e, 0xfe, 0x10,
    0x00, 0x08, 0x88, 0x88, 0xbf, 0xfc, 0x88, 0x88, 0x84, 0x00, 0x00, 0x00, 0x00, 0x00, 0x6f, 0xf7,
    0x00, 0x00, 0x0f, 0xff, 0xff, 0xff, 0xff, 0xff, 0xff, 0xf7, 0x00, 0x00, 0x00, 0x00, 0x00, 0xcf,
    0xe1, 0x00, 0x00, 0x0f, 0xff, 0xff, 0xff, 0xff, 0xff, 0xff, 0xf7, 0x00, 0x00, 0x00, 0x00, 0x04,
    0xff, 0x90, 0x00, 0x00, 0x00, 0x00, 0x00, 0x6f, 0xf9, 0x00, 0x00, 0x00, 0x00, 0x00, 0x00, 0x00,
    0x0c, 0xfe, 0x20, 0x21, 0x00, 0x00, 0x00, 0x00, 0x6f, 0xf9, 0x00, 0x00, 0x00, 0x00, 0x00, 0x00,
    0x00, 0x4f, 0xf7, 0x00, 0xad, 0x50, 0x00, 0x00, 0x00, 0x6f, 0xf9, 0x00, 0x00, 0x01, 0x00, 0x00,
    0x00, 0x00, 0xcf, 0xd1, 0x03, 0xff, 0xc3, 0xff, 0xff, 0xff, 0xff, 0xff, 0xff, 0xff, 0xff, 0xc1,
    0x00, 0x00, 0x07, 0xff, 0x50, 0x0a, 0xff, 0x43, 0xff, 0xff, 0xff, 0xff, 0xff, 0xff, 0xff, 0xff,
    0xd0, 0x00, 0x00, 0x5f, 0xfe, 0x79, 0xaf, 0xfb, 0x02, 0x99, 0x99, 0x99, 0x99, 0x99, 0x99, 0x9a,
    0xff, 0x90, 0x00, 0x00, 0xcf, 0xff, 0xff, 0xff, 0xf2, 0x00, 0x00, 0x04, 0x00, 0x04, 0x77, 0x20,
    0x06, 0xff, 0x40, 0x00, 0x00, 0x7f, 0xff, 0xff, 0xff, 0x90, 0x00, 0x00, 0x9f, 0xb3, 0x08, 0xff,
    0x30, 0x0b, 0xfe, 0x00, 0x00, 0x00, 0x28, 0x52, 0x1e, 0xfd, 0x10, 0x00, 0x00, 0x5e, 0xff, 0x68,
    0xff, 0x30, 0x1f, 0xf9, 0x00, 0x00, 0x00, 0x00, 0x00, 0x9f, 0xf4, 0x00, 0x00, 0x34, 0x01, 0xaf,
    0xe9, 0xff, 0x30, 0x17, 0xb3, 0x00, 0x00, 0x00, 0x00, 0x04, 0xff, 0x90, 0x00, 0x02, 0xdf, 0xa2,
    0x07, 0x39, 0xff, 0x30, 0x00, 0x00, 0x00, 0x00, 0x00, 0x00, 0x1e, 0xfd, 0x12, 0x6a, 0x30, 0x7f,
    0xfe, 0x40, 0x0a, 0xff, 0x20, 0x00, 0x00, 0x00, 0x00, 0x00, 0x00, 0xcf, 0xfc, 0xdf, 0xff, 0x40,
    0x03, 0xdf, 0xd0, 0x0c, 0xff, 0x10, 0x00, 0x00, 0x00, 0x00, 0x00, 0x1a, 0xff, 0xff, 0xff, 0xff,
    0x40, 0x00, 0x1b, 0x30, 0x0d, 0xff, 0x00, 0x00, 0x00, 0x00, 0x00, 0x00, 0x9f, 0xff, 0xff, 0xd9,
    0x41, 0x0d, 0xff, 0xff, 0xff, 0xff, 0xff, 0xff, 0xff, 0xff, 0xf0, 0x00, 0x00, 0x3f, 0xfb, 0x62,
    0x00, 0x00, 0x0d, 0xff, 0xff, 0xff, 0xff, 0xff, 0xff, 0xff, 0xff, 0xf0, 0x00, 0x00, 0x07, 0x10,
    0x00, 0x00, 0x00, 0x08, 0xaa, 0xaa, 0xaa, 0xff, 0xfb, 0xaa, 0xaa, 0xaa, 0xa0, 0x00, 0x00, 0x00,
    0x00, 0x00, 0x02, 0x8d, 0x40, 0x00, 0x00, 0x07, 0xff, 0xc0, 0x10, 0x00, 0x00, 0x00, 0x00, 0x00,
    0x00, 0x00, 0x16, 0xcf, 0xff, 0x70, 0x00, 0x00, 0x3f, 0xff, 0x53, 0xec, 0x20, 0x00, 0x00, 0x00,
    0x00, 0x01, 0x5b, 0xff, 0xff, 0xfd, 0x50, 0x00, 0x03, 0xef, 0xfa, 0x0a, 0xff, 0xe4, 0x00, 0x00,
    0x00, 0x00, 0x8f, 0xff, 0xff, 0xfa, 0x40, 0x00, 0x00, 0x4e, 0xff, 0xd1, 0x00, 0x8f, 0xff, 0x80,
    0x00, 0x00, 0x00, 0x8f, 0xff, 0xd7, 0x10, 0x00, 0x00, 0x18, 0xff, 0xfd, 0x20, 0x00, 0x05, 0xef,
    0xfa, 0x10, 0x00, 0x00, 0x4f, 0xa4, 0x00, 0x00, 0x00, 0x17, 0xef, 0xff, 0xb1, 0x00, 0x00, 0x00,
    0x3e, 0xff, 0xc1, 0x00, 0x00, 0x01, 0x00, 0x00, 0x00, 0x00, 0x3e, 0xff, 0xf8, 0x00, 0x00, 0x00,
    0x00, 0x02, 0xdf, 0xf8, 0x00, 0x00, 0x00, 0x00, 0x00, 0x00, 0x00, 0x06, 0xfa, 0x20, 0x00, 0x00,
    0x00, 0x00, 0x00, 0x2d, 0xb0, 0x00, 0x00, 0x00, 0x00, 0x00, 0x00, 0x00, 0x00, 0x30, 0x00, 0x00,
    0x00, 0x00, 0x00, 0x00, 0x02, 0x00, 0x00, 0x00, 0x00, 0x00, 0x00, 0x00, 0x00, 0x00, 0x00, 0x00,
    0x00, 0x00, 0x00, 0x00, 0x00, 0x00, 0x00, 0x00, 0x00, 0x00, 0x00, 0x00, 0x00, 0x00, 0x00, 0x00,
    0x00, 0x00, 0x00, 0x00, 0x00, 0x00, 0x00, 0x00, 0x00, 0x00, 0x05, 0xff, 0xff, 0xff, 0xff, 0xff,
    0xff, 0xff, 0xff, 0xff, 0xff, 0xff, 0xff, 0xff, 0x70, 0x00, 0x00, 0x05, 0xff, 0xff, 0xff, 0xff,
    0xff, 0xff, 0xff, 0xff, 0xff, 0xff, 0xff, 0xff, 0xff, 0x70, 0x00, 0x00, 0x05, 0xff, 0xfd, 0xdd,
    0xdd, 0xdd, 0xdd, 0xdd, 0xdd, 0xdd, 0xdd, 0xdd, 0xde, 0xff, 0x70, 0x00, 0x00, 0x05, 0xff, 0xa0,
    0x00, 0x00, 0x00, 0x00, 0x00, 0x00, 0x00, 0x00, 0x00, 0x09, 0xff, 0x70, 0x00, 0x00, 0x05, 0xff,
    0xa0, 0x00, 0x00, 0x02, 0x21, 0x00, 0x00, 0x00, 0x11, 0x00, 0x09, 0xff, 0x70, 0x00, 0x00, 0x05,
    0xff, 0xa0, 0x00, 0x00, 0x09, 0xff, 0x20, 0x00, 0x00, 0x9f, 0xf2, 0x09, 0xff, 0x70, 0x00, 0x00,
    0x05, 0xff, 0xa0, 0x00, 0x00, 0x0c, 0xff, 0x00, 0x00, 0x00, 0xcf, 0xf0, 0x09, 0xff, 0x70, 0x00,
    0x00, 0x05, 0xff, 0xa0, 0xb7, 0x00, 0x0f, 0xfc, 0x07, 0x80, 0x00, 0xff, 0xc0, 0x09, 0xff, 0x70,
    0x00, 0x00, 0x05, 0xff, 0xa9, 0xff, 0x40, 0x3f, 0xfa, 0x7f, 0xf6, 0x03, 0xff, 0xa0, 0x09, 0xff,
    0x70, 0x00, 0x00, 0x05, 0xff, 0xa3, 0xff, 0xe2, 0x5f, 0xf7, 0x2e, 0xff, 0x35, 0xff, 0x70, 0x09,
    0xff, 0x70, 0x00, 0x00, 0x05, 0xff, 0xa0, 0x6f, 0xfd, 0x9f, 0xf3, 0x03, 0xff, 0xea, 0xff, 0x30,
    0x09, 0xff, 0x70, 0x00, 0x00, 0x05, 0xff, 0xa0, 0x09, 0xff, 0xff, 0xe0, 0x00, 0x6f, 0xff, 0xfe,
    0x00, 0x09, 0xff, 0x70, 0x00, 0x00, 0x05, 0xff, 0xa0, 0x00, 0xcf, 0xff, 0xb0, 0x00, 0x0a, 0xff,
    0xfb, 0x00, 0x09, 0xff, 0x70, 0x00, 0x00, 0x05, 0xff, 0xa0, 0x00, 0x2e, 0xff, 0x70, 0x00, 0x01,
    0xdf, 0xf7, 0x00, 0x09, 0xff, 0x70, 0x00, 0x00, 0x05, 0xff, 0xa0, 0x00, 0x0b, 0xff, 0xd1, 0x00,
    0x00, 0xaf, 0xfc, 0x00, 0x09, 0xff, 0x70, 0x00, 0x00, 0x05, 0xff, 0xa0, 0x00, 0x2f, 0xff, 0xfa,
    0x00, 0x01, 0xff, 0xff, 0x70, 0x09, 0xff, 0x70, 0x00, 0x00, 0x05, 0xff, 0xa0, 0x00, 0x9f, 0xff,
    0xff, 0x50, 0x07, 0xff, 0xff, 0xe2, 0x09, 0xff, 0x70, 0x00, 0x00, 0x05, 0xff, 0xa0, 0x01, 0xef,
    0xe4, 0xff, 0xd1, 0x0d, 0xfe, 0x7f, 0xfa, 0x09, 0xff, 0x70, 0x00, 0x00, 0x05, 0xff, 0xa0, 0x07,
    0xff, 0x80, 0x9f, 0xe3, 0x7f, 0xf8, 0x0c, 0xff, 0x39, 0xff, 0x70, 0x00, 0x00, 0x05, 0xff, 0xa0,
    0x2e, 0xfe, 0x10, 0x1d, 0x41, 0xef, 0xe1, 0x04, 0xff, 0x59, 0xff, 0x70, 0x00, 0x00, 0x05, 0xff,
    0xa0, 0xbf, 0xf8, 0x00, 0x01, 0x0b, 0xff, 0x80, 0x00, 0xb6, 0x09, 0xff, 0x70, 0x00, 0x00, 0x05,
    0xff, 0xa9, 0xff, 0xd1, 0x00, 0x00, 0x8f, 0xfd, 0x10, 0x00, 0x10, 0x09, 0xff, 0x70, 0x00, 0x00,
    0x05, 0xff, 0xdf, 0xfe, 0x30, 0x00, 0x05, 0xff, 0xf3, 0x00, 0x00, 0x00, 0x09, 0xff, 0x70, 0x00,
    0x00, 0x05, 0xff, 0xa3, 0xd6, 0x00, 0x00, 0x01, 0x8f, 0x60, 0x00, 0x00, 0x00, 0x09, 0xff, 0x70,
    0x00, 0x00, 0x05, 0xff, 0xa0, 0x10, 0x00, 0x00, 0x00, 0x03, 0x00, 0x00, 0x00, 0x00, 0x0b, 0xff,
    0x60, 0x00, 0x00, 0x05, 0xff, 0xa0, 0x00, 0x00, 0x00, 0x00, 0x00, 0x00, 0x03, 0xee, 0xed, 0xef,
    0xff, 0x50, 0x00, 0x00, 0x05, 0xff, 0xa0, 0x00, 0x00, 0x00, 0x00, 0x00, 0x00, 0x00, 0xbf, 0xff,
    0xff, 0xfd, 0x10, 0x00, 0x00, 0x05, 0xff, 0xa0, 0x00, 0x00, 0x00, 0x00, 0x00, 0x00, 0x00, 0x6f,
    0xff, 0xec, 0x92, 0x00, 0x00, 0x00, 0x00, 0x11, 0x00, 0x00, 0x00, 0x00, 0x00, 0x00, 0x00, 0x00,
    0x01, 0x00, 0x00, 0x00, 0x00, 0x00, 0x00, 0x00, 0x00, 0x00, 0x00, 0x00, 0x00, 0x00, 0x00, 0x00,
    0x00, 0x00, 0x00, 0x00, 0x00, 0x00, 0x00, 0x00, 0x00, 0x00, 0x00, 0x00, 0x00, 0x00, 0x00, 0x00,
    0x00, 0x00, 0x00, 0x00, 0x00, 0x00, 0x00, 0x00, 0x00, 0x00, 0x01, 0x11, 0x11, 0x11, 0x11, 0x11,
    0x11, 0x11, 0x11, 0x11, 0x11, 0x11, 0x11, 0x00, 0x00, 0x00, 0x00, 0x6f, 0xff, 0xff, 0xff, 0xff,
    0xff, 0xff, 0xff, 0xff, 0xff, 0xff, 0xff, 0xfb, 0x00, 0x00, 0x00, 0x00, 0x6f, 0xff, 0xff, 0xff,
    0xff, 0xff, 0xff, 0xff, 0xff, 0xff, 0xff, 0xff, 0xfb, 0x00, 0x00, 0x00, 0x00, 0x6f, 0xf7, 0x00,
    0x01, 0xff, 0xa0, 0x00, 0x0b, 0xff, 0x00, 0x00, 0x5f, 0xfb, 0x00, 0x00, 0x00, 0x00, 0x6f, 0xf7,
    0x00, 0x01, 0xff, 0xa0, 0x00, 0x0b, 0xff, 0x00, 0x00, 0x5f, 0xfb, 0x00, 0x00, 0x00, 0x00, 0x6f,
    0xf8, 0x22, 0x23, 0xff, 0xb2, 0x22, 0x2c, 0xff, 0x22, 0x22, 0x6f, 0xfb, 0x00, 0x00, 0x00, 0x00,
    0x6f, 0xff, 0xff, 0xff, 0xff, 0xff, 0xff, 0xff, 0xff, 0xff, 0xff, 0xff, 0xfb, 0x00, 0x00, 0x00,
    0x00, 0x6f, 0xff, 0xff, 0xff, 0xff, 0xff, 0xff, 0xff, 0xff, 0xff, 0xff, 0xff, 0xfb, 0x00, 0x00,
    0x00, 0x00, 0x00, 0x00, 0x00, 0x00, 0x00, 0x0c, 0xff, 0x40, 0x00, 0x00, 0x00, 0x00, 0x00, 0x00,
    0x00, 0x00, 0x03, 0x44, 0x44, 0x44, 0x44, 0x44, 0x4e, 0xff, 0x54, 0x44, 0x44, 0x44, 0x44, 0x44,
    0x20, 0x00, 0x00, 0x0d, 0xff, 0xff, 0xff, 0xff, 0xff, 0xff, 0xff, 0xff, 0xff, 0xff, 0xff, 0xff,
    0xff, 0x80, 0x00, 0x00, 0x0d, 0xff, 0xff, 0xff, 0xff, 0xff, 0xff, 0xff, 0xff, 0xff, 0xff, 0xff,
    0xff, 0xff, 0x80, 0x00, 0x00, 0x00, 0x00, 0x00, 0x00, 0x00, 0x00, 0x6f, 0xf7, 0x00, 0x00, 0x00,
    0x00, 0x00, 0x00, 0x00, 0x00, 0x00, 0x00, 0x00, 0x3e, 0xee, 0xee, 0xee, 0xef, 0xfe, 0xee, 0xee,
    0xee, 0xee, 0xe2, 0x00, 0x00, 0x00, 0x00, 0x00, 0x00, 0x3f, 0xff, 0xff, 0xff, 0xff, 0xff, 0xff,
    0xff, 0xff, 0xff, 0xf2, 0x00, 0x00, 0x00, 0x00, 0x00, 0x00, 0x3f, 0xf9, 0x00, 0x00, 0x00, 0x00,
    0x00, 0x00, 0x00, 0xdf, 0xf2, 0x00, 0x00, 0x00, 0x00, 0x00, 0x00, 0x3f, 0xf9, 0x00, 0x00, 0x00,
    0x00, 0x00, 0x00, 0x00, 0xdf, 0xf2, 0x00, 0x00, 0x00, 0x00, 0x00, 0x00, 0x3f, 0xff, 0xff, 0xff,
    0xff, 0xff, 0xff, 0xff, 0xff, 0xff, 0xf2, 0x00, 0x00, 0x00, 0x00, 0x00, 0x00, 0x3f, 0xfd, 0xaa,
    0xaa, 0xaa, 0xaa, 0xaa, 0xaa, 0xaa, 0xef, 0xf2, 0x00, 0x00, 0x00, 0x00, 0x00, 0x00, 0x3f, 0xf9,
    0x00, 0x00, 0x00, 0x00, 0x00, 0x00, 0x00, 0xdf, 0xf2, 0x00, 0x00, 0x00, 0x00, 0x00, 0x00, 0x3f,
    0xfd, 0x99, 0x99, 0x99, 0x99, 0x99, 0x99, 0x99, 0xef, 0xf2, 0x00, 0x00, 0x00, 0x00, 0x00, 0x00,
    0x3f, 0xff, 0xff, 0xff, 0xff, 0xff, 0xff, 0xff, 0xff, 0xff, 0xf2, 0x00, 0x00, 0x00, 0x00, 0x00,
    0x00, 0x3f, 0xf9, 0x00, 0x00, 0x00, 0x00, 0x00, 0x00, 0x00, 0xdf, 0xf2, 0x00, 0x00, 0x00, 0x00,
    0x00, 0x00, 0x3f, 0xf9, 0x00, 0x00, 0x00, 0x00, 0x00, 0x00, 0x00, 0xdf, 0xf2, 0x00, 0x00, 0x00,
    0x00, 0x00, 0x00, 0x3f, 0xff, 0xff, 0xff, 0xff, 0xff, 0xff, 0xff, 0xff, 0xff, 0xf2, 0x00, 0x00,
    0x00, 0x00, 0x00, 0x00, 0x3f, 0xfd, 0xaa, 0xaa, 0xaa, 0xaa, 0xaa, 0xaa, 0xaa, 0xef, 0xf2, 0x00,
    0x00, 0x00, 0x00, 0x00, 0x00, 0x3f, 0xf9, 0x00, 0x00, 0x00, 0x00, 0x00, 0x00, 0x00, 0xdf, 0xf2,
    0x00, 0x00, 0x00, 0x00, 0x4f, 0xff, 0xff, 0xff, 0xff, 0xff, 0xff, 0xff, 0xff, 0xff, 0xff, 0xff,
    0xff, 0xff, 0xf5, 0x00, 0x00, 0x4f, 0xff, 0xff, 0xff, 0xff, 0xff, 0xff, 0xff, 0xff, 0xff, 0xff,
    0xff, 0xff, 0xff, 0xf5, 0x00, 0x00, 0x13, 0x33, 0x33, 0x33, 0x33, 0x33, 0x33, 0x33, 0x33, 0x33,
    0x33, 0x33, 0x33, 0x33, 0x31, 0x00, 0x00, 0x00, 0x00, 0x00, 0x00, 0x00, 0x00, 0x00, 0x00, 0x00,
    0x00, 0x00, 0x00, 0x00, 0x00, 0x00, 0x00, 0x00, 0x00, 0x00, 0x00, 0x00, 0x00, 0x00, 0x00, 0x00,
    0x00, 0x00, 0x00, 0x00, 0x00, 0x00, 0x00, 0x00, 0x00, 0x00, 0x00, 0x00, 0x00, 0x00, 0x00, 0x04,
    0x31, 0x00, 0x00, 0x00, 0x00, 0x00, 0x00, 0x00, 0x00, 0x00, 0x00, 0x00, 0x00, 0x00, 0x00, 0x00,
    0x1f, 0xff, 0x90, 0x00, 0x00, 0x00, 0x00, 0x00, 0x00, 0x00, 0x00, 0x00, 0x00, 0x00, 0x00, 0x00,
    0x00, 0x4f, 0xff, 0x30, 0x00, 0x00, 0x00, 0x00, 0x00, 0x00, 0x00, 0x00, 0x00, 0x00, 0x00, 0x00,
    0x00, 0x00, 0x8f, 0xfd, 0x00, 0x00, 0x00, 0x00, 0x00, 0x00, 0x00, 0x00, 0x00, 0x00, 0x00, 0x00,
    0x00, 0x00, 0x00, 0xbf, 0xf7, 0x00, 0x00, 0x00, 0x00, 0x00, 0x00, 0x00, 0x00, 0x00, 0x00, 0x01,
    0xee, 0xee, 0xee, 0xee, 0xff, 0xfe, 0xee, 0xee, 0xee, 0xee, 0xee, 0x70, 0x00, 0x00, 0x00, 0x00,
    0x01, 0xff, 0xff, 0xff, 0xff, 0xff, 0xff, 0xff, 0xff, 0xff, 0xff, 0xff, 0x80, 0x00, 0x00, 0x00,
    0x00, 0x01, 0xff, 0xff, 0xff, 0xff, 0xff, 0xff, 0xff, 0xff, 0xff, 0xff, 0xff, 0x80, 0x00, 0x00,
    0x00, 0x00, 0x01, 0xff, 0xf0, 0x00, 0x00, 0x00, 0x00, 0x00, 0x00, 0x00, 0x0a, 0xff, 0x80, 0x00,
    0x00, 0x00, 0x00, 0x01, 0xff, 0xf0, 0x00, 0x00, 0x00, 0x00, 0x00, 0x00, 0x00, 0x0a, 0xff, 0x80,
    0x00, 0x00, 0x00, 0x00, 0x01, 0xff, 0xf0, 0x00, 0x00, 0x00, 0x00, 0x00, 0x00, 0x00, 0x0a, 0xff,
    0x80, 0x00, 0x00, 0x00, 0x00, 0x01, 0xff, 0xf0, 0x00, 0x00, 0x00, 0x00, 0x00, 0x00, 0x00, 0x0a,
    0xff, 0x80, 0x00, 0x00, 0x00, 0x00, 0x01, 0xff, 0xfd, 0xdd, 0xdd, 0xdd, 0xdd, 0xdd, 0xdd, 0xdd,
    0xde, 0xff, 0x80, 0x00, 0x00, 0x00, 0x00, 0x01, 0xff, 0xff, 0xff, 0xff, 0xff, 0xff, 0xff, 0xff,
    0xff, 0xff, 0xff, 0x80, 0x00, 0x00, 0x00, 0x00, 0x01, 0xff, 0xff, 0xff, 0xff, 0xff, 0xff, 0xff,
    0xff, 0xff, 0xff, 0xff, 0x80, 0x00, 0x00, 0x00, 0x00, 0x01, 0xff, 0xf0, 0x00, 0x00, 0x00, 0x00,
    0x00, 0x00, 0x00, 0x0a, 0xff, 0x80, 0x00, 0x00, 0x00, 0x00, 0x01, 0xff, 0xf0, 0x00, 0x00, 0x00,
    0x00, 0x00, 0x00, 0x00, 0x0a, 0xff, 0x80, 0x00, 0x00, 0x00, 0x00, 0x01, 0xff, 0xf0, 0x00, 0x00,
    0x00, 0x00, 0x00, 0x00, 0x00, 0x0a, 0xff, 0x80, 0x00, 0x00, 0x00, 0x00, 0x01, 0xff, 0xf0, 0x00,
    0x00, 0x00, 0x00, 0x00, 0x00, 0x00, 0x0a, 0xff, 0x80, 0x00, 0x00, 0x00, 0x00, 0x01, 0xff, 0xfc,
    0xcc, 0xcc, 0xcc, 0xcc, 0xcc, 0xcc, 0xcc, 0xce, 0xff, 0x80, 0x00, 0x00, 0x00, 0x00, 0x01, 0xff,
    0xff, 0xff, 0xff, 0xff, 0xff, 0xff, 0xff, 0xff, 0xff, 0xff, 0x80, 0x00, 0x00, 0x00, 0x00, 0x01,
    0xff, 0xff, 0xff, 0xff, 0xff, 0xff, 0xff, 0xff, 0xff, 0xff, 0xff, 0x80, 0x00, 0x00, 0x00, 0x00,
    0x01, 0xff, 0xf0, 0x00, 0x00, 0x00, 0x00, 0x00, 0x00, 0x00, 0x0a, 0xff, 0x80, 0x00, 0x00, 0x00,
    0x00, 0x01, 0xff, 0xf0, 0x00, 0x00, 0x00, 0x00, 0x00, 0x00, 0x00, 0x0a, 0xff, 0x80, 0x00, 0x00,
    0x00, 0x00, 0x01, 0xff, 0xf0, 0x00, 0x00, 0x00, 0x00, 0x00, 0x00, 0x00, 0x0a, 0xff, 0x80, 0x00,
    0x00, 0x00, 0x00, 0x01, 0xff, 0xf0, 0x00, 0x00, 0x00, 0x00, 0x00, 0x00, 0x00, 0x0a, 0xff, 0x80,
    0x00, 0x00, 0x00, 0x00, 0x01, 0xff, 0xf0, 0x00, 0x00, 0x00, 0x00, 0x00, 0x00, 0x00, 0x0a, 0xff,
    0x80, 0x00, 0x00, 0x00, 0x00, 0x01, 0xff, 0xff, 0xff, 0xff, 0xff, 0xff, 0xff, 0xff, 0xff, 0xff,
    0xff, 0x80, 0x00, 0x00, 0x00, 0x00, 0x01, 0xff, 0xff, 0xff, 0xff, 0xff, 0xff, 0xff, 0xff, 0xff,
    0xff, 0xff, 0x80, 0x00, 0x00, 0x00, 0x00, 0x01, 0xff, 0xfd, 0xdd, 0xdd, 0xdd, 0xdd, 0xdd, 0xdd,
    0xdd, 0xde, 0xff, 0x80, 0x00, 0x00, 0x00, 0x00, 0x01, 0xff, 0xf0, 0x00, 0x00, 0x00, 0x00, 0x00,
    0x00, 0x00, 0x0a, 0xff, 0x80, 0x00, 0x00, 0x00, 0x00, 0x00, 0x77, 0x70, 0x00, 0x00, 0x00, 0x00,
    0x00, 0x00, 0x00, 0x03, 0x55, 0x30, 0x00, 0x00, 0x00, 0x00, 0x00, 0x00, 0x00, 0x00, 0x00, 0x00,
    0x00, 0x00, 0x00, 0x00, 0x00, 0x00, 0x00, 0x00, 0x00, 0x00, 0x00, 0x00, 0x00, 0x00, 0x00, 0x00,
    0x00, 0x00, 0x00, 0x00, 0x00, 0x00, 0x00, 0x00, 0x00, 0x00, 0x00, 0x00, 0x00, 0x00, 0x00, 0x33,
    0x30, 0x00, 0x00, 0x00, 0x03, 0x33, 0x10, 0x00, 0x00, 0x00, 0x00, 0x00, 0x00, 0x00, 0x00, 0x02,
    0xff, 0xd0, 0x00, 0x00, 0x00, 0x0d, 0xff, 0x20, 0x00, 0x00, 0x00, 0x00, 0x00, 0x00, 0x00, 0x00,
    0x02, 0xff, 0xd0, 0x00, 0x00, 0x00, 0x0d, 0xff, 0x20, 0x00, 0x00, 0x00, 0x00, 0x00, 0x4f, 0xff,
    0xff, 0xff, 0xff, 0xff, 0xff, 0xff, 0xff, 0xff, 0xff, 0xff, 0xff, 0xff, 0xf5, 0x00, 0x00, 0x4f,
    0xff, 0xff, 0xff, 0xff, 0xff, 0xff, 0xff, 0xff, 0xff, 0xff, 0xff, 0xff, 0xff, 0xf5, 0x00, 0x00,
    0x28, 0x88, 0x88, 0x89, 0xff, 0xe8, 0x88, 0x88, 0x88, 0x8e, 0xff, 0x98, 0x88, 0x88, 0x83, 0x00,
    0x00, 0x00, 0x00, 0x00, 0x02, 0xff, 0xd0, 0x00, 0x00, 0x00, 0x0d, 0xff, 0x20, 0x00, 0x00, 0x00,
    0x00, 0x00, 0x00, 0x00, 0x00, 0x01, 0x66, 0x60, 0x00, 0x00, 0x03, 0x26, 0x77, 0x10, 0x00, 0x00,
    0x00, 0x00, 0x00, 0x00, 0x00, 0x00, 0x00, 0x1f, 0xfd, 0x00, 0x00, 0x0e, 0xfe, 0x10, 0x00, 0x00,
    0x00, 0x00, 0x00, 0x00, 0x00, 0x0f, 0xfd, 0x00, 0x1f, 0xfd, 0x00, 0x00, 0x4f, 0xfd, 0x00, 0x00,
    0x00, 0x00, 0x00, 0x00, 0x00, 0x00, 0x0f, 0xfd, 0x00, 0x1f, 0xfd, 0x00, 0x00, 0x9f, 0xfc, 0x88,
    0x88, 0x88, 0x88, 0x10, 0x00, 0x00, 0x00, 0x0f, 0xfd, 0x00, 0x1f, 0xfd, 0x00, 0x00, 0xef, 0xff,
    0xff, 0xff, 0xff, 0xff, 0x20, 0x00, 0x00, 0x00, 0x0f, 0xfd, 0x00, 0x1f, 0xfd, 0x00, 0x04, 0xff,
    0xff, 0xff, 0xff, 0xff, 0xff, 0x20, 0x00, 0x00, 0x00, 0x0f, 0xfd, 0x00, 0x1f, 0xfd, 0x00, 0x0c,
    0xff, 0x50, 0x4c, 0x90, 0x00, 0x00, 0x00, 0x00, 0x00, 0x00, 0x0f, 0xfd, 0x00, 0x1f, 0xfd, 0x00,
    0x5f, 0xfd, 0x00, 0xcf, 0xf6, 0x00, 0x00, 0x00, 0x00, 0x00, 0x00, 0x0f, 0xfd, 0x00, 0x1f, 0xfd,
    0x02, 0xef, 0xf6, 0x00, 0x2e, 0xff, 0x30, 0x00, 0x00, 0x00, 0x00, 0x00, 0x0f, 0xfd, 0x00, 0x1f,
    0xfd, 0x08, 0xff, 0xc0, 0x00, 0x06, 0xff, 0xc0, 0x00, 0x00, 0x00, 0x00, 0x00, 0x0f, 0xfd, 0x00,
    0x1f, 0xfd, 0x00, 0x6e, 0x20, 0x00, 0x00, 0xcf, 0xf5, 0x00, 0x00, 0x00, 0x00, 0x00, 0x04, 0x43,
    0x00, 0x1f, 0xfd, 0x00, 0x01, 0x00, 0x00, 0x00, 0x4f, 0xb3, 0x00, 0x00, 0x00, 0x00, 0x00, 0x00,
    0x00, 0x00, 0x01, 0x11, 0x00, 0x00, 0x00, 0x00, 0x00, 0x04, 0x00, 0x00, 0x00, 0x00, 0x00, 0x00,
    0x00, 0x66, 0x66, 0x66, 0x66, 0x66, 0x66, 0x66, 0x66, 0x66, 0x66, 0x66, 0x20, 0x00, 0x00, 0x00,
    0x00, 0x01, 0xff, 0xff, 0xff, 0xff, 0xff, 0xff, 0xff, 0xff, 0xff, 0xff, 0xff, 0x50, 0x00, 0x00,
    0x00, 0x00, 0x01, 0xff, 0xff, 0xff, 0xff, 0xff, 0xff, 0xff, 0xff, 0xff, 0xff, 0xff, 0x50, 0x00,
    0x00, 0x00, 0x00, 0x01, 0xff, 0xb0, 0x00, 0x7f, 0xf2, 0x00, 0x0f, 0xf8, 0x00, 0x09, 0xff, 0x50,
    0x00, 0x00, 0x00, 0x00, 0x01, 0xff, 0xb0, 0x00, 0x7f, 0xf2, 0x00, 0x0f, 0xf8, 0x00, 0x09, 0xff,
    0x50, 0x00, 0x00, 0x00, 0x00, 0x01, 0xff, 0xb0, 0x00, 0x7f, 0xf2, 0x00, 0x0f, 0xf8, 0x00, 0x09,
    0xff, 0x50, 0x00, 0x00, 0x00, 0x00, 0x01, 0xff, 0xb0, 0x00, 0x7f, 0xf2, 0x00, 0x0f, 0xf8, 0x00,
    0x09, 0xff, 0x50, 0x00, 0x00, 0x00, 0x00, 0x01, 0xff, 0xb0, 0x00, 0x7f, 0xf2, 0x00, 0x0f, 0xf8,
    0x00, 0x09, 0xff, 0x50, 0x00, 0x00, 0x00, 0x9f, 0xff, 0xff, 0xff, 0xff, 0xff, 0xff, 0xff, 0xff,
    0xff, 0xff, 0xff, 0xff, 0xff, 0xfa, 0x00, 0x00, 0x9f, 0xff, 0xff, 0xff, 0xff, 0xff, 0xff, 0xff,
    0xff, 0xff, 0xff, 0xff, 0xff, 0xff, 0xfa, 0x00, 0x00, 0x59, 0x99, 0x99, 0x99, 0x99, 0x99, 0x99,
    0x99, 0x99, 0x99, 0x99, 0x99, 0x99, 0x99, 0x96, 0x00, 0x00, 0x00, 0x00, 0x00, 0x00, 0x00, 0x00,
    0x00, 0x00, 0x00, 0x00, 0x00, 0x00, 0x00, 0x00, 0x00, 0x00, 0x00, 0x00, 0x00, 0x00, 0x00, 0x00,
    0x00, 0x00, 0x00, 0x00, 0x00, 0x00, 0x00, 0x00, 0x00, 0x00, 0x00, 0x00, 0x00, 0x00, 0x00, 0x33,
    0x30, 0x00, 0x00, 0x00, 0x00, 0x00, 0x00, 0x00, 0x00, 0x00, 0x00, 0x00, 0x00, 0x00, 0x00, 0x00,
    0xef, 0xc0, 0x00, 0x00, 0x00, 0x00, 0x00, 0x00, 0x00, 0x00, 0x00, 0x00, 0x00, 0x00, 0x00, 0x00,
    0x00, 0xef, 0xc0, 0x00, 0x00, 0x00, 0x00, 0x00, 0x00, 0x00, 0x00, 0x00, 0x00, 0x00, 0x00, 0x00,
    0x00, 0x00, 0xef, 0xc0, 0x00, 0x00, 0x00, 0x00, 0x00, 0x00, 0x00, 0x00, 0x00, 0x00, 0x00, 0x00,
    0x00, 0x00, 0x00, 0xef, 0xc0, 0x00, 0x00, 0x7f, 0xff, 0xff, 0xff, 0xff, 0xff, 0xff, 0xf3, 0x00,
    0x00, 0x00, 0x00, 0x00, 0xef, 0xc0, 0x00, 0x00, 0x7f, 0xff, 0xff, 0xff, 0xff, 0xff, 0xff, 0xf3,
    0x00, 0x00, 0x06, 0x77, 0x77, 0xff, 0xe7, 0x77, 0x74, 0x7e, 0xee, 0xee, 0xff, 0xfe, 0xee, 0xee,
    0xe3, 0x00, 0x00, 0x0c, 0xff, 0xff, 0xff, 0xff, 0xff, 0xf9, 0x00, 0x00, 0x00, 0xbf, 0xf7, 0x00,
    0x00, 0x00, 0x00, 0x00, 0x0c, 0xff, 0xff, 0xff, 0xff, 0xff, 0xf9, 0x00, 0x00, 0x00, 0xbf, 0xf7,
    0x00, 0x00, 0x00, 0x00, 0x00, 0x0c, 0xfa, 0x00, 0xaf, 0x80, 0x0d, 0xf9, 0x00, 0x00, 0x00, 0xbf,
    0xf7, 0x00, 0x00, 0x00, 0x00, 0x00, 0x0c, 0xfa, 0x00, 0xaf, 0x80, 0x0d, 0xf9, 0x00, 0x00, 0x00,
    0xbf, 0xf7, 0x00, 0x00, 0x00, 0x00, 0x00, 0x0c, 0xfa, 0x00, 0xaf, 0x80, 0x0d, 0xf9, 0x00, 0x00,
    0x00, 0xbf, 0xf7, 0x00, 0x00, 0x00, 0x00, 0x00, 0x0c, 0xfa, 0x00, 0xaf, 0x80, 0x0d, 0xf9, 0x00,
    0x00, 0x00, 0xbf, 0xf7, 0x00, 0x00, 0x00, 0x00, 0x00, 0x0c, 0xfa, 0x00, 0xaf, 0x80, 0x0d, 0xf9,
    0x00, 0x00, 0x00, 0xbf, 0xf7, 0x00, 0x00, 0x00, 0x00, 0x00, 0x0c, 0xfa, 0x00, 0xaf, 0x80, 0x0d,
    0xf9, 0x00, 0x00, 0x00, 0xbf, 0xf7, 0x00, 0x00, 0x00, 0x00, 0x00, 0x0c, 0xfa, 0x00, 0xaf, 0x80,
    0x0d, 0xf9, 0x00, 0x00, 0x00, 0xbf, 0xf7, 0x00, 0x00, 0x00, 0x00, 0x00, 0x0c, 0xfd, 0x88, 0xdf,
    0xc8, 0x8e, 0xf9, 0x00, 0x00, 0x00, 0xbf, 0xf7, 0x00, 0x00, 0x00, 0x00, 0x00, 0x0c, 0xff, 0xff,
    0xff, 0xff, 0xff, 0xf9, 0x00, 0x00, 0x00, 0xbf, 0xf7, 0x00, 0x00, 0x00, 0x00, 0x00, 0x0c, 0xff,
    0xff, 0xff, 0xff, 0xff, 0xf9, 0x00, 0x00, 0x00, 0xbf, 0xf7, 0x00, 0x00, 0x00, 0x00, 0x00, 0x0c,
    0xfa, 0x00, 0xef, 0xc0, 0x00, 0x00, 0x00, 0x00, 0x00, 0xbf, 0xf7, 0x00, 0x00, 0x00, 0x00, 0x00,
    0x06, 0x75, 0x00, 0xef, 0xc0, 0x00, 0x20, 0x00, 0x00, 0x00, 0xbf, 0xf7, 0x00, 0x00, 0x00, 0x00,
    0x00, 0x00, 0x00, 0x00, 0xef, 0xc0, 0x2c, 0xf3, 0x00, 0x00, 0x00, 0xbf, 0xf7, 0x00, 0x00, 0x00,
    0x00, 0x00, 0x00, 0x00, 0x00, 0xef, 0xc0, 0x1f, 0xf8, 0x00, 0x00, 0x00, 0xbf, 0xf7, 0x00, 0x00,
    0x00, 0x00, 0x00, 0x00, 0x00, 0x00, 0xef, 0xc0, 0x0b, 0xfd, 0x00, 0x00, 0x00, 0xbf, 0xf7, 0x00,
    0x00, 0x00, 0x00, 0x00, 0x00, 0x00, 0x00, 0xef, 0xc3, 0x6b, 0xff, 0x20, 0x00, 0x00, 0xbf, 0xf7,
    0x00, 0x00, 0x00, 0x00, 0x00, 0x00, 0x01, 0x47, 0xff, 0xff, 0xff, 0xff, 0x60, 0x00, 0x00, 0xbf,
    0xf7, 0x00, 0x00, 0x00, 0x00, 0x00, 0x7b, 0xef, 0xff, 0xff, 0xff, 0xff, 0xff, 0xa0, 0x00, 0x00,
    0xbf, 0xf7, 0x00, 0x00, 0x00, 0x00, 0x00, 0xaf, 0xff, 0xff, 0xff, 0xeb, 0x85, 0xbf, 0xff, 0xff,
    0xff, 0xff, 0xff, 0xff, 0xff, 0xfd, 0x00, 0x00, 0x8f, 0xfd, 0xa7, 0x42, 0x00, 0x00, 0x6a, 0xff,
    0xff, 0xff, 0xff, 0xff, 0xff, 0xff, 0xfd, 0x00, 0x00, 0x24, 0x10, 0x00, 0x00, 0x00, 0x00, 0x02,
    0xee, 0xee, 0xee, 0xee, 0xee, 0xee, 0xee, 0xec, 0x00, 0x00, 0x00, 0x00, 0x00, 0x00, 0x00, 0x00,
    0x00, 0x00, 0x00, 0x00, 0x00, 0x00, 0x00, 0x00, 0x00, 0x00, 0x00, 0x00, 0x00, 0x00, 0x00, 0x00,
    0x00, 0x00, 0x00, 0x00, 0x00, 0x00, 0x00, 0x00, 0x00, 0x00, 0x00, 0x00, 0x00, 0x00, 0x13, 0x00,
    0x00, 0x00, 0x00, 0x00, 0x00, 0x00, 0x33, 0x31, 0x00, 0x00, 0x00, 0x00, 0x00, 0x00, 0x00, 0x7f,
    0xe5, 0x00, 0x00, 0x00, 0x00, 0x00, 0x00, 0xcf, 0xf5, 0x00, 0x00, 0x00, 0x00, 0x00, 0x00, 0x00,
    0xcf, 0xf2, 0x00, 0x00, 0x00, 0x00, 0x00, 0x00, 0xcf, 0xf5, 0x00, 0x00, 0x00, 0x00, 0x00, 0x00,
    0x01, 0xff, 0xe6, 0x66, 0x63, 0x00, 0x00, 0x00, 0x00, 0xcf, 0xf5, 0x00, 0x00, 0x00, 0x00, 0x00,
    0x00, 0x07, 0xff, 0xff, 0xff, 0xff, 0x60, 0x00, 0x00, 0x00, 0xcf, 0xf5, 0x00, 0x00, 0x00, 0x00,
    0x00, 0x00, 0x0d, 0xff, 0xff, 0xff, 0xff, 0x50, 0x00, 0x00, 0x00, 0xcf, 0xf5, 0x00, 0x00, 0x00,
    0x00, 0x00, 0x00, 0x5f, 0xfb, 0x00, 0x0d, 0xfd, 0x00, 0x00, 0x00, 0x00, 0xcf, 0xf5, 0x00, 0x00,
    0x00, 0x00, 0x00, 0x00, 0xdf, 0xf4, 0x00, 0x4f, 0xf7, 0x00, 0x0b, 0xff, 0xff, 0xff, 0xff, 0xff,
    0xff, 0x70, 0x00, 0x00, 0x06, 0xff, 0xc0, 0x00, 0xaf, 0xe1, 0x00, 0x0b, 0xff, 0xff, 0xff, 0xff,
    0xff, 0xff, 0x70, 0x00, 0x00, 0x2e, 0xff, 0xff, 0xff, 0xff, 0xff, 0xfe, 0x0b, 0xfd, 0x88, 0xbf,
    0xf8, 0x89, 0xff, 0x70, 0x00, 0x00, 0xcf, 0xff, 0xff, 0xff, 0xff, 0xff, 0xfe, 0x0b, 0xfa, 0x00,
    0x7f, 0xf0, 0x01, 0xff, 0x70, 0x00, 0x00, 0x6f, 0xff, 0xc5, 0x5f, 0xf6, 0x5a, 0xfe, 0x0b, 0xfa,
    0x00, 0x7f, 0xf0, 0x01, 0xff, 0x70, 0x00, 0x00, 0x04, 0xef, 0xa0, 0x1f, 0xf3, 0x07, 0xfe, 0x0b,
    0xfa, 0x00, 0x7f, 0xf0, 0x01, 0xff, 0x70, 0x00, 0x00, 0x00, 0xcf, 0xa0, 0x1f, 0xf3, 0x07, 0xfe,
    0x0b, 0xfa, 0x00, 0x7f, 0xf0, 0x01, 0xff, 0x70, 0x00, 0x00, 0x00, 0xcf, 0xa0, 0x1f, 0xf3, 0x07,
    0xfe, 0x0b, 0xfa, 0x00, 0x7f, 0xf0, 0x01, 0xff, 0x70, 0x00, 0x00, 0x00, 0xcf, 0xff, 0xff, 0xff,
    0xff, 0xfe, 0x0b, 0xfa, 0x00, 0x7f, 0xf0, 0x01, 0xff, 0x70, 0x00, 0x00, 0x00, 0xcf, 0xff, 0xff,
    0xff, 0xff, 0xfe, 0x0b, 0xfa, 0x00, 0x7f, 0xf0, 0x01, 0xff, 0x70, 0x00, 0x00, 0x00, 0xcf, 0xb3,
    0x4f, 0xf5, 0x39, 0xfe, 0x0b, 0xff, 0xff, 0xff, 0xff, 0xff, 0xff, 0x70, 0x00, 0x00, 0x00, 0xcf,
    0xa0, 0x1f, 0xf3, 0x07, 0xfe, 0x0b, 0xff, 0xff, 0xff, 0xff, 0xff, 0xff, 0x70, 0x00, 0x00, 0x00,
    0xdf, 0xa0, 0x1f, 0xf3, 0x07, 0xfe, 0x06, 0x88, 0x88, 0xdf, 0xfa, 0x88, 0x88, 0x40, 0x00, 0x00,
    0x00, 0xdf, 0xa0, 0x1f, 0xf3, 0x07, 0xfe, 0x00, 0x00, 0x00, 0xbf, 0xf4, 0x00, 0x00, 0x00, 0x00,
    0x00, 0x00, 0xef, 0xff, 0xff, 0xff, 0xff, 0xfe, 0x00, 0x00, 0x00, 0xbf, 0xf4, 0x16, 0xa1, 0x00,
    0x00, 0x00, 0x00, 0xff, 0xff, 0xff, 0xff, 0xff, 0xfe, 0x00, 0x00, 0x00, 0xbf, 0xf4, 0x5f, 0xf6,
    0x00, 0x00, 0x00, 0x01, 0xff, 0x95, 0x5f, 0xf6, 0x5a, 0xfe, 0x00, 0x00, 0x00, 0xbf, 0xf4, 0x0e,
    0xfc, 0x00, 0x00, 0x00, 0x04, 0xff, 0x30, 0x1f, 0xf3, 0x07, 0xfe, 0x00, 0x00, 0x00, 0xbf, 0xf4,
    0x08, 0xff, 0x40, 0x00, 0x00, 0x07, 0xff, 0x10, 0x1f, 0xf3, 0x07, 0xfe, 0x00, 0x00, 0x00, 0xbf,
    0xf7, 0x58, 0xff, 0xa0, 0x00, 0x00, 0x0a, 0xfd, 0x00, 0x1f, 0xf3, 0x07, 0xfe, 0x35, 0x68, 0xab,
    0xef, 0xff, 0xff, 0xff, 0xf1, 0x00, 0x00, 0x1e, 0xfa, 0x00, 0x1f, 0xf3, 0x08, 0xfe, 0xaf, 0xff,
    0xff, 0xff, 0xff, 0xff, 0xff, 0xf5, 0x00, 0x00, 0x6f, 0xf4, 0x00, 0x1f, 0xf5, 0x8e, 0xfd, 0x7f,
    0xff, 0xff, 0xfe, 0xca, 0x86, 0x4f, 0xfa, 0x00, 0x00, 0xbf, 0xe0, 0x00, 0x1f, 0xf4, 0xff, 0xfb,
    0x4b, 0x98, 0x64, 0x10, 0x00, 0x00, 0x0d, 0xfe, 0x00, 0x00, 0x19, 0x80, 0x00, 0x00, 0x00, 0xce,
    0xb2, 0x00, 0x00, 0x00, 0x00, 0x00, 0x00, 0x09, 0xa5, 0x00, 0x00, 0x00, 0x00, 0x00, 0x00, 0x00,
    0x00, 0x00, 0x00, 0x00, 0x00, 0x00, 0x00, 0x00, 0x00, 0x00, 0x00, 0x00, 0x00, 0x00, 0x00, 0x00,
    0x00, 0x00, 0x00, 0x00, 0x00, 0x00, 0x00, 0x00, 0x00, 0x00, 0x00, 0x00, 0x00, 0x00, 0x00, 0x00,
    0x00, 0x00, 0x00, 0x00, 0x00, 0x00, 0x00, 0x00, 0x00, 0x00, 0x00, 0x00, 0x00, 0x00, 0x00, 0x00,
    0x00, 0x00, 0x00, 0x00, 0x01, 0x50, 0x00, 0x00, 0x00, 0x00, 0x00, 0x00, 0x00, 0x00, 0x00, 0x00,
    0x00, 0x00, 0x00, 0x00, 0x00, 0xaf, 0xf9, 0x00, 0x00, 0x00, 0x00, 0x00, 0x00, 0x00, 0x00, 0x00,
    0x00, 0x00, 0x00, 0x00, 0x00, 0x00, 0x5f, 0xff, 0x50, 0x00, 0x00, 0x00, 0x00, 0x00, 0x00, 0x00,
    0x00, 0x00, 0x00, 0x00, 0x00, 0x00, 0x00, 0x0a, 0xff, 0xe1, 0x00, 0x00, 0x00, 0x00, 0x00, 0x00,
    0x00, 0x00, 0x00, 0x00, 0x00, 0x00, 0x00, 0x00, 0x02, 0xef, 0xf8, 0x00, 0x00, 0x00, 0x00, 0x00,
    0x00, 0x00, 0x00, 0x39, 0x99, 0x99, 0x99, 0x99, 0x99, 0x99, 0xdf, 0xfe, 0x99, 0x99, 0x99, 0x99,
    0x99, 0x95, 0x00, 0x00, 0x6f, 0xff, 0xff, 0xff, 0xff, 0xff, 0xff, 0xff, 0xff, 0xff, 0xff, 0xff,
    0xff, 0xff, 0xf8, 0x00, 0x00, 0x6f, 0xff, 0xff, 0xff, 0xff, 0xff, 0xff, 0xff, 0xff, 0xff, 0xff,
    0xff, 0xff, 0xff, 0xf8, 0x00, 0x00, 0x00, 0x00, 0x00, 0x00, 0x00, 0x00, 0x00, 0x00, 0x00, 0x00,
    0x00, 0x00, 0x00, 0x00, 0x00, 0x00, 0x00, 0x00, 0x00, 0x00, 0x00, 0x00, 0x00, 0x00, 0x00, 0x00,
    0x00, 0x00, 0x00, 0x00, 0x00, 0x00, 0x00, 0x00, 0x00, 0x00, 0x05, 0x66, 0x66, 0x66, 0x66, 0x66,
    0x66, 0x66, 0x66, 0x66, 0x60, 0x00, 0x00, 0x00, 0x00, 0x00, 0x00, 0x0c, 0xff, 0xff, 0xff, 0xff,
    0xff, 0xff, 0xff, 0xff, 0xff, 0xf0, 0x00, 0x00, 0x00, 0x00, 0x00, 0x00, 0x0c, 0xff, 0xff, 0xff,
    0xff, 0xff, 0xff, 0xff, 0xff, 0xff, 0xf0, 0x00, 0x00, 0x00, 0x00, 0x00, 0x00, 0x00, 0x00, 0x00,
    0x00, 0x00, 0x00, 0x00, 0x00, 0x00, 0x00, 0x00, 0x00, 0x00, 0x00, 0x00, 0x00, 0x00, 0x00, 0x00,
    0x00, 0x00, 0x00, 0x00, 0x00, 0x00, 0x00, 0x00, 0x00, 0x00, 0x00, 0x00, 0x00, 0x00, 0x00, 0x06,
    0x77, 0x77, 0x77, 0x77, 0x77, 0x77, 0x77, 0x77, 0x77, 0x70, 0x00, 0x00, 0x00, 0x00, 0x00, 0x00,
    0x0c, 0xff, 0xff, 0xff, 0xff, 0xff, 0xff, 0xff, 0xff, 0xff, 0xf0, 0x00, 0x00, 0x00, 0x00, 0x00,
    0x00, 0x0c, 0xff, 0xff, 0xff, 0xff, 0xff, 0xff, 0xff, 0xff, 0xff, 0xf0, 0x00, 0x00, 0x00, 0x00,
    0x00, 0x00, 0x00, 0x00, 0x00, 0x00, 0x00, 0x00, 0x00, 0x00, 0x00, 0x00, 0x00, 0x00, 0x00, 0x00,
    0x00, 0x00, 0x00, 0x00, 0x00, 0x00, 0x00, 0x00, 0x00, 0x00, 0x00, 0x00, 0x00, 0x00, 0x00, 0x00,
    0x00, 0x00, 0x00, 0x00, 0x00, 0x00, 0x00, 0x00, 0x00, 0x00, 0x00, 0x00, 0x00, 0x00, 0x00, 0x00,
    0x00, 0x00, 0x00, 0x00, 0x00, 0x2f, 0xff, 0xff, 0xff, 0xff, 0xff, 0xff, 0xff, 0xff, 0xff, 0xf5,
    0x00, 0x00, 0x00, 0x00, 0x00, 0x00, 0x2f, 0xff, 0xff, 0xff, 0xff, 0xff, 0xff, 0xff, 0xff, 0xff,
    0xf5, 0x00, 0x00, 0x00, 0x00, 0x00, 0x00, 0x2f, 0xfe, 0x88, 0x88, 0x88, 0x88, 0x88, 0x88, 0x88,
    0xef, 0xf5, 0x00, 0x00, 0x00, 0x00, 0x00, 0x00, 0x2f, 0xfc, 0x00, 0x00, 0x00, 0x00, 0x00, 0x00,
    0x00, 0xcf, 0xf5, 0x00, 0x00, 0x00, 0x00, 0x00, 0x00, 0x2f, 0xfc, 0x00, 0x00, 0x00, 0x00, 0x00,
    0x00, 0x00, 0xcf, 0xf5, 0x00, 0x00, 0x00, 0x00, 0x00, 0x00, 0x2f, 0xfc, 0x00, 0x00, 0x00, 0x00,
    0x00, 0x00, 0x00, 0xcf, 0xf5, 0x00, 0x00, 0x00, 0x00, 0x00, 0x00, 0x2f, 0xfe, 0x88, 0x88, 0x88,
    0x88, 0x88, 0x88, 0x88, 0xdf, 0xf5, 0x00, 0x00, 0x00, 0x00, 0x00, 0x00, 0x2f, 0xff, 0xff, 0xff,
    0xff, 0xff, 0xff, 0xff, 0xff, 0xff, 0xf5, 0x00, 0x00, 0x00, 0x00, 0x00, 0x00, 0x2f, 0xff, 0xff,
    0xff, 0xff, 0xff, 0xff, 0xff, 0xff, 0xff, 0xf5, 0x00, 0x00, 0x00, 0x00, 0x00, 0x00, 0x2f, 0xfc,
    0x00, 0x00, 0x00, 0x00, 0x00, 0x00, 0x00, 0xcf, 0xf5, 0x00, 0x00, 0x00, 0x00, 0x00, 0x00, 0x14,
    0x44, 0x00, 0x00, 0x00, 0x00, 0x00, 0x00, 0x00, 0x23, 0x31, 0x00, 0x00, 0x00, 0x00, 0x00, 0x00,
    0x00, 0x00, 0x00, 0x00, 0x00, 0x00, 0x00, 0x00, 0x00, 0x00, 0x00, 0x00, 0x00, 0x00, 0x00, 0x00,
    0x00, 0x00, 0x00, 0x00, 0x00, 0x00, 0x00, 0x00, 0x00, 0x00, 0x00, 0x00, 0x00, 0x00, 0x00, 0x00,
    0x00, 0x00, 0x00, 0x00, 0x00, 0x00, 0x00, 0x00, 0x00, 0x13, 0x33, 0x00, 0x00, 0x00, 0x00, 0x00,
    0x00, 0x00, 0x00, 0x56, 0x00, 0x00, 0x00, 0x00, 0x00, 0x00, 0x3f, 0xff, 0x00, 0x00, 0x00, 0x00,
    0x00, 0x00, 0x00, 0x04, 0xff, 0x80, 0x00, 0x00, 0x00, 0x00, 0x00, 0x3f, 0xff, 0x00, 0x00, 0x00,
    0x00, 0x00, 0x00, 0x00, 0x08, 0xff, 0xfa, 0x00, 0x00, 0x00, 0x00, 0x00, 0x3f, 0xff, 0x00, 0x00,
    0x00, 0x00, 0x00, 0x00, 0x00, 0x00, 0x8f, 0xff, 0xb1, 0x00, 0x00, 0x00, 0x00, 0x3f, 0xff, 0x00,
    0x00, 0x00, 0x00, 0x00, 0x00, 0x00, 0x00, 0x07, 0xff, 0xfb, 0x00, 0x00, 0x00, 0x00, 0x3f, 0xff,
    0x00, 0x00, 0x00, 0x00, 0x00, 0x00, 0x00, 0x00, 0x00, 0x7f, 0xfc, 0x10, 0x00, 0x00, 0x00, 0x3f,
    0xff, 0x00, 0x00, 0x00, 0x00, 0x00, 0x00, 0x00, 0x00, 0x00, 0x08, 0xd2, 0x00, 0x00, 0x00, 0x00,
    0x3f, 0xff, 0x00, 0x00, 0x00, 0x00, 0x00, 0x00, 0x00, 0x00, 0x00, 0x00, 0x20, 0x00, 0x00, 0x00,
    0x00, 0x3f, 0xff, 0x00, 0x00, 0x00, 0x00, 0x00, 0x00, 0x00, 0x00, 0x00, 0x00, 0x00, 0x00, 0x00,
    0x00, 0x00, 0x3f, 0xff, 0x00, 0x00, 0x00, 0x00, 0x00, 0x00, 0x00, 0x00, 0x00, 0x00, 0x00, 0x00,
    0x00, 0x00, 0x00, 0x3f, 0xff, 0x00, 0x00, 0x00, 0x00, 0x00, 0x00, 0x9f, 0xff, 0xff, 0xff, 0x50,
    0x3f, 0xff, 0xff, 0xff, 0xff, 0xff, 0xff, 0xff, 0xff, 0xfc, 0x00, 0x00, 0x9f, 0xff, 0xff, 0xff,
    0x50, 0x3f, 0xff, 0xff, 0xff, 0xff, 0xff, 0xff, 0xff, 0xff, 0xfc, 0x00, 0x00, 0x9f, 0xff, 0xff,
    0xff, 0x50, 0x3f, 0xff, 0xff, 0xff, 0xff, 0xff, 0xff, 0xff, 0xff, 0xfc, 0x00, 0x00, 0x00, 0x00,
    0x0b, 0xff, 0x50, 0x02, 0x22, 0x22, 0x22, 0x5f, 0xff, 0x22, 0x22, 0x22, 0x22, 0x00, 0x00, 0x00,
    0x00, 0x0b, 0xff, 0x50, 0x00, 0x00, 0x00, 0x00, 0x3f, 0xff, 0x00, 0x00, 0x00, 0x00, 0x00, 0x00,
    0x00, 0x00, 0x0b, 0xff, 0x50, 0x00, 0x00, 0x00, 0x00, 0x3f, 0xff, 0x00, 0x00, 0x00, 0x00, 0x00,
    0x00, 0x00, 0x00, 0x0b, 0xff, 0x50, 0x00, 0x00, 0x00, 0x00, 0x3f, 0xff, 0x00, 0x00, 0x00, 0x00,
    0x00, 0x00, 0x00, 0x00, 0x0b, 0xff, 0x50, 0x00, 0x00, 0x00, 0x00, 0x3f, 0xff, 0x00, 0x00, 0x00,
    0x00, 0x00, 0x00, 0x00, 0x00, 0x0b, 0xff, 0x50, 0x00, 0x00, 0x00, 0x00, 0x3f, 0xff, 0x00, 0x00,
    0x00, 0x00, 0x00, 0x00, 0x00, 0x00, 0x0b, 0xff, 0x50, 0x00, 0x00, 0x00, 0x00, 0x3f, 0xff, 0x00,
    0x00, 0x00, 0x00, 0x00, 0x00, 0x00, 0x00, 0x0b, 0xff, 0x50, 0x00, 0x00, 0x00, 0x00, 0x3f, 0xff,
    0x00, 0x00, 0x00, 0x00, 0x00, 0x00, 0x00, 0x00, 0x0b, 0xff, 0x50, 0x2b, 0x20, 0x00, 0x00, 0x3f,
    0xff, 0x00, 0x00, 0x00, 0x00, 0x00, 0x00, 0x00, 0x00, 0x0b, 0xff, 0x55, 0xef, 0x70, 0x00, 0x00,
    0x3f, 0xff, 0x00, 0x00, 0x00, 0x00, 0x00, 0x00, 0x00, 0x00, 0x0b, 0xff, 0xcf, 0xff, 0xc0, 0x00,
    0x00, 0x3f, 0xff, 0x00, 0x00, 0x00, 0x00, 0x00, 0x00, 0x00, 0x00, 0x0c, 0xff, 0xff, 0xfc, 0x20,
    0x00, 0x00, 0x3f, 0xff, 0x00, 0x00, 0x00, 0x00, 0x00, 0x00, 0x00, 0x00, 0x2f, 0xff, 0xff, 0x80,
    0x00, 0x00, 0x00, 0x3f, 0xff, 0x00, 0x00, 0x00, 0x00, 0x00, 0x00, 0x00, 0x01, 0xcf, 0xff, 0xe4,
    0x00, 0x00, 0x00, 0x00, 0x3f, 0xff, 0x00, 0x00, 0x00, 0x00, 0x00, 0x00, 0x00, 0x02, 0xef, 0xfc,
    0x20, 0x00, 0x00, 0x00, 0x00, 0x3f, 0xff, 0x00, 0x00, 0x00, 0x00, 0x00, 0x00, 0x00, 0x00, 0x8f,
    0x90, 0x00, 0x00, 0x00, 0x00, 0x00, 0x3f, 0xff, 0x00, 0x00, 0x00, 0x00, 0x00, 0x00, 0x00, 0x00,
    0x17, 0x00, 0x00, 0x00, 0x00, 0x00, 0x00, 0x3f, 0xff, 0x00, 0x00, 0x00, 0x00, 0x00, 0x00, 0x00,
    0x00, 0x00, 0x00, 0x00, 0x00, 0x00, 0x00, 0x00, 0x15, 0x55, 0x00, 0x00, 0x00, 0x00, 0x00, 0x00,
    0x00, 0x00, 0x00, 0x00, 0x00, 0x00, 0x00, 0x00, 0x00, 0x00, 0x00, 0x00, 0x00, 0x00, 0x00, 0x00,
    0x00, 0x00, 0x00, 0x00, 0x00, 0x00, 0x00, 0x00, 0x00, 0x00, 0x00, 0x00, 0x00, 0x00, 0x00, 0x00,
    0x00, 0x00, 0x00, 0x00, 0x60, 0x00, 0x00, 0x00, 0x00, 0x00, 0x00, 0x00, 0x00, 0x00, 0x00, 0x00,
    0x00, 0x00, 0x00, 0x00, 0x09, 0xfb, 0x10, 0x00, 0x00, 0x00, 0x9f, 0xff, 0xff, 0xff, 0xff, 0xf3,
    0x00, 0x00, 0x00, 0x00, 0x00, 0x2e, 0xff, 0xc1, 0x00, 0x00, 0x00, 0x9f, 0xff, 0xff, 0xff, 0xff,
    0xf3, 0x00, 0x00, 0x00, 0x00, 0x00, 0x03, 0xef, 0xfd, 0x20, 0x00, 0x00, 0x9f, 0xfd, 0xcc, 0xcc,
    0xef, 0xf3, 0x00, 0x00, 0x00, 0x00, 0x00, 0x00, 0x3e, 0xff, 0xd1, 0x00, 0x00, 0x9f, 0xf3, 0x00,
    0x00, 0xbf, 0xf3, 0x00, 0x00, 0x00, 0x00, 0x00, 0x00, 0x03, 0xef, 0xf4, 0x00, 0x00, 0xaf, 0xf2,
    0x00, 0x00, 0xbf, 0xf3, 0x00, 0x00, 0x00, 0x00, 0x00, 0x00, 0x00, 0x4f, 0x60, 0x00, 0x00, 0xcf,
    0xf1, 0x00, 0x00, 0xbf, 0xf3, 0x00, 0x00, 0x00, 0x00, 0x00, 0x00, 0x00, 0x03, 0x00, 0x00, 0x03,
    0xff, 0xd0, 0x00, 0x00, 0xbf, 0xf3, 0x00, 0x00, 0x00, 0x00, 0x00, 0x00, 0x00, 0x00, 0x00, 0x00,
    0x0b, 0xff, 0x70, 0x00, 0x00, 0xbf, 0xf3, 0x00, 0x00, 0x00, 0x00, 0x00, 0x00, 0x00, 0x00, 0x00,
    0x00, 0x9f, 0xff, 0x20, 0x00, 0x00, 0x9f, 0xfb, 0x99, 0xa4, 0x00, 0x00, 0xbf, 0xff, 0xff, 0xf6,
    0x00, 0x2b, 0xff, 0xf7, 0x00, 0x00, 0x00, 0x6f, 0xff, 0xff, 0xf6, 0x00, 0x00, 0xbf, 0xff, 0xff,
    0xf6, 0x01, 0xef, 0xff, 0x90, 0x00, 0x00, 0x00, 0x08, 0xdf, 0xff, 0xf7, 0x00, 0x00, 0xae, 0xee,
    0xef, 0xf6, 0x00, 0x4f, 0xf7, 0x00, 0x00, 0x00, 0x00, 0x00, 0x00, 0x00, 0x00, 0x00, 0x00, 0x00,
    0x00, 0x8f, 0xf6, 0x00, 0x05, 0x20, 0x00, 0x00, 0x00, 0x00, 0x00, 0x00, 0x00, 0x00, 0x00, 0x00,
    0x00, 0x00, 0x8f, 0xf6, 0x00, 0x09, 0xdd, 0xdd, 0xdd, 0xdd, 0xdd, 0xdd, 0xdd, 0xc5, 0x00, 0x00,
    0x00, 0x00, 0x00, 0x8f, 0xf6, 0x00, 0x0b, 0xff, 0xff, 0xff, 0xff, 0xff, 0xff, 0xff, 0xfc, 0x00,
    0x00, 0x00, 0x00, 0x00, 0x8f, 0xf6, 0x00, 0x0b, 0xff, 0xff, 0xff, 0xff, 0xff, 0xff, 0xff, 0xf6,
    0x00, 0x00, 0x00, 0x00, 0x00, 0x8f, 0xf6, 0x00, 0x00, 0x6f, 0xf7, 0x00, 0x00, 0x00, 0x02, 0xff,
    0xf1, 0x00, 0x00, 0x00, 0x00, 0x00, 0x8f, 0xf6, 0x00, 0x00, 0x1e, 0xff, 0x20, 0x00, 0x00, 0x0b,
    0xff, 0x80, 0x00, 0x00, 0x00, 0x00, 0x00, 0x8f, 0xf6, 0x00, 0x00, 0x07, 0xff, 0xb0, 0x00, 0x00,
    0x5f, 0xfe, 0x10, 0x00, 0x00, 0x00, 0x00, 0x00, 0x8f, 0xf6, 0x00, 0x00, 0x00, 0xdf, 0xf7, 0x00,
    0x02, 0xef, 0xf7, 0x00, 0x00, 0x00, 0x00, 0x00, 0x00, 0x8f, 0xf6, 0x04, 0xb0, 0x00, 0x4f, 0xff,
    0x70, 0x2d, 0xff, 0xb0, 0x00, 0x00, 0x00, 0x00, 0x00, 0x00, 0x8f, 0xf6, 0x7f, 0xf3, 0x00, 0x06,
    0xff, 0xf8, 0xdf, 0xfe, 0x20, 0x00, 0x00, 0x00, 0x00, 0x00, 0x00, 0x8f, 0xfd, 0xff, 0xf8, 0x00,
    0x00, 0x8f, 0xff, 0xff, 0xe3, 0x00, 0x00, 0x00, 0x00, 0x00, 0x00, 0x00, 0x9f, 0xff, 0xff, 0x80,
    0x00, 0x00, 0x2e, 0xff, 0xff, 0x70, 0x00, 0x00, 0x00, 0x00, 0x00, 0x00, 0x00, 0xdf, 0xff, 0xe5,
    0x00, 0x00, 0x29, 0xff, 0xff, 0xff, 0xfc, 0x40, 0x00, 0x00, 0x00, 0x00, 0x00, 0x09, 0xff, 0xfd,
    0x30, 0x01, 0x59, 0xff, 0xff, 0xfa, 0xef, 0xff, 0xfc, 0x62, 0x00, 0x00, 0x00, 0x00, 0x0c, 0xff,
    0xb1, 0x03, 0xbf, 0xff, 0xff, 0xfa, 0x20, 0x19, 0xff, 0xff, 0xff, 0xd7, 0x00, 0x00, 0x00, 0x03,
    0xfa, 0x00, 0x01, 0xdf, 0xff, 0xfb, 0x30, 0x00, 0x00, 0x3b, 0xff, 0xff, 0xf4, 0x00, 0x00, 0x00,
    0x00, 0x60, 0x00, 0x00, 0x6f, 0xc7, 0x20, 0x00, 0x00, 0x00, 0x00, 0x27, 0xcf, 0x90, 0x00, 0x00,
    0x00, 0x00, 0x00, 0x00, 0x00, 0x12, 0x00, 0x00, 0x00, 0x00, 0x00, 0x00, 0x00, 0x02, 0x10, 0x00,
    0x00, 0x00, 0x00, 0x00, 0x00, 0x00, 0x00, 0x00, 0x00, 0x00, 0x00, 0x00, 0x00, 0x00, 0x00, 0x00,
    0x00, 0x00, 0x00, 0x00, 0x00, 0x00, 0x00, 0x00, 0x00, 0x00, 0x00, 0x00, 0x00, 0x00, 0x00, 0x00,
    0x00, 0x00, 0x00, 0x00, 0x02, 0x00, 0x00, 0x00, 0x00, 0x00, 0x00, 0x00, 0x00, 0x00, 0x00, 0x00,
    0x00, 0x00, 0x00, 0x00, 0x00, 0x3e, 0xb1, 0x00, 0x00, 0xbf, 0xff, 0xff, 0xff, 0xff, 0xff, 0xff,
    0xff, 0xff, 0xb0, 0x00, 0x00, 0x00, 0xdf, 0xfc, 0x10, 0x00, 0xbf, 0xff, 0xff, 0xff, 0xff, 0xff,
    0xff, 0xff, 0xff, 0xb0, 0x00, 0x00, 0x00, 0x3e, 0xff, 0xd2, 0x00, 0x8b, 0xbb, 0xbb, 0xdf, 0xfd,
    0xbb, 0xbb, 0xbb, 0xbb, 0x80, 0x00, 0x00, 0x00, 0x03, 0xef, 0xfd, 0x10, 0x00, 0x00, 0x00, 0x9f,
    0xf6, 0x00, 0x00, 0x00, 0x00, 0x00, 0x00, 0x00, 0x00, 0x00, 0x3e, 0xff, 0x90, 0x00, 0x00, 0x00,
    0xcf, 0xf3, 0x00, 0x00, 0x00, 0x00, 0x00, 0x00, 0x00, 0x00, 0x00, 0x04, 0xfd, 0x10, 0x00, 0x00,
    0x00, 0xff, 0xf1, 0x00, 0x00, 0x11, 0x00, 0x00, 0x00, 0x00, 0x00, 0x00, 0x00, 0x62, 0x00, 0x09,
    0xff, 0xff, 0xff, 0xff, 0xff, 0xff, 0xff, 0xa0, 0x00, 0x00, 0x00, 0x00, 0x00, 0x00, 0x00, 0x00,
    0x09, 0xff, 0xff, 0xff, 0xff, 0xff, 0xff, 0xff, 0x90, 0x00, 0x00, 0x00, 0x00, 0x00, 0x00, 0x00,
    0x00, 0x06, 0x99, 0x9d, 0xff, 0xb9, 0x99, 0x9b, 0xff, 0x70, 0x00, 0x00, 0x00, 0xbf, 0xff, 0xff,
    0xf4, 0x00, 0x00, 0x00, 0x0d, 0xff, 0x20, 0x00, 0x06, 0xff, 0x60, 0x00, 0x00, 0x00, 0xbf, 0xff,
    0xff, 0xf4, 0x00, 0x00, 0x00, 0x2f, 0xfe, 0x00, 0x00, 0x08, 0xff, 0x50, 0x00, 0x00, 0x00, 0xae,
    0xee, 0xef, 0xf4, 0x00, 0x00, 0x00, 0x5f, 0xfa, 0x00, 0x00, 0x09, 0xff, 0x30, 0x00, 0x00, 0x00,
    0x00, 0x00, 0x8f, 0xf4, 0x09, 0xbb, 0xbb, 0xdf, 0xfd, 0xbb, 0xbb, 0xbe, 0xff, 0xcb, 0xb9, 0x00,
    0x00, 0x00, 0x00, 0x8f, 0xf4, 0x0c, 0xff, 0xff, 0xff, 0xff, 0xff, 0xff, 0xff, 0xff, 0xff, 0xfc,
    0x00, 0x00, 0x00, 0x00, 0x8f, 0xf4, 0x0c, 0xff, 0xff, 0xff, 0xff, 0xff, 0xff, 0xff, 0xff, 0xff,
    0xfc, 0x00, 0x00, 0x00, 0x00, 0x8f, 0xf4, 0x00, 0x00, 0x00, 0x00, 0x00, 0x00, 0x00, 0x00, 0x00,
    0x00, 0x00, 0x00, 0x00, 0x00, 0x00, 0x8f, 0xf4, 0x00, 0x00, 0x00, 0x00, 0x00, 0x00, 0x00, 0x00,
    0x00, 0x00, 0x00, 0x00, 0x00, 0x00, 0x00, 0x8f, 0xf4, 0x00, 0x03, 0xaa, 0xaa, 0xaa, 0xaa, 0xaa,
    0xaa, 0xaa, 0xa7, 0x00, 0x00, 0x00, 0x00, 0x00, 0x8f, 0xf4, 0x00, 0x05, 0xff, 0xff, 0xff, 0xff,
    0xff, 0xff, 0xff, 0xfa, 0x00, 0x00, 0x00, 0x00, 0x00, 0x8f, 0xf4, 0x00, 0x05, 0xff, 0xff, 0xff,
    0xff, 0xff, 0xff, 0xff, 0xfa, 0x00, 0x00, 0x00, 0x00, 0x00, 0x8f, 0xf4, 0x00, 0x25, 0xff, 0x90,
    0x00, 0x00, 0x00, 0x00, 0x5f, 0xfa, 0x00, 0x00, 0x00, 0x00, 0x00, 0x8f, 0xf4, 0x07, 0xe5, 0xff,
    0x90, 0x00, 0x00, 0x00, 0x00, 0x5f, 0xfa, 0x00, 0x00, 0x00, 0x00, 0x00, 0x8f, 0xf7, 0xcf, 0xf9,
    0xff, 0x90, 0x00, 0x00, 0x00, 0x00, 0x5f, 0xfa, 0x00, 0x00, 0x00, 0x00, 0x00, 0x9f, 0xff, 0xff,
    0xe9, 0xff, 0x90, 0x00, 0x00, 0x00, 0x00, 0x5f, 0xfa, 0x00, 0x00, 0x00, 0x00, 0x00, 0xdf, 0xff,
    0xfb, 0x25, 0xff, 0x90, 0x00, 0x00, 0x00, 0x00, 0x5f, 0xfa, 0x00, 0x00, 0x00, 0x00, 0x08, 0xff,
    0xff, 0x80, 0x05, 0xff, 0xd9, 0x99, 0x99, 0x99, 0x99, 0xbf, 0xfa, 0x00, 0x00, 0x00, 0x00, 0x06,
    0xff, 0xd4, 0x00, 0x05, 0xff, 0xff, 0xff, 0xff, 0xff, 0xff, 0xff, 0xfa, 0x00, 0x00, 0x00, 0x00,
    0x00, 0xcb, 0x10, 0x00, 0x05, 0xff, 0xff, 0xff, 0xff, 0xff, 0xff, 0xff, 0xfa, 0x00, 0x00, 0x00,
    0x00, 0x00, 0x30, 0x00, 0x00, 0x05, 0xff, 0x90, 0x00, 0x00, 0x00, 0x00, 0x5f, 0xfa, 0x00, 0x00,
    0x00, 0x00, 0x00, 0x00, 0x00, 0x00, 0x01, 0x44, 0x20, 0x00, 0x00, 0x00, 0x00, 0x13, 0x32, 0x00,
    0x00, 0x00, 0x00, 0x00, 0x00, 0x00, 0x00, 0x00, 0x00, 0x00, 0x00, 0x00, 0x00, 0x00, 0x00, 0x00,
    0x00, 0x00, 0x00, 0x00, 0x00, 0x00, 0x00, 0x00, 0x00, 0x00, 0x00, 0x00, 0x00, 0x00, 0x00, 0x00,
    0x00, 0x00, 0x00, 0x00, 0x00, 0x00, 0x00, 0x00, 0x00, 0x00, 0x00, 0x00, 0x00, 0x35, 0x52, 0x00,
    0x00, 0x00, 0x00, 0x00, 0x00, 0x00, 0x05, 0x40, 0x00, 0x00, 0x00, 0x00, 0x00, 0x00, 0x9f, 0xf5,
    0x00, 0x00, 0x00, 0x00, 0x00, 0x00, 0x00, 0x5f, 0xf6, 0x00, 0x00, 0x00, 0x00, 0x00, 0x00, 0x9f,
    0xf5, 0x00, 0x00, 0x00, 0x00, 0x00, 0x00, 0x00, 0x8f, 0xff, 0x80, 0x00, 0x0d, 0xff, 0xff, 0xff,
    0xff, 0xff, 0xff, 0xff, 0xff, 0xd0, 0x00, 0x00, 0x00, 0x08, 0xff, 0xf8, 0x00, 0x0d, 0xff, 0xff,
    0xff, 0xff, 0xff, 0xff, 0xff, 0xff, 0xd0, 0x00, 0x00, 0x00, 0x00, 0x7f, 0xff, 0x70, 0x03, 0x33,
    0x33, 0x33, 0xbf, 0xf7, 0x33, 0x33, 0x33, 0x30, 0x00, 0x00, 0x00, 0x00, 0x08, 0xff, 0x80, 0x00,
    0x00, 0x00, 0x00, 0x9f, 0xf5, 0x00, 0x00, 0x00, 0x00, 0x00, 0x00, 0x00, 0x00, 0x00, 0xa9, 0x00,
    0x00, 0xff, 0xff, 0xff, 0xff, 0xff, 0xff, 0xff, 0xfd, 0x00, 0x00, 0x00, 0x00, 0x00, 0x00, 0x00,
    0x00, 0x00, 0xff, 0xff, 0xff, 0xff, 0xff, 0xff, 0xff, 0xfd, 0x00, 0x00, 0x00, 0x00, 0x00, 0x00,
    0x00, 0x00, 0x00, 0x22, 0x22, 0x22, 0xaf, 0xf7, 0x22, 0x22, 0x22, 0x00, 0x00, 0x00, 0x00, 0x00,
    0x00, 0x00, 0x00, 0x00, 0x00, 0x00, 0x00, 0x9f, 0xf5, 0x00, 0x00, 0x00, 0x00, 0x00, 0x00, 0xcf,
    0xff, 0xff, 0xf8, 0x00, 0xdf, 0xff, 0xff, 0xff, 0xff, 0xff, 0xff, 0xff, 0xff, 0xfc, 0x00, 0x00,
    0xcf, 0xff, 0xff, 0xf8, 0x00, 0xdf, 0xff, 0xff, 0xff, 0xff, 0xff, 0xff, 0xff, 0xff, 0xfc, 0x00,
    0x00, 0xbe, 0xee, 0xef, 0xf8, 0x00, 0x34, 0x44, 0x44, 0x44, 0x44, 0x44, 0x44, 0x44, 0x44, 0x43,
    0x00, 0x00, 0x00, 0x00, 0x6f, 0xf8, 0x00, 0x00, 0x00, 0x00, 0x00, 0x00, 0x00, 0x00, 0x00, 0x00,
    0x00, 0x00, 0x00, 0x00, 0x00, 0x6f, 0xf8, 0x00, 0x00, 0x9f, 0xff, 0xff, 0xff, 0xff, 0xff, 0xff,
    0xf6, 0x00, 0x00, 0x00, 0x00, 0x00, 0x6f, 0xf8, 0x00, 0x00, 0x9f, 0xff, 0xff, 0xff, 0xff, 0xff,
    0xff, 0xf6, 0x00, 0x00, 0x00, 0x00, 0x00, 0x6f, 0xf8, 0x00, 0x00, 0x9f, 0xf7, 0x44, 0x44, 0x44,
    0x44, 0x9f, 0xf6, 0x00, 0x00, 0x00, 0x00, 0x00, 0x6f, 0xf8, 0x00, 0x00, 0x9f, 0xf4, 0x00, 0x00,
    0x00, 0x00, 0x7f, 0xf6, 0x00, 0x00, 0x00, 0x00, 0x00, 0x6f, 0xf8, 0x00, 0x00, 0x9f, 0xf4, 0x00,
    0x00, 0x00, 0x00, 0x7f, 0xf6, 0x00, 0x00, 0x00, 0x00, 0x00, 0x6f, 0xf8, 0x00, 0x00, 0x9f, 0xff,
    0xff, 0xff, 0xff, 0xff, 0xff, 0xf6, 0x00, 0x00, 0x00, 0x00, 0x00, 0x6f, 0xf8, 0x00, 0x00, 0x9f,
    0xff, 0xff, 0xff, 0xff, 0xff, 0xff, 0xf6, 0x00, 0x00, 0x00, 0x00, 0x00, 0x6f, 0xf8, 0x01, 0x50,
    0x9f, 0xf4, 0x00, 0x00, 0x00, 0x00, 0x7f, 0xf6, 0x00, 0x00, 0x00, 0x00, 0x00, 0x6f, 0xf8, 0x4d,
    0xf1, 0x9f, 0xf4, 0x00, 0x00, 0x00, 0x00, 0x7f, 0xf6, 0x00, 0x00, 0x00, 0x00, 0x00, 0x6f, 0xfd,
    0xff, 0xf6, 0x9f, 0xff, 0xff, 0xff, 0xff, 0xff, 0xff, 0xf6, 0x00, 0x00, 0x00, 0x00, 0x00, 0x7f,
    0xff, 0xff, 0x90, 0x9f, 0xff, 0xff, 0xff, 0xff, 0xff, 0xff, 0xf6, 0x00, 0x00, 0x00, 0x00, 0x00,
    0xbf, 0xff, 0xf6, 0x00, 0x9f, 0xf5, 0x22, 0x22, 0x22, 0x22, 0x8f, 0xf6, 0x00, 0x00, 0x00, 0x00,
    0x06, 0xff, 0xfe, 0x40, 0x00, 0x9f, 0xf4, 0x00, 0x00, 0x00, 0x00, 0x7f, 0xf6, 0x00, 0x00, 0x00,
    0x00, 0x0a, 0xff, 0xd2, 0x00, 0x00, 0x9f, 0xf4, 0x00, 0x00, 0x49, 0x88, 0xcf, 0xf5, 0x00, 0x00,
    0x00, 0x00, 0x01, 0xec, 0x10, 0x00, 0x00, 0x9f, 0xf4, 0x00, 0x00, 0x2f, 0xff, 0xff, 0xf2, 0x00,
    0x00, 0x00, 0x00, 0x00, 0x61, 0x00, 0x00, 0x00, 0x9f, 0xf4, 0x00, 0x00, 0x0c, 0xff, 0xda, 0x40,
    0x00, 0x00, 0x00, 0x00, 0x00, 0x00, 0x00, 0x00, 0x00, 0x11, 0x10, 0x00, 0x00, 0x00, 0x00, 0x00,
    0x00, 0x00, 0x00, 0x00, 0x00, 0x00, 0x00, 0x00, 0x00, 0x00, 0x00, 0x00, 0x00, 0x00, 0x00, 0x00,
    0x00, 0x00, 0x00, 0x00, 0x00, 0x00, 0x00, 0x00, 0x00, 0x00, 0x00, 0x00, 0x00, 0x00, 0x00, 0x00,
    0x00, 0x00, 0x00, 0x00, 0x00, 0x00, 0x00, 0x00, 0x00, 0x00, 0x00, 0x00, 0x00, 0x00, 0x00, 0x6c,
    0x93, 0x00, 0x00, 0x00, 0x00, 0x00, 0x00, 0x03, 0xbb, 0xbb, 0xbb, 0xbb, 0xbb, 0xb6, 0x00, 0x00,
    0x9f, 0xf3, 0x00, 0x00, 0x00, 0x00, 0x00, 0x00, 0x05, 0xff, 0xff, 0xff, 0xff, 0xff, 0xf8, 0x00,
    0x00, 0xdf, 0xe0, 0x00, 0x00, 0x00, 0x00, 0x00, 0x00, 0x05, 0xff, 0xff, 0xff, 0xff, 0xff, 0xf8,
    0x00, 0x02, 0xff, 0xa0, 0x00, 0x00, 0x00, 0x00, 0x00, 0x00, 0x05, 0xff, 0x20, 0x00, 0x00, 0x0f,
    0xf8, 0x00, 0x06, 0xff, 0x60, 0x00, 0x00, 0x00, 0x00, 0x00, 0x00, 0x05, 0xff, 0x20, 0x23, 0x30,
    0x0f, 0xf8, 0x00, 0x0b, 0xff, 0xcb, 0xbb, 0xbb, 0xbb, 0xb4, 0x00, 0x00, 0x05, 0xff, 0x20, 0xbf,
    0xe0, 0x0f, 0xf8, 0x00, 0x1f, 0xff, 0xff, 0xff, 0xff, 0xff, 0xf6, 0x00, 0x00, 0x05, 0xff, 0x20,
    0xbf, 0xe0, 0x0f, 0xf8, 0x00, 0x6f, 0xff, 0xff, 0xff, 0xff, 0xff, 0xf6, 0x00, 0x00, 0x05, 0xff,
    0x20, 0xbf, 0xe0, 0x0f, 0xf8, 0x00, 0xdf, 0xf1, 0x00, 0x00, 0x5f, 0xf4, 0x00, 0x00, 0x00, 0x05,
    0xff, 0x20, 0xbf, 0xe0, 0x0f, 0xf8, 0x04, 0xff, 0xa0, 0x00, 0x00, 0x7f, 0xf2, 0x00, 0x00, 0x00,
    0x05, 0xff, 0x20, 0xbf, 0xe0, 0x0f, 0xf8, 0x0b, 0xff, 0x50, 0x00, 0x00, 0x9f, 0xf0, 0x00, 0x00,
    0x00, 0x05, 0xff, 0x20, 0xbf, 0xe0, 0x0f, 0xf8, 0x5f, 0xff, 0x80, 0x00, 0x00, 0xbf, 0xc0, 0x00,
    0x00, 0x00, 0x05, 0xff, 0x20, 0xbf, 0xe0, 0x0f, 0xf9, 0xef, 0xff, 0xd0, 0x00, 0x00, 0xef, 0xa0,
    0x00, 0x00, 0x00, 0x05, 0xff, 0x20, 0xbf, 0xe0, 0x0f, 0xf9, 0xdf, 0xff, 0xf3, 0x00, 0x02, 0xff,
    0x70, 0x00, 0x00, 0x00, 0x05, 0xff, 0x20, 0xbf, 0xe0, 0x0f, 0xf8, 0x3f, 0x7f, 0xf7, 0x00, 0x06,
    0xff, 0x30, 0x00, 0x00, 0x00, 0x05, 0xff, 0x20, 0xcf, 0xd0, 0x0f, 0xf8, 0x04, 0x0c, 0xfd, 0x00,
    0x0a, 0xff, 0x00, 0x00, 0x00, 0x00, 0x05, 0xff, 0x20, 0xcf, 0xc0, 0x0f, 0xf8, 0x00, 0x06, 0xff,
    0x50, 0x0e, 0xfb, 0x00, 0x00, 0x00, 0x00, 0x05, 0xff, 0x20, 0xdf, 0xb0, 0x0f, 0xf8, 0x00, 0x01,
    0xff, 0xc0, 0x4f, 0xf6, 0x00, 0x00, 0x00, 0x00, 0x05, 0xff, 0x20, 0xef, 0xa0, 0x0f, 0xf8, 0x00,
    0x00, 0xaf, 0xf4, 0xaf, 0xf1, 0x00, 0x00, 0x00, 0x00, 0x05, 0xff, 0x23, 0xff, 0x80, 0x0f, 0xf8,
    0x00, 0x00, 0x3f, 0xfc, 0xff, 0xb0, 0x00, 0x00, 0x00, 0x00, 0x05, 0xff, 0x26, 0xff, 0x40, 0x0f,
    0xf8, 0x00, 0x00, 0x0a, 0xff, 0xff, 0x50, 0x00, 0x00, 0x00, 0x00, 0x02, 0x55, 0x19, 0xff, 0x10,
    0x03, 0x32, 0x00, 0x00, 0x02, 0xff, 0xfd, 0x00, 0x00, 0x00, 0x00, 0x00, 0x00, 0x00, 0x0e, 0xfc,
    0x06, 0x90, 0x00, 0x00, 0x00, 0x00, 0xcf, 0xfc, 0x00, 0x00, 0x00, 0x00, 0x00, 0x00, 0x00, 0x6f,
    0xf7, 0x8f, 0xf5, 0x00, 0x00, 0x00, 0x08, 0xff, 0xff, 0xa0, 0x00, 0x00, 0x00, 0x00, 0x00, 0x01,
    0xef, 0xe1, 0x2e, 0xfe, 0x20, 0x00, 0x00, 0x6f, 0xff, 0xff, 0xf9, 0x00, 0x00, 0x00, 0x00, 0x00,
    0x0a, 0xff, 0x70, 0x06, 0xff, 0xb0, 0x00, 0x05, 0xff, 0xf6, 0x6f, 0xff, 0x80, 0x00, 0x00, 0x00,
    0x00, 0x9f, 0xfd, 0x00, 0x00, 0xbf, 0xf6, 0x00, 0x8f, 0xff, 0x80, 0x07, 0xff, 0xfc, 0x20, 0x00,
    0x00, 0x2b, 0xff, 0xe2, 0x00, 0x00, 0x2f, 0xfe, 0x4c, 0xff, 0xfa, 0x00, 0x00, 0x8f, 0xff, 0xf7,
    0x00, 0x00, 0x8f, 0xfe, 0x30, 0x00, 0x00, 0x08, 0xf7, 0x4e, 0xff, 0x80, 0x00, 0x00, 0x05, 0xef,
    0xf6, 0x00, 0x00, 0x0a, 0xc2, 0x00, 0x00, 0x00, 0x01, 0x30, 0x06, 0xd4, 0x00, 0x00, 0x00, 0x00,
    0x2c, 0x90, 0x00, 0x00, 0x01, 0x10, 0x00, 0x00, 0x00, 0x00, 0x00, 0x00, 0x10, 0x00, 0x00, 0x00,
    0x00, 0x00, 0x10, 0x00, 0x00, 0x00, 0x00, 0x00, 0x00, 0x00, 0x00, 0x00, 0x00, 0x00, 0x00, 0x00,
    0x00, 0x00, 0x00, 0x00, 0x00, 0x00, 0x00, 0x00, 0x00, 0x00, 0x00, 0x00, 0x00, 0x00, 0x00, 0x00,
    0x00, 0x00, 0x00, 0x00, 0x00, 0x00, 0x00, 0x00, 0x00, 0x00, 0x00, 0x00, 0x00, 0x00, 0x27, 0x10,
    0x00, 0x00, 0x00, 0x00, 0x00, 0x00, 0x00, 0x00, 0x00, 0x00, 0x00, 0x00, 0x00, 0x00, 0x0b, 0xff,
    0x80, 0x00, 0x00, 0x00, 0x00, 0x00, 0x00, 0x00, 0x00, 0x00, 0x00, 0x00, 0x00, 0x00, 0x00, 0x06,
    0xff, 0xe1, 0x00, 0x00, 0x00, 0x00, 0x00, 0x00, 0x00, 0x00, 0x0c, 0xff, 0xff, 0xff, 0xff, 0xff,
    0xff, 0xff, 0xff, 0xff, 0xff, 0xff, 0xff, 0xff, 0xe0, 0x00, 0x00, 0x0c, 0xff, 0xff, 0xff, 0xff,
    0xff, 0xff, 0xff, 0xff, 0xff, 0xff, 0xff, 0xff, 0xff, 0xe0, 0x00, 0x00, 0x0c, 0xff, 0x55, 0x55,
    0x57, 0x76, 0x55, 0x55, 0x55, 0x67, 0x75, 0x55, 0x55, 0xff, 0xe0, 0x00, 0x00, 0x0c, 0xfe, 0x00,
    0x00, 0x2f, 0xfa, 0x00, 0x00, 0x00, 0xaf, 0xf3, 0x00, 0x00, 0xff, 0xe0, 0x00, 0x00, 0x0c, 0xfe,
    0x9b, 0xbb, 0xcf, 0xfe, 0xbb, 0xbb, 0xbb, 0xef, 0xfc, 0xbb, 0xb9, 0xff, 0xe0, 0x00, 0x00, 0x00,
    0x00, 0xcf, 0xff, 0xff, 0xff, 0xff, 0xff, 0xff, 0xff, 0xff, 0xff, 0xfc, 0x00, 0x00, 0x00, 0x00,
    0x00, 0x00, 0x00, 0x00, 0x2f, 0xfa, 0x00, 0x00, 0x00, 0xaf, 0xf3, 0x00, 0x00, 0x00, 0x00, 0x00,
    0x00, 0x00, 0x00, 0x00, 0x00, 0x2f, 0xfa, 0x00, 0x00, 0x00, 0xaf, 0xf3, 0x00, 0x00, 0x00, 0x00,
    0x00, 0x00, 0x00, 0x00, 0x5f, 0xff, 0xff, 0xff, 0xff, 0xff, 0xff, 0xff, 0xff, 0xff, 0xf7, 0x00,
    0x00, 0x00, 0x00, 0x00, 0x00, 0x3a, 0xaa, 0xbf, 0xfd, 0xaa, 0xaa, 0xaa, 0xdf, 0xfb, 0xaa, 0xa5,
    0x00, 0x00, 0x00, 0x00, 0x00, 0x00, 0x00, 0x00, 0x2f, 0xfa, 0x00, 0x00, 0x00, 0xaf, 0xf3, 0x00,
    0x00, 0x00, 0x00, 0x00, 0x00, 0x2f, 0xff, 0xff, 0xff, 0xff, 0xff, 0xff, 0xff, 0xff, 0xff, 0xff,
    0xff, 0xff, 0xff, 0xf3, 0x00, 0x00, 0x2f, 0xff, 0xff, 0xff, 0xff, 0xff, 0xff, 0xff, 0xff, 0xff,
    0xff, 0xff, 0xff, 0xff, 0xf3, 0x00, 0x00, 0x03, 0x33, 0x33, 0x6e, 0xff, 0xa3, 0x33, 0x33, 0x33,
    0x35, 0xff, 0xf9, 0x33, 0x33, 0x31, 0x00, 0x00, 0x00, 0x00, 0x18, 0xff, 0xfb, 0x00, 0x00, 0x00,
    0x00, 0x00, 0x5f, 0xff, 0xb2, 0x00, 0x00, 0x00, 0x00, 0x00, 0x16, 0xdf, 0xff, 0xe5, 0x44, 0x44,
    0x44, 0x44, 0x44, 0x4a, 0xff, 0xfe, 0x71, 0x00, 0x00, 0x00, 0x39, 0xef, 0xff, 0xff, 0xff, 0xff,
    0xff, 0xff, 0xff, 0xff, 0xff, 0xff, 0xff, 0xfe, 0x94, 0x00, 0x00, 0x9f, 0xff, 0xfd, 0xff, 0xff,
    0xff, 0xff, 0xff, 0xff, 0xff, 0xff, 0xff, 0xde, 0xff, 0xf8, 0x00, 0x00, 0x0c, 0xfc, 0x52, 0xff,
    0x90, 0x00, 0x02, 0x77, 0x50, 0x00, 0x06, 0xff, 0x71, 0x7e, 0xb0, 0x00, 0x00, 0x02, 0x20, 0x02,
    0xff, 0x90, 0x00, 0x07, 0xff, 0x80, 0x00, 0x06, 0xff, 0x70, 0x00, 0x10, 0x00, 0x00, 0x00, 0x00,
    0x02, 0xff, 0x90, 0x00, 0x0c, 0xff, 0x40, 0x00, 0x06, 0xff, 0x70, 0x00, 0x00, 0x00, 0x00, 0x00,
    0x00, 0x02, 0xff, 0x90, 0x00, 0x5f, 0xfd, 0x01, 0x00, 0x06, 0xff, 0x70, 0x00, 0x00, 0x00, 0x00,
    0x00, 0x00, 0x02, 0xff, 0x90, 0x03, 0xef, 0xf5, 0x6f, 0xb7, 0x36, 0xff, 0x70, 0x00, 0x00, 0x00,
    0x00, 0x00, 0x00, 0x01, 0x77, 0x41, 0x7f, 0xff, 0xa2, 0xff, 0xff, 0xff, 0xc7, 0x20, 0x00, 0x00,
    0x00, 0x00, 0x00, 0x00, 0x00, 0x15, 0x9e, 0xff, 0xfa, 0x00, 0x27, 0xbf, 0xff, 0xff, 0xd8, 0x30,
    0x00, 0x00, 0x00, 0x15, 0x78, 0xbd, 0xff, 0xff, 0xfd, 0x60, 0x00, 0x00, 0x01, 0x6b, 0xff, 0xff,
    0xfc, 0x61, 0x00, 0x00, 0x0c, 0xff, 0xff, 0xff, 0xfb, 0x60, 0x00, 0x00, 0x00, 0x00, 0x00, 0x28,
    0xdf, 0xff, 0xd1, 0x00, 0x00, 0x04, 0xff, 0xda, 0x74, 0x10, 0x00, 0x00, 0x00, 0x00, 0x00, 0x00,
    0x00, 0x04, 0xbf, 0x40, 0x00, 0x00, 0x00, 0x20, 0x00, 0x00, 0x00, 0x00, 0x00, 0x00, 0x00, 0x00,
    0x00, 0x00, 0x00, 0x01, 0x00, 0x00, 0x00, 0x00, 0x00, 0x00, 0x00, 0x00, 0x00, 0x00, 0x00, 0x00,
    0x00, 0x00, 0x00, 0x00, 0x00, 0x00, 0x00, 0x00, 0x00, 0x00, 0x00, 0x00, 0x00, 0x00, 0x00, 0x00,
    0x00, 0x00, 0x00, 0x00, 0x00, 0x00, 0x00, 0x00, 0x00, 0x00, 0x00, 0x00, 0x45, 0x40, 0x00, 0x00,
    0x00, 0x00, 0x00, 0x00, 0x00, 0x00, 0x00, 0x00, 0x00, 0x00, 0x00, 0x00, 0x00, 0xdf, 0xe0, 0x00,
    0x00, 0x00, 0x00, 0x00, 0x00, 0x00, 0x00, 0x00, 0x00, 0x00, 0x00, 0x00, 0x00, 0x00, 0xdf, 0xe0,
    0x00, 0x00, 0x3f, 0xff, 0xff, 0xff, 0xff, 0xff, 0xff, 0xd0, 0x00, 0x00, 0x00, 0x00, 0x00, 0xdf,
    0xe0, 0x00, 0x00, 0x3f, 0xff, 0xff, 0xff, 0xff, 0xff, 0xff, 0xc0, 0x00, 0x00, 0x07, 0xaa, 0xaa,
    0xef, 0xfa, 0xaa, 0xa8, 0x28, 0x88, 0xaf, 0xfd, 0x88, 0x89, 0xff, 0xc0, 0x00, 0x00, 0x0b, 0xff,
    0xff, 0xff, 0xff, 0xff, 0xfc, 0x00, 0x00, 0x7f, 0xf7, 0x00, 0x02, 0xff, 0xb0, 0x00, 0x00, 0x0b,
    0xff, 0xff, 0xff, 0xff, 0xff, 0xfc, 0x00, 0x00, 0xaf, 0xf3, 0x00, 0x03, 0xff, 0xa0, 0x00, 0x00,
    0x00, 0x00, 0x00, 0xdf, 0xe0, 0x00, 0x00, 0x00, 0x01, 0xef, 0xf0, 0x00, 0x05, 0xff, 0x90, 0x00,
    0x00, 0x00, 0x00, 0x00, 0xdf, 0xe0, 0x00, 0x00, 0x00, 0x07, 0xff, 0xa0, 0x00, 0x06, 0xff, 0x70,
    0x00, 0x00, 0x00, 0x00, 0x00, 0xdf, 0xe0, 0x00, 0x00, 0x00, 0x3e, 0xff, 0x30, 0x00, 0x09, 0xff,
    0x50, 0x00, 0x00, 0x00, 0x00, 0x00, 0xdf, 0xe0, 0x00, 0x00, 0x02, 0xdf, 0xfb, 0x05, 0x77, 0x7e,
    0xff, 0x20, 0x00, 0x00, 0x7f, 0xff, 0xff, 0xff, 0xff, 0xff, 0xff, 0xae, 0xff, 0xe1, 0x04, 0xff,
    0xff, 0xfc, 0x00, 0x00, 0x00, 0x7f, 0xff, 0xff, 0xff, 0xff, 0xff, 0xff, 0xff, 0xfe, 0x40, 0x01,
    0xff, 0xfe, 0xb2, 0x00, 0x00, 0x00, 0x5b, 0xbb, 0xbb, 0xcf, 0xfc, 0xbb, 0xbb, 0x8e, 0xd3, 0x00,
    0x00, 0x01, 0x10, 0x00, 0x00, 0x00, 0x00, 0x00, 0x00, 0x00, 0x5f, 0xf5, 0x00, 0x00, 0x02, 0x10,
    0x00, 0x00, 0x00, 0x00, 0x00, 0x00, 0x00, 0x00, 0x00, 0x20, 0x00, 0x5f, 0xf5, 0x00, 0x00, 0x05,
    0xff, 0xff, 0xff, 0xff, 0xff, 0xff, 0x20, 0x00, 0x00, 0x03, 0xff, 0x70, 0x5f, 0xf5, 0x00, 0x00,
    0x05, 0xff, 0xff, 0xff, 0xff, 0xff, 0xff, 0x20, 0x00, 0x00, 0x03, 0xff, 0x70, 0x5f, 0xf5, 0x00,
    0x00, 0x05, 0xff, 0xb7, 0x77, 0x77, 0x7e, 0xff, 0x20, 0x00, 0x00, 0x04, 0xff, 0x60, 0x5f, 0xff,
    0xff, 0xff, 0x15, 0xff, 0x80, 0x00, 0x00, 0x0d, 0xff, 0x20, 0x00, 0x00, 0x04, 0xff, 0x50, 0x5f,
    0xff, 0xff, 0xff, 0x15, 0xff, 0x80, 0x00, 0x00, 0x0d, 0xff, 0x20, 0x00, 0x00, 0x05, 0xff, 0x60,
    0x5f, 0xfc, 0xaa, 0xaa, 0x15, 0xff, 0x80, 0x00, 0x00, 0x0d, 0xff, 0x20, 0x00, 0x00, 0x06, 0xff,
    0xb0, 0x5f, 0xf5, 0x00, 0x00, 0x05, 0xff, 0x80, 0x00, 0x00, 0x0d, 0xff, 0x20, 0x00, 0x00, 0x08,
    0xff, 0xf2, 0x5f, 0xf5, 0x00, 0x00, 0x05, 0xff, 0xc7, 0x77, 0x77, 0x7e, 0xff, 0x20, 0x00, 0x00,
    0x09, 0xff, 0xfb, 0x5f, 0xf5, 0x00, 0x00, 0x05, 0xff, 0xff, 0xff, 0xff, 0xff, 0xff, 0x20, 0x00,
    0x00, 0x0c, 0xff, 0xff, 0xcf, 0xf5, 0x00, 0x00, 0x05, 0xff, 0xff, 0xff, 0xff, 0xff, 0xff, 0x20,
    0x00, 0x00, 0x0e, 0xfd, 0xef, 0xff, 0xf5, 0x00, 0x00, 0x00, 0x00, 0x00, 0x00, 0x00, 0x00, 0x00,
    0x00, 0x00, 0x00, 0x2f, 0xf9, 0x4f, 0xff, 0xfc, 0x74, 0x10, 0x00, 0x00, 0x00, 0x00, 0x00, 0x00,
    0x00, 0x00, 0x00, 0x00, 0x7f, 0xf5, 0x04, 0xdf, 0xff, 0xff, 0xff, 0xfe, 0xee, 0xee, 0xee, 0xee,
    0xee, 0xee, 0xed, 0x00, 0x00, 0xdf, 0xf1, 0x00, 0x07, 0xef, 0xff, 0xff, 0xff, 0xff, 0xff, 0xff,
    0xff, 0xff, 0xff, 0xf7, 0x00, 0x02, 0xdf, 0xb0, 0x00, 0x00, 0x04, 0x7a, 0xcd, 0xee, 0xff, 0xff,
    0xff, 0xff, 0xff, 0xff, 0xf2, 0x00, 0x00, 0x09, 0x50, 0x00, 0x00, 0x00, 0x00, 0x00, 0x00, 0x00,
    0x00, 0x00, 0x00, 0x00, 0x00, 0x00, 0x00, 0x00, 0x00, 0x00, 0x00, 0x00, 0x00, 0x00, 0x00, 0x00,
    0x00, 0x00, 0x00, 0x00, 0x00, 0x00, 0x00, 0x00, 0x00, 0x00, 0x00, 0x00, 0x00, 0x00, 0x00, 0x00,
    0x00, 0x00, 0x00, 0x00, 0x00, 0x00, 0x00, 0x00, 0x00, 0x00, 0x00, 0x00, 0x00, 0x00, 0x00, 0x00,
    0x00, 0x00, 0x00, 0x00, 0x00, 0x00, 0x00, 0x00, 0x00, 0x00, 0x00, 0x00, 0x00, 0x42, 0x00, 0x00,
    0x00, 0x00, 0x00, 0x00, 0x01, 0x50, 0x00, 0x00, 0x00, 0x00, 0x00, 0x00, 0x00, 0x02, 0xff, 0xa0,
    0x00, 0x00, 0x00, 0x00, 0x00, 0x0c, 0xfd, 0x30, 0x00, 0x00, 0x00, 0x00, 0x00, 0x00, 0x04, 0xff,
    0x80, 0x00, 0x00, 0x00, 0x00, 0x00, 0x9f, 0xfe, 0x10, 0x00, 0x00, 0x00, 0x00, 0x00, 0x00, 0x06,
    0xff, 0x50, 0x00, 0x00, 0x00, 0x00, 0x09, 0xff, 0xff, 0xb1, 0x00, 0x00, 0x00, 0x00, 0x00, 0x7b,
    0xbd, 0xff, 0xcb, 0xbb, 0x80, 0x00, 0x01, 0xbf, 0xfe, 0xaf, 0xfc, 0x20, 0x00, 0x00, 0x00, 0x00,
    0xaf, 0xff, 0xff, 0xff, 0xff, 0xb0, 0x00, 0x3c, 0xff, 0xd2, 0x09, 0xff, 0xe5, 0x00, 0x00, 0x00,
    0x00, 0xaf, 0xff, 0xff, 0xff, 0xff, 0xb0, 0x07, 0xff, 0xfd, 0x20, 0x00, 0x7f, 0xff, 0xb3, 0x00,
    0x00, 0x00, 0x00, 0x2f, 0xf7, 0x00, 0x00, 0x03, 0xcf, 0xff, 0xc1, 0x00, 0x00, 0x06, 0xff, 0xff,
    0xa2, 0x00, 0x00, 0x00, 0x5f, 0xf3, 0x00, 0x00, 0x9f, 0xff, 0xff, 0x76, 0x66, 0x66, 0x66, 0xbf,
    0xff, 0xfe, 0x10, 0x00, 0x00, 0x8f, 0xe1, 0x44, 0x10, 0x4f, 0xfe, 0xff, 0xff, 0xff, 0xff, 0xff,
    0xff, 0xdf, 0xf5, 0x00, 0x00, 0x00, 0xbf, 0xb3, 0xff, 0x60, 0x06, 0x91, 0xff, 0xff, 0xff, 0xff,
    0xff, 0xff, 0x53, 0x70, 0x00, 0x00, 0x00, 0xef, 0x73, 0xff, 0x60, 0x00, 0x00, 0x00, 0x00, 0x00,
    0x00, 0x00, 0x00, 0x00, 0x00, 0x00, 0x00, 0x04, 0xff, 0x33, 0xff, 0x60, 0x00, 0x00, 0x00, 0x00,
    0x00, 0x00, 0x00, 0x00, 0x36, 0x40, 0x00, 0x00, 0x08, 0xfd, 0x03, 0xff, 0x60, 0x00, 0xdf, 0xff,
    0xff, 0xff, 0xc0, 0x00, 0x00, 0x9f, 0xc0, 0x00, 0x00, 0x0d, 0xf9, 0x03, 0xff, 0x60, 0x00, 0xdf,
    0xff, 0xff, 0xff, 0xc0, 0xaf, 0x90, 0x9f, 0xc0, 0x00, 0x00, 0x6f, 0xff, 0xff, 0xff, 0xff, 0xa0,
    0xdf, 0xb5, 0x55, 0xbf, 0xc0, 0xaf, 0x90, 0x9f, 0xc0, 0x00, 0x00, 0x7f, 0xff, 0xff, 0xff, 0xff,
    0xa0, 0xdf, 0x80, 0x00, 0x9f, 0xc0, 0xaf, 0x90, 0x9f, 0xc0, 0x00, 0x00, 0x1f, 0xcb, 0xbc, 0xff,
    0xdb, 0x70, 0xdf, 0xa3, 0x33, 0xbf, 0xc0, 0xaf, 0x90, 0x9f, 0xc0, 0x00, 0x00, 0x01, 0x00, 0x03,
    0xff, 0x60, 0x00, 0xdf, 0xff, 0xff, 0xff, 0xc0, 0xaf, 0x90, 0x9f, 0xc0, 0x00, 0x00, 0x00, 0x00,
    0x03, 0xff, 0x60, 0x00, 0xdf, 0xff, 0xff, 0xff, 0xc0, 0xaf, 0x90, 0x9f, 0xc0, 0x00, 0x00, 0x00,
    0x00, 0x03, 0xff, 0x61, 0x20, 0xdf, 0x80, 0x00, 0x9f, 0xc0, 0xaf, 0x90, 0x9f, 0xc0, 0x00, 0x00,
    0x00, 0x00, 0x05, 0xff, 0xdf, 0xb0, 0xdf, 0x80, 0x00, 0x9f, 0xc0, 0xaf, 0x90, 0x9f, 0xc0, 0x00,
    0x00, 0x25, 0x8b, 0xef, 0xff, 0xff, 0xc0, 0xdf, 0xff, 0xff, 0xff, 0xc0, 0xaf, 0x90, 0x9f, 0xc0,
    0x00, 0x00, 0xaf, 0xff, 0xff, 0xff, 0xea, 0x50, 0xdf, 0xff, 0xff, 0xff, 0xc0, 0xaf, 0x90, 0x9f,
    0xc0, 0x00, 0x00, 0x7f, 0xff, 0xec, 0xff, 0x60, 0x00, 0xdf, 0xa4, 0x44, 0xbf, 0xc0, 0xaf, 0x90,
    0x9f, 0xc0, 0x00, 0x00, 0x39, 0x62, 0x03, 0xff, 0x60, 0x00, 0xdf, 0x80, 0x00, 0x9f, 0xc0, 0xae,
    0x90, 0x9f, 0xc0, 0x00, 0x00, 0x00, 0x00, 0x03, 0xff, 0x60, 0x00, 0xdf, 0x80, 0x00, 0x9f, 0xc0,
    0x00, 0x00, 0x9f, 0xc0, 0x00, 0x00, 0x00, 0x00, 0x03, 0xff, 0x60, 0x00, 0xdf, 0x80, 0x00, 0x9f,
    0xc0, 0x00, 0x00, 0x9f, 0xc0, 0x00, 0x00, 0x00, 0x00, 0x03, 0xff, 0x60, 0x00, 0xdf, 0x80, 0x66,
    0xcf, 0xc0, 0x16, 0x66, 0xcf, 0xb0, 0x00, 0x00, 0x00, 0x00, 0x03, 0xff, 0x60, 0x00, 0xdf, 0x80,
    0xaf, 0xff, 0x90, 0x0e, 0xff, 0xff, 0x80, 0x00, 0x00, 0x00, 0x00, 0x03, 0xff, 0x60, 0x00, 0xdf,
    0x80, 0x6f, 0xea, 0x10, 0x0a, 0xfe, 0xc8, 0x00, 0x00, 0x00, 0x00, 0x00, 0x01, 0x33, 0x10, 0x00,
    0x11, 0x10, 0x00, 0x00, 0x00, 0x00, 0x00, 0x00, 0x00, 0x00, 0x00, 0x00, 0x00, 0x00, 0x00, 0x00,
    0x00, 0x00, 0x00, 0x00, 0x00, 0x00, 0x00, 0x00, 0x00, 0x00, 0x00, 0x00, 0x00, 0x00, 0x00, 0x00,
    0x00, 0x00, 0x00, 0x00, 0x00, 0x00, 0x00, 0x00, 0x00, 0x00, 0x00, 0x00, 0x00, 0x00, 0x02, 0x00,
    0x00, 0x00, 0x00, 0x00, 0x00, 0x00, 0x00, 0x00, 0x13, 0x7a, 0xc2, 0x00, 0x00, 0x00, 0x01, 0xaf,
    0x40, 0x00, 0x00, 0x00, 0x13, 0x45, 0x67, 0x9a, 0xce, 0xff, 0xff, 0xfd, 0x20, 0x00, 0x00, 0x0a,
    0xff, 0xe3, 0x00, 0x00, 0x0c, 0xff, 0xff, 0xff, 0xff, 0xff, 0xff, 0xff, 0xfe, 0x90, 0x00, 0x00,
    0x01, 0xdf, 0xfe, 0x20, 0x00, 0x0c, 0xff, 0xff, 0xff, 0xff, 0xfe, 0xca, 0x85, 0x20, 0x00, 0x00,
    0x00, 0x00, 0x2e, 0xff, 0xd1, 0x00, 0x0c, 0xff, 0x96, 0x54, 0x31, 0x00, 0x00, 0x00, 0x00, 0x00,
    0x00, 0x00, 0x00, 0x04, 0xff, 0xfb, 0x00, 0x0c, 0xff, 0x30, 0x00, 0x00, 0x00, 0x00, 0x00, 0x00,
    0x00, 0x00, 0x00, 0x00, 0x00, 0x7f, 0xe5, 0x00, 0x0c, 0xff, 0x30, 0x00, 0x00, 0x00, 0x00, 0x00,
    0x00, 0x00, 0x00, 0x00, 0x00, 0x00, 0x08, 0x20, 0x00, 0x0c, 0xff, 0x30, 0x00, 0x00, 0x00, 0x00,
    0x00, 0x00, 0x00, 0x00, 0x00, 0x00, 0x00, 0x00, 0x00, 0x00, 0x0c, 0xff, 0xff, 0xff, 0xff, 0xff,
    0xff, 0xff, 0xe9, 0x00, 0x00, 0x00, 0x00, 0x00, 0x00, 0x00, 0x00, 0x0c, 0xff, 0xff, 0xff, 0xff,
    0xff, 0xff, 0xff, 0xfb, 0x00, 0x00, 0x00, 0x00, 0x00, 0x00, 0x00, 0x00, 0x0d, 0xff, 0xcb, 0xbb,
    0xbb, 0xbb, 0xbb, 0xef, 0xf7, 0x00, 0x00, 0x00, 0x00, 0x00, 0x00, 0x00, 0x00, 0x0d, 0xff, 0x20,
    0x00, 0x00, 0x00, 0x01, 0xef, 0xf2, 0x00, 0x00, 0x00, 0x9f, 0xff, 0xff, 0xf5, 0x00, 0x0e, 0xff,
    0x10, 0x40, 0x00, 0x00, 0x07, 0xff, 0xb0, 0x00, 0x00, 0x00, 0x9f, 0xff, 0xff, 0xf5, 0x00, 0x0f,
    0xff, 0x09, 0xfb, 0x10, 0x00, 0x0d, 0xff, 0x50, 0x00, 0x00, 0x00, 0x8d, 0xdd, 0xef, 0xf5, 0x00,
    0x2f, 0xfe, 0x3e, 0xff, 0xd2, 0x00, 0x7f, 0xfc, 0x00, 0x00, 0x00, 0x00, 0x00, 0x00, 0xbf, 0xf5,
    0x00, 0x4f, 0xfb, 0x03, 0xef, 0xfe, 0x43, 0xff, 0xf4, 0x00, 0x00, 0x00, 0x00, 0x00, 0x00, 0xbf,
    0xf5, 0x00, 0x7f, 0xf9, 0x00, 0x2d, 0xff, 0xfd, 0xff, 0x90, 0x00, 0x00, 0x00, 0x00, 0x00, 0x00,
    0xbf, 0xf5, 0x00, 0xbf, 0xf6, 0x00, 0x01, 0xcf, 0xff, 0xfe, 0x10, 0x00, 0x00, 0x00, 0x00, 0x00,
    0x00, 0xbf, 0xf5, 0x01, 0xff, 0xf2, 0x00, 0x00, 0x1e, 0xff, 0xfb, 0x00, 0x00, 0x00, 0x00, 0x00,
    0x00, 0x00, 0xbf, 0xf5, 0x05, 0xff, 0xd0, 0x00, 0x02, 0xcf, 0xff, 0xff, 0xa0, 0x00, 0x00, 0x00,
    0x00, 0x00, 0x00, 0xbf, 0xf5, 0x0c, 0xff, 0x80, 0x00, 0x4e, 0xff, 0xfc, 0xff, 0xfb, 0x10, 0x00,
    0x00, 0x00, 0x00, 0x00, 0xbf, 0xf5, 0x6f, 0xff, 0x30, 0x3a, 0xff, 0xff, 0x70, 0x9f, 0xff, 0xc1,
    0x00, 0x00, 0x00, 0x00, 0x00, 0xbf, 0xf5, 0xdf, 0xfa, 0x0a, 0xff, 0xff, 0xe4, 0x00, 0x09, 0xff,
    0xfc, 0x10, 0x00, 0x00, 0x00, 0x00, 0xbf, 0xf5, 0x5e, 0xf2, 0x08, 0xff, 0xfa, 0x20, 0x00, 0x00,
    0x9f, 0xfb, 0x10, 0x00, 0x00, 0x00, 0x19, 0xff, 0xfa, 0x12, 0x60, 0x01, 0xdb, 0x30, 0x00, 0x00,
    0x00, 0x0a, 0xb0, 0x00, 0x00, 0x00, 0x03, 0xef, 0xff, 0xff, 0xd5, 0x00, 0x00, 0x10, 0x00, 0x00,
    0x00, 0x00, 0x00, 0x00, 0x00, 0x00, 0x00, 0x4e, 0xff, 0xea, 0xdf, 0xff, 0xe9, 0x63, 0x21, 0x00,
    0x00, 0x01, 0x22, 0x34, 0x57, 0x88, 0x00, 0x00, 0xef, 0xfe, 0x30, 0x18, 0xff, 0xff, 0xff, 0xff,
    0xff, 0xff, 0xff, 0xff, 0xff, 0xff, 0xf8, 0x00, 0x00, 0x6f, 0xf4, 0x00, 0x00, 0x29, 0xef, 0xff,
    0xff, 0xff, 0xff, 0xff, 0xff, 0xff, 0xff, 0xf4, 0x00, 0x00, 0x0a, 0x70, 0x00, 0x00, 0x00, 0x04,
    0x79, 0xbc, 0xdd, 0xdd, 0xdd, 0xcc, 0xbb, 0xa9, 0x90, 0x00, 0x00, 0x01, 0x00, 0x00, 0x00, 0x00,
    0x00, 0x00, 0x00, 0x00, 0x00, 0x00, 0x00, 0x00, 0x00, 0x00, 0x00, 0x00, 0x00, 0x00, 0x00, 0x00,
    0x00, 0x00, 0x00, 0x00, 0x00, 0x00, 0x00, 0x00, 0x00, 0x00, 0x00, 0x00, 0x00, 0x00, 0x00, 0x00,
    0x00, 0x00, 0x00, 0x00, 0x00, 0x00, 0x00, 0x00, 0x00, 0x00, 0x00, 0x00, 0x00, 0x00, 0x00, 0x04,
    0x00, 0x00, 0x00, 0x00, 0x00, 0x56, 0x61, 0x00, 0x01, 0x66, 0x40, 0x00, 0x00, 0x00, 0x00, 0x01,
    0xaf, 0x70, 0x00, 0x00, 0x00, 0x00, 0xdf, 0xf3, 0x00, 0x04, 0xff, 0xb0, 0x00, 0x00, 0x00, 0x00,
    0x06, 0xff, 0xf6, 0x00, 0x00, 0x00, 0x00, 0xdf, 0xf3, 0x00, 0x04, 0xff, 0xb0, 0x00, 0x00, 0x00,
    0x00, 0x00, 0x9f, 0xff, 0x50, 0x00, 0x00, 0x00, 0xdf, 0xf3, 0x00, 0x04, 0xff, 0xb0, 0x00, 0x00,
    0x00, 0x00, 0x00, 0x0a, 0xff, 0xf4, 0x00, 0x00, 0x00, 0xdf, 0xf3, 0x00, 0x04, 0xff, 0xb0, 0x00,
    0x00, 0x00, 0x00, 0x00, 0x00, 0xcf, 0xfe, 0x10, 0x00, 0x00, 0xdf, 0xf3, 0x00, 0x04, 0xff, 0xb0,
    0x00, 0x00, 0x00, 0x00, 0x00, 0x00, 0x1e, 0xfd, 0x22, 0xff, 0xff, 0xff, 0xff, 0xff, 0xff, 0xff,
    0xff, 0xff, 0xa0, 0x00, 0x00, 0x00, 0x00, 0x04, 0xb1, 0x02, 0xff, 0xff, 0xff, 0xff, 0xff, 0xff,
    0xff, 0xff, 0xff, 0xa0, 0x00, 0x00, 0x00, 0x00, 0x00, 0x00, 0x02, 0xee, 0xee, 0xff, 0xfe, 0xee,
    0xee, 0xff, 0xfe, 0xee, 0xa0, 0x00, 0x00, 0x00, 0x00, 0x00, 0x00, 0x00, 0x00, 0x00, 0xdf, 0xf3,
    0x00, 0x04, 0xff, 0xb0, 0x00, 0x00, 0x00, 0x00, 0x00, 0x00, 0x00, 0x00, 0x00, 0x00, 0x00, 0xdf,
    0xf3, 0x00, 0x04, 0xff, 0xb0, 0x00, 0x00, 0x00, 0x00, 0x00, 0x00, 0x00, 0x00, 0x00, 0x00, 0x00,
    0xdf, 0xf3, 0x00, 0x04, 0xff, 0xb0, 0x00, 0x00, 0x00, 0x00, 0x7f, 0xff, 0xff, 0xf8, 0x00, 0x00,
    0x00, 0xdf, 0xf2, 0x00, 0x04, 0xff, 0xb0, 0x00, 0x00, 0x00, 0x00, 0x7f, 0xff, 0xff, 0xf8, 0x00,
    0x00, 0x00, 0xdf, 0xf2, 0x00, 0x04, 0xff, 0xb0, 0x00, 0x00, 0x00, 0x00, 0x6c, 0xcc, 0xdf, 0xf8,
    0x06, 0xff, 0xff, 0xff, 0xff, 0xff, 0xff, 0xff, 0xff, 0xff, 0xf4, 0x00, 0x00, 0x00, 0x00, 0x6f,
    0xf8, 0x06, 0xff, 0xff, 0xff, 0xff, 0xff, 0xff, 0xff, 0xff, 0xff, 0xf4, 0x00, 0x00, 0x00, 0x00,
    0x6f, 0xf8, 0x05, 0xee, 0xee, 0xff, 0xfe, 0xee, 0xee, 0xff, 0xfe, 0xee, 0xe4, 0x00, 0x00, 0x00,
    0x00, 0x6f, 0xf8, 0x00, 0x00, 0x07, 0xff, 0x90, 0x00, 0x04, 0xff, 0xb0, 0x00, 0x00, 0x00, 0x00,
    0x00, 0x00, 0x6f, 0xf8, 0x00, 0x00, 0x0b, 0xff, 0x60, 0x00, 0x04, 0xff, 0xb0, 0x00, 0x00, 0x00,
    0x00, 0x00, 0x00, 0x6f, 0xf8, 0x00, 0x00, 0x2f, 0xff, 0x20, 0x00, 0x04, 0xff, 0xb0, 0x00, 0x00,
    0x00, 0x00, 0x00, 0x00, 0x6f, 0xf8, 0x00, 0x00, 0xaf, 0xfb, 0x00, 0x00, 0x04, 0xff, 0xb0, 0x00,
    0x00, 0x00, 0x00, 0x00, 0x00, 0x6f, 0xf8, 0x00, 0x05, 0xff, 0xf5, 0x00, 0x00, 0x04, 0xff, 0xb0,
    0x00, 0x00, 0x00, 0x00, 0x00, 0x00, 0x6f, 0xf8, 0x00, 0x4e, 0xff, 0xb0, 0x00, 0x00, 0x04, 0xff,
    0xb0, 0x00, 0x00, 0x00, 0x00, 0x00, 0x00, 0x7f, 0xf8, 0x00, 0x8f, 0xfe, 0x30, 0x00, 0x00, 0x04,
    0xff, 0xb0, 0x00, 0x00, 0x00, 0x00, 0x00, 0x19, 0xff, 0xfe, 0x50, 0x08, 0xf4, 0x00, 0x00, 0x00,
    0x04, 0xff, 0xb0, 0x00, 0x00, 0x00, 0x00, 0x02, 0xdf, 0xff, 0xff, 0xfa, 0x20, 0x30, 0x00, 0x00,
    0x00, 0x01, 0x33, 0x20, 0x00, 0x00, 0x00, 0x00, 0x2d, 0xff, 0xe6, 0x6d, 0xff, 0xfb, 0x74, 0x21,
    0x00, 0x00, 0x11, 0x22, 0x34, 0x56, 0x88, 0x00, 0x00, 0xcf, 0xfe, 0x30, 0x01, 0xaf, 0xff, 0xff,
    0xff, 0xff, 0xff, 0xff, 0xff, 0xff, 0xff, 0xf9, 0x00, 0x00, 0x4f, 0xf5, 0x00, 0x00, 0x04, 0xbf,
    0xff, 0xff, 0xff, 0xff, 0xff, 0xff, 0xff, 0xff, 0xf5, 0x00, 0x00, 0x07, 0x90, 0x00, 0x00, 0x00,
    0x01, 0x58, 0x9b, 0xbc, 0xcc, 0xcb, 0xbb, 0xaa, 0x98, 0x81, 0x00, 0x00, 0x00, 0x00, 0x00, 0x00,
    0x00, 0x00, 0x00, 0x00, 0x00, 0x00, 0x00, 0x00, 0x00, 0x00, 0x00, 0x00, 0x00, 0x00, 0x00, 0x00,
    0x00, 0x00, 0x00, 0x00, 0x00, 0x00, 0x00, 0x00, 0x00, 0x00, 0x00, 0x00, 0x00, 0x00, 0x00, 0x00,
    0x00, 0x00, 0x00, 0x00, 0x00, 0x00, 0x00, 0x00, 0x00, 0x00, 0x00, 0x00, 0x00, 0x00, 0x00, 0x00,
    0x00, 0x00, 0x00, 0x00, 0x00, 0x00, 0x02, 0x10, 0x00, 0x00, 0x00, 0x00, 0x00, 0x00, 0x00, 0x00,
    0x00, 0x2b, 0x40, 0x00, 0x00, 0x00, 0x00, 0x0c, 0xfc, 0x40, 0x00, 0x00, 0x00, 0x00, 0x00, 0x00,
    0x00, 0x04, 0xff, 0xe2, 0x00, 0x00, 0x00, 0x00, 0x2f, 0xff, 0x40, 0x00, 0x00, 0x00, 0x00, 0x00,
    0x00, 0x00, 0x00, 0xbf, 0xfd, 0x10, 0x00, 0x00, 0x00, 0x6f, 0xfd, 0x00, 0x00, 0x00, 0x00, 0x00,
    0x00, 0x00, 0x00, 0x00, 0x1d, 0xff, 0xb0, 0x09, 0xff, 0xff, 0xff, 0xff, 0xff, 0xff, 0xff, 0xff,
    0xff, 0xb0, 0x00, 0x00, 0x00, 0x03, 0xff, 0xf8, 0x09, 0xff, 0xff, 0xff, 0xff, 0xff, 0xff, 0xff,
    0xff, 0xff, 0xb0, 0x00, 0x00, 0x00, 0x00, 0x7f, 0xff, 0x26, 0x99, 0x9d, 0xff, 0xc9, 0x99, 0x99,
    0x99, 0x99, 0x99, 0x70, 0x00, 0x00, 0x00, 0x00, 0x0c, 0xe6, 0x00, 0x00, 0x0e, 0xff, 0x40, 0x00,
    0x00, 0x00, 0x00, 0x00, 0x00, 0x00, 0x00, 0x00, 0x00, 0x03, 0x30, 0x00, 0x00, 0x5f, 0xfc, 0x00,
    0x3c, 0xca, 0x00, 0x00, 0x00, 0x00, 0x00, 0x00, 0x00, 0x00, 0x00, 0x00, 0x00, 0x00, 0xcf, 0xf6,
    0x00, 0x4f, 0xfd, 0x00, 0x00, 0x00, 0x00, 0x00, 0x00, 0x00, 0x00, 0x00, 0x00, 0x00, 0x04, 0xff,
    0xd0, 0x00, 0x4f, 0xfd, 0x00, 0x00, 0x00, 0x00, 0x00, 0x00, 0x00, 0x00, 0x00, 0x00, 0x00, 0x0d,
    0xff, 0x60, 0x00, 0x4f, 0xfd, 0x00, 0x00, 0x00, 0x00, 0x00, 0x00, 0x9f, 0xff, 0xff, 0xf3, 0x00,
    0xbf, 0xff, 0xff, 0xff, 0xff, 0xff, 0xff, 0xff, 0xfb, 0x00, 0x00, 0x00, 0x9f, 0xff, 0xff, 0xf3,
    0x00, 0xaf, 0xff, 0xff, 0xff, 0xff, 0xff, 0xff, 0xff, 0xfb, 0x00, 0x00, 0x00, 0x7c, 0xcc, 0xef,
    0xf3, 0x00, 0x4f, 0xed, 0xcc, 0xcc, 0xdf, 0xff, 0xcc, 0xcc, 0xc9, 0x00, 0x00, 0x00, 0x00, 0x00,
    0xbf, 0xf3, 0x00, 0x13, 0x00, 0x00, 0x00, 0x4f, 0xfd, 0x00, 0x00, 0x00, 0x00, 0x00, 0x00, 0x00,
    0x00, 0xbf, 0xf3, 0x00, 0x00, 0x00, 0x00, 0x00, 0x4f, 0xfd, 0x00, 0x00, 0x00, 0x00, 0x00, 0x00,
    0x00, 0x00, 0xbf, 0xf3, 0x00, 0x00, 0x00, 0x00, 0x00, 0x4f, 0xfd, 0x00, 0x00, 0x00, 0x00, 0x00,
    0x00, 0x00, 0x00, 0xbf, 0xf3, 0x00, 0x00, 0x00, 0x00, 0x00, 0x4f, 0xfd, 0x00, 0x00, 0x00, 0x00,
    0x00, 0x00, 0x00, 0x00, 0xbf, 0xf3, 0x0d, 0xff, 0xff, 0xff, 0xff, 0xff, 0xff, 0xff, 0xff, 0xff,
    0xf3, 0x00, 0x00, 0x00, 0x00, 0xbf, 0xf3, 0x0d, 0xff, 0xff, 0xff, 0xff, 0xff, 0xff, 0xff, 0xff,
    0xff, 0xf3, 0x00, 0x00, 0x00, 0x00, 0xbf, 0xf3, 0x0b, 0xdd, 0xdd, 0xdd, 0xdd, 0xdf, 0xff, 0xdd,
    0xdd, 0xdd, 0xd3, 0x00, 0x00, 0x00, 0x00, 0xbf, 0xf3, 0x00, 0x00, 0x00, 0x00, 0x00, 0x4f, 0xfd,
    0x00, 0x00, 0x00, 0x00, 0x00, 0x00, 0x00, 0x00, 0xbf, 0xf3, 0x00, 0x00, 0x00, 0x00, 0x00, 0x4f,
    0xfd, 0x00, 0x00, 0x00, 0x00, 0x00, 0x00, 0x00, 0x00, 0xcf, 0xf3, 0x00, 0x00, 0x00, 0x00, 0x00,
    0x4f, 0xfd, 0x00, 0x00, 0x00, 0x00, 0x00, 0x00, 0x00, 0x4d, 0xff, 0xfd, 0x30, 0x00, 0x00, 0x00,
    0x00, 0x4f, 0xfd, 0x00, 0x00, 0x00, 0x00, 0x00, 0x00, 0x05, 0xff, 0xff, 0xff, 0xf8, 0x10, 0x00,
    0x00, 0x00, 0x4f, 0xfd, 0x00, 0x00, 0x00, 0x00, 0x00, 0x00, 0x5f, 0xff, 0xd5, 0xaf, 0xff, 0xfa,
    0x64, 0x21, 0x00, 0x13, 0x33, 0x22, 0x34, 0x56, 0x89, 0x20, 0x02, 0xff, 0xfd, 0x20, 0x05, 0xef,
    0xff, 0xff, 0xff, 0xff, 0xff, 0xff, 0xff, 0xff, 0xff, 0xfd, 0x00, 0x00, 0x8f, 0xf4, 0x00, 0x00,
    0x19, 0xef, 0xff, 0xff, 0xff, 0xff, 0xff, 0xff, 0xff, 0xff, 0xf9, 0x00, 0x00, 0x0c, 0x90, 0x00,
    0x00, 0x00, 0x15, 0x9b, 0xde, 0xef, 0xff, 0xfe, 0xee, 0xdd, 0xcb, 0xb4, 0x00, 0x00, 0x02, 0x10,
    0x00, 0x00, 0x00, 0x00, 0x00, 0x00, 0x00, 0x00, 0x00, 0x00, 0x00, 0x00, 0x00, 0x00, 0x00, 0x00,
    0x00, 0x00, 0x00, 0x00, 0x00, 0x00, 0x00, 0x00, 0x00, 0x00, 0x00, 0x00, 0x00, 0x00, 0x00, 0x00,
    0x00, 0x00, 0x00, 0x00, 0x00, 0x00, 0x00, 0x00, 0x00, 0x00, 0x00, 0x00, 0x00, 0x00, 0x00, 0x00,
    0x00, 0x00, 0x00, 0x00, 0x00, 0x00, 0x00, 0x00, 0x00, 0x00, 0x43, 0x00, 0x00, 0x00, 0x00, 0x00,
    0x00, 0x00, 0x00, 0x00, 0x00, 0x00, 0x00, 0x00, 0x00, 0x00, 0x5e, 0xfc, 0x00, 0x00, 0x00, 0x00,
    0x00, 0x00, 0x00, 0x00, 0x13, 0x00, 0x00, 0x00, 0x00, 0x00, 0x00, 0x1e, 0xff, 0x60, 0x00, 0x00,
    0x00, 0x00, 0x00, 0x00, 0x02, 0xdf, 0x80, 0x00, 0x00, 0x00, 0x00, 0x00, 0x09, 0xff, 0xd0, 0x00,
    0x00, 0x00, 0x00, 0x00, 0x00, 0x09, 0xff, 0xfc, 0x20, 0x00, 0x00, 0x00, 0x00, 0x02, 0xff, 0xf5,
    0x00, 0x00, 0x00, 0x00, 0x00, 0x00, 0x00, 0x7f, 0xff, 0xe5, 0x05, 0xff, 0xff, 0xff, 0xff, 0xff,
    0xff, 0xff, 0xff, 0xff, 0xf8, 0x00, 0x00, 0x00, 0x03, 0xdf, 0xff, 0x55, 0xff, 0xff, 0xff, 0xff,
    0xff, 0xff, 0xff, 0xff, 0xff, 0xf8, 0x00, 0x00, 0x00, 0x00, 0x1c, 0xfd, 0x24, 0xcc, 0xcc, 0xce,
    0xff, 0xdc, 0xcf, 0xfe, 0xcc, 0xcc, 0xc6, 0x00, 0x00, 0x00, 0x00, 0x01, 0xa2, 0x00, 0x00, 0x00,
    0x08, 0xff, 0x30, 0x2f, 0xfa, 0x00, 0x00, 0x00, 0x00, 0x00, 0x00, 0x00, 0x00, 0x00, 0x00, 0x00,
    0x00, 0x08, 0xff, 0x30, 0x2f, 0xfa, 0x00, 0x00, 0x00, 0x00, 0x00, 0x00, 0x00, 0x00, 0x00, 0x00,
    0x06, 0x63, 0x08, 0xff, 0x30, 0x2f, 0xfa, 0x02, 0x60, 0x00, 0x00, 0x00, 0x00, 0x00, 0x00, 0x00,
    0x00, 0x0e, 0xfd, 0x09, 0xff, 0x30, 0x2f, 0xfa, 0x7f, 0xf4, 0x00, 0x00, 0x00, 0x6c, 0xcc, 0xcc,
    0xc3, 0x00, 0x4f, 0xf8, 0x09, 0xff, 0x20, 0x2f, 0xfa, 0x2f, 0xfa, 0x00, 0x00, 0x00, 0x7f, 0xff,
    0xff, 0xf4, 0x00, 0x9f, 0xf3, 0x0a, 0xff, 0x10, 0x2f, 0xfa, 0x0b, 0xff, 0x20, 0x00, 0x00, 0x7f,
    0xff, 0xff, 0xf4, 0x00, 0xef, 0xe0, 0x0b, 0xff, 0x10, 0x2f, 0xfa, 0x05, 0xff, 0x80, 0x00, 0x00,
    0x00, 0x00, 0xbf, 0xf4, 0x05, 0xff, 0x90, 0x0d, 0xfe, 0x00, 0x2f, 0xfa, 0x00, 0xef, 0xe0, 0x00,
    0x00, 0x00, 0x00, 0xbf, 0xf4, 0x0d, 0xff, 0x30, 0x1f, 0xfc, 0x00, 0x2f, 0xfa, 0x00, 0x9f, 0xf3,
    0x00, 0x00, 0x00, 0x00, 0xbf, 0xf4, 0x6f, 0xfb, 0x00, 0x4f, 0xf9, 0x00, 0x2f, 0xfa, 0x00, 0x5f,
    0xf8, 0x00, 0x00, 0x00, 0x00, 0xbf, 0xf6, 0xef, 0xf3, 0x00, 0x8f, 0xf6, 0x00, 0x2f, 0xfa, 0x00,
    0x1f, 0xfc, 0x00, 0x00, 0x00, 0x00, 0xbf, 0xf4, 0x4d, 0x90, 0x00, 0xdf, 0xf3, 0x00, 0x2f, 0xfa,
    0x00, 0x0d, 0xfa, 0x00, 0x00, 0x00, 0x00, 0xbf, 0xf4, 0x01, 0x10, 0x05, 0xff, 0xd0, 0x00, 0x2f,
    0xfa, 0x00, 0x03, 0x10, 0x00, 0x00, 0x00, 0x00, 0xbf, 0xf4, 0x00, 0x00, 0x0d, 0xff, 0x70, 0x00,
    0x2f, 0xfa, 0x00, 0x00, 0x00, 0x00, 0x00, 0x00, 0x00, 0xbf, 0xf4, 0x00, 0x00, 0x8f, 0xfd, 0x00,
    0x00, 0x2f, 0xfa, 0x00, 0x00, 0x00, 0x00, 0x00, 0x00, 0x00, 0xbf, 0xf4, 0x00, 0x05, 0xff, 0xf5,
    0x00, 0x00, 0x3f, 0xfa, 0x00, 0x00, 0x00, 0x00, 0x00, 0x00, 0x00, 0xbf, 0xf4, 0x00, 0x5f, 0xff,
    0xa0, 0x05, 0xff, 0xff, 0xf8, 0x00, 0x00, 0x00, 0x00, 0x00, 0x00, 0x02, 0xdf, 0xfb, 0x20, 0x5e,
    0xfb, 0x10, 0x00, 0xef, 0xff, 0xe3, 0x00, 0x00, 0x00, 0x00, 0x00, 0x00, 0x7e, 0xff, 0xff, 0xe7,
    0x12, 0x91, 0x00, 0x00, 0x8a, 0x97, 0x20, 0x00, 0x00, 0x00, 0x00, 0x00, 0x0a, 0xff, 0xfa, 0x7d,
    0xff, 0xe9, 0x63, 0x21, 0x00, 0x00, 0x01, 0x12, 0x33, 0x45, 0x76, 0x00, 0x00, 0xaf, 0xff, 0x60,
    0x01, 0x9f, 0xff, 0xff, 0xff, 0xff, 0xff, 0xff, 0xff, 0xff, 0xff, 0xf7, 0x00, 0x00, 0x4f, 0xf6,
    0x00, 0x00, 0x03, 0xaf, 0xff, 0xff, 0xff, 0xff, 0xff, 0xff, 0xff, 0xff, 0xf3, 0x00, 0x00, 0x07,
    0x90, 0x00, 0x00, 0x00, 0x01, 0x47, 0x9b, 0xbc, 0xcc, 0xcb, 0xba, 0xa9, 0x98, 0x70, 0x00, 0x00,
    0x00, 0x10, 0x00, 0x00, 0x00, 0x00, 0x00, 0x00, 0x00, 0x00, 0x00, 0x00, 0x00, 0x00, 0x00, 0x00,
    0x00, 0x00, 0x00, 0x00, 0x00, 0x00, 0x00, 0x00, 0x00, 0x00, 0x00, 0x00, 0x00, 0x00, 0x00, 0x00,
    0x00, 0x00, 0x00, 0x00, 0x00, 0x00, 0x00, 0x00, 0x00, 0x00, 0x00, 0x00, 0x00, 0x00, 0x00, 0x00,
    0x00, 0x00, 0x00, 0x00, 0x00, 0x00, 0x00, 0x00, 0x00, 0x00, 0x00, 0x00, 0x00, 0x00, 0x00, 0x00,
    0x00, 0x00, 0x00, 0x00, 0x00, 0x7e, 0x40, 0x00, 0x00, 0x09, 0xff, 0xff, 0xff, 0xff, 0xff, 0xff,
    0xff, 0x80, 0x00, 0x00, 0x00, 0x08, 0xff, 0xe4, 0x00, 0x00, 0x09, 0xff, 0xff, 0xff, 0xff, 0xff,
    0xff, 0xff, 0x80, 0x00, 0x00, 0x00, 0x01, 0xbf, 0xff, 0x40, 0x00, 0x09, 0xff, 0xb7, 0x77, 0x77,
    0x77, 0x7b, 0xff, 0x80, 0x00, 0x00, 0x00, 0x00, 0x1c, 0xff, 0xe3, 0x00, 0x09, 0xff, 0x70, 0x00,
    0x00, 0x00, 0x07, 0xff, 0x80, 0x00, 0x00, 0x00, 0x00, 0x01, 0xdf, 0xfd, 0x10, 0x09, 0xff, 0x70,
    0x00, 0x00, 0x00, 0x07, 0xff, 0x80, 0x00, 0x00, 0x00, 0x00, 0x00, 0x2e, 0xf9, 0x10, 0x09, 0xff,
    0xff, 0xff, 0xff, 0xff, 0xff, 0xff, 0x80, 0x00, 0x00, 0x00, 0x00, 0x00, 0x05, 0x60, 0x00, 0x09,
    0xff, 0xff, 0xff, 0xff, 0xff, 0xff, 0xff, 0x80, 0x00, 0x00, 0x00, 0x00, 0x00, 0x00, 0x00, 0x00,
    0x09, 0xff, 0x94, 0x44, 0x44, 0x44, 0x49, 0xff, 0x80, 0x00, 0x00, 0x00, 0x00, 0x00, 0x00, 0x00,
    0x00, 0x09, 0xff, 0x70, 0x00, 0x00, 0x00, 0x07, 0xff, 0x80, 0x00, 0x00, 0x00, 0x00, 0x00, 0x00,
    0x00, 0x00, 0x09, 0xff, 0x70, 0x00, 0x00, 0x00, 0x07, 0xff, 0x80, 0x00, 0x00, 0x00, 0x5c, 0xcc,
    0xcc, 0xc6, 0x00, 0x09, 0xff, 0xff, 0xff, 0xff, 0xff, 0xff, 0xff, 0x80, 0x00, 0x00, 0x00, 0x7f,
    0xff, 0xff, 0xf7, 0x00, 0x09, 0xff, 0xff, 0xff, 0xff, 0xff, 0xff, 0xff, 0x80, 0x00, 0x00, 0x00,
    0x7f, 0xff, 0xff, 0xf7, 0x00, 0x09, 0xff, 0xb7, 0x77, 0x77, 0x77, 0x77, 0x77, 0xc3, 0x00, 0x00,
    0x00, 0x00, 0x00, 0x6f, 0xf7, 0x00, 0x09, 0xff, 0x70, 0x00, 0x75, 0x00, 0x00, 0x1c, 0xff, 0x50,
    0x00, 0x00, 0x00, 0x00, 0x6f, 0xf7, 0x00, 0x09, 0xff, 0x70, 0x0a, 0xff, 0x80, 0x03, 0xdf, 0xff,
    0x80, 0x00, 0x00, 0x00, 0x00, 0x6f, 0xf7, 0x00, 0x09, 0xff, 0x70, 0x04, 0xef, 0xfb, 0x6f, 0xff,
    0xd3, 0x00, 0x00, 0x00, 0x00, 0x00, 0x6f, 0xf7, 0x00, 0x09, 0xff, 0x70, 0x00, 0x3d, 0xff, 0xff,
    0xf9, 0x10, 0x00, 0x00, 0x00, 0x00, 0x00, 0x6f, 0xf7, 0x00, 0x09, 0xff, 0x70, 0x00, 0x01, 0xcf,
    0xff, 0x70, 0x00, 0x00, 0x00, 0x00, 0x00, 0x00, 0x6f, 0xf7, 0x00, 0x09, 0xff, 0x70, 0x00, 0x23,
    0x1b, 0xff, 0xe3, 0x00, 0x00, 0x00, 0x00, 0x00, 0x00, 0x6f, 0xf7, 0x00, 0x0b, 0xff, 0x86, 0x9d,
    0xfa, 0x00, 0xaf, 0xfe, 0x40, 0x00, 0x00, 0x00, 0x00, 0x00, 0x6f, 0xf7, 0x00, 0x3f, 0xff, 0xff,
    0xff, 0xfb, 0x00, 0x0b, 0xff, 0xe3, 0x00, 0x00, 0x00, 0x00, 0x00, 0x6f, 0xf7, 0x00, 0xcf, 0xff,
    0xff, 0xfe, 0xa5, 0x00, 0x00, 0xbf, 0xfe, 0x20, 0x00, 0x00, 0x00, 0x00, 0x6f, 0xf8, 0x00, 0x5f,
    0xff, 0xc8, 0x40, 0x00, 0x00, 0x00, 0x1c, 0xfb, 0x10, 0x00, 0x00, 0x00, 0x03, 0xdf, 0xfe, 0x70,
    0x0b, 0x61, 0x00, 0x00, 0x00, 0x00, 0x00, 0x02, 0x80, 0x00, 0x00, 0x00, 0x00, 0x9f, 0xff, 0xff,
    0xfc, 0x40, 0x00, 0x00, 0x00, 0x00, 0x00, 0x00, 0x00, 0x00, 0x00, 0x00, 0x00, 0x1b, 0xff, 0xfa,
    0x7c, 0xff, 0xfd, 0x85, 0x32, 0x21, 0x00, 0x01, 0x12, 0x34, 0x56, 0x88, 0x00, 0x00, 0xbf, 0xff,
    0x60, 0x00, 0x7e, 0xff, 0xff, 0xff, 0xff, 0xff, 0xff, 0xff, 0xff, 0xff, 0xf9, 0x00, 0x00, 0x4f,
    0xf6, 0x00, 0x00, 0x01, 0x7d, 0xff, 0xff, 0xff, 0xff, 0xff, 0xff, 0xff, 0xff, 0xf5, 0x00, 0x00,
    0x08, 0x70, 0x00, 0x00, 0x00, 0x00, 0x25, 0x79, 0xaa, 0xba, 0xaa, 0x99, 0x88, 0x76, 0x61, 0x00,
    0x00, 0x00, 0x00, 0x00, 0x00, 0x00, 0x00, 0x00, 0x00, 0x00, 0x00, 0x00, 0x00, 0x00, 0x00, 0x00,
    0x00, 0x00, 0x00, 0x00, 0x00, 0x00, 0x00, 0x00, 0x00, 0x00, 0x00, 0x00, 0x00, 0x00, 0x00, 0x00,
    0x00, 0x00, 0x00, 0x00, 0x00, 0x00, 0x00, 0x00, 0x00, 0x00, 0x00, 0x00, 0x00, 0x00, 0x00, 0x00,
    0x00, 0x00, 0x00, 0x00, 0x00, 0x00, 0x00, 0x00, 0x00, 0x00, 0x00, 0x00, 0x00, 0x23, 0x30, 0x00,
    0x00, 0x00, 0x00, 0x00, 0x00, 0x00, 0x11, 0x00, 0x00, 0x00, 0x00, 0x13, 0x00, 0x00, 0xdf, 0xf2,
    0x00, 0x00, 0x00, 0x00, 0x00, 0x00, 0x03, 0xdc, 0x10, 0x00, 0x00, 0x00, 0x6f, 0xe8, 0x00, 0xdf,
    0xf2, 0x00, 0x00, 0x00, 0x00, 0x00, 0x00, 0x1e, 0xff, 0xd2, 0x00, 0x00, 0x00, 0xbf, 0xf6, 0x00,
    0xdf, 0xf2, 0x00, 0x00, 0x00, 0x00, 0x00, 0x00, 0x04, 0xef, 0xfe, 0x20, 0x00, 0x02, 0xff, 0xf1,
    0x00, 0xdf, 0xf2, 0x00, 0x00, 0x00, 0x00, 0x00, 0x00, 0x00, 0x3e, 0xff, 0xd1, 0x00, 0x08, 0xff,
    0xff, 0xff, 0xff, 0xff, 0xff, 0xff, 0xff, 0x30, 0x00, 0x00, 0x00, 0x03, 0xff, 0xfb, 0x00, 0x2e,
    0xff, 0xff, 0xff, 0xff, 0xff, 0xff, 0xff, 0xff, 0x30, 0x00, 0x00, 0x00, 0x00, 0x5f, 0xf5, 0x00,
    0xaf, 0xfc, 0x88, 0x88, 0xef, 0xf9, 0x88, 0x88, 0x88, 0x20, 0x00, 0x00, 0x00, 0x00, 0x08, 0x30,
    0x05, 0xff, 0xf3, 0x00, 0x00, 0xdf, 0xf2, 0x00, 0x00, 0x00, 0x00, 0x00, 0x00, 0x00, 0x00, 0x00,
    0x00, 0x08, 0xff, 0xa0, 0x00, 0x00, 0xdf, 0xf2, 0x00, 0x00, 0x00, 0x00, 0x00, 0x00, 0x00, 0x00,
    0x00, 0x00, 0x00, 0x4d, 0x10, 0x00, 0x00, 0xdf, 0xf2, 0x00, 0x00, 0x00, 0x00, 0x00, 0x00, 0x00,
    0x00, 0x00, 0x00, 0x00, 0x00, 0x00, 0x00, 0x00, 0xdf, 0xf2, 0x00, 0x00, 0x00, 0x00, 0x00, 0x00,
    0x00, 0x00, 0x00, 0x00, 0x08, 0xaa, 0xaa, 0xaa, 0xaa, 0xef, 0xfa, 0xaa, 0xaa, 0xaa, 0xa5, 0x00,
    0x00, 0x27, 0x77, 0x77, 0x72, 0x0c, 0xff, 0xff, 0xff, 0xff, 0xff, 0xff, 0xff, 0xff, 0xff, 0xf8,
    0x00, 0x00, 0x5f, 0xff, 0xff, 0xf5, 0x0c, 0xff, 0xff, 0xff, 0xff, 0xff, 0xff, 0xff, 0xff, 0xff,
    0xf8, 0x00, 0x00, 0x5f, 0xff, 0xff, 0xf5, 0x00, 0x00, 0x00, 0x5f, 0xfa, 0x00, 0x7f, 0xf8, 0x00,
    0x00, 0x00, 0x00, 0x00, 0x00, 0x00, 0x9f, 0xf5, 0x00, 0x00, 0x00, 0x8f, 0xf7, 0x00, 0x7f, 0xf8,
    0x00, 0x00, 0x00, 0x00, 0x00, 0x00, 0x00, 0x9f, 0xf5, 0x00, 0x00, 0x00, 0xbf, 0xf5, 0x00, 0x7f,
    0xf8, 0x00, 0x00, 0x00, 0x00, 0x00, 0x00, 0x00, 0x9f, 0xf5, 0x00, 0x00, 0x02, 0xff, 0xf2, 0x00,
    0x7f, 0xf8, 0x00, 0x00, 0x00, 0x00, 0x00, 0x00, 0x00, 0x9f, 0xf5, 0x00, 0x00, 0x09, 0xff, 0xb0,
    0x00, 0x7f, 0xf8, 0x00, 0x07, 0x10, 0x00, 0x00, 0x00, 0x00, 0x9f, 0xf5, 0x00, 0x00, 0x4f, 0xff,
    0x50, 0x00, 0x7f, 0xf8, 0x00, 0x0c, 0xe9, 0x00, 0x00, 0x00, 0x00, 0x9f, 0xf5, 0x00, 0x03, 0xef,
    0xfd, 0x00, 0x00, 0x7f, 0xf8, 0x00, 0x0d, 0xfc, 0x00, 0x00, 0x00, 0x00, 0x9f, 0xf5, 0x00, 0x6e,
    0xff, 0xf3, 0x00, 0x00, 0x6f, 0xf9, 0x00, 0x2f, 0xfa, 0x00, 0x00, 0x00, 0x00, 0x9f, 0xf5, 0x4d,
    0xff, 0xff, 0x50, 0x00, 0x00, 0x5f, 0xff, 0xff, 0xff, 0xf6, 0x00, 0x00, 0x00, 0x00, 0x9f, 0xf5,
    0x0c, 0xff, 0xd4, 0x00, 0x00, 0x00, 0x1e, 0xff, 0xff, 0xff, 0xe1, 0x00, 0x00, 0x00, 0x00, 0x9f,
    0xfc, 0x52, 0xd8, 0x10, 0x00, 0x00, 0x00, 0x03, 0xac, 0xcc, 0xca, 0x30, 0x00, 0x00, 0x00, 0x19,
    0xff, 0xff, 0xfb, 0x20, 0x00, 0x00, 0x00, 0x00, 0x00, 0x00, 0x00, 0x00, 0x00, 0x00, 0x00, 0x03,
    0xef, 0xff, 0xdd, 0xff, 0xfb, 0x63, 0x00, 0x00, 0x00, 0x00, 0x00, 0x01, 0x23, 0x56, 0x00, 0x00,
    0x5f, 0xff, 0xe6, 0x00, 0x7e, 0xff, 0xff, 0xfe, 0xdd, 0xdd, 0xdd, 0xef, 0xff, 0xff, 0xfa, 0x00,
    0x00, 0x3f, 0xfe, 0x30, 0x00, 0x02, 0xaf, 0xff, 0xff, 0xff, 0xff, 0xff, 0xff, 0xff, 0xff, 0xf6,
    0x00, 0x00, 0x07, 0xe3, 0x00, 0x00, 0x00, 0x02, 0x69, 0xcd, 0xef, 0xff, 0xfe, 0xee, 0xdc, 0xcb,
    0xa2, 0x00, 0x00, 0x00, 0x30, 0x00, 0x00, 0x00, 0x00, 0x00, 0x00, 0x00, 0x00, 0x00, 0x00, 0x00,
    0x00, 0x00, 0x00, 0x00, 0x00, 0x00, 0x00, 0x00, 0x00, 0x00, 0x00, 0x00, 0x00, 0x00, 0x00, 0x00,
    0x00, 0x00, 0x00, 0x00, 0x00, 0x00, 0x00, 0x00, 0x00, 0x00, 0x00, 0x00, 0x00, 0x00, 0x00, 0x00,
    0x00, 0x00, 0x00, 0x00, 0x00, 0x00, 0x00, 0x00, 0x00, 0x00, 0x00, 0x00, 0x00, 0x00, 0x02, 0x33,
    0x20, 0x00, 0x00, 0x00, 0x00, 0x00, 0x00, 0x00, 0x00, 0x00, 0x00, 0x00, 0x00, 0x00, 0x00, 0x07,
    0xff, 0x70, 0x00, 0x00, 0x00, 0x00, 0x00, 0x00, 0x00, 0x89, 0x00, 0x00, 0x00, 0x00, 0x00, 0x00,
    0x07, 0xff, 0x70, 0x00, 0x00, 0x00, 0x00, 0x00, 0x00, 0x0b, 0xff, 0xa0, 0x00, 0x00, 0x00, 0x00,
    0x00, 0x07, 0xff, 0x70, 0x00, 0x00, 0x00, 0x00, 0x00, 0x00, 0x06, 0xff, 0xfa, 0x00, 0x0c, 0xff,
    0xff, 0xff, 0xff, 0xff, 0xff, 0xff, 0xff, 0xff, 0xf4, 0x00, 0x00, 0x00, 0x7f, 0xff, 0x90, 0x0c,
    0xff, 0xff, 0xff, 0xff, 0xff, 0xff, 0xff, 0xff, 0xff, 0xf4, 0x00, 0x00, 0x00, 0x07, 0xff, 0xf7,
    0x07, 0x99, 0x99, 0x99, 0x9c, 0xff, 0xc9, 0x99, 0x99, 0x99, 0x92, 0x00, 0x00, 0x00, 0x00, 0x9f,
    0xfe, 0x10, 0x00, 0x00, 0x00, 0x07, 0xff, 0x70, 0x00, 0x00, 0x00, 0x00, 0x00, 0x00, 0x00, 0x00,
    0x0c, 0xc2, 0x00, 0x00, 0x00, 0x00, 0x07, 0xff, 0x70, 0x00, 0x00, 0x00, 0x00, 0x00, 0x00, 0x00,
    0x00, 0x02, 0x10, 0x00, 0xaf, 0xff, 0xff, 0xff, 0xff, 0xff, 0xff, 0xff, 0xff, 0x00, 0x00, 0x00,
    0x00, 0x00, 0x00, 0x00, 0x00, 0xaf, 0xff, 0xff, 0xff, 0xff, 0xff, 0xff, 0xff, 0xff, 0x00, 0x00,
    0x00, 0x00, 0x00, 0x00, 0x00, 0x00, 0xaf, 0xf7, 0x66, 0x6a, 0xff, 0xa6, 0x66, 0x6f, 0xff, 0x00,
    0x00, 0x00, 0x7c, 0xcc, 0xcc, 0xc8, 0x00, 0xaf, 0xf2, 0x00, 0x07, 0xff, 0x70, 0x00, 0x0f, 0xff,
    0x00, 0x00, 0x00, 0x9f, 0xff, 0xff, 0xfa, 0x00, 0xaf, 0xf2, 0x00, 0x07, 0xff, 0x70, 0x00, 0x0f,
    0xff, 0x00, 0x00, 0x00, 0x9f, 0xff, 0xff, 0xfa, 0x00, 0xaf, 0xf2, 0x00, 0x07, 0xff, 0x70, 0x00,
    0x0f, 0xff, 0x00, 0x00, 0x00, 0x00, 0x00, 0x3f, 0xfa, 0x00, 0xaf, 0xff, 0xff, 0xff, 0xff, 0xff,
    0xff, 0xff, 0xff, 0x00, 0x00, 0x00, 0x00, 0x00, 0x3f, 0xfa, 0x00, 0xaf, 0xff, 0xff, 0xff, 0xff,
    0xff, 0xff, 0xff, 0xff, 0x00, 0x00, 0x00, 0x00, 0x00, 0x3f, 0xfa, 0x00, 0x46, 0x66, 0x67, 0xff,
    0xff, 0xfd, 0x66, 0x66, 0x66, 0x00, 0x00, 0x00, 0x00, 0x00, 0x3f, 0xfa, 0x00, 0x00, 0x00, 0x0b,
    0xff, 0xff, 0xff, 0xd3, 0x00, 0x00, 0x00, 0x00, 0x00, 0x00, 0x00, 0x3f, 0xfa, 0x00, 0x00, 0x00,
    0x9f, 0xfe, 0xff, 0xff, 0xff, 0x70, 0x00, 0x00, 0x00, 0x00, 0x00, 0x00, 0x3f, 0xfa, 0x00, 0x00,
    0x0a, 0xff, 0xb8, 0xff, 0x79, 0xff, 0xfb, 0x10, 0x00, 0x00, 0x00, 0x00, 0x00, 0x3f, 0xfa, 0x00,
    0x03, 0xcf, 0xfc, 0x17, 0xff, 0x70, 0x6f, 0xff, 0xd2, 0x00, 0x00, 0x00, 0x00, 0x00, 0x3f, 0xfa,
    0x01, 0x7f, 0xff, 0xd1, 0x07, 0xff, 0x70, 0x03, 0xdf, 0xfe, 0x30, 0x00, 0x00, 0x00, 0x00, 0x3f,
    0xfa, 0x1d, 0xff, 0xfd, 0x20, 0x07, 0xff, 0x70, 0x00, 0x2c, 0xff, 0xa0, 0x00, 0x00, 0x00, 0x00,
    0x3f, 0xfa, 0x07, 0xff, 0xa1, 0x00, 0x07, 0xff, 0x70, 0x00, 0x01, 0xcc, 0x00, 0x00, 0x00, 0x00,
    0x03, 0xcf, 0xfe, 0x70, 0x95, 0x00, 0x00, 0x07, 0xff, 0x70, 0x00, 0x00, 0x11, 0x00, 0x00, 0x00,
    0x00, 0x8f, 0xff, 0xff, 0xfc, 0x40, 0x00, 0x00, 0x05, 0xaa, 0x50, 0x00, 0x00, 0x00, 0x00, 0x00,
    0x00, 0x1a, 0xff, 0xfb, 0x7d, 0xff, 0xfd, 0x85, 0x33, 0x21, 0x00, 0x01, 0x12, 0x34, 0x56, 0x77,
    0x00, 0x00, 0xaf, 0xff, 0x70, 0x00, 0x7e, 0xff, 0xff, 0xff, 0xff, 0xff, 0xff, 0xff, 0xff, 0xff,
    0xf8, 0x00, 0x00, 0x4f, 0xf6, 0x00, 0x00, 0x02, 0x8d, 0xff, 0xff, 0xff, 0xff, 0xff, 0xff, 0xff,
    0xff, 0xf4, 0x00, 0x00, 0x08, 0x80, 0x00, 0x00, 0x00, 0x00, 0x25, 0x79, 0xaa, 0xba, 0xaa, 0xa9,
    0x98, 0x87, 0x61, 0x00, 0x00, 0x00, 0x00, 0x00, 0x00, 0x00, 0x00, 0x00, 0x00, 0x00, 0x00, 0x00,
    0x00, 0x00, 0x00, 0x00, 0x00, 0x00, 0x00, 0x00, 0x00, 0x00, 0x00, 0x00, 0x00, 0x00, 0x00, 0x00,
    0x00, 0x00, 0x00, 0x00, 0x00, 0x00, 0x00, 0x00, 0x00, 0x00, 0x00, 0x00, 0x00, 0x00, 0x00, 0x00,
    0x00, 0x00, 0x00, 0x00, 0x00, 0x00, 0x00, 0x00, 0x6f, 0xff, 0xff, 0xff, 0xff, 0xff, 0xff, 0xf1,
    0x7e, 0xee, 0xee, 0xee, 0xee, 0xee, 0xb0, 0x00, 0x00, 0x6f, 0xff, 0xff, 0xff, 0xff, 0xff, 0xff,
    0xf1, 0x8f, 0xff, 0xff, 0xff, 0xff, 0xff, 0xd0, 0x00, 0x00, 0x4b, 0xbb, 0xbf, 0xfb, 0xcf, 0xfb,
    0xbb, 0xb1, 0x8f, 0xff, 0xff, 0xff, 0xff, 0xff, 0xd0, 0x00, 0x00, 0x00, 0x00, 0x0d, 0xf2, 0x3f,
    0xd0, 0x00, 0x00, 0x00, 0x00, 0x00, 0x00, 0x01, 0xff, 0xd0, 0x00, 0x00, 0x00, 0x00, 0x0d, 0xf2,
    0x3f, 0xd0, 0x00, 0x00, 0x00, 0x00, 0x00, 0x00, 0x01, 0xff, 0xd0, 0x00, 0x00, 0x00, 0x00, 0x0d,
    0xf2, 0x3f, 0xd0, 0x00, 0x00, 0x00, 0x00, 0x00, 0x00, 0x01, 0xff, 0xd0, 0x00, 0x00, 0x0a, 0xff,
    0xff, 0xff, 0xff, 0xff, 0xff, 0x60, 0x00, 0x00, 0x00, 0x00, 0x01, 0xff, 0xd0, 0x00, 0x00, 0x0a,
    0xff, 0xff, 0xff, 0xff, 0xff, 0xff, 0x60, 0x00, 0x00, 0x00, 0x00, 0x01, 0xff, 0xd0, 0x00, 0x00,
    0x0a, 0xfd, 0x8b, 0xf9, 0xbf, 0x99, 0xff, 0x60, 0x00, 0x00, 0x00, 0x00, 0x01, 0xff, 0xd0, 0x00,
    0x00, 0x0a, 0xfb, 0x07, 0xf1, 0x7f, 0x11, 0xff, 0x60, 0x00, 0x00, 0x00, 0x00, 0x01, 0xff, 0xd0,
    0x00, 0x00, 0x0a, 0xfb, 0x07, 0xf1, 0x7f, 0x11, 0xff, 0x60, 0x5d, 0xdd, 0xdd, 0xdd, 0xdd, 0xff,
    0xd0, 0x00, 0x00, 0x0a, 0xfb, 0x07, 0xf0, 0x7f, 0x11, 0xff, 0x60, 0x6f, 0xff, 0xff, 0xff, 0xff,
    0xff, 0xd0, 0x00, 0x00, 0x0a, 0xfb, 0x09, 0xe0, 0x7f, 0x11, 0xff, 0x60, 0x6f, 0xff, 0xff, 0xff,
    0xff, 0xff, 0xd0, 0x00, 0x00, 0x0a, 0xfb, 0x0b, 0xc0, 0x7f, 0x11, 0xff, 0x60, 0x6f, 0xf8, 0x00,
    0x00, 0x01, 0xff, 0xd0, 0x00, 0x00, 0x0a, 0xfb, 0x1e, 0x80, 0x6f, 0x21, 0xff, 0x60, 0x6f, 0xf8,
    0x00, 0x00, 0x01, 0xff, 0xd0, 0x00, 0x00, 0x0a, 0xfb, 0x8f, 0x30, 0x5f, 0xff, 0xff, 0x60, 0x6f,
    0xf8, 0x00, 0x00, 0x01, 0x99, 0x70, 0x00, 0x00, 0x0a, 0xfc, 0xe9, 0x00, 0x08, 0xaa, 0xff, 0x60,
    0x6f, 0xf8, 0x00, 0x00, 0x00, 0x00, 0x00, 0x00, 0x00, 0x0a, 0xfb, 0x31, 0x00, 0x00, 0x01, 0xff,
    0x60, 0x6f, 0xf8, 0x00, 0x00, 0x00, 0x00, 0x00, 0x00, 0x00, 0x0a, 0xfb, 0x00, 0x00, 0x00, 0x01,
    0xff, 0x60, 0x6f, 0xf8, 0x00, 0x00, 0x00, 0x00, 0x00, 0x00, 0x00, 0x0a, 0xff, 0xff, 0xff, 0xff,
    0xff, 0xff, 0x60, 0x6f, 0xf8, 0x00, 0x00, 0x00, 0x00, 0x00, 0x00, 0x00, 0x0a, 0xff, 0xff, 0xff,
    0xff, 0xff, 0xff, 0x60, 0x6f, 0xf8, 0x00, 0x00, 0x00, 0x04, 0x00, 0x00, 0x00, 0x0a, 0xfb, 0x33,
    0x33, 0x33, 0x33, 0xff, 0x60, 0x6f, 0xf8, 0x00, 0x00, 0x00, 0x0b, 0xd7, 0x00, 0x00, 0x0a, 0xfb,
    0x00, 0x00, 0x00, 0x01, 0xff, 0x60, 0x6f, 0xf8, 0x00, 0x00, 0x00, 0x0c, 0xff, 0x00, 0x00, 0x0a,
    0xfb, 0x00, 0x00, 0x00, 0x01, 0xff, 0x60, 0x6f, 0xf8, 0x00, 0x00, 0x00, 0x0d, 0xfe, 0x00, 0x00,
    0x0a, 0xfc, 0x66, 0x66, 0x66, 0x66, 0xff, 0x60, 0x6f, 0xf9, 0x00, 0x00, 0x00, 0x1f, 0xfc, 0x00,
    0x00, 0x0a, 0xff, 0xff, 0xff, 0xff, 0xff, 0xff, 0x60, 0x5f, 0xfc, 0x10, 0x00, 0x00, 0x7f, 0xf9,
    0x00, 0x00, 0x0a, 0xff, 0xff, 0xff, 0xff, 0xff, 0xff, 0x60, 0x3f, 0xff, 0xff, 0xff, 0xff, 0xff,
    0xf5, 0x00, 0x00, 0x0a, 0xfb, 0x00, 0x00, 0x00, 0x01, 0xff, 0x60, 0x0b, 0xff, 0xff, 0xff, 0xff,
    0xff, 0xc0, 0x00, 0x00, 0x0a, 0xfb, 0x00, 0x00, 0x00, 0x00, 0xbb, 0x50, 0x01, 0x7b, 0xcd, 0xdd,
    0xdd, 0xb8, 0x10, 0x00, 0x00, 0x02, 0x32, 0x00, 0x00, 0x00, 0x00, 0x00, 0x00, 0x00, 0x00, 0x00,
    0x00, 0x00, 0x00, 0x00, 0x00, 0x00, 0x00, 0x00, 0x00, 0x00, 0x00, 0x00, 0x00, 0x00, 0x00, 0x00,
    0x00, 0x00, 0x00, 0x00, 0x00, 0x00, 0x00, 0x00, 0x00, 0x00, 0x00, 0x00, 0x00, 0x00, 0x00, 0x00,
    0x00, 0x00, 0x00, 0x00, 0x00, 0x00, 0x00, 0x00, 0x00, 0x00, 0x6f, 0xff, 0xff, 0xff, 0xff, 0xff,
    0xff, 0xff, 0xff, 0xff, 0xf5, 0x00, 0x00, 0x00, 0x00, 0x00, 0x00, 0x6f, 0xfd, 0xaa, 0xaa, 0xaa,
    0xaa, 0xaa, 0xaa, 0xaa, 0xef, 0xf5, 0x00, 0x00, 0x00, 0x00, 0x00, 0x00, 0x6f, 0xf7, 0x00, 0x00,
    0x00, 0x00, 0x00, 0x00, 0x00, 0xbf, 0xf5, 0x00, 0x00, 0x00, 0x00, 0x00, 0x00, 0x6f, 0xff, 0xff,
    0xff, 0xff, 0xff, 0xff, 0xff, 0xff, 0xff, 0xf5, 0x00, 0x00, 0x00, 0x00, 0x00, 0x00, 0x6f, 0xfc,
    0x99, 0x99, 0x99, 0x99, 0x99, 0x99, 0x99, 0xdf, 0xf5, 0x00, 0x00, 0x00, 0x00, 0x00, 0x00, 0x6f,
    0xf7, 0x00, 0x00, 0x00, 0x00, 0x00, 0x00, 0x00, 0xbf, 0xf5, 0x00, 0x00, 0x00, 0x00, 0x00, 0x00,
    0x6f, 0xff, 0xff, 0xff, 0xff, 0xff, 0xff, 0xff, 0xff, 0xff, 0xf5, 0x00, 0x00, 0x00, 0x00, 0x00,
    0x00, 0x4a, 0xaa, 0xaa, 0xaa, 0xaa, 0xaa, 0xaa, 0xaa, 0xaa, 0xaa, 0xa3, 0x00, 0x00, 0x00, 0x00,
    0x00, 0x00, 0x00, 0x00, 0x00, 0x00, 0x00, 0x00, 0x00, 0x00, 0x00, 0x00, 0x00, 0x00, 0x00, 0x00,
    0x00, 0x7f, 0xff, 0xff, 0xff, 0xff, 0xff, 0xff, 0xff, 0xff, 0xff, 0xff, 0xff, 0xff, 0xff, 0xf7,
    0x00, 0x00, 0x7f, 0xff, 0xff, 0xff, 0xff, 0xff, 0xff, 0xff, 0xff, 0xff, 0xff, 0xff, 0xff, 0xff,
    0xf7, 0x00, 0x00, 0x13, 0x33, 0x33, 0x33, 0x33, 0x33, 0x33, 0x33, 0x33, 0x33, 0x33, 0x33, 0x33,
    0x33, 0x32, 0x00, 0x00, 0x00, 0x00, 0x00, 0x00, 0x00, 0x00, 0x00, 0x00, 0x00, 0x00, 0x00, 0x00,
    0x00, 0x00, 0x00, 0x00, 0x00, 0x00, 0x00, 0xff, 0xff, 0xff, 0xff, 0xff, 0xff, 0xff, 0xff, 0xff,
    0xff, 0xff, 0x30, 0x00, 0x00, 0x00, 0x00, 0x00, 0xff, 0xeb, 0xbb, 0xbb, 0xbd, 0xff, 0xdb, 0xbb,
    0xbb, 0xbe, 0xff, 0x30, 0x00, 0x00, 0x00, 0x00, 0x00, 0xff, 0xd0, 0x00, 0x00, 0x08, 0xff, 0x70,
    0x00, 0x00, 0x0c, 0xff, 0x30, 0x00, 0x00, 0x00, 0x00, 0x00, 0xff, 0xff, 0xff, 0xff, 0xff, 0xff,
    0xff, 0xff, 0xff, 0xff, 0xff, 0x30, 0x00, 0x00, 0x00, 0x00, 0x00, 0xff, 0xea, 0xaa, 0xaa, 0xac,
    0xff, 0xca, 0xaa, 0xaa, 0xae, 0xff, 0x30, 0x00, 0x00, 0x00, 0x00, 0x00, 0xff, 0xd0, 0x00, 0x00,
    0x08, 0xff, 0x70, 0x00, 0x00, 0x0c, 0xff, 0x30, 0x00, 0x00, 0x00, 0x00, 0x00, 0xff, 0xea, 0xaa,
    0xaa, 0xad, 0xff, 0xca, 0xaa, 0xaa, 0xae, 0xff, 0x30, 0x00, 0x00, 0x00, 0x00, 0x00, 0xff, 0xff,
    0xff, 0xff, 0xff, 0xff, 0xff, 0xff, 0xff, 0xff, 0xff, 0x30, 0x00, 0x00, 0x00, 0x00, 0x00, 0x00,
    0x00, 0x00, 0x00, 0x08, 0xff, 0x70, 0x00, 0x00, 0x00, 0x00, 0x00, 0x00, 0x00, 0x00, 0x00, 0x00,
    0x00, 0x00, 0x00, 0x00, 0x08, 0xff, 0x70, 0x00, 0x00, 0x00, 0x00, 0x00, 0x00, 0x00, 0x00, 0x00,
    0x0c, 0xff, 0xff, 0xff, 0xff, 0xff, 0xff, 0xff, 0xff, 0xff, 0xff, 0xff, 0xd0, 0x00, 0x00, 0x00,
    0x00, 0x0c, 0xff, 0xff, 0xff, 0xff, 0xff, 0xff, 0xff, 0xff, 0xff, 0xff, 0xff, 0xd0, 0x00, 0x00,
    0x00, 0x00, 0x00, 0x00, 0x00, 0x00, 0x00, 0x08, 0xff, 0x70, 0x00, 0x00, 0x00, 0x00, 0x00, 0x00,
    0x00, 0x00, 0x8f, 0xff, 0xff, 0xff, 0xff, 0xff, 0xff, 0xff, 0xff, 0xff, 0xff, 0xff, 0xff, 0xff,
    0xf9, 0x00, 0x00, 0x8f, 0xff, 0xff, 0xff, 0xff, 0xff, 0xff, 0xff, 0xff, 0xff, 0xff, 0xff, 0xff,
    0xff, 0xf9, 0x00, 0x00, 0x24, 0x44, 0x44, 0x44, 0x44, 0x44, 0x44, 0x44, 0x44, 0x44, 0x44, 0x44,
    0x44, 0x44, 0x43, 0x00, 0x00, 0x00, 0x00, 0x00, 0x00, 0x00, 0x00, 0x00, 0x00, 0x00, 0x00, 0x00,
    0x00, 0x00, 0x00, 0x00, 0x00, 0x00, 0x00, 0x00, 0x00, 0x00, 0x00, 0x00, 0x00, 0x00, 0x00, 0x00,
    0x00, 0x00, 0x00, 0x00, 0x00, 0x00, 0x00, 0x00, 0x00, 0x00, 0x00, 0x00, 0x00, 0x00, 0x55, 0x00,
    0x00, 0x00, 0x00, 0x00, 0x00, 0x00, 0x00, 0x00, 0x00, 0x00, 0x00, 0x00, 0x00, 0x00, 0x03, 0xef,
    0xd4, 0x00, 0x00, 0x00, 0x00, 0x00, 0x00, 0x00, 0x00, 0x00, 0x00, 0x00, 0x00, 0x00, 0x00, 0x1d,
    0xff, 0xe1, 0x00, 0x00, 0x00, 0x00, 0x00, 0x00, 0x00, 0x00, 0x00, 0x00, 0x00, 0x00, 0x00, 0x01,
    0xcf, 0xff, 0xf8, 0x00, 0x00, 0x00, 0x00, 0x00, 0x00, 0x00, 0x00, 0x00, 0x00, 0x00, 0x00, 0x00,
    0x2c, 0xff, 0xff, 0xff, 0xa0, 0x00, 0x00, 0x00, 0x00, 0x00, 0x00, 0x00, 0x00, 0x00, 0x00, 0x00,
    0x04, 0xef, 0xff, 0x76, 0xff, 0xfc, 0x30, 0x00, 0x00, 0x00, 0x00, 0x00, 0x00, 0x00, 0x00, 0x00,
    0x00, 0x8f, 0xff, 0xf6, 0x00, 0x4e, 0xff, 0xf8, 0x00, 0x00, 0x00, 0x00, 0x00, 0x00, 0x00, 0x00,
    0x00, 0x5d, 0xff, 0xff, 0x50, 0x00, 0x03, 0xdf, 0xff, 0xd5, 0x00, 0x00, 0x00, 0x00, 0x00, 0x00,
    0x00, 0x4c, 0xff, 0xff, 0xc3, 0x00, 0x00, 0x00, 0x19, 0xff, 0xff, 0xc5, 0x00, 0x00, 0x00, 0x00,
    0x01, 0x7c, 0xff, 0xff, 0xf8, 0x00, 0x00, 0x00, 0x00, 0x00, 0x4d, 0xff, 0xff, 0xc7, 0x10, 0x00,
    0x00, 0xaf, 0xff, 0xff, 0xff, 0xec, 0xcc, 0xcc, 0xcc, 0xcc, 0xcc, 0xcd, 0xff, 0xff, 0xff, 0xfa,
    0x10, 0x00, 0x6f, 0xff, 0xfc, 0xbf, 0xff, 0xff, 0xff, 0xff, 0xff, 0xff, 0xff, 0xf7, 0x9e, 0xff,
    0xf6, 0x00, 0x00, 0x0a, 0xfa, 0x40, 0x7f, 0xff, 0xff, 0xff, 0xff, 0xff, 0xff, 0xff, 0xf5, 0x01,
    0x8e, 0xa0, 0x00, 0x00, 0x01, 0x20, 0x00, 0x00, 0x00, 0x00, 0x0b, 0xff, 0x80, 0x00, 0x00, 0x00,
    0x00, 0x01, 0x10, 0x00, 0x00, 0x00, 0x00, 0x00, 0x00, 0x00, 0x00, 0x0b, 0xff, 0x80, 0x00, 0x00,
    0x00, 0x00, 0x00, 0x00, 0x00, 0x00, 0x00, 0x00, 0x00, 0x00, 0x00, 0x00, 0x0b, 0xff, 0x80, 0x00,
    0x00, 0x00, 0x00, 0x00, 0x00, 0x00, 0x00, 0x00, 0x00, 0x00, 0x00, 0x00, 0x00, 0x0b, 0xff, 0x80,
    0x00, 0x00, 0x00, 0x00, 0x00, 0x00, 0x00, 0x00, 0x00, 0x4b, 0xbb, 0xbb, 0xbb, 0xbb, 0xbe, 0xff,
    0xdb, 0xbb, 0xbb, 0xbb, 0xbb, 0xb4, 0x00, 0x00, 0x00, 0x00, 0x5f, 0xff, 0xff, 0xff, 0xff, 0xff,
    0xff, 0xff, 0xff, 0xff, 0xff, 0xff, 0xf5, 0x00, 0x00, 0x00, 0x00, 0x5f, 0xff, 0xff, 0xff, 0xff,
    0xff, 0xff, 0xff, 0xff, 0xff, 0xff, 0xff, 0xf5, 0x00, 0x00, 0x00, 0x00, 0x00, 0x00, 0x36, 0x00,
    0x00, 0x0b, 0xff, 0x80, 0x00, 0x00, 0x71, 0x00, 0x00, 0x00, 0x00, 0x00, 0x00, 0x00, 0x09, 0xff,
    0x30, 0x00, 0x0b, 0xff, 0x80, 0x00, 0x06, 0xff, 0x90, 0x00, 0x00, 0x00, 0x00, 0x00, 0x00, 0x06,
    0xff, 0xb0, 0x00, 0x0b, 0xff, 0x80, 0x00, 0x0c, 0xff, 0x70, 0x00, 0x00, 0x00, 0x00, 0x00, 0x00,
    0x00, 0xdf, 0xf4, 0x00, 0x0b, 0xff, 0x80, 0x00, 0x4f, 0xfd, 0x10, 0x00, 0x00, 0x00, 0x00, 0x00,
    0x00, 0x00, 0x5f, 0xfc, 0x00, 0x0b, 0xff, 0x80, 0x00, 0xbf, 0xf6, 0x00, 0x00, 0x00, 0x00, 0x00,
    0x00, 0x00, 0x00, 0x0d, 0xff, 0x30, 0x0b, 0xff, 0x80, 0x04, 0xff, 0xc0, 0x00, 0x00, 0x00, 0x00,
    0x00, 0x00, 0x00, 0x00, 0x08, 0xff, 0x50, 0x0b, 0xff, 0x80, 0x0b, 0xff, 0x30, 0x00, 0x00, 0x00,
    0x00, 0x00, 0x00, 0x00, 0x00, 0x02, 0x92, 0x00, 0x0b, 0xff, 0x80, 0x01, 0x77, 0x00, 0x00, 0x00,
    0x00, 0x00, 0x00, 0x0d, 0xff, 0xff, 0xff, 0xff, 0xff, 0xff, 0xff, 0xff, 0xff, 0xff, 0xff, 0xff,
    0xff, 0xe0, 0x00, 0x00, 0x0d, 0xff, 0xff, 0xff, 0xff, 0xff, 0xff, 0xff, 0xff, 0xff, 0xff, 0xff,
    0xff, 0xff, 0xe0, 0x00, 0x00, 0x0a, 0xcc, 0xcc, 0xcc, 0xcc, 0xcc, 0xcc, 0xcc, 0xcc, 0xcc, 0xcc,
    0xcc, 0xcc, 0xcc, 0xb0, 0x00, 0x00, 0x00, 0x00, 0x00, 0x00, 0x00, 0x00, 0x00, 0x00, 0x00, 0x00,
    0x00, 0x00, 0x00, 0x00, 0x00, 0x00, 0x00, 0x00, 0x00, 0x00, 0x00, 0x00, 0x00, 0x00, 0x00, 0x00,
    0x00, 0x00, 0x00, 0x00, 0x00, 0x00, 0x00, 0x00, 0x00, 0x00, 0x10, 0x00, 0x00, 0x00, 0x00, 0x00,
    0x00, 0x02, 0x44, 0x30, 0x00, 0x00, 0x00, 0x00, 0x00, 0x00, 0x00, 0xce, 0xa1, 0x00, 0x00, 0x00,
    0x00, 0x00, 0x06, 0xff, 0x90, 0x00, 0x00, 0x00, 0x00, 0x00, 0x00, 0x04, 0xff, 0xd0, 0x00, 0x00,
    0x00, 0x00, 0x00, 0x06, 0xff, 0x90, 0x00, 0x00, 0x00, 0x00, 0x00, 0x00, 0x0a, 0xff, 0x70, 0x00,
    0x00, 0x00, 0x00, 0x00, 0x06, 0xff, 0x90, 0x00, 0x00, 0x00, 0x00, 0x00, 0x00, 0x2f, 0xff, 0xcc,
    0xcc, 0xcc, 0x30, 0x00, 0x00, 0x06, 0xff, 0x90, 0x00, 0x00, 0x00, 0x00, 0x00, 0x00, 0xbf, 0xff,
    0xff, 0xff, 0xff, 0x40, 0x00, 0x00, 0x06, 0xff, 0x90, 0x00, 0x00, 0x00, 0x00, 0x00, 0x06, 0xff,
    0xff, 0xff, 0xff, 0xff, 0x40, 0x00, 0x00, 0x06, 0xff, 0x90, 0x00, 0x00, 0x00, 0x00, 0x00, 0x3e,
    0xff, 0x60, 0x00, 0x00, 0x00, 0x0b, 0xee, 0xee, 0xee, 0xff, 0xee, 0xee, 0xee, 0xe3, 0x00, 0x00,
    0xdf, 0xfc, 0x00, 0x00, 0x00, 0x00, 0x0c, 0xff, 0xff, 0xff, 0xff, 0xff, 0xff, 0xff, 0xf3, 0x00,
    0x00, 0x8f, 0xe3, 0x00, 0x00, 0x00, 0x00, 0x0c, 0xff, 0xff, 0xff, 0xff, 0xff, 0xff, 0xff, 0xf3,
    0x00, 0x00, 0x1e, 0x9b, 0xbb, 0xbb, 0xbb, 0xb7, 0x0c, 0xfe, 0x00, 0x06, 0xff, 0x90, 0x00, 0xaf,
    0xf3, 0x00, 0x00, 0x03, 0x6f, 0xff, 0xff, 0xff, 0xfa, 0x0c, 0xfe, 0x00, 0x06, 0xff, 0x90, 0x00,
    0xaf, 0xf3, 0x00, 0x00, 0x00, 0x6f, 0xff, 0xff, 0xff, 0xfa, 0x0c, 0xfe, 0x00, 0x06, 0xff, 0x90,
    0x00, 0xaf, 0xf3, 0x00, 0x00, 0x00, 0x00, 0x0b, 0xff, 0x20, 0x00, 0x0c, 0xfe, 0x00, 0x06, 0xff,
    0x90, 0x00, 0xaf, 0xf3, 0x00, 0x00, 0x00, 0x00, 0x0b, 0xff, 0x20, 0x00, 0x0c, 0xfe, 0x00, 0x06,
    0xff, 0x90, 0x00, 0xaf, 0xf3, 0x00, 0x00, 0x00, 0x00, 0x0b, 0xff, 0x20, 0x00, 0x0c, 0xfe, 0x00,
    0x06, 0xff, 0x90, 0x00, 0xaf, 0xf3, 0x00, 0x00, 0x00, 0x00, 0x0b, 0xff, 0x20, 0x00, 0x0c, 0xfe,
    0x00, 0x06, 0xff, 0x90, 0x00, 0xaf, 0xf3, 0x00, 0x00, 0x3f, 0xff, 0xff, 0xff, 0xff, 0xff, 0x5c,
    0xfe, 0x00, 0x06, 0xff, 0x90, 0x00, 0xaf, 0xf3, 0x00, 0x00, 0x3f, 0xff, 0xff, 0xff, 0xff, 0xff,
    0x5c, 0xff, 0xff, 0xff, 0xff, 0xff, 0xff, 0xff, 0xf3, 0x00, 0x00, 0x2b, 0xbb, 0xbe, 0xff, 0xcb,
    0xbb, 0x4c, 0xff, 0xff, 0xff, 0xff, 0xff, 0xff, 0xff, 0xf3, 0x00, 0x00, 0x00, 0x00, 0x0b, 0xff,
    0x20, 0x00, 0x0c, 0xff, 0xee, 0xef, 0xff, 0xfe, 0xee, 0xff, 0xf3, 0x00, 0x00, 0x00, 0x00, 0x0b,
    0xff, 0x20, 0x00, 0x0c, 0xfe, 0x00, 0x06, 0xff, 0x90, 0x00, 0xaf, 0xf3, 0x00, 0x00, 0x00, 0x00,
    0x0b, 0xff, 0x20, 0x00, 0x0b, 0xed, 0x00, 0x06, 0xff, 0x90, 0x00, 0x7a, 0xa2, 0x00, 0x00, 0x00,
    0x00, 0x0b, 0xff, 0x20, 0x00, 0x00, 0x00, 0x00, 0x06, 0xff, 0x90, 0x00, 0x00, 0x00, 0x00, 0x00,
    0x00, 0x00, 0x0b, 0xff, 0x20, 0x29, 0x50, 0x00, 0x00, 0x06, 0xff, 0x90, 0x00, 0x00, 0x00, 0x00,
    0x00, 0x00, 0x00, 0x0b, 0xff, 0x49, 0xff, 0x70, 0x00, 0x00, 0x06, 0xff, 0x90, 0x00, 0x00, 0x00,
    0x00, 0x00, 0x00, 0x00, 0x0d, 0xff, 0xff, 0xff, 0x90, 0x00, 0x00, 0x06, 0xff, 0x90, 0x00, 0x00,
    0x00, 0x00, 0x00, 0x00, 0x00, 0x5f, 0xff, 0xff, 0xe6, 0x00, 0x00, 0x00, 0x06, 0xff, 0x90, 0x00,
    0x00, 0x00, 0x00, 0x00, 0x00, 0x03, 0xef, 0xff, 0xe7, 0x10, 0x00, 0x00, 0x00, 0x06, 0xff, 0x90,
    0x00, 0x00, 0x00, 0x00, 0x00, 0x00, 0x02, 0xef, 0xf8, 0x10, 0x00, 0x00, 0x00, 0x00, 0x06, 0xff,
    0x90, 0x00, 0x00, 0x00, 0x00, 0x00, 0x00, 0x00, 0x6b, 0x20, 0x00, 0x00, 0x00, 0x00, 0x00, 0x06,
    0xff, 0x90, 0x00, 0x00, 0x00, 0x00, 0x00, 0x00, 0x00, 0x00, 0x00, 0x00, 0x00, 0x00, 0x00, 0x00,
    0x02, 0x66, 0x30, 0x00, 0x00, 0x00, 0x00, 0x00, 0x00, 0x00, 0x00, 0x00, 0x00, 0x00, 0x00, 0x00,
    0x00, 0x00, 0x00, 0x00, 0x00, 0x00, 0x00, 0x00, 0x00, 0x00, 0x00, 0x00, 0x00, 0x00, 0x00, 0x00,
    0x00, 0x00, 0x00, 0x00, 0x00, 0x00, 0x00, 0x00, 0x00, 0x00, 0x00, 0x00, 0x10, 0x00, 0x00, 0x00,
    0x00, 0x00, 0x00, 0x05, 0x54, 0x00, 0x00, 0x00, 0x00, 0x00, 0x00, 0x00, 0x00, 0xce, 0xa1, 0x00,
    0x00, 0x00, 0x00, 0x00, 0x2f, 0xfd, 0x00, 0x00, 0x00, 0x00, 0x00, 0x00, 0x00, 0x04, 0xff, 0xd0,
    0x00, 0x00, 0x00, 0x00, 0x00, 0x2f, 0xfd, 0x00, 0x00, 0x00, 0x00, 0x00, 0x00, 0x00, 0x0a, 0xff,
    0x70, 0x00, 0x00, 0x00, 0x00, 0x00, 0x2f, 0xfd, 0x00, 0x00, 0x00, 0x00, 0x00, 0x00, 0x00, 0x2f,
    0xff, 0xcc, 0xcc, 0xcc, 0xc0, 0x00, 0x00, 0x2f, 0xfd, 0x00, 0x00, 0x00, 0x00, 0x00, 0x00, 0x00,
    0xbf, 0xff, 0xff, 0xff, 0xff, 0xf0, 0x00, 0x00, 0x2f, 0xfd, 0x00, 0x00, 0x00, 0x00, 0x00, 0x00,
    0x06, 0xff, 0xff, 0xff, 0xff, 0xff, 0xf0, 0x00, 0x00, 0x2f, 0xfd, 0x00, 0x00, 0x00, 0x00, 0x00,
    0x00, 0x3e, 0xff, 0x60, 0x00, 0x00, 0x00, 0x00, 0x00, 0x00, 0x2f, 0xff, 0xcc, 0xcc, 0xcc, 0xca,
    0x00, 0x00, 0xdf, 0xfc, 0x00, 0x00, 0x00, 0x00, 0x00, 0x00, 0x00, 0x2f, 0xff, 0xff, 0xff, 0xff,
    0xfd, 0x00, 0x00, 0x8f, 0xe3, 0x00, 0x00, 0x00, 0x00, 0x00, 0x00, 0x00, 0x2f, 0xff, 0xff, 0xff,
    0xff, 0xfd, 0x00, 0x00, 0x1e, 0x9b, 0xbb, 0xbb, 0xbb, 0xba, 0x00, 0x00, 0x00, 0x2f, 0xfd, 0x00,
    0x00, 0x00, 0x00, 0x00, 0x00, 0x03, 0x6f, 0xff, 0xff, 0xff, 0xfe, 0x00, 0x00, 0x00, 0x2f, 0xfd,
    0x00, 0x00, 0x00, 0x00, 0x00, 0x00, 0x00, 0x6f, 0xff, 0xff, 0xff, 0xfe, 0x00, 0x00, 0x00, 0x2f,
    0xfd, 0x00, 0x00, 0x00, 0x00, 0x00, 0x00, 0x00, 0x00, 0x0b, 0xff, 0x30, 0x00, 0x00, 0x00, 0x00,
    0x2f, 0xfd, 0x00, 0x00, 0x00, 0x00, 0x00, 0x00, 0x00, 0x00, 0x0b, 0xff, 0x30, 0x00, 0x00, 0x00,
    0x00, 0x2f, 0xfd, 0x00, 0x00, 0x00, 0x00, 0x00, 0x00, 0x00, 0x00, 0x0b, 0xff, 0x30, 0x00, 0x00,
    0x00, 0x00, 0x2f, 0xfd, 0x00, 0x00, 0x00, 0x00, 0x00, 0x00, 0x00, 0x00, 0x0b, 0xff, 0x30, 0x00,
    0x04, 0xcc, 0xcc, 0xdf, 0xff, 0xcc, 0xcc, 0xcc, 0x80, 0x00, 0x00, 0x3f, 0xff, 0xff, 0xff, 0xff,
    0xff, 0x55, 0xff, 0xff, 0xff, 0xff, 0xff, 0xff, 0xff, 0xa0, 0x00, 0x00, 0x3f, 0xff, 0xff, 0xff,
    0xff, 0xff, 0x55, 0xff, 0xff, 0xff, 0xff, 0xff, 0xff, 0xff, 0xa0, 0x00, 0x00, 0x2b, 0xbb, 0xbe,
    0xff, 0xcb, 0xbb, 0x45, 0xff, 0x90, 0x00, 0x00, 0x00, 0x05, 0xff, 0xa0, 0x00, 0x00, 0x00, 0x00,
    0x0b, 0xff, 0x30, 0x00, 0x05, 0xff, 0x90, 0x00, 0x00, 0x00, 0x05, 0xff, 0xa0, 0x00, 0x00, 0x00,
    0x00, 0x0b, 0xff, 0x30, 0x00, 0x05, 0xff, 0x90, 0x00, 0x00, 0x00, 0x05, 0xff, 0xa0, 0x00, 0x00,
    0x00, 0x00, 0x0b, 0xff, 0x30, 0x00, 0x05, 0xff, 0x90, 0x00, 0x00, 0x00, 0x05, 0xff, 0xa0, 0x00,
    0x00, 0x00, 0x00, 0x0b, 0xff, 0x30, 0x00, 0x05, 0xff, 0x90, 0x00, 0x00, 0x00, 0x05, 0xff, 0xa0,
    0x00, 0x00, 0x00, 0x00, 0x0b, 0xff, 0x30, 0x07, 0x15, 0xff, 0x90, 0x00, 0x00, 0x00, 0x05, 0xff,
    0xa0, 0x00, 0x00, 0x00, 0x00, 0x0b, 0xff, 0x36, 0xdf, 0x35, 0xff, 0x90, 0x00, 0x00, 0x00, 0x05,
    0xff, 0xa0, 0x00, 0x00, 0x00, 0x00, 0x0c, 0xff, 0xef, 0xff, 0x65, 0xff, 0x90, 0x00, 0x00, 0x00,
    0x05, 0xff, 0xa0, 0x00, 0x00, 0x00, 0x00, 0x3f, 0xff, 0xff, 0xf9, 0x15, 0xff, 0xff, 0xff, 0xff,
    0xff, 0xff, 0xff, 0xa0, 0x00, 0x00, 0x00, 0x02, 0xdf, 0xff, 0xf9, 0x20, 0x05, 0xff, 0xff, 0xff,
    0xff, 0xff, 0xff, 0xff, 0xa0, 0x00, 0x00, 0x00, 0x02, 0xef, 0xfa, 0x20, 0x00, 0x05, 0xff, 0xec,
    0xcc, 0xcc, 0xcc, 0xcd, 0xff, 0xa0, 0x00, 0x00, 0x00, 0x00, 0x6c, 0x30, 0x00, 0x00, 0x05, 0xff,
    0x90, 0x00, 0x00, 0x00, 0x05, 0xff, 0xa0, 0x00, 0x00, 0x00, 0x00, 0x00, 0x00, 0x00, 0x00, 0x02,
    0x55, 0x30, 0x00, 0x00, 0x00, 0x01, 0x33, 0x20, 0x00, 0x00, 0x00, 0x00, 0x00, 0x00, 0x00, 0x00,
    0x00, 0x00, 0x00, 0x00, 0x00, 0x00, 0x00, 0x00, 0x00, 0x00, 0x00, 0x00, 0x00, 0x00, 0x00, 0x00,
    0x00, 0x00, 0x00, 0x00, 0x00, 0x00, 0x00, 0x00, 0x00, 0x00, 0x00, 0x00, 0x00, 0x00, 0x10, 0x00,
    0x00, 0x00, 0x00, 0x00, 0x00, 0x00, 0x00, 0x00, 0x00, 0x00, 0x00, 0x00, 0x00, 0x00, 0x00, 0xbe,
    0xa2, 0x00, 0x00, 0x00, 0x00, 0x00, 0x00, 0x00, 0x00, 0x00, 0x00, 0x00, 0x00, 0x00, 0x00, 0x03,
    0xff, 0xe0, 0x00, 0x00, 0x02, 0xff, 0xff, 0xff, 0xff, 0xff, 0xff, 0xfe, 0x00, 0x00, 0x00, 0x00,
    0x0a, 0xff, 0x80, 0x00, 0x00, 0x02, 0xff, 0xff, 0xff, 0xff, 0xff, 0xff, 0xfe, 0x00, 0x00, 0x00,
    0x00, 0x2f, 0xff, 0xed, 0xdd, 0xdd, 0x02, 0xff, 0xea, 0xaa, 0xaa, 0xaa, 0xae, 0xfe, 0x00, 0x00,
    0x00, 0x00, 0xaf, 0xff, 0xff, 0xff, 0xff, 0x02, 0xff, 0xc0, 0x00, 0x00, 0x00, 0x0d, 0xfe, 0x00,
    0x00, 0x00, 0x06, 0xff, 0xff, 0xff, 0xff, 0xff, 0x02, 0xff, 0xc0, 0x00, 0x00, 0x00, 0x0d, 0xfe,
    0x00, 0x00, 0x00, 0x3e, 0xff, 0x70, 0x00, 0x00, 0x00, 0x02, 0xff, 0xc0, 0x00, 0x00, 0x00, 0x0d,
    0xfe, 0x00, 0x00, 0x00, 0xcf, 0xfc, 0x00, 0x00, 0x00, 0x00, 0x02, 0xff, 0xff, 0xff, 0xff, 0xff,
    0xff, 0xfe, 0x00, 0x00, 0x00, 0x7f, 0xf3, 0x00, 0x00, 0x00, 0x00, 0x02, 0xff, 0xff, 0xff, 0xff,
    0xff, 0xff, 0xfe, 0x00, 0x00, 0x00, 0x1e, 0x9b, 0xbb, 0xbb, 0xbb, 0xb7, 0x02, 0xff, 0xe7, 0x77,
    0x77, 0x77, 0x7e, 0xfe, 0x00, 0x00, 0x00, 0x03, 0x5f, 0xff, 0xff, 0xff, 0xf9, 0x02, 0xff, 0xc0,
    0x00, 0x00, 0x00, 0x0d, 0xfe, 0x00, 0x00, 0x00, 0x00, 0x5f, 0xff, 0xff, 0xff, 0xf9, 0x02, 0xff,
    0xc0, 0x00, 0x00, 0x00, 0x0d, 0xfe, 0x00, 0x00, 0x00, 0x00, 0x00, 0x0d, 0xff, 0x00, 0x00, 0x02,
    0xff, 0xc0, 0x00, 0x00, 0x00, 0x0d, 0xfe, 0x00, 0x00, 0x00, 0x00, 0x00, 0x0d, 0xff, 0x00, 0x00,
    0x02, 0xff, 0xe9, 0x99, 0x99, 0x99, 0x9e, 0xfe, 0x00, 0x00, 0x00, 0x00, 0x00, 0x0d, 0xff, 0x00,
    0x00, 0x02, 0xff, 0xff, 0xff, 0xff, 0xff, 0xff, 0xfe, 0x00, 0x00, 0x00, 0x00, 0x00, 0x0d, 0xff,
    0x00, 0x00, 0x02, 0xff, 0xff, 0xff, 0xff, 0xff, 0xff, 0xfe, 0x00, 0x00, 0x00, 0x2f, 0xff, 0xff,
    0xff, 0xff, 0xff, 0x52, 0xff, 0xc0, 0x0a, 0xfd, 0x00, 0x00, 0x01, 0x00, 0x00, 0x00, 0x2f, 0xff,
    0xff, 0xff, 0xff, 0xff, 0x52, 0xff, 0xc0, 0x06, 0xff, 0x30, 0x00, 0x3e, 0x40, 0x00, 0x00, 0x1b,
    0xbb, 0xbe, 0xff, 0xbb, 0xbb, 0x42, 0xff, 0xc0, 0x01, 0xff, 0x90, 0x04, 0xef, 0xe3, 0x00, 0x00,
    0x00, 0x00, 0x0d, 0xff, 0x00, 0x00, 0x02, 0xff, 0xc0, 0x00, 0xcf, 0xe0, 0x7f, 0xff, 0xb1, 0x00,
    0x00, 0x00, 0x00, 0x0d, 0xff, 0x00, 0x00, 0x02, 0xff, 0xc0, 0x00, 0x7f, 0xfc, 0xff, 0xf8, 0x00,
    0x00, 0x00, 0x00, 0x00, 0x0d, 0xff, 0x00, 0x00, 0x02, 0xff, 0xc0, 0x00, 0x1e, 0xff, 0xfe, 0x40,
    0x00, 0x00, 0x00, 0x00, 0x00, 0x0d, 0xff, 0x00, 0x00, 0x02, 0xff, 0xc0, 0x00, 0x08, 0xff, 0xd1,
    0x00, 0x00, 0x00, 0x00, 0x00, 0x00, 0x0d, 0xff, 0x00, 0x18, 0x32, 0xff, 0xc0, 0x00, 0x01, 0xff,
    0xf5, 0x00, 0x00, 0x00, 0x00, 0x00, 0x00, 0x0d, 0xff, 0x28, 0xef, 0x52, 0xff, 0xc0, 0x00, 0x00,
    0x8f, 0xfe, 0x30, 0x00, 0x00, 0x00, 0x00, 0x00, 0x0e, 0xff, 0xef, 0xff, 0x83, 0xff, 0xc0, 0x37,
    0xad, 0x0c, 0xff, 0xe3, 0x00, 0x00, 0x00, 0x00, 0x00, 0x4f, 0xff, 0xff, 0xe7, 0x07, 0xff, 0xff,
    0xff, 0xff, 0x02, 0xef, 0xff, 0x81, 0x00, 0x00, 0x00, 0x01, 0xef, 0xff, 0xe7, 0x10, 0x3e, 0xff,
    0xff, 0xff, 0xfe, 0x10, 0x4f, 0xff, 0xfc, 0x00, 0x00, 0x00, 0x00, 0xbf, 0xf8, 0x10, 0x00, 0x2f,
    0xff, 0xff, 0xb7, 0x30, 0x00, 0x03, 0xdf, 0xf4, 0x00, 0x00, 0x00, 0x00, 0x4b, 0x20, 0x00, 0x00,
    0x08, 0xea, 0x51, 0x00, 0x00, 0x00, 0x00, 0x1a, 0x80, 0x00, 0x00, 0x00, 0x00, 0x00, 0x00, 0x00,
    0x00, 0x01, 0x10, 0x00, 0x00, 0x00, 0x00, 0x00, 0x00, 0x00, 0x00, 0x00, 0x00, 0x00, 0x00, 0x00,
    0x00, 0x00, 0x00, 0x00, 0x00, 0x00, 0x00, 0x00, 0x00, 0x00, 0x00, 0x00, 0x00, 0x00, 0x00, 0x00,
    0x00, 0x00, 0x00, 0x00, 0x00, 0x00, 0x00, 0x00, 0x00, 0x00, 0x00, 0x00, 0x00, 0x00, 0x00, 0x02,
    0x40, 0x00, 0x00, 0x00, 0x00, 0x00, 0x00, 0x00, 0x03, 0x42, 0x00, 0x00, 0x00, 0x00, 0x00, 0x00,
    0x08, 0xfe, 0x40, 0x00, 0x00, 0x00, 0x00, 0x00, 0x00, 0x0d, 0xf7, 0x00, 0x00, 0x00, 0x00, 0x00,
    0x00, 0x0d, 0xfe, 0x10, 0x00, 0xac, 0xcc, 0xce, 0x70, 0x00, 0x0d, 0xf7, 0x00, 0x00, 0x00, 0x00,
    0x00, 0x00, 0x4f, 0xfa, 0x00, 0x00, 0xcf, 0xff, 0xff, 0xd5, 0xff, 0xff, 0xff, 0xff, 0xff, 0x10,
    0x00, 0x00, 0x00, 0xaf, 0xff, 0xff, 0xfa, 0xcf, 0xff, 0xff, 0x85, 0xff, 0xff, 0xff, 0xff, 0xff,
    0x10, 0x00, 0x00, 0x02, 0xff, 0xff, 0xff, 0xfa, 0x22, 0x27, 0xff, 0x31, 0x22, 0x2e, 0xf8, 0x23,
    0xff, 0x10, 0x00, 0x00, 0x09, 0xff, 0xff, 0xff, 0xfa, 0x00, 0x0a, 0xfd, 0x00, 0x00, 0x0d, 0xf7,
    0x01, 0xff, 0x10, 0x00, 0x00, 0x3f, 0xfe, 0x10, 0x00, 0x00, 0x00, 0x1f, 0xf8, 0x13, 0x33, 0x3e,
    0xf9, 0x35, 0xff, 0x43, 0x00, 0x00, 0xdf, 0xf6, 0x00, 0x00, 0x00, 0x00, 0x6f, 0xf2, 0x5f, 0xff,
    0xff, 0xff, 0xff, 0xff, 0xfe, 0x00, 0x01, 0xdf, 0xd0, 0x00, 0x00, 0x00, 0x00, 0xcf, 0xb0, 0x5f,
    0xff, 0xff, 0xff, 0xff, 0xff, 0xfe, 0x00, 0x00, 0x4f, 0xc9, 0x99, 0x99, 0x96, 0x04, 0xff, 0x40,
    0x00, 0x00, 0x0d, 0xf7, 0x01, 0xff, 0x10, 0x00, 0x00, 0x07, 0xff, 0xff, 0xff, 0xf9, 0x1d, 0xfb,
    0x00, 0x00, 0x00, 0x0d, 0xf7, 0x01, 0xff, 0x10, 0x00, 0x00, 0x03, 0xff, 0xff, 0xff, 0xfa, 0xbf,
    0xff, 0xff, 0xb5, 0xff, 0xff, 0xff, 0xff, 0xff, 0x10, 0x00, 0x00, 0x00, 0x00, 0xff, 0x80, 0x03,
    0xff, 0xff, 0xff, 0xb5, 0xff, 0xff, 0xff, 0xff, 0xff, 0x10, 0x00, 0x00, 0x00, 0x00, 0xff, 0x80,
    0x00, 0x98, 0x77, 0xdf, 0xa1, 0x22, 0x2e, 0xf8, 0x22, 0x22, 0x00, 0x00, 0x00, 0x00, 0x00, 0xff,
    0x80, 0x00, 0x00, 0x00, 0xcf, 0x80, 0x00, 0x0d, 0xf7, 0x00, 0x00, 0x00, 0x00, 0x00, 0x00, 0x00,
    0xff, 0x80, 0x00, 0x00, 0x00, 0xef, 0x72, 0x55, 0x5e, 0xf9, 0x55, 0x55, 0x20, 0x00, 0x00, 0x6f,
    0xff, 0xff, 0xff, 0xfe, 0x02, 0x21, 0xff, 0x57, 0xff, 0xff, 0xff, 0xff, 0xff, 0x70, 0x00, 0x00,
    0x6f, 0xff, 0xff, 0xff, 0xfe, 0x9f, 0x73, 0xff, 0x37, 0xff, 0xff, 0xff, 0xff, 0xff, 0x70, 0x00,
    0x00, 0x4b, 0xbb, 0xff, 0xdb, 0xba, 0x7f, 0xc6, 0xff, 0x00, 0x00, 0x0d, 0xf7, 0x00, 0x00, 0x00,
    0x00, 0x00, 0x00, 0x00, 0xff, 0x80, 0x00, 0x2f, 0xfc, 0xfc, 0x00, 0x00, 0x0d, 0xf7, 0x00, 0x00,
    0x00, 0x00, 0x00, 0x00, 0x00, 0xff, 0x80, 0x00, 0x0b, 0xff, 0xf9, 0x4f, 0xff, 0xff, 0xff, 0xff,
    0xff, 0xf2, 0x00, 0x00, 0x00, 0x00, 0xff, 0x80, 0x00, 0x05, 0xff, 0xf4, 0x4f, 0xff, 0xff, 0xff,
    0xff, 0xff, 0xf2, 0x00, 0x00, 0x00, 0x00, 0xff, 0x80, 0x15, 0x00, 0xdf, 0xf1, 0x15, 0x55, 0x5e,
    0xf9, 0x55, 0x55, 0x51, 0x00, 0x00, 0x00, 0x00, 0xff, 0x83, 0xeb, 0x01, 0xef, 0xf7, 0x00, 0x00,
    0x0d, 0xf7, 0x00, 0x00, 0x00, 0x00, 0x00, 0x00, 0x00, 0xff, 0xcf, 0xff, 0x27, 0xff, 0xff, 0x50,
    0x00, 0x0d, 0xf7, 0x00, 0x00, 0x00, 0x00, 0x00, 0x00, 0x02, 0xff, 0xff, 0xf8, 0x1e, 0xfe, 0xff,
    0xf8, 0x10, 0x0d, 0xf7, 0x00, 0x00, 0x00, 0x00, 0x00, 0x00, 0x08, 0xff, 0xfe, 0x50, 0x9f, 0xf6,
    0x4e, 0xff, 0xd6, 0x24, 0x52, 0x00, 0x00, 0x00, 0x00, 0x00, 0x00, 0x3f, 0xff, 0xd3, 0x07, 0xff,
    0xc0, 0x04, 0xef, 0xff, 0xfc, 0xa9, 0x87, 0x77, 0x77, 0x00, 0x00, 0x00, 0x4f, 0xfb, 0x10, 0x7f,
    0xfe, 0x20, 0x00, 0x18, 0xef, 0xff, 0xff, 0xff, 0xff, 0xf9, 0x00, 0x00, 0x00, 0x07, 0x90, 0x00,
    0x2e, 0xd2, 0x00, 0x00, 0x00, 0x15, 0x9c, 0xde, 0xff, 0xff, 0xf5, 0x00, 0x00, 0x00, 0x00, 0x00,
    0x00, 0x05, 0x20, 0x00, 0x00, 0x00, 0x00, 0x00, 0x00, 0x00, 0x00, 0x00, 0x00, 0x00, 0x00, 0x00,
    0x00, 0x00, 0x00, 0x00, 0x00, 0x00, 0x00, 0x00, 0x00, 0x00, 0x00, 0x00, 0x00, 0x00, 0x00, 0x00,
    0x00, 0x00, 0x00, 0x00, 0x00, 0x00, 0x00, 0x00, 0x00, 0x00, 0x00, 0x00, 0x00, 0x00, 0x00, 0x00,
    0x00, 0x00, 0x00, 0x13, 0x32, 0x00, 0x00, 0x00, 0x00, 0x00, 0x00, 0x00, 0x00, 0x00, 0x00, 0x00,
    0x00, 0x00, 0x00, 0x00, 0x6f, 0xfb, 0x00, 0x00, 0x00, 0x00, 0x00, 0x00, 0x18, 0x30, 0x00, 0x00,
    0x00, 0x00, 0x00, 0x00, 0x00, 0x6f, 0xfb, 0x00, 0x00, 0x00, 0x00, 0x00, 0x01, 0xcf, 0xfc, 0x20,
    0x00, 0x00, 0x00, 0x00, 0x00, 0x00, 0x6f, 0xfb, 0x00, 0x00, 0x00, 0x00, 0x00, 0x2c, 0xff, 0xf8,
    0x00, 0x00, 0x00, 0x00, 0x00, 0x00, 0x00, 0x6f, 0xfb, 0x00, 0x00, 0x00, 0x00, 0x05, 0xef, 0xff,
    0x80, 0x00, 0x00, 0x00, 0x00, 0x00, 0x00, 0x00, 0x6f, 0xfb, 0x00, 0x00, 0x00, 0x01, 0x9f, 0xff,
    0xf6, 0x00, 0x00, 0x00, 0x00, 0x00, 0x00, 0x00, 0x00, 0x6f, 0xfb, 0x00, 0x00, 0x00, 0x6e, 0xff,
    0xfe, 0x30, 0x00, 0x00, 0x00, 0x00, 0x00, 0x00, 0x00, 0x00, 0x6f, 0xfb, 0x00, 0x00, 0x4c, 0xff,
    0xff, 0xb1, 0x00, 0x00, 0x00, 0x00, 0x00, 0x00, 0x00, 0x00, 0x00, 0x6f, 0xfb, 0x00, 0x5c, 0xff,
    0xff, 0xe6, 0x00, 0x00, 0x00, 0x00, 0x00, 0x00, 0x00, 0x00, 0x00, 0x00, 0x6f, 0xfb, 0x01, 0xcf,
    0xff, 0xfa, 0x10, 0x00, 0x00, 0x00, 0x00, 0x00, 0x00, 0x00, 0x00, 0x00, 0x00, 0x6f, 0xfb, 0x00,
    0x1c, 0xfb, 0x30, 0x00, 0x00, 0x00, 0x00, 0x00, 0x00, 0x00, 0x00, 0x00, 0x00, 0x00, 0x6f, 0xfb,
    0x00, 0x01, 0x40, 0x00, 0x00, 0x00, 0x00, 0x00, 0x00, 0x00, 0x00, 0x00, 0x00, 0x00, 0x00, 0x6f,
    0xfb, 0x00, 0x00, 0x00, 0x00, 0x00, 0x00, 0x00, 0x00, 0x00, 0x00, 0x00, 0x00, 0x4f, 0xff, 0xff,
    0xff, 0xff, 0xff, 0xff, 0xff, 0xff, 0xff, 0xff, 0xff, 0xff, 0xff, 0xf4, 0x00, 0x00, 0x4f, 0xff,
    0xff, 0xff, 0xff, 0xff, 0xff, 0xff, 0xff, 0xff, 0xff, 0xff, 0xff, 0xff, 0xf4, 0x00, 0x00, 0x4f,
    0xff, 0xff, 0xff, 0xff, 0xff, 0xff, 0xff, 0xff, 0xff, 0xff, 0xff, 0xff, 0xff, 0xf4, 0x00, 0x00,
    0x00, 0x00, 0x00, 0x6f, 0xfb, 0x00, 0x00, 0x7f, 0xfb, 0x00, 0x00, 0x00, 0x00, 0x00, 0x00, 0x00,
    0x00, 0x00, 0x00, 0x00, 0x6f, 0xfb, 0x00, 0x00, 0x1e, 0xff, 0x40, 0x00, 0x00, 0x00, 0x00, 0x00,
    0x00, 0x00, 0x00, 0x00, 0x00, 0x6f, 0xfb, 0x00, 0x00, 0x08, 0xff, 0xc0, 0x00, 0x00, 0x00, 0x00,
    0x00, 0x00, 0x00, 0x00, 0x00, 0x00, 0x6f, 0xfb, 0x00, 0x00, 0x01, 0xef, 0xf6, 0x00, 0x00, 0x00,
    0x00, 0x00, 0x00, 0x00, 0x00, 0x00, 0x00, 0x6f, 0xfb, 0x00, 0x00, 0x00, 0x9f, 0xfe, 0x30, 0x00,
    0x00, 0x00, 0x00, 0x00, 0x00, 0x00, 0x00, 0x00, 0x6f, 0xfb, 0x00, 0x00, 0x00, 0x1d, 0xff, 0xe2,
    0x00, 0x00, 0x00, 0x00, 0x00, 0x00, 0x00, 0x00, 0x00, 0x6f, 0xfb, 0x00, 0x00, 0x00, 0x03, 0xff,
    0xfd, 0x10, 0x00, 0x00, 0x00, 0x00, 0x00, 0x00, 0x00, 0x00, 0x6f, 0xfb, 0x00, 0x00, 0x00, 0x00,
    0x7f, 0xff, 0xd3, 0x00, 0x00, 0x00, 0x00, 0x00, 0x00, 0x00, 0x00, 0x6f, 0xfb, 0x00, 0x00, 0x01,
    0x51, 0x0a, 0xff, 0xff, 0x70, 0x00, 0x00, 0x00, 0x00, 0x00, 0x00, 0x00, 0x6f, 0xfb, 0x01, 0x59,
    0xcf, 0xf3, 0x00, 0xaf, 0xff, 0xfb, 0x40, 0x00, 0x00, 0x00, 0x00, 0x00, 0x00, 0x8f, 0xfe, 0xcf,
    0xff, 0xff, 0xf4, 0x00, 0x07, 0xff, 0xff, 0xfc, 0x61, 0x00, 0x00, 0x00, 0x00, 0x02, 0xdf, 0xff,
    0xff, 0xff, 0xff, 0xc3, 0x00, 0x00, 0x5e, 0xff, 0xff, 0xfb, 0x00, 0x00, 0x00, 0x00, 0x0a, 0xff,
    0xff, 0xff, 0xea, 0x62, 0x00, 0x00, 0x00, 0x02, 0x9f, 0xff, 0xe1, 0x00, 0x00, 0x00, 0x00, 0x03,
    0xff, 0xfc, 0x83, 0x00, 0x00, 0x00, 0x00, 0x00, 0x00, 0x02, 0x9f, 0x50, 0x00, 0x00, 0x00, 0x00,
    0x00, 0xb7, 0x20, 0x00, 0x00, 0x00, 0x00, 0x00, 0x00, 0x00, 0x00, 0x01, 0x00, 0x00, 0x00, 0x00,
    0x00, 0x00, 0x00, 0x00, 0x00, 0x00, 0x00, 0x00, 0x00, 0x00, 0x00, 0x00, 0x00, 0x00, 0x00, 0x00,
    0x00, 0x00, 0x00, 0x00, 0x00, 0x00, 0x00, 0x00, 0x00, 0x00, 0x00, 0x00, 0x00, 0x00, 0x00, 0x00,
    0x00, 0x00, 0x00, 0x00, 0x00, 0x00, 0x00, 0x00, 0x00, 0x00, 0x00, 0x00, 0x00, 0x00, 0x00, 0x00,
    0x00, 0x00, 0x00, 0x00, 0x10, 0x00, 0x00, 0x00, 0x00, 0x00, 0x00, 0x00, 0x00, 0x00, 0x00, 0x00,
    0x00, 0x00, 0x00, 0x00, 0x2a, 0xe2, 0x00, 0x00, 0x00, 0x00, 0x00, 0x00, 0x00, 0x00, 0x00, 0x00,
    0x00, 0x00, 0x00, 0x00, 0x00, 0xaf, 0xfe, 0x20, 0x00, 0xad, 0xdd, 0xdd, 0xdd, 0xdd, 0xdd, 0xdd,
    0xdd, 0xdd, 0x70, 0x00, 0x00, 0x00, 0x1c, 0xff, 0xd2, 0x00, 0xcf, 0xff, 0xff, 0xff, 0xff, 0xff,
    0xff, 0xff, 0xff, 0x80, 0x00, 0x00, 0x00, 0x01, 0xdf, 0xfc, 0x00, 0xcf, 0xff, 0xff, 0xff, 0xff,
    0xff, 0xff, 0xff, 0xff, 0x80, 0x00, 0x00, 0x00, 0x00, 0x3f, 0xff, 0x40, 0x00, 0x00, 0x00, 0x00,
    0x00, 0x00, 0x00, 0x06, 0xff, 0x80, 0x00, 0x00, 0x00, 0x00, 0x07, 0xc3, 0x00, 0x00, 0x00, 0x00,
    0x12, 0x22, 0x00, 0x00, 0x06, 0xff, 0x80, 0x00, 0x00, 0x00, 0x00, 0x00, 0x00, 0x00, 0x00, 0x00,
    0x00, 0x4f, 0xfc, 0x00, 0x00, 0x06, 0xff, 0x80, 0x00, 0x00, 0x07, 0xff, 0x80, 0x00, 0x00, 0x00,
    0x00, 0x00, 0x4f, 0xfc, 0x00, 0x00, 0x06, 0xff, 0x80, 0x00, 0x00, 0x07, 0xff, 0x80, 0x00, 0x00,
    0x00, 0x00, 0x00, 0x4f, 0xfc, 0x00, 0x00, 0x06, 0xff, 0x80, 0x00, 0x00, 0x07, 0xff, 0x80, 0x00,
    0x00, 0x00, 0x00, 0x00, 0x4f, 0xfc, 0x00, 0x00, 0x06, 0xff, 0x80, 0x00, 0x00, 0x07, 0xff, 0x80,
    0x4d, 0xdd, 0xdd, 0xdd, 0xdd, 0xdf, 0xff, 0xdd, 0xdc, 0x06, 0xff, 0x80, 0x00, 0x00, 0x07, 0xff,
    0x80, 0x4f, 0xff, 0xff, 0xff, 0xff, 0xff, 0xff, 0xff, 0xff, 0x06, 0xff, 0x80, 0x00, 0x00, 0x07,
    0xff, 0x80, 0x4f, 0xff, 0xff, 0xff, 0xff, 0xff, 0xff, 0xff, 0xff, 0x06, 0xff, 0x80, 0x00, 0x00,
    0x07, 0xff, 0x80, 0x00, 0x00, 0x00, 0x00, 0x7f, 0xff, 0xfc, 0x00, 0x00, 0x06, 0xff, 0x80, 0x00,
    0x00, 0x07, 0xff, 0x80, 0x00, 0x00, 0x00, 0x03, 0xff, 0xff, 0xfc, 0x00, 0x00, 0x06, 0xff, 0x80,
    0x00, 0x00, 0x07, 0xff, 0x80, 0x00, 0x00, 0x00, 0x1d, 0xff, 0xdf, 0xfc, 0x00, 0x00, 0x06, 0xff,
    0x80, 0x00, 0x00, 0x07, 0xff, 0x80, 0x00, 0x00, 0x01, 0xdf, 0xfd, 0x5f, 0xfc, 0x00, 0x00, 0x06,
    0xff, 0x80, 0x00, 0x00, 0x07, 0xff, 0x80, 0x00, 0x00, 0x1d, 0xff, 0xe2, 0x4f, 0xfc, 0x00, 0x00,
    0x06, 0xff, 0x80, 0x00, 0x00, 0x07, 0xff, 0x80, 0x00, 0x03, 0xdf, 0xfe, 0x30, 0x4f, 0xfc, 0x00,
    0x00, 0x06, 0xff, 0x80, 0x00, 0x00, 0x07, 0xff, 0x80, 0x00, 0x6f, 0xff, 0xe3, 0x00, 0x4f, 0xfc,
    0x00, 0x00, 0x06, 0xff, 0x80, 0x00, 0x00, 0x07, 0xff, 0x80, 0x2b, 0xff, 0xfd, 0x30, 0x00, 0x4f,
    0xfc, 0x00, 0x00, 0x06, 0xff, 0x80, 0x00, 0x00, 0x07, 0xff, 0x86, 0xff, 0xff, 0xb1, 0x00, 0x00,
    0x4f, 0xfc, 0x00, 0x00, 0x06, 0xff, 0x80, 0x00, 0x00, 0x07, 0xff, 0x81, 0xcf, 0xf8, 0x00, 0x00,
    0x00, 0x4f, 0xfc, 0x00, 0x00, 0x06, 0xff, 0x80, 0x00, 0x00, 0x07, 0xff, 0x80, 0x2b, 0x30, 0x00,
    0x00, 0x00, 0x5f, 0xfc, 0x00, 0x00, 0x06, 0xff, 0x80, 0x00, 0x00, 0x07, 0xff, 0x80, 0x00, 0x00,
    0x00, 0xde, 0xdd, 0xff, 0xfb, 0x00, 0x00, 0x06, 0xff, 0x80, 0x00, 0x00, 0x07, 0xff, 0x80, 0x00,
    0x00, 0x00, 0x9f, 0xff, 0xff, 0xf6, 0x00, 0x00, 0x06, 0xff, 0x80, 0x00, 0x00, 0x07, 0xff, 0x80,
    0x00, 0x00, 0x00, 0x4f, 0xfe, 0xdb, 0x60, 0x00, 0x00, 0x07, 0xff, 0x80, 0x00, 0x00, 0x07, 0xff,
    0x80, 0x00, 0x00, 0x00, 0x00, 0x00, 0x00, 0x00, 0x03, 0xbb, 0xbe, 0xff, 0x70, 0x00, 0x00, 0x07,
    0xff, 0x80, 0x00, 0x00, 0x00, 0x00, 0x00, 0x00, 0x00, 0x00, 0xef, 0xff, 0xff, 0x30, 0x00, 0x00,
    0x07, 0xff, 0x80, 0x00, 0x00, 0x00, 0x00, 0x00, 0x00, 0x00, 0x00, 0x9f, 0xed, 0xa4, 0x00, 0x00,
    0x00, 0x01, 0x33, 0x20, 0x00, 0x00, 0x00, 0x00, 0x00, 0x00, 0x00, 0x00, 0x00, 0x00, 0x00, 0x00,
    0x00, 0x00, 0x00, 0x00, 0x00, 0x00, 0x00, 0x00, 0x00, 0x00, 0x00, 0x00, 0x00, 0x00, 0x00, 0x00,
    0x00, 0x00, 0x00, 0x00, 0x00, 0x00, 0x00, 0x00, 0x00, 0x00, 0x00, 0x00, 0x00, 0x00, 0x00, 0x00,
    0x00, 0x00, 0x00, 0x00, 0x00, 0x00, 0x00, 0x00, 0x00, 0x00, 0x00, 0x00, 0x00, 0x00, 0x00, 0x00,
    0x00, 0x00, 0x00, 0x00, 0x00, 0x00, 0x19, 0xe3, 0x00, 0x00, 0x00, 0x00, 0x00, 0x00, 0x00, 0x00,
    0x00, 0x00, 0x00, 0x00, 0x00, 0x00, 0x00, 0x9f, 0xfe, 0x30, 0x00, 0xcd, 0xdd, 0xdd, 0xdd, 0xdd,
    0xdd, 0xdd, 0xdd, 0xdd, 0x70, 0x00, 0x00, 0x00, 0x0c, 0xff, 0xe2, 0x00, 0xef, 0xff, 0xff, 0xff,
    0xff, 0xff, 0xff, 0xff, 0xff, 0x80, 0x00, 0x00, 0x00, 0x01, 0xdf, 0xfc, 0x00, 0xef, 0xff, 0xff,
    0xff, 0xff, 0xff, 0xff, 0xff, 0xff, 0x80, 0x00, 0x00, 0x00, 0x00, 0x3f, 0xff, 0x30, 0x00, 0x00,
    0x00, 0x00, 0x00, 0x00, 0x00, 0x09, 0xff, 0x80, 0x00, 0x00, 0x00, 0x00, 0x08, 0xd3, 0x00, 0x00,
    0x00, 0x00, 0x00, 0x00, 0x00, 0x00, 0x09, 0xff, 0x80, 0x00, 0x00, 0x00, 0x00, 0x01, 0x10, 0x00,
    0x00, 0x00, 0x00, 0x00, 0x00, 0x00, 0x00, 0x09, 0xff, 0x80, 0x00, 0x00, 0x05, 0xcc, 0x90, 0x00,
    0x00, 0x00, 0x00, 0x00, 0x00, 0x00, 0x00, 0x00, 0x09, 0xff, 0x80, 0x00, 0x00, 0x06, 0xff, 0xb0,
    0x00, 0x00, 0x00, 0x00, 0x00, 0x00, 0x00, 0x00, 0x00, 0x09, 0xff, 0x80, 0x00, 0x00, 0x06, 0xff,
    0xb0, 0x00, 0x4f, 0xff, 0xff, 0xff, 0xff, 0xff, 0xf5, 0x00, 0x09, 0xff, 0x80, 0x00, 0x00, 0x06,
    0xff, 0xb0, 0x00, 0x4f, 0xff, 0xff, 0xff, 0xff, 0xff, 0xf5, 0x00, 0x09, 0xff, 0x80, 0x00, 0x00,
    0x06, 0xff, 0xb0, 0x00, 0x4f, 0xfb, 0x77, 0x77, 0x77, 0xbf, 0xf5, 0x00, 0x09, 0xff, 0x80, 0x00,
    0x00, 0x06, 0xff, 0xb0, 0x00, 0x4f, 0xf7, 0x00, 0x00, 0x00, 0x7f, 0xf5, 0x00, 0x09, 0xff, 0x80,
    0x00, 0x00, 0x06, 0xff, 0xb0, 0x00, 0x4f, 0xf7, 0x00, 0x00, 0x00, 0x7f, 0xf5, 0x00, 0x09, 0xff,
    0x80, 0x00, 0x00, 0x06, 0xff, 0xb0, 0x00, 0x4f, 0xf7, 0x00, 0x00, 0x00, 0x7f, 0xf5, 0x00, 0x09,
    0xff, 0x80, 0x00, 0x00, 0x06, 0xff, 0xb0, 0x00, 0x4f, 0xfb, 0x77, 0x77, 0x77, 0xbf, 0xf5, 0x00,
    0x09, 0xff, 0x80, 0x00, 0x00, 0x06, 0xff, 0xb0, 0x00, 0x4f, 0xff, 0xff, 0xff, 0xff, 0xff, 0xf5,
    0x00, 0x09, 0xff, 0x80, 0x00, 0x00, 0x06, 0xff, 0xb0, 0x00, 0x4f, 0xff, 0xff, 0xff, 0xff, 0xff,
    0xf5, 0x00, 0x09, 0xff, 0x80, 0x00, 0x00, 0x06, 0xff, 0xb0, 0x00, 0x4f, 0xf7, 0x00, 0x00, 0x00,
    0x7f, 0xf5, 0x00, 0x09, 0xff, 0x80, 0x00, 0x00, 0x06, 0xff, 0xb0, 0x00, 0x4f, 0xf7, 0x00, 0x00,
    0x00, 0x7f, 0xf5, 0x00, 0x09, 0xff, 0x80, 0x00, 0x00, 0x06, 0xff, 0xb0, 0x00, 0x4f, 0xf7, 0x00,
    0x00, 0x00, 0x7f, 0xf5, 0x00, 0x09, 0xff, 0x80, 0x00, 0x00, 0x06, 0xff, 0xb0, 0x00, 0x4f, 0xf7,
    0x00, 0x00, 0x00, 0x7f, 0xf5, 0x00, 0x09, 0xff, 0x80, 0x00, 0x00, 0x06, 0xff, 0xb0, 0x00, 0x4f,
    0xff, 0xff, 0xff, 0xff, 0xff, 0xf5, 0x00, 0x09, 0xff, 0x80, 0x00, 0x00, 0x06, 0xff, 0xb0, 0x00,
    0x4f, 0xff, 0xff, 0xff, 0xff, 0xff, 0xf5, 0x00, 0x09, 0xff, 0x80, 0x00, 0x00, 0x06, 0xff, 0xb0,
    0x00, 0x27, 0x77, 0x77, 0x77, 0x77, 0x77, 0x72, 0x00, 0x09, 0xff, 0x80, 0x00, 0x00, 0x06, 0xff,
    0xb0, 0x00, 0x00, 0x00, 0x00, 0x00, 0x00, 0x00, 0x00, 0x00, 0x09, 0xff, 0x80, 0x00, 0x00, 0x06,
    0xff, 0xb0, 0x00, 0x00, 0x00, 0x00, 0x00, 0x00, 0x00, 0x00, 0x00, 0x09, 0xff, 0x80, 0x00, 0x00,
    0x06, 0xff, 0xb0, 0x00, 0x00, 0x00, 0x00, 0x00, 0x00, 0x00, 0x00, 0x9b, 0xbe, 0xff, 0x80, 0x00,
    0x00, 0x06, 0xff, 0xb0, 0x00, 0x00, 0x00, 0x00, 0x00, 0x00, 0x00, 0x00, 0x7f, 0xff, 0xff, 0x30,
    0x00, 0x00, 0x06, 0xff, 0xb0, 0x00, 0x00, 0x00, 0x00, 0x00, 0x00, 0x00, 0x00, 0x3f, 0xee, 0xa5,
    0x00, 0x00, 0x00, 0x01, 0x33, 0x20, 0x00, 0x00, 0x00, 0x00, 0x00, 0x00, 0x00, 0x00, 0x00, 0x00,
    0x00, 0x00, 0x00, 0x00, 0x00, 0x00, 0x00, 0x00, 0x00, 0x00, 0x00, 0x00, 0x00, 0x00, 0x00, 0x00,
    0x00, 0x00, 0x00, 0x00, 0x00, 0x00, 0x00, 0x00, 0x00, 0x00, 0x00, 0x00, 0x00, 0x00, 0x00, 0x00,
    0x00, 0x00, 0x00, 0x00, 0x00, 0x00, 0x00, 0x00, 0x00, 0x00, 0x00, 0x00, 0x00, 0x00, 0x00, 0x00,
    0x00, 0x00, 0x00, 0x00, 0x00, 0x00, 0x00, 0x07, 0xff, 0xff, 0xff, 0xff, 0xd5, 0x00, 0x8b, 0xbb,
    0xbb, 0xbb, 0xbb, 0xbb, 0xbb, 0x50, 0x00, 0x00, 0x07, 0xff, 0xff, 0xff, 0xff, 0xff, 0x20, 0xbf,
    0xff, 0xff, 0xff, 0xff, 0xff, 0xff, 0x70, 0x00, 0x00, 0x07, 0xff, 0xdb, 0xbb, 0xdf, 0xfc, 0x00,
    0xbf, 0xff, 0xff, 0xff, 0xff, 0xff, 0xff, 0x70, 0x00, 0x00, 0x07, 0xff, 0x60, 0x00, 0x8f, 0xf7,
    0x00, 0xbf, 0xf2, 0x00, 0x00, 0x00, 0x07, 0xff, 0x70, 0x00, 0x00, 0x07, 0xff, 0x60, 0x00, 0xdf,
    0xf2, 0x00, 0xbf, 0xf2, 0x00, 0x00, 0x00, 0x07, 0xff, 0x70, 0x00, 0x00, 0x07, 0xff, 0x60, 0x02,
    0xff, 0xc0, 0x00, 0xbf, 0xf2, 0x00, 0x00, 0x00, 0x07, 0xff, 0x70, 0x00, 0x00, 0x07, 0xff, 0x60,
    0x06, 0xff, 0x60, 0x00, 0xbf, 0xf2, 0x00, 0x00, 0x00, 0x07, 0xff, 0x70, 0x00, 0x00, 0x07, 0xff,
    0x60, 0x0b, 0xff, 0x10, 0x00, 0xbf, 0xf2, 0x00, 0x00, 0x00, 0x07, 0xff, 0x70, 0x00, 0x00, 0x07,
    0xff, 0x60, 0x1f, 0xfa, 0x00, 0x00, 0xbf, 0xff, 0xff, 0xff, 0xff, 0xff, 0xff, 0x70, 0x00, 0x00,
    0x07, 0xff, 0x60, 0x6f, 0xf5, 0x00, 0x00, 0xbf, 0xff, 0xff, 0xff, 0xff, 0xff, 0xff, 0x70, 0x00,
    0x00, 0x07, 0xff, 0x60, 0x4f, 0xfb, 0x00, 0x00, 0xbf, 0xfc, 0xbb, 0xbb, 0xbb, 0xbd, 0xff, 0x70,
    0x00, 0x00, 0x07, 0xff, 0x60, 0x08, 0xff, 0x60, 0x00, 0xbf, 0xf2, 0x00, 0x00, 0x00, 0x07, 0xff,
    0x70, 0x00, 0x00, 0x07, 0xff, 0x60, 0x01, 0xef, 0xd0, 0x00, 0xbf, 0xf2, 0x00, 0x00, 0x00, 0x07,
    0xff, 0x70, 0x00, 0x00, 0x07, 0xff, 0x60, 0x00, 0x8f, 0xf5, 0x00, 0xbf, 0xf2, 0x00, 0x00, 0x00,
    0x07, 0xff, 0x70, 0x00, 0x00, 0x07, 0xff, 0x60, 0x00, 0x4f, 0xf9, 0x00, 0xcf, 0xf2, 0x00, 0x00,
    0x00, 0x07, 0xff, 0x70, 0x00, 0x00, 0x07, 0xff, 0x60, 0x00, 0x1f, 0xfc, 0x00, 0xcf, 0xf1, 0x00,
    0x00, 0x00, 0x07, 0xff, 0x70, 0x00, 0x00, 0x07, 0xff, 0x60, 0x00, 0x0f, 0xfd, 0x00, 0xdf, 0xff,
    0xff, 0xff, 0xff, 0xff, 0xff, 0x70, 0x00, 0x00, 0x07, 0xff, 0x60, 0x00, 0x1f, 0xfd, 0x00, 0xef,
    0xff, 0xff, 0xff, 0xff, 0xff, 0xff, 0x70, 0x00, 0x00, 0x07, 0xff, 0x60, 0x01, 0x8f, 0xfb, 0x01,
    0xff, 0xfb, 0xbb, 0xbb, 0xbb, 0xbd, 0xff, 0x70, 0x00, 0x00, 0x07, 0xff, 0x61, 0xef, 0xff, 0xf7,
    0x03, 0xff, 0xb0, 0x00, 0x00, 0x00, 0x07, 0xff, 0x70, 0x00, 0x00, 0x07, 0xff, 0x60, 0xaf, 0xff,
    0xd0, 0x05, 0xff, 0x90, 0x00, 0x00, 0x00, 0x07, 0xff, 0x70, 0x00, 0x00, 0x07, 0xff, 0x60, 0x6b,
    0xa6, 0x10, 0x09, 0xff, 0x60, 0x00, 0x00, 0x00, 0x07, 0xff, 0x70, 0x00, 0x00, 0x07, 0xff, 0x60,
    0x00, 0x00, 0x00, 0x0e, 0xff, 0x20, 0x00, 0x00, 0x00, 0x07, 0xff, 0x70, 0x00, 0x00, 0x07, 0xff,
    0x60, 0x00, 0x00, 0x00, 0x4f, 0xfd, 0x00, 0x00, 0x00, 0x00, 0x07, 0xff, 0x70, 0x00, 0x00, 0x07,
    0xff, 0x60, 0x00, 0x00, 0x00, 0xaf, 0xf9, 0x00, 0x00, 0x00, 0x00, 0x07, 0xff, 0x70, 0x00, 0x00,
    0x07, 0xff, 0x60, 0x00, 0x00, 0x03, 0xff, 0xf2, 0x00, 0x00, 0x00, 0x00, 0x08, 0xff, 0x70, 0x00,
    0x00, 0x07, 0xff, 0x60, 0x00, 0x00, 0x0c, 0xff, 0xa0, 0x00, 0x00, 0x07, 0xee, 0xef, 0xff, 0x50,
    0x00, 0x00, 0x07, 0xff, 0x60, 0x00, 0x00, 0x9f, 0xfe, 0x20, 0x00, 0x00, 0x02, 0xff, 0xff, 0xfe,
    0x10, 0x00, 0x00, 0x07, 0xff, 0x60, 0x00, 0x00, 0x4c, 0xf5, 0x00, 0x00, 0x00, 0x00, 0xdf, 0xed,
    0x93, 0x00, 0x00, 0x00, 0x01, 0x33, 0x10, 0x00, 0x00, 0x01, 0x50, 0x00, 0x00, 0x00, 0x00, 0x00,
    0x00, 0x00, 0x00, 0x00, 0x00, 0x00, 0x00, 0x00, 0x00, 0x00, 0x00, 0x00, 0x00, 0x00, 0x00, 0x00,
    0x00, 0x00, 0x00, 0x00, 0x00, 0x00, 0x00, 0x00, 0x00, 0x00, 0x00, 0x00, 0x00, 0x00, 0x00, 0x00,
    0x00, 0x00, 0x00, 0x00, 0x00, 0x00, 0x00, 0x00, 0x00, 0x00, 0x00, 0x00, 0x00, 0x00, 0x00, 0x00,
    0x02, 0x61, 0x00, 0x00, 0x00, 0x00, 0x00, 0x00, 0x00, 0x00, 0x00, 0x00, 0x10, 0x00, 0x00, 0x00,
    0x00, 0x0c, 0xfe, 0x30, 0x00, 0x00, 0x00, 0x00, 0x00, 0x0b, 0xff, 0xff, 0xff, 0xfb, 0x30, 0x00,
    0x00, 0x00, 0x7f, 0xfe, 0x00, 0x00, 0x00, 0x00, 0x00, 0x00, 0x0b, 0xff, 0xff, 0xff, 0xff, 0xa0,
    0x00, 0x00, 0x03, 0xff, 0xff, 0x80, 0x00, 0x00, 0x00, 0x00, 0x00, 0x0b, 0xff, 0xbb, 0xbe, 0xff,
    0x50, 0x00, 0x00, 0x2e, 0xff, 0xff, 0xf6, 0x00, 0x00, 0x00, 0x00, 0x00, 0x0b, 0xff, 0x00, 0x0d,
    0xfe, 0x10, 0x00, 0x01, 0xdf, 0xfa, 0x3f, 0xff, 0x70, 0x00, 0x00, 0x00, 0x00, 0x0b, 0xff, 0x00,
    0x2f, 0xfa, 0x00, 0x00, 0x2d, 0xff, 0xc0, 0x06, 0xff, 0xf9, 0x00, 0x00, 0x00, 0x00, 0x0b, 0xff,
    0x00, 0x6f, 0xf5, 0x00, 0x03, 0xef, 0xfd, 0x10, 0x00, 0x7f, 0xff, 0xb1, 0x00, 0x00, 0x00, 0x0b,
    0xff, 0x00, 0xaf, 0xe0, 0x00, 0x6e, 0xff, 0xd2, 0x00, 0x00, 0x08, 0xff, 0xfe, 0x40, 0x00, 0x00,
    0x0b, 0xff, 0x01, 0xef, 0x90, 0x2b, 0xff, 0xfd, 0x20, 0x00, 0x00, 0x00, 0x6f, 0xff, 0xfa, 0x10,
    0x00, 0x0b, 0xff, 0x05, 0xff, 0x40, 0xcf, 0xff, 0xc1, 0x00, 0x00, 0x00, 0x00, 0x04, 0xef, 0xfb,
    0x00, 0x00, 0x0b, 0xff, 0x09, 0xfd, 0x00, 0x1d, 0xfb, 0xff, 0xff, 0xff, 0xff, 0xff, 0xff, 0xac,
    0xd1, 0x00, 0x00, 0x0b, 0xff, 0x09, 0xff, 0x20, 0x03, 0x34, 0xff, 0xff, 0xff, 0xff, 0xff, 0xff,
    0x80, 0x20, 0x00, 0x00, 0x0b, 0xff, 0x01, 0xdf, 0xc0, 0x00, 0x02, 0xaa, 0xaa, 0xaf, 0xff, 0xaa,
    0xaa, 0x50, 0x00, 0x00, 0x00, 0x0b, 0xff, 0x00, 0x5f, 0xf6, 0x00, 0x00, 0x00, 0x00, 0x0f, 0xff,
    0x00, 0x00, 0x00, 0x00, 0x00, 0x00, 0x0b, 0xff, 0x00, 0x0c, 0xfd, 0x00, 0x00, 0x00, 0x00, 0x0f,
    0xff, 0x00, 0x00, 0x00, 0x00, 0x00, 0x00, 0x0b, 0xff, 0x00, 0x08, 0xff, 0x20, 0x00, 0x00, 0x00,
    0x0f, 0xff, 0x00, 0x00, 0x00, 0x00, 0x00, 0x00, 0x0b, 0xff, 0x00, 0x05, 0xff, 0x6f, 0xff, 0xff,
    0xff, 0xff, 0xff, 0xff, 0xff, 0xff, 0xf8, 0x00, 0x00, 0x0b, 0xff, 0x00, 0x04, 0xff, 0x7f, 0xff,
    0xff, 0xff, 0xff, 0xff, 0xff, 0xff, 0xff, 0xf8, 0x00, 0x00, 0x0b, 0xff, 0x00, 0x05, 0xff, 0x6b,
    0xbb, 0xbb, 0xbb, 0xbf, 0xff, 0xbb, 0xbb, 0xbb, 0xb6, 0x00, 0x00, 0x0b, 0xff, 0x00, 0x1c, 0xff,
    0x40, 0x00, 0x00, 0x00, 0x0f, 0xff, 0x00, 0x00, 0x00, 0x00, 0x00, 0x00, 0x0b, 0xff, 0x5f, 0xff,
    0xff, 0x10, 0x02, 0x62, 0x00, 0x0f, 0xff, 0x00, 0x4a, 0x10, 0x00, 0x00, 0x00, 0x0b, 0xff, 0x1f,
    0xff, 0xf7, 0x00, 0x0b, 0xff, 0x40, 0x0f, 0xff, 0x05, 0xff, 0xa0, 0x00, 0x00, 0x00, 0x0b, 0xff,
    0x08, 0x98, 0x30, 0x00, 0x5f, 0xfb, 0x00, 0x0f, 0xff, 0x00, 0xbf, 0xf7, 0x00, 0x00, 0x00, 0x0b,
    0xff, 0x00, 0x00, 0x00, 0x01, 0xdf, 0xf3, 0x00, 0x0f, 0xff, 0x00, 0x1e, 0xff, 0x40, 0x00, 0x00,
    0x0b, 0xff, 0x00, 0x00, 0x00, 0x0a, 0xff, 0x90, 0x00, 0x0f, 0xff, 0x00, 0x04, 0xff, 0xd1, 0x00,
    0x00, 0x0b, 0xff, 0x00, 0x00, 0x00, 0x8f, 0xfd, 0x10, 0x00, 0x0f, 0xff, 0x00, 0x00, 0x9f, 0xf9,
    0x00, 0x00, 0x0b, 0xff, 0x00, 0x00, 0x02, 0xef, 0xf4, 0x00, 0x00, 0x0f, 0xfe, 0x00, 0x00, 0x1e,
    0xfd, 0x00, 0x00, 0x0b, 0xff, 0x00, 0x00, 0x00, 0x2c, 0x60, 0x0b, 0xbb, 0xcf, 0xfd, 0x00, 0x00,
    0x06, 0x70, 0x00, 0x00, 0x0b, 0xff, 0x00, 0x00, 0x00, 0x00, 0x00, 0x09, 0xff, 0xff, 0xf9, 0x00,
    0x00, 0x00, 0x00, 0x00, 0x00, 0x0a, 0xee, 0x00, 0x00, 0x00, 0x00, 0x00, 0x04, 0xfe, 0xeb, 0x70,
    0x00, 0x00, 0x00, 0x00, 0x00, 0x00, 0x00, 0x00, 0x00, 0x00, 0x00, 0x00, 0x00, 0x00, 0x00, 0x00,
    0x00, 0x00, 0x00, 0x00, 0x00, 0x00, 0x00, 0x00, 0x00, 0x00, 0x00, 0x00, 0x00, 0x00, 0x00, 0x00,
    0x00, 0x00, 0x00, 0x00, 0x00, 0x00, 0x00, 0x00, 0x6f, 0xff, 0xff, 0xff, 0xff, 0xff, 0xff, 0xff,
    0xff, 0xff, 0xff, 0xff, 0xff, 0xff, 0xf6, 0x00, 0x00, 0x6f, 0xff, 0xff, 0xff, 0xff, 0xff, 0xff,
    0xff, 0xff, 0xff, 0xff, 0xff, 0xff, 0xff, 0xf6, 0x00, 0x00, 0x6f, 0xff, 0xff, 0xff, 0xff, 0xff,
    0xff, 0xff, 0xff, 0xff, 0xff, 0xff, 0xff, 0xff, 0xf6, 0x00, 0x00, 0x00, 0x00, 0x00, 0x00, 0x00,
    0x00, 0x09, 0xff, 0x50, 0x00, 0x00, 0x00, 0x00, 0x00, 0x00, 0x00, 0x00, 0x00, 0x00, 0x00, 0x00,
    0x00, 0x00, 0x09, 0xff, 0x50, 0x00, 0x00, 0x00, 0x00, 0x00, 0x00, 0x00, 0x00, 0x00, 0x00, 0x00,
    0x00, 0x00, 0x00, 0x09, 0xff, 0x50, 0x00, 0x00, 0x00, 0x00, 0x00, 0x00, 0x00, 0x00, 0x00, 0x00,
    0x00, 0x00, 0x00, 0x00, 0x09, 0xff, 0x50, 0x00, 0x00, 0x00, 0x00, 0x00, 0x00, 0x00, 0x00, 0x00,
    0xef, 0xff, 0xff, 0xff, 0xff, 0xff, 0xff, 0xff, 0xff, 0xff, 0xff, 0xff, 0xff, 0x10, 0x00, 0x00,
    0x00, 0xef, 0xff, 0xff, 0xff, 0xff, 0xff, 0xff, 0xff, 0xff, 0xff, 0xff, 0xff, 0xff, 0x10, 0x00,
    0x00, 0x00, 0xef, 0xfc, 0xcc, 0xcc, 0xcc, 0xce, 0xff, 0xdc, 0xcc, 0xcc, 0xcc, 0xcf, 0xff, 0x10,
    0x00, 0x00, 0x00, 0xef, 0xe0, 0x00, 0x00, 0x00, 0x09, 0xff, 0x50, 0x00, 0x00, 0x00, 0x0d, 0xff,
    0x10, 0x00, 0x00, 0x00, 0xef, 0xe0, 0x06, 0x10, 0x00, 0x09, 0xff, 0x50, 0x55, 0x00, 0x00, 0x0d,
    0xff, 0x10, 0x00, 0x00, 0x00, 0xef, 0xe0, 0xaf, 0xe6, 0x00, 0x09, 0xff, 0x55, 0xff, 0xb2, 0x00,
    0x0d, 0xff, 0x10, 0x00, 0x00, 0x00, 0xef, 0xe0, 0x8f, 0xff, 0xc2, 0x09, 0xff, 0x54, 0xdf, 0xff,
    0x81, 0x0d, 0xff, 0x10, 0x00, 0x00, 0x00, 0xef, 0xe0, 0x03, 0xcf, 0xff, 0x69, 0xff, 0x50, 0x08,
    0xff, 0xfd, 0x3d, 0xff, 0x10, 0x00, 0x00, 0x00, 0xef, 0xe0, 0x00, 0x08, 0xff, 0x49, 0xff, 0x50,
    0x00, 0x3c, 0xfc, 0x1d, 0xff, 0x10, 0x00, 0x00, 0x00, 0xef, 0xe0, 0x00, 0x00, 0x55, 0x09, 0xff,
    0x50, 0x00, 0x00, 0x71, 0x0d, 0xff, 0x10, 0x00, 0x00, 0x00, 0xef, 0xe0, 0x03, 0x00, 0x00, 0x09,
    0xff, 0x50, 0x40, 0x00, 0x00, 0x0d, 0xff, 0x10, 0x00, 0x00, 0x00, 0xef, 0xe0, 0xaf, 0x91, 0x00,
    0x09, 0xff, 0x58, 0xfd, 0x30, 0x00, 0x0d, 0xff, 0x10, 0x00, 0x00, 0x00, 0xef, 0xe3, 0xef, 0xfd,
    0x40, 0x09, 0xff, 0x6b, 0xff, 0xf9, 0x10, 0x0d, 0xff, 0x10, 0x00, 0x00, 0x00, 0xef, 0xe0, 0x1b,
    0xff, 0xf8, 0x09, 0xff, 0x50, 0x6e, 0xff, 0xd4, 0x0d, 0xff, 0x10, 0x00, 0x00, 0x00, 0xef, 0xe0,
    0x00, 0x6f, 0xff, 0x89, 0xff, 0x50, 0x02, 0xcf, 0xfe, 0x1d, 0xff, 0x10, 0x00, 0x00, 0x00, 0xef,
    0xe0, 0x00, 0x03, 0xeb, 0x19, 0xff, 0x50, 0x00, 0x08, 0xe3, 0x0d, 0xff, 0x10, 0x00, 0x00, 0x00,
    0xef, 0xe0, 0x00, 0x00, 0x21, 0x09, 0xff, 0x50, 0x00, 0x00, 0x10, 0x0d, 0xff, 0x10, 0x00, 0x00,
    0x00, 0xef, 0xe0, 0x00, 0x00, 0x00, 0x09, 0xff, 0x50, 0x00, 0x00, 0x00, 0x0e, 0xff, 0x10, 0x00,
    0x00, 0x00, 0xef, 0xe0, 0x00, 0x00, 0x00, 0x09, 0xff, 0x50, 0x00, 0x7a, 0xaa, 0xbf, 0xff, 0x00,
    0x00, 0x00, 0x00, 0xef, 0xe0, 0x00, 0x00, 0x00, 0x09, 0xff, 0x50, 0x00, 0x5f, 0xff, 0xff, 0xfb,
    0x00, 0x00, 0x00, 0x00, 0xef, 0xe0, 0x00, 0x00, 0x00, 0x07, 0xcc, 0x40, 0x00, 0x1f, 0xfe, 0xec,
    0x81, 0x00, 0x00, 0x00, 0x00, 0x33, 0x30, 0x00, 0x00, 0x00, 0x00, 0x00, 0x00, 0x00, 0x00, 0x00,
    0x00, 0x00, 0x00, 0x00, 0x00, 0x00, 0x00, 0x00, 0x00, 0x00, 0x00, 0x00, 0x00, 0x00, 0x00, 0x00,
    0x00, 0x00, 0x00, 0x00, 0x00, 0x00, 0x00, 0x00, 0x00, 0x00, 0x00, 0x00, 0x00, 0x00, 0x00, 0x00,
    0x00, 0x00, 0x00, 0x00, 0x00, 0x00, 0x00, 0x00, 0x0c, 0xff, 0xff, 0xff, 0xff, 0xff, 0xff, 0xff,
    0xff, 0xff, 0xff, 0xff, 0xb0, 0x00, 0x00, 0x00, 0x00, 0x0c, 0xff, 0xff, 0xff, 0xff, 0xff, 0xff,
    0xff, 0xff, 0xff, 0xff, 0xff, 0xb0, 0x00, 0x00, 0x00, 0x00, 0x05, 0x77, 0x77, 0x77, 0x77, 0x7b,
    0xff, 0xa7, 0x77, 0x77, 0x77, 0x77, 0x50, 0x00, 0x00, 0x00, 0x00, 0x00, 0x00, 0x00, 0x00, 0x00,
    0x09, 0xff, 0x50, 0x00, 0x00, 0x00, 0x00, 0x00, 0x00, 0x00, 0x00, 0x0c, 0xff, 0xff, 0xff, 0xff,
    0xff, 0xff, 0xff, 0xff, 0xff, 0xff, 0xff, 0xff, 0xff, 0xd0, 0x00, 0x00, 0x0c, 0xff, 0xff, 0xff,
    0xff, 0xff, 0xff, 0xff, 0xff, 0xff, 0xff, 0xff, 0xff, 0xff, 0xd0, 0x00, 0x00, 0x0c, 0xfe, 0x66,
    0x66, 0x66, 0x66, 0x6b, 0xff, 0x96, 0x66, 0x66, 0x66, 0x66, 0xff, 0xd0, 0x00, 0x00, 0x0c, 0xfe,
    0x00, 0x00, 0x00, 0x00, 0x09, 0xff, 0x50, 0x00, 0x00, 0x00, 0x00, 0xff, 0xd0, 0x00, 0x00, 0x0c,
    0xfe, 0x0b, 0xff, 0xff, 0xff, 0x19, 0xff, 0x54, 0xff, 0xff, 0xff, 0xa0, 0xff, 0xd0, 0x00, 0x00,
    0x0c, 0xfe, 0x0b, 0xff, 0xff, 0xff, 0x19, 0xff, 0x54, 0xff, 0xff, 0xff, 0xa0, 0xff, 0xd0, 0x00,
    0x00, 0x0c, 0xfe, 0x01, 0x11, 0x11, 0x11, 0x09, 0xff, 0x50, 0x11, 0x11, 0x11, 0x10, 0xff, 0xd0,
    0x00, 0x00, 0x0c, 0xfe, 0x00, 0x00, 0x00, 0x00, 0x09, 0xff, 0x50, 0x00, 0x00, 0x00, 0x00, 0xff,
    0xd0, 0x00, 0x00, 0x00, 0x00, 0x01, 0x11, 0x11, 0x11, 0x09, 0xff, 0x50, 0x11, 0x11, 0x11, 0x10,
    0x00, 0x00, 0x00, 0x00, 0x00, 0x00, 0x7f, 0xff, 0xff, 0xff, 0x29, 0xff, 0x54, 0xff, 0xff, 0xff,
    0xf7, 0x00, 0x00, 0x00, 0x00, 0x00, 0x00, 0x7f, 0xff, 0xff, 0xff, 0x29, 0xff, 0x54, 0xff, 0xff,
    0xff, 0xf7, 0x00, 0x00, 0x00, 0x00, 0x00, 0x00, 0x00, 0x00, 0x00, 0x00, 0x00, 0x00, 0x00, 0x00,
    0x00, 0x00, 0x00, 0x00, 0x00, 0x00, 0x00, 0x00, 0x00, 0xef, 0xff, 0xff, 0xff, 0xff, 0xff, 0xff,
    0xff, 0xff, 0xff, 0xfa, 0x00, 0x00, 0x00, 0x00, 0x00, 0x00, 0xef, 0xff, 0xff, 0xff, 0xff, 0xff,
    0xff, 0xff, 0xff, 0xff, 0xfa, 0x00, 0x00, 0x00, 0x00, 0x00, 0x00, 0x67, 0x77, 0x77, 0x77, 0x77,
    0x77, 0x77, 0x77, 0x77, 0xaf, 0xfa, 0x00, 0x00, 0x00, 0x00, 0x00, 0x00, 0x00, 0x00, 0x00, 0x00,
    0x00, 0x00, 0x00, 0x00, 0x00, 0x5f, 0xfa, 0x00, 0x00, 0x00, 0x00, 0x00, 0x00, 0x00, 0x00, 0x00,
    0x00, 0x00, 0x00, 0x00, 0x00, 0x00, 0x5f, 0xfa, 0x00, 0x00, 0x00, 0x00, 0x00, 0x00, 0x3f, 0xff,
    0xff, 0xff, 0xff, 0xff, 0xff, 0xff, 0xff, 0xff, 0xfa, 0x00, 0x00, 0x00, 0x00, 0x00, 0x00, 0x3f,
    0xff, 0xff, 0xff, 0xff, 0xff, 0xff, 0xff, 0xff, 0xff, 0xfa, 0x00, 0x00, 0x00, 0x00, 0x00, 0x00,
    0x15, 0x55, 0x55, 0x55, 0x55, 0x55, 0x55, 0x55, 0x55, 0x8f, 0xfa, 0x00, 0x00, 0x00, 0x00, 0x00,
    0x00, 0x00, 0x00, 0x00, 0x00, 0x00, 0x00, 0x00, 0x00, 0x00, 0x5f, 0xfa, 0x00, 0x00, 0x00, 0x00,
    0x00, 0x03, 0x77, 0x77, 0x77, 0x77, 0x77, 0x77, 0x77, 0x77, 0x77, 0xaf, 0xfa, 0x00, 0x00, 0x00,
    0x00, 0x00, 0x07, 0xff, 0xff, 0xff, 0xff, 0xff, 0xff, 0xff, 0xff, 0xff, 0xff, 0xfa, 0x00, 0x00,
    0x00, 0x00, 0x00, 0x07, 0xff, 0xff, 0xff, 0xff, 0xff, 0xff, 0xff, 0xff, 0xff, 0xff, 0xfa, 0x00,
    0x00, 0x00, 0x00, 0x00, 0x00, 0x00, 0x00, 0x00, 0x00, 0x00, 0x00, 0x00, 0x00, 0x00, 0x5f, 0xfa,
    0x00, 0x00, 0x00, 0x00, 0x00, 0x00, 0x00, 0x00, 0x00, 0x00, 0x00, 0x00, 0x00, 0x00, 0x00, 0x25,
    0x53, 0x00, 0x00, 0x00, 0x00, 0x00, 0x00, 0x00, 0x00, 0x00, 0x00, 0x00, 0x00, 0x00, 0x00, 0x00,
    0x00, 0x00, 0x00, 0x00, 0x00, 0x00, 0x00, 0x00, 0x00, 0x00, 0x00, 0x00, 0x00, 0x00, 0x00, 0x00,
    0x00, 0x00, 0x00, 0x00, 0x00, 0x00, 0x00, 0x00, 0x0c, 0xff, 0xff, 0xff, 0xff, 0xff, 0xff, 0xff,
    0xff, 0xff, 0xff, 0xff, 0xb0, 0x00, 0x00, 0x00, 0x00, 0x0c, 0xff, 0xff, 0xff, 0xff, 0xff, 0xff,
    0xff, 0xff, 0xff, 0xff, 0xff, 0xb0, 0x00, 0x00, 0x00, 0x00, 0x05, 0x77, 0x77, 0x77, 0x77, 0x7b,
    0xff, 0xa7, 0x77, 0x77, 0x77, 0x77, 0x50, 0x00, 0x00, 0x00, 0x00, 0x00, 0x00, 0x00, 0x00, 0x00,
    0x09, 0xff, 0x50, 0x00, 0x00, 0x00, 0x00, 0x00, 0x00, 0x00, 0x00, 0x0c, 0xff, 0xff, 0xff, 0xff,
    0xff, 0xff, 0xff, 0xff, 0xff, 0xff, 0xff, 0xff, 0xff, 0xd0, 0x00, 0x00, 0x0c, 0xff, 0xff, 0xff,
    0xff, 0xff, 0xff, 0xff, 0xff, 0xff, 0xff, 0xff, 0xff, 0xff, 0xd0, 0x00, 0x00, 0x0c, 0xfe, 0x66,
    0x66, 0x66, 0x66, 0x6b, 0xff, 0x96, 0x66, 0x66, 0x66, 0x66, 0xff, 0xd0, 0x00, 0x00, 0x0c, 0xfe,
    0x00, 0x00, 0x00, 0x00, 0x09, 0xff, 0x50, 0x00, 0x00, 0x00, 0x00, 0xff, 0xd0, 0x00, 0x00, 0x0c,
    0xfe, 0x0b, 0xff, 0xff, 0xff, 0x19, 0xff, 0x54, 0xff, 0xff, 0xff, 0xa0, 0xff, 0xd0, 0x00, 0x00,
    0x0c, 0xfe, 0x0b, 0xff, 0xff, 0xff, 0x19, 0xff, 0x54, 0xff, 0xff, 0xff, 0xa0, 0xff, 0xd0, 0x00,
    0x00, 0x0c, 0xfe, 0x01, 0x11, 0x11, 0x11, 0x09, 0xff, 0x50, 0x11, 0x11, 0x11, 0x10, 0xff, 0xd0,
    0x00, 0x00, 0x01, 0x11, 0x00, 0x00, 0x00, 0x00, 0x09, 0xff, 0x50, 0x00, 0x00, 0x00, 0x00, 0x11,
    0x10, 0x00, 0x00, 0x00, 0x00, 0x7f, 0xff, 0xff, 0xff, 0x29, 0xff, 0x54, 0xff, 0xff, 0xff, 0xf7,
    0x00, 0x00, 0x00, 0x00, 0x00, 0x00, 0x7f, 0xff, 0xff, 0xff, 0x29, 0xff, 0x54, 0xff, 0xff, 0xff,
    0xf7, 0x00, 0x00, 0x00, 0x00, 0x00, 0x00, 0x11, 0x11, 0x11, 0x11, 0x09, 0xff, 0x50, 0x11, 0x11,
    0x11, 0x11, 0x00, 0x00, 0x00, 0x00, 0x00, 0x00, 0x00, 0x00, 0x00, 0x00, 0x00, 0x00, 0x00, 0x00,
    0x00, 0x00, 0x00, 0x00, 0x00, 0x00, 0x00, 0x00, 0x00, 0xff, 0xff, 0xff, 0xff, 0xff, 0xff, 0xff,
    0xff, 0xff, 0xff, 0xff, 0x00, 0x00, 0x00, 0x00, 0x00, 0x00, 0xff, 0xff, 0xff, 0xff, 0xff, 0xff,
    0xff, 0xff, 0xff, 0xff, 0xff, 0x00, 0x00, 0x00, 0x00, 0x00, 0x00, 0xff, 0xe5, 0x55, 0x55, 0x5b,
    0xff, 0x95, 0x55, 0x55, 0x5f, 0xff, 0x00, 0x00, 0x00, 0x00, 0x00, 0x00, 0xff, 0xd0, 0x00, 0x00,
    0x09, 0xff, 0x50, 0x00, 0x00, 0x0f, 0xff, 0x00, 0x00, 0x00, 0x00, 0x00, 0x00, 0xff, 0xd0, 0x00,
    0x00, 0x09, 0xff, 0x50, 0x00, 0x00, 0x0f, 0xff, 0x00, 0x00, 0x00, 0x00, 0x00, 0x00, 0xff, 0xff,
    0xff, 0xff, 0xff, 0xff, 0xff, 0xff, 0xff, 0xff, 0xff, 0x00, 0x00, 0x00, 0x00, 0x00, 0x00, 0xff,
    0xff, 0xff, 0xff, 0xff, 0xff, 0xff, 0xff, 0xff, 0xff, 0xff, 0x00, 0x00, 0x00, 0x00, 0x00, 0x00,
    0xff, 0xe5, 0x55, 0x55, 0x5b, 0xff, 0x85, 0x55, 0x55, 0x5f, 0xff, 0x00, 0x00, 0x00, 0x00, 0x00,
    0x00, 0xff, 0xd0, 0x00, 0x00, 0x09, 0xff, 0x50, 0x00, 0x00, 0x0f, 0xff, 0x00, 0x00, 0x00, 0x00,
    0x00, 0x00, 0xff, 0xd0, 0x00, 0x00, 0x09, 0xff, 0x50, 0x00, 0x00, 0x0f, 0xff, 0x00, 0x00, 0x00,
    0x00, 0x00, 0x00, 0xff, 0xff, 0xff, 0xff, 0xff, 0xff, 0xff, 0xff, 0xff, 0xff, 0xff, 0x00, 0x00,
    0x00, 0x00, 0x00, 0x00, 0xff, 0xff, 0xff, 0xff, 0xff, 0xff, 0xff, 0xff, 0xff, 0xff, 0xff, 0x00,
    0x00, 0x00, 0x00, 0x00, 0x00, 0xff, 0xe6, 0x66, 0x66, 0x66, 0x66, 0x66, 0x66, 0x66, 0x6f, 0xff,
    0x00, 0x00, 0x00, 0x00, 0x00, 0x00, 0x55, 0x50, 0x00, 0x00, 0x00, 0x00, 0x00, 0x00, 0x00, 0x02,
    0x22, 0x00, 0x00, 0x00, 0x00, 0x00, 0x00, 0x00, 0x00, 0x00, 0x00, 0x00, 0x00, 0x00, 0x00, 0x00,
    0x00, 0x00, 0x00, 0x00, 0x00, 0x00, 0x00, 0x00, 0x00, 0x00, 0x00, 0x00, 0x00, 0x00, 0x00, 0x00,
    0x00, 0x00, 0x00, 0x00, 0x00, 0x00, 0x00, 0x00, 0x1f, 0xff, 0xff, 0xff, 0xff, 0xff, 0xff, 0xff,
    0xff, 0xff, 0xff, 0xff, 0xf1, 0x00, 0x00, 0x00, 0x00, 0x1f, 0xff, 0xff, 0xff, 0xff, 0xff, 0xff,
    0xff, 0xff, 0xff, 0xff, 0xff, 0xf1, 0x00, 0x00, 0x00, 0x00, 0x00, 0x00, 0x00, 0x00, 0x00, 0x08,
    0xff, 0x70, 0x00, 0x00, 0x00, 0x00, 0x00, 0x00, 0x00, 0x00, 0x0c, 0xff, 0xff, 0xff, 0xff, 0xff,
    0xff, 0xff, 0xff, 0xff, 0xff, 0xff, 0xff, 0xff, 0xb0, 0x00, 0x00, 0x0c, 0xff, 0xcc, 0xcc, 0xcc,
    0xcc, 0xce, 0xff, 0xec, 0xcc, 0xcc, 0xcc, 0xcd, 0xff, 0xb0, 0x00, 0x00, 0x0c, 0xfe, 0x00, 0x00,
    0x00, 0x00, 0x08, 0xff, 0x70, 0x00, 0x00, 0x00, 0x02, 0xff, 0xb0, 0x00, 0x00, 0x0c, 0xfe, 0x0b,
    0xff, 0xff, 0xfd, 0x08, 0xff, 0x73, 0xff, 0xff, 0xff, 0xa2, 0xff, 0xb0, 0x00, 0x00, 0x0c, 0xfe,
    0x07, 0xaa, 0xaa, 0xa9, 0x08, 0xff, 0x72, 0x99, 0x99, 0x99, 0x62, 0xff, 0xb0, 0x00, 0x00, 0x0c,
    0xfe, 0x00, 0x00, 0x00, 0x00, 0x08, 0xff, 0x70, 0x00, 0x00, 0x00, 0x02, 0xff, 0xb0, 0x00, 0x00,
    0x07, 0x88, 0x0c, 0xff, 0xff, 0xfd, 0x08, 0xff, 0x73, 0xff, 0xff, 0xff, 0xa1, 0x88, 0x60, 0x00,
    0x00, 0x00, 0x00, 0x07, 0x99, 0x99, 0x97, 0x08, 0xff, 0x72, 0xbb, 0xbb, 0xbb, 0x70, 0x00, 0x00,
    0x00, 0x00, 0x00, 0x00, 0x00, 0x00, 0x6d, 0xa3, 0x04, 0x77, 0x30, 0x00, 0x00, 0x00, 0x00, 0x00,
    0x00, 0x00, 0x00, 0x00, 0x00, 0x00, 0x18, 0xff, 0xff, 0xff, 0xff, 0xff, 0xff, 0xff, 0xff, 0xfc,
    0x20, 0x00, 0x00, 0x00, 0x00, 0x00, 0x05, 0xdf, 0xff, 0xff, 0xff, 0xff, 0xff, 0xff, 0xff, 0xff,
    0xfc, 0x20, 0x00, 0x00, 0x00, 0x00, 0x27, 0xdf, 0xff, 0xe7, 0x00, 0x00, 0x00, 0x00, 0x00, 0x6d,
    0xff, 0xa1, 0x00, 0x00, 0x00, 0x00, 0x03, 0xff, 0xff, 0xcf, 0xff, 0xd6, 0x20, 0x00, 0x02, 0x7e,
    0xff, 0xe6, 0x00, 0x00, 0x00, 0x00, 0x00, 0x00, 0x7f, 0x93, 0x03, 0xcf, 0xff, 0xfc, 0x78, 0xdf,
    0xff, 0xe7, 0x10, 0x00, 0x00, 0x00, 0x00, 0x00, 0x00, 0x01, 0x00, 0x00, 0x06, 0xef, 0xff, 0xff,
    0xff, 0xfe, 0x86, 0x54, 0x22, 0x11, 0x10, 0x00, 0x00, 0x45, 0x67, 0x8a, 0xbd, 0xff, 0xff, 0xff,
    0xff, 0xff, 0xff, 0xff, 0xff, 0xff, 0xff, 0xfb, 0x00, 0x00, 0x8f, 0xff, 0xff, 0xff, 0xff, 0xda,
    0x75, 0x21, 0x46, 0x8a, 0xce, 0xff, 0xff, 0xff, 0xf2, 0x00, 0x00, 0x2e, 0xdb, 0xa8, 0x76, 0x31,
    0x00, 0x2c, 0xcb, 0x00, 0x00, 0x00, 0x00, 0x12, 0x34, 0x30, 0x00, 0x00, 0x00, 0x00, 0x00, 0x00,
    0x00, 0x00, 0x5f, 0xfa, 0x00, 0x00, 0x00, 0x00, 0x00, 0x00, 0x00, 0x00, 0x00, 0x00, 0x0c, 0xff,
    0xff, 0xff, 0xff, 0xff, 0xff, 0xff, 0xff, 0xff, 0xff, 0xfc, 0x00, 0x00, 0x00, 0x00, 0x00, 0x0c,
    0xff, 0xff, 0xff, 0xff, 0xff, 0xff, 0xff, 0xff, 0xff, 0xff, 0xfa, 0x00, 0x00, 0x00, 0x00, 0x00,
    0x02, 0x33, 0x33, 0x33, 0xaf, 0xfe, 0x43, 0x33, 0x33, 0x33, 0x6f, 0xf8, 0x00, 0x00, 0x00, 0x00,
    0x00, 0x00, 0x00, 0x00, 0x4c, 0xff, 0xe4, 0x00, 0x00, 0x00, 0x00, 0x7f, 0xf5, 0x00, 0x00, 0x00,
    0x00, 0x00, 0x00, 0x15, 0x8d, 0xff, 0xfc, 0x30, 0x00, 0x03, 0x43, 0x34, 0xdf, 0xf2, 0x00, 0x00,
    0x00, 0x00, 0x01, 0xbe, 0xff, 0xff, 0xfd, 0x60, 0x00, 0x00, 0x04, 0xff, 0xff, 0xff, 0xb0, 0x00,
    0x00, 0x00, 0x00, 0x00, 0x3e, 0xff, 0xd9, 0x40, 0x00, 0x00, 0x00, 0x00, 0xef, 0xff, 0xfb, 0x20,
    0x00, 0x00, 0x00, 0x00, 0x00, 0x03, 0x41, 0x00, 0x00, 0x00, 0x00, 0x00, 0x00, 0x01, 0x11, 0x00,
    0x00, 0x00, 0x00, 0x00, 0x00, 0x00, 0x00, 0x00, 0x00, 0x00, 0x00, 0x00, 0x00, 0x00, 0x00, 0x00,
    0x00, 0x00, 0x00, 0x00, 0x00, 0x00, 0x00, 0x00, 0x00, 0x00, 0x00, 0x00, 0x00, 0x00, 0x00, 0x00,
    0x00, 0x00, 0x00, 0x00, 0x00, 0x00, 0x00, 0x00, 0x02, 0x33, 0x33, 0x33, 0x33, 0x33, 0x33, 0x33,
    0x33, 0x33, 0x33, 0x33, 0x20, 0x00, 0x00, 0x00, 0x00, 0x0c, 0xff, 0xff, 0xff, 0xff, 0xff, 0xff,
    0xff, 0xff, 0xff, 0xff, 0xff, 0xb0, 0x00, 0x00, 0x00, 0x00, 0x0c, 0xff, 0xff, 0xff, 0xff, 0xff,
    0xff, 0xff, 0xff, 0xff, 0xff, 0xff, 0xb0, 0x00, 0x00, 0x00, 0x00, 0x00, 0x00, 0x00, 0x00, 0x00,
    0x09, 0xff, 0x50, 0x00, 0x00, 0x00, 0x00, 0x00, 0x00, 0x00, 0x00, 0x00, 0x00, 0x00, 0x00, 0x00,
    0x00, 0x09, 0xff, 0x50, 0x00, 0x00, 0x00, 0x00, 0x00, 0x00, 0x00, 0x00, 0x0b, 0xff, 0xff, 0xff,
    0xff, 0xff, 0xff, 0xff, 0xff, 0xff, 0xff, 0xff, 0xff, 0xff, 0xb0, 0x00, 0x00, 0x0b, 0xff, 0xdd,
    0xdd, 0xdd, 0xdd, 0xde, 0xff, 0xed, 0xdd, 0xdd, 0xdd, 0xde, 0xff, 0xb0, 0x00, 0x00, 0x0b, 0xff,
    0x10, 0x00, 0x00, 0x00, 0x09, 0xff, 0x50, 0x00, 0x00, 0x00, 0x03, 0xff, 0xb0, 0x00, 0x00, 0x0b,
    0xff, 0x1b, 0xff, 0xff, 0xff, 0x19, 0xff, 0x54, 0xff, 0xff, 0xff, 0xa3, 0xff, 0xb0, 0x00, 0x00,
    0x0b, 0xff, 0x17, 0xaa, 0xaa, 0xaa, 0x19, 0xff, 0x52, 0xaa, 0xaa, 0xaa, 0x73, 0xff, 0xb0, 0x00,
    0x00, 0x04, 0x55, 0x00, 0x00, 0x00, 0x00, 0x09, 0xff, 0x50, 0x00, 0x00, 0x00, 0x01, 0x55, 0x30,
    0x00, 0x00, 0x00, 0x00, 0x7f, 0xff, 0xff, 0xff, 0x29, 0xff, 0x54, 0xff, 0xff, 0xff, 0xf7, 0x00,
    0x00, 0x00, 0x00, 0x00, 0x00, 0x4a, 0xaa, 0xaa, 0xaa, 0x19, 0xff, 0x52, 0xaa, 0xaa, 0xaa, 0xa4,
    0x00, 0x00, 0x00, 0x00, 0x00, 0x00, 0x00, 0x00, 0x00, 0x00, 0x02, 0x44, 0x10, 0x00, 0x00, 0x00,
    0x00, 0x00, 0x00, 0x00, 0x00, 0x00, 0x0d, 0xff, 0xff, 0xff, 0xff, 0xff, 0xff, 0xff, 0xff, 0xff,
    0xff, 0xff, 0xff, 0x40, 0x00, 0x00, 0x00, 0x0d, 0xff, 0xff, 0xff, 0xff, 0xff, 0xff, 0xff, 0xff,
    0xff, 0xff, 0xff, 0xff, 0x40, 0x00, 0x00, 0x00, 0x0d, 0xff, 0x22, 0x22, 0x22, 0x22, 0x22, 0x22,
    0x22, 0x22, 0x22, 0x22, 0x22, 0x10, 0x00, 0x00, 0x00, 0x0d, 0xff, 0x08, 0xee, 0xee, 0xee, 0xee,
    0xee, 0xee, 0xee, 0xee, 0xee, 0x60, 0x00, 0x00, 0x00, 0x00, 0x0d, 0xff, 0x09, 0xff, 0xff, 0xff,
    0xff, 0xff, 0xff, 0xff, 0xff, 0xff, 0x70, 0x00, 0x00, 0x00, 0x00, 0x0e, 0xfe, 0x00, 0x00, 0x00,
    0x00, 0x00, 0x00, 0x00, 0x00, 0x00, 0x00, 0x00, 0x00, 0x00, 0x00, 0x00, 0x0e, 0xfe, 0x11, 0x11,
    0x11, 0x11, 0x11, 0x11, 0x11, 0x11, 0x11, 0x11, 0x11, 0x10, 0x00, 0x00, 0x00, 0x1f, 0xff, 0xff,
    0xff, 0xff, 0xff, 0xff, 0xff, 0xff, 0xff, 0xff, 0xff, 0xff, 0xf7, 0x00, 0x00, 0x00, 0x3f, 0xff,
    0xff, 0xff, 0xff, 0xff, 0xff, 0xff, 0xff, 0xff, 0xff, 0xff, 0xff, 0xf7, 0x00, 0x00, 0x00, 0x6f,
    0xf8, 0x00, 0xef, 0xf0, 0x00, 0x04, 0xff, 0xa0, 0x00, 0x00, 0x8e, 0x71, 0x00, 0x00, 0x00, 0x00,
    0xbf, 0xf5, 0x00, 0xef, 0xf0, 0x00, 0x00, 0x6f, 0xfb, 0x20, 0x4d, 0xff, 0xa2, 0x00, 0x00, 0x00,
    0x02, 0xff, 0xe1, 0x00, 0xff, 0xf0, 0x00, 0x00, 0x08, 0xff, 0xfc, 0xff, 0xc4, 0x00, 0x00, 0x00,
    0x00, 0x09, 0xff, 0xa0, 0x04, 0xff, 0xf0, 0x13, 0x57, 0xa9, 0x4d, 0xff, 0xfe, 0x84, 0x10, 0x00,
    0x00, 0x00, 0x5f, 0xff, 0x30, 0x4e, 0xff, 0xfe, 0xff, 0xff, 0xf9, 0x01, 0x8e, 0xff, 0xff, 0xfe,
    0xc8, 0x00, 0x00, 0xef, 0xfa, 0x00, 0x5f, 0xff, 0xff, 0xff, 0xec, 0xa4, 0x00, 0x00, 0x5b, 0xff,
    0xff, 0xf3, 0x00, 0x00, 0x2d, 0xd1, 0x00, 0x0b, 0xfd, 0xa7, 0x52, 0x00, 0x00, 0x00, 0x00, 0x00,
    0x03, 0x69, 0x80, 0x00, 0x00, 0x02, 0x20, 0x00, 0x02, 0x10, 0x00, 0x00, 0x00, 0x00, 0x00, 0x00,
    0x00, 0x00, 0x00, 0x00, 0x00, 0x00, 0x00, 0x00, 0x00, 0x00, 0x00, 0x00, 0x00, 0x00, 0x00, 0x00,
    0x00, 0x00, 0x00, 0x00, 0x00, 0x00, 0x00, 0x00, 0x00, 0x00, 0x00, 0x00, 0x00, 0x00, 0x00, 0x00,
    0x00, 0x00, 0x00, 0x00, 0x00, 0x00, 0x00, 0x00, 0x00, 0x00, 0x00, 0x33, 0x30, 0x00, 0x00, 0x00,
    0x00, 0x31, 0x00, 0x00, 0x00, 0x00, 0x00, 0x00, 0x00, 0x00, 0x00, 0x00, 0xff, 0xc0, 0x00, 0x00,
    0x00, 0x00, 0xef, 0xc0, 0x00, 0x00, 0x00, 0x00, 0x00, 0x00, 0x00, 0x00, 0x00, 0xff, 0xc0, 0x00,
    0x00, 0x00, 0x05, 0xff, 0x90, 0x00, 0x00, 0x00, 0x00, 0x00, 0x00, 0x13, 0x33, 0x33, 0xff, 0xd3,
    0x33, 0x33, 0x00, 0x0c, 0xff, 0x75, 0x55, 0x50, 0x00, 0x00, 0x00, 0x00, 0x4f, 0xff, 0xff, 0xff,
    0xff, 0xff, 0xff, 0x20, 0x4f, 0xff, 0xff, 0xff, 0xfd, 0x30, 0x00, 0x00, 0x00, 0x4f, 0xff, 0xff,
    0xff, 0xff, 0xff, 0xff, 0x20, 0xcf, 0xff, 0xff, 0xff, 0xff, 0x20, 0x00, 0x00, 0x00, 0x00, 0x00,
    0x00, 0xff, 0xc0, 0x00, 0x00, 0x07, 0xff, 0x90, 0x00, 0x9f, 0xf8, 0x00, 0x00, 0x00, 0x00, 0x01,
    0x22, 0x22, 0xff, 0xd2, 0x22, 0x21, 0x2e, 0xfd, 0x10, 0x03, 0xff, 0xd1, 0x00, 0x00, 0x00, 0x00,
    0x09, 0xff, 0xff, 0xff, 0xff, 0xff, 0xf8, 0xdf, 0xf5, 0x00, 0x0b, 0xff, 0x50, 0x00, 0x00, 0x00,
    0x00, 0x09, 0xff, 0xff, 0xff, 0xff, 0xff, 0xfc, 0xff, 0xe7, 0x77, 0x9f, 0xfe, 0x77, 0x77, 0x10,
    0x00, 0x00, 0x00, 0x00, 0x00, 0xff, 0xc0, 0x00, 0x00, 0x2c, 0xff, 0xff, 0xff, 0xff, 0xff, 0xff,
    0x20, 0x00, 0x00, 0xdf, 0xff, 0xff, 0xff, 0xff, 0xff, 0xff, 0x88, 0xff, 0xff, 0xff, 0xff, 0xff,
    0xff, 0x20, 0x00, 0x00, 0xdf, 0xff, 0xff, 0xff, 0xff, 0xff, 0xff, 0x80, 0x00, 0x09, 0xff, 0x30,
    0x09, 0xff, 0x20, 0x00, 0x00, 0x34, 0x44, 0x44, 0x44, 0x44, 0x44, 0x44, 0x20, 0x00, 0x09, 0xff,
    0x30, 0x09, 0xff, 0x20, 0x00, 0x00, 0x00, 0x00, 0x00, 0x00, 0x00, 0x00, 0x00, 0x00, 0x00, 0x09,
    0xff, 0x30, 0x09, 0xff, 0x20, 0x00, 0x00, 0x00, 0xff, 0xff, 0xff, 0xff, 0xff, 0xf0, 0xef, 0xff,
    0xff, 0xff, 0xff, 0xff, 0xff, 0xff, 0x00, 0x00, 0x00, 0xff, 0xff, 0xff, 0xff, 0xff, 0xf0, 0xef,
    0xff, 0xff, 0xff, 0xff, 0xff, 0xff, 0xff, 0x00, 0x00, 0x00, 0xff, 0xb4, 0x44, 0x44, 0xcf, 0xf0,
    0x78, 0x88, 0x8c, 0xff, 0x98, 0x8c, 0xff, 0x98, 0x00, 0x00, 0x00, 0xff, 0x90, 0x00, 0x00, 0xbf,
    0xf0, 0x00, 0x00, 0x09, 0xff, 0x30, 0x09, 0xff, 0x20, 0x00, 0x00, 0x00, 0xff, 0xa1, 0x11, 0x11,
    0xcf, 0xf0, 0x00, 0x00, 0x09, 0xff, 0x30, 0x09, 0xff, 0x20, 0x00, 0x00, 0x00, 0xff, 0xff, 0xff,
    0xff, 0xff, 0xf0, 0x00, 0x00, 0x09, 0xff, 0x30, 0x09, 0xff, 0x20, 0x00, 0x00, 0x00, 0xff, 0xff,
    0xff, 0xff, 0xff, 0xf0, 0x0a, 0xff, 0xff, 0xff, 0xff, 0xff, 0xff, 0x20, 0x00, 0x00, 0x00, 0xff,
    0x90, 0x00, 0x00, 0xbf, 0xf0, 0x0a, 0xff, 0xff, 0xff, 0xff, 0xff, 0xff, 0x20, 0x00, 0x00, 0x00,
    0xff, 0xa1, 0x11, 0x11, 0xbf, 0xf0, 0x05, 0x77, 0x7c, 0xff, 0x97, 0x7c, 0xff, 0x20, 0x00, 0x00,
    0x00, 0xff, 0xff, 0xff, 0xff, 0xff, 0xf0, 0x00, 0x00, 0x09, 0xff, 0x30, 0x06, 0xbb, 0x20, 0x00,
    0x00, 0x00, 0xff, 0xff, 0xff, 0xff, 0xff, 0xf0, 0x00, 0x00, 0x09, 0xff, 0x30, 0x00, 0x00, 0x00,
    0x00, 0x00, 0x00, 0xff, 0x90, 0x00, 0x00, 0xbf, 0xf0, 0x00, 0x00, 0x09, 0xff, 0x30, 0x00, 0x00,
    0x00, 0x00, 0x00, 0x00, 0xff, 0x90, 0x00, 0x00, 0xbf, 0xf0, 0x00, 0x00, 0x0a, 0xff, 0x30, 0x00,
    0x00, 0x00, 0x00, 0x00, 0x00, 0xff, 0x90, 0x00, 0x00, 0xcf, 0xe0, 0x04, 0xbb, 0xbe, 0xff, 0x10,
    0x00, 0x00, 0x00, 0x00, 0x00, 0x00, 0xff, 0x90, 0x0a, 0xff, 0xff, 0xd0, 0x00, 0xef, 0xff, 0xfc,
    0x00, 0x00, 0x00, 0x00, 0x00, 0x00, 0x00, 0xff, 0x90, 0x05, 0xff, 0xff, 0x50, 0x00, 0xaf, 0xec,
    0x91, 0x00, 0x00, 0x00, 0x00, 0x00, 0x00, 0x00, 0x77, 0x40, 0x00, 0x66, 0x51, 0x00, 0x00, 0x00,
    0x00, 0x00, 0x00, 0x00, 0x00, 0x00, 0x00, 0x00, 0x00, 0x00, 0x00, 0x00, 0x00, 0x00, 0x00, 0x00,
    0x00, 0x00, 0x00, 0x00, 0x00, 0x00, 0x00, 0x00, 0x00, 0x00, 0x00, 0x00, 0x00, 0x00, 0x00, 0x00,
    0x00, 0x00, 0x00, 0x00, 0x00, 0x00, 0x00, 0x00, 0x00, 0x00, 0x00, 0x00, 0x00, 0x00, 0x00, 0x00,
    0x14, 0x78, 0x00, 0x00, 0x00, 0x00, 0x00, 0x00, 0x00, 0x00, 0x00, 0x00, 0x00, 0x00, 0x00, 0x00,
    0x00, 0x2f, 0xff, 0x40, 0x00, 0x00, 0x00, 0x00, 0x00, 0x00, 0x00, 0x00, 0x00, 0x00, 0x00, 0x00,
    0x00, 0x00, 0x09, 0xff, 0xb0, 0x00, 0x00, 0x00, 0x00, 0x00, 0x00, 0x00, 0x00, 0x00, 0x6b, 0xbb,
    0xbb, 0xbb, 0xbb, 0xbc, 0xff, 0xfb, 0xbb, 0xbb, 0xbb, 0xbb, 0xb9, 0x00, 0x00, 0x00, 0x00, 0x8f,
    0xff, 0xff, 0xff, 0xff, 0xff, 0xff, 0xff, 0xff, 0xff, 0xff, 0xff, 0xfc, 0x00, 0x00, 0x00, 0x00,
    0x8f, 0xff, 0xff, 0xff, 0xff, 0xff, 0xff, 0xff, 0xff, 0xff, 0xff, 0xff, 0xfc, 0x00, 0x00, 0x00,
    0x00, 0x00, 0x00, 0x17, 0xab, 0x00, 0x00, 0x00, 0x00, 0x00, 0xbc, 0x94, 0x00, 0x00, 0x00, 0x00,
    0x00, 0x00, 0x00, 0x00, 0x1e, 0xff, 0x40, 0x00, 0x00, 0x00, 0x01, 0xff, 0xf7, 0x00, 0x00, 0x00,
    0x00, 0x00, 0x00, 0x00, 0x00, 0x09, 0xff, 0xb0, 0x00, 0x00, 0x00, 0x06, 0xff, 0xf1, 0x00, 0x00,
    0x00, 0x00, 0x00, 0x00, 0x00, 0x00, 0x04, 0xff, 0xf1, 0x00, 0x00, 0x00, 0x0b, 0xff, 0x90, 0x00,
    0x00, 0x00, 0x00, 0x00, 0x00, 0x00, 0x00, 0x00, 0xef, 0xf5, 0x00, 0x00, 0x00, 0x2f, 0xff, 0x30,
    0x00, 0x00, 0x00, 0x00, 0x00, 0x3b, 0xbb, 0xbb, 0xbb, 0xef, 0xfd, 0xbb, 0xbb, 0xbb, 0xcf, 0xff,
    0xbb, 0xbb, 0xbb, 0xb4, 0x00, 0x00, 0x5f, 0xff, 0xff, 0xff, 0xff, 0xff, 0xff, 0xff, 0xff, 0xff,
    0xff, 0xff, 0xff, 0xff, 0xf5, 0x00, 0x00, 0x5f, 0xff, 0xff, 0xff, 0xff, 0xff, 0xff, 0xff, 0xff,
    0xff, 0xff, 0xff, 0xff, 0xff, 0xf5, 0x00, 0x00, 0x00, 0x00, 0x00, 0x00, 0x00, 0x00, 0x00, 0x00,
    0x00, 0x00, 0x00, 0x00, 0x00, 0x00, 0x00, 0x00, 0x00, 0x00, 0x00, 0x00, 0x00, 0x00, 0x00, 0x00,
    0x00, 0x00, 0x00, 0x00, 0x00, 0x00, 0x00, 0x00, 0x00, 0x00, 0x00, 0x00, 0x18, 0x88, 0x88, 0x88,
    0x88, 0x88, 0x88, 0x88, 0x88, 0x88, 0x83, 0x00, 0x00, 0x00, 0x00, 0x00, 0x00, 0x1f, 0xff, 0xff,
    0xff, 0xff, 0xff, 0xff, 0xff, 0xff, 0xff, 0xf6, 0x00, 0x00, 0x00, 0x00, 0x00, 0x00, 0x1f, 0xff,
    0xff, 0xff, 0xff, 0xff, 0xff, 0xff, 0xff, 0xff, 0xf6, 0x00, 0x00, 0x00, 0x00, 0x00, 0x00, 0x1f,
    0xfe, 0x00, 0x00, 0x00, 0x00, 0x00, 0x00, 0x00, 0xbf, 0xf6, 0x00, 0x00, 0x00, 0x00, 0x00, 0x00,
    0x1f, 0xfe, 0x00, 0x00, 0x00, 0x00, 0x00, 0x00, 0x00, 0xbf, 0xf6, 0x00, 0x00, 0x00, 0x00, 0x00,
    0x00, 0x1f, 0xfe, 0x00, 0x00, 0x00, 0x00, 0x00, 0x00, 0x00, 0xbf, 0xf6, 0x00, 0x00, 0x00, 0x00,
    0x00, 0x00, 0x1f, 0xff, 0xff, 0xff, 0xff, 0xff, 0xff, 0xff, 0xff, 0xff, 0xf6, 0x00, 0x00, 0x00,
    0x00, 0x00, 0x00, 0x1f, 0xff, 0xff, 0xff, 0xff, 0xff, 0xff, 0xff, 0xff, 0xff, 0xf6, 0x00, 0x00,
    0x00, 0x00, 0x00, 0x00, 0x1f, 0xfe, 0x66, 0x66, 0x66, 0x66, 0x66, 0x66, 0x66, 0xcf, 0xf6, 0x00,
    0x00, 0x00, 0x00, 0x00, 0x00, 0x1f, 0xfe, 0x00, 0x00, 0x00, 0x00, 0x00, 0x00, 0x00, 0xbf, 0xf6,
    0x00, 0x00, 0x00, 0x00, 0x00, 0x00, 0x1f, 0xfe, 0x00, 0x00, 0x00, 0x00, 0x00, 0x00, 0x00, 0xbf,
    0xf6, 0x00, 0x00, 0x00, 0x00, 0x00, 0x00, 0x1f, 0xfe, 0x88, 0x88, 0x88, 0x88, 0x88, 0x88, 0x88,
    0xdf, 0xf6, 0x00, 0x00, 0x00, 0x00, 0x00, 0x00, 0x1f, 0xff, 0xff, 0xff, 0xff, 0xff, 0xff, 0xff,
    0xff, 0xff, 0xf6, 0x00, 0x00, 0x00, 0x00, 0x00, 0x00, 0x1f, 0xff, 0xff, 0xff, 0xff, 0xff, 0xff,
    0xff, 0xff, 0xff, 0xf6, 0x00, 0x00, 0x00, 0x00, 0x00, 0x00, 0x1f, 0xfe, 0x00, 0x00, 0x00, 0x00,
    0x00, 0x00, 0x00, 0xbf, 0xf6, 0x00, 0x00, 0x00, 0x00, 0x00, 0x00, 0x04, 0x44, 0x00, 0x00, 0x00,
    0x00, 0x00, 0x00, 0x00, 0x33, 0x31, 0x00, 0x00, 0x00, 0x00, 0x00, 0x00, 0x00, 0x00, 0x00, 0x00,
    0x00, 0x00, 0x00, 0x00, 0x00, 0x00, 0x00, 0x00, 0x00, 0x00, 0x00, 0x00, 0x00, 0x00, 0x00, 0x00,
    0x00, 0x00, 0x00, 0x00, 0x00, 0x00, 0x00, 0x00, 0x00, 0x00, 0x00, 0x00, 0x00, 0xcf, 0xff, 0xff,
    0xff, 0xff, 0xf7, 0x2f, 0xff, 0xff, 0xff, 0xff, 0xff, 0xff, 0xfa, 0x00, 0x00, 0x00, 0xcf, 0xff,
    0xff, 0xff, 0xff, 0xf7, 0x2f, 0xff, 0xff, 0xff, 0xff, 0xff, 0xff, 0xfa, 0x00, 0x00, 0x00, 0xcf,
    0xe1, 0x11, 0x11, 0x6f, 0xf7, 0x17, 0x77, 0x77, 0xbf, 0xfb, 0x77, 0x77, 0x74, 0x00, 0x00, 0x00,
    0xcf, 0xe0, 0x00, 0x00, 0x5f, 0xf7, 0x00, 0x00, 0x00, 0xbf, 0xf3, 0x00, 0x00, 0x00, 0x00, 0x00,
    0x00, 0xcf, 0xff, 0xff, 0xff, 0xff, 0xf7, 0x00, 0x00, 0x00, 0xef, 0xd0, 0x00, 0x00, 0x00, 0x00,
    0x00, 0x00, 0xcf, 0xff, 0xff, 0xff, 0xff, 0xf7, 0x00, 0x33, 0x36, 0xff, 0x93, 0x33, 0x33, 0x10,
    0x00, 0x00, 0x00, 0xcf, 0xe0, 0x00, 0x00, 0x6f, 0xf7, 0x00, 0xef, 0xff, 0xff, 0xff, 0xff, 0xff,
    0x40, 0x00, 0x00, 0x00, 0xcf, 0xe0, 0x00, 0x00, 0x5f, 0xf7, 0x00, 0xef, 0xff, 0xff, 0xff, 0xff,
    0xff, 0x40, 0x00, 0x00, 0x00, 0xcf, 0xe2, 0x22, 0x22, 0x6f, 0xf7, 0x00, 0xef, 0x90, 0x00, 0x00,
    0x04, 0xff, 0x40, 0x00, 0x00, 0x00, 0xcf, 0xff, 0xff, 0xff, 0xff, 0xf7, 0x00, 0xef, 0x90, 0x05,
    0x53, 0x04, 0xff, 0x40, 0x00, 0x00, 0x00, 0xcf, 0xff, 0xff, 0xff, 0xff, 0xf7, 0x00, 0xef, 0x90,
    0x0f, 0xf7, 0x04, 0xff, 0x40, 0x00, 0x00, 0x00, 0x00, 0x00, 0x00, 0x00, 0x00, 0x00, 0x00, 0xef,
    0x90, 0x1f, 0xf7, 0x04, 0xff, 0x40, 0x00, 0x00, 0x00, 0x00, 0x00, 0x00, 0x00, 0x00, 0x00, 0x00,
    0xef, 0x90, 0x2f, 0xf6, 0x04, 0xff, 0x40, 0x00, 0x00, 0x7f, 0xff, 0xff, 0xff, 0xff, 0xff, 0xff,
    0xf0, 0xef, 0x90, 0x3f, 0xf5, 0x04, 0xff, 0x40, 0x00, 0x00, 0x7f, 0xff, 0xff, 0xff, 0xff, 0xff,
    0xff, 0xf0, 0xef, 0x90, 0x4f, 0xf4, 0x04, 0xff, 0x40, 0x00, 0x00, 0x24, 0x44, 0x44, 0x7f, 0xf8,
    0x44, 0x44, 0x40, 0xef, 0x90, 0x6f, 0xf2, 0x04, 0xff, 0x40, 0x00, 0x00, 0x00, 0x11, 0x00, 0x3f,
    0xf5, 0x00, 0x00, 0x00, 0xef, 0x90, 0x8f, 0xf0, 0x04, 0xff, 0x40, 0x00, 0x00, 0x00, 0x7f, 0xf0,
    0x3f, 0xf5, 0x00, 0x00, 0x00, 0xef, 0x90, 0xcf, 0xc0, 0x04, 0xff, 0x40, 0x00, 0x00, 0x00, 0x8f,
    0xe0, 0x3f, 0xf8, 0x44, 0x44, 0x10, 0xef, 0x92, 0xff, 0x80, 0x04, 0xdd, 0x30, 0x00, 0x00, 0x00,
    0x9f, 0xd0, 0x3f, 0xff, 0xff, 0xff, 0x50, 0x00, 0x09, 0xff, 0x34, 0x70, 0x00, 0x00, 0x00, 0x00,
    0x00, 0xaf, 0xc0, 0x3f, 0xff, 0xff, 0xff, 0x50, 0x00, 0x4f, 0xfb, 0x4f, 0xfb, 0x10, 0x00, 0x00,
    0x00, 0x00, 0xdf, 0xe2, 0x3f, 0xf5, 0x00, 0x00, 0x00, 0x04, 0xef, 0xf3, 0x1b, 0xff, 0xd3, 0x00,
    0x00, 0x00, 0x00, 0xff, 0xfb, 0x4f, 0xf5, 0x00, 0x00, 0x01, 0x9f, 0xff, 0x60, 0x00, 0x9f, 0xff,
    0x50, 0x00, 0x00, 0x03, 0xff, 0xff, 0xcf, 0xf5, 0x00, 0x02, 0xaf, 0xff, 0xe5, 0x00, 0x00, 0x06,
    0xff, 0xf5, 0x00, 0x00, 0x08, 0xff, 0x6f, 0xff, 0xf5, 0x00, 0x00, 0xbf, 0xfa, 0x20, 0x00, 0x00,
    0x00, 0x4e, 0xd2, 0x00, 0x00, 0x0d, 0xfb, 0x05, 0xff, 0xfe, 0xb8, 0x53, 0x49, 0x30, 0x00, 0x00,
    0x00, 0x00, 0x04, 0x31, 0x00, 0x00, 0x7f, 0xf6, 0x00, 0x3a, 0xff, 0xff, 0xff, 0xff, 0xff, 0xff,
    0xff, 0xff, 0xff, 0xff, 0xfa, 0x00, 0x00, 0xdf, 0xd0, 0x00, 0x00, 0x28, 0xce, 0xff, 0xff, 0xff,
    0xff, 0xff, 0xff, 0xff, 0xff, 0xf4, 0x00, 0x00, 0x2b, 0x50, 0x00, 0x00, 0x00, 0x00, 0x24, 0x55,
    0x66, 0x77, 0x77, 0x77, 0x77, 0x77, 0x60, 0x00, 0x00, 0x00, 0x00, 0x00, 0x00, 0x00, 0x00, 0x00,
    0x00, 0x00, 0x00, 0x00, 0x00, 0x00, 0x00, 0x00, 0x00, 0x00, 0x00, 0x00, 0x00, 0x00, 0x00, 0x00,
    0x00, 0x00, 0x00, 0x00, 0x00, 0x00, 0x00, 0x00, 0x00, 0x00, 0x00, 0x00, 0x00, 0x00, 0x00, 0x00,
    0x00, 0x00, 0x00, 0x00, 0x00, 0x00, 0x00, 0x00, 0x00, 0x00, 0x00, 0x00, 0x00, 0x01, 0xee, 0xee,
    0xee, 0xee, 0xee, 0xee, 0xee, 0xee, 0xee, 0xee, 0xeb, 0x00, 0x00, 0x00, 0x00, 0x00, 0x02, 0xff,
    0xff, 0xff, 0xff, 0xff, 0xff, 0xff, 0xff, 0xff, 0xff, 0xfc, 0x00, 0x00, 0x00, 0x00, 0x00, 0x02,
    0xff, 0xff, 0xff, 0xff, 0xff, 0xff, 0xff, 0xff, 0xff, 0xff, 0xfc, 0x00, 0x00, 0x00, 0x00, 0x00,
    0x02, 0xff, 0xf0, 0x00, 0x00, 0x00, 0x00, 0x00, 0x00, 0x00, 0x3f, 0xfc, 0x00, 0x00, 0x00, 0x00,
    0x00, 0x02, 0xff, 0xf0, 0x00, 0x00, 0x00, 0x00, 0x00, 0x00, 0x00, 0x3f, 0xfc, 0x00, 0x00, 0x00,
    0x00, 0x00, 0x02, 0xff, 0xf0, 0x00, 0x00, 0x00, 0x00, 0x00, 0xa7, 0x20, 0x3f, 0xfc, 0x00, 0x00,
    0x00, 0x00, 0x00, 0x02, 0xff, 0xf0, 0x01, 0x50, 0x00, 0x00, 0x05, 0xff, 0x90, 0x3f, 0xfc, 0x00,
    0x00, 0x00, 0x00, 0x00, 0x02, 0xff, 0xf0, 0x7e, 0xf5, 0x00, 0x00, 0x0a, 0xff, 0x40, 0x3f, 0xfc,
    0x00, 0x00, 0x00, 0x00, 0x00, 0x02, 0xff, 0xf0, 0x7f, 0xfe, 0x20, 0x00, 0x1f, 0xfd, 0x00, 0x3f,
    0xfc, 0x00, 0x00, 0x00, 0x00, 0x00, 0x02, 0xff, 0xf0, 0x0a, 0xff, 0xd1, 0x00, 0x7f, 0xf8, 0x00,
    0x3f, 0xfc, 0x00, 0x00, 0x00, 0x00, 0x00, 0x02, 0xff, 0xf0, 0x01, 0xdf, 0xfa, 0x00, 0xdf, 0xf2,
    0x00, 0x2f, 0xfc, 0x00, 0x00, 0x00, 0x00, 0x00, 0x02, 0xff, 0xf0, 0x00, 0x3f, 0xff, 0x65, 0xff,
    0xb0, 0x00, 0x2f, 0xfc, 0x00, 0x00, 0x00, 0x00, 0x00, 0x03, 0xff, 0xe0, 0x00, 0x07, 0xff, 0xfd,
    0xff, 0x30, 0x00, 0x2f, 0xfc, 0x00, 0x00, 0x00, 0x00, 0x00, 0x03, 0xff, 0xe0, 0x00, 0x00, 0xbf,
    0xff, 0xfb, 0x00, 0x00, 0x2f, 0xfc, 0x00, 0x00, 0x00, 0x00, 0x00, 0x04, 0xff, 0xd0, 0x00, 0x00,
    0x1e, 0xff, 0xf4, 0x00, 0x00, 0x1f, 0xfc, 0x00, 0x00, 0x00, 0x00, 0x00, 0x06, 0xff, 0xb0, 0x00,
    0x00, 0x09, 0xff, 0xf5, 0x00, 0x00, 0x1f, 0xfd, 0x00, 0x00, 0x00, 0x00, 0x00, 0x07, 0xff, 0x90,
    0x00, 0x00, 0x4f, 0xff, 0xfe, 0x20, 0x00, 0x0f, 0xfd, 0x00, 0x00, 0x00, 0x00, 0x00, 0x09, 0xff,
    0x80, 0x00, 0x01, 0xef, 0xff, 0xff, 0xb0, 0x00, 0x0f, 0xfe, 0x00, 0x00, 0x00, 0x00, 0x00, 0x0a,
    0xff, 0x60, 0x00, 0x0b, 0xff, 0xe5, 0xff, 0xf6, 0x00, 0x0e, 0xfe, 0x00, 0x00, 0x00, 0x00, 0x00,
    0x0e, 0xff, 0x40, 0x00, 0x7f, 0xff, 0x40, 0x9f, 0xfe, 0x20, 0x0d, 0xff, 0x00, 0x00, 0x00, 0x00,
    0x00, 0x2f, 0xff, 0x10, 0x05, 0xff, 0xf9, 0x00, 0x1e, 0xff, 0xa0, 0x0c, 0xff, 0x10, 0x00, 0x00,
    0x00, 0x00, 0x6f, 0xfc, 0x00, 0x5f, 0xff, 0xc0, 0x00, 0x05, 0xff, 0xf4, 0x0a, 0xff, 0x20, 0x70,
    0x00, 0x00, 0x00, 0xaf, 0xf8, 0x07, 0xff, 0xfe, 0x20, 0x00, 0x00, 0xcf, 0xfc, 0x09, 0xff, 0x40,
    0xba, 0x00, 0x00, 0x00, 0xef, 0xf4, 0x1e, 0xff, 0xe3, 0x00, 0x00, 0x00, 0x4f, 0xfd, 0x26, 0xff,
    0x60, 0xcf, 0x40, 0x00, 0x05, 0xff, 0xf1, 0x02, 0xee, 0x40, 0x00, 0x00, 0x00, 0x0a, 0x81, 0x03,
    0xff, 0xa0, 0xdf, 0x20, 0x00, 0x0c, 0xff, 0xa0, 0x00, 0x43, 0x00, 0x00, 0x00, 0x00, 0x00, 0x00,
    0x00, 0xef, 0xf6, 0xff, 0x00, 0x00, 0x6f, 0xff, 0x40, 0x00, 0x00, 0x00, 0x00, 0x00, 0x00, 0x00,
    0x00, 0x00, 0x8f, 0xff, 0xfc, 0x00, 0x00, 0x9f, 0xfc, 0x00, 0x00, 0x00, 0x00, 0x00, 0x00, 0x00,
    0x00, 0x00, 0x00, 0x2e, 0xff, 0xf7, 0x00, 0x00, 0x06, 0xf3, 0x00, 0x00, 0x00, 0x00, 0x00, 0x00,
    0x00, 0x00, 0x00, 0x00, 0x03, 0xbe, 0xa0, 0x00, 0x00, 0x00, 0x20, 0x00, 0x00, 0x00, 0x00, 0x00,
    0x00, 0x00, 0x00, 0x00, 0x00, 0x00, 0x00, 0x00, 0x00, 0x00, 0x00, 0x00, 0x00, 0x00, 0x00, 0x00,
    0x00, 0x00, 0x00, 0x00, 0x00, 0x00, 0x00, 0x00, 0x00, 0x00, 0x00, 0x00, 0x00, 0x00, 0x00, 0x00,
    0x00, 0x00, 0x00, 0x00, 0x00, 0x00, 0x00, 0x00, 0x00, 0x00, 0x00, 0x00, 0x00, 0x00, 0x00, 0x00,
    0x00, 0x00, 0x00, 0x00, 0x00, 0x00, 0x20, 0x00, 0x00, 0x00, 0x00, 0x00, 0x00, 0x00, 0x00, 0x00,
    0x00, 0x00, 0x00, 0x00, 0x00, 0x00, 0x7c, 0xf3, 0x00, 0x00, 0x00, 0x00, 0x00, 0x00, 0x1f, 0xff,
    0xff, 0xff, 0xff, 0xf3, 0x00, 0x00, 0x00, 0x9f, 0xfa, 0x00, 0x00, 0x00, 0x00, 0x00, 0x00, 0x1f,
    0xff, 0xff, 0xff, 0xff, 0xf2, 0x00, 0x00, 0x00, 0x2f, 0xff, 0x30, 0x00, 0x00, 0x00, 0x00, 0x00,
    0x19, 0x99, 0x99, 0x99, 0xcf, 0xf1, 0x00, 0x00, 0x00, 0x0a, 0xff, 0x90, 0x00, 0x00, 0x00, 0x00,
    0x00, 0x00, 0x00, 0x00, 0x00, 0x9f, 0xf0, 0x00, 0x00, 0x00, 0x04, 0xff, 0xe0, 0x00, 0x00, 0x00,
    0x00, 0x00, 0x00, 0x00, 0x00, 0x00, 0xaf, 0xe0, 0x00, 0x00, 0x00, 0x00, 0xc8, 0x20, 0x00, 0x00,
    0x00, 0x00, 0x00, 0x00, 0xaa, 0x70, 0x00, 0xbf, 0xd0, 0x2f, 0xff, 0xff, 0xff, 0xff, 0xff, 0xff,
    0xff, 0xf5, 0x00, 0x00, 0x00, 0xff, 0xa0, 0x00, 0xcf, 0xc0, 0x2f, 0xff, 0xff, 0xff, 0xff, 0xff,
    0xff, 0xff, 0xf5, 0x00, 0x00, 0x01, 0xff, 0x80, 0x00, 0xdf, 0xb0, 0x1b, 0xbb, 0xbb, 0xbc, 0xff,
    0xeb, 0xbb, 0xbb, 0xb3, 0x00, 0x00, 0x01, 0xff, 0x70, 0x00, 0xef, 0xa0, 0x00, 0x00, 0x00, 0x06,
    0xff, 0xb0, 0x00, 0x00, 0x00, 0x00, 0x00, 0x03, 0xff, 0x60, 0x00, 0xff, 0x90, 0x00, 0x00, 0x00,
    0x06, 0xff, 0xb0, 0x00, 0x00, 0x00, 0x00, 0x00, 0x04, 0xff, 0x50, 0x01, 0xff, 0x70, 0x00, 0x00,
    0x00, 0x06, 0xff, 0xb0, 0x00, 0x00, 0x00, 0x00, 0x00, 0x05, 0xff, 0x40, 0x03, 0xff, 0x60, 0x00,
    0x00, 0x00, 0x06, 0xff, 0xb0, 0x00, 0x00, 0x00, 0x00, 0x00, 0x06, 0xff, 0x20, 0x04, 0xff, 0x50,
    0x00, 0x00, 0x00, 0x06, 0xff, 0xb0, 0x00, 0x00, 0x00, 0x00, 0x00, 0x08, 0xff, 0x10, 0x06, 0xff,
    0x30, 0x00, 0x00, 0x00, 0x06, 0xff, 0xb0, 0x00, 0x00, 0x00, 0x00, 0x00, 0x09, 0xff, 0xff, 0xff,
    0xff, 0xff, 0x60, 0x00, 0x00, 0x06, 0xff, 0xb0, 0x00, 0x00, 0x00, 0x00, 0x00, 0x0b, 0xff, 0xff,
    0xff, 0xff, 0xff, 0x59, 0xff, 0xff, 0xff, 0xff, 0xff, 0xff, 0xff, 0x60, 0x00, 0x00, 0x05, 0x66,
    0x66, 0x66, 0x69, 0xff, 0x49, 0xff, 0xff, 0xff, 0xff, 0xff, 0xff, 0xff, 0x60, 0x00, 0x00, 0x00,
    0x00, 0x00, 0x00, 0x06, 0xff, 0x35, 0x99, 0x99, 0x9b, 0xff, 0xd9, 0x99, 0x99, 0x40, 0x00, 0x00,
    0x00, 0x00, 0x00, 0x00, 0x07, 0xff, 0x30, 0x00, 0x00, 0x06, 0xff, 0xb0, 0x00, 0x00, 0x00, 0x00,
    0x00, 0x00, 0x00, 0x01, 0x48, 0x38, 0xff, 0x10, 0x00, 0x00, 0x06, 0xff, 0xb0, 0x00, 0x00, 0x00,
    0x00, 0x00, 0x01, 0x58, 0xcf, 0xff, 0x6a, 0xff, 0x00, 0x00, 0x00, 0x06, 0xff, 0xb0, 0x00, 0x00,
    0x00, 0x00, 0x00, 0xcf, 0xff, 0xff, 0xff, 0x7b, 0xfe, 0x00, 0x00, 0x00, 0x06, 0xff, 0xb0, 0x00,
    0x00, 0x00, 0x00, 0x00, 0xbf, 0xff, 0xd9, 0x51, 0x0d, 0xfd, 0x00, 0x00, 0x00, 0x06, 0xff, 0xb0,
    0x00, 0x00, 0x00, 0x00, 0x00, 0x7a, 0x62, 0x00, 0x00, 0x0e, 0xfb, 0x00, 0x00, 0x00, 0x06, 0xff,
    0xb0, 0x00, 0x00, 0x00, 0x00, 0x00, 0x00, 0x00, 0x00, 0x00, 0x2f, 0xf9, 0x00, 0x00, 0x00, 0x06,
    0xff, 0xb0, 0x00, 0x00, 0x00, 0x00, 0x00, 0x00, 0x00, 0x00, 0x00, 0x5f, 0xf7, 0xaa, 0xaa, 0xaa,
    0xac, 0xff, 0xea, 0xaa, 0xaa, 0xa9, 0x00, 0x00, 0x00, 0x01, 0x21, 0x01, 0xcf, 0xf3, 0xef, 0xff,
    0xff, 0xff, 0xff, 0xff, 0xff, 0xff, 0xfd, 0x00, 0x00, 0x00, 0x03, 0xff, 0xff, 0xff, 0xd0, 0xef,
    0xff, 0xff, 0xff, 0xff, 0xff, 0xff, 0xff, 0xfd, 0x00, 0x00, 0x00, 0x00, 0xdf, 0xff, 0xfe, 0x40,
    0x00, 0x00, 0x00, 0x00, 0x00, 0x00, 0x00, 0x00, 0x00, 0x00, 0x00, 0x00, 0x00, 0x46, 0x66, 0x41,
    0x00, 0x00, 0x00, 0x00, 0x00, 0x00, 0x00, 0x00, 0x00, 0x00, 0x00, 0x00, 0x00, 0x00, 0x00, 0x00,
    0x00, 0x00, 0x00, 0x00, 0x00, 0x00, 0x00, 0x00, 0x00, 0x00, 0x00, 0x00, 0x00, 0x00, 0x00, 0x00,
    0x00, 0x00, 0x00, 0x00, 0x00, 0x00, 0x00, 0x00, 0x00, 0x00, 0x00, 0x00, 0x00, 0x00, 0x00, 0x00,
    0x00, 0x00, 0x00, 0x00, 0x00, 0x25, 0x00, 0x00, 0x00, 0x00, 0x00, 0x00, 0x00, 0x00, 0x00, 0x00,
    0x00, 0x00, 0x00, 0x00, 0x00, 0x2d, 0xff, 0x20, 0x00, 0x00, 0x00, 0x00, 0x00, 0x00, 0x00, 0x00,
    0x00, 0x00, 0x00, 0x00, 0x00, 0x00, 0x0d, 0xff, 0x80, 0x00, 0x00, 0x00, 0x00, 0x00, 0x00, 0x00,
    0x00, 0x00, 0x00, 0x00, 0x00, 0x00, 0x00, 0x08, 0xff, 0xd0, 0x00, 0x00, 0x00, 0x00, 0x00, 0x00,
    0x00, 0x00, 0x3f, 0xff, 0xff, 0xff, 0xff, 0xff, 0xff, 0xff, 0xff, 0xff, 0xff, 0xff, 0xff, 0xff,
    0xf0, 0x00, 0x00, 0x3f, 0xff, 0xff, 0xff, 0xff, 0xff, 0xff, 0xff, 0xff, 0xff, 0xff, 0xff, 0xff,
    0xff, 0xf0, 0x00, 0x00, 0x29, 0x99, 0x99, 0x99, 0x99, 0x99, 0x99, 0x99, 0x99, 0x99, 0x99, 0x99,
    0x99, 0x99, 0x90, 0x00, 0x00, 0x00, 0x00, 0x00, 0x00, 0x00, 0x00, 0x00, 0x00, 0x00, 0x00, 0x00,
    0x00, 0x00, 0x00, 0x00, 0x00, 0x00, 0x00, 0x00, 0x09, 0xff, 0xff, 0xff, 0xff, 0xff, 0xff, 0xff,
    0xff, 0xff, 0xd0, 0x00, 0x00, 0x00, 0x00, 0x00, 0x00, 0x09, 0xff, 0xff, 0xff, 0xff, 0xff, 0xff,
    0xff, 0xff, 0xff, 0xd0, 0x00, 0x00, 0x00, 0x00, 0x00, 0x00, 0x09, 0xff, 0x82, 0x22, 0x22, 0x22,
    0x22, 0x22, 0x26, 0xff, 0xd0, 0x00, 0x00, 0x00, 0x00, 0x00, 0x00, 0x09, 0xff, 0x70, 0x00, 0x00,
    0x00, 0x00, 0x00, 0x05, 0xff, 0xd0, 0x00, 0x00, 0x00, 0x00, 0x00, 0x00, 0x09, 0xff, 0x72, 0x22,
    0x22, 0x22, 0x22, 0x22, 0x26, 0xff, 0xd0, 0x00, 0x00, 0x00, 0x00, 0x00, 0x00, 0x09, 0xff, 0xff,
    0xff, 0xff, 0xff, 0xff, 0xff, 0xff, 0xff, 0xd0, 0x00, 0x00, 0x00, 0x00, 0x00, 0x00, 0x09, 0xff,
    0xff, 0xff, 0xff, 0xff, 0xff, 0xff, 0xff, 0xff, 0xd0, 0x00, 0x00, 0x00, 0x00, 0x00, 0x00, 0x00,
    0x00, 0x00, 0x00, 0x00, 0x00, 0x00, 0x00, 0x00, 0x00, 0x00, 0x00, 0x00, 0x00, 0x00, 0x01, 0x77,
    0x77, 0x77, 0x77, 0x77, 0x77, 0x77, 0x77, 0x77, 0x77, 0x77, 0x77, 0x77, 0x10, 0x00, 0x00, 0x02,
    0xff, 0xff, 0xff, 0xff, 0xff, 0xff, 0xff, 0xff, 0xff, 0xff, 0xff, 0xff, 0xff, 0x20, 0x00, 0x00,
    0x02, 0xff, 0xff, 0xff, 0xff, 0xff, 0xff, 0xff, 0xff, 0xff, 0xff, 0xff, 0xff, 0xff, 0x20, 0x00,
    0x00, 0x02, 0xff, 0xc0, 0x00, 0x00, 0x00, 0x00, 0x00, 0x00, 0x00, 0x00, 0x00, 0x0d, 0xff, 0x20,
    0x00, 0x00, 0x02, 0xff, 0xc0, 0x00, 0x00, 0x00, 0x00, 0x00, 0x00, 0x00, 0x00, 0x00, 0x0d, 0xff,
    0x20, 0x00, 0x00, 0x02, 0xff, 0xc0, 0x02, 0xff, 0xff, 0xff, 0xff, 0xff, 0xff, 0xfa, 0x00, 0x0d,
    0xff, 0x20, 0x00, 0x00, 0x02, 0xff, 0xc0, 0x02, 0xff, 0xff, 0xff, 0xff, 0xff, 0xff, 0xfa, 0x00,
    0x0d, 0xff, 0x20, 0x00, 0x00, 0x02, 0xff, 0xc0, 0x02, 0xff, 0xc2, 0x22, 0x22, 0x22, 0x3f, 0xfa,
    0x00, 0x0d, 0xff, 0x20, 0x00, 0x00, 0x02, 0xff, 0xc0, 0x02, 0xff, 0xb0, 0x00, 0x00, 0x00, 0x0f,
    0xfa, 0x00, 0x0d, 0xff, 0x20, 0x00, 0x00, 0x02, 0xff, 0xc0, 0x02, 0xff, 0xc2, 0x22, 0x22, 0x22,
    0x2f, 0xfa, 0x00, 0x0d, 0xff, 0x20, 0x00, 0x00, 0x02, 0xff, 0xc0, 0x02, 0xff, 0xff, 0xff, 0xff,
    0xff, 0xff, 0xfa, 0x00, 0x0d, 0xff, 0x20, 0x00, 0x00, 0x02, 0xff, 0xc0, 0x02, 0xff, 0xff, 0xff,
    0xff, 0xff, 0xff, 0xfa, 0x00, 0x0d, 0xff, 0x20, 0x00, 0x00, 0x02, 0xff, 0xc0, 0x02, 0xff, 0xb0,
    0x00, 0x00, 0x00, 0x00, 0x03, 0x33, 0x4e, 0xff, 0x20, 0x00, 0x00, 0x02, 0xff, 0xc0, 0x01, 0x77,
    0x50, 0x00, 0x00, 0x00, 0x00, 0x07, 0xff, 0xff, 0xfe, 0x00, 0x00, 0x00, 0x02, 0xff, 0xc0, 0x00,
    0x00, 0x00, 0x00, 0x00, 0x00, 0x00, 0x01, 0xff, 0xed, 0xa3, 0x00, 0x00, 0x00, 0x00, 0x44, 0x30,
    0x00, 0x00, 0x00, 0x00, 0x00, 0x00, 0x00, 0x00, 0x00, 0x00, 0x00, 0x00, 0x00, 0x00, 0x00, 0x00,
    0x00, 0x00, 0x00, 0x00, 0x00, 0x00, 0x00, 0x00, 0x00, 0x00, 0x00, 0x00, 0x00, 0x00, 0x00, 0x00,
    0x00, 0x00, 0x00, 0x00, 0x00, 0x00, 0x00, 0x00, 0x00, 0x00, 0x00, 0x00, 0x00, 0x00, 0x00, 0x00,
    0x00, 0x00, 0x00, 0x00, 0x35, 0x53, 0x00, 0x00, 0x00, 0x25, 0x53, 0x00, 0x00, 0x00, 0x00, 0x00,
    0x00, 0x00, 0x00, 0x00, 0x00, 0x8f, 0xf8, 0x00, 0x00, 0x00, 0x7f, 0xfa, 0x00, 0x00, 0x00, 0x00,
    0x00, 0x00, 0x00, 0x00, 0x00, 0x00, 0x8f, 0xf8, 0x00, 0x00, 0x00, 0x7f, 0xfa, 0x00, 0x00, 0x00,
    0x00, 0x00, 0x00, 0x00, 0x0a, 0xaa, 0xaa, 0xdf, 0xfd, 0xaa, 0xaa, 0xaa, 0xcf, 0xfd, 0xaa, 0xaa,
    0xa3, 0x00, 0x00, 0x00, 0x00, 0x1f, 0xff, 0xff, 0xff, 0xff, 0xff, 0xff, 0xff, 0xff, 0xff, 0xff,
    0xff, 0xf4, 0x00, 0x00, 0x00, 0x00, 0x1f, 0xff, 0xff, 0xff, 0xff, 0xff, 0xff, 0xff, 0xff, 0xff,
    0xff, 0xff, 0xf4, 0x00, 0x00, 0x00, 0x00, 0x00, 0x00, 0x00, 0x8f, 0xf8, 0x00, 0x00, 0x00, 0x7f,
    0xfa, 0x00, 0x00, 0x00, 0x00, 0x00, 0x00, 0x00, 0x00, 0x00, 0x00, 0x8f, 0xf8, 0x00, 0x00, 0x00,
    0x7f, 0xfa, 0x00, 0x00, 0x00, 0x00, 0x00, 0x00, 0x00, 0x00, 0x00, 0x00, 0x8f, 0xf8, 0x00, 0x00,
    0x00, 0x7f, 0xfa, 0x00, 0x00, 0x00, 0x00, 0x00, 0x00, 0x5f, 0xff, 0xff, 0xff, 0xff, 0xff, 0xff,
    0xff, 0xff, 0xff, 0xff, 0xff, 0xff, 0xff, 0xf6, 0x00, 0x00, 0x5f, 0xff, 0xff, 0xff, 0xff, 0xff,
    0xff, 0xff, 0xff, 0xff, 0xff, 0xff, 0xff, 0xff, 0xf6, 0x00, 0x00, 0x4c, 0xcc, 0xcc, 0xcc, 0xcc,
    0xcc, 0xce, 0xff, 0xec, 0xcc, 0xcc, 0xcc, 0xcc, 0xcc, 0xc5, 0x00, 0x00, 0x00, 0x00, 0x00, 0x00,
    0x00, 0x00, 0x09, 0xff, 0x80, 0x00, 0x00, 0x00, 0x00, 0x00, 0x00, 0x00, 0x00, 0x00, 0x00, 0x33,
    0x33, 0x33, 0x33, 0x3a, 0xff, 0xa3, 0x33, 0x33, 0x33, 0x33, 0x10, 0x00, 0x00, 0x00, 0x00, 0x00,
    0xff, 0xff, 0xff, 0xff, 0xff, 0xff, 0xff, 0xff, 0xff, 0xff, 0xff, 0x40, 0x00, 0x00, 0x00, 0x00,
    0x00, 0xff, 0xff, 0xff, 0xff, 0xff, 0xff, 0xff, 0xff, 0xff, 0xff, 0xff, 0x40, 0x00, 0x00, 0x00,
    0x00, 0x00, 0xff, 0xe0, 0x00, 0x00, 0x09, 0xff, 0x80, 0x00, 0x00, 0x0c, 0xff, 0x40, 0x00, 0x00,
    0x00, 0x00, 0x00, 0xff, 0xe0, 0x00, 0x00, 0x09, 0xff, 0x80, 0x00, 0x00, 0x0c, 0xff, 0x40, 0x00,
    0x00, 0x00, 0x00, 0x00, 0xff, 0xff, 0xff, 0xff, 0xff, 0xff, 0xff, 0xff, 0xff, 0xff, 0xff, 0x40,
    0x00, 0x00, 0x00, 0x00, 0x00, 0xff, 0xff, 0xff, 0xff, 0xff, 0xff, 0xff, 0xff, 0xff, 0xff, 0xff,
    0x40, 0x00, 0x00, 0x00, 0x00, 0x00, 0xff, 0xe1, 0x11, 0x11, 0x19, 0xff, 0x91, 0x11, 0x11, 0x1c,
    0xff, 0x40, 0x00, 0x00, 0x00, 0x00, 0x00, 0xff, 0xe0, 0x00, 0x00, 0x09, 0xff, 0x80, 0x00, 0x00,
    0x0c, 0xff, 0x40, 0x00, 0x00, 0x00, 0x00, 0x00, 0xff, 0xe0, 0x00, 0x00, 0x09, 0xff, 0x80, 0x00,
    0x00, 0x0c, 0xff, 0x40, 0x00, 0x00, 0x00, 0x00, 0x00, 0xff, 0xff, 0xff, 0xff, 0xff, 0xff, 0xff,
    0xff, 0xff, 0xff, 0xff, 0x40, 0x00, 0x00, 0x00, 0x00, 0x00, 0xff, 0xff, 0xff, 0xff, 0xff, 0xff,
    0xff, 0xff, 0xff, 0xff, 0xff, 0x40, 0x00, 0x00, 0x00, 0x00, 0x00, 0x33, 0x33, 0x37, 0x83, 0x33,
    0x33, 0x33, 0x3b, 0x73, 0x33, 0x33, 0x10, 0x00, 0x00, 0x00, 0x00, 0x00, 0x00, 0x04, 0xbf, 0xfa,
    0x10, 0x00, 0x00, 0xaf, 0xfd, 0x82, 0x00, 0x00, 0x00, 0x00, 0x00, 0x00, 0x00, 0x16, 0xcf, 0xff,
    0xfd, 0x40, 0x00, 0x01, 0xaf, 0xff, 0xff, 0xc6, 0x10, 0x00, 0x00, 0x00, 0x02, 0x7b, 0xff, 0xff,
    0xfe, 0x71, 0x00, 0x00, 0x00, 0x01, 0x7d, 0xff, 0xff, 0xe9, 0x20, 0x00, 0x00, 0x1d, 0xff, 0xff,
    0xfc, 0x60, 0x00, 0x00, 0x00, 0x00, 0x00, 0x00, 0x4a, 0xff, 0xff, 0xc0, 0x00, 0x00, 0x01, 0xdf,
    0xc7, 0x20, 0x00, 0x00, 0x00, 0x00, 0x00, 0x00, 0x00, 0x00, 0x29, 0xfc, 0x10, 0x00, 0x00, 0x00,
    0x22, 0x00, 0x00, 0x00, 0x00, 0x00, 0x00, 0x00, 0x00, 0x00, 0x00, 0x00, 0x11, 0x00, 0x00, 0x00,
    0x00, 0x00, 0x00, 0x00, 0x00, 0x00, 0x00, 0x00, 0x00, 0x00, 0x00, 0x00, 0x00, 0x00, 0x00, 0x00,
    0x00, 0x00, 0x00, 0x00, 0x00, 0x00, 0x00, 0x00, 0x00, 0x00, 0x00, 0x00, 0x00, 0x00, 0x00, 0x00,
    0x00, 0x00, 0x00, 0x00, 0x00, 0x00, 0x00, 0x00, 0x00, 0x00, 0x00, 0x00, 0x00, 0x00, 0x00, 0x00,
    0x00, 0x00, 0x00, 0x00, 0x00, 0x06, 0xef, 0xc2, 0x00, 0x00, 0x00, 0x00, 0x00, 0x00, 0x00, 0x00,
    0x00, 0x00, 0x00, 0x00, 0x00, 0x00, 0x2f, 0xff, 0xfd, 0x00, 0x00, 0x00, 0x00, 0x00, 0x00, 0x00,
    0x00, 0x00, 0x00, 0x00, 0x00, 0x00, 0x00, 0x5f, 0xff, 0xff, 0x40, 0x00, 0x00, 0x00, 0x00, 0x00,
    0x00, 0x00, 0x00, 0x00, 0x00, 0x00, 0x00, 0x00, 0x2f, 0xff, 0xff, 0x60, 0x00, 0x00, 0x00, 0x00,
    0x00, 0x00, 0x00, 0x00, 0x00, 0x00, 0x00, 0x00, 0x00, 0x05, 0xdf, 0xff, 0x50, 0x00, 0x00, 0x00,
    0x00, 0x00, 0x00, 0x00, 0x00, 0x00, 0x00, 0x00, 0x00, 0x00, 0x00, 0x06, 0xff, 0x20, 0x00, 0x00,
    0x00, 0x00, 0x00, 0x00, 0x00, 0x00, 0x00, 0x00, 0x00, 0x00, 0x00, 0x00, 0x0b, 0xfe, 0x00, 0x00,
    0x00, 0x00, 0x00, 0x00, 0x00, 0x00, 0x00, 0x00, 0x00, 0x00, 0x00, 0x00, 0x00, 0x6f, 0xf7, 0x00,
    0x00, 0x00, 0x00, 0x00, 0x00, 0x00, 0x00, 0x00, 0x00, 0x00, 0x00, 0x00, 0x00, 0x18, 0xff, 0xc0,
    0x00, 0x00, 0x00, 0x00, 0x00, 0x00, 0x00, 0x00, 0x00, 0x00, 0x00, 0x00, 0x00, 0x02, 0xef, 0xfc,
    0x10, 0x00, 0x00, 0x00, 0x00, 0x00, 0x00, 0x00, 0x00, 0x00, 0x00, 0x00, 0x00, 0x00, 0x00, 0xde,
    0x81, 0x00, 0x00, 0x00, 0x00, 0x00, 0x00, 0x00, 0x00, 0x00, 0x00, 0x00, 0x00, 0x00, 0x00, 0x00,
    0x31, 0x00, 0x00, 0x00, 0x00, 0x00, 0x00, 0x00, 0x00, 0x00, 0x00, 0x00, 0x00, 0x00, 0x00, 0x00,
    0x00, 0x00, 0x00, 0x00, 0x00, 0x00, 0x00, 0x00, 0x00, 0x00, 0x00, 0x00, 0x00, 0x00, 0x00, 0x00,
    0x00, 0x00, 0x00, 0x00, 0x00, 0x00, 0x00, 0x00, 0x00, 0x00, 0x00, 0x00, 0x00, 0x00, 0x00, 0x00,
    0x00, 0x00, 0x00, 0x00, 0x00, 0x00, 0x00, 0x00, 0x00, 0x00, 0x00, 0x00, 0x00, 0x00, 0x00, 0x87,
    0x00, 0x00, 0x00, 0x00, 0x00, 0x00, 0x00, 0x00, 0x00, 0x00, 0x00, 0x00, 0x00, 0x00, 0x00, 0x08,
    0xf7, 0x00, 0x00, 0x00, 0x00, 0x00, 0x00, 0x00, 0x00, 0x00, 0x00, 0x00, 0x00, 0x00, 0x00, 0x00,
    0x8f, 0x70, 0x00, 0x00, 0x00, 0x00, 0x00, 0x00, 0x00, 0x00, 0x00, 0x00, 0x00, 0x00, 0x00, 0x00,
    0x08, 0xf7, 0x00, 0x00, 0x00, 0x00, 0x00, 0x00, 0x00, 0x00, 0x00, 0x00, 0x00, 0x00, 0x00, 0x00,
    0x00, 0x8f, 0x70, 0x00, 0x00, 0x00, 0x00, 0x00, 0x00, 0x00, 0x00, 0x00, 0x00, 0x00, 0x00, 0x00,
    0x00, 0x08, 0xf7, 0x00, 0x00, 0x00, 0x00, 0x00, 0x00, 0x00, 0x00, 0x00, 0x00, 0x00, 0x00, 0x00,
    0x00, 0x00, 0x8f, 0x70, 0x00, 0x00, 0x00, 0x00, 0x00, 0x00, 0x00, 0x00, 0x00, 0x00, 0x00, 0x00,
    0x00, 0x00, 0x08, 0xf7, 0x00, 0x00, 0x00, 0x00, 0x00, 0x00, 0x00, 0x00, 0x00, 0x00, 0x00, 0x00,
    0x00, 0x00, 0x00, 0x8f, 0x70, 0x00, 0x00, 0x00, 0x00, 0x00, 0x00, 0x00, 0x00, 0x00, 0x00, 0x00,
    0x00, 0x00, 0x00, 0x08, 0xf7, 0x00, 0x00, 0x00, 0x00, 0x00, 0x00, 0x00, 0x00, 0x00, 0x00, 0x00,
    0x00, 0x00, 0x00, 0x00, 0x8f, 0x70, 0x00, 0x00, 0x00, 0x00, 0x00, 0x00, 0x00, 0x00, 0x00, 0x00,
    0x00, 0x00, 0x00, 0x00, 0x08, 0xf7, 0x00, 0x00, 0x00, 0x00, 0x00, 0x00, 0x00, 0x00, 0x00, 0x00,
    0x00, 0x00, 0x00, 0x00, 0x00, 0x8f, 0x70, 0x00, 0x00, 0x00, 0x00, 0x00, 0x00, 0x00, 0x00, 0x00,
    0x00, 0x00, 0x00, 0x00, 0x00, 0x08, 0xf7, 0x00, 0x00, 0x00, 0x00, 0x00, 0x00, 0x00, 0x00, 0x00,
    0x00, 0x00, 0x00, 0x00, 0x00, 0x00, 0x8f, 0x70, 0x00, 0x00, 0x00, 0x00, 0x00, 0x00, 0x00, 0x00,
    0x00, 0x00, 0x00, 0x00, 0x00, 0x00, 0x08, 0xf7, 0x00, 0x00, 0x00, 0x00, 0x00, 0x00, 0x00, 0x00,
    0x00, 0x00, 0x00, 0x00, 0x00, 0x00, 0x00, 0x8f, 0x70, 0x00, 0x00, 0x00, 0x00, 0x00, 0x00, 0x00,
    0x00, 0x00, 0x00, 0x00, 0x00, 0x00, 0x00, 0x08, 0xf7, 0x00, 0x00, 0x00, 0x00, 0x00, 0x00, 0x00,
    0x00, 0x00, 0x00, 0x00, 0x00, 0x00, 0x00, 0x00, 0x8f, 0x70, 0x00, 0x00, 0x00, 0x00, 0x00, 0x00,
    0x00, 0x00, 0x00, 0x00, 0x00, 0x00, 0x00, 0x00, 0x08, 0xf7, 0x00, 0x00, 0x00, 0x00, 0x00, 0x00,
    0x00, 0x00, 0x00, 0x00, 0x00, 0x00, 0x00, 0x00, 0x00, 0x8f, 0x70, 0x00, 0x00, 0x00, 0x00, 0x00,
    0x00, 0x00, 0x00, 0x00, 0x00, 0x00, 0x00, 0x00, 0x00, 0x08, 0xf7, 0x00, 0x00, 0x00, 0x00, 0x00,
    0x00, 0x00, 0x00, 0x00, 0x00, 0x00, 0x00, 0x00, 0x00, 0x00, 0x8f, 0x70, 0x00, 0x00, 0x00, 0x00,
    0x00, 0x00, 0x00, 0x00, 0x00, 0x00, 0x00, 0x00, 0x00, 0x00, 0x08, 0xf7, 0x00, 0x00, 0x00, 0x00,
    0x00, 0x00, 0x00, 0x00, 0x00, 0x00, 0x00, 0x00, 0x00, 0x00, 0x00, 0x8f, 0x70, 0x00, 0x00, 0x00,
    0x00, 0x00, 0x00, 0x00, 0x00, 0x00, 0x00, 0x00, 0x00, 0x00, 0x00, 0x08, 0xf7, 0x00, 0x00, 0x00,
    0x00, 0x00, 0x00, 0x00, 0x00, 0x00, 0x00, 0x00, 0x00, 0x00, 0x00, 0x00, 0x8f, 0x70, 0x00, 0x00,
    0x00, 0x00, 0x00, 0x00, 0x00, 0x00, 0x00, 0x00, 0x00, 0x00, 0x00, 0x00, 0x08, 0xf7, 0x00, 0x00,
    0x00, 0x00, 0x00, 0x00, 0x00, 0x00, 0x00, 0x00, 0x00, 0x00, 0x00, 0x00, 0x00, 0x8f, 0x70, 0x00,
    0x00, 0x00, 0x00, 0x00, 0x00, 0x00, 0x00, 0x00, 0x00, 0x00, 0x00, 0x00, 0x00, 0x00, 0x77, 0x00,
    0x00, 0x00, 0x00, 0x00, 0x00, 0x00, 0x00, 0x00, 0x00, 0x00, 0x00, 0x00, 0x00, 0x00, 0x00, 0x00,
    0x00, 0x00, 0x00, 0x00, 0x00, 0x00, 0x00, 0x00, 0x00, 0x00, 0x00, 0x00, 0x00, 0x00, 0x00, 0x00,
    0x00, 0x00, 0x00, 0x00, 0x00, 0x00, 0x00, 0x00, 0x00, 0x00, 0x00, 0x00, 0x00, 0x00, 0x00, 0x00,
    0x00, 0x00, 0x00, 0x00, 0x43, 0x00, 0x00, 0x00, 0x00, 0x00, 0x00, 0x00, 0x00, 0x00, 0x00, 0x00,
    0x00, 0x00, 0x00, 0x00, 0x1c, 0xff, 0xc1, 0x00, 0x00, 0x00, 0x00, 0x00, 0x00, 0x00, 0x00, 0x00,
    0x00, 0x00, 0x00, 0x00, 0x00, 0x8f, 0xff, 0xf7, 0x00, 0x00, 0x00, 0x00, 0x00, 0x00, 0x00, 0x00,
    0x00, 0x00, 0x00, 0x00, 0x00, 0x00, 0xaf, 0xff, 0xf9, 0x00, 0x00, 0x00, 0x00, 0x00, 0x00, 0x00,
    0x00, 0x00, 0x00, 0x00, 0x00, 0x00, 0x00, 0x6f, 0xff, 0xf5, 0x00, 0x00, 0x00, 0x00, 0x00, 0x00,
    0x00, 0x00, 0x00, 0x00, 0x00, 0x00, 0x00, 0x00, 0x08, 0xee, 0x70, 0x00, 0x00, 0x00, 0x00, 0x00,
    0x00, 0x00, 0x00, 0x00, 0x00, 0x00, 0x00, 0x00, 0x00, 0x00, 0x00, 0x00, 0x00, 0x00, 0x00, 0x00,
    0x00, 0x00, 0x00, 0x00, 0x00, 0x00, 0x00, 0x00, 0x00, 0x00, 0x00, 0x00, 0x00, 0x00, 0x00, 0x00,
    0x00, 0x00, 0x00, 0x00, 0x00, 0x00, 0x00, 0x00, 0x00, 0x00, 0x00, 0x00, 0x00, 0x00, 0x00, 0x00,
    0x00, 0x00, 0x00, 0x00, 0x00, 0x00, 0x00, 0x00, 0x00, 0x00, 0x00, 0x00, 0x00, 0x00, 0x00, 0x00,
    0x00, 0x00, 0x00, 0x00, 0x00, 0x00, 0x00, 0x00, 0x00, 0x00, 0x00, 0x00, 0x00, 0x00, 0x00, 0x00,
    0x00, 0x00, 0x00, 0x00, 0x00, 0x00, 0x00, 0x00, 0x00, 0x00, 0x00, 0x00, 0x00, 0x00, 0x00, 0x00,
    0x00, 0x00, 0x00, 0x00, 0x00, 0x00, 0x00, 0x00, 0x00, 0x00, 0x00, 0x00, 0x00, 0x00, 0x00, 0x00,
    0x00, 0x00, 0x00, 0x00, 0x00, 0x00, 0x00, 0x00, 0x00, 0x00, 0x00, 0x00, 0x00, 0x00, 0x00, 0x00,
    0x00, 0x00, 0x00, 0x00, 0x00, 0x00, 0x00, 0x00, 0x00, 0x00, 0x00, 0x00, 0x00, 0x00, 0x00, 0x00,
    0x00, 0x00, 0x00, 0x00, 0x00, 0x00, 0x00, 0x00, 0x00, 0x00, 0x00, 0x00, 0x00, 0x00, 0x00, 0x00,
    0x00, 0x00, 0x00, 0x00, 0x00, 0x00, 0x00, 0x00, 0x00, 0x00, 0x00, 0x00, 0x00, 0x00, 0x00, 0x00,
    0x00, 0x00, 0x00, 0x08, 0xee, 0x70, 0x00, 0x00, 0x00, 0x00, 0x00, 0x00, 0x00, 0x00, 0x00, 0x00,
    0x00, 0x00, 0x00, 0x00, 0x6f, 0xff, 0xf5, 0x00, 0x00, 0x00, 0x00, 0x00, 0x00, 0x00, 0x00, 0x00,
    0x00, 0x00, 0x00, 0x00, 0x00, 0xaf, 0xff, 0xf9, 0x00, 0x00, 0x00, 0x00, 0x00, 0x00, 0x00, 0x00,
    0x00, 0x00, 0x00, 0x00, 0x00, 0x00, 0x8f, 0xff, 0xf7, 0x00, 0x00, 0x00, 0x00, 0x00, 0x00, 0x00,
    0x00, 0x00, 0x00, 0x00, 0x00, 0x00, 0x00, 0x1d, 0xff, 0xc1, 0x00, 0x00, 0x00, 0x00, 0x00, 0x00,
    0x00, 0x00, 0x00, 0x00, 0x00, 0x00, 0x00, 0x00, 0x00, 0x44, 0x00, 0x00, 0x00, 0x00, 0x00, 0x00,
    0x00, 0x00, 0x00, 0x00, 0x00, 0x00, 0x00, 0x00, 0x00, 0x00, 0x00, 0x00, 0x00, 0x00, 0x00, 0x00,
    0x00, 0x00, 0x00, 0x00, 0x00, 0x00, 0x00,
};

const ui_font_t g_source_han_sans_cn_32 = {
    .glyphs = kGlyphs,
    .bitmap = kBitmap,
    .glyph_count = 288,
    .bitmap_size = 130935,
    .fallback_codepoint = 0x25a1,
    .pixel_size = 32,
    .ascent = 38,
    .descent = 10,
    .line_height = 48,
    .letter_spacing = 1,
};
